{
"type": "FeatureCollection",
"name": "lagoon_areas",
"crs": { "type": "name", "properties": { "name": "urn:ogc:def:crs:OGC:1.3:CRS84" } },
"xy_coordinate_resolution": 1e-15,
"features": [
{ "type": "Feature", "properties": { "objectid": 204, "lagoon_typ": "Lagoon", "lagoon_nam": null, "primary_in": null, "primary_ou": null, "length_in_": null, "width_in_k": null, "capacity_a": null, "area_in_sq": null, "depth_in_m": null, "hydro_area": 200075, "creation_m": "Digitalized from satellite images (geodatabase)", "year_of_cr": "2011", "revision_m": null, "year_of_re": null, "gfcode": "LGNNA", "descriptio": null, "st_area(sh": 0.0056766189473290004, "st_length(": 1.702192086275593 }, "geometry": { "type": "MultiPolygon", "coordinates": [ [ [ [ 80.583914853000067, 5.935188511000035 ], [ 80.583957114000043, 5.935320501000035 ], [ 80.584027147000029, 5.935492621000037 ], [ 80.584104147000062, 5.935654647000035 ], [ 80.584148387000084, 5.935733670000047 ], [ 80.584196893000069, 5.935812207000026 ], [ 80.584254681000061, 5.93589769700003 ], [ 80.584294234000083, 5.935949699000048 ], [ 80.584333392000076, 5.935993910000036 ], [ 80.584379009000031, 5.936036571000045 ], [ 80.584485763000032, 5.936116146000074 ], [ 80.584599748000073, 5.936184680000054 ], [ 80.584711703000039, 5.936237992000031 ], [ 80.584837707000077, 5.936282799000026 ], [ 80.584928540000078, 5.936307698000064 ], [ 80.585953692000032, 5.936546630000066 ], [ 80.586241968000081, 5.936560019000069 ], [ 80.586416985000085, 5.936546917000044 ], [ 80.586711927000067, 5.936540182000044 ], [ 80.587116902000048, 5.936446448000027 ], [ 80.587178704000053, 5.936421168000038 ], [ 80.587291957000048, 5.936365953000063 ], [ 80.58734538300007, 5.936331021000058 ], [ 80.587385193000046, 5.936297568000043 ], [ 80.587431535000064, 5.936245446000044 ], [ 80.58747285100003, 5.936187977000031 ], [ 80.587527348000037, 5.936092312000028 ], [ 80.58756887100003, 5.936008827000023 ], [ 80.587597473000073, 5.935940383000059 ], [ 80.587622746000079, 5.93586556200006 ], [ 80.587654359000055, 5.935757575000025 ], [ 80.587680962000036, 5.935648901000036 ], [ 80.587691310000082, 5.935596672000031 ], [ 80.587699060000034, 5.935530135000022 ], [ 80.587698939000063, 5.935486031000039 ], [ 80.587693576000049, 5.935439777000056 ], [ 80.587684007000064, 5.935404580000068 ], [ 80.587668786000052, 5.935370362000072 ], [ 80.587639772000045, 5.935326331000056 ], [ 80.587614444000053, 5.935296531000063 ], [ 80.587593522000077, 5.935278312000037 ], [ 80.587567444000058, 5.935264398000072 ], [ 80.587545564000038, 5.935257404000026 ], [ 80.587503492000053, 5.935250371000052 ], [ 80.58740976100006, 5.935242242000072 ], [ 80.587261483000077, 5.935241793000046 ], [ 80.587193694000064, 5.935248084000023 ], [ 80.587074707000056, 5.93526649000006 ], [ 80.586855347000039, 5.935314600000027 ], [ 80.586777081000037, 5.935328903000027 ], [ 80.586676245000035, 5.935341269000048 ], [ 80.586584133000031, 5.935343345000035 ], [ 80.586508706000075, 5.935335811000073 ], [ 80.586424631000057, 5.935315915000047 ], [ 80.586324435000051, 5.935281979000024 ], [ 80.586223465000046, 5.935239384000056 ], [ 80.586122222000085, 5.935188852000067 ], [ 80.586026738000044, 5.935134554000058 ], [ 80.585936455000081, 5.935076263000042 ], [ 80.585849791000044, 5.935012788000051 ], [ 80.585769776000063, 5.934946619000073 ], [ 80.585693840000033, 5.934875710000028 ], [ 80.585617875000082, 5.934795392000069 ], [ 80.585548555000059, 5.934713594000073 ], [ 80.58546786800008, 5.934601457000042 ], [ 80.585427783000057, 5.934534574000054 ], [ 80.585402184000031, 5.934482610000032 ], [ 80.585366008000051, 5.934372917000076 ], [ 80.585322984000072, 5.934187331000032 ], [ 80.585299427000052, 5.934122409000054 ], [ 80.585273174000065, 5.934064191000061 ], [ 80.585223390000067, 5.933967560000042 ], [ 80.58519651000006, 5.933923049000043 ], [ 80.58516009300007, 5.933877289000066 ], [ 80.585121336000043, 5.933843829000068 ], [ 80.585067518000074, 5.933816285000034 ], [ 80.584988720000069, 5.933793490000028 ], [ 80.584898978000069, 5.933775125000068 ], [ 80.584809012000051, 5.933765113000049 ], [ 80.584741597000061, 5.933763482000074 ], [ 80.584646340000063, 5.933767846000023 ], [ 80.584448989000066, 5.933794465000062 ], [ 80.584366223000075, 5.933800060000067 ], [ 80.584285816000033, 5.933798036000042 ], [ 80.584218347000046, 5.93378579900002 ], [ 80.584177598000053, 5.933772355000031 ], [ 80.58412454900008, 5.933748365000042 ], [ 80.584060057000045, 5.933712857000046 ], [ 80.583983515000057, 5.933662462000029 ], [ 80.583881772000041, 5.93362081500004 ], [ 80.583778423000069, 5.933569060000025 ], [ 80.583668924000051, 5.933503037000037 ], [ 80.583565294000039, 5.933427895000023 ], [ 80.583479178000061, 5.933354736000069 ], [ 80.58340049800006, 5.93327882400007 ], [ 80.583331144000056, 5.933202636000033 ], [ 80.583267454000065, 5.933121282000059 ], [ 80.583219092000036, 5.93304654800005 ], [ 80.583171505000053, 5.932959960000062 ], [ 80.583128695000084, 5.932867247000047 ], [ 80.583077832000072, 5.932742666000024 ], [ 80.583060747000047, 5.932684619000042 ], [ 80.583052537000071, 5.932643450000057 ], [ 80.583049733000053, 5.932594436000045 ], [ 80.583054028000049, 5.932558304000054 ], [ 80.583065257000044, 5.93252314800003 ], [ 80.583081382000046, 5.932498775000056 ], [ 80.583108168000081, 5.932474428000035 ], [ 80.583164835000048, 5.932439827000053 ], [ 80.583192928000074, 5.932407144000024 ], [ 80.58319668200005, 5.932388668000044 ], [ 80.583193680000079, 5.93235613500002 ], [ 80.583187001000056, 5.93232978900005 ], [ 80.583175828000037, 5.93230354700006 ], [ 80.583154022000031, 5.932270526000025 ], [ 80.58312016800005, 5.932238848000054 ], [ 80.583088678000081, 5.932216812000036 ], [ 80.582763042000067, 5.931806023000036 ], [ 80.582715686000085, 5.931732615000044 ], [ 80.58250862500006, 5.93150281800007 ], [ 80.582458710000083, 5.931447422000076 ], [ 80.582308499000078, 5.931318416000067 ], [ 80.582207004000054, 5.931171735000021 ], [ 80.582066334000046, 5.931333419000055 ], [ 80.582067133000066, 5.931334418000063 ], [ 80.582386410000083, 5.931590318000076 ], [ 80.582476771000074, 5.931839789000037 ], [ 80.582500904000085, 5.932096920000049 ], [ 80.582536836000031, 5.932617847000074 ], [ 80.582589047000056, 5.933125444000041 ], [ 80.582729848000042, 5.933485057000041 ], [ 80.582885790000034, 5.933721740000067 ], [ 80.58345274800007, 5.934302338000066 ], [ 80.583535041000061, 5.934387809000043 ], [ 80.583675166000035, 5.934512809000069 ], [ 80.583731562000082, 5.934573854000064 ], [ 80.58376252100004, 5.93461392200004 ], [ 80.583802201000083, 5.934685106000074 ], [ 80.583829441000034, 5.934758879000071 ], [ 80.583850616000063, 5.934844747000056 ], [ 80.583864582000047, 5.934918629000038 ], [ 80.583888814000034, 5.935077489000037 ], [ 80.583914853000067, 5.935188511000035 ] ] ], [ [ [ 80.483281800000043, 5.947233876000041 ], [ 80.483334273000082, 5.947230211000033 ], [ 80.48342690700008, 5.947233347000065 ], [ 80.483470884000042, 5.94722649800002 ], [ 80.483509795000032, 5.947212025000056 ], [ 80.483552689000078, 5.947188888000028 ], [ 80.483711768000035, 5.94707988600004 ], [ 80.483750070000042, 5.947048835000032 ], [ 80.483781645000079, 5.947018607000075 ], [ 80.483806822000076, 5.946989159000054 ], [ 80.483831431000056, 5.946953689000054 ], [ 80.48389684600005, 5.946839539000052 ], [ 80.483939889000055, 5.946754213000077 ], [ 80.484049902000038, 5.946508259000041 ], [ 80.484098324000058, 5.946389385000032 ], [ 80.484138106000046, 5.946263849000047 ], [ 80.484169206000047, 5.946098969000047 ], [ 80.48418343000003, 5.946040051000068 ], [ 80.484248225000044, 5.945852219000074 ], [ 80.484288328000048, 5.94572534200006 ], [ 80.484297925000078, 5.945677549000038 ], [ 80.484303999000076, 5.945622962000073 ], [ 80.484316356000079, 5.945355844000062 ], [ 80.484312791000036, 5.945316406000074 ], [ 80.484304483000074, 5.945273801000042 ], [ 80.484292272000062, 5.945232576000024 ], [ 80.484276025000042, 5.945191812000076 ], [ 80.484195243000045, 5.945184042000051 ], [ 80.484114825000063, 5.945171468000069 ], [ 80.484036815000081, 5.945154331000026 ], [ 80.483961008000051, 5.94513267800005 ], [ 80.483879497000032, 5.945103475000053 ], [ 80.483800548000033, 5.945068822000053 ], [ 80.483591725000053, 5.944953273000067 ], [ 80.483513266000045, 5.944916559000035 ], [ 80.483470247000071, 5.944902655000021 ], [ 80.48342307300004, 5.944892621000065 ], [ 80.483370554000032, 5.94488616700005 ], [ 80.483309333000079, 5.944882878000044 ], [ 80.483025936000047, 5.944878988000028 ], [ 80.482895123000048, 5.944880588000046 ], [ 80.482727346000047, 5.944889231000047 ], [ 80.48255718300004, 5.944905242000061 ], [ 80.482325329000048, 5.944938334000028 ], [ 80.482051763000072, 5.944992272000036 ], [ 80.481820484000082, 5.94502839200004 ], [ 80.481583965000084, 5.945076092000022 ], [ 80.481478964000075, 5.945093472000053 ], [ 80.481395234000047, 5.94510295200007 ], [ 80.481230081000035, 5.945113770000034 ], [ 80.481102620000058, 5.945116564000045 ], [ 80.48098398500008, 5.945112873000028 ], [ 80.48088543800003, 5.945098818000076 ], [ 80.480811695000057, 5.945075764000023 ], [ 80.480739800000038, 5.945045673000038 ], [ 80.480694975000063, 5.945018036000022 ], [ 80.480664009000066, 5.944983792000073 ], [ 80.480638823000049, 5.944941906000054 ], [ 80.480618622000065, 5.94488350000006 ], [ 80.480599047000055, 5.944802473000038 ], [ 80.480582361000074, 5.944693943000061 ], [ 80.48056953400004, 5.944648401000052 ], [ 80.480558730000041, 5.944622131000074 ], [ 80.480534111000054, 5.94458387800006 ], [ 80.480486781000081, 5.944529653000075 ], [ 80.480431, 5.944454850000056 ], [ 80.480393384000081, 5.944416256000068 ], [ 80.480349764000039, 5.944380547000037 ], [ 80.480279189000044, 5.944335475000059 ], [ 80.48019307800007, 5.94429298600005 ], [ 80.479914806000068, 5.944185722000043 ], [ 80.479724255000065, 5.944104886000048 ], [ 80.479613508000057, 5.944068246000029 ], [ 80.479566204000037, 5.944056771000021 ], [ 80.479519414000038, 5.944051866000052 ], [ 80.47946898500004, 5.944057247000046 ], [ 80.47940961300003, 5.944076261000021 ], [ 80.479354753000052, 5.94410507200007 ], [ 80.479309370000067, 5.944143814000029 ], [ 80.479263467000067, 5.944202174000054 ], [ 80.479242880000072, 5.944224116000044 ], [ 80.479168431000062, 5.944286770000076 ], [ 80.479119629000081, 5.944320727000047 ], [ 80.479062388000045, 5.944354593000071 ], [ 80.479013101000078, 5.944379291000075 ], [ 80.47896023900006, 5.944401164000055 ], [ 80.478868965000061, 5.944430262000026 ], [ 80.478763686000036, 5.944454170000029 ], [ 80.478661678000037, 5.944471233000058 ], [ 80.47842311900007, 5.944504748000043 ], [ 80.477904343000034, 5.944633478000071 ], [ 80.477425591000042, 5.94482765500004 ], [ 80.477161081000077, 5.945050802000026 ], [ 80.476975350000032, 5.945288942000047 ], [ 80.47635327900008, 5.946162206000054 ], [ 80.476241776000052, 5.946240371000044 ], [ 80.476200012000049, 5.946275847000038 ], [ 80.476161381000054, 5.946315274000028 ], [ 80.476083692000032, 5.946408507000058 ], [ 80.476012230000038, 5.946480166000072 ], [ 80.475978093000037, 5.946523402000025 ], [ 80.475947613000073, 5.946580510000047 ], [ 80.475894575000041, 5.946692032000044 ], [ 80.475825990000033, 5.946817992000035 ], [ 80.475776609000036, 5.946921492000058 ], [ 80.47574667300006, 5.946968042000037 ], [ 80.475716676000047, 5.947014517000071 ], [ 80.475698311000031, 5.947069672000055 ], [ 80.475710456000058, 5.947161559000051 ], [ 80.475754769000048, 5.947218199000076 ], [ 80.475799090000066, 5.947274920000041 ], [ 80.475903089000042, 5.947373007000067 ], [ 80.475924458000065, 5.947440392000033 ], [ 80.475951950000081, 5.947547662000034 ], [ 80.476003934000062, 5.947624288000043 ], [ 80.476075690000073, 5.947675658000037 ], [ 80.476122328000031, 5.947717649000026 ], [ 80.476169804000051, 5.947772319000023 ], [ 80.476265540000043, 5.947901494000064 ], [ 80.476310531000081, 5.94795577800005 ], [ 80.476435209000044, 5.948081729000023 ], [ 80.476531777000048, 5.948166554000068 ], [ 80.476619987000049, 5.948229033000075 ], [ 80.476724420000039, 5.948287874000073 ], [ 80.476846186000046, 5.948342687000036 ], [ 80.476956334000079, 5.948380850000035 ], [ 80.477166432000047, 5.948435872000061 ], [ 80.477494805000049, 5.948535031000063 ], [ 80.477645728000084, 5.948570525000036 ], [ 80.477722164000056, 5.948582430000044 ], [ 80.477798754000048, 5.948588608000023 ], [ 80.477889320000031, 5.948590272000047 ], [ 80.478166611000063, 5.948586694000028 ], [ 80.478249387000062, 5.948591570000076 ], [ 80.478345406000074, 5.948603671000058 ], [ 80.478480033000039, 5.948626414000046 ], [ 80.478618020000056, 5.948655973000029 ], [ 80.478810772000031, 5.948707048000074 ], [ 80.478969662000054, 5.948759015000064 ], [ 80.479035602000067, 5.948772943000051 ], [ 80.47910201600007, 5.948782282000025 ], [ 80.479162361000078, 5.948786465000069 ], [ 80.479233450000038, 5.948786612000049 ], [ 80.479279813000062, 5.948783567000021 ], [ 80.479318123000041, 5.948776727000052 ], [ 80.479382666000049, 5.948752653000042 ], [ 80.479531132000034, 5.948678554000026 ], [ 80.479598725000074, 5.94865678900004 ], [ 80.479714211000044, 5.948625019000076 ], [ 80.479821994000076, 5.948608248000028 ], [ 80.47987663300006, 5.948605667000038 ], [ 80.480005711000047, 5.948606877000032 ], [ 80.480039167000029, 5.948609606000048 ], [ 80.480066342000043, 5.948615798000048 ], [ 80.480091474000062, 5.948626079000064 ], [ 80.480117182000072, 5.948640802000057 ], [ 80.480170830000077, 5.948683882000068 ], [ 80.480219358000056, 5.948736093000036 ], [ 80.480268545000058, 5.948819177000075 ], [ 80.48029187000003, 5.948849434000067 ], [ 80.480350120000082, 5.948901877000026 ], [ 80.480412732000048, 5.948942919000046 ], [ 80.480464676000054, 5.948968512000022 ], [ 80.480547341000033, 5.949004040000034 ], [ 80.480673051000053, 5.949046432000046 ], [ 80.480739266000057, 5.949063232000071 ], [ 80.480800404000036, 5.949075145000052 ], [ 80.480936088000078, 5.949090014000035 ], [ 80.481078331000049, 5.949091975000044 ], [ 80.481231946000037, 5.949081957000033 ], [ 80.481373052000038, 5.949061554000025 ], [ 80.481506368000055, 5.949030657000037 ], [ 80.481642412000042, 5.948985501000038 ], [ 80.481766744000083, 5.948932121000041 ], [ 80.481861322000043, 5.948880114000076 ], [ 80.481985449000035, 5.948796448000053 ], [ 80.482041218000063, 5.948749634000023 ], [ 80.482080078000081, 5.948703625000064 ], [ 80.482109386000047, 5.948647826000069 ], [ 80.482131951000042, 5.948578894000036 ], [ 80.482143959000041, 5.948519583000063 ], [ 80.482147292000036, 5.948476946000028 ], [ 80.482138977000034, 5.948324633000027 ], [ 80.482140540000046, 5.948052806000021 ], [ 80.482147113000053, 5.947968078000031 ], [ 80.482159564000085, 5.947880308000038 ], [ 80.482181379000053, 5.947781205000069 ], [ 80.482210108000061, 5.947687649000045 ], [ 80.482279966000078, 5.947526271000072 ], [ 80.482315594000056, 5.947413786000027 ], [ 80.48232962700007, 5.94738721300007 ], [ 80.482347057000084, 5.947366164000073 ], [ 80.482385090000037, 5.947335614000053 ], [ 80.482437019000031, 5.947305929000038 ], [ 80.482479640000065, 5.947290811000073 ], [ 80.482530540000084, 5.947281287000067 ], [ 80.482591272000036, 5.947276577000025 ], [ 80.482770706000053, 5.947270790000061 ], [ 80.482860565000067, 5.94727346600007 ], [ 80.482959945000061, 5.947282589000054 ], [ 80.483005582000033, 5.947282299000051 ], [ 80.48307875900008, 5.947273318000043 ], [ 80.48322194900004, 5.947243514000036 ], [ 80.483281800000043, 5.947233876000041 ] ], [ [ 80.480813384000044, 5.947774702000061 ], [ 80.480677537000076, 5.947780055000067 ], [ 80.480511702000058, 5.947788108000054 ], [ 80.480345947000046, 5.947817954000072 ], [ 80.480174693000038, 5.94782609300006 ], [ 80.479978963000065, 5.947831417000032 ], [ 80.479818659000045, 5.947801398000024 ], [ 80.479644695000047, 5.947809445000075 ], [ 80.47952237800007, 5.947850256000038 ], [ 80.479402778000065, 5.947877323000057 ], [ 80.479242466000073, 5.947860960000071 ], [ 80.479101144000083, 5.947801018000064 ], [ 80.478987008000047, 5.947743804000027 ], [ 80.478919124000072, 5.94767304800007 ], [ 80.478908330000081, 5.947417203000043 ], [ 80.478911079000056, 5.947343771000021 ], [ 80.47894382000004, 5.947256701000072 ], [ 80.47904171600004, 5.947112511000057 ], [ 80.479123352000045, 5.946968311000035 ], [ 80.479210382000076, 5.946873130000029 ], [ 80.479300110000054, 5.946799655000063 ], [ 80.479408801000034, 5.946731706000037 ], [ 80.479465910000044, 5.946685433000027 ], [ 80.47957738100007, 5.946655558000032 ], [ 80.479669774000058, 5.946666549000042 ], [ 80.479781225000067, 5.946677461000036 ], [ 80.480025793000038, 5.946721180000054 ], [ 80.480161708000082, 5.946756611000069 ], [ 80.480226910000056, 5.946772924000072 ], [ 80.480292090000034, 5.946835539000062 ], [ 80.480398023000078, 5.946862815000031 ], [ 80.480501349000065, 5.946865651000053 ], [ 80.480629066000063, 5.946860224000034 ], [ 80.480718768000031, 5.94683576400007 ], [ 80.480803050000077, 5.94681139100004 ], [ 80.480903565000062, 5.946835861000068 ], [ 80.481023140000048, 5.946857718000047 ], [ 80.481259469000065, 5.946980290000056 ], [ 80.481346484000085, 5.947040204000075 ], [ 80.481411728000069, 5.947154547000025 ], [ 80.481441578000045, 5.947241650000024 ], [ 80.481441521000079, 5.947350533000076 ], [ 80.481414245000053, 5.947521983000058 ], [ 80.481365252000046, 5.94759539000006 ], [ 80.481294590000061, 5.947652507000043 ], [ 80.481172188000073, 5.94768509000005 ], [ 80.480987361000075, 5.947739434000027 ], [ 80.480813384000044, 5.947774702000061 ] ] ], [ [ [ 80.741564414000038, 5.993617972000038 ], [ 80.74151222900008, 5.993516120000038 ], [ 80.741477343000042, 5.993459519000055 ], [ 80.741440487000034, 5.993407767000065 ], [ 80.741397714000072, 5.993355597000061 ], [ 80.741347225000084, 5.993300778000048 ], [ 80.741092434000052, 5.99305772200006 ], [ 80.741041538000047, 5.993014449000043 ], [ 80.740995295000062, 5.992981554000039 ], [ 80.740939346000062, 5.99295191300007 ], [ 80.740877330000046, 5.992932705000044 ], [ 80.740814128000068, 5.992921950000039 ], [ 80.74066386100003, 5.992905403000066 ], [ 80.740594836000071, 5.992891417000067 ], [ 80.740502690000085, 5.99286059700006 ], [ 80.740397863000055, 5.992817348000074 ], [ 80.740200531000085, 5.992725267000026 ], [ 80.74007154700007, 5.992672342000049 ], [ 80.740018643000042, 5.992643876000045 ], [ 80.73998593400006, 5.992618585000059 ], [ 80.739958154000078, 5.992587436000065 ], [ 80.739933138000083, 5.992548218000024 ], [ 80.739910962000067, 5.992500735000021 ], [ 80.739884591000077, 5.992421919000037 ], [ 80.739853270000083, 5.992296794000026 ], [ 80.739843141000051, 5.992244796000023 ], [ 80.739836167000078, 5.992186738000044 ], [ 80.739818934000084, 5.991796125000064 ], [ 80.73980341500004, 5.991302801000074 ], [ 80.739770793000048, 5.99086881900007 ], [ 80.739747193000085, 5.990662688000043 ], [ 80.739730661000067, 5.990566106000074 ], [ 80.739710922000086, 5.990476935000061 ], [ 80.739690942000038, 5.990404401000035 ], [ 80.739653886000042, 5.990288662000069 ], [ 80.739625885000066, 5.99020729800003 ], [ 80.739599994000059, 5.990142895000076 ], [ 80.739572931000055, 5.990087321000033 ], [ 80.739544004000038, 5.990039354000032 ], [ 80.739498597000079, 5.989982991000034 ], [ 80.739438771000039, 5.989928685000052 ], [ 80.739369178000061, 5.989878373000067 ], [ 80.739210988000082, 5.989778439000077 ], [ 80.739144572000043, 5.989732545000038 ], [ 80.739089702000058, 5.989688021000063 ], [ 80.738971863000074, 5.98958221700002 ], [ 80.738918279000075, 5.98954014100002 ], [ 80.73887409200006, 5.989511896000067 ], [ 80.738818983000044, 5.989483508000035 ], [ 80.738760238000054, 5.989458803000048 ], [ 80.738696187000073, 5.989436867000052 ], [ 80.738601245000041, 5.989411563000033 ], [ 80.738494092000053, 5.989390506000063 ], [ 80.738396162000072, 5.989376897000056 ], [ 80.738296632000072, 5.98936986800004 ], [ 80.73820435500005, 5.989369062000037 ], [ 80.738119545000075, 5.989373398000055 ], [ 80.738050213000065, 5.989383588000067 ], [ 80.737842424000064, 5.989424434000057 ], [ 80.737769340000057, 5.989430761000051 ], [ 80.737676892000081, 5.989432926000063 ], [ 80.737447922000058, 5.989426367000021 ], [ 80.737248691000048, 5.989413970000044 ], [ 80.737069287000054, 5.989395074000072 ], [ 80.736904528000082, 5.989369133000025 ], [ 80.736757943000043, 5.98933729700002 ], [ 80.736614350000082, 5.989296682000031 ], [ 80.736460689000069, 5.989245127000061 ], [ 80.736328426000057, 5.989191500000061 ], [ 80.736216049000063, 5.989135825000062 ], [ 80.736081133000084, 5.98905717100007 ], [ 80.735975100000076, 5.988985003000039 ], [ 80.73588382500003, 5.988911345000076 ], [ 80.735799161000045, 5.988827461000028 ], [ 80.735723293000035, 5.988731765000068 ], [ 80.735647572000062, 5.98861400100003 ], [ 80.735563367000054, 5.988460178000025 ], [ 80.735499866000055, 5.988328123000031 ], [ 80.735450971000034, 5.988205293000021 ], [ 80.735408544000052, 5.988069041000074 ], [ 80.735376992000056, 5.987931955000022 ], [ 80.735359922000043, 5.987822729000072 ], [ 80.735350643000061, 5.987716785000032 ], [ 80.73535021400005, 5.987622371000043 ], [ 80.735357452000073, 5.987515951000034 ], [ 80.735400413000036, 5.987194335000027 ], [ 80.735417687000052, 5.987110910000069 ], [ 80.735477994000064, 5.986864773000036 ], [ 80.73549054800003, 5.98678665500006 ], [ 80.73549537100007, 5.986716454000032 ], [ 80.735494954000046, 5.986537732000045 ], [ 80.735491456000034, 5.986495413000057 ], [ 80.735484688000042, 5.986460577000059 ], [ 80.73547264900003, 5.986428234000073 ], [ 80.735455746000071, 5.986403062000022 ], [ 80.735433244000035, 5.986384045000023 ], [ 80.735401866000075, 5.986367912000048 ], [ 80.735360727000057, 5.986353855000061 ], [ 80.735177469000064, 5.986302545000058 ], [ 80.734904820000054, 5.986250569000049 ], [ 80.734801202000085, 5.98622522200003 ], [ 80.734701552000047, 5.986190351000062 ], [ 80.734471056000075, 5.986094768000044 ], [ 80.734410549000074, 5.986074099000064 ], [ 80.734355018000031, 5.986059110000042 ], [ 80.734311180000077, 5.986051001000021 ], [ 80.734264137000082, 5.986047964000022 ], [ 80.734058456000071, 5.986054414000023 ], [ 80.734016018000034, 5.986049962000038 ], [ 80.733979744000067, 5.986040901000024 ], [ 80.733940957000073, 5.986022400000024 ], [ 80.733909206000078, 5.985994539000046 ], [ 80.73388170100003, 5.985959276000074 ], [ 80.733822030000056, 5.985868785000036 ], [ 80.733790031000069, 5.985831875000031 ], [ 80.733759097000075, 5.985809966000033 ], [ 80.73371157400004, 5.985792331000027 ], [ 80.733674349000069, 5.985784891000037 ], [ 80.733633284000064, 5.98578109500005 ], [ 80.733541822000063, 5.985784570000021 ], [ 80.733491082000057, 5.985792177000064 ], [ 80.733440689000076, 5.985803432000068 ], [ 80.733399205000069, 5.985815916000035 ], [ 80.733360750000031, 5.985831897000025 ], [ 80.73330850800005, 5.985860674000037 ], [ 80.733255692000057, 5.98589769900002 ], [ 80.733202923000078, 5.985942546000047 ], [ 80.733151209000084, 5.985994361000053 ], [ 80.733099730000049, 5.986054512000067 ], [ 80.73305332700005, 5.986117885000056 ], [ 80.733025801000053, 5.986165619000076 ], [ 80.733002436000049, 5.986219347000031 ], [ 80.73297524600008, 5.986309614000049 ], [ 80.732954513000038, 5.986419824000052 ], [ 80.732924943000057, 5.986668653000038 ], [ 80.73290439200008, 5.986811084000067 ], [ 80.732882879000044, 5.987034461000064 ], [ 80.732868642000085, 5.987123796000049 ], [ 80.732846088000031, 5.987210912000023 ], [ 80.732812841000055, 5.987314226000024 ], [ 80.732780465000076, 5.987396898000043 ], [ 80.732745478000083, 5.987470045000066 ], [ 80.732703336000043, 5.987540802000069 ], [ 80.732636369000033, 5.987632696000048 ], [ 80.732578176000061, 5.987700241000027 ], [ 80.73252171300004, 5.98775325400004 ], [ 80.732470682000042, 5.987789749000058 ], [ 80.732420214000058, 5.98781464800004 ], [ 80.732362008000052, 5.987831572000061 ], [ 80.732295589000046, 5.987840568000024 ], [ 80.732239040000081, 5.987842092000051 ], [ 80.732177638000053, 5.987838944000032 ], [ 80.73211133500007, 5.987831122000046 ], [ 80.732039840000084, 5.987818594000032 ], [ 80.731960527000069, 5.987800724000067 ], [ 80.731895525000084, 5.987782364000054 ], [ 80.731839326000056, 5.987761869000053 ], [ 80.73179331800003, 5.987739728000065 ], [ 80.731743043000051, 5.987704139000073 ], [ 80.731693309000036, 5.987655017000066 ], [ 80.731649933000085, 5.987601778000055 ], [ 80.731549367000071, 5.987465625000027 ], [ 80.731493013000033, 5.987401930000033 ], [ 80.731367637000062, 5.987292419000028 ], [ 80.731232723000062, 5.987188381000067 ], [ 80.73107225900003, 5.987080923000065 ], [ 80.730991322000079, 5.987033119000046 ], [ 80.73091038900003, 5.986989549000043 ], [ 80.730821172000049, 5.986946013000022 ], [ 80.730729785000051, 5.98690558800007 ], [ 80.73063686200004, 5.986868554000068 ], [ 80.730542963000062, 5.986835137000071 ], [ 80.730374396000059, 5.986785001000044 ], [ 80.730207164000035, 5.986747831000059 ], [ 80.730043637000051, 5.986724149000054 ], [ 80.72988560500005, 5.98671420900007 ], [ 80.729806860000053, 5.986714488000075 ], [ 80.729711547000079, 5.986718947000043 ], [ 80.729532267000081, 5.98673735400007 ], [ 80.729366923000043, 5.986767546000067 ], [ 80.729289294000068, 5.986786972000061 ], [ 80.729215389000046, 5.986809195000035 ], [ 80.729127795000068, 5.986841122000044 ], [ 80.729046768000046, 5.986877291000042 ], [ 80.728985112000032, 5.986911018000058 ], [ 80.72892452800005, 5.986952462000033 ], [ 80.728869012000075, 5.986997528000074 ], [ 80.728810201000044, 5.987051822000069 ], [ 80.728579610000054, 5.987293037000029 ], [ 80.728551333000041, 5.987319213000035 ], [ 80.728473597000061, 5.987391166000066 ], [ 80.728235570000038, 5.987580123000043 ], [ 80.72814397500008, 5.987648592000028 ], [ 80.72804356000006, 5.987713517000032 ], [ 80.727950214000032, 5.98776096000006 ], [ 80.727888070000063, 5.987784546000057 ], [ 80.727824887000054, 5.987801718000071 ], [ 80.727752644000077, 5.987814746000026 ], [ 80.727668896000068, 5.987823896000066 ], [ 80.727432349000082, 5.987836152000057 ], [ 80.727254533000064, 5.987836701000049 ], [ 80.727126595000072, 5.987833016000025 ], [ 80.726978934000044, 5.987813386000028 ], [ 80.72691885100005, 5.987810616000047 ], [ 80.726885350000032, 5.987814094000043 ], [ 80.726856143000077, 5.987822061000031 ], [ 80.726827563000029, 5.987835662000066 ], [ 80.726799683000081, 5.987854964000064 ], [ 80.726758284000084, 5.98789531500006 ], [ 80.726715563000084, 5.98795132500004 ], [ 80.726615122000055, 5.988113091000059 ], [ 80.726533004000032, 5.988234137000063 ], [ 80.726480378000076, 5.988322425000035 ], [ 80.726431791000039, 5.988413518000073 ], [ 80.726381705000051, 5.98851675100002 ], [ 80.726204843000062, 5.988918745000035 ], [ 80.726201690000039, 5.988925334000044 ], [ 80.726125138000043, 5.98908529800002 ], [ 80.726063558000078, 5.989195339000048 ], [ 80.725959017000037, 5.989341137000054 ], [ 80.725925275000066, 5.98939247900006 ], [ 80.725898164000057, 5.989443289000064 ], [ 80.72588065900004, 5.989490336000074 ], [ 80.725871454000071, 5.989541961000043 ], [ 80.725871618000042, 5.98960198900005 ], [ 80.725881170000036, 5.98966824300004 ], [ 80.725900247000084, 5.989742506000027 ], [ 80.725931565000053, 5.989832883000076 ], [ 80.725974148000034, 5.989936134000061 ], [ 80.726012179000065, 5.990007736000052 ], [ 80.726060976000042, 5.99008363400003 ], [ 80.726120150000042, 5.990164112000059 ], [ 80.726201565000054, 5.990266347000045 ], [ 80.726247239000031, 5.990323701000023 ], [ 80.726378358000034, 5.990495230000022 ], [ 80.726432384000077, 5.990559715000074 ], [ 80.726482252000039, 5.990612068000075 ], [ 80.726543785000047, 5.990665483000043 ], [ 80.726605197000083, 5.99070586800002 ], [ 80.726681648000067, 5.990740763000076 ], [ 80.726767367000036, 5.990769826000076 ], [ 80.72685124000003, 5.990788907000024 ], [ 80.726929867000081, 5.99079718400003 ], [ 80.72700025000006, 5.990794570000048 ], [ 80.727066411000067, 5.990780853000047 ], [ 80.72714479900003, 5.990751529000022 ], [ 80.727225096000041, 5.990708629000039 ], [ 80.727301328000067, 5.990655580000066 ], [ 80.727366652000057, 5.990596597000035 ], [ 80.727414643000031, 5.990543140000057 ], [ 80.72745812200003, 5.990485341000067 ], [ 80.727481455000031, 5.990446618000021 ], [ 80.727499485000067, 5.990402928000037 ], [ 80.727511900000081, 5.990357877000065 ], [ 80.727521297000067, 5.990305318000026 ], [ 80.727538840000079, 5.990123570000037 ], [ 80.727548262000084, 5.99005780400006 ], [ 80.727563718000056, 5.989996189000067 ], [ 80.72758531900007, 5.989944868000066 ], [ 80.727642161000063, 5.989859414000023 ], [ 80.72771324100006, 5.989775970000039 ], [ 80.727791563000039, 5.989702779000027 ], [ 80.727873464000083, 5.989643067000031 ], [ 80.727941754000085, 5.989605644000051 ], [ 80.728015145000029, 5.989577944000075 ], [ 80.728102714000045, 5.989556327000059 ], [ 80.728208506000044, 5.989540095000052 ], [ 80.72835208500004, 5.989526259000058 ], [ 80.728457279000054, 5.989523009000038 ], [ 80.728551158000073, 5.989526906000037 ], [ 80.72858087000003, 5.989528140000061 ], [ 80.728713411000058, 5.989542460000052 ], [ 80.728839357000084, 5.989562900000067 ], [ 80.72895494200003, 5.989587118000031 ], [ 80.729066716000034, 5.989617511000063 ], [ 80.729185613000084, 5.98965649400003 ], [ 80.729333591000056, 5.989712596000061 ], [ 80.72950428200005, 5.989784628000052 ], [ 80.729642673000058, 5.989849296000045 ], [ 80.729768160000049, 5.989914878000036 ], [ 80.72985660300003, 5.989966312000035 ], [ 80.72992718900008, 5.990013099000066 ], [ 80.730199130000074, 5.990221765000058 ], [ 80.730319443000042, 5.990303238000024 ], [ 80.73046609000005, 5.990385296000056 ], [ 80.730659110000033, 5.990481984000041 ], [ 80.730811310000036, 5.990558225000029 ], [ 80.730893410000078, 5.990604236000024 ], [ 80.73096558900005, 5.99064917100003 ], [ 80.731030402000044, 5.990694713000039 ], [ 80.731094036000059, 5.99074620500005 ], [ 80.731334532000062, 5.990970410000045 ], [ 80.731442031000086, 5.991058383000052 ], [ 80.731507972000031, 5.991102191000039 ], [ 80.731603798000037, 5.991157732000033 ], [ 80.731695995000052, 5.99120536700002 ], [ 80.731790382000042, 5.991248737000035 ], [ 80.731920454000033, 5.991300085000034 ], [ 80.732051235000085, 5.991342187000043 ], [ 80.732181193000031, 5.991374532000066 ], [ 80.732307914000046, 5.991396525000027 ], [ 80.732377303000078, 5.991401755000027 ], [ 80.732455493000032, 5.991401071000041 ], [ 80.732737201000077, 5.991376659000025 ], [ 80.732848974000035, 5.991373258000067 ], [ 80.732950851000055, 5.99138205600002 ], [ 80.733105480000063, 5.991412775000072 ], [ 80.733195714000033, 5.991437243000064 ], [ 80.733285066000064, 5.991466397000067 ], [ 80.733373536000045, 5.991500237000025 ], [ 80.733461123000041, 5.99153876400004 ], [ 80.733547828000042, 5.99158197600002 ], [ 80.733633650000058, 5.991629876000047 ], [ 80.73371859000008, 5.99168246000005 ], [ 80.733802647000061, 5.991739732000042 ], [ 80.733846573000051, 5.991830472000061 ], [ 80.733880515000067, 5.99192269200006 ], [ 80.733903329000043, 5.992013776000022 ], [ 80.73391545800007, 5.992105025000058 ], [ 80.733916685000054, 5.992185580000069 ], [ 80.733908562000067, 5.992256703000066 ], [ 80.73388886500004, 5.992337142000054 ], [ 80.733854782000037, 5.992432730000075 ], [ 80.733749748000037, 5.992665455000065 ], [ 80.733707392000042, 5.992744631000051 ], [ 80.733665459000065, 5.992813534000049 ], [ 80.733586832000071, 5.992929067000034 ], [ 80.733457256000065, 5.993103718000043 ], [ 80.733376814000053, 5.993218414000069 ], [ 80.733312349000073, 5.99332135100002 ], [ 80.73322173300005, 5.99347781900002 ], [ 80.733157, 5.99357795100002 ], [ 80.733080943000061, 5.993674559000056 ], [ 80.73297460200007, 5.993788065000047 ], [ 80.732893130000036, 5.993863808000071 ], [ 80.732808264000084, 5.993933986000059 ], [ 80.73272587200006, 5.993994484000041 ], [ 80.732646068000065, 5.994043717000068 ], [ 80.732576749000032, 5.994079434000071 ], [ 80.732487015000061, 5.99411968000004 ], [ 80.73225375700008, 5.994210750000036 ], [ 80.732085654000059, 5.994282208000072 ], [ 80.73198534900007, 5.99431336300006 ], [ 80.731890056000054, 5.994336322000038 ], [ 80.731791393000037, 5.994353703000058 ], [ 80.731698816000062, 5.994363215000021 ], [ 80.731628840000042, 5.994365205000065 ], [ 80.731562353000072, 5.994362223000053 ], [ 80.731423002000042, 5.994337635000022 ], [ 80.731350815000042, 5.994331844000044 ], [ 80.731269495000049, 5.994330658000024 ], [ 80.731204352000077, 5.994337251000047 ], [ 80.731165473000033, 5.99434657200004 ], [ 80.731094395000071, 5.994371177000062 ], [ 80.731053897000038, 5.994388643000036 ], [ 80.731026317000044, 5.994405270000073 ], [ 80.731011850000073, 5.994420054000045 ], [ 80.731007585000043, 5.994434510000076 ], [ 80.731013547000032, 5.994450405000066 ], [ 80.731030098000076, 5.99447043400005 ], [ 80.73111177100003, 5.99454395600003 ], [ 80.731161578000069, 5.99458313100007 ], [ 80.731227434000061, 5.994626348000054 ], [ 80.73129995100004, 5.994665612000063 ], [ 80.731368269000029, 5.994696151000028 ], [ 80.731438620000063, 5.994720344000029 ], [ 80.73152527600007, 5.994743020000044 ], [ 80.731627445000072, 5.994763876000036 ], [ 80.731694466000079, 5.994771779000075 ], [ 80.731768956000053, 5.994775306000065 ], [ 80.732092249000061, 5.994767310000043 ], [ 80.732163707000041, 5.994768932000056 ], [ 80.732246638000049, 5.99477495800005 ], [ 80.732316672000081, 5.994782952000037 ], [ 80.732517247000033, 5.994813510000029 ], [ 80.732919637000066, 5.994857554000021 ], [ 80.733408762000067, 5.994923956000036 ], [ 80.733642902000042, 5.994950944000038 ], [ 80.733863896000059, 5.99497298700004 ], [ 80.734053660000029, 5.994988439000053 ], [ 80.734267593000084, 5.995000956000069 ], [ 80.734393871000066, 5.995003801000053 ], [ 80.734501426000065, 5.995001672000058 ], [ 80.734603901000071, 5.994994775000066 ], [ 80.734699817000035, 5.99498313600003 ], [ 80.734785441000042, 5.994967364000047 ], [ 80.734961014000078, 5.994921362000071 ], [ 80.735252076000052, 5.994827471000065 ], [ 80.735497574000078, 5.994760636000024 ], [ 80.73577288000007, 5.994696351000073 ], [ 80.735935717000075, 5.994661305000022 ], [ 80.736104570000066, 5.99462943900005 ], [ 80.736258030000045, 5.994605644000046 ], [ 80.73641341900003, 5.994588099000055 ], [ 80.736581338000065, 5.99457873800003 ], [ 80.736775467000029, 5.994575992000023 ], [ 80.737086916000067, 5.994577710000044 ], [ 80.737315717000058, 5.994571281000049 ], [ 80.737405566000064, 5.994563351000068 ], [ 80.737514976000057, 5.994549189000054 ], [ 80.73776938900005, 5.994500952000067 ], [ 80.737932108000052, 5.994477602000075 ], [ 80.738006861000031, 5.99447232700004 ], [ 80.738072758000044, 5.994472134000034 ], [ 80.738126219000037, 5.994475675000047 ], [ 80.738207081000041, 5.994486067000025 ], [ 80.738323661000038, 5.994507863000024 ], [ 80.738384143000076, 5.99452472400003 ], [ 80.738434833000042, 5.994546426000056 ], [ 80.738491109000051, 5.994582168000022 ], [ 80.738558724000029, 5.994640739000033 ], [ 80.738612724000063, 5.994703837000031 ], [ 80.73863368700006, 5.994736173000035 ], [ 80.738649043000066, 5.994766416000061 ], [ 80.738659506000033, 5.994795189000058 ], [ 80.73866552800007, 5.994824017000042 ], [ 80.738667109000062, 5.994855494000035 ], [ 80.738664324000069, 5.994890609000038 ], [ 80.738646857000049, 5.994965132000061 ], [ 80.738615761000062, 5.995043309000039 ], [ 80.738592384000071, 5.995090636000043 ], [ 80.738573331000055, 5.995120840000027 ], [ 80.738538954000035, 5.995158627000023 ], [ 80.738496952000048, 5.995189621000065 ], [ 80.738437561000069, 5.99522300700005 ], [ 80.738328680000052, 5.995276969000031 ], [ 80.738288644000079, 5.99530130900007 ], [ 80.738257838000038, 5.99532500600003 ], [ 80.738232817000039, 5.995351449000054 ], [ 80.738213226000084, 5.99538344900003 ], [ 80.738195635000068, 5.995426800000075 ], [ 80.738182570000049, 5.995473651000054 ], [ 80.738168973000029, 5.995563089000029 ], [ 80.738166775000082, 5.995653415000049 ], [ 80.738175347000038, 5.995740562000037 ], [ 80.738183698000057, 5.995780073000049 ], [ 80.738195277000045, 5.995816196000021 ], [ 80.738208185000076, 5.995842678000031 ], [ 80.738224719000073, 5.995867627000052 ], [ 80.738268054000059, 5.995912978000035 ], [ 80.73832690200004, 5.995954210000036 ], [ 80.738393813000073, 5.995987681000031 ], [ 80.738457011000037, 5.996011947000056 ], [ 80.738524828000038, 5.996032815000035 ], [ 80.73868675600005, 5.99606932100005 ], [ 80.738965414000063, 5.996112360000041 ], [ 80.739164302000063, 5.996131207000076 ], [ 80.739249677000032, 5.996132517000035 ], [ 80.739397239000084, 5.99612952800004 ], [ 80.739610976000051, 5.996117553000033 ], [ 80.739836827000033, 5.996090956000046 ], [ 80.740132706000054, 5.996040207000021 ], [ 80.740319477000071, 5.99601407800003 ], [ 80.740514717000053, 5.996000842000058 ], [ 80.740721993000079, 5.995998068000063 ], [ 80.740882025000076, 5.996001447000026 ], [ 80.741042352000079, 5.996009396000034 ], [ 80.741207312000085, 5.996022063000055 ], [ 80.741371577000052, 5.996038984000052 ], [ 80.74153053200007, 5.996059688000059 ], [ 80.741689059000066, 5.996084712000027 ], [ 80.741847159000031, 5.996114057000057 ], [ 80.742004827000073, 5.996147722000046 ], [ 80.742027676000077, 5.996029881000027 ], [ 80.742046195000057, 5.995911626000066 ], [ 80.742077191000078, 5.995623618000025 ], [ 80.742082096000047, 5.995547702000067 ], [ 80.742082744000072, 5.99548250600003 ], [ 80.742079189000037, 5.995423437000056 ], [ 80.742071258000067, 5.995368356000029 ], [ 80.742056733000084, 5.995305445000042 ], [ 80.742035322000049, 5.995235845000025 ], [ 80.741952492000053, 5.995018695000056 ], [ 80.74191180300005, 5.994931185000041 ], [ 80.741797639000083, 5.994713293000075 ], [ 80.741769681000051, 5.994649412000058 ], [ 80.741749083000059, 5.994590601000027 ], [ 80.741733058000079, 5.994524439000031 ], [ 80.741722677000041, 5.994449511000028 ], [ 80.741717474000041, 5.994369136000046 ], [ 80.741710546000036, 5.994140272000038 ], [ 80.741703695000069, 5.994070566000062 ], [ 80.741692962000059, 5.994009210000058 ], [ 80.741654168000082, 5.993862885000055 ], [ 80.741611481000064, 5.993732927000053 ], [ 80.741564414000038, 5.993617972000038 ] ] ], [ [ [ 80.820565447000035, 6.043182262000073 ], [ 80.820532292000053, 6.04319995000003 ], [ 80.820510418000083, 6.043207753000047 ], [ 80.820487821000086, 6.043211937000024 ], [ 80.820460620000063, 6.043213903000037 ], [ 80.82043346100005, 6.043213005000041 ], [ 80.820398315000034, 6.043207331000076 ], [ 80.820370978000085, 6.043197924000026 ], [ 80.820346959000062, 6.04318336700004 ], [ 80.820319798000071, 6.043160356000044 ], [ 80.820267515000069, 6.043109495000067 ], [ 80.82018602100004, 6.043039019000048 ], [ 80.820132335000039, 6.042988856000022 ], [ 80.820078703000036, 6.042932423000025 ], [ 80.819983502000071, 6.042821067000034 ], [ 80.819914612000048, 6.042748312000072 ], [ 80.819817998000076, 6.042653137000059 ], [ 80.819766008000045, 6.042605880000053 ], [ 80.819721110000046, 6.042567704000021 ], [ 80.81964195300003, 6.042506644000071 ], [ 80.819553628000051, 6.042445592000036 ], [ 80.819458096000062, 6.042385378000063 ], [ 80.819325181000067, 6.042307297000036 ], [ 80.819164338000064, 6.042217218000076 ], [ 80.819003931000054, 6.042134435000037 ], [ 80.818885188000081, 6.042078684000046 ], [ 80.818850747000056, 6.042062513000076 ], [ 80.818624242000055, 6.041961314000048 ], [ 80.818578900000034, 6.041940389000047 ], [ 80.818480770000065, 6.041895100000033 ], [ 80.818333347000078, 6.041822825000054 ], [ 80.818129280000051, 6.041718909000053 ], [ 80.818031124000072, 6.041670504000024 ], [ 80.817904443000032, 6.041610364000064 ], [ 80.817772127000069, 6.041550925000024 ], [ 80.81760201700007, 6.041479551000066 ], [ 80.81755763600006, 6.041463133000036 ], [ 80.817517664000036, 6.041450367000039 ], [ 80.817478407000067, 6.041440032000025 ], [ 80.817449059000069, 6.041434196000068 ], [ 80.81741396700005, 6.041430050000031 ], [ 80.817356821000033, 6.041425844000059 ], [ 80.817316136000045, 6.041419786000063 ], [ 80.817254480000031, 6.041402025000025 ], [ 80.817220496000061, 6.041388934000054 ], [ 80.81719750600007, 6.041376190000051 ], [ 80.817182068000079, 6.041363619000037 ], [ 80.817170712000063, 6.041350288000046 ], [ 80.817154473000073, 6.041323836000061 ], [ 80.817141767000066, 6.041308919000073 ], [ 80.817125926000074, 6.041298349000044 ], [ 80.817106913000032, 6.041290643000025 ], [ 80.817081665000046, 6.041284655000027 ], [ 80.817046843000071, 6.041280223000058 ], [ 80.817020612000078, 6.041278436000027 ], [ 80.816993566000065, 6.041278981000062 ], [ 80.816950854000083, 6.041285124000069 ], [ 80.816879117000042, 6.041299944000059 ], [ 80.816804542000057, 6.041312636000043 ], [ 80.816605534000075, 6.041341812000042 ], [ 80.816530452000052, 6.041351088000056 ], [ 80.816465082000036, 6.041356699000062 ], [ 80.816402396000058, 6.041359185000033 ], [ 80.816338950000045, 6.041358203000073 ], [ 80.816271603000075, 6.041354395000042 ], [ 80.816196476000073, 6.041347863000055 ], [ 80.816125129000056, 6.041338685000028 ], [ 80.81605965600005, 6.041327040000056 ], [ 80.815996678000033, 6.041312238000046 ], [ 80.815935126000056, 6.04129358800003 ], [ 80.81587526900006, 6.041270854000061 ], [ 80.815828169000042, 6.041250339000044 ], [ 80.815771727000083, 6.041220322000072 ], [ 80.815742183000054, 6.041207700000029 ], [ 80.815734231000079, 6.041204303000029 ], [ 80.815683734000061, 6.041189897000038 ], [ 80.815663033000078, 6.041186560000028 ], [ 80.815642005000029, 6.041185544000029 ], [ 80.815621209000085, 6.041187384000068 ], [ 80.815599151000072, 6.041191984000022 ], [ 80.815548380000052, 6.041209653000067 ], [ 80.815516871000057, 6.041222874000027 ], [ 80.81548891500006, 6.041236600000047 ], [ 80.81543362900004, 6.041271419000054 ], [ 80.81540263200003, 6.041288243000054 ], [ 80.815371543000083, 6.041299284000047 ], [ 80.815320428000064, 6.041310941000063 ], [ 80.815218143000038, 6.041327806000027 ], [ 80.81512235100007, 6.041337085000066 ], [ 80.815016076000063, 6.041340365000053 ], [ 80.814903602000072, 6.041337287000033 ], [ 80.814785447000077, 6.041328313000065 ], [ 80.814670703000047, 6.041315156000053 ], [ 80.814563338000085, 6.041297903000043 ], [ 80.814456503000031, 6.041275465000069 ], [ 80.814349158000084, 6.041247517000045 ], [ 80.81424314800006, 6.04121450100007 ], [ 80.814137348000031, 6.041176077000046 ], [ 80.81403341400005, 6.04113290600003 ], [ 80.814027380000084, 6.041132182000069 ], [ 80.813989871000047, 6.041144665000047 ], [ 80.81394434300006, 6.041173246000028 ], [ 80.813895564000063, 6.041212048000034 ], [ 80.81387948400004, 6.041224799000076 ], [ 80.813835332000053, 6.041272101000061 ], [ 80.813829713000075, 6.041283677000024 ], [ 80.813813589000063, 6.041315758000053 ], [ 80.813805603000048, 6.041337757000065 ], [ 80.813800877000062, 6.04136130400002 ], [ 80.813793188000034, 6.041421606000029 ], [ 80.813784444000078, 6.041452118000052 ], [ 80.813772416000063, 6.041474686000072 ], [ 80.813759805000075, 6.041492785000059 ], [ 80.813743439000064, 6.041511351000054 ], [ 80.813728205000075, 6.04152348100007 ], [ 80.813713691000032, 6.041530748000071 ], [ 80.813703583000063, 6.041533493000031 ], [ 80.813694395000084, 6.041532915000062 ], [ 80.813676797000085, 6.041528558000039 ], [ 80.813665662000062, 6.041524005000042 ], [ 80.813654074000056, 6.041517119000048 ], [ 80.81361068700005, 6.041482194000025 ], [ 80.813590730000044, 6.041470110000034 ], [ 80.81357151800006, 6.041463742000076 ], [ 80.813552229000038, 6.04145937800007 ], [ 80.813537574000065, 6.04145814900005 ], [ 80.81352333600006, 6.041459442000075 ], [ 80.813500678000082, 6.041465165000034 ], [ 80.813468681000074, 6.041476550000027 ], [ 80.813444347000029, 6.041488293000043 ], [ 80.81342188900004, 6.041502165000054 ], [ 80.813401216000045, 6.041517924000061 ], [ 80.813383686000066, 6.04153401800005 ], [ 80.813334882000049, 6.041589861000034 ], [ 80.81331435900006, 6.041618680000056 ], [ 80.813301597000077, 6.04164479800005 ], [ 80.81328962200007, 6.041683277000061 ], [ 80.813287709000065, 6.041698498000073 ], [ 80.813288331000081, 6.041712047000033 ], [ 80.813294341000073, 6.04173468700003 ], [ 80.813303222000059, 6.041749155000048 ], [ 80.81331425500008, 6.041756125000063 ], [ 80.813349495000068, 6.04176979500005 ], [ 80.813362920000031, 6.041780623000022 ], [ 80.813370056000053, 6.041789209000058 ], [ 80.81337407500007, 6.041799792000063 ], [ 80.813376067000036, 6.041814859000056 ], [ 80.813376997000034, 6.041839327000048 ], [ 80.813374918000079, 6.041860921000023 ], [ 80.813371318000065, 6.041876702000025 ], [ 80.813366662000078, 6.041889267000045 ], [ 80.813331131000041, 6.041958482000041 ], [ 80.813294768000048, 6.042021233000071 ], [ 80.813250125000081, 6.042090597000026 ], [ 80.813152929000069, 6.042230314000051 ], [ 80.813081536000084, 6.04232748000004 ], [ 80.81303734200003, 6.042382729000053 ], [ 80.812987394000061, 6.042438879000031 ], [ 80.812930639000058, 6.04249711500006 ], [ 80.812864672000046, 6.042559887000039 ], [ 80.812641940000049, 6.042757685000026 ], [ 80.812563539000053, 6.042829909000034 ], [ 80.812491184000066, 6.042901946000029 ], [ 80.812429780000059, 6.042969989000028 ], [ 80.812399345000074, 6.04300723700004 ], [ 80.812371391000056, 6.043044286000054 ], [ 80.812345769000046, 6.043081335000068 ], [ 80.812322377000044, 6.043118530000072 ], [ 80.812291994000077, 6.043173786000068 ], [ 80.81222871500006, 6.043304802000023 ], [ 80.81219532700004, 6.043364036000071 ], [ 80.812177502000054, 6.043392014000062 ], [ 80.812149657000077, 6.043426681000028 ], [ 80.812121026000057, 6.04345528500005 ], [ 80.812093387000061, 6.043476411000029 ], [ 80.812055648000069, 6.043499116000021 ], [ 80.812000738000052, 6.043528534000075 ], [ 80.811977463000062, 6.043536266000046 ], [ 80.811959702000081, 6.043539655000075 ], [ 80.811942800000054, 6.043538945000023 ], [ 80.811922563000053, 6.043533740000044 ], [ 80.811903417000053, 6.043525861000035 ], [ 80.811883838000085, 6.043514168000058 ], [ 80.811865212000043, 6.043499907000069 ], [ 80.811849076000044, 6.043484514000056 ], [ 80.81183629800006, 6.043468810000036 ], [ 80.811827361000041, 6.043453416000034 ], [ 80.811822210000059, 6.043431640000051 ], [ 80.811821390000034, 6.043388010000058 ], [ 80.811819532000072, 6.043371178000029 ], [ 80.81181138900007, 6.043344827000055 ], [ 80.81180273700005, 6.043328003000056 ], [ 80.811788923000051, 6.04331178800004 ], [ 80.811769497000057, 6.043295889000035 ], [ 80.811741563000055, 6.043278415000032 ], [ 80.811717280000039, 6.043267314000047 ], [ 80.811694009000064, 6.043261603000076 ], [ 80.811663732000056, 6.043259665000051 ], [ 80.811642927000037, 6.043260838000037 ], [ 80.811605415000031, 6.043266065000068 ], [ 80.811554925000053, 6.043277330000024 ], [ 80.811453849000031, 6.043310228000053 ], [ 80.811410459000058, 6.043321646000038 ], [ 80.81138306400004, 6.043326203000049 ], [ 80.811345811000081, 6.043329380000046 ], [ 80.81132823300004, 6.043329629000027 ], [ 80.811311269000043, 6.04332772600003 ], [ 80.811293005000039, 6.043323679000025 ], [ 80.811277887000074, 6.043317758000057 ], [ 80.811261197000078, 6.043307736000031 ], [ 80.811246247000042, 6.043295579000073 ], [ 80.811196111000072, 6.043235862000074 ], [ 80.81117581500007, 6.043207366000047 ], [ 80.811157738000077, 6.043178511000065 ], [ 80.811139749000063, 6.043144944000062 ], [ 80.811119707000046, 6.043100535000065 ], [ 80.811113642000066, 6.043079243000022 ], [ 80.811111002000075, 6.043054065000035 ], [ 80.811112149000053, 6.043012830000066 ], [ 80.811118576000069, 6.042974178000065 ], [ 80.811130594000076, 6.042937099000028 ], [ 80.811147270000049, 6.042903684000066 ], [ 80.811158189000082, 6.042888525000023 ], [ 80.811172819000035, 6.042873189000034 ], [ 80.811232613000072, 6.042823328000054 ], [ 80.811269879000065, 6.042798940000068 ], [ 80.81136345200008, 6.04274528600007 ], [ 80.811387251000042, 6.042729249000047 ], [ 80.811407496000072, 6.042713263000053 ], [ 80.811447473000044, 6.042676477000043 ], [ 80.81148139700008, 6.04264097500004 ], [ 80.811524598000062, 6.042588115000058 ], [ 80.811535943000081, 6.042568493000033 ], [ 80.811539900000071, 6.042555194000045 ], [ 80.81154213700006, 6.042541095000047 ], [ 80.81154248100006, 6.042527704000065 ], [ 80.811540900000068, 6.042514786000027 ], [ 80.811537212000076, 6.042500841000049 ], [ 80.811531597000055, 6.042486908000058 ], [ 80.81151495000006, 6.042460063000021 ], [ 80.811503308000056, 6.042448118000038 ], [ 80.811491047000061, 6.042442368000025 ], [ 80.811458284000082, 6.042438605000029 ], [ 80.811436251000032, 6.042439063000074 ], [ 80.811399785000049, 6.042446258000041 ], [ 80.811354287000086, 6.042462362000038 ], [ 80.811281868000037, 6.042493033000028 ], [ 80.81125716300005, 6.042506027000059 ], [ 80.81123550500007, 6.042519739000056 ], [ 80.811196577000032, 6.042550590000076 ], [ 80.811152277000076, 6.042593307000061 ], [ 80.811117681000042, 6.042633614000067 ], [ 80.811077548000071, 6.042687561000037 ], [ 80.811041744000079, 6.042742300000043 ], [ 80.811002297000073, 6.042810748000022 ], [ 80.810975332000055, 6.042861586000072 ], [ 80.810957803000065, 6.042902136000066 ], [ 80.810946011000055, 6.042939147000027 ], [ 80.810930133000056, 6.043000762000077 ], [ 80.810911300000043, 6.043116890000022 ], [ 80.810902986000031, 6.043156612000075 ], [ 80.810892575000082, 6.043190482000057 ], [ 80.81087221000007, 6.043239785000026 ], [ 80.810857233000036, 6.043270477000021 ], [ 80.810841297000081, 6.043299034000029 ], [ 80.810795747000043, 6.043367834000037 ], [ 80.810767468000051, 6.043403069000021 ], [ 80.810754028000076, 6.043415834000029 ], [ 80.810740536000083, 6.043425891000027 ], [ 80.810719755000036, 6.043436369000062 ], [ 80.810693971000035, 6.043444055000066 ], [ 80.810664032000034, 6.043448671000021 ], [ 80.81063097100008, 6.043450078000035 ], [ 80.810601001000066, 6.043446650000021 ], [ 80.810544127000071, 6.043430723000029 ], [ 80.810520611000072, 6.043426152000052 ], [ 80.810468098000058, 6.043422387000021 ], [ 80.810415988000045, 6.043423598000061 ], [ 80.810389189000034, 6.043426794000027 ], [ 80.810358974000053, 6.043432456000062 ], [ 80.810207878000085, 6.043468286000063 ], [ 80.809987441000033, 6.043525854000052 ], [ 80.809953758000063, 6.043536914000072 ], [ 80.80992567800007, 6.043549299000063 ], [ 80.809900997000057, 6.043563999000071 ], [ 80.80987413400004, 6.043584287000044 ], [ 80.809797378000042, 6.043649709000022 ], [ 80.809739292000074, 6.043702716000041 ], [ 80.809714077000081, 6.043722937000041 ], [ 80.809696612000039, 6.043734609000069 ], [ 80.809679050000057, 6.043744179000043 ], [ 80.809628184000076, 6.043765843000074 ], [ 80.80959791500004, 6.043775149000055 ], [ 80.809568747000071, 6.043781351000064 ], [ 80.809541736000085, 6.043784329000061 ], [ 80.809513718000062, 6.04378440000005 ], [ 80.809484100000077, 6.043781552000041 ], [ 80.809454364000032, 6.043775720000042 ], [ 80.80942751300006, 6.04376779200004 ], [ 80.809410023000055, 6.043820329000027 ], [ 80.809338326000045, 6.043949543000053 ], [ 80.809237421000034, 6.044067139000049 ], [ 80.80930042500006, 6.044063060000042 ], [ 80.809469668000077, 6.044068884000069 ], [ 80.809634490000064, 6.044068957000036 ], [ 80.809699830000056, 6.044070455000053 ], [ 80.809755394000035, 6.044074440000031 ], [ 80.809891866000044, 6.044090678000032 ], [ 80.809924832000036, 6.044092333000037 ], [ 80.809988064000038, 6.044092622000051 ], [ 80.810016286000064, 6.044089953000025 ], [ 80.810036602000082, 6.044084650000059 ], [ 80.810056274000033, 6.044075994000025 ], [ 80.810101607000036, 6.044051899000067 ], [ 80.810124553000037, 6.044043112000054 ], [ 80.810190679000073, 6.044033977000026 ], [ 80.810268733000044, 6.044012753000061 ], [ 80.810296834000042, 6.044006739000054 ], [ 80.810339135000049, 6.04400333500007 ], [ 80.810377183000071, 6.044003979000024 ], [ 80.810407633000068, 6.04400890200003 ], [ 80.810441423000043, 6.044019063000064 ], [ 80.810459472000048, 6.044026604000067 ], [ 80.810488411000051, 6.04403869500004 ], [ 80.81050347300004, 6.044047090000049 ], [ 80.810516786000051, 6.044056588000046 ], [ 80.810539960000085, 6.044078366000065 ], [ 80.810561594000035, 6.044111642000075 ], [ 80.810570041000062, 6.04412230500003 ], [ 80.810584174000041, 6.044134299000063 ], [ 80.810599137000054, 6.044143766000047 ], [ 80.810615546000065, 6.044150097000056 ], [ 80.810647027000073, 6.044157272000064 ], [ 80.810719542000072, 6.044164150000029 ], [ 80.810757385000045, 6.044173363000027 ], [ 80.810770489000049, 6.044178428000066 ], [ 80.810780830000056, 6.04418477300004 ], [ 80.81079156800007, 6.044194271000038 ], [ 80.810803749000058, 6.044208036000043 ], [ 80.810821421000071, 6.044230872000071 ], [ 80.810836049000045, 6.044255383000063 ], [ 80.810851746000083, 6.044288850000044 ], [ 80.810866980000071, 6.04432792800003 ], [ 80.810887452000031, 6.044398760000036 ], [ 80.810910976000059, 6.044525452000073 ], [ 80.810918704000073, 6.044552405000047 ], [ 80.810928428000068, 6.044577764000053 ], [ 80.810950749000085, 6.044625473000053 ], [ 80.810977582000078, 6.044671716000039 ], [ 80.810996694000039, 6.044698691000065 ], [ 80.811018635000039, 6.044721268000046 ], [ 80.811046648000058, 6.044743205000032 ], [ 80.811078142000042, 6.044762082000034 ], [ 80.811110615000075, 6.044776414000069 ], [ 80.811142399000062, 6.044785477000062 ], [ 80.811176728000078, 6.044789985000023 ], [ 80.81121276600004, 6.044789911000066 ], [ 80.811255200000062, 6.044784831000072 ], [ 80.811285268000063, 6.044776022000065 ], [ 80.811301245000038, 6.044767705000027 ], [ 80.811314320000065, 6.044758794000074 ], [ 80.811322793000045, 6.044750617000034 ], [ 80.811330574000067, 6.044739494000055 ], [ 80.811345215000074, 6.044713757000068 ], [ 80.81135428400006, 6.044692177000059 ], [ 80.811361779000038, 6.044667353000023 ], [ 80.811378442000034, 6.044600031000073 ], [ 80.811384974000077, 6.044580858000074 ], [ 80.811392355000066, 6.044564489000038 ], [ 80.811405690000072, 6.044543153000063 ], [ 80.811424593000083, 6.044518585000048 ], [ 80.811445742000046, 6.044495178000034 ], [ 80.811469320000072, 6.04447254400003 ], [ 80.811494612000047, 6.044451264000031 ], [ 80.811519401000055, 6.044433041000048 ], [ 80.811543692000043, 6.044417899000052 ], [ 80.811566709000033, 6.044406308000021 ], [ 80.811600451000061, 6.044396459000041 ], [ 80.811671799000067, 6.044386528000075 ], [ 80.811701036000045, 6.044379974000037 ], [ 80.811744445000045, 6.044362186000058 ], [ 80.811783905000084, 6.044340528000021 ], [ 80.811822164000034, 6.044311346000029 ], [ 80.811911587000054, 6.044231118000027 ], [ 80.811968914000033, 6.044174116000022 ], [ 80.812022657000057, 6.044114884000066 ], [ 80.812051760000031, 6.044079716000056 ], [ 80.812082515000043, 6.044039559000055 ], [ 80.812116373000038, 6.04399165600006 ], [ 80.812164443000086, 6.043923641000049 ], [ 80.81221256200007, 6.043847664000054 ], [ 80.812307641000075, 6.043685432000075 ], [ 80.812350163000076, 6.04361639800004 ], [ 80.812433010000063, 6.043492781000054 ], [ 80.812489929000037, 6.04341719100006 ], [ 80.812558465000052, 6.043337493000024 ], [ 80.812663734000068, 6.043223526000077 ], [ 80.81273331500006, 6.043154697000034 ], [ 80.81291795900006, 6.042979299000024 ], [ 80.813035434000085, 6.042857665000042 ], [ 80.813110100000074, 6.042775362000043 ], [ 80.81318673700008, 6.042680088000054 ], [ 80.813226524000072, 6.042624859000057 ], [ 80.813257176000036, 6.042574800000068 ], [ 80.813273668000079, 6.04254024100004 ], [ 80.813300876000085, 6.042466506000039 ], [ 80.813314128000059, 6.042435956000077 ], [ 80.81334300900005, 6.042386585000031 ], [ 80.813361192000059, 6.042364040000052 ], [ 80.813381827000057, 6.042348866000054 ], [ 80.813412336000056, 6.042333520000057 ], [ 80.813436454000055, 6.042324740000026 ], [ 80.813466831000085, 6.04231723700002 ], [ 80.81351578400006, 6.042308241000057 ], [ 80.813554020000083, 6.042304100000024 ], [ 80.813571607000085, 6.042304003000027 ], [ 80.813601660000074, 6.042303837000077 ], [ 80.813632031000054, 6.042307421000032 ], [ 80.813648583000031, 6.042312400000071 ], [ 80.813666495000064, 6.04232061700003 ], [ 80.813695815000074, 6.042338149000045 ], [ 80.813708352000049, 6.042347608000057 ], [ 80.813729703000035, 6.042370304000031 ], [ 80.813775143000043, 6.042430859000035 ], [ 80.813788584000065, 6.042444598000031 ], [ 80.813802122000084, 6.042455031000031 ], [ 80.813832889000082, 6.042471808000073 ], [ 80.813856299000065, 6.042480843000021 ], [ 80.813886430000082, 6.042485509000073 ], [ 80.813895535000086, 6.042485161000059 ], [ 80.813902709000047, 6.042483075000064 ], [ 80.813912206000055, 6.042476454000052 ], [ 80.813926105000064, 6.042461945000071 ], [ 80.81394380200004, 6.042434833000073 ], [ 80.813959071000056, 6.04239952000006 ], [ 80.81396897500008, 6.042358354000044 ], [ 80.813971589000062, 6.042315151000025 ], [ 80.813967346000084, 6.042266597000037 ], [ 80.813960658000042, 6.042244179000022 ], [ 80.813937937000048, 6.042191268000067 ], [ 80.813934108000069, 6.042176945000051 ], [ 80.813932756000042, 6.042163886000026 ], [ 80.813935271000048, 6.042139657000064 ], [ 80.813942087000044, 6.042113412000049 ], [ 80.813953180000055, 6.042086058000052 ], [ 80.813965675000077, 6.042065099000069 ], [ 80.813984152000046, 6.042045723000058 ], [ 80.814010307000046, 6.04202723700007 ], [ 80.814117539000051, 6.041980323000075 ], [ 80.814173985000082, 6.041958394000062 ], [ 80.814225365000084, 6.041941276000045 ], [ 80.814273667000066, 6.041928308000024 ], [ 80.81431959300005, 6.041919319000044 ], [ 80.81436000900004, 6.041914484000074 ], [ 80.814420578000068, 6.041911128000038 ], [ 80.81444373800008, 6.041915633000031 ], [ 80.81446988700003, 6.041927562000069 ], [ 80.814498938000042, 6.041947509000067 ], [ 80.814542414000073, 6.041990440000063 ], [ 80.814568856000051, 6.042020338000043 ], [ 80.814628605000053, 6.04209385300004 ], [ 80.81466068800006, 6.042127991000029 ], [ 80.814715623000041, 6.042175617000055 ], [ 80.814778568000065, 6.042222006000031 ], [ 80.814822823000043, 6.042250942000067 ], [ 80.814871049000033, 6.042279912000026 ], [ 80.814952500000061, 6.042325634000065 ], [ 80.814990831000046, 6.042344592000063 ], [ 80.815020293000032, 6.042355803000021 ], [ 80.815060250000045, 6.042366712000046 ], [ 80.815090594000083, 6.042370500000061 ], [ 80.815116991000082, 6.042370122000023 ], [ 80.81513325700007, 6.042367324000054 ], [ 80.815150588000051, 6.042362225000034 ], [ 80.815187521000041, 6.04234543900003 ], [ 80.815219225000078, 6.042323398000065 ], [ 80.815246519000084, 6.042296306000026 ], [ 80.815263639000079, 6.042273204000026 ], [ 80.815274687000056, 6.042252365000024 ], [ 80.815278977000048, 6.042235104000042 ], [ 80.815282492000051, 6.042197182000052 ], [ 80.815285470000049, 6.042181338000034 ], [ 80.815292686000078, 6.042163076000065 ], [ 80.815306642000053, 6.042136655000036 ], [ 80.815322542000047, 6.042112481000061 ], [ 80.815342196000074, 6.042088578000062 ], [ 80.815365980000081, 6.042064458000027 ], [ 80.815395336000051, 6.04203865300002 ], [ 80.815545752000048, 6.041919318000055 ], [ 80.81558061800007, 6.041894212000045 ], [ 80.815596867000068, 6.04188251100004 ], [ 80.815649730000075, 6.041847566000058 ], [ 80.815710828000078, 6.041810836000025 ], [ 80.815772385000059, 6.041777513000056 ], [ 80.815838471000063, 6.041745671000058 ], [ 80.815898372000049, 6.041720443000031 ], [ 80.815947128000062, 6.041702952000037 ], [ 80.815998593000074, 6.041687110000055 ], [ 80.816054063000081, 6.041672604000041 ], [ 80.816107474000034, 6.041660990000025 ], [ 80.816153504000056, 6.041653301000053 ], [ 80.816206451000085, 6.041646430000071 ], [ 80.816375357000084, 6.041630108000049 ], [ 80.816452040000058, 6.041625272000033 ], [ 80.816531874000077, 6.041622088000054 ], [ 80.816703479000068, 6.04162059600003 ], [ 80.816810509000049, 6.041622142000051 ], [ 80.816885539000054, 6.041624782000042 ], [ 80.816952713000035, 6.041629334000049 ], [ 80.817015941000079, 6.041636219000054 ], [ 80.817085406000047, 6.041646180000043 ], [ 80.817148880000047, 6.041657812000039 ], [ 80.81720253800006, 6.041670185000044 ], [ 80.817265722000059, 6.041687633000038 ], [ 80.81745165600006, 6.041743556000029 ], [ 80.817571114000032, 6.041781793000041 ], [ 80.817679423000072, 6.041820019000056 ], [ 80.817775959000073, 6.041858374000071 ], [ 80.817874290000077, 6.041903171000058 ], [ 80.817962718000047, 6.041950102000044 ], [ 80.818025731000034, 6.041989471000022 ], [ 80.818149929000072, 6.042074416000048 ], [ 80.818203341000071, 6.042109067000069 ], [ 80.818339283000057, 6.04219002800005 ], [ 80.818426009000063, 6.042236799000023 ], [ 80.818472375000056, 6.042258598000046 ], [ 80.818510161000063, 6.042273907000038 ], [ 80.818643939000083, 6.042316960000051 ], [ 80.818693214000064, 6.04233527100007 ], [ 80.818742506000035, 6.042358308000075 ], [ 80.818845146000058, 6.042413364000026 ], [ 80.818885219000038, 6.042432999000027 ], [ 80.818890601000078, 6.04243563600005 ], [ 80.818935565000061, 6.042453832000035 ], [ 80.819053044000043, 6.042495709000036 ], [ 80.819085956000038, 6.042509869000071 ], [ 80.819114505000073, 6.042524553000021 ], [ 80.81915760000004, 6.042551481000032 ], [ 80.819205630000056, 6.042586546000052 ], [ 80.81932045700006, 6.042678555000066 ], [ 80.819390889000033, 6.042737918000057 ], [ 80.819461666000052, 6.042801285000053 ], [ 80.819528991000084, 6.042864975000043 ], [ 80.81958639100003, 6.042922851000071 ], [ 80.819641300000058, 6.042982282000025 ], [ 80.819689749000077, 6.043038193000029 ], [ 80.819735008000066, 6.043093949000024 ], [ 80.819779582000081, 6.043152747000022 ], [ 80.819825046000062, 6.043216611000048 ], [ 80.819866538000042, 6.04327887900007 ], [ 80.819930022000051, 6.043379395000045 ], [ 80.820001541000067, 6.043486167000026 ], [ 80.820025286000032, 6.043526606000057 ], [ 80.820043286000043, 6.043563554000059 ], [ 80.820054011000082, 6.043591314000025 ], [ 80.820068315000071, 6.04363717800004 ], [ 80.82007171500004, 6.043656878000036 ], [ 80.820071738000081, 6.043678446000058 ], [ 80.820066897000061, 6.043709617000047 ], [ 80.820056676000036, 6.043744444000026 ], [ 80.820043208000072, 6.043774848000055 ], [ 80.820026024000072, 6.043803171000036 ], [ 80.820005050000077, 6.043829186000039 ], [ 80.81998038100005, 6.043852984000068 ], [ 80.819951024000034, 6.043875641000056 ], [ 80.819927213000085, 6.04388743800007 ], [ 80.819899267000039, 6.043894803000057 ], [ 80.819877746000031, 6.043896622000034 ], [ 80.819853459000058, 6.043894788000046 ], [ 80.819783303000065, 6.043884062000075 ], [ 80.81976598600005, 6.043883840000035 ], [ 80.819729749000032, 6.043886665000059 ], [ 80.81971309100004, 6.043891293000058 ], [ 80.819695305000039, 6.043900289000021 ], [ 80.819669214000044, 6.043918742000074 ], [ 80.819652284000085, 6.043933612000046 ], [ 80.81961954500008, 6.043971283000076 ], [ 80.81959495600006, 6.044007585000031 ], [ 80.819570132000081, 6.044055081000067 ], [ 80.819551520000061, 6.044102560000056 ], [ 80.819539485000064, 6.044148940000071 ], [ 80.819533451000041, 6.044192874000032 ], [ 80.819533620000072, 6.044233760000054 ], [ 80.819539492000047, 6.044280540000045 ], [ 80.819550475000085, 6.044332079000071 ], [ 80.819557022000083, 6.04435146700007 ], [ 80.81956475800007, 6.044368203000033 ], [ 80.819575559000043, 6.044385583000064 ], [ 80.819589205000057, 6.044403081000041 ], [ 80.819605757000033, 6.044420716000047 ], [ 80.819624004000048, 6.044437211000059 ], [ 80.819653914000071, 6.044457427000054 ], [ 80.819722462000072, 6.04449504400003 ], [ 80.819760673000076, 6.044512318000045 ], [ 80.819857997000042, 6.044552013000043 ], [ 80.819908016000056, 6.044577137000033 ], [ 80.819948448000048, 6.044602525000073 ], [ 80.819970296000065, 6.044618401000037 ], [ 80.819994830000041, 6.044641113000068 ], [ 80.82001419900007, 6.044663892000074 ], [ 80.820029895000062, 6.044689535000032 ], [ 80.820051921000072, 6.044735023000044 ], [ 80.820062993000079, 6.044764335000025 ], [ 80.820091847000072, 6.044852935000051 ], [ 80.820112106000067, 6.044899314000077 ], [ 80.820126507000055, 6.044926781000072 ], [ 80.820144292000066, 6.044952803000058 ], [ 80.820177822000062, 6.044994956000039 ], [ 80.820246188000056, 6.045066330000054 ], [ 80.820268777000081, 6.045092318000059 ], [ 80.82030140300003, 6.045137727000053 ], [ 80.820319271000074, 6.04516940000002 ], [ 80.820327903000077, 6.045190454000021 ], [ 80.820335576000048, 6.045214379000072 ], [ 80.820348824000064, 6.045273335000047 ], [ 80.820354433000034, 6.045328375000054 ], [ 80.820356288000085, 6.045401819000062 ], [ 80.820353351000051, 6.045452584000031 ], [ 80.820352066000055, 6.045474801000069 ], [ 80.820339415000035, 6.045594656000048 ], [ 80.82032732600004, 6.045675986000049 ], [ 80.820312490000049, 6.045749228000034 ], [ 80.820291299000075, 6.045830229000046 ], [ 80.820265488000075, 6.045910568000068 ], [ 80.820233783000049, 6.045994971000027 ], [ 80.820203191000076, 6.046061788000031 ], [ 80.820176575000062, 6.046110161000058 ], [ 80.820149222000055, 6.046153577000041 ], [ 80.820123204000083, 6.046189179000066 ], [ 80.820071906000067, 6.046254152000074 ], [ 80.820009519000052, 6.046324465000055 ], [ 80.819860929000072, 6.04647880300007 ], [ 80.81982677600007, 6.046517249000033 ], [ 80.819797234000077, 6.046553254000059 ], [ 80.819734450000055, 6.046640409000076 ], [ 80.819664432000081, 6.046749166000041 ], [ 80.819605869000043, 6.046845881000024 ], [ 80.819561817000078, 6.046921781000037 ], [ 80.819509880000055, 6.047015638000062 ], [ 80.819467957000029, 6.047095531000025 ], [ 80.819223254000065, 6.047580931000027 ], [ 80.819160356000054, 6.047714512000027 ], [ 80.819108171000039, 6.047835033000069 ], [ 80.819064078000054, 6.047948563000034 ], [ 80.819021286000066, 6.048068423000075 ], [ 80.819003053000074, 6.048123755000063 ], [ 80.818991636000078, 6.048164159000066 ], [ 80.818982688000062, 6.048203041000022 ], [ 80.818973977000041, 6.04824945200005 ], [ 80.818967076000035, 6.048296381000057 ], [ 80.818961123000065, 6.048354485000061 ], [ 80.818957888000057, 6.048414258000037 ], [ 80.818957051000041, 6.048472415000049 ], [ 80.818959115000041, 6.048522092000042 ], [ 80.81896375000008, 6.048563873000035 ], [ 80.818971705000081, 6.048607731000061 ], [ 80.818983033000052, 6.048653949000027 ], [ 80.818997898000077, 6.048703225000054 ], [ 80.819022690000054, 6.048771262000059 ], [ 80.819052132000081, 6.048836855000047 ], [ 80.819103645000041, 6.048930299000062 ], [ 80.819141372000047, 6.048990027000059 ], [ 80.819173757000044, 6.049035470000035 ], [ 80.819211233000033, 6.049083863000021 ], [ 80.819401069000037, 6.049307873000032 ], [ 80.819444968000084, 6.049363485000072 ], [ 80.819482048000054, 6.049414832000025 ], [ 80.819518855000069, 6.049471425000036 ], [ 80.819557368000062, 6.049536216000035 ], [ 80.819678228000043, 6.049757967000062 ], [ 80.819725284000071, 6.04983995300006 ], [ 80.819771794000076, 6.049913185000037 ], [ 80.819834537000077, 6.050001712000039 ], [ 80.819889250000074, 6.050075169000024 ], [ 80.819936215000041, 6.05013210900006 ], [ 80.819981660000053, 6.050180175000037 ], [ 80.820033115000058, 6.050227388000053 ], [ 80.820094514000061, 6.050276924000059 ], [ 80.820165830000064, 6.050328356000023 ], [ 80.820253401000059, 6.050386175000028 ], [ 80.820367831000056, 6.050457539000035 ], [ 80.820445903000063, 6.050501903000054 ], [ 80.820532170000035, 6.050544872000046 ], [ 80.820575802000064, 6.050568364000071 ], [ 80.820733805000032, 6.050663048000047 ], [ 80.820786639000062, 6.050693184000068 ], [ 80.820832617000065, 6.050716886000032 ], [ 80.820913225000083, 6.050754462000043 ], [ 80.820954727000071, 6.050771797000039 ], [ 80.820992798000077, 6.050785376000022 ], [ 80.821039031000055, 6.050799292000022 ], [ 80.821088576000079, 6.050811930000066 ], [ 80.821148147000031, 6.050822122000056 ], [ 80.821264088000078, 6.05083456400007 ], [ 80.821311323000032, 6.050841194000043 ], [ 80.821381736000035, 6.050855916000046 ], [ 80.821455119000063, 6.05087418100004 ], [ 80.821528072000035, 6.050895827000033 ], [ 80.821565148000047, 6.050908952000043 ], [ 80.82160142400005, 6.050921795000022 ], [ 80.821661449000032, 6.050946078000038 ], [ 80.821711056000083, 6.050970311000071 ], [ 80.821759180000072, 6.050997830000028 ], [ 80.82180135200008, 6.051025985000024 ], [ 80.821847866000041, 6.051062258000059 ], [ 80.821878753000078, 6.051092037000046 ], [ 80.821907414000066, 6.051128300000073 ], [ 80.821934593000037, 6.051171840000052 ], [ 80.821955908000064, 6.051215144000025 ], [ 80.821972924000079, 6.051260900000045 ], [ 80.822022125000046, 6.051262504000022 ], [ 80.82206952000007, 6.051270493000061 ], [ 80.822113007000041, 6.051284289000023 ], [ 80.822157635000053, 6.051305158000048 ], [ 80.822202545000039, 6.051332565000052 ], [ 80.82224599400007, 6.05136675500006 ], [ 80.822284139000033, 6.051404301000048 ], [ 80.822317957000053, 6.051446143000021 ], [ 80.822332089000042, 6.051467550000041 ], [ 80.822344400000077, 6.051490913000066 ], [ 80.822382402000073, 6.051583640000047 ], [ 80.822419054000079, 6.051659417000053 ], [ 80.822548665000056, 6.051903225000046 ], [ 80.822592501000031, 6.051989544000037 ], [ 80.822623373000056, 6.052055541000072 ], [ 80.822697022000057, 6.052220687000045 ], [ 80.822789052000076, 6.052414282000029 ], [ 80.822809875000075, 6.052450957000076 ], [ 80.822831096000073, 6.052481354000065 ], [ 80.822855067000035, 6.052508555000031 ], [ 80.822884372000033, 6.052535969000076 ], [ 80.82292202800005, 6.05256577800003 ], [ 80.822967703000074, 6.052597178000042 ], [ 80.823016188000054, 6.052627266000059 ], [ 80.823058094000032, 6.052648818000023 ], [ 80.823124341000039, 6.052676027000075 ], [ 80.823295357000063, 6.052736373000073 ], [ 80.823380167000039, 6.052773234000028 ], [ 80.82347885400003, 6.052816127000028 ], [ 80.823543992000054, 6.052842514000076 ], [ 80.823587567000061, 6.052858036000032 ], [ 80.823654155000042, 6.052879094000048 ], [ 80.823739516000046, 6.05290203800007 ], [ 80.823775739000041, 6.052909077000038 ], [ 80.823832215000039, 6.05291736700002 ], [ 80.823870612000064, 6.052921121000054 ], [ 80.823904723000055, 6.052922354000032 ], [ 80.823933957000065, 6.052921262000041 ], [ 80.823958713000081, 6.052918094000063 ], [ 80.823985897000057, 6.05291204200006 ], [ 80.824014892000037, 6.052903056000048 ], [ 80.824059772000055, 6.052885286000048 ], [ 80.82417354200004, 6.052834157000063 ], [ 80.824309690000064, 6.05278084400004 ], [ 80.824357472000031, 6.052764362000062 ], [ 80.824391631000083, 6.052755365000053 ], [ 80.824446212000055, 6.05274477100005 ], [ 80.824487819000069, 6.052738385000055 ], [ 80.824523914000054, 6.052734988000054 ], [ 80.824553910000077, 6.052734328000042 ], [ 80.82458142400003, 6.052736019000065 ], [ 80.824607271000048, 6.052740183000026 ], [ 80.824629087000062, 6.052746417000037 ], [ 80.824664850000033, 6.052763449000054 ], [ 80.824731772000064, 6.052805731000035 ], [ 80.824760025000046, 6.052821241000061 ], [ 80.82480862500006, 6.052840794000076 ], [ 80.824862917000075, 6.052858406000041 ], [ 80.824915156000031, 6.052871938000067 ], [ 80.824969382000063, 6.05288286900003 ], [ 80.825025209000046, 6.052891118000048 ], [ 80.825082138000084, 6.052896615000066 ], [ 80.825142845000073, 6.052898693000031 ], [ 80.825212089000047, 6.052896057000055 ], [ 80.82535275500004, 6.052883183000063 ], [ 80.825453204000041, 6.052872001000026 ], [ 80.825521891000051, 6.052861735000022 ], [ 80.825582433000079, 6.05284965900006 ], [ 80.825636467000038, 6.052835549000065 ], [ 80.825687836000043, 6.052818259000048 ], [ 80.825843169000052, 6.052754456000059 ], [ 80.825983399000052, 6.052700534000053 ], [ 80.82604324700003, 6.052676073000043 ], [ 80.826109995000081, 6.052644990000033 ], [ 80.826180221000072, 6.052606471000047 ], [ 80.826377388000083, 6.052491796000027 ], [ 80.826557207000064, 6.052382277000049 ], [ 80.826734373000079, 6.052270497000052 ], [ 80.827152947000059, 6.052001979000067 ], [ 80.82736404700006, 6.05187040200002 ], [ 80.827874453000049, 6.051562837000063 ], [ 80.828387973000076, 6.051260263000074 ], [ 80.828672467000047, 6.051129976000027 ], [ 80.828951873000051, 6.050991310000029 ], [ 80.829226488000074, 6.050844053000048 ], [ 80.829496046000031, 6.05068822800007 ], [ 80.82977743500004, 6.050515353000037 ], [ 80.829992338000068, 6.050372443000072 ], [ 80.830271646000085, 6.05017072000004 ], [ 80.830404974000032, 6.050052350000044 ], [ 80.830532878000042, 6.049902304000057 ], [ 80.830638558000032, 6.049744574000044 ], [ 80.830717227000036, 6.049586665000049 ], [ 80.830777319000049, 6.049504222000053 ], [ 80.830829583000082, 6.049339585000041 ], [ 80.830786266000075, 6.04900555100005 ], [ 80.830785640000045, 6.048987887000067 ], [ 80.830779290000066, 6.048756827000034 ], [ 80.830820938000045, 6.048534602000075 ], [ 80.83101214900006, 6.04846279800006 ], [ 80.831251166000072, 6.048414917000059 ], [ 80.831442390000063, 6.048462752000034 ], [ 80.831753136000032, 6.048606283000026 ], [ 80.832016090000081, 6.04886945800007 ], [ 80.832159562000072, 6.049395850000053 ], [ 80.832293416000084, 6.049928517000069 ], [ 80.832359402000066, 6.050266284000031 ], [ 80.832428922000076, 6.050700637000034 ], [ 80.832465359000082, 6.050979262000055 ], [ 80.832492037000065, 6.051259820000041 ], [ 80.832483094000054, 6.051311060000046 ], [ 80.832480036000049, 6.051363517000027 ], [ 80.832483596000031, 6.05141177400003 ], [ 80.832493192000072, 6.051467059000061 ], [ 80.832511857000043, 6.05154275600006 ], [ 80.83253415400003, 6.051610220000043 ], [ 80.832563533000041, 6.051681161000033 ], [ 80.832597333000081, 6.051746782000066 ], [ 80.832627563000074, 6.051793137000061 ], [ 80.832665682000084, 6.051841014000047 ], [ 80.832750022000084, 6.051935602000071 ], [ 80.832853360000058, 6.052057180000077 ], [ 80.83291364300004, 6.052125176000061 ], [ 80.832959118000076, 6.052172901000063 ], [ 80.83300177600006, 6.052213854000058 ], [ 80.833056052000074, 6.052260548000049 ], [ 80.833096160000082, 6.052291722000064 ], [ 80.833139299000038, 6.052319324000052 ], [ 80.833179922000056, 6.052337994000027 ], [ 80.833221681000055, 6.052349457000048 ], [ 80.833275307000065, 6.052357302000075 ], [ 80.833345443000042, 6.052363624000066 ], [ 80.833403168000075, 6.052364974000056 ], [ 80.833571814000038, 6.052360637000049 ], [ 80.833792835000054, 6.052349521000053 ], [ 80.834005428000069, 6.052352670000062 ], [ 80.83406050800005, 6.052358180000056 ], [ 80.834107033000066, 6.052368270000045 ], [ 80.834152927000048, 6.052385274000073 ], [ 80.834200914000064, 6.052409434000026 ], [ 80.834241554000073, 6.052434782000034 ], [ 80.834280967000041, 6.052463891000059 ], [ 80.834318211000038, 6.052496106000035 ], [ 80.834346284000048, 6.05252566300004 ], [ 80.834373806000031, 6.052559729000052 ], [ 80.834446339000067, 6.052656340000055 ], [ 80.834536731000071, 6.052789649000033 ], [ 80.834569509000062, 6.052835401000038 ], [ 80.83460468100003, 6.05287910100003 ], [ 80.834645304000048, 6.05292290400007 ], [ 80.834710233000067, 6.052984256000059 ], [ 80.834843823000085, 6.05309937100003 ], [ 80.834898143000032, 6.053148624000073 ], [ 80.834993749000034, 6.053242023000053 ], [ 80.83522477300005, 6.05347622000005 ], [ 80.835449005000044, 6.053698471000075 ], [ 80.835533266000084, 6.053776072000062 ], [ 80.835611338000035, 6.053838864000056 ], [ 80.835655902000042, 6.053871022000067 ], [ 80.83570381800007, 6.053903306000052 ], [ 80.835812829000076, 6.053970324000034 ], [ 80.835896317000049, 6.054017747000046 ], [ 80.836140114000045, 6.054152075000047 ], [ 80.83640151600008, 6.054306286000042 ], [ 80.836458159000074, 6.054337256000053 ], [ 80.836510538000084, 6.05436381800007 ], [ 80.836597190000077, 6.054404133000048 ], [ 80.836669567000058, 6.054435581000064 ], [ 80.836734750000062, 6.05446121500006 ], [ 80.836795221000045, 6.054481994000071 ], [ 80.836851954000053, 6.054498282000054 ], [ 80.836910125000031, 6.054511489000049 ], [ 80.836971099000039, 6.054521930000021 ], [ 80.837034869000036, 6.054529588000037 ], [ 80.837096791000079, 6.054534232000037 ], [ 80.837161718000061, 6.054536535000068 ], [ 80.837230093000073, 6.054536515000052 ], [ 80.83730272400004, 6.054534172000047 ], [ 80.837459405000061, 6.054522948000056 ], [ 80.837679186000059, 6.054499451000027 ], [ 80.83775350600007, 6.054488140000046 ], [ 80.837826954000036, 6.054471564000039 ], [ 80.837900256000069, 6.05444975000006 ], [ 80.837989723000078, 6.054417442000045 ], [ 80.838043710000079, 6.054395506000048 ], [ 80.838097270000048, 6.054371674000038 ], [ 80.838150402000053, 6.054345993000027 ], [ 80.83820389400006, 6.054318027000022 ], [ 80.838257449000082, 6.054287962000046 ], [ 80.838308477000055, 6.054257202000031 ], [ 80.838358980000066, 6.054224560000023 ], [ 80.838406762000034, 6.05419136200004 ], [ 80.838488074000054, 6.054129141000033 ], [ 80.838580023000077, 6.054050394000058 ], [ 80.838633003000041, 6.053996830000074 ], [ 80.83868625100007, 6.053933613000027 ], [ 80.838720140000078, 6.053896506000058 ], [ 80.838750198000071, 6.053869183000074 ], [ 80.838783004000049, 6.053846391000036 ], [ 80.838812847000042, 6.053830478000066 ], [ 80.838853364000045, 6.053812915000037 ], [ 80.838964965000059, 6.05377319300004 ], [ 80.839101347000053, 6.05371795700006 ], [ 80.839165690000073, 6.05369561200007 ], [ 80.839246110000033, 6.053672070000061 ], [ 80.839346535000061, 6.053646991000051 ], [ 80.839448729000082, 6.053626174000044 ], [ 80.839538814000036, 6.053612411000074 ], [ 80.839624212000047, 6.053604206000045 ], [ 80.839694315000031, 6.053601459000049 ], [ 80.839791562000073, 6.053602362000049 ], [ 80.839872865000075, 6.05360519900006 ], [ 80.839999098000078, 6.053612631000021 ], [ 80.840119040000047, 6.053615986000068 ], [ 80.84020666400005, 6.053613778000056 ], [ 80.840285964000032, 6.053604865000068 ], [ 80.840402594000068, 6.053583523000043 ], [ 80.840560210000035, 6.053550637000058 ], [ 80.840730023000049, 6.053513747000068 ], [ 80.840900839000085, 6.053474743000038 ], [ 80.841144658000076, 6.053415418000043 ], [ 80.841236116000061, 6.053389891000052 ], [ 80.841333966000036, 6.05335978100004 ], [ 80.841448137000043, 6.053322012000024 ], [ 80.841535273000034, 6.053289387000063 ], [ 80.841628578000041, 6.05324997300005 ], [ 80.841722007000044, 6.053205707000075 ], [ 80.841780365000034, 6.053175349000071 ], [ 80.841824817000031, 6.053150267000035 ], [ 80.841883178000046, 6.053113735000068 ], [ 80.842003091000038, 6.053035034000061 ], [ 80.842158429000051, 6.052944815000046 ], [ 80.842233179000061, 6.052904461000026 ], [ 80.842303946000072, 6.052868578000073 ], [ 80.842373052000084, 6.052836004000028 ], [ 80.84244465200004, 6.05280463500003 ], [ 80.842529933000037, 6.05276979100006 ], [ 80.842629536000061, 6.05273154300005 ], [ 80.842719800000054, 6.052699096000026 ], [ 80.842814991000068, 6.052667052000061 ], [ 80.843120462000059, 6.052573463000044 ], [ 80.84322757800004, 6.052543032000074 ], [ 80.843313303000059, 6.052521901000034 ], [ 80.843384373000049, 6.052507752000054 ], [ 80.843461372000036, 6.052495565000072 ], [ 80.843541886000082, 6.052485581000042 ], [ 80.843626202000053, 6.052477768000074 ], [ 80.843684493000069, 6.052473787000054 ], [ 80.843742672000076, 6.052472052000041 ], [ 80.843900116000043, 6.052476532000071 ], [ 80.843996279000066, 6.052474783000036 ], [ 80.844043421000038, 6.052470358000051 ], [ 80.844099012000072, 6.052462315000071 ], [ 80.844278246000044, 6.052429760000052 ], [ 80.844416421000062, 6.05241421900007 ], [ 80.844516351000038, 6.052406615000052 ], [ 80.844616985000073, 6.052401678000024 ], [ 80.844720285000051, 6.05239928900005 ], [ 80.844824356000061, 6.052399465000065 ], [ 80.84497196500007, 6.052403880000043 ], [ 80.84512055700003, 6.05241292200003 ], [ 80.845269534000067, 6.052426279000031 ], [ 80.845417991000033, 6.052444067000067 ], [ 80.845561369000052, 6.052465853000058 ], [ 80.845704045000048, 6.052492063000045 ], [ 80.845846545000029, 6.052522789000022 ], [ 80.845988035000062, 6.052557838000041 ], [ 80.846064063000085, 6.052563278000036 ], [ 80.846139203000064, 6.052572687000065 ], [ 80.846213458000079, 6.052586064000025 ], [ 80.84628682500005, 6.052603410000074 ], [ 80.846345976000066, 6.052620456000056 ], [ 80.846400179000057, 6.052640200000042 ], [ 80.846467214000086, 6.05266884200006 ], [ 80.846588256000075, 6.052724097000066 ], [ 80.846638168000084, 6.052744296000071 ], [ 80.846681985000032, 6.052759510000044 ], [ 80.846721522000053, 6.052770617000022 ], [ 80.846758933000046, 6.052777634000051 ], [ 80.846801384000059, 6.052781907000053 ], [ 80.846870909000074, 6.052786248000075 ], [ 80.84692317400004, 6.052793454000039 ], [ 80.846945130000051, 6.052798879000022 ], [ 80.846965928000031, 6.05280616500005 ], [ 80.846986059000074, 6.052815790000068 ], [ 80.84700597300008, 6.052827664000063 ], [ 80.847032320000039, 6.052846845000033 ], [ 80.847056498000029, 6.052867707000075 ], [ 80.847093761000053, 6.052903471000036 ], [ 80.847132898000041, 6.052945063000038 ], [ 80.847196225000062, 6.053016348000028 ], [ 80.847295989000031, 6.053134087000046 ], [ 80.847449701000073, 6.053304379000053 ], [ 80.84757372200005, 6.053457305000052 ], [ 80.847630129000038, 6.053524524000068 ], [ 80.847688190000042, 6.053586401000075 ], [ 80.847789056000067, 6.053687103000073 ], [ 80.847835853000049, 6.053738875000022 ], [ 80.847871655000063, 6.053782572000046 ], [ 80.84790913300003, 6.053833003000022 ], [ 80.847956843000077, 6.053901745000076 ], [ 80.847977929000081, 6.053935021000029 ], [ 80.847993981000059, 6.053964034000046 ], [ 80.848009072000082, 6.053996912000059 ], [ 80.848020009000038, 6.054028462000076 ], [ 80.848026940000068, 6.054058871000052 ], [ 80.848030476000076, 6.054091927000059 ], [ 80.848030572000084, 6.05414526200002 ], [ 80.848026061000041, 6.054226509000046 ], [ 80.848023242000068, 6.054332698000053 ], [ 80.848019181000041, 6.054386966000038 ], [ 80.848012373000074, 6.054432334000069 ], [ 80.848003721000055, 6.054467221000039 ], [ 80.847990939000056, 6.054500016000077 ], [ 80.847972631000061, 6.054536347000067 ], [ 80.84794071500005, 6.054593553000075 ], [ 80.847920388000034, 6.054637802000059 ], [ 80.847908210000071, 6.054680444000041 ], [ 80.847900672000037, 6.054735116000074 ], [ 80.847898771000075, 6.054774391000024 ], [ 80.847899389000077, 6.054813180000053 ], [ 80.847902284000043, 6.054854319000071 ], [ 80.847907944000042, 6.054899965000061 ], [ 80.847916209000061, 6.054947444000049 ], [ 80.847928320000051, 6.055002677000061 ], [ 80.847937652000041, 6.055035634000035 ], [ 80.847950291000075, 6.055070629000056 ], [ 80.847967565000033, 6.055109521000077 ], [ 80.847993933000055, 6.055160277000027 ], [ 80.848058558000048, 6.055270976000031 ], [ 80.848095568000076, 6.055340382000054 ], [ 80.848130496000067, 6.055419199000028 ], [ 80.84818268600003, 6.05554859800003 ], [ 80.84822392500007, 6.055632195000044 ], [ 80.848257580000052, 6.05569225000005 ], [ 80.84829379100006, 6.055751014000066 ], [ 80.848332313000071, 6.055808084000034 ], [ 80.848372894000079, 6.055863090000059 ], [ 80.848424441000077, 6.055926459000034 ], [ 80.848478174000036, 6.055985725000028 ], [ 80.848527847000071, 6.056034545000045 ], [ 80.848582419000081, 6.056081686000027 ], [ 80.848644709000041, 6.056129352000028 ], [ 80.848713803000066, 6.056176599000025 ], [ 80.84879059900004, 6.056224051000072 ], [ 80.848877543000071, 6.056273229000055 ], [ 80.849057311000081, 6.056366248000074 ], [ 80.849106325000037, 6.056389195000065 ], [ 80.849158759000034, 6.05641150200006 ], [ 80.849221842000077, 6.056435893000071 ], [ 80.849292388000038, 6.056460794000031 ], [ 80.849586804000069, 6.056554866000056 ], [ 80.849714192000079, 6.056599825000035 ], [ 80.849829860000057, 6.056647799000075 ], [ 80.850077296000052, 6.056760190000034 ], [ 80.850175604000071, 6.056800542000076 ], [ 80.850247455000044, 6.056826079000075 ], [ 80.85032256900007, 6.056848649000074 ], [ 80.850377024000068, 6.056859859000042 ], [ 80.850434517000053, 6.056867332000024 ], [ 80.850489254000081, 6.056871213000022 ], [ 80.850548834000051, 6.056872734000024 ], [ 80.850653472000033, 6.056871667000053 ], [ 80.850741953000067, 6.05686896800006 ], [ 80.850815383000054, 6.056864866000069 ], [ 80.850894158000074, 6.056858520000048 ], [ 80.85095640000003, 6.056851602000052 ], [ 80.851025761000074, 6.056841858000041 ], [ 80.851178818000051, 6.056814965000058 ], [ 80.851346654000054, 6.056781293000029 ], [ 80.851382688000058, 6.05677406500007 ], [ 80.851509718000045, 6.056746662000023 ], [ 80.851664292000066, 6.056708711000056 ], [ 80.851824881000084, 6.056662460000041 ], [ 80.851921064000067, 6.056638353000039 ], [ 80.85199625000007, 6.056624714000066 ], [ 80.852070910000066, 6.056617894000055 ], [ 80.852126198000065, 6.056617541000037 ], [ 80.85222927600006, 6.056622271000037 ], [ 80.852314742000033, 6.056628411000077 ], [ 80.85240671300005, 6.056637335000062 ], [ 80.852580567000075, 6.056658937000066 ], [ 80.853015544000073, 6.056720795000047 ], [ 80.853136963000054, 6.056735070000059 ], [ 80.853245659000038, 6.056745011000032 ], [ 80.853363224000077, 6.056751696000049 ], [ 80.853472315000033, 6.056753100000037 ], [ 80.853574858000059, 6.056749249000063 ], [ 80.853671840000061, 6.056740096000055 ], [ 80.853725285000053, 6.056732425000064 ], [ 80.853777256000058, 6.05672296900002 ], [ 80.853827840000065, 6.056711715000063 ], [ 80.853877113000067, 6.056698644000051 ], [ 80.853922969000052, 6.056684463000067 ], [ 80.853967738000051, 6.056668597000055 ], [ 80.854071649000048, 6.056625150000059 ], [ 80.854133336000075, 6.056596226000067 ], [ 80.854195511000057, 6.056564839000032 ], [ 80.854257886000084, 6.056531134000068 ], [ 80.854320125000072, 6.056495295000047 ], [ 80.854380344000049, 6.056458486000054 ], [ 80.854432687000042, 6.056424492000076 ], [ 80.85447978500008, 6.056391126000051 ], [ 80.85452779600007, 6.056354335000037 ], [ 80.85459508100007, 6.056298445000039 ], [ 80.854667961000075, 6.056233100000043 ], [ 80.85489872900007, 6.056011363000039 ], [ 80.854982913000072, 6.055933371000037 ], [ 80.855058954000071, 6.055867845000023 ], [ 80.855276844000059, 6.055688505000035 ], [ 80.855341115000044, 6.055630695000048 ], [ 80.85539581900008, 6.055576472000041 ], [ 80.855433886000071, 6.055534589000047 ], [ 80.855469860000085, 6.055490740000039 ], [ 80.85550779700003, 6.055440285000032 ], [ 80.855544853000083, 6.055386669000029 ], [ 80.855580513000064, 6.055330745000049 ], [ 80.855615534000037, 6.055271442000048 ], [ 80.855650060000073, 6.055208519000075 ], [ 80.855684309000083, 6.055141581000044 ], [ 80.855729268000061, 6.055046798000035 ], [ 80.855775394000034, 6.054941703000054 ], [ 80.855820227000038, 6.054832684000075 ], [ 80.855861268000069, 6.054724189000069 ], [ 80.855899368000053, 6.054615128000023 ], [ 80.855931164000083, 6.054515700000024 ], [ 80.85595965300007, 6.054416892000063 ], [ 80.855987995000078, 6.05430721700003 ], [ 80.856016910000051, 6.054182904000072 ], [ 80.856040943000039, 6.054066955000053 ], [ 80.85605901200006, 6.053965059000063 ], [ 80.856075952000083, 6.053852108000058 ], [ 80.856085918000076, 6.05376908300002 ], [ 80.856091925000044, 6.05369530400003 ], [ 80.856092172000047, 6.053577862000054 ], [ 80.856095208000056, 6.053496723000023 ], [ 80.856100082000069, 6.053449261000026 ], [ 80.856108841000037, 6.053405376000057 ], [ 80.856125579000036, 6.053360646000044 ], [ 80.856156929000065, 6.053295795000054 ], [ 80.856188871000029, 6.053243621000036 ], [ 80.856229867000081, 6.053183775000036 ], [ 80.856261478000079, 6.053128461000028 ], [ 80.856274779000046, 6.053099427000063 ], [ 80.856286543000067, 6.053069364000066 ], [ 80.856296167000039, 6.053040632000034 ], [ 80.856301956000038, 6.053016073000038 ], [ 80.856306035000046, 6.052972627000031 ], [ 80.856305393000071, 6.052907723000033 ], [ 80.856300146000081, 6.052852543000029 ], [ 80.856289036000078, 6.052776988000062 ], [ 80.856282580000084, 6.052716413000041 ], [ 80.856279473000029, 6.052661368000031 ], [ 80.856276299000058, 6.052548351000041 ], [ 80.856275009000058, 6.052333926000074 ], [ 80.856277179000074, 6.052227932000051 ], [ 80.856281215000081, 6.052122194000049 ], [ 80.85628730600007, 6.052013812000041 ], [ 80.856295377000038, 6.051905583000064 ], [ 80.856305476000045, 6.051796689000071 ], [ 80.856317526000055, 6.051687951000076 ], [ 80.85633161800007, 6.051578719000076 ], [ 80.856347471000049, 6.051471125000035 ], [ 80.856365254000082, 6.051363762000051 ], [ 80.856384968000043, 6.051256632000047 ], [ 80.856402613000057, 6.051155107000056 ], [ 80.856415294000044, 6.051053357000058 ], [ 80.856423214000074, 6.050947273000077 ], [ 80.85642443200004, 6.050862480000035 ], [ 80.856421711000053, 6.050782683000023 ], [ 80.856411265000077, 6.050597131000075 ], [ 80.856397582000056, 6.050216900000066 ], [ 80.856389991000071, 6.050050605000024 ], [ 80.856377967000071, 6.049870832000067 ], [ 80.856362202000071, 6.049710677000064 ], [ 80.856348212000057, 6.049603794000063 ], [ 80.856309812000063, 6.049351351000041 ], [ 80.856288249000045, 6.049239150000062 ], [ 80.85626439400005, 6.049141475000056 ], [ 80.856216264000068, 6.048986268000021 ], [ 80.856196627000031, 6.048930115000076 ], [ 80.856177475000038, 6.048881012000038 ], [ 80.856157560000042, 6.048835914000051 ], [ 80.856136832000061, 6.048794877000034 ], [ 80.856116443000076, 6.048759643000039 ], [ 80.856088349000061, 6.048716429000024 ], [ 80.856038625000053, 6.048649149000028 ], [ 80.855985263000036, 6.048587433000023 ], [ 80.855929558000071, 6.048532770000065 ], [ 80.855872457000032, 6.048486082000068 ], [ 80.855820855000047, 6.048452165000072 ], [ 80.855761570000084, 6.04842132400006 ], [ 80.855693501000076, 6.048392940000042 ], [ 80.855612815000029, 6.048365409000041 ], [ 80.855422854000039, 6.048311301000069 ], [ 80.855360249000057, 6.048297140000045 ], [ 80.855291183000077, 6.048284558000034 ], [ 80.855197632000056, 6.048270987000024 ], [ 80.854984065000053, 6.048244512000053 ], [ 80.854608669000072, 6.048190387000034 ], [ 80.854259031000083, 6.048144063000052 ], [ 80.854095400000062, 6.048124348000044 ], [ 80.853931610000075, 6.048107750000042 ], [ 80.853770772000075, 6.048094529000025 ], [ 80.853652976000035, 6.048088438000036 ], [ 80.853533963000075, 6.048085946000072 ], [ 80.853402181000035, 6.048086482000031 ], [ 80.852889469000047, 6.048101262000046 ], [ 80.852774324000052, 6.048102982000046 ], [ 80.852671069000053, 6.048102707000055 ], [ 80.85256955400007, 6.048100222000073 ], [ 80.852473690000068, 6.048095407000062 ], [ 80.852295436000077, 6.048083103000067 ], [ 80.852126467000062, 6.048068888000046 ], [ 80.851969515000064, 6.048053107000044 ], [ 80.851818638000054, 6.048035279000032 ], [ 80.851662675000057, 6.04801377900003 ], [ 80.851552283000046, 6.047995692000029 ], [ 80.851458945000047, 6.047977366000055 ], [ 80.851355529000045, 6.047954537000066 ], [ 80.851001163000035, 6.047868128000061 ], [ 80.850863242000059, 6.047836583000048 ], [ 80.850723645000073, 6.047809137000058 ], [ 80.850592590000076, 6.047789093000063 ], [ 80.850389820000032, 6.047764483000037 ], [ 80.850183518000051, 6.047745336000048 ], [ 80.849960138000085, 6.047730982000076 ], [ 80.849677186000065, 6.047720101000039 ], [ 80.84960103700007, 6.04771394100004 ], [ 80.84942671500005, 6.047696715000029 ], [ 80.849347885000043, 6.047690905000024 ], [ 80.849276474000078, 6.047688567000023 ], [ 80.849212375000036, 6.04768995400002 ], [ 80.84915337800004, 6.047695118000036 ], [ 80.849098602000083, 6.047704150000072 ], [ 80.849046135000037, 6.047717540000065 ], [ 80.848996999000065, 6.047735216000035 ], [ 80.848963682000033, 6.047750687000075 ], [ 80.848889216000032, 6.047791224000036 ], [ 80.848843757000054, 6.047812085000032 ], [ 80.848813756000084, 6.047823015000063 ], [ 80.848778346000074, 6.047831234000057 ], [ 80.848740445000033, 6.047835838000026 ], [ 80.848701763000065, 6.047836717000052 ], [ 80.848660202000076, 6.047833883000067 ], [ 80.848619487000065, 6.047827790000042 ], [ 80.848586613000066, 6.047818359000075 ], [ 80.848558858000047, 6.047804767000059 ], [ 80.848530439000058, 6.047784634000038 ], [ 80.848509934000049, 6.047765949000052 ], [ 80.848494817000073, 6.04774782800007 ], [ 80.848404794000032, 6.047611877000065 ], [ 80.848382758000071, 6.047583527000029 ], [ 80.848358486000052, 6.047561440000038 ], [ 80.848337085000082, 6.047546773000022 ], [ 80.848318585000072, 6.047539052000047 ], [ 80.848296553000068, 6.047535855000035 ], [ 80.848259032000044, 6.047535262000054 ], [ 80.848205521000068, 6.047531561000028 ], [ 80.848177787000054, 6.047531101000061 ], [ 80.848125931000084, 6.047535204000042 ], [ 80.848099231000049, 6.047541165000041 ], [ 80.848088615000052, 6.047545917000036 ], [ 80.848079677000044, 6.047551945000066 ], [ 80.84803987600003, 6.047588440000027 ], [ 80.847993273000043, 6.047626347000062 ], [ 80.847965320000071, 6.047645777000071 ], [ 80.847935444000029, 6.047663606000071 ], [ 80.84789612700007, 6.047683327000072 ], [ 80.847853708000059, 6.047700773000031 ], [ 80.847808075000046, 6.047715990000029 ], [ 80.847759032000056, 6.04772904500004 ], [ 80.84771425200006, 6.047738534000075 ], [ 80.847666490000051, 6.047746563000032 ], [ 80.847559888000035, 6.047758572000021 ], [ 80.847410516000082, 6.047766921000061 ], [ 80.847369636000053, 6.047766869000043 ], [ 80.847327224000082, 6.047764618000031 ], [ 80.847245867000083, 6.047754948000033 ], [ 80.847155016000045, 6.047737635000033 ], [ 80.84706845200003, 6.047716857000069 ], [ 80.846863799000062, 6.047663060000048 ], [ 80.846762261000038, 6.047640301000058 ], [ 80.84637992100005, 6.047571078000033 ], [ 80.845987324000077, 6.047503232000054 ], [ 80.845882989000074, 6.047458677000066 ], [ 80.845778727000038, 6.047416476000024 ], [ 80.845658287000049, 6.04736936300003 ], [ 80.845582233000073, 6.047342582000056 ], [ 80.845526160000077, 6.047325947000047 ], [ 80.845463039000037, 6.047309669000072 ], [ 80.845245886000043, 6.047261386000059 ], [ 80.84516319800008, 6.047241148000069 ], [ 80.845081934000063, 6.047217296000042 ], [ 80.845006668000053, 6.047190031000071 ], [ 80.844921993000071, 6.047153588000072 ], [ 80.844829541000081, 6.047108126000069 ], [ 80.844741771000031, 6.047061074000055 ], [ 80.844528178000076, 6.04694210100007 ], [ 80.844414888000074, 6.046883581000031 ], [ 80.844361158000083, 6.046858410000027 ], [ 80.844309876000068, 6.046836357000075 ], [ 80.844171431000063, 6.046783875000074 ], [ 80.844078719000038, 6.046751179000069 ], [ 80.843988673000069, 6.046721364000064 ], [ 80.843900885000039, 6.046694296000055 ], [ 80.843815081000059, 6.046669892000068 ], [ 80.843660371000055, 6.046631453000032 ], [ 80.84357265400007, 6.046613090000051 ], [ 80.843493009000042, 6.046598912000036 ], [ 80.843460902000061, 6.046590561000073 ], [ 80.843424274000085, 6.046578440000076 ], [ 80.843379723000055, 6.046561136000037 ], [ 80.843264309000062, 6.046512328000063 ], [ 80.843215096000051, 6.046494517000042 ], [ 80.84317967800007, 6.046484175000046 ], [ 80.843098268000062, 6.046467046000032 ], [ 80.843002092000063, 6.046453555000028 ], [ 80.842847524000035, 6.046440458000063 ], [ 80.84272926400007, 6.046433387000036 ], [ 80.842659942000068, 6.046431472000052 ], [ 80.842562071000032, 6.046432796000033 ], [ 80.842307692000077, 6.046442673000058 ], [ 80.842227035000064, 6.046442504000026 ], [ 80.842149556000038, 6.046438719000037 ], [ 80.842097284000033, 6.046433525000054 ], [ 80.842033763000074, 6.046424405000039 ], [ 80.841857079000079, 6.046391207000056 ], [ 80.84174633400005, 6.046374507000053 ], [ 80.84161651200003, 6.046362545000022 ], [ 80.84137789600004, 6.046345324000072 ], [ 80.841259956000044, 6.046333712000035 ], [ 80.841191759000083, 6.046321860000035 ], [ 80.841161653000086, 6.046314193000057 ], [ 80.841133057000036, 6.046304793000047 ], [ 80.841071042000067, 6.046278433000055 ], [ 80.840965568000058, 6.046227105000071 ], [ 80.840920985000082, 6.046209648000058 ], [ 80.840873522000038, 6.046193281000058 ], [ 80.840819381000074, 6.046176112000069 ], [ 80.840788288000056, 6.046167895000053 ], [ 80.840757175000078, 6.046162178000031 ], [ 80.840728369000033, 6.046159935000048 ], [ 80.840696276000074, 6.046161639000047 ], [ 80.840662475000045, 6.046167779000029 ], [ 80.840628582000079, 6.046177482000076 ], [ 80.840578771000082, 6.046195632000035 ], [ 80.840524655000081, 6.046217744000046 ], [ 80.840478461000032, 6.046239940000021 ], [ 80.84043579400003, 6.046264003000033 ], [ 80.840374245000078, 6.046302894000064 ], [ 80.840329852000082, 6.04632631000004 ], [ 80.840307349000057, 6.046335190000036 ], [ 80.840284624000049, 6.046341596000048 ], [ 80.840258865000067, 6.046346365000034 ], [ 80.840231643000038, 6.046349321000037 ], [ 80.840178095000056, 6.046351328000071 ], [ 80.840085784000053, 6.046351421000054 ], [ 80.839957684000069, 6.046355627000025 ], [ 80.839895887000068, 6.046354133000023 ], [ 80.839842890000057, 6.046348645000023 ], [ 80.839795020000054, 6.046337667000046 ], [ 80.839746175000073, 6.046321172000034 ], [ 80.839687756000046, 6.046296884000071 ], [ 80.839587473000051, 6.046251620000021 ], [ 80.839547976000063, 6.04623592300004 ], [ 80.839513615000044, 6.046224293000023 ], [ 80.839479886000049, 6.046215352000047 ], [ 80.83944609100007, 6.04620935500003 ], [ 80.839406044000043, 6.046205961000055 ], [ 80.839365336000071, 6.046204602000046 ], [ 80.839318387000048, 6.046205177000047 ], [ 80.839271509000071, 6.046207830000071 ], [ 80.839223252000068, 6.046212543000024 ], [ 80.839172750000046, 6.046219416000042 ], [ 80.839099363000059, 6.046235319000061 ], [ 80.838987978000034, 6.046268277000024 ], [ 80.838910921000036, 6.046286525000028 ], [ 80.83882180300003, 6.046300591000033 ], [ 80.838687489000051, 6.046316765000029 ], [ 80.838607636000063, 6.04633007700005 ], [ 80.838563836000048, 6.04634012300005 ], [ 80.838522021000074, 6.046352469000055 ], [ 80.838480744000037, 6.046367807000024 ], [ 80.838439490000042, 6.046386066000025 ], [ 80.838346527000056, 6.046435408000036 ], [ 80.83821924800003, 6.046512137000036 ], [ 80.838136168000062, 6.046558509000022 ], [ 80.838039378000076, 6.046603713000025 ], [ 80.837928439000052, 6.04664998100003 ], [ 80.837649569000064, 6.046755861000065 ], [ 80.837415038000074, 6.046840858000053 ], [ 80.837205820000065, 6.04691224100003 ], [ 80.837031016000083, 6.046965104000037 ], [ 80.836951948000035, 6.046986157000049 ], [ 80.83687350200006, 6.047004973000071 ], [ 80.836807002000057, 6.047018811000044 ], [ 80.836740005000081, 6.047030075000066 ], [ 80.836579887000084, 6.047049565000066 ], [ 80.836308404000079, 6.047074744000042 ], [ 80.836207229000081, 6.047088176000045 ], [ 80.836119564000057, 6.047103752000055 ], [ 80.836042299000042, 6.04712151800004 ], [ 80.835954787000048, 6.047145460000024 ], [ 80.83573523900003, 6.047214110000027 ], [ 80.835610627000051, 6.047250057000042 ], [ 80.835473117000049, 6.047282949000021 ], [ 80.835304112000074, 6.047318759000063 ], [ 80.835235072000046, 6.047329094000077 ], [ 80.835169681000082, 6.047333332000051 ], [ 80.835101978000068, 6.047330611000064 ], [ 80.835034050000047, 6.04732249400007 ], [ 80.834960156000079, 6.047308146000034 ], [ 80.834887330000072, 6.04728831400007 ], [ 80.834818161000044, 6.047263826000062 ], [ 80.834751242000038, 6.047234056000036 ], [ 80.83468057400006, 6.047194918000059 ], [ 80.83461245500007, 6.047151021000047 ], [ 80.834552251000048, 6.047105895000072 ], [ 80.834497826000074, 6.047057278000068 ], [ 80.83446480200007, 6.047022004000041 ], [ 80.834435747000043, 6.046984863000034 ], [ 80.834412875000055, 6.046948556000075 ], [ 80.834395402000041, 6.046911110000053 ], [ 80.834387076000041, 6.046880308000027 ], [ 80.834381724000082, 6.046843007000064 ], [ 80.834377524000047, 6.046739772000024 ], [ 80.834370514000057, 6.046679277000067 ], [ 80.834364778000065, 6.046655698000052 ], [ 80.834356716000059, 6.046633626000073 ], [ 80.834344937000083, 6.04661068200005 ], [ 80.834330812000076, 6.04658818200005 ], [ 80.834300675000065, 6.046549045000063 ], [ 80.83425943900005, 6.046504515000038 ], [ 80.834211243000084, 6.046456442000022 ], [ 80.834152278000033, 6.04640183500004 ], [ 80.834086897000077, 6.046343906000061 ], [ 80.834041156000069, 6.046306491000053 ], [ 80.83399225200003, 6.046270502000027 ], [ 80.833943839000085, 6.04623932800007 ], [ 80.833903919000079, 6.046216815000037 ], [ 80.833864278000078, 6.046196569000074 ], [ 80.833755078000081, 6.04614624200002 ], [ 80.833655337000039, 6.046106955000027 ], [ 80.833525044000055, 6.046063774000061 ], [ 80.83343375700008, 6.046029688000033 ], [ 80.833317138000041, 6.045978980000029 ], [ 80.833266757000047, 6.04595525700006 ], [ 80.833222400000068, 6.045932292000032 ], [ 80.83317891300004, 6.045906944000023 ], [ 80.833137480000062, 6.045879158000048 ], [ 80.833096579000085, 6.045847653000067 ], [ 80.833047924000084, 6.045806265000067 ], [ 80.833006834000059, 6.045769539000048 ], [ 80.83297441600007, 6.045738135000022 ], [ 80.83290377000003, 6.045658847000027 ], [ 80.832867210000074, 6.04562044100004 ], [ 80.832838380000055, 6.045594349000055 ], [ 80.832808551000085, 6.045572380000067 ], [ 80.832773777000057, 6.045552178000037 ], [ 80.832730588000061, 6.045531779000044 ], [ 80.83258832000007, 6.045475405000047 ], [ 80.832396028000062, 6.045389354000065 ], [ 80.832295917000067, 6.045350429000052 ], [ 80.832210232000079, 6.045323604000032 ], [ 80.832099238000069, 6.045295281000051 ], [ 80.831990305000033, 6.045274518000042 ], [ 80.83189, 6.045262360000038 ], [ 80.831819568000071, 6.045256938000023 ], [ 80.831765414000074, 6.045254493000073 ], [ 80.831718458000068, 6.045254209000063 ], [ 80.831675327000085, 6.045255841000028 ], [ 80.83163515800004, 6.045259411000075 ], [ 80.831596617000059, 6.045265156000028 ], [ 80.831561574000034, 6.045273517000055 ], [ 80.831527642000083, 6.045284765000076 ], [ 80.831491684000071, 6.045299857000032 ], [ 80.831456771000035, 6.045317355000066 ], [ 80.831417807000037, 6.04533970500006 ], [ 80.831374768000046, 6.045367073000023 ], [ 80.83125014400008, 6.045453770000051 ], [ 80.831169947000035, 6.04550520500004 ], [ 80.831136283000035, 6.045524069000066 ], [ 80.831101955000065, 6.045541022000066 ], [ 80.831021297000063, 6.045573058000059 ], [ 80.830948982000052, 6.045597822000047 ], [ 80.830865447000065, 6.045623545000069 ], [ 80.830775278000033, 6.045649513000058 ], [ 80.830684102000077, 6.045673828000076 ], [ 80.83051449900006, 6.045714031000045 ], [ 80.830280014000039, 6.045759864000047 ], [ 80.830074356000068, 6.04580651200007 ], [ 80.829960855000081, 6.045834953000053 ], [ 80.829852129000074, 6.04586411400004 ], [ 80.829747602000054, 6.045894150000038 ], [ 80.829646920000073, 6.045925165000028 ], [ 80.829540073000032, 6.045960582000021 ], [ 80.82943726600007, 6.045997388000046 ], [ 80.829338275000055, 6.046035662000065 ], [ 80.829242945000033, 6.046075464000069 ], [ 80.82915110600004, 6.046116867000023 ], [ 80.829062700000065, 6.046159901000067 ], [ 80.828977636000047, 6.04620460700005 ], [ 80.828895854000052, 6.046251018000021 ], [ 80.828824406000081, 6.046294798000076 ], [ 80.828755165000075, 6.046341191000067 ], [ 80.828682779000076, 6.046393748000071 ], [ 80.828606568000055, 6.046453039000028 ], [ 80.828485279000063, 6.046553952000068 ], [ 80.82824254500008, 6.04676603200005 ], [ 80.828138271000057, 6.046854499000062 ], [ 80.828000965000058, 6.04696545500002 ], [ 80.827622981000047, 6.047265390000064 ], [ 80.827511555000058, 6.047356525000055 ], [ 80.827412859000049, 6.047439906000022 ], [ 80.827333558000078, 6.047509354000056 ], [ 80.82725954600005, 6.047576665000065 ], [ 80.82703605100005, 6.047786292000069 ], [ 80.826926461000085, 6.04789132600007 ], [ 80.826847995000037, 6.047969315000046 ], [ 80.826777868000079, 6.048042031000023 ], [ 80.826713928000061, 6.048111712000036 ], [ 80.826655292000055, 6.04817932800006 ], [ 80.826580744000069, 6.048272131000033 ], [ 80.826514369000051, 6.04836358700004 ], [ 80.826374399000031, 6.048571841000069 ], [ 80.82633243600003, 6.048639331000061 ], [ 80.826297314000044, 6.04870089800005 ], [ 80.826273831000037, 6.048746225000059 ], [ 80.826253347000034, 6.048789998000075 ], [ 80.826235675000078, 6.048832608000055 ], [ 80.826220719000048, 6.04887429300004 ], [ 80.826208568000084, 6.048914659000047 ], [ 80.82619782900008, 6.048958567000057 ], [ 80.826187811000068, 6.049007765000056 ], [ 80.826179714000034, 6.049057320000031 ], [ 80.82616984100008, 6.049151208000069 ], [ 80.826167711000039, 6.049197190000029 ], [ 80.82616747600008, 6.049242148000076 ], [ 80.826169188000051, 6.049286900000027 ], [ 80.826172998000061, 6.049335665000058 ], [ 80.826185695000049, 6.049429302000021 ], [ 80.826197232000084, 6.049486710000053 ], [ 80.826211389000036, 6.049542170000052 ], [ 80.82622808900004, 6.049595367000052 ], [ 80.82624725200003, 6.049646063000068 ], [ 80.82626794600003, 6.049692290000053 ], [ 80.826290789000041, 6.049735876000057 ], [ 80.826358331000051, 6.049842333000072 ], [ 80.826370154000074, 6.049868589000027 ], [ 80.826378806000037, 6.049897360000045 ], [ 80.826384871000073, 6.049925790000032 ], [ 80.826389237000058, 6.049957243000051 ], [ 80.826391489000059, 6.049990841000067 ], [ 80.82639161000003, 6.050023223000039 ], [ 80.826389659000085, 6.050057766000066 ], [ 80.826385698000081, 6.050091472000076 ], [ 80.826379886000041, 6.050123799000062 ], [ 80.826371924000057, 6.050155131000054 ], [ 80.826351850000037, 6.050211800000056 ], [ 80.826324699000054, 6.050268156000072 ], [ 80.826292094000053, 6.050320919000058 ], [ 80.826254428000084, 6.050369456000055 ], [ 80.826234222000039, 6.05038952700005 ], [ 80.826208672000064, 6.050409511000055 ], [ 80.826172859000053, 6.050432263000062 ], [ 80.826109171000041, 6.050468713000043 ], [ 80.826069247000078, 6.050496777000035 ], [ 80.82605411600008, 6.050510397000039 ], [ 80.826035415000035, 6.050530353000056 ], [ 80.825997317000031, 6.050579201000062 ], [ 80.825977726000076, 6.050608781000051 ], [ 80.825959560000058, 6.050639635000039 ], [ 80.825942638000072, 6.050672066000061 ], [ 80.825927715000034, 6.050704684000038 ], [ 80.825905049000085, 6.050760260000061 ], [ 80.82589364200004, 6.050792306000062 ], [ 80.825884821000045, 6.050823900000069 ], [ 80.825880913000049, 6.050853354000026 ], [ 80.825881974000083, 6.050878289000025 ], [ 80.825887238000064, 6.050906760000032 ], [ 80.825896084000078, 6.050935234000065 ], [ 80.825908107000032, 6.050962485000071 ], [ 80.825920887000052, 6.050984256000049 ], [ 80.825935314000048, 6.051002757000049 ], [ 80.825952151000081, 6.051018226000053 ], [ 80.825973532000035, 6.051032976000045 ], [ 80.826007428000082, 6.05105084500002 ], [ 80.826072621000037, 6.051079149000032 ], [ 80.826185132000035, 6.051116783000055 ], [ 80.826227714000083, 6.051133866000043 ], [ 80.826313504000041, 6.051172458000053 ], [ 80.826374427000076, 6.051197090000073 ], [ 80.826464485000031, 6.05123022500004 ], [ 80.826554749000081, 6.051260452000065 ], [ 80.826551063000068, 6.051287800000068 ], [ 80.826545228000043, 6.051314172000048 ], [ 80.826537243000075, 6.05133956700007 ], [ 80.82652710800005, 6.051363983000044 ], [ 80.82651402700003, 6.051388977000045 ], [ 80.826499176000084, 6.051412065000022 ], [ 80.826482904000045, 6.051432663000071 ], [ 80.826466116000063, 6.051449645000048 ], [ 80.826444528000081, 6.051467181000021 ], [ 80.826413138000078, 6.051489167000057 ], [ 80.826390049000054, 6.051503144000037 ], [ 80.826364224000031, 6.05151653300004 ], [ 80.82632916600005, 6.051532122000026 ], [ 80.82628498300005, 6.051549283000043 ], [ 80.826244006000081, 6.051563938000072 ], [ 80.826204317000077, 6.051575832000026 ], [ 80.826029637000033, 6.051617566000061 ], [ 80.825963116000082, 6.051630738000028 ], [ 80.825891877000061, 6.051642750000042 ], [ 80.825746362000075, 6.051662386000032 ], [ 80.825386743000081, 6.051702617000046 ], [ 80.825288937000039, 6.051716527000053 ], [ 80.825196233000042, 6.051732566000055 ], [ 80.82503266100008, 6.051765035000074 ], [ 80.824659517000043, 6.05184613800003 ], [ 80.824437565000039, 6.051891601000023 ], [ 80.824339983000073, 6.051915333000068 ], [ 80.824112487000036, 6.05197546900007 ], [ 80.824002647000043, 6.052000812000074 ], [ 80.823934294000082, 6.052013498000065 ], [ 80.82387075500003, 6.052022400000055 ], [ 80.823810645000037, 6.052027705000057 ], [ 80.823753287000045, 6.052029472000072 ], [ 80.823677381000039, 6.052026092000062 ], [ 80.823578629000053, 6.05201349400005 ], [ 80.823497347000057, 6.05199822000003 ], [ 80.823427547000051, 6.051979102000075 ], [ 80.823375468000052, 6.051959465000039 ], [ 80.82331528800006, 6.051931394000064 ], [ 80.823193575000062, 6.051868225000021 ], [ 80.82310205400006, 6.051816532000032 ], [ 80.823012640000059, 6.051760931000047 ], [ 80.822924454000031, 6.05170053300003 ], [ 80.822839398000042, 6.051636621000057 ], [ 80.822757075000084, 6.051568939000049 ], [ 80.822677568000074, 6.051497561000076 ], [ 80.822600787000056, 6.051422420000051 ], [ 80.822526736000043, 6.051343516000031 ], [ 80.822455412000068, 6.051260851000052 ], [ 80.822415311000043, 6.051227969000024 ], [ 80.822378170000036, 6.051191298000049 ], [ 80.82234505200006, 6.051152085000069 ], [ 80.82231592200003, 6.051109978000056 ], [ 80.82229350700004, 6.051069201000075 ], [ 80.822273804000076, 6.051024143000063 ], [ 80.822265038000069, 6.050991174000046 ], [ 80.822257423000053, 6.050943132000043 ], [ 80.822247839000056, 6.050912435000043 ], [ 80.822239565000075, 6.050896436000073 ], [ 80.822227650000059, 6.050878501000057 ], [ 80.82221648400008, 6.050864303000026 ], [ 80.822203977000072, 6.050851693000027 ], [ 80.822183907000067, 6.050836834000052 ], [ 80.822161317000052, 6.050823893000029 ], [ 80.822138718000076, 6.050813488000074 ], [ 80.82211073700006, 6.050803213000052 ], [ 80.822079957000085, 6.050793832000068 ], [ 80.822037895000051, 6.050783706000061 ], [ 80.82193694800003, 6.050767410000049 ], [ 80.821873820000064, 6.050753186000065 ], [ 80.821832273000041, 6.050739029000056 ], [ 80.821793240000034, 6.050723808000043 ], [ 80.821760617000052, 6.050709013000073 ], [ 80.821732945000065, 6.050693510000031 ], [ 80.821714617000055, 6.050680066000041 ], [ 80.821697541000049, 6.050664634000043 ], [ 80.821680639000078, 6.050646336000057 ], [ 80.821664482000074, 6.050625904000071 ], [ 80.821629904000076, 6.050573694000036 ], [ 80.821575510000059, 6.050481686000069 ], [ 80.82155278700003, 6.050448845000062 ], [ 80.821531389000086, 6.050422749000063 ], [ 80.821509988000059, 6.050401587000067 ], [ 80.821488551000073, 6.050384482000027 ], [ 80.821439799000075, 6.050349892000042 ], [ 80.821391903000062, 6.050320068000076 ], [ 80.821349812000051, 6.05029799600004 ], [ 80.82130698900005, 6.050280200000032 ], [ 80.821267434000049, 6.050268494000022 ], [ 80.821227599000053, 6.050262289000045 ], [ 80.82117351200003, 6.050261597000031 ], [ 80.821095361000062, 6.050266109000063 ], [ 80.821005328000069, 6.050266987000043 ], [ 80.820890152000061, 6.050272170000028 ], [ 80.820817402000046, 6.050273567000033 ], [ 80.820777331000045, 6.05027251000007 ], [ 80.820739597000056, 6.050269652000054 ], [ 80.820705086000032, 6.050264988000038 ], [ 80.820672043000059, 6.050258239000073 ], [ 80.82063523000005, 6.050247478000074 ], [ 80.820600118000073, 6.050233571000035 ], [ 80.820559932000037, 6.050214592000032 ], [ 80.820521576000033, 6.050193006000029 ], [ 80.820481079000047, 6.050166015000059 ], [ 80.820440744000052, 6.050135993000026 ], [ 80.820405331000075, 6.050106982000045 ], [ 80.820362241000055, 6.050068871000065 ], [ 80.820291479000048, 6.050002205000055 ], [ 80.820223326000075, 6.049932082000055 ], [ 80.820158508000077, 6.049859746000038 ], [ 80.820101197000042, 6.049788747000036 ], [ 80.820058827000082, 6.049731095000027 ], [ 80.820019061000039, 6.049671832000058 ], [ 80.819949941000061, 6.049557130000039 ], [ 80.819891189000032, 6.049465569000063 ], [ 80.819857729000034, 6.049410214000034 ], [ 80.819838988000072, 6.049374925000052 ], [ 80.819823523000082, 6.049340422000057 ], [ 80.81981203600003, 6.049308042000064 ], [ 80.819803499000045, 6.049274399000069 ], [ 80.819798227000035, 6.049243726000043 ], [ 80.819796352000083, 6.049214561000042 ], [ 80.819800092000037, 6.04918869200003 ], [ 80.819810228000051, 6.049147130000051 ], [ 80.81981191300008, 6.049115139000037 ], [ 80.819807191000052, 6.04909411400007 ], [ 80.819799714000055, 6.049073411000052 ], [ 80.819789766000042, 6.049052760000052 ], [ 80.819777640000041, 6.049033373000043 ], [ 80.819765047000033, 6.049017881000054 ], [ 80.819749439000077, 6.049003145000029 ], [ 80.819730235000065, 6.04898762800002 ], [ 80.819710541000063, 6.048974387000044 ], [ 80.819674116000044, 6.048955933000059 ], [ 80.819623610000065, 6.048936781000066 ], [ 80.819591616000082, 6.048922422000032 ], [ 80.819558916000062, 6.048903678000045 ], [ 80.819527475000029, 6.048881643000072 ], [ 80.819493917000045, 6.048850107000021 ], [ 80.819463005000046, 6.048815694000041 ], [ 80.81942618100004, 6.048769932000027 ], [ 80.819394924000051, 6.048724900000025 ], [ 80.819370615000082, 6.048684432000073 ], [ 80.819348836000074, 6.048642580000035 ], [ 80.819329821000053, 6.048600067000052 ], [ 80.819313729000044, 6.048556778000034 ], [ 80.81930142200008, 6.048515919000067 ], [ 80.819292086000075, 6.048474857000031 ], [ 80.81928606200006, 6.048432546000072 ], [ 80.81928276900004, 6.048389716000031 ], [ 80.819282462000047, 6.048332353000035 ], [ 80.819285297000079, 6.048271804000024 ], [ 80.819290539000065, 6.048205400000029 ], [ 80.819298658000037, 6.048140667000041 ], [ 80.819306696000069, 6.048091903000056 ], [ 80.819316883000056, 6.04804542200003 ], [ 80.819329382000035, 6.048004128000059 ], [ 80.819344727000043, 6.047964750000062 ], [ 80.819366172000059, 6.047922312000026 ], [ 80.819392937000032, 6.047880405000058 ], [ 80.819417116000068, 6.047848521000049 ], [ 80.819443654000054, 6.04782166800004 ], [ 80.819469165000044, 6.047806963000028 ], [ 80.819496508000043, 6.047796550000044 ], [ 80.81952368900005, 6.047790999000028 ], [ 80.819566593000047, 6.047786338000037 ], [ 80.81959710700005, 6.047777798000027 ], [ 80.819611626000039, 6.047770521000075 ], [ 80.81962526500007, 6.047761358000059 ], [ 80.819635947000052, 6.047749989000067 ], [ 80.819645321000053, 6.047737 ], [ 80.819660440000064, 6.047707628000069 ], [ 80.819671249000066, 6.047677702000044 ], [ 80.819683255000029, 6.047633320000045 ], [ 80.819689099000072, 6.047594759000049 ], [ 80.81968970500003, 6.047574155000063 ], [ 80.819687157000033, 6.047553016000052 ], [ 80.819673759000068, 6.047501356000055 ], [ 80.819668456000045, 6.047472514000049 ], [ 80.819666971000061, 6.047448191000058 ], [ 80.819668841000066, 6.047425507000071 ], [ 80.819672741000034, 6.047415096000066 ], [ 80.819678926000051, 6.047404602000029 ], [ 80.819696844000077, 6.047382188000029 ], [ 80.819720113000074, 6.047361059000025 ], [ 80.819746248000058, 6.04734324900005 ], [ 80.819768960000033, 6.04733034800006 ], [ 80.819791528000053, 6.047320303000049 ], [ 80.819814321000081, 6.047313209000038 ], [ 80.819838172000061, 6.047308514000065 ], [ 80.819864844000051, 6.047306609000032 ], [ 80.81989145700004, 6.047307465000074 ], [ 80.819922201000054, 6.047310112000048 ], [ 80.819948061000048, 6.047315461000039 ], [ 80.81996358300006, 6.047321583000041 ], [ 80.819980073000067, 6.04733086400006 ], [ 80.820016014000032, 6.047356235000052 ], [ 80.820043389000034, 6.047383202000049 ], [ 80.820082415000059, 6.047428954000054 ], [ 80.82010196400006, 6.047447218000059 ], [ 80.820116518000077, 6.04745820200003 ], [ 80.820141665000051, 6.047472237000022 ], [ 80.820158226000046, 6.047479055000053 ], [ 80.820176883000045, 6.047483193000062 ], [ 80.82020947500007, 6.047486365000054 ], [ 80.820226940000055, 6.047486684000035 ], [ 80.820242324000048, 6.047484374000021 ], [ 80.820258438000053, 6.047479248000059 ], [ 80.820269883000037, 6.047472667000022 ], [ 80.820282492000047, 6.047458349000067 ], [ 80.820283509000035, 6.047457193000071 ], [ 80.82028600700005, 6.047452704000023 ], [ 80.820305137000048, 6.047418340000036 ], [ 80.820312410000042, 6.047410328000069 ], [ 80.820318834000034, 6.047403251000048 ], [ 80.820332170000086, 6.047393344000056 ], [ 80.820340239000075, 6.047390091000068 ], [ 80.820350690000055, 6.047388395000041 ], [ 80.820377238000049, 6.047390816000075 ], [ 80.820397249000052, 6.047395760000029 ], [ 80.820416200000068, 6.04740298400003 ], [ 80.820440525000038, 6.047416683000051 ], [ 80.820458238000072, 6.047428711000066 ], [ 80.820485187000031, 6.047454705000064 ], [ 80.82051642600004, 6.047494267000047 ], [ 80.820538879000082, 6.047518706000062 ], [ 80.820562546000076, 6.047539219000043 ], [ 80.820586713000068, 6.047554215000048 ], [ 80.820602450000081, 6.047558590000051 ], [ 80.820616883000071, 6.047559890000059 ], [ 80.820628961000068, 6.047558500000036 ], [ 80.82065177700008, 6.047552421000034 ], [ 80.820672169000034, 6.047545144000026 ], [ 80.82068206100007, 6.047539986000061 ], [ 80.820692242000064, 6.047531466000066 ], [ 80.820699984000044, 6.047520637000048 ], [ 80.820702517000029, 6.047505112000067 ], [ 80.820701729000064, 6.047488656000041 ], [ 80.82069793800008, 6.047467758000039 ], [ 80.82069113600005, 6.047447358000056 ], [ 80.820676111000068, 6.047425133000047 ], [ 80.820650669000031, 6.047401356000023 ], [ 80.820636841000066, 6.047385157000065 ], [ 80.82062533800007, 6.04736276400007 ], [ 80.820618054000079, 6.047342841000045 ], [ 80.820616697000048, 6.047339131000058 ], [ 80.820610290000047, 6.047311060000027 ], [ 80.820607179000035, 6.047282185000029 ], [ 80.82060649400006, 6.047249775000068 ], [ 80.820608479000043, 6.047215641000037 ], [ 80.820612831000062, 6.047189342000024 ], [ 80.820621017000065, 6.047162256000036 ], [ 80.820634711000082, 6.047126949000074 ], [ 80.82065073800004, 6.047092005000025 ], [ 80.820685881000031, 6.047030592000056 ], [ 80.820741139000063, 6.046946781000031 ], [ 80.820774420000077, 6.046891714000026 ], [ 80.82081319200006, 6.04681352700004 ], [ 80.820848626000043, 6.046736474000056 ], [ 80.820880192000061, 6.046661577000066 ], [ 80.820907223000063, 6.046588238000027 ], [ 80.820927701000073, 6.046521302000031 ], [ 80.820943435000061, 6.046454118000042 ], [ 80.820951337000054, 6.046405852000021 ], [ 80.820956178000074, 6.046358355000052 ], [ 80.82095853900006, 6.046307521000074 ], [ 80.820958206000057, 6.046253660000048 ], [ 80.820954935000032, 6.046183395000071 ], [ 80.820949731000042, 6.046118189000026 ], [ 80.820924554000044, 6.045898571000066 ], [ 80.820917209000072, 6.045822098000031 ], [ 80.820915876000072, 6.045775324000033 ], [ 80.820917552000083, 6.045669290000035 ], [ 80.820915556000045, 6.045623509000052 ], [ 80.820911747000082, 6.045593450000069 ], [ 80.820905799000059, 6.045566333000068 ], [ 80.820897977000072, 6.045542555000054 ], [ 80.820886320000056, 6.045516386000031 ], [ 80.820869860000073, 6.045486279000045 ], [ 80.820849245000034, 6.045454164000034 ], [ 80.820806269000059, 6.045397171000047 ], [ 80.820789435000052, 6.045374846000072 ], [ 80.820776666000086, 6.04535018200005 ], [ 80.82076287700005, 6.045314989000076 ], [ 80.820740292000039, 6.045246056000053 ], [ 80.820713284000078, 6.045149595000055 ], [ 80.820697706000033, 6.045076053000059 ], [ 80.820674108000048, 6.044940891000067 ], [ 80.820657877000031, 6.044872563000069 ], [ 80.82063979000003, 6.044809360000045 ], [ 80.820615045000068, 6.04474331800003 ], [ 80.82058422800003, 6.044670603000043 ], [ 80.820519114000035, 6.044535970000027 ], [ 80.820487685000046, 6.044466189000048 ], [ 80.820464160000085, 6.044406787000071 ], [ 80.820442352000043, 6.044343948000062 ], [ 80.820427333000055, 6.044294598000022 ], [ 80.820412962000034, 6.044240359000071 ], [ 80.820403018000036, 6.044194780000055 ], [ 80.820395068000039, 6.044148756000027 ], [ 80.820388456000046, 6.044097195000063 ], [ 80.820386619000033, 6.044069998000055 ], [ 80.820388010000045, 6.044038880000073 ], [ 80.820392862000062, 6.044009579000033 ], [ 80.820405951000055, 6.043969679000043 ], [ 80.820414758000084, 6.043950876000054 ], [ 80.82042517800005, 6.043932901000062 ], [ 80.82043383000007, 6.043921605000037 ], [ 80.820443694000062, 6.043912318000025 ], [ 80.820455347000063, 6.043904461000068 ], [ 80.820468358000085, 6.043898297000055 ], [ 80.820499945000051, 6.043890218000058 ], [ 80.820538500000055, 6.043887789000053 ], [ 80.82058534500004, 6.043889943000067 ], [ 80.820684284000038, 6.043899004000025 ], [ 80.820727816000044, 6.043899777000036 ], [ 80.820758553000076, 6.04389694200006 ], [ 80.820795977000046, 6.043887992000066 ], [ 80.820842931000072, 6.043872700000065 ], [ 80.820887835000065, 6.043855754000049 ], [ 80.820934012000066, 6.043835925000053 ], [ 80.820979521000083, 6.043814056000031 ], [ 80.821026205000067, 6.043789261000029 ], [ 80.821072016000073, 6.043762622000031 ], [ 80.821117736000076, 6.043733747000033 ], [ 80.821163962000071, 6.043702246000066 ], [ 80.821204022000074, 6.043672217000051 ], [ 80.821254382000063, 6.043631317000063 ], [ 80.821355948000075, 6.043540724000025 ], [ 80.821432038000069, 6.043468368000049 ], [ 80.82157423600006, 6.043324461000054 ], [ 80.821690786000033, 6.043203586000061 ], [ 80.821784544000081, 6.04310126300004 ], [ 80.821877478000033, 6.042993545000058 ], [ 80.821950825000044, 6.042900098000075 ], [ 80.821993960000043, 6.04284141200003 ], [ 80.822022162000053, 6.042798902000072 ], [ 80.822044885000082, 6.042758951000053 ], [ 80.82206835900007, 6.042710906000025 ], [ 80.822088833000066, 6.042661102000068 ], [ 80.822104095000043, 6.042614136000054 ], [ 80.822113030000082, 6.042572431000053 ], [ 80.822117968000043, 6.042529150000064 ], [ 80.822119498000063, 6.042484256000023 ], [ 80.822118187000058, 6.042434542000024 ], [ 80.822103574000039, 6.042255591000071 ], [ 80.822103193000032, 6.042226191000054 ], [ 80.822108148000041, 6.042021644000044 ], [ 80.822160792000034, 6.041812843000059 ], [ 80.822054851000075, 6.041750506000028 ], [ 80.821904990000064, 6.041667164000046 ], [ 80.821822738000037, 6.041625258000067 ], [ 80.821744804000048, 6.041588821000062 ], [ 80.821709342000077, 6.04192332100007 ], [ 80.821639363000031, 6.042170933000023 ], [ 80.821628173000079, 6.042215475000035 ], [ 80.821612636000054, 6.042268343000046 ], [ 80.82159437200005, 6.04232074600003 ], [ 80.821236104000036, 6.042797651000058 ], [ 80.821207205000064, 6.042849298000021 ], [ 80.821187866000059, 6.042875501000026 ], [ 80.821165480000047, 6.04289529700003 ], [ 80.821106820000068, 6.042929189000063 ], [ 80.821041769000033, 6.042959975000031 ], [ 80.82097899300004, 6.042982792000032 ], [ 80.820872548000068, 6.043016559000023 ], [ 80.820834837000064, 6.043030788000067 ], [ 80.820801077000056, 6.043045876000065 ], [ 80.820678697000062, 6.043112883000049 ], [ 80.820614481000064, 6.043150873000059 ], [ 80.820565447000035, 6.043182262000073 ] ] ], [ [ [ 80.889272688000062, 6.069116652000048 ], [ 80.889253477000068, 6.068978680000043 ], [ 80.889237265000077, 6.068820610000046 ], [ 80.88922836900008, 6.068687603000058 ], [ 80.889224179000053, 6.068550971000036 ], [ 80.889225010000075, 6.068396488000076 ], [ 80.88923154400004, 6.068237793000037 ], [ 80.88924460700008, 6.068061491000037 ], [ 80.889251571000045, 6.067997297000034 ], [ 80.889259976000062, 6.067937654000048 ], [ 80.889272790000064, 6.067863353000064 ], [ 80.889288530000044, 6.067785063000031 ], [ 80.889364934000071, 6.067454052000073 ], [ 80.889378570000076, 6.067402480000055 ], [ 80.889392515000054, 6.067356938000046 ], [ 80.889407363000032, 6.067315497000038 ], [ 80.889423371000078, 6.067277467000054 ], [ 80.889438965000068, 6.067245697000033 ], [ 80.889455776000034, 6.067216070000029 ], [ 80.889474992000032, 6.067186610000022 ], [ 80.88949750200004, 6.06715590500005 ], [ 80.889541337000082, 6.067102646000023 ], [ 80.889674084000035, 6.066952075000074 ], [ 80.88973844700007, 6.066882781000061 ], [ 80.889812033000055, 6.066808494000043 ], [ 80.889891037000041, 6.066732448000039 ], [ 80.890115065000032, 6.066521669000053 ], [ 80.890182696000068, 6.06645517100003 ], [ 80.890241868000032, 6.066394135000053 ], [ 80.890288157000043, 6.06634377000006 ], [ 80.890323208000041, 6.066303185000038 ], [ 80.89034964700005, 6.066267711000023 ], [ 80.890424732000042, 6.066158780000023 ], [ 80.89045057900006, 6.066127263000055 ], [ 80.890475785000035, 6.066101925000055 ], [ 80.890506071000061, 6.06607856200003 ], [ 80.890544580000039, 6.066057159000025 ], [ 80.890589969000075, 6.066037895000022 ], [ 80.890639019000048, 6.066022427000064 ], [ 80.890690576000054, 6.066011237000055 ], [ 80.890760576000048, 6.066001902000039 ], [ 80.890805614000044, 6.066000291000023 ], [ 80.890843135000068, 6.066004303000057 ], [ 80.890864768000085, 6.066010175000031 ], [ 80.890887550000059, 6.066019901000061 ], [ 80.890910783000038, 6.066033188000063 ], [ 80.890933880000034, 6.066049693000025 ], [ 80.890956463000066, 6.066069237000022 ], [ 80.890977152000062, 6.066090710000026 ], [ 80.890994695000074, 6.066112738000072 ], [ 80.891008118000059, 6.066134268000042 ], [ 80.891020239000056, 6.066159543000026 ], [ 80.891030538000052, 6.066187744000047 ], [ 80.891038876000039, 6.066218500000048 ], [ 80.891045083000051, 6.066251184000066 ], [ 80.891049003000035, 6.066285020000066 ], [ 80.891050417000031, 6.066317970000057 ], [ 80.891048795000074, 6.066344109000056 ], [ 80.891044264000072, 6.066371533000051 ], [ 80.891030509000075, 6.066419715000052 ], [ 80.891008131000035, 6.066474562000053 ], [ 80.890944109000031, 6.066603 ], [ 80.890915674000041, 6.06665325900002 ], [ 80.890872375000072, 6.066719018000072 ], [ 80.890750307000076, 6.066890269000055 ], [ 80.89064460700007, 6.067025929000067 ], [ 80.890623597000058, 6.067057517000023 ], [ 80.890606934000061, 6.06708721800004 ], [ 80.890594176000036, 6.067115697000077 ], [ 80.890576005000071, 6.067166555000028 ], [ 80.890564851000079, 6.067202642000041 ], [ 80.890557545000036, 6.067233697000063 ], [ 80.890553723000039, 6.067260650000037 ], [ 80.890553020000084, 6.067285095000045 ], [ 80.89055533800007, 6.067306856000073 ], [ 80.890560998000069, 6.067328543000031 ], [ 80.89056914400004, 6.067349138000054 ], [ 80.890580138000075, 6.067370581000034 ], [ 80.890593944000045, 6.067392804000065 ], [ 80.890610492000064, 6.067415689000029 ], [ 80.890649820000078, 6.067461037000044 ], [ 80.890668557000083, 6.06747838800004 ], [ 80.890689497000039, 6.06749502200006 ], [ 80.890719657000034, 6.067515345000061 ], [ 80.890753248000067, 6.067534317000025 ], [ 80.890790069000047, 6.067551825000066 ], [ 80.890829758000052, 6.067567691000022 ], [ 80.890854327000056, 6.067576141000075 ], [ 80.890872923000074, 6.067580639000028 ], [ 80.890942488000064, 6.067589516000055 ], [ 80.890966563000063, 6.067594056000075 ], [ 80.890987901000074, 6.067600990000074 ], [ 80.891009350000047, 6.067611998000075 ], [ 80.891029346000039, 6.06762503300007 ], [ 80.891049871000064, 6.067640940000047 ], [ 80.891093690000048, 6.067682345000037 ], [ 80.891107170000055, 6.06769999200003 ], [ 80.891129461000048, 6.067739416000052 ], [ 80.891139391000081, 6.067754282000067 ], [ 80.891151637000064, 6.067766946000063 ], [ 80.89116524700006, 6.067774731000043 ], [ 80.891191135000042, 6.067781725000032 ], [ 80.891221643000051, 6.067783880000036 ], [ 80.891244166000035, 6.067781297000067 ], [ 80.891268172000082, 6.067773122000062 ], [ 80.891301345000045, 6.067755006000027 ], [ 80.891352171000051, 6.067719942000053 ], [ 80.891376595000054, 6.06769805600004 ], [ 80.891398816000049, 6.067671924000024 ], [ 80.891415093000035, 6.067647879000049 ], [ 80.891430220000075, 6.067620791000024 ], [ 80.891444357000069, 6.067590385000074 ], [ 80.891457787000036, 6.067556054000022 ], [ 80.891477811000073, 6.067493901000034 ], [ 80.891522630000054, 6.067334359000029 ], [ 80.89156425300007, 6.067218425000021 ], [ 80.891577190000078, 6.06717739000004 ], [ 80.891585331000044, 6.067142291000039 ], [ 80.891589342000032, 6.067111103000059 ], [ 80.891589540000041, 6.067085377000069 ], [ 80.891586631000052, 6.067026603000045 ], [ 80.891587491000053, 6.067000346000043 ], [ 80.891591725000069, 6.066973961000031 ], [ 80.891599039000084, 6.066946553000037 ], [ 80.891611153000042, 6.066914272000076 ], [ 80.891627386000039, 6.066880762000039 ], [ 80.891647986000066, 6.066845482000076 ], [ 80.891673849000085, 6.066806887000041 ], [ 80.891781908000041, 6.066663493000021 ], [ 80.891814207000039, 6.066624712000021 ], [ 80.89185040600006, 6.066584762000048 ], [ 80.891897249000067, 6.066536862000021 ], [ 80.891953533000049, 6.066482876000066 ], [ 80.892055568000046, 6.066389016000073 ], [ 80.892122697000048, 6.066329796000048 ], [ 80.892183407000061, 6.066279253000062 ], [ 80.892256540000062, 6.06622188800003 ], [ 80.892305279000084, 6.066185074000032 ], [ 80.892345657000078, 6.066157 ], [ 80.892379761000029, 6.066135794000047 ], [ 80.892404849000059, 6.066122482000026 ], [ 80.892495668000038, 6.066086337000058 ], [ 80.892527698000038, 6.066071135000072 ], [ 80.892557092000061, 6.066051615000049 ], [ 80.892585303000033, 6.066025238000066 ], [ 80.892602428000032, 6.066005286000063 ], [ 80.892620251000039, 6.065981512000064 ], [ 80.892676091000055, 6.065897004000021 ], [ 80.892698006000046, 6.065866237000023 ], [ 80.892826632000038, 6.065712936000068 ], [ 80.892860043000042, 6.065668733000052 ], [ 80.892896717000042, 6.065616337000051 ], [ 80.892943249000041, 6.06554432300004 ], [ 80.892988949000085, 6.065467239000043 ], [ 80.893063561000076, 6.065334576000055 ], [ 80.893075395000039, 6.065309986000045 ], [ 80.893083623000052, 6.065287731000069 ], [ 80.893090854000036, 6.065257305000046 ], [ 80.893095582000058, 6.065224757000067 ], [ 80.893097336000039, 6.06519325000005 ], [ 80.893096136000054, 6.065163361000032 ], [ 80.893092348000039, 6.06513741200007 ], [ 80.893086037000046, 6.06511387300003 ], [ 80.893076221000058, 6.065089877000048 ], [ 80.893063028000086, 6.06506558500007 ], [ 80.893047951000085, 6.065043262000074 ], [ 80.893030946000067, 6.065022440000064 ], [ 80.893011526000066, 6.065002907000064 ], [ 80.892996178000033, 6.06499106800004 ], [ 80.892982260000053, 6.064983780000034 ], [ 80.892965397000069, 6.064977397000064 ], [ 80.892904006000037, 6.064961254000025 ], [ 80.892881615000078, 6.06495381700006 ], [ 80.892861445000051, 6.06494368500006 ], [ 80.892845470000054, 6.064930838000066 ], [ 80.892815452000036, 6.064897556000062 ], [ 80.892804188000071, 6.064881095000032 ], [ 80.892795797000076, 6.064865269000052 ], [ 80.892790794000064, 6.064851668000074 ], [ 80.892788190000033, 6.064837895000039 ], [ 80.892787684000041, 6.064822491000029 ], [ 80.892789340000036, 6.064805497000066 ], [ 80.892794662000085, 6.064780889000076 ], [ 80.892804139000077, 6.064750645000061 ], [ 80.892830582000045, 6.064675031000036 ], [ 80.89285062700003, 6.064628268000035 ], [ 80.892898031000072, 6.064533142000073 ], [ 80.892928411000071, 6.064475766000044 ], [ 80.892959568000038, 6.064421867000021 ], [ 80.892997512000079, 6.064362012000061 ], [ 80.893027981000046, 6.064321876000065 ], [ 80.893067520000045, 6.064279894000038 ], [ 80.893169971000077, 6.064182929000026 ], [ 80.893259238000041, 6.064105098000027 ], [ 80.893297130000064, 6.064067943000055 ], [ 80.893316710000079, 6.064044780000074 ], [ 80.893333135000034, 6.064021146000073 ], [ 80.893343109000057, 6.064003490000061 ], [ 80.893347927000036, 6.063994962000038 ], [ 80.893360660000042, 6.063966786000037 ], [ 80.89337451800003, 6.063925925000035 ], [ 80.893384900000058, 6.063881012000024 ], [ 80.893391919000067, 6.063831587000038 ], [ 80.893395719000068, 6.063776657000062 ], [ 80.893395571000042, 6.063677260000077 ], [ 80.89338992200004, 6.063555541000028 ], [ 80.893385280000075, 6.063455503000057 ], [ 80.893385481000053, 6.063319944000057 ], [ 80.893381849000036, 6.063260528000058 ], [ 80.893375955000067, 6.063226187000055 ], [ 80.893368989000066, 6.063203686000065 ], [ 80.893360316000042, 6.063181954000072 ], [ 80.893350204000058, 6.063161666000042 ], [ 80.893338874000051, 6.063143254000067 ], [ 80.893326037000065, 6.063126477000026 ], [ 80.89331426900003, 6.063114842000061 ], [ 80.893298134000077, 6.063102603000061 ], [ 80.893241489000047, 6.063065137000024 ], [ 80.893201266000062, 6.063029802000074 ], [ 80.893166141000052, 6.062994582000044 ], [ 80.893134018000069, 6.062957573000062 ], [ 80.893104892000053, 6.062919114000067 ], [ 80.893079097000054, 6.06287960100002 ], [ 80.893056156000057, 6.062838430000056 ], [ 80.893039252000051, 6.062802896000051 ], [ 80.893024382000078, 6.062766288000034 ], [ 80.893011547000071, 6.062728605000075 ], [ 80.893000749000066, 6.062689847000058 ], [ 80.892991985000037, 6.062650015000031 ], [ 80.892985256000031, 6.062609108000061 ], [ 80.892980561000059, 6.062567127000023 ], [ 80.89297790300003, 6.062524071000041 ], [ 80.891983151000034, 6.062516334000065 ], [ 80.891976881000062, 6.062621769000032 ], [ 80.891965799000047, 6.062726496000039 ], [ 80.891953560000047, 6.062807305000035 ], [ 80.891929135000055, 6.062918950000039 ], [ 80.891921158000059, 6.062961832000042 ], [ 80.891914476000068, 6.063017722000041 ], [ 80.891910340000038, 6.06307978500007 ], [ 80.891908890000082, 6.063135915000032 ], [ 80.891909203000068, 6.063198122000074 ], [ 80.891911873000083, 6.06328579500007 ], [ 80.891914750000069, 6.063325486000053 ], [ 80.891926015000081, 6.063405077000027 ], [ 80.89195297200007, 6.06354273200003 ], [ 80.891954135000049, 6.06354867400006 ], [ 80.891963726000085, 6.063604359000067 ], [ 80.891970609000055, 6.063660957000025 ], [ 80.891973187000076, 6.063711983000076 ], [ 80.891971209000076, 6.063824465000039 ], [ 80.891969150000079, 6.063851575000058 ], [ 80.891965599000059, 6.063874979000047 ], [ 80.891958684000031, 6.063901079000061 ], [ 80.891945382000074, 6.063934095000036 ], [ 80.891931930000055, 6.063963219000073 ], [ 80.891919251000047, 6.063984515000072 ], [ 80.891902646000062, 6.064002967000022 ], [ 80.89189404800004, 6.064008643000022 ], [ 80.891885182000067, 6.064012001000037 ], [ 80.891873841000063, 6.064013633000059 ], [ 80.891860548000068, 6.064013335000027 ], [ 80.891829726000083, 6.064007050000043 ], [ 80.891807759000073, 6.063998808000065 ], [ 80.891793968000059, 6.063990888000035 ], [ 80.89178068800004, 6.063978967000025 ], [ 80.891743241000086, 6.063938059000066 ], [ 80.891726794000078, 6.063926540000068 ], [ 80.891705377000051, 6.063915044000055 ], [ 80.891673499000035, 6.063902004000056 ], [ 80.891633334000062, 6.063889492000044 ], [ 80.891581441000085, 6.063876124000046 ], [ 80.891536788000053, 6.063867876000074 ], [ 80.891501523000045, 6.063864085000034 ], [ 80.891463675000068, 6.063862504000042 ], [ 80.891433119000055, 6.063863418000039 ], [ 80.89139779900006, 6.063867063000032 ], [ 80.891368296000053, 6.063871650000067 ], [ 80.891344567000033, 6.063877629000046 ], [ 80.891325447000042, 6.063885067000058 ], [ 80.891304935000051, 6.06389643600005 ], [ 80.891285993000054, 6.063908577000063 ], [ 80.89127320800003, 6.063919651000049 ], [ 80.891265133000047, 6.063930890000051 ], [ 80.891261625000084, 6.063942637000025 ], [ 80.891261367000084, 6.063955431000068 ], [ 80.89126402900007, 6.063987806000057 ], [ 80.891279060000045, 6.064059918000055 ], [ 80.891281507000031, 6.064097795000066 ], [ 80.891280292000033, 6.064129887000036 ], [ 80.891276639000068, 6.064164607000066 ], [ 80.891269009000041, 6.064211512000043 ], [ 80.891261584000063, 6.064245439000047 ], [ 80.891249856000059, 6.064281035000022 ], [ 80.891234212000029, 6.064311364000048 ], [ 80.891210883000042, 6.064343896000025 ], [ 80.891179084000044, 6.064379225000039 ], [ 80.891141173000051, 6.064414058000068 ], [ 80.891094686000031, 6.064448306000031 ], [ 80.891067916000054, 6.06446392600003 ], [ 80.89099247300004, 6.064502349000065 ], [ 80.890940564000061, 6.064533881000045 ], [ 80.890905474000078, 6.064558466000051 ], [ 80.890868286000057, 6.064591587000052 ], [ 80.890790964000075, 6.064671604000068 ], [ 80.890698050000083, 6.064756863000071 ], [ 80.890636766000057, 6.064807693000034 ], [ 80.890580886000066, 6.064846076000038 ], [ 80.890538327000058, 6.064871938000067 ], [ 80.890503889000058, 6.06489072200003 ], [ 80.890472045000081, 6.064905435000071 ], [ 80.890442085000075, 6.064916338000046 ], [ 80.890404894000085, 6.064926238000055 ], [ 80.890366752000034, 6.064933119000045 ], [ 80.890327658000047, 6.064936984000042 ], [ 80.890287611000076, 6.06493782900003 ], [ 80.890134256000067, 6.06505715000003 ], [ 80.889983934000043, 6.065174111000033 ], [ 80.889987863000044, 6.065194265000059 ], [ 80.889989329000059, 6.065215543000022 ], [ 80.88998773600008, 6.065234117000045 ], [ 80.889983728000061, 6.065248766000025 ], [ 80.88997764800007, 6.065261705000069 ], [ 80.889970333000065, 6.065272647000029 ], [ 80.889948379000032, 6.065301082000076 ], [ 80.889924329000053, 6.065328195000063 ], [ 80.889737982000042, 6.065520421000031 ], [ 80.889568832000066, 6.065684824000073 ], [ 80.889346828000043, 6.065893444000039 ], [ 80.889094787000033, 6.066122748000055 ], [ 80.889020036000034, 6.066186677000076 ], [ 80.888933619000056, 6.066257380000025 ], [ 80.888887236000073, 6.066290464000076 ], [ 80.888847758000054, 6.066312936000031 ], [ 80.88879356800004, 6.066337445000045 ], [ 80.888737410000033, 6.066355116000068 ], [ 80.888674147000074, 6.066366896000034 ], [ 80.888610362000065, 6.066372483000066 ], [ 80.888498661000085, 6.066369861000055 ], [ 80.888398707000079, 6.06636317400006 ], [ 80.88831612000007, 6.06635447900004 ], [ 80.888290466000058, 6.066348310000024 ], [ 80.888273225000034, 6.066340980000064 ], [ 80.888256971000033, 6.066330317000052 ], [ 80.888242271000081, 6.066317230000038 ], [ 80.888227396000048, 6.066300370000022 ], [ 80.888213782000037, 6.066281643000025 ], [ 80.888190031000079, 6.066242537000051 ], [ 80.888156196000068, 6.066179986000066 ], [ 80.88811340500007, 6.066107002000024 ], [ 80.888089789000048, 6.066058942000041 ], [ 80.888071951000029, 6.066011297000045 ], [ 80.888057923000076, 6.065959512000063 ], [ 80.888048170000047, 6.065905001000033 ], [ 80.888045973000033, 6.065876247000062 ], [ 80.88804612000007, 6.065845772000046 ], [ 80.888053569000078, 6.065752973000031 ], [ 80.888054122000085, 6.065693921000047 ], [ 80.888045023000075, 6.065618056000062 ], [ 80.888022004000049, 6.065504504000046 ], [ 80.888011200000051, 6.06542973300003 ], [ 80.888009056000044, 6.065388515000052 ], [ 80.88800910100008, 6.065344237000033 ], [ 80.888010903000065, 6.065295610000021 ], [ 80.888014588000033, 6.06524706600004 ], [ 80.887540300000069, 6.065282256000046 ], [ 80.887594886000045, 6.065313981000031 ], [ 80.887604914000065, 6.065320247000045 ], [ 80.887609999000063, 6.06532342600002 ], [ 80.887617230000046, 6.065328061000059 ], [ 80.887662454000065, 6.065356754000049 ], [ 80.887671626000042, 6.065364400000021 ], [ 80.887688866000076, 6.065378769000063 ], [ 80.88771274000004, 6.06540612200007 ], [ 80.887737825000045, 6.065444039000056 ], [ 80.887794126000074, 6.065548718000059 ], [ 80.887837253000043, 6.065616653000063 ], [ 80.887851897000075, 6.065642438000054 ], [ 80.887860487000069, 6.065661264000028 ], [ 80.887866537000036, 6.065679120000027 ], [ 80.887871073000042, 6.065699904000041 ], [ 80.887874013000044, 6.06572256100003 ], [ 80.887875088000044, 6.06576730300003 ], [ 80.887870520000035, 6.06581757500004 ], [ 80.887863037000045, 6.065854003000027 ], [ 80.887851878000049, 6.065880980000031 ], [ 80.887838500000043, 6.06589862800007 ], [ 80.887819467000043, 6.065915572000051 ], [ 80.887798779000036, 6.065929788000062 ], [ 80.887754751000045, 6.065956804000052 ], [ 80.887732373000063, 6.065970535000076 ], [ 80.887663230000044, 6.066021141000022 ], [ 80.887641128000041, 6.06604173900007 ], [ 80.887632672000052, 6.066053380000028 ], [ 80.887625802000059, 6.066067052000051 ], [ 80.887619312000083, 6.066084557000067 ], [ 80.887614752000047, 6.066102492000027 ], [ 80.887612593000085, 6.066118025000037 ], [ 80.887612481000076, 6.066131793000068 ], [ 80.887614588000076, 6.066143202000035 ], [ 80.88761904200004, 6.066154654000059 ], [ 80.887630481000031, 6.066172498000071 ], [ 80.887648113000068, 6.06619164500006 ], [ 80.887705874000062, 6.066241465000076 ], [ 80.887718556000038, 6.066253859000028 ], [ 80.887759531000086, 6.066293980000069 ], [ 80.887811179000039, 6.066339139000036 ], [ 80.887896445000081, 6.066405787000065 ], [ 80.888002115000063, 6.06648339000003 ], [ 80.888009698000076, 6.066489069000056 ], [ 80.888108981000073, 6.066561900000067 ], [ 80.888112977000048, 6.066564953000068 ], [ 80.888119118000077, 6.066569698000023 ], [ 80.888143734000039, 6.066588739000053 ], [ 80.88814585700004, 6.066590542000029 ], [ 80.888147845000049, 6.066592230000026 ], [ 80.888155458000085, 6.066598868000028 ], [ 80.888169772000083, 6.066611349000027 ], [ 80.888173244000029, 6.066614718000039 ], [ 80.888178069000048, 6.066619399000047 ], [ 80.888191099000039, 6.066632415000072 ], [ 80.888206551000053, 6.066647849000049 ], [ 80.88821546500003, 6.066657518000056 ], [ 80.888216577000037, 6.066658723000046 ], [ 80.888218302000041, 6.066660634000073 ], [ 80.888226454000062, 6.066669667000042 ], [ 80.88822852100003, 6.066672338000046 ], [ 80.888230225000029, 6.066674538000029 ], [ 80.888232194000068, 6.066677229000049 ], [ 80.888235252000072, 6.066681408000022 ], [ 80.88823768900005, 6.066685573000029 ], [ 80.888239355000053, 6.066688418000069 ], [ 80.888240207000081, 6.066690008000023 ], [ 80.888241267000069, 6.066691984000045 ], [ 80.888244803000077, 6.066700999000034 ], [ 80.888246073000062, 6.066704300000026 ], [ 80.888246726000034, 6.066707092000058 ], [ 80.888251297000068, 6.066731032000064 ], [ 80.888251852000053, 6.066734192000069 ], [ 80.88825203600004, 6.066737534000026 ], [ 80.888252325000053, 6.066742757000043 ], [ 80.888253246000033, 6.066767116000051 ], [ 80.888253304000045, 6.066768640000021 ], [ 80.888253399000064, 6.066772452000066 ], [ 80.888252873000056, 6.066779630000042 ], [ 80.888251927000056, 6.066792511000074 ], [ 80.888250667000079, 6.066806382000038 ], [ 80.888250264000078, 6.06681081000005 ], [ 80.888249890000054, 6.066812618000029 ], [ 80.888249313000074, 6.06681541100005 ], [ 80.888245077000079, 6.06683408400005 ], [ 80.888244218000068, 6.066837523000061 ], [ 80.888243736000049, 6.066839455000036 ], [ 80.888242306000052, 6.06684315800004 ], [ 80.888238302000047, 6.066853524000066 ], [ 80.888234179000051, 6.066863568000031 ], [ 80.888230997000051, 6.066871319000029 ], [ 80.888225374000058, 6.066882669000051 ], [ 80.888222754000083, 6.066887953000048 ], [ 80.888220019000073, 6.066893288000074 ], [ 80.888210524000044, 6.066912116000026 ], [ 80.888196461000064, 6.066936249000037 ], [ 80.888194307000049, 6.066939990000037 ], [ 80.888193430000058, 6.066941452000037 ], [ 80.888192734000086, 6.066942611000059 ], [ 80.888186253000072, 6.066952090000029 ], [ 80.88817475500008, 6.066968910000071 ], [ 80.888171991000036, 6.066972884000052 ], [ 80.888168230000076, 6.066978291000055 ], [ 80.888129400000082, 6.067030842000065 ], [ 80.888117267000041, 6.067047396000021 ], [ 80.888078954000036, 6.067112434000023 ], [ 80.888068720000035, 6.067126743000074 ], [ 80.888065611000059, 6.067131227000061 ], [ 80.888061923000066, 6.067136248000054 ], [ 80.888059567000084, 6.067139456000064 ], [ 80.888055486000042, 6.067144137000071 ], [ 80.888049589000047, 6.067150899000069 ], [ 80.888046790000033, 6.067153947000065 ], [ 80.888044611000055, 6.067156321000027 ], [ 80.888034751000077, 6.067165328000044 ], [ 80.888029518000053, 6.067170108000028 ], [ 80.888027729000044, 6.067171687000041 ], [ 80.888008979000062, 6.067188671000054 ], [ 80.887932490000082, 6.067250039000044 ], [ 80.887898289000077, 6.067274799000074 ], [ 80.887887547000048, 6.067282727000077 ], [ 80.887849813000059, 6.067309895000051 ], [ 80.88782943700005, 6.067324564000046 ], [ 80.887822519000053, 6.06732910900007 ], [ 80.887818392000042, 6.067331820000049 ], [ 80.88781152200005, 6.067336209000075 ], [ 80.887787524000032, 6.067351701000064 ], [ 80.887744017000045, 6.067377497000052 ], [ 80.887623352000048, 6.067455686000073 ], [ 80.887505107000038, 6.067536840000059 ], [ 80.887389282000072, 6.067620957000031 ], [ 80.887275876000047, 6.06770804000007 ], [ 80.88718924300008, 6.067777851000073 ], [ 80.88710932400005, 6.067845988000045 ], [ 80.887035368000056, 6.067914502000065 ], [ 80.886915464000083, 6.068029763000027 ], [ 80.886817929000074, 6.068116738000072 ], [ 80.886668717000077, 6.068235402000028 ], [ 80.886602476000064, 6.068284679000044 ], [ 80.886536551000063, 6.068330897000067 ], [ 80.886447730000043, 6.068387972000039 ], [ 80.886357974000077, 6.06843770100005 ], [ 80.886273411000047, 6.06847927900003 ], [ 80.886117083000045, 6.068552944000032 ], [ 80.88598991200007, 6.068617472000028 ], [ 80.885835513000075, 6.068693084000074 ], [ 80.885743992000073, 6.068740183000045 ], [ 80.885690679000049, 6.068769575000033 ], [ 80.885640567000053, 6.068799223000042 ], [ 80.885595029000058, 6.068828394000036 ], [ 80.885551940000084, 6.068858487000057 ], [ 80.885487356000056, 6.068909100000042 ], [ 80.88542422900008, 6.068961739000031 ], [ 80.885308357000042, 6.069062101000043 ], [ 80.885254033000081, 6.069112980000057 ], [ 80.885216870000079, 6.069153981000056 ], [ 80.885171932000048, 6.069209888000046 ], [ 80.885129259000053, 6.069270361000065 ], [ 80.88510993500006, 6.069303884000021 ], [ 80.885097807000079, 6.069332152000072 ], [ 80.88508689400004, 6.069370839000044 ], [ 80.88507261500007, 6.069444556000064 ], [ 80.885059046000038, 6.069497588000047 ], [ 80.885052881000036, 6.069539152000061 ], [ 80.885053967000033, 6.069560100000047 ], [ 80.885058985000057, 6.069583005000027 ], [ 80.885086886000067, 6.06966787600004 ], [ 80.885096571000076, 6.069704695000041 ], [ 80.885102214000085, 6.069735739000066 ], [ 80.885103991000051, 6.069769689000054 ], [ 80.885102783000036, 6.069811103000063 ], [ 80.885099238000066, 6.069858327000077 ], [ 80.885093896000058, 6.069901654000034 ], [ 80.885085631000038, 6.069944801000076 ], [ 80.885070608000035, 6.069991191000042 ], [ 80.885047624000038, 6.070043373000033 ], [ 80.885013489000073, 6.070112340000037 ], [ 80.88498919500006, 6.070173230000023 ], [ 80.884979773000055, 6.070208389000072 ], [ 80.884972194000056, 6.070247437000035 ], [ 80.884968176000029, 6.070274441000038 ], [ 80.884966511000073, 6.070301759000074 ], [ 80.884970446000068, 6.070340533000035 ], [ 80.884983033000083, 6.070409742000038 ], [ 80.884993641000051, 6.070503373000065 ], [ 80.885006221000083, 6.070582825000031 ], [ 80.885014750000039, 6.070616346000065 ], [ 80.88502593100003, 6.070651836000025 ], [ 80.885058279000077, 6.070730188000027 ], [ 80.885065806000057, 6.070755055000063 ], [ 80.885070560000031, 6.070778765000057 ], [ 80.885076142000059, 6.07084194600003 ], [ 80.885079790000077, 6.070949537000047 ], [ 80.885087393000049, 6.07103660100006 ], [ 80.885101994000081, 6.071153645000038 ], [ 80.885122993000039, 6.07128343200003 ], [ 80.885147207000045, 6.071404122000047 ], [ 80.885176195000042, 6.071526577000043 ], [ 80.885230843000045, 6.071714773000053 ], [ 80.885255873000062, 6.07182197000003 ], [ 80.885267540000029, 6.071855334000077 ], [ 80.88528171400003, 6.071883585000023 ], [ 80.885302212000056, 6.071915258000047 ], [ 80.885322856000073, 6.071939213000064 ], [ 80.885350158000051, 6.071963092000033 ], [ 80.88538236100004, 6.071984832000055 ], [ 80.885399942000049, 6.071994257000028 ], [ 80.885420285000066, 6.072002423000072 ], [ 80.885552242000074, 6.072044438000034 ], [ 80.885571441000081, 6.072053813000025 ], [ 80.885597039000061, 6.072071255000026 ], [ 80.885610030000066, 6.072084281000059 ], [ 80.885617333000084, 6.072098847000063 ], [ 80.885624202000031, 6.072131272000036 ], [ 80.885626203000072, 6.072158221000052 ], [ 80.885625786000048, 6.072228006000046 ], [ 80.885623009000085, 6.072248277000028 ], [ 80.885617534000062, 6.072267994000072 ], [ 80.885606983000059, 6.07229355000004 ], [ 80.885593282000059, 6.072317436000048 ], [ 80.885577269000066, 6.072338185000035 ], [ 80.885559889000035, 6.072354583000049 ], [ 80.885533270000053, 6.072372037000036 ], [ 80.885497201000078, 6.072389356000031 ], [ 80.885479815000053, 6.072395151000023 ], [ 80.885437394000064, 6.072404740000025 ], [ 80.885418799000036, 6.07241050500005 ], [ 80.885356595000076, 6.072441051000055 ], [ 80.88529942100007, 6.072466614000064 ], [ 80.885239737000063, 6.072490600000037 ], [ 80.885179024000081, 6.072512313000061 ], [ 80.885269341000082, 6.07249058900004 ], [ 80.885336891000065, 6.072465026000032 ], [ 80.885375578000037, 6.072453219000067 ], [ 80.885422141000049, 6.07244391100005 ], [ 80.885523137000064, 6.072429227000043 ], [ 80.885552038000071, 6.07242130800006 ], [ 80.885579311000072, 6.072409974000038 ], [ 80.885617154000045, 6.072388411000077 ], [ 80.885650593000037, 6.072360704000062 ], [ 80.885682917000054, 6.072324501000026 ], [ 80.885715893000054, 6.072276940000052 ], [ 80.88573238400005, 6.072260050000068 ], [ 80.885750598000072, 6.072244666000074 ], [ 80.885776006000071, 6.072227008000027 ], [ 80.885803022000061, 6.072212058000048 ], [ 80.885831651000046, 6.072200021000072 ], [ 80.885861372000079, 6.072190919000036 ], [ 80.885898079000071, 6.072183951000056 ], [ 80.885934945000031, 6.072182490000046 ], [ 80.885973984000032, 6.072186937000026 ], [ 80.886031328000058, 6.072198839000066 ], [ 80.886089146000074, 6.072213262000048 ], [ 80.886148609000031, 6.072231914000042 ], [ 80.886207142000046, 6.072254046000069 ], [ 80.886270418000038, 6.072281626000063 ], [ 80.88630390000003, 6.072302224000055 ], [ 80.886317498000039, 6.072313745000031 ], [ 80.886328992000074, 6.072326253000028 ], [ 80.886348045000034, 6.07235847100003 ], [ 80.886375833000045, 6.072421378000058 ], [ 80.886392117000071, 6.072449423000023 ], [ 80.886410676000082, 6.072477482000068 ], [ 80.886430697000037, 6.072504461000051 ], [ 80.886450611000043, 6.072526828000036 ], [ 80.886474946000078, 6.072550052000054 ], [ 80.886500892000072, 6.072571178000032 ], [ 80.886523427000043, 6.07258685000005 ], [ 80.886546475000046, 6.072600450000039 ], [ 80.886599408000052, 6.072623479000072 ], [ 80.886645930000043, 6.072639249000076 ], [ 80.886719483000036, 6.072659200000032 ], [ 80.886780152000085, 6.072681296000042 ], [ 80.886817502000042, 6.072690773000033 ], [ 80.886854074000041, 6.072694618000071 ], [ 80.886884013000042, 6.072694407000029 ], [ 80.886908395000034, 6.072690532000024 ], [ 80.886933514000077, 6.072681577000026 ], [ 80.88695929000005, 6.072667317000025 ], [ 80.886986938000064, 6.072646976000044 ], [ 80.887015720000079, 6.072621234000053 ], [ 80.887054659000057, 6.072581757000023 ], [ 80.887082373000055, 6.072549266000067 ], [ 80.887099052000053, 6.072523646000036 ], [ 80.88712064200007, 6.07247306000005 ], [ 80.88713075000004, 6.072437014000059 ], [ 80.887131898000064, 6.072415516000035 ], [ 80.887129720000075, 6.07240822600005 ], [ 80.887126378000062, 6.072403992000034 ], [ 80.887121461000049, 6.072401343000024 ], [ 80.88711306700003, 6.072400504000029 ], [ 80.887090649000072, 6.072403915000052 ], [ 80.887078552000048, 6.072427364000021 ], [ 80.887065181000082, 6.072448896000026 ], [ 80.887050536000061, 6.072468512000057 ], [ 80.88703461700004, 6.072486212000058 ], [ 80.887017359000083, 6.072502048000047 ], [ 80.886998816000073, 6.072515954000039 ], [ 80.886978688000056, 6.072528091000038 ], [ 80.886958436000043, 6.072537597000064 ], [ 80.886933391000071, 6.072546441000043 ], [ 80.886905156000068, 6.072553905000063 ], [ 80.886878688000081, 6.072558507000053 ], [ 80.88685085700007, 6.072561072000042 ], [ 80.886819726000056, 6.072561517000054 ], [ 80.88678675400007, 6.07255950800004 ], [ 80.886758278000059, 6.07255561900007 ], [ 80.886733425000045, 6.072549756000058 ], [ 80.886705860000063, 6.072539191000033 ], [ 80.886675608000075, 6.072522798000023 ], [ 80.886630644000036, 6.072492907000026 ], [ 80.886601566000081, 6.072469588000047 ], [ 80.886569757000075, 6.072439336000059 ], [ 80.886488778000057, 6.072355794000032 ], [ 80.886371775000043, 6.072224868000035 ], [ 80.88630979900006, 6.072159777000024 ], [ 80.88629456700005, 6.072146247000035 ], [ 80.886275837000085, 6.072132496000052 ], [ 80.886228221000067, 6.072104677000027 ], [ 80.886143331000085, 6.07207068200006 ], [ 80.886085515000048, 6.072040007000055 ], [ 80.886064257000044, 6.072030265000024 ], [ 80.886026991000051, 6.072018393000064 ], [ 80.885992792000081, 6.072011530000054 ], [ 80.885956624000073, 6.072009338000043 ], [ 80.885919014000081, 6.072011816000042 ], [ 80.885896346000038, 6.072017104000054 ], [ 80.885839203000046, 6.072035507000066 ], [ 80.885797566000065, 6.072041979000062 ], [ 80.885762352000086, 6.072043404000055 ], [ 80.885732979000068, 6.072039066000059 ], [ 80.885576494000077, 6.071992345000069 ], [ 80.885521372000085, 6.071972508000044 ], [ 80.88549246000008, 6.071959 ], [ 80.885467286000051, 6.071944304000056 ], [ 80.885445434000076, 6.071928190000051 ], [ 80.885426360000054, 6.071910247000062 ], [ 80.885406645000046, 6.071887968000055 ], [ 80.885389192000048, 6.071864744000038 ], [ 80.885374269000067, 6.071840775000055 ], [ 80.885364237000033, 6.071819923000021 ], [ 80.885350231000075, 6.071776511000053 ], [ 80.885323017000076, 6.071660152000049 ], [ 80.885310225000069, 6.071590251000032 ], [ 80.885299772000053, 6.07151368500007 ], [ 80.885291386000063, 6.071429189000071 ], [ 80.885286363000034, 6.071346184000049 ], [ 80.885283538000067, 6.071321323000063 ], [ 80.885275061000073, 6.071283796000046 ], [ 80.885248390000072, 6.071194952000042 ], [ 80.885239188000071, 6.071143057000029 ], [ 80.885235032000082, 6.071075860000064 ], [ 80.885235045000059, 6.070918895000034 ], [ 80.88523249900004, 6.070880073000069 ], [ 80.885227901000064, 6.070845365000025 ], [ 80.885218191000035, 6.070802711000056 ], [ 80.885201297000037, 6.070750146000023 ], [ 80.885159981000072, 6.070637658000066 ], [ 80.885114936000036, 6.070530643000041 ], [ 80.885099856000068, 6.070484093000061 ], [ 80.885093312000038, 6.070450330000028 ], [ 80.88508865700004, 6.070396169000048 ], [ 80.88508876700007, 6.070354430000066 ], [ 80.885092838000048, 6.070317173000035 ], [ 80.885100658000056, 6.070284767000032 ], [ 80.885114521000048, 6.070249674000024 ], [ 80.88513692500004, 6.070201759000042 ], [ 80.885183797000082, 6.070115065000039 ], [ 80.885208519000059, 6.070057923000036 ], [ 80.885290801000053, 6.06982647500007 ], [ 80.885307014000034, 6.069771139000068 ], [ 80.885317685000075, 6.069711651000034 ], [ 80.88532467400006, 6.069658358000027 ], [ 80.88532624700008, 6.069633657000054 ], [ 80.885323480000068, 6.069606116000045 ], [ 80.885307817000069, 6.069549012000039 ], [ 80.885301865000031, 6.069511366000029 ], [ 80.885298547000048, 6.069478869000022 ], [ 80.885297639000044, 6.069450372000063 ], [ 80.885298989000034, 6.069424254000069 ], [ 80.88530249400003, 6.069400766000058 ], [ 80.885308690000045, 6.069376411000064 ], [ 80.885318743000084, 6.069347697000069 ], [ 80.885333063000076, 6.069314359000032 ], [ 80.88535435600005, 6.069270105000044 ], [ 80.885374173000059, 6.069233790000055 ], [ 80.885392637000052, 6.069204141000057 ], [ 80.885411776000069, 6.069177215000025 ], [ 80.885431949000065, 6.069152607000035 ], [ 80.885451075000049, 6.06913284500007 ], [ 80.885475234000069, 6.069111660000033 ], [ 80.885504266000055, 6.069089547000033 ], [ 80.885615270000073, 6.069014763000041 ], [ 80.885689356000057, 6.068968871000038 ], [ 80.885776169000053, 6.068920036000065 ], [ 80.885855461000062, 6.068880216000025 ], [ 80.886061221000034, 6.068790862000071 ], [ 80.886179911000056, 6.068732976000035 ], [ 80.886311473000035, 6.068664256000034 ], [ 80.886540958000069, 6.068536184000038 ], [ 80.886751391000075, 6.068430875000047 ], [ 80.886841810000078, 6.068380497000021 ], [ 80.886904118000075, 6.06833953000006 ], [ 80.887034023000069, 6.068245350000041 ], [ 80.887142294000057, 6.068174067000029 ], [ 80.887189053000043, 6.068140443000061 ], [ 80.887236531000042, 6.068100930000071 ], [ 80.887332829000059, 6.068012679000049 ], [ 80.887379591000069, 6.067972320000024 ], [ 80.887584207000032, 6.067805280000073 ], [ 80.88761938600004, 6.067778592000025 ], [ 80.887645617000032, 6.067761886000028 ], [ 80.887673463000056, 6.067747805000067 ], [ 80.887768476000076, 6.067710732000023 ], [ 80.887800023000068, 6.067696792000049 ], [ 80.887856633000069, 6.067667047000043 ], [ 80.887912222000068, 6.067634748000046 ], [ 80.887934437000069, 6.067636495000045 ], [ 80.88795529600003, 6.067640361000031 ], [ 80.887974797000084, 6.067646340000067 ], [ 80.887992942000039, 6.067654435000065 ], [ 80.888007504000029, 6.067663181000057 ], [ 80.888020066000081, 6.067673521000074 ], [ 80.88803297700008, 6.067687309000064 ], [ 80.88804678300005, 6.067705272000069 ], [ 80.888085799000066, 6.067764477000026 ], [ 80.888119689000064, 6.067830654000034 ], [ 80.888133828000036, 6.067866798000068 ], [ 80.888162349000083, 6.067952773000059 ], [ 80.888201781000078, 6.068053440000028 ], [ 80.888210342000036, 6.068068333000042 ], [ 80.888219727000035, 6.068080370000075 ], [ 80.888230465000049, 6.068090184000027 ], [ 80.888244178000036, 6.068099483000026 ], [ 80.888276033000068, 6.068114708000053 ], [ 80.888321176000034, 6.068129938000027 ], [ 80.888353908000056, 6.068136643000059 ], [ 80.88837970000003, 6.068136908000042 ], [ 80.888397908000059, 6.068133218000071 ], [ 80.888418003000083, 6.068126182000071 ], [ 80.888488378000034, 6.068092121000063 ], [ 80.888523942000063, 6.068078641000056 ], [ 80.888580936000039, 6.068054066000059 ], [ 80.88859403500004, 6.068050413000037 ], [ 80.888604670000063, 6.068049314000064 ], [ 80.888613196000051, 6.068050733000064 ], [ 80.888619744000039, 6.068054699000072 ], [ 80.888625212000079, 6.068062208000072 ], [ 80.888629500000036, 6.068073519000052 ], [ 80.888641280000058, 6.068139761000054 ], [ 80.888693812000042, 6.068314410000028 ], [ 80.888712019000081, 6.068381572000021 ], [ 80.888731986000039, 6.068476864000047 ], [ 80.888748663000058, 6.068583986000021 ], [ 80.888763090000054, 6.068709993000027 ], [ 80.888776908000068, 6.068868077000047 ], [ 80.888784569000052, 6.069015571000023 ], [ 80.888795152000057, 6.069336129000021 ], [ 80.888798433000034, 6.069495826000036 ], [ 80.888798392000069, 6.069631541000035 ], [ 80.888793459000055, 6.069788541000037 ], [ 80.88878280800003, 6.069932299000072 ], [ 80.888772963000065, 6.07001365900004 ], [ 80.888745521000033, 6.070179793000023 ], [ 80.888737951000053, 6.070247428000073 ], [ 80.888735910000037, 6.070302642000058 ], [ 80.88873721300007, 6.070434609000074 ], [ 80.888732213000083, 6.070507052000039 ], [ 80.88872380600003, 6.070574281000063 ], [ 80.888712444000078, 6.070641231000025 ], [ 80.888698127000055, 6.070707900000059 ], [ 80.888680854000086, 6.070774287000063 ], [ 80.888802991000034, 6.07088298900004 ], [ 80.888909903000069, 6.070978078000053 ], [ 80.889044126000044, 6.070876501000043 ], [ 80.889230603000044, 6.070735383000056 ], [ 80.88926235100007, 6.070640169000058 ], [ 80.889287467000031, 6.070571456000039 ], [ 80.889311704000079, 6.070515188000059 ], [ 80.889380700000061, 6.070366402000047 ], [ 80.889399137000055, 6.070321193000041 ], [ 80.889413533000038, 6.070279974000073 ], [ 80.889429001000053, 6.070222070000057 ], [ 80.889442335000069, 6.070155722000038 ], [ 80.889443935000031, 6.070147766000048 ], [ 80.889453855000056, 6.070078784000032 ], [ 80.889459632000069, 6.070011591000025 ], [ 80.889460946000042, 6.069935275000034 ], [ 80.889456304000078, 6.069853814000055 ], [ 80.889445622000039, 6.069765749000055 ], [ 80.88942873600007, 6.069669683000029 ], [ 80.889417923000053, 6.069625238000071 ], [ 80.889403084000037, 6.069576497000071 ], [ 80.889340431000051, 6.069404475000056 ], [ 80.88931801800004, 6.06933450300005 ], [ 80.889294048000068, 6.069232949000025 ], [ 80.889272688000062, 6.069116652000048 ] ], [ [ 80.888192040000035, 6.067446222000058 ], [ 80.888202147000072, 6.067398652000065 ], [ 80.88822372900006, 6.06735125900002 ], [ 80.888281083000038, 6.067289752000022 ], [ 80.888389751000034, 6.067225338000071 ], [ 80.88845443200006, 6.067208774000051 ], [ 80.888504211000054, 6.067208854000057 ], [ 80.888538907000054, 6.067231184000036 ], [ 80.888568458000066, 6.06727304900005 ], [ 80.888610415000073, 6.067452825000032 ], [ 80.888627155000052, 6.067576355000028 ], [ 80.888621844000056, 6.067665164000061 ], [ 80.888610648000054, 6.067694647000053 ], [ 80.888593737000065, 6.067714184000067 ], [ 80.888545972000031, 6.067732915000022 ], [ 80.888476139000034, 6.067739079000035 ], [ 80.888402689000031, 6.067731477000052 ], [ 80.888340620000065, 6.067711436000025 ], [ 80.888307821000069, 6.067690733000063 ], [ 80.88828197600003, 6.067661890000068 ], [ 80.888209222000057, 6.067530594000061 ], [ 80.888194758000054, 6.067485470000065 ], [ 80.888192040000035, 6.067446222000058 ] ] ], [ [ [ 80.912667810000073, 6.071957045000033 ], [ 80.912707626000042, 6.071947442000067 ], [ 80.912734306000061, 6.07193860600006 ], [ 80.912759011000048, 6.07192826000005 ], [ 80.912779624000052, 6.071917445000054 ], [ 80.912796438000044, 6.071906635000062 ], [ 80.912798227000053, 6.071902616000045 ], [ 80.912899692000053, 6.071673695000072 ], [ 80.912919695000085, 6.071636584000032 ], [ 80.91294055700007, 6.071607034000067 ], [ 80.912964425000041, 6.071581144000049 ], [ 80.912989068000059, 6.071557741000049 ], [ 80.913011793000067, 6.071539451000035 ], [ 80.913033845000029, 6.071525111000028 ], [ 80.913055004000057, 6.071514755000067 ], [ 80.913063287000057, 6.071511650000048 ], [ 80.913089488000082, 6.07148309400003 ], [ 80.913113690000046, 6.071453276000057 ], [ 80.913136791000056, 6.071420846000024 ], [ 80.913154199000076, 6.071392339000056 ], [ 80.913185414000054, 6.071327918000065 ], [ 80.913238119000084, 6.071198819000074 ], [ 80.913258116000065, 6.071142394000049 ], [ 80.913276891000066, 6.071083711000028 ], [ 80.913294999000072, 6.071020840000074 ], [ 80.913310411000055, 6.07096075100003 ], [ 80.91332337800003, 6.070902252000053 ], [ 80.913333689000069, 6.070846034000056 ], [ 80.913339479000058, 6.070804662000057 ], [ 80.913342964000037, 6.070761256000026 ], [ 80.913344561000031, 6.070703412000057 ], [ 80.913343352000084, 6.070571289000043 ], [ 80.913344436000045, 6.070512360000066 ], [ 80.91334749300006, 6.070467013000041 ], [ 80.913357240000039, 6.070391360000031 ], [ 80.913360702000034, 6.07034197400003 ], [ 80.91335968900006, 6.070309340000051 ], [ 80.913355507000063, 6.070279974000073 ], [ 80.913344963000043, 6.070232066000074 ], [ 80.913331633000041, 6.070184550000022 ], [ 80.913316334000058, 6.070139708000056 ], [ 80.913297999000065, 6.070094694000034 ], [ 80.913284971000053, 6.070067410000036 ], [ 80.913268583000047, 6.070037797000055 ], [ 80.913202710000064, 6.069929427000034 ], [ 80.913179797000055, 6.069886034000035 ], [ 80.91316545400008, 6.06985297600005 ], [ 80.913151815000049, 6.069812868000042 ], [ 80.913142816000061, 6.06977695300003 ], [ 80.913137673000051, 6.069742589000043 ], [ 80.913136567000038, 6.069711551000069 ], [ 80.913142291000042, 6.069655669000042 ], [ 80.913158994000071, 6.069575565000036 ], [ 80.913176176000036, 6.069514097000024 ], [ 80.913203711000051, 6.069435866000049 ], [ 80.913250713000082, 6.069322790000058 ], [ 80.913273669000034, 6.069273827000075 ], [ 80.913290458000063, 6.06924170700006 ], [ 80.913315415000056, 6.069201054000075 ], [ 80.913361384000041, 6.069146488000058 ], [ 80.913376146000076, 6.069125881000048 ], [ 80.913386397000068, 6.069107711000072 ], [ 80.913392747000046, 6.069090829000061 ], [ 80.913396289000048, 6.069074092000051 ], [ 80.913398607000033, 6.069047502000046 ], [ 80.913398140000083, 6.069021683000074 ], [ 80.913397456000041, 6.06901734500002 ], [ 80.913393011000039, 6.068989185000021 ], [ 80.913382967000075, 6.068962579000072 ], [ 80.913366167000049, 6.068938209000066 ], [ 80.913341800000069, 6.068914244000041 ], [ 80.91331118800008, 6.068892553000069 ], [ 80.913279716000034, 6.068876862000025 ], [ 80.913243744000056, 6.068866319000051 ], [ 80.913206530000082, 6.068861480000066 ], [ 80.913179195000055, 6.068861618000028 ], [ 80.91315742300003, 6.068864871000073 ], [ 80.913134188000072, 6.06887217600007 ], [ 80.913130469000066, 6.068873946000053 ], [ 80.913109604000056, 6.06888387500004 ], [ 80.913083736000033, 6.068900178000035 ], [ 80.913058154000055, 6.068920067000022 ], [ 80.913031967000052, 6.068944111000064 ], [ 80.913004819000037, 6.06897277500002 ], [ 80.912980293000032, 6.069003887000065 ], [ 80.912959270000044, 6.069040697000048 ], [ 80.91293461600003, 6.069098256000075 ], [ 80.912901794000049, 6.069193655000049 ], [ 80.912883388000068, 6.069239892000041 ], [ 80.912861726000074, 6.069281165000064 ], [ 80.912835025000049, 6.069320197000025 ], [ 80.912806096000054, 6.069355543000029 ], [ 80.912766546000057, 6.069398233000072 ], [ 80.912661144000083, 6.069503531000066 ], [ 80.912509642000032, 6.069664888000034 ], [ 80.912449376000041, 6.069725345000052 ], [ 80.91240606100007, 6.069766293000043 ], [ 80.912340484000083, 6.069823375000055 ], [ 80.912272872000074, 6.069875139000033 ], [ 80.912203662000081, 6.069919880000043 ], [ 80.912078027000064, 6.069990540000049 ], [ 80.911990832000072, 6.070045790000052 ], [ 80.91188941200005, 6.070119077000072 ], [ 80.911734225000032, 6.070238197000037 ], [ 80.911620680000055, 6.070317394000028 ], [ 80.911517663000041, 6.070380685000032 ], [ 80.911412496000082, 6.070440890000043 ], [ 80.911298221000038, 6.070502461000046 ], [ 80.911160765000034, 6.070573328000023 ], [ 80.911083766000047, 6.07061029700003 ], [ 80.91102339300005, 6.070635965000065 ], [ 80.910946773000035, 6.070664837000038 ], [ 80.910864269000058, 6.070692423000025 ], [ 80.910721051000053, 6.070735142000046 ], [ 80.91060138000006, 6.070768723000072 ], [ 80.910498663000055, 6.070795276000069 ], [ 80.91040487500004, 6.070816318000027 ], [ 80.910245892000034, 6.070842364000043 ], [ 80.910114156000077, 6.070860864000053 ], [ 80.910014250000074, 6.070871771000043 ], [ 80.90991671200004, 6.070877389000032 ], [ 80.909855230000062, 6.070883364000053 ], [ 80.909802306000074, 6.070894053000075 ], [ 80.909778600000038, 6.070901751000065 ], [ 80.909766091000051, 6.070906791000027 ], [ 80.909755915000062, 6.070911436000074 ], [ 80.909712623000075, 6.070935872000064 ], [ 80.909669903000065, 6.070966803000033 ], [ 80.909615956000039, 6.071013343000061 ], [ 80.909560574000068, 6.071066305000045 ], [ 80.909522114000083, 6.07110603700005 ], [ 80.909484801000076, 6.071149539000032 ], [ 80.909410209000043, 6.071247069000037 ], [ 80.909361043000047, 6.071308333000047 ], [ 80.909314401000074, 6.071352925000042 ], [ 80.90925866200007, 6.071397119000039 ], [ 80.909233791000077, 6.071419737000042 ], [ 80.909230669000067, 6.071423199000037 ], [ 80.909212678000074, 6.071443152000029 ], [ 80.90920072800003, 6.071462411000027 ], [ 80.909195952000061, 6.071476155000028 ], [ 80.909194684000056, 6.071488858000066 ], [ 80.909196548000068, 6.071501974000057 ], [ 80.909202296000046, 6.071517523000068 ], [ 80.909211418000041, 6.071533848000058 ], [ 80.909225357000082, 6.07155328500005 ], [ 80.909230704000038, 6.07155913500003 ], [ 80.909264024000038, 6.071595583000033 ], [ 80.90932248200005, 6.071648956000047 ], [ 80.909355579000078, 6.071673260000068 ], [ 80.909372877000067, 6.071682380000027 ], [ 80.909392564000029, 6.071689784000057 ], [ 80.909414494000032, 6.071695555000076 ], [ 80.909436892000031, 6.071699270000067 ], [ 80.909458451000035, 6.071700914000075 ], [ 80.909477001000084, 6.071700502000056 ], [ 80.909494767000069, 6.071697340000071 ], [ 80.909512921000044, 6.071691431000033 ], [ 80.909551817000079, 6.071671957000035 ], [ 80.909597513000051, 6.071642146000045 ], [ 80.909630578000076, 6.071624361000033 ], [ 80.909675096000058, 6.071605729000055 ], [ 80.909722329000033, 6.071590468000068 ], [ 80.90977822900004, 6.071576672000049 ], [ 80.909835480000083, 6.071565675000045 ], [ 80.909882696000068, 6.071559929000045 ], [ 80.909927479000032, 6.071558481000068 ], [ 80.909967648000077, 6.071559920000027 ], [ 80.910013732000039, 6.071563863000051 ], [ 80.910169626000084, 6.071585102000029 ], [ 80.910274241000081, 6.071593355000061 ], [ 80.91035693300006, 6.071593958000051 ], [ 80.910437055000045, 6.071594542000071 ], [ 80.910563868000054, 6.071593691000032 ], [ 80.910799690000033, 6.071585067000058 ], [ 80.910863003000031, 6.071585888000072 ], [ 80.910914812000044, 6.071589790000075 ], [ 80.91094885800004, 6.071594627000025 ], [ 80.910982129000047, 6.07160152900002 ], [ 80.911012276000065, 6.071609984000077 ], [ 80.911045304000083, 6.071621748000041 ], [ 80.911086664000038, 6.07163861500004 ], [ 80.911137376000056, 6.071661735000021 ], [ 80.911225884000032, 6.071707256000025 ], [ 80.911295619000043, 6.071750016000067 ], [ 80.911333551000041, 6.071775965000029 ], [ 80.911363086000051, 6.071798153000032 ], [ 80.911392677000038, 6.071823075000054 ], [ 80.911421895000046, 6.071850124000036 ], [ 80.911444894000056, 6.071873753000034 ], [ 80.911463508000054, 6.071896598000023 ], [ 80.911474621000082, 6.071913857000027 ], [ 80.911483541000052, 6.071931322000069 ], [ 80.911500053000054, 6.071976025000026 ], [ 80.911510326000041, 6.07201180900006 ], [ 80.911522855000044, 6.072064121000039 ], [ 80.911539284000071, 6.072144773000048 ], [ 80.911547429000052, 6.072213881000039 ], [ 80.911548443000072, 6.072245928000029 ], [ 80.911547398000039, 6.072276104000025 ], [ 80.911544147000029, 6.072308460000045 ], [ 80.91153870900007, 6.072342064000054 ], [ 80.91152143100004, 6.072413119000032 ], [ 80.911496437000039, 6.072487159000048 ], [ 80.911481452000032, 6.072522872000036 ], [ 80.911464821000038, 6.072557736000022 ], [ 80.911446337000029, 6.072592061000023 ], [ 80.91142572800004, 6.072626290000073 ], [ 80.911381064000068, 6.072690022000074 ], [ 80.911903097000049, 6.072881667000047 ], [ 80.912025855000081, 6.072524365000049 ], [ 80.912119596000082, 6.072241340000062 ], [ 80.912174107000055, 6.07209524600006 ], [ 80.912182932000064, 6.072066310000025 ], [ 80.912190455000029, 6.072026822000055 ], [ 80.912198258000046, 6.072009679000075 ], [ 80.912210703000085, 6.071996732000059 ], [ 80.912244562000069, 6.071971406000046 ], [ 80.912266109000029, 6.07194832600004 ], [ 80.912276040000052, 6.071940391000055 ], [ 80.912297347000049, 6.071932162000053 ], [ 80.912335741000049, 6.071926156000075 ], [ 80.912359038000034, 6.071925330000056 ], [ 80.912384788000054, 6.07192832800007 ], [ 80.912412195000059, 6.071934633000069 ], [ 80.91249186400006, 6.071957294000072 ], [ 80.912515640000038, 6.071961461000058 ], [ 80.912542633000044, 6.071963457000038 ], [ 80.912588939000045, 6.071964945000047 ], [ 80.912626232000036, 6.071963223000068 ], [ 80.912667810000073, 6.071957045000033 ] ] ], [ [ [ 80.961961594000059, 6.088863636000042 ], [ 80.962246020000066, 6.088807038000027 ], [ 80.962533586000063, 6.088780387000043 ], [ 80.96284234400008, 6.08877964900006 ], [ 80.963153719000047, 6.088797515000067 ], [ 80.963319987000034, 6.08884808800002 ], [ 80.963397034000081, 6.088931179000042 ], [ 80.963442285000042, 6.089036341000053 ], [ 80.963468204000037, 6.089187027000037 ], [ 80.963457193000067, 6.089331323000067 ], [ 80.963420909000035, 6.08945895100004 ], [ 80.963336071000072, 6.089646482000035 ], [ 80.963021523000066, 6.090117879000047 ], [ 80.962916775000053, 6.090312933000064 ], [ 80.96287673900008, 6.09041664700004 ], [ 80.962838584000053, 6.090641671000071 ], [ 80.962801067000044, 6.091101434000052 ], [ 80.962650501000041, 6.091625446000023 ], [ 80.96259178300005, 6.091899304000037 ], [ 80.962574175000043, 6.092182328000035 ], [ 80.96258677600008, 6.092530785000065 ], [ 80.962615457000084, 6.092770675000054 ], [ 80.962682035000057, 6.093022827000027 ], [ 80.962760720000063, 6.093172030000062 ], [ 80.963000617000034, 6.093539249000059 ], [ 80.963294470000051, 6.094091340000034 ], [ 80.963449831000048, 6.094443087000059 ], [ 80.963525996000044, 6.094768964000025 ], [ 80.963644030000069, 6.095033985000043 ], [ 80.963706411000032, 6.09528096300005 ], [ 80.963787232000072, 6.095513231000041 ], [ 80.963781923000056, 6.095642652000038 ], [ 80.963731880000068, 6.095911910000041 ], [ 80.963727791000053, 6.096037134000028 ], [ 80.96376156000008, 6.096246356000051 ], [ 80.963826238000081, 6.096446448000052 ], [ 80.963861506000057, 6.096557658000052 ], [ 80.963888259000043, 6.09665504000003 ], [ 80.963914076000037, 6.096765699000059 ], [ 80.963925993000032, 6.096825844000023 ], [ 80.963938542000051, 6.096889180000062 ], [ 80.96396543700007, 6.097046681000052 ], [ 80.964022020000073, 6.097407411000063 ], [ 80.964047712000081, 6.097591260000058 ], [ 80.964070241000059, 6.09777563800003 ], [ 80.964082227000063, 6.097846103000052 ], [ 80.964108159000034, 6.097980567000036 ], [ 80.96413589000008, 6.098110210000073 ], [ 80.964138295000055, 6.098121453000033 ], [ 80.964201046000085, 6.098386955000024 ], [ 80.964254985000082, 6.098627671000031 ], [ 80.96428921200004, 6.098773359000063 ], [ 80.964326088000064, 6.09891291100007 ], [ 80.964347643000053, 6.098984814000062 ], [ 80.964367697000057, 6.099045793000073 ], [ 80.964398929000083, 6.099130634000062 ], [ 80.964434266000069, 6.09921394600002 ], [ 80.964471427000035, 6.099289807000048 ], [ 80.964512959000047, 6.09936317100005 ], [ 80.96454473600005, 6.099412547000043 ], [ 80.964585340000042, 6.099469701000032 ], [ 80.964654163000034, 6.099559786000043 ], [ 80.96471824200006, 6.099643662000062 ], [ 80.964803914000072, 6.099773808000066 ], [ 80.96483723800003, 6.099820583000053 ], [ 80.964856635000046, 6.09984539200002 ], [ 80.964890479000076, 6.099882372000025 ], [ 80.96492909400007, 6.099917945000072 ], [ 80.964972721000038, 6.09995267000005 ], [ 80.965020332000051, 6.099985692000075 ], [ 80.96507263500007, 6.100017584000057 ], [ 80.965129706000084, 6.10004841600005 ], [ 80.965191904000051, 6.100078418000066 ], [ 80.965261804000079, 6.100108801000033 ], [ 80.965338117000044, 6.100138763000075 ], [ 80.965403544000083, 6.100161382000067 ], [ 80.965466366000044, 6.100179583000056 ], [ 80.96552396800007, 6.100192606000064 ], [ 80.965577007000036, 6.100201030000051 ], [ 80.965636956000083, 6.100206632000038 ], [ 80.965701263000085, 6.10020920900007 ], [ 80.96578521400005, 6.10020921000006 ], [ 80.965848894000032, 6.100206856000057 ], [ 80.965918065000039, 6.100200505000032 ], [ 80.96599879200005, 6.100189227000044 ], [ 80.966131164000046, 6.10016775400004 ], [ 80.966231367000034, 6.100155605000054 ], [ 80.966286242000081, 6.100151187000051 ], [ 80.966336962000071, 6.100147102000051 ], [ 80.966501314000084, 6.100136529000054 ], [ 80.966616735000059, 6.10012615200003 ], [ 80.966742737000061, 6.100109332000045 ], [ 80.966873251000038, 6.100087897000037 ], [ 80.967078988000083, 6.100048683000068 ], [ 80.967189482000038, 6.100025793000043 ], [ 80.96729354200005, 6.100001121000048 ], [ 80.967370204000076, 6.099977549000073 ], [ 80.967413398000076, 6.099960691000035 ], [ 80.967465597000057, 6.099937054000065 ], [ 80.967595021000079, 6.099870490000058 ], [ 80.96764250800004, 6.099847629000067 ], [ 80.967852735000065, 6.099755363000043 ], [ 80.967995239000061, 6.099695234000023 ], [ 80.968132189000073, 6.099639634000027 ], [ 80.968259084000067, 6.099590041000056 ], [ 80.968323135000048, 6.099568347000059 ], [ 80.968383483000082, 6.099551650000024 ], [ 80.96845075400006, 6.099535963000051 ], [ 80.968619623000052, 6.099501546000056 ], [ 80.968796814000029, 6.099471182000059 ], [ 80.968944410000063, 6.099452967000047 ], [ 80.969034324000063, 6.099444747000064 ], [ 80.969116237000037, 6.099439649000033 ], [ 80.969192175000046, 6.099437556000055 ], [ 80.96926527200003, 6.099438414000076 ], [ 80.969311882000056, 6.099441212000045 ], [ 80.969372774000078, 6.09944705700002 ], [ 80.969505798000057, 6.099466053000071 ], [ 80.969589877000033, 6.099475482000059 ], [ 80.969687800000031, 6.099481586000024 ], [ 80.969790333000049, 6.099484330000053 ], [ 80.969951425000033, 6.099483417000044 ], [ 80.970205020000037, 6.099476415000026 ], [ 80.970388994000075, 6.099474380000061 ], [ 80.970859155000085, 6.099481573000048 ], [ 80.971192080000037, 6.099478507000072 ], [ 80.97138618200006, 6.099483365000026 ], [ 80.971458060000032, 6.099486381000077 ], [ 80.971529579000048, 6.099493829000039 ], [ 80.971582030000036, 6.099504932000059 ], [ 80.971633017000045, 6.099522898000032 ], [ 80.971689449000053, 6.099550762000035 ], [ 80.971767854000063, 6.099596990000066 ], [ 80.971905790000051, 6.099682637000058 ], [ 80.972000193000042, 6.099745060000032 ], [ 80.972028314000056, 6.099767149000058 ], [ 80.972056105000036, 6.099792595000054 ], [ 80.972083988000065, 6.099821776000056 ], [ 80.972112898000034, 6.099855663000028 ], [ 80.972251010000036, 6.100038881000046 ], [ 80.972288224000067, 6.100092308000058 ], [ 80.972330861000046, 6.100153523000074 ], [ 80.972352365000063, 6.100180773000034 ], [ 80.972373232000052, 6.100204026000029 ], [ 80.972428388000083, 6.100257818000046 ], [ 80.972451699000032, 6.100277518000041 ], [ 80.972474039000076, 6.100294068000039 ], [ 80.972496569000043, 6.100308262000055 ], [ 80.972521577000066, 6.100321547000021 ], [ 80.972580185000083, 6.100345983000068 ], [ 80.972651854000048, 6.100368275000051 ], [ 80.972683066000059, 6.100374745000067 ], [ 80.972717405000083, 6.100379596000039 ], [ 80.972768973000029, 6.100383821000037 ], [ 80.972901722000074, 6.100390133000076 ], [ 80.973143557000071, 6.100412075000065 ], [ 80.973148109000078, 6.100412538000057 ], [ 80.973243164000053, 6.100422206000076 ], [ 80.97360449200005, 6.100464184000032 ], [ 80.973684301000048, 6.100470805000043 ], [ 80.97373047800005, 6.100471890000051 ], [ 80.973772929000063, 6.100470320000056 ], [ 80.973778783000057, 6.100469711000073 ], [ 80.973809477000032, 6.10046651600004 ], [ 80.973857757000076, 6.100458510000067 ], [ 80.973897211000065, 6.100450179000063 ], [ 80.973929850000047, 6.100440751000065 ], [ 80.973956716000032, 6.100430115000052 ], [ 80.973983734000058, 6.100415834000046 ], [ 80.974020909000046, 6.100391247000061 ], [ 80.974155505000056, 6.100292171000035 ], [ 80.974324848000037, 6.100160825000046 ], [ 80.974393661000079, 6.100109583000062 ], [ 80.974479573000053, 6.100048752000021 ], [ 80.974675482000066, 6.099913744000048 ], [ 80.974762866000049, 6.099851210000054 ], [ 80.974891666000076, 6.099754862000054 ], [ 80.974920621000081, 6.09973128200005 ], [ 80.974945409000043, 6.099708838000026 ], [ 80.974974891000045, 6.09967897000007 ], [ 80.975006549000057, 6.099643568000033 ], [ 80.975099373000035, 6.099529684000061 ], [ 80.975132857000062, 6.099483758000076 ], [ 80.975238690000083, 6.099331857000038 ], [ 80.975343156000065, 6.099201440000058 ], [ 80.975435757000071, 6.09907832500005 ], [ 80.975486312000044, 6.099007092000022 ], [ 80.975537228000064, 6.09893025100007 ], [ 80.975613449000036, 6.098804993000044 ], [ 80.975700800000084, 6.098646504000044 ], [ 80.975733338000055, 6.098591761000023 ], [ 80.975782558000049, 6.098516677000021 ], [ 80.975903893000066, 6.098341591000064 ], [ 80.975960397000051, 6.098251807000054 ], [ 80.976022168000043, 6.098143051000022 ], [ 80.976073609000082, 6.098046214000021 ], [ 80.976115367000034, 6.097960600000022 ], [ 80.976148606000038, 6.097882756000047 ], [ 80.97618157800008, 6.097795424000026 ], [ 80.976262725000083, 6.097565890000055 ], [ 80.976326091000033, 6.097408998000049 ], [ 80.976355792000049, 6.09731828200006 ], [ 80.976381588000038, 6.097227770000075 ], [ 80.976402132000032, 6.097145760000046 ], [ 80.976422527000068, 6.097054890000038 ], [ 80.976472197000078, 6.096803384000054 ], [ 80.976488607000078, 6.09671043700007 ], [ 80.976504035000062, 6.096623051000051 ], [ 80.976531117000036, 6.096441769000023 ], [ 80.976564117000066, 6.096190695000075 ], [ 80.976594732000081, 6.095865408000066 ], [ 80.976645012000063, 6.095743049000021 ], [ 80.976537197000084, 6.095706786000051 ], [ 80.976432576000036, 6.095665371000052 ], [ 80.976331150000078, 6.095618803000036 ], [ 80.976232917000061, 6.095567084000038 ], [ 80.976162903000045, 6.095525878000046 ], [ 80.97609460700005, 6.095481899000049 ], [ 80.976033919000031, 6.095439447000047 ], [ 80.976028634000045, 6.095435492000036 ], [ 80.976017255000045, 6.095426973000031 ], [ 80.975963309000065, 6.095386591000022 ], [ 80.975956813000039, 6.095381729000053 ], [ 80.975945210000077, 6.095373837000068 ], [ 80.975914977000059, 6.095353277000072 ], [ 80.975906188000067, 6.095347299000025 ], [ 80.975893390000067, 6.095339427000056 ], [ 80.975871668000082, 6.09532606700003 ], [ 80.975859209000077, 6.095318404000068 ], [ 80.975796170000081, 6.09528429900007 ], [ 80.975763242000085, 6.095266485000025 ], [ 80.975753835000035, 6.095260878000033 ], [ 80.97572604000004, 6.095244312000034 ], [ 80.975708462000057, 6.095233837000023 ], [ 80.975699596000084, 6.095228097000074 ], [ 80.975646930000039, 6.09519399900006 ], [ 80.97563441300008, 6.095185895000043 ], [ 80.975631010000029, 6.095183499000029 ], [ 80.975561049000078, 6.095134243000075 ], [ 80.975559434000047, 6.095133105000059 ], [ 80.975552360000052, 6.095127715000046 ], [ 80.975482778000071, 6.095074707000038 ], [ 80.975472291000074, 6.095066717000066 ], [ 80.975459216000047, 6.095055998000021 ], [ 80.975390501000049, 6.094999667000025 ], [ 80.975380122000047, 6.094991158000028 ], [ 80.975375773000053, 6.094987385000024 ], [ 80.975345638000078, 6.094961246000025 ], [ 80.975281754000036, 6.094905836000066 ], [ 80.975266669000064, 6.094892025000036 ], [ 80.975238239000078, 6.094866 ], [ 80.975174903000038, 6.094808019000027 ], [ 80.975157678000073, 6.094790472000057 ], [ 80.975138300000083, 6.094770735000054 ], [ 80.975131941000029, 6.094764256000076 ], [ 80.975125710000043, 6.094757349000076 ], [ 80.975096258000065, 6.094724706000022 ], [ 80.975083058000052, 6.094710076000069 ], [ 80.975079035000078, 6.094705188000034 ], [ 80.97498365000007, 6.094589300000052 ], [ 80.974981798000044, 6.094587145000048 ], [ 80.974967150000055, 6.094570110000063 ], [ 80.974917244000039, 6.094512071000054 ], [ 80.974914484000067, 6.094509207000044 ], [ 80.974900238000032, 6.094494421000036 ], [ 80.974862084000051, 6.094454821000056 ], [ 80.974856526000053, 6.094449878000034 ], [ 80.974814314000071, 6.094412349000038 ], [ 80.974810676000061, 6.09440911400003 ], [ 80.974801721000063, 6.094402274000061 ], [ 80.974783922000086, 6.094388680000066 ], [ 80.974778639000078, 6.094384645000048 ], [ 80.974771001000079, 6.094379527000058 ], [ 80.974749531000043, 6.094365144000051 ], [ 80.974742339000045, 6.094360325000025 ], [ 80.974736699000061, 6.094356981000033 ], [ 80.974723211000082, 6.094348984000021 ], [ 80.974706903000083, 6.09433931500007 ], [ 80.974663487000043, 6.094316384000024 ], [ 80.974661885000046, 6.094315538000046 ], [ 80.974611894000077, 6.094292456000062 ], [ 80.974562390000074, 6.094269623000059 ], [ 80.974561228000084, 6.094269086000054 ], [ 80.974417763000076, 6.094207883000024 ], [ 80.97441073300007, 6.094204884000021 ], [ 80.974402521000059, 6.094200939000075 ], [ 80.974380049000047, 6.094190142000059 ], [ 80.974356711000041, 6.094178929000066 ], [ 80.974338166000052, 6.094169079000039 ], [ 80.974321882000083, 6.09416043300007 ], [ 80.974313352000081, 6.094155903000058 ], [ 80.974265897000066, 6.09412763000006 ], [ 80.97425478100007, 6.094121006000023 ], [ 80.974251376000041, 6.09411897800004 ], [ 80.974197018000041, 6.094084050000049 ], [ 80.974152753000055, 6.094053871000028 ], [ 80.974133358000074, 6.094040650000068 ], [ 80.974116312000035, 6.094029031000048 ], [ 80.974043005000055, 6.093976462000057 ], [ 80.974037235000083, 6.093972060000056 ], [ 80.973996837000072, 6.093941243000074 ], [ 80.97394113200005, 6.093898753000076 ], [ 80.973930752000058, 6.093890308000027 ], [ 80.973884830000031, 6.093852948000062 ], [ 80.973838786000044, 6.093815488000075 ], [ 80.973821411000074, 6.093800602000044 ], [ 80.97376765000007, 6.093754543000045 ], [ 80.97372495500008, 6.093717965000053 ], [ 80.973704422000083, 6.093699581000067 ], [ 80.973656713000082, 6.093656862000046 ], [ 80.973593307000044, 6.093600090000052 ], [ 80.973573592000037, 6.093581176000043 ], [ 80.973542565000059, 6.093551412000068 ], [ 80.973512331000052, 6.093522409000059 ], [ 80.973492084000043, 6.093501348000075 ], [ 80.973468130000072, 6.09347642900002 ], [ 80.973452523000049, 6.093460196000024 ], [ 80.97341520100008, 6.093417533000036 ], [ 80.973398004000046, 6.09339787600004 ], [ 80.973395520000054, 6.09339503700005 ], [ 80.973390790000053, 6.093388960000027 ], [ 80.973352354000042, 6.093339595000032 ], [ 80.973346519000074, 6.093332099000065 ], [ 80.973343470000032, 6.093327633000058 ], [ 80.973294554000063, 6.093255958000043 ], [ 80.973289823000073, 6.09324902700007 ], [ 80.973285082000075, 6.093241198000044 ], [ 80.973255140000049, 6.09319176300005 ], [ 80.973230804000082, 6.093151583000065 ], [ 80.973222242000077, 6.093135486000051 ], [ 80.973185109000042, 6.093065678000073 ], [ 80.973183456000072, 6.093062572000065 ], [ 80.973180395000043, 6.093055856000035 ], [ 80.973153575000083, 6.092997026000035 ], [ 80.973144197000067, 6.09297645700002 ], [ 80.97313811600003, 6.092960265000045 ], [ 80.973122156000045, 6.092917763000059 ], [ 80.973112645000072, 6.092892433000031 ], [ 80.973108252000031, 6.092877196000074 ], [ 80.973097236000058, 6.092838993000044 ], [ 80.973090651000064, 6.092816153000058 ], [ 80.973088026000084, 6.092802655000071 ], [ 80.973080743000082, 6.09276520700007 ], [ 80.973076836000075, 6.092745121000064 ], [ 80.973075211000037, 6.092730269000072 ], [ 80.973069704000068, 6.092679909000026 ], [ 80.973067866000065, 6.092663102000074 ], [ 80.973067517000061, 6.092654829000026 ], [ 80.973063486000058, 6.092559233000031 ], [ 80.973063093000064, 6.092549912000038 ], [ 80.973062377000076, 6.092360560000031 ], [ 80.973056215000042, 6.092152633000069 ], [ 80.97305607100003, 6.092141093000066 ], [ 80.973055615000078, 6.092104541000026 ], [ 80.973054751000063, 6.092035236000072 ], [ 80.973054779000051, 6.091949102000058 ], [ 80.97305480700004, 6.091857676000075 ], [ 80.97305483100007, 6.091782397000031 ], [ 80.973059889000069, 6.091303666000044 ], [ 80.973060412000052, 6.091254212000024 ], [ 80.97306037900006, 6.091250315000025 ], [ 80.973055617000057, 6.090683931000058 ], [ 80.973055621000071, 6.090675151000028 ], [ 80.973055141000032, 6.090450032000035 ], [ 80.973055785000042, 6.090374497000028 ], [ 80.973055801000044, 6.090342824000061 ], [ 80.973056267000061, 6.090317726000023 ], [ 80.973057979000032, 6.090225615000065 ], [ 80.973059167000031, 6.090161717000058 ], [ 80.973060042000043, 6.090137870000035 ], [ 80.973062851000066, 6.090061408000054 ], [ 80.973065159000043, 6.089998580000042 ], [ 80.973066567000046, 6.089974367000025 ], [ 80.973073611000075, 6.089853198000071 ], [ 80.973075185000084, 6.089826145000075 ], [ 80.973075761000075, 6.089818918000049 ], [ 80.973089815000037, 6.08964291500007 ], [ 80.973090477000085, 6.089632926000036 ], [ 80.973092056000041, 6.089609132000021 ], [ 80.973097575000054, 6.089525989000037 ], [ 80.973098535000076, 6.089502496000023 ], [ 80.97310029700003, 6.089459391000048 ], [ 80.973101930000041, 6.08941943800005 ], [ 80.973102096000048, 6.089392338000039 ], [ 80.97310230000005, 6.089359027000057 ], [ 80.97310243700008, 6.089336554000056 ], [ 80.973100706000082, 6.089276688000041 ], [ 80.973100525000063, 6.089274050000029 ], [ 80.973099607000051, 6.089260612000032 ], [ 80.973096450000071, 6.089214452000022 ], [ 80.973095615000034, 6.089207105000071 ], [ 80.97309341700003, 6.089187785000036 ], [ 80.973089956000081, 6.089157343000068 ], [ 80.973087400000054, 6.089141623000046 ], [ 80.973084055000072, 6.08912103800003 ], [ 80.973081407000052, 6.089104741000028 ], [ 80.973075962000053, 6.089079397000035 ], [ 80.973072111000079, 6.089061473000072 ], [ 80.973070607000068, 6.089054474000022 ], [ 80.973057410000081, 6.089005977000056 ], [ 80.973056969000083, 6.089004669000076 ], [ 80.973054407000063, 6.08899707300003 ], [ 80.973041398000078, 6.088958494000053 ], [ 80.973038386000042, 6.088951059000067 ], [ 80.973031215000049, 6.088933354000062 ], [ 80.973023228000045, 6.088913637000076 ], [ 80.973013721000029, 6.08889305100007 ], [ 80.973007547000066, 6.088879678000069 ], [ 80.973002691000033, 6.088869165000062 ], [ 80.972980803000041, 6.088826101000052 ], [ 80.972979430000066, 6.088823603000037 ], [ 80.972976995000067, 6.088819174000037 ], [ 80.972955496000054, 6.088780062000069 ], [ 80.972946328000035, 6.088765411000054 ], [ 80.972937951000063, 6.088752027000055 ], [ 80.972934396000085, 6.08874634600005 ], [ 80.972929230000034, 6.088739123000039 ], [ 80.972918743000037, 6.088724460000037 ], [ 80.972914382000056, 6.088718364000044 ], [ 80.972908661000076, 6.088711400000022 ], [ 80.972898281000084, 6.088698765000061 ], [ 80.972894122000071, 6.088693703000047 ], [ 80.972886975000051, 6.088686098000039 ], [ 80.972874740000066, 6.088673077000067 ], [ 80.972870126000032, 6.088668166000048 ], [ 80.972863414000074, 6.088661786000046 ], [ 80.972851266000077, 6.088650235000046 ], [ 80.972840056000052, 6.088639575000059 ], [ 80.972790752000037, 6.088598215000047 ], [ 80.972781803000032, 6.088590708000027 ], [ 80.972778806000065, 6.088588193000021 ], [ 80.97272111400008, 6.088543678000065 ], [ 80.972709791000057, 6.088535448000073 ], [ 80.972686041000031, 6.08851818200003 ], [ 80.972647893000044, 6.088490448000073 ], [ 80.97261362100005, 6.088466911000069 ], [ 80.972589511000081, 6.088450354000031 ], [ 80.972555795000062, 6.088427198000034 ], [ 80.972501944000044, 6.088392139000064 ], [ 80.972489582000037, 6.088384779000023 ], [ 80.972480166000082, 6.088379173000021 ], [ 80.972462087000054, 6.088368410000044 ], [ 80.972450099000071, 6.088361274000022 ], [ 80.972446911000077, 6.088359575000027 ], [ 80.972403524000072, 6.088336467000033 ], [ 80.97240011100007, 6.088334855000028 ], [ 80.972359724000057, 6.088315927000053 ], [ 80.972356128000058, 6.088314242000024 ], [ 80.972338100000059, 6.088306900000021 ], [ 80.97232142200005, 6.088300109000045 ], [ 80.972318877000077, 6.088299072000041 ], [ 80.972311207000075, 6.088296422000042 ], [ 80.972291408000046, 6.088289580000037 ], [ 80.972288193000054, 6.088288470000066 ], [ 80.972279699000069, 6.088286216000029 ], [ 80.972263488000067, 6.088281914000049 ], [ 80.972255904000065, 6.088279902000068 ], [ 80.972220528000037, 6.088273147000052 ], [ 80.972212992000038, 6.088272278000034 ], [ 80.972160054000085, 6.088266175000058 ], [ 80.972146764000058, 6.088264641000023 ], [ 80.972143118000076, 6.088264448000075 ], [ 80.97209100200007, 6.088261682000052 ], [ 80.972052269000073, 6.088259626000024 ], [ 80.972044661000041, 6.088259222000033 ], [ 80.971997330000079, 6.088255397000069 ], [ 80.97198439400006, 6.088254352000035 ], [ 80.971959458000072, 6.08825082900006 ], [ 80.971917690000055, 6.088244891000045 ], [ 80.971916032000081, 6.08824465400005 ], [ 80.971875711000052, 6.088237016000051 ], [ 80.971847512000068, 6.088231673000053 ], [ 80.971845502000065, 6.088231292000046 ], [ 80.971788545000038, 6.088218715000039 ], [ 80.971762613000067, 6.088212989000056 ], [ 80.971679809000079, 6.088192689000039 ], [ 80.971676916000035, 6.088191907000066 ], [ 80.971461387000033, 6.088133609000067 ], [ 80.97145961700005, 6.08813316800007 ], [ 80.971312050000051, 6.088096279000069 ], [ 80.971298168000033, 6.088092809000045 ], [ 80.971275307000042, 6.08808807500003 ], [ 80.971186726000042, 6.088069731000076 ], [ 80.971165900000074, 6.088065419000031 ], [ 80.971148217000064, 6.088062561000072 ], [ 80.971078932000069, 6.088051367000048 ], [ 80.971023655000067, 6.088042436000023 ], [ 80.970936574000064, 6.08803098900006 ], [ 80.970903311000029, 6.088026616000036 ], [ 80.970877320000056, 6.088023199000077 ], [ 80.970633368000051, 6.087995062000061 ], [ 80.970618065000053, 6.087993296000036 ], [ 80.970471546000056, 6.087974167000027 ], [ 80.970413876000066, 6.087966638000069 ], [ 80.970406585000035, 6.087965687000064 ], [ 80.969884606000051, 6.087885204000031 ], [ 80.969866534000062, 6.087882418000049 ], [ 80.969586788000072, 6.087842290000026 ], [ 80.969417280000073, 6.08781926000006 ], [ 80.969360713000071, 6.087811575000046 ], [ 80.969319235000057, 6.087805940000067 ], [ 80.969154160000073, 6.087785151000048 ], [ 80.968963940000037, 6.087761195000041 ], [ 80.968941187000041, 6.087758329000053 ], [ 80.968786520000037, 6.087741377000043 ], [ 80.968592458000046, 6.087720109000031 ], [ 80.968578645000036, 6.087718596000059 ], [ 80.968502733000037, 6.087711446000071 ], [ 80.968393225000057, 6.087701133000053 ], [ 80.968371146000038, 6.087699054000041 ], [ 80.968290212000056, 6.087692421000042 ], [ 80.968212471000072, 6.087686049000069 ], [ 80.968193403000043, 6.087684487000047 ], [ 80.96817511100005, 6.08768298800004 ], [ 80.968100316000061, 6.087677872000029 ], [ 80.967999532000078, 6.087670978000062 ], [ 80.96797996600003, 6.087669639000069 ], [ 80.967902281000079, 6.087665412000035 ], [ 80.967808667000043, 6.087660317000029 ], [ 80.96779134500008, 6.087659374000054 ], [ 80.967720057000065, 6.08765655600007 ], [ 80.967625457000054, 6.087652816000059 ], [ 80.967607602000044, 6.087652110000022 ], [ 80.967533560000049, 6.087650335000035 ], [ 80.967444082000043, 6.087648191000028 ], [ 80.967427574000055, 6.087647796000056 ], [ 80.967356761000076, 6.087647251000021 ], [ 80.967283893000058, 6.087646689000053 ], [ 80.967267385000071, 6.087646562000032 ], [ 80.967250903000036, 6.087646435000067 ], [ 80.967177252000056, 6.087647120000042 ], [ 80.967090360000043, 6.08764792900007 ], [ 80.967078579000031, 6.087648038000054 ], [ 80.967056180000043, 6.087648694000052 ], [ 80.966864126000075, 6.087654315000066 ], [ 80.966823979000083, 6.087655490000031 ], [ 80.966803136000067, 6.087656451000043 ], [ 80.966785346000052, 6.087657272000058 ], [ 80.966699135000056, 6.087661248000074 ], [ 80.966661172000045, 6.087664001000064 ], [ 80.966634445000068, 6.087665941000068 ], [ 80.966622659000052, 6.087666796000065 ], [ 80.966597750000062, 6.08766939700007 ], [ 80.96656609300004, 6.087672703000067 ], [ 80.966558440000085, 6.08767350100004 ], [ 80.966537514000038, 6.087676528000031 ], [ 80.966505740000059, 6.087681122000049 ], [ 80.966498253000054, 6.087682204000032 ], [ 80.966470582000056, 6.087687438000046 ], [ 80.966441518000067, 6.087692936000053 ], [ 80.966434627000069, 6.087694239000029 ], [ 80.966408132000083, 6.087700270000028 ], [ 80.966376199000081, 6.087707540000054 ], [ 80.966364705000046, 6.087710156000071 ], [ 80.966313814000046, 6.087723831000062 ], [ 80.96626146400007, 6.087737899000047 ], [ 80.966252971000074, 6.087740181000072 ], [ 80.966206628000066, 6.087754840000059 ], [ 80.966151968000077, 6.087772132000055 ], [ 80.966144205000035, 6.087774587000069 ], [ 80.966092665000076, 6.087793484000031 ], [ 80.966033923000055, 6.087815019000061 ], [ 80.966021927000043, 6.087819416000059 ], [ 80.965941159000067, 6.087851716000046 ], [ 80.965891504000069, 6.087871575000065 ], [ 80.965875808000078, 6.08787785100003 ], [ 80.965826356000036, 6.087898498000072 ], [ 80.965768298000057, 6.087922740000067 ], [ 80.965756551000084, 6.087927644000047 ], [ 80.965667871000051, 6.087966872000038 ], [ 80.965665311000066, 6.087968127000067 ], [ 80.96558331500006, 6.088008357000035 ], [ 80.965545055000064, 6.088029774000063 ], [ 80.965501563000032, 6.088056471000073 ], [ 80.965461481000034, 6.088077503000022 ], [ 80.965442988000063, 6.088085833000036 ], [ 80.965408360000083, 6.088101430000052 ], [ 80.965405979000082, 6.088102306000053 ], [ 80.965384400000062, 6.088110235000045 ], [ 80.965353284000059, 6.088121670000021 ], [ 80.965348905000042, 6.088122966000071 ], [ 80.965332770000032, 6.08812774200004 ], [ 80.96531389900008, 6.088133328000026 ], [ 80.965309006000041, 6.088134478000029 ], [ 80.965292088000069, 6.088138455000035 ], [ 80.965275382000073, 6.088142383000047 ], [ 80.965268535000064, 6.088143587000047 ], [ 80.965250866000076, 6.088146691000077 ], [ 80.965236478000065, 6.088149219000059 ], [ 80.965226702000052, 6.088150393000035 ], [ 80.965206822000084, 6.088152778000051 ], [ 80.965194872000041, 6.088154211000074 ], [ 80.96518375800008, 6.088154985000074 ], [ 80.96516336600007, 6.088156402000038 ], [ 80.965150093000034, 6.088157324000065 ], [ 80.965132648000065, 6.088157740000042 ], [ 80.96511077100007, 6.088158259000068 ], [ 80.965100626000037, 6.088158502000056 ], [ 80.965083253000046, 6.088158179000061 ], [ 80.965056699000058, 6.088157685000056 ], [ 80.965043984000033, 6.08815744900005 ], [ 80.965027758000076, 6.08815643500003 ], [ 80.965008588000046, 6.08815523800007 ], [ 80.964999289000048, 6.088154657000075 ], [ 80.964967586000057, 6.088151125000024 ], [ 80.964963640000065, 6.08815043200002 ], [ 80.964935025000045, 6.088145410000038 ], [ 80.964926906000073, 6.088143480000042 ], [ 80.964922198000068, 6.088142362000042 ], [ 80.964920676000077, 6.088141947000054 ], [ 80.964898828000059, 6.088133637000055 ], [ 80.964888637000058, 6.088131239000063 ], [ 80.96488511900003, 6.088131467000039 ], [ 80.964851153000041, 6.088133653000057 ], [ 80.964822825000056, 6.088133753000022 ], [ 80.964791141000035, 6.088131678000025 ], [ 80.964758784000082, 6.088127341000074 ], [ 80.96470177100008, 6.088114533000066 ], [ 80.964645707000045, 6.088095478000071 ], [ 80.964632983000058, 6.088089543000024 ], [ 80.964628205000054, 6.088087315000053 ], [ 80.96461154800005, 6.088079546000074 ], [ 80.964579022000066, 6.088057126000024 ], [ 80.964549092000084, 6.088030853000021 ], [ 80.964509858000042, 6.08799261300004 ], [ 80.964478117000056, 6.087961673000052 ], [ 80.964457818000085, 6.087944426000035 ], [ 80.964438788000052, 6.087930544000073 ], [ 80.964418069000033, 6.087918321000075 ], [ 80.964415202000055, 6.087917023000045 ], [ 80.96439242200006, 6.087906715000031 ], [ 80.964364542000055, 6.087896784000066 ], [ 80.964334354000073, 6.087888514000042 ], [ 80.964290049000056, 6.08787992200007 ], [ 80.964239055000064, 6.087873710000054 ], [ 80.964075448000074, 6.087863774000027 ], [ 80.964028950000056, 6.087859748000028 ], [ 80.964023230000066, 6.087859254000023 ], [ 80.963995031000081, 6.087856814000077 ], [ 80.963986531000046, 6.087856547000058 ], [ 80.963938103000032, 6.087855023000031 ], [ 80.963808918000041, 6.087855352000076 ], [ 80.96375198700008, 6.087852810000072 ], [ 80.963697230000037, 6.087845819000052 ], [ 80.963649462000035, 6.08783396900003 ], [ 80.963641567000082, 6.087831092000044 ], [ 80.96363993500006, 6.087830497000027 ], [ 80.963628930000084, 6.087826487000029 ], [ 80.963608835000059, 6.087816961000044 ], [ 80.963588074000086, 6.087804878000043 ], [ 80.963566423000032, 6.087790082000026 ], [ 80.963527576000047, 6.087759039000048 ], [ 80.963501644000075, 6.087736187000075 ], [ 80.963438870000061, 6.087680874000057 ], [ 80.963394314000084, 6.087647613000058 ], [ 80.963372336000077, 6.087634559000037 ], [ 80.963351046000071, 6.087624455000025 ], [ 80.963330511000038, 6.087617257000034 ], [ 80.963325048000058, 6.087616008000055 ], [ 80.963308529000074, 6.087612227000022 ], [ 80.963283124000043, 6.087609025000063 ], [ 80.963256053000066, 6.087608174000025 ], [ 80.963227030000041, 6.087609661000045 ], [ 80.963195486000075, 6.087613515000044 ], [ 80.96313589600004, 6.087625228000036 ], [ 80.962986713000078, 6.087661720000028 ], [ 80.962965518000033, 6.08766557000007 ], [ 80.962945743000034, 6.087669164000033 ], [ 80.96290919900008, 6.087673367000036 ], [ 80.962808426000038, 6.087679176000051 ], [ 80.962701679000077, 6.08768168000006 ], [ 80.962587499000051, 6.087680925000029 ], [ 80.962462261000042, 6.087676889000022 ], [ 80.962398295000071, 6.087673548000055 ], [ 80.962387755000066, 6.087672998000073 ], [ 80.962358384000083, 6.087671464000039 ], [ 80.962264683000058, 6.087663462000023 ], [ 80.961968117000083, 6.087627736000059 ], [ 80.961953229000073, 6.087625942000045 ], [ 80.961908658000084, 6.087621323000064 ], [ 80.961854358000039, 6.087615696000057 ], [ 80.961845242000038, 6.087614750000057 ], [ 80.961714696000058, 6.087604707000025 ], [ 80.961385117000077, 6.08757935400007 ], [ 80.961341631000039, 6.087575358000038 ], [ 80.961292527000069, 6.087570847000052 ], [ 80.961081708000052, 6.087551475000055 ], [ 80.960878406000063, 6.087529687000028 ], [ 80.960776428000031, 6.087516650000055 ], [ 80.960769192000043, 6.08751572400007 ], [ 80.960614429000032, 6.087495938000075 ], [ 80.960460804000036, 6.08747312600002 ], [ 80.960397731000057, 6.087461015000031 ], [ 80.960339684000076, 6.087447685000029 ], [ 80.96033125200006, 6.087445176000074 ], [ 80.96031316300008, 6.087439795000023 ], [ 80.960265941000046, 6.087425744000029 ], [ 80.960223203000055, 6.087409813000022 ], [ 80.960133160000055, 6.087376249000044 ], [ 80.960080208000079, 6.087358390000077 ], [ 80.960027786000069, 6.087344510000037 ], [ 80.960026195000069, 6.087344226000027 ], [ 80.959967665000079, 6.087333792000038 ], [ 80.959909262000053, 6.087327161000076 ], [ 80.959842626000068, 6.087322814000061 ], [ 80.959652738000045, 6.087317517000031 ], [ 80.959620957000084, 6.087316343000055 ], [ 80.959403554000062, 6.087308313000051 ], [ 80.959334003000038, 6.087304568000036 ], [ 80.959300950000056, 6.087301644000036 ], [ 80.959290718000034, 6.087300739000057 ], [ 80.95911423900003, 6.087285132000034 ], [ 80.959051775000034, 6.087276542000041 ], [ 80.95899711800007, 6.087265893000051 ], [ 80.958947905000059, 6.087252758000034 ], [ 80.958924339000077, 6.087244448000035 ], [ 80.958919111000057, 6.087242604000039 ], [ 80.958901524000055, 6.087236403000077 ], [ 80.958849931000032, 6.087214130000064 ], [ 80.958796525000082, 6.087187115000063 ], [ 80.958737764000034, 6.087153243000046 ], [ 80.958678699000075, 6.087115309000069 ], [ 80.958677296000076, 6.087114408000048 ], [ 80.958675730000039, 6.087113402000057 ], [ 80.958671312000035, 6.087109918000067 ], [ 80.958600278000063, 6.087053910000066 ], [ 80.958576214000061, 6.087036724000029 ], [ 80.958565737000072, 6.087030716000072 ], [ 80.958561836000058, 6.087028478000036 ], [ 80.958550517000049, 6.087021986000025 ], [ 80.958520556000053, 6.08700809000004 ], [ 80.958466307000037, 6.086989070000072 ], [ 80.958403836000059, 6.086973952000051 ], [ 80.958322273000078, 6.086961040000062 ], [ 80.958289459000071, 6.086957298000073 ], [ 80.958280971000079, 6.086956330000021 ], [ 80.958251692000033, 6.086954740000067 ], [ 80.958196611000062, 6.086956663000024 ], [ 80.958135176000042, 6.086964736000027 ], [ 80.958074616000033, 6.086976811000056 ], [ 80.957930141000077, 6.087010153000051 ], [ 80.957917790000067, 6.087013004000028 ], [ 80.957872073000033, 6.087021363000076 ], [ 80.957830947000048, 6.087026794000053 ], [ 80.957803845000058, 6.087028788000055 ], [ 80.957799470000054, 6.087029111000049 ], [ 80.95779497500007, 6.087029442000073 ], [ 80.957753112000034, 6.087030295000034 ], [ 80.957710893000069, 6.087029142000063 ], [ 80.957613568000056, 6.08702648000002 ], [ 80.95756126200007, 6.087026531000049 ], [ 80.957516189000046, 6.087029208000047 ], [ 80.957514280000055, 6.087029321000045 ], [ 80.957512499000075, 6.087029427000061 ], [ 80.957453900000075, 6.087036784000077 ], [ 80.957402049000052, 6.087045841000077 ], [ 80.957344633000048, 6.087058003000038 ], [ 80.95713307300008, 6.087109714000064 ], [ 80.957072474000086, 6.087121399000068 ], [ 80.956880484000067, 6.08715447700007 ], [ 80.956820395000079, 6.08716782700003 ], [ 80.956768366000063, 6.087182411000072 ], [ 80.956719932000055, 6.087199750000025 ], [ 80.956676898000069, 6.087219514000026 ], [ 80.956638611000074, 6.087242005000064 ], [ 80.956604752000032, 6.087267416000032 ], [ 80.956582659000048, 6.08728794600006 ], [ 80.956565189000059, 6.087307752000072 ], [ 80.956545705000053, 6.087334353000074 ], [ 80.956519124000067, 6.087375456000075 ], [ 80.956504804000076, 6.087397600000031 ], [ 80.956485531000055, 6.087424833000057 ], [ 80.956473057000039, 6.087438906000045 ], [ 80.956462653000074, 6.087450645000047 ], [ 80.956414300000063, 6.087505200000066 ], [ 80.956387130000053, 6.087530996000055 ], [ 80.956362568000031, 6.087549150000029 ], [ 80.956338932000051, 6.087560803000031 ], [ 80.956316730000083, 6.087565733000076 ], [ 80.956302214000061, 6.087566168000023 ], [ 80.956286643000055, 6.08756472500005 ], [ 80.956251483000074, 6.087556096000071 ], [ 80.956216836000067, 6.087542896000059 ], [ 80.956130646000076, 6.087504959000057 ], [ 80.956092258000069, 6.087492304000023 ], [ 80.95608665900005, 6.087490459000037 ], [ 80.956083871000033, 6.087489976000029 ], [ 80.956070149000084, 6.087487597000063 ], [ 80.95602395700007, 6.087479587000075 ], [ 80.955989733000081, 6.08747612600007 ], [ 80.95588181100004, 6.087465209000072 ], [ 80.955819801000075, 6.087455755000065 ], [ 80.955786816000057, 6.087448147000032 ], [ 80.955780399000048, 6.08744626400005 ], [ 80.955778331000033, 6.087445658000036 ], [ 80.955742155000053, 6.087435044000074 ], [ 80.955658700000072, 6.087405768000053 ], [ 80.955616795000083, 6.08738764900005 ], [ 80.955578895000031, 6.087368380000044 ], [ 80.955566551000061, 6.087360945000057 ], [ 80.955563306000045, 6.087358991000031 ], [ 80.95555111300007, 6.087351646000059 ], [ 80.955525929000032, 6.08733241300007 ], [ 80.95550230200007, 6.087310483000067 ], [ 80.955477654000049, 6.08728386000007 ], [ 80.95542817900008, 6.087222141000041 ], [ 80.955391354000085, 6.087176204000059 ], [ 80.955353577000039, 6.087134311000057 ], [ 80.955332289000069, 6.087114553000049 ], [ 80.955311128000062, 6.087097951000032 ], [ 80.955295801000034, 6.087088077000033 ], [ 80.955294172000038, 6.087087028000042 ], [ 80.955289796000045, 6.087084208000022 ], [ 80.95526230300004, 6.087069237000037 ], [ 80.955217196000035, 6.087048752000044 ], [ 80.955163424000034, 6.087028645000032 ], [ 80.95492730400008, 6.086951354000064 ], [ 80.954871080000032, 6.086934524000071 ], [ 80.954823024000063, 6.086923007000053 ], [ 80.954779003000056, 6.08691572500004 ], [ 80.954776051000067, 6.086915474000023 ], [ 80.954774472000054, 6.086915340000076 ], [ 80.954730153000071, 6.086911564000047 ], [ 80.954678262000073, 6.086910661000047 ], [ 80.954606787000046, 6.08691428700007 ], [ 80.954528997000068, 6.086923351000053 ], [ 80.954493156000069, 6.086929515000065 ], [ 80.954484213000057, 6.086931052000068 ], [ 80.954457231000049, 6.086935692000054 ], [ 80.954407261000085, 6.086948002000042 ], [ 80.954387258000054, 6.086952932000031 ], [ 80.954305650000038, 6.086978463000037 ], [ 80.954201761000036, 6.087016001000052 ], [ 80.954200051000043, 6.087016617000074 ], [ 80.954163372000039, 6.087032289000035 ], [ 80.954160818000048, 6.087033554000072 ], [ 80.954087500000071, 6.087069836000069 ], [ 80.95405433500008, 6.08708477700003 ], [ 80.954018770000062, 6.08709751400005 ], [ 80.954003619000048, 6.087101055000062 ], [ 80.953997338000079, 6.087102522000066 ], [ 80.953984793000075, 6.08710545100007 ], [ 80.953926473000081, 6.087112181000066 ], [ 80.95385415700008, 6.087115600000061 ], [ 80.95383294800007, 6.087116603000027 ], [ 80.953802086000053, 6.087118061000069 ], [ 80.953739495000036, 6.08711665900006 ], [ 80.953580597000041, 6.087107709000065 ], [ 80.953534928000067, 6.087107501000048 ], [ 80.953494228000068, 6.087109595000072 ], [ 80.953448971000057, 6.087115381000046 ], [ 80.953441607000059, 6.08711680600004 ], [ 80.953326724000078, 6.087139028000024 ], [ 80.953270307000082, 6.087153368000031 ], [ 80.953223444000059, 6.087169493000033 ], [ 80.953181242000085, 6.087189618000025 ], [ 80.953146361000051, 6.087213139000028 ], [ 80.953127762000065, 6.087231100000054 ], [ 80.95312474800005, 6.087234011000021 ], [ 80.95311900400003, 6.087239558000022 ], [ 80.953093724000041, 6.087274137000065 ], [ 80.953070382000078, 6.087315208000064 ], [ 80.953042617000051, 6.087371138000037 ], [ 80.95303838500007, 6.087379661000057 ], [ 80.953033522000055, 6.087389457000029 ], [ 80.953025402000037, 6.087412184000073 ], [ 80.953020864000052, 6.087424881000061 ], [ 80.953000340000074, 6.087499863000062 ], [ 80.952990618000058, 6.087530005000076 ], [ 80.952977702000055, 6.087559073000023 ], [ 80.95296266500003, 6.087581555000042 ], [ 80.952954050000073, 6.087590472000045 ], [ 80.952951320000068, 6.087593296000023 ], [ 80.952935226000079, 6.087606598000036 ], [ 80.952898413000071, 6.087629889000027 ], [ 80.952856924000059, 6.087648425000054 ], [ 80.95281360000007, 6.087661038000022 ], [ 80.952773045000072, 6.087666781000053 ], [ 80.952735293000046, 6.087666049000063 ], [ 80.952716076000058, 6.087662099000056 ], [ 80.952709034000065, 6.087660652000068 ], [ 80.952703303000078, 6.08765947400002 ], [ 80.952684889000068, 6.087652604000027 ], [ 80.952670294000029, 6.087647160000074 ], [ 80.952662546000056, 6.087644270000055 ], [ 80.952640061000068, 6.087631647000023 ], [ 80.952616760000069, 6.087614362000068 ], [ 80.952566327000056, 6.087567162000028 ], [ 80.952543436000042, 6.087545739000063 ], [ 80.952514259000054, 6.087522017000026 ], [ 80.952485843000034, 6.087505058000033 ], [ 80.952484174000062, 6.08750436300005 ], [ 80.952440409000076, 6.087486166000076 ], [ 80.952380781000045, 6.087467797000045 ], [ 80.952360603000045, 6.087463178000064 ], [ 80.952353281000057, 6.087461503000043 ], [ 80.952302317000033, 6.087449837000065 ], [ 80.952242064000075, 6.087439897000024 ], [ 80.952190037000037, 6.087436053000033 ], [ 80.952142094000067, 6.087438288000044 ], [ 80.952120143000059, 6.087441796000064 ], [ 80.95209944700008, 6.087446912000075 ], [ 80.95209823600004, 6.087447406000024 ], [ 80.952096013000073, 6.087448312000049 ], [ 80.952066946000059, 6.087460164000049 ], [ 80.952014870000085, 6.087488957000062 ], [ 80.951997252000069, 6.087498698000047 ], [ 80.951989, 6.087501916000065 ], [ 80.951978481000083, 6.087506017000067 ], [ 80.95196336600003, 6.087511911000036 ], [ 80.951920893000079, 6.087523674000067 ], [ 80.951805117000049, 6.087549628000033 ], [ 80.951803364000057, 6.087550021000027 ], [ 80.95179999000004, 6.087551056000052 ], [ 80.951652306000085, 6.087596345000065 ], [ 80.95159366200005, 6.087611886000047 ], [ 80.95155931000005, 6.087618063000036 ], [ 80.951547318000053, 6.08762021900003 ], [ 80.951530659000071, 6.087623215000065 ], [ 80.951454745000035, 6.087631796000039 ], [ 80.951387755000042, 6.087635028000022 ], [ 80.951342158000045, 6.087633980000021 ], [ 80.951335211000071, 6.087633819000075 ], [ 80.95132476200007, 6.087633579000055 ], [ 80.95126151900007, 6.08762744400002 ], [ 80.951196337000056, 6.087616658000059 ], [ 80.951127959000075, 6.08760082200007 ], [ 80.951099527000054, 6.087592267000048 ], [ 80.951089104000062, 6.087589131000072 ], [ 80.951066676000039, 6.087582382000051 ], [ 80.951006648000032, 6.087557913000069 ], [ 80.95086832800007, 6.087491 ], [ 80.950866218000044, 6.087489978000065 ], [ 80.950686647000055, 6.087410495000029 ], [ 80.95061841200004, 6.087382431000037 ], [ 80.950559589000079, 6.087361950000059 ], [ 80.950516751000066, 6.087350001000061 ], [ 80.950507572000049, 6.087348100000042 ], [ 80.95050150000003, 6.087346842000045 ], [ 80.950479526000038, 6.087342290000038 ], [ 80.950441003000037, 6.087337109000032 ], [ 80.95038986000003, 6.087331980000044 ], [ 80.950333683000053, 6.087326346000054 ], [ 80.950302573000045, 6.087321271000064 ], [ 80.950292718000071, 6.087319047000051 ], [ 80.950289609000038, 6.087318347000064 ], [ 80.950269848000062, 6.08731388800004 ], [ 80.950213618000078, 6.087298743000076 ], [ 80.95015789100006, 6.087280873000054 ], [ 80.95010312900007, 6.087260428000036 ], [ 80.950049769000032, 6.087237572000049 ], [ 80.949970797000049, 6.087197802000048 ], [ 80.949937155000043, 6.087177361000045 ], [ 80.94992759400003, 6.087171552000029 ], [ 80.949898687000029, 6.087153987000022 ], [ 80.949828464000063, 6.087102604000052 ], [ 80.949756747000038, 6.087041424000063 ], [ 80.94969885200004, 6.086986084000046 ], [ 80.949663676000057, 6.086949232000052 ], [ 80.949655274000065, 6.086940432000063 ], [ 80.949648121000052, 6.086932939000064 ], [ 80.94963325100008, 6.086912894000022 ], [ 80.949620746000051, 6.086896039000067 ], [ 80.949571540000079, 6.086818393000044 ], [ 80.949550864000059, 6.086788442000056 ], [ 80.949527656000043, 6.086760790000028 ], [ 80.949504871000045, 6.086740891000034 ], [ 80.949489426000071, 6.08673146700005 ], [ 80.949487288000057, 6.086730565000039 ], [ 80.949471232000064, 6.08672378600005 ], [ 80.949450818000059, 6.086717976000045 ], [ 80.949428469000054, 6.086714149000045 ], [ 80.949404428000037, 6.086712329000022 ], [ 80.949378753000076, 6.086712509000051 ], [ 80.949351637000063, 6.08671468600005 ], [ 80.949323346000085, 6.086718838000024 ], [ 80.949291165000034, 6.086725651000052 ], [ 80.949258446000044, 6.086734701000069 ], [ 80.949225778000084, 6.086745825000037 ], [ 80.94919386600003, 6.08675878400004 ], [ 80.949163032000058, 6.08677349200002 ], [ 80.949134510000079, 6.086789409000062 ], [ 80.949114497000039, 6.086802513000066 ], [ 80.949110044000065, 6.086805428000048 ], [ 80.949089619000063, 6.086821783000062 ], [ 80.949059334000083, 6.086852130000068 ], [ 80.949028079000072, 6.086890844000038 ], [ 80.948941019000074, 6.087019731000055 ], [ 80.948868684000047, 6.087119471000051 ], [ 80.948847728000032, 6.087154647000034 ], [ 80.94883327000008, 6.087186963000022 ], [ 80.948828893000041, 6.087202510000054 ], [ 80.948827729000072, 6.087206644000048 ], [ 80.948824240000079, 6.087219034000043 ], [ 80.948818850000066, 6.087255902000038 ], [ 80.948817311000084, 6.087300409000022 ], [ 80.948820251000029, 6.087349853000035 ], [ 80.948827794000067, 6.087404574000061 ], [ 80.948827979000043, 6.087405915000033 ], [ 80.948828369000069, 6.087408750000066 ], [ 80.948838635000072, 6.087454639000043 ], [ 80.948854234000066, 6.087504058000036 ], [ 80.948874785000044, 6.087555133000023 ], [ 80.948899562000065, 6.087606215000051 ], [ 80.948900399000081, 6.087607942000034 ], [ 80.948929122000038, 6.087658489000034 ], [ 80.948960093000039, 6.087705447000076 ], [ 80.948993083000062, 6.087748608000027 ], [ 80.949027591000061, 6.08778731600006 ], [ 80.949063260000059, 6.087821174000055 ], [ 80.949098462000052, 6.087848954000037 ], [ 80.94910064100003, 6.087850341000035 ], [ 80.949133406000044, 6.087871190000044 ], [ 80.949174924000033, 6.087892274000069 ], [ 80.949223177000079, 6.087912076000066 ], [ 80.949284974000079, 6.087932993000038 ], [ 80.949340075000066, 6.087949036000055 ], [ 80.949349880000057, 6.087951891000046 ], [ 80.949361207000038, 6.08795518900007 ], [ 80.949398582000072, 6.087962065000056 ], [ 80.949405021000075, 6.087962910000044 ], [ 80.949488606000045, 6.087973888000022 ], [ 80.949531920000084, 6.087983611000027 ], [ 80.949554686000056, 6.087991707000072 ], [ 80.94955942200005, 6.087993843000049 ], [ 80.949599229000057, 6.088011808000033 ], [ 80.949656583000035, 6.08804187800007 ], [ 80.949682642000084, 6.088059551000072 ], [ 80.949703232000047, 6.088077519000024 ], [ 80.949718638000036, 6.088096034000046 ], [ 80.949728939000067, 6.088115200000061 ], [ 80.94973082000007, 6.08812234100003 ], [ 80.949731600000064, 6.088125297000033 ], [ 80.949735085000043, 6.08813851900004 ], [ 80.949737498000047, 6.088167235000071 ], [ 80.949735900000064, 6.088198542000043 ], [ 80.949731632000066, 6.088221732000022 ], [ 80.949731241000052, 6.088223852000056 ], [ 80.949730525000064, 6.088227740000036 ], [ 80.949724576000051, 6.088244136000071 ], [ 80.949715860000083, 6.088260480000031 ], [ 80.949704298000086, 6.088276927000038 ], [ 80.949689681000052, 6.088293775000068 ], [ 80.949658015000068, 6.088323543000058 ], [ 80.949588280000057, 6.088381364000043 ], [ 80.949573978000046, 6.088393221000047 ], [ 80.949549721000039, 6.088410264000061 ], [ 80.949520908000068, 6.088427298000056 ], [ 80.949496029000045, 6.088439742000048 ], [ 80.949423124000077, 6.088476206000053 ], [ 80.949389795000059, 6.088494362000063 ], [ 80.949360152000054, 6.088513529000068 ], [ 80.949335620000056, 6.088533295000047 ], [ 80.94931646200007, 6.08855307400006 ], [ 80.94931473500003, 6.088555460000066 ], [ 80.949304988000051, 6.088568930000065 ], [ 80.949298154000076, 6.088581665000049 ], [ 80.949294886000075, 6.088587756000038 ], [ 80.94927361200007, 6.088634064000075 ], [ 80.949266133000037, 6.088646760000074 ], [ 80.949261444000058, 6.088654719000033 ], [ 80.949247528000058, 6.088670771000068 ], [ 80.949237025000059, 6.088678276000053 ], [ 80.949232401000074, 6.08868158100006 ], [ 80.949230392000061, 6.088682878000043 ], [ 80.949218471000052, 6.088683312000057 ], [ 80.949214882000035, 6.088681955000027 ], [ 80.949205769000059, 6.088678053000024 ], [ 80.949201106000032, 6.088676056000054 ], [ 80.949193965000063, 6.088671034000072 ], [ 80.949153592000073, 6.088642637000021 ], [ 80.949152382000079, 6.088641786000039 ], [ 80.949110869000037, 6.088616542000068 ], [ 80.949068358000034, 6.088587333000021 ], [ 80.94906609700007, 6.088586030000045 ], [ 80.949039122000045, 6.088570469000047 ], [ 80.949020683000072, 6.088561230000039 ], [ 80.949011253000037, 6.088556505000042 ], [ 80.949005729000078, 6.088553736000051 ], [ 80.948994060000075, 6.088548744000036 ], [ 80.948978467000074, 6.088542074000031 ], [ 80.948973396000042, 6.088539904000072 ], [ 80.948951965000049, 6.088532592000035 ], [ 80.94894712100006, 6.088530940000055 ], [ 80.948934890000032, 6.088528267000072 ], [ 80.94891477300007, 6.08852392700004 ], [ 80.948913189000052, 6.088523586000065 ], [ 80.948882603000072, 6.088519440000027 ], [ 80.948880666000036, 6.088519440000027 ], [ 80.948869990000048, 6.088519446000021 ], [ 80.948856274000036, 6.08851958200006 ], [ 80.948842096000078, 6.088523446000067 ], [ 80.948834583000064, 6.088525570000058 ], [ 80.948820228000045, 6.088534079000055 ], [ 80.948812802000077, 6.088538626000059 ], [ 80.948802656000055, 6.08854724400004 ], [ 80.948795076000067, 6.088555893000034 ], [ 80.948785428000065, 6.088574578000021 ], [ 80.948784293000074, 6.088580335000074 ], [ 80.948781322000059, 6.088595820000023 ], [ 80.948781230000066, 6.088610715000073 ], [ 80.948781241000063, 6.08862694100003 ], [ 80.948781243000042, 6.08862864300005 ], [ 80.948782210000047, 6.088635903000068 ], [ 80.948784461000059, 6.088652812000021 ], [ 80.948784692000061, 6.08865454000005 ], [ 80.948787484000036, 6.088663189000044 ], [ 80.948791088000064, 6.088674350000076 ], [ 80.948791718000052, 6.088676300000031 ], [ 80.948794651000071, 6.088682671000072 ], [ 80.948801080000067, 6.088696628000037 ], [ 80.948806148000074, 6.088707629000055 ], [ 80.948821728000041, 6.088736616000062 ], [ 80.948827590000064, 6.088747523000052 ], [ 80.948830519000069, 6.088752971000076 ], [ 80.948848658000031, 6.088784044000022 ], [ 80.94885486700008, 6.088794682000071 ], [ 80.948856681000052, 6.088797789000068 ], [ 80.94890487400005, 6.088872854000044 ], [ 80.948919799000066, 6.088896103000025 ], [ 80.948956987000031, 6.088947809000047 ], [ 80.94900635700003, 6.089016389000051 ], [ 80.949007376000054, 6.089017933000036 ], [ 80.949078395000072, 6.089125457000023 ], [ 80.949079386000051, 6.089126958000065 ], [ 80.949141860000054, 6.089233405000073 ], [ 80.949157126000046, 6.089261176000036 ], [ 80.949211450000064, 6.089359991000038 ], [ 80.949241091000033, 6.089413911000065 ], [ 80.949244847000045, 6.089421448000053 ], [ 80.949271298000042, 6.089474536000068 ], [ 80.949299684000039, 6.089531505000025 ], [ 80.949302273000058, 6.089537395000036 ], [ 80.949322632000076, 6.089583731000062 ], [ 80.949349320000067, 6.089644468000074 ], [ 80.94935309400006, 6.089654253000049 ], [ 80.949364364000076, 6.089683475000072 ], [ 80.949375032000034, 6.089711133000037 ], [ 80.949377856000069, 6.089719346000038 ], [ 80.949387448000039, 6.089747236000051 ], [ 80.949397831000056, 6.089777431000073 ], [ 80.949401125000065, 6.08978843500006 ], [ 80.94940413300003, 6.089798488000042 ], [ 80.94940590200008, 6.089804399000059 ], [ 80.949408087000052, 6.089813796000044 ], [ 80.94941934600007, 6.089862231000041 ], [ 80.949427393000065, 6.089888926000071 ], [ 80.949440052000057, 6.089918845000057 ], [ 80.949443281000072, 6.089926480000031 ], [ 80.949448557000039, 6.089934639000035 ], [ 80.94944969200003, 6.089935767000043 ], [ 80.94945296700007, 6.089939025000035 ], [ 80.949455899000043, 6.089941816000021 ], [ 80.949464112000044, 6.089946612000062 ], [ 80.949474923000082, 6.089949963000038 ], [ 80.949476288000085, 6.089950386000055 ], [ 80.949482022000041, 6.089951077000023 ], [ 80.949486785000033, 6.089951651000035 ], [ 80.949488081000084, 6.089951807000034 ], [ 80.949499722000041, 6.089951180000071 ], [ 80.949502771000084, 6.089950034000026 ], [ 80.949513422000052, 6.089946028000043 ], [ 80.949514896000039, 6.089944805000073 ], [ 80.949531824000076, 6.089929163000022 ], [ 80.949533392000035, 6.089927275000036 ], [ 80.949550121000073, 6.08990667300003 ], [ 80.949555062000059, 6.089900587000045 ], [ 80.949563912000031, 6.089887634000036 ], [ 80.949575027000037, 6.089871363000043 ], [ 80.949580423000043, 6.089863462000039 ], [ 80.949598342000058, 6.089833286000044 ], [ 80.949603351000064, 6.089824849000024 ], [ 80.949604889000057, 6.089822259000073 ], [ 80.949618748000034, 6.08979570300005 ], [ 80.949634039000046, 6.08976640700007 ], [ 80.949636355000052, 6.089762376000067 ], [ 80.949644336000063, 6.089748486000076 ], [ 80.949653904000058, 6.089731836000055 ], [ 80.949657689000048, 6.089725839000039 ], [ 80.949668002000067, 6.089709498000047 ], [ 80.949679490000051, 6.089691293000044 ], [ 80.94968715300007, 6.089680451000049 ], [ 80.949694593000061, 6.089669925000067 ], [ 80.949705239000082, 6.089654864000067 ], [ 80.949723137000035, 6.089632914000049 ], [ 80.949740888000065, 6.089615517000027 ], [ 80.949742327000081, 6.089614107000045 ], [ 80.949744760000044, 6.089612419000048 ], [ 80.949759206000067, 6.089602393000064 ], [ 80.949761740000042, 6.089600634000021 ], [ 80.949762945000032, 6.089600046000044 ], [ 80.949783442000069, 6.08959003800004 ], [ 80.949784640000075, 6.089589452000041 ], [ 80.949787597000068, 6.089588454000022 ], [ 80.949807600000042, 6.08958169400006 ], [ 80.949811308000051, 6.08958044000002 ], [ 80.949813875000075, 6.089580073000036 ], [ 80.949834467000073, 6.089577188000021 ], [ 80.949852003000046, 6.089578771000049 ], [ 80.949855545000048, 6.089579092000065 ], [ 80.949878326000032, 6.089585918000068 ], [ 80.949881194000056, 6.089586777000022 ], [ 80.949882712000033, 6.089587232000042 ], [ 80.949915751000049, 6.089601387000073 ], [ 80.949932913000055, 6.089608741000063 ], [ 80.94993415700003, 6.089609169000028 ], [ 80.949978455000064, 6.089624437000055 ], [ 80.949980001000085, 6.089625091000073 ], [ 80.950009191000049, 6.089637414000038 ], [ 80.950024943000074, 6.089646906000041 ], [ 80.950028948000067, 6.089649960000031 ], [ 80.950038569000071, 6.089657297000031 ], [ 80.950039626000034, 6.089658377000035 ], [ 80.950063423000074, 6.089682697000057 ], [ 80.95006556900006, 6.089684889000068 ], [ 80.950068504000058, 6.089688815000045 ], [ 80.950075328000082, 6.089697940000065 ], [ 80.950081406000038, 6.089706069000044 ], [ 80.950089847000072, 6.089719650000063 ], [ 80.950095456000042, 6.089728673000025 ], [ 80.950097988000039, 6.089732748000074 ], [ 80.950108407000073, 6.089752703000045 ], [ 80.950114414000041, 6.089764210000055 ], [ 80.950117202000058, 6.089769550000028 ], [ 80.950133885000071, 6.089805410000054 ], [ 80.95014479300005, 6.089830868000035 ], [ 80.950150605000033, 6.089844434000042 ], [ 80.950157863000072, 6.08986137100004 ], [ 80.950160981000067, 6.08986961200003 ], [ 80.950166411000055, 6.08988395800003 ], [ 80.950169991000053, 6.089893417000042 ], [ 80.950173645000064, 6.089905062000071 ], [ 80.950178879000077, 6.089921740000023 ], [ 80.950180808000084, 6.089927888000034 ], [ 80.950184019000062, 6.089941095000029 ], [ 80.950188514000047, 6.089959587000067 ], [ 80.950190117000034, 6.089966181000023 ], [ 80.95019132200008, 6.08997370700007 ], [ 80.950202026000056, 6.090040520000059 ], [ 80.950203004000059, 6.090052132000039 ], [ 80.950208360000033, 6.090117378000059 ], [ 80.95020898100006, 6.090124931000048 ], [ 80.950210814000059, 6.090177739000069 ], [ 80.950213313000063, 6.090249702000051 ], [ 80.950213985000062, 6.090269075000037 ], [ 80.950214364000033, 6.090300656000068 ], [ 80.950215147000051, 6.090366091000021 ], [ 80.950215529000047, 6.090397950000067 ], [ 80.950214988000084, 6.09043140700004 ], [ 80.950214449000043, 6.090464618000055 ], [ 80.950214261000042, 6.090476264000074 ], [ 80.950212694000072, 6.090508140000054 ], [ 80.950210782000056, 6.090547016000073 ], [ 80.950210262000041, 6.090557597000043 ], [ 80.950207416000069, 6.090592381000022 ], [ 80.950204414000041, 6.09062904600006 ], [ 80.950203711000086, 6.090637624000067 ], [ 80.950199594000082, 6.090673473000038 ], [ 80.950195419000067, 6.090709831000026 ], [ 80.95019463400007, 6.090716659000066 ], [ 80.950188880000042, 6.090755323000053 ], [ 80.950183521000042, 6.090791334000073 ], [ 80.950182614000084, 6.090797423000026 ], [ 80.950167854000085, 6.09087872200007 ], [ 80.950150455000085, 6.090960532000054 ], [ 80.950149199000066, 6.090965655000048 ], [ 80.950142213000049, 6.090994140000021 ], [ 80.950130584000078, 6.091041570000073 ], [ 80.950127832000078, 6.091051442000037 ], [ 80.950118874000054, 6.091083576000074 ], [ 80.95010852200005, 6.091120714000056 ], [ 80.950103743000057, 6.091135957000063 ], [ 80.950093200000083, 6.091169592000028 ], [ 80.950084305000075, 6.091197974000067 ], [ 80.950077373000056, 6.091217801000028 ], [ 80.950065617000064, 6.09125141800007 ], [ 80.950057851000054, 6.091273630000046 ], [ 80.95004797100006, 6.09129912100002 ], [ 80.950035623000076, 6.091330980000066 ], [ 80.950029565000079, 6.091346606000059 ], [ 80.950016263000066, 6.091377720000025 ], [ 80.95000346900008, 6.09140764700004 ], [ 80.949999153000078, 6.091417739000065 ], [ 80.949979717000076, 6.091459090000058 ], [ 80.94996879100006, 6.091482339000038 ], [ 80.949966816000085, 6.091486541000052 ], [ 80.949943663000056, 6.091531471000053 ], [ 80.949933483000052, 6.09155123000005 ], [ 80.949932655000055, 6.091552836000062 ], [ 80.94989582200003, 6.091618076000032 ], [ 80.949889061000079, 6.09162903400005 ], [ 80.949858600000084, 6.091678408000064 ], [ 80.949856221000061, 6.091681939000068 ], [ 80.94984170500004, 6.091703482000071 ], [ 80.949819146000038, 6.091736962000027 ], [ 80.949814525000079, 6.091743259000054 ], [ 80.949801517000083, 6.091760985000064 ], [ 80.949778153000068, 6.09179282100007 ], [ 80.949762129000078, 6.091812981000032 ], [ 80.94974576900006, 6.091833563000023 ], [ 80.949731933000066, 6.091850968000074 ], [ 80.949723863000031, 6.091859991000035 ], [ 80.949712040000065, 6.091873213000042 ], [ 80.949701674000039, 6.091884805000063 ], [ 80.949687667000035, 6.091898189000062 ], [ 80.949680507000039, 6.091905030000021 ], [ 80.949678985000048, 6.091906484000049 ], [ 80.949675232000061, 6.091909367000028 ], [ 80.949656026000071, 6.091924118000065 ], [ 80.949652664000041, 6.091926701000034 ], [ 80.949650122000037, 6.091928193000058 ], [ 80.949638023000034, 6.09193529700002 ], [ 80.949625531000038, 6.091942632000041 ], [ 80.949616541000069, 6.091946626000038 ], [ 80.949603351000064, 6.091952488000061 ], [ 80.949592683000049, 6.091957228000069 ], [ 80.949584865000077, 6.091959539000072 ], [ 80.949572749000083, 6.091963121000049 ], [ 80.949566210000057, 6.09196505400007 ], [ 80.949559257000033, 6.091965954000045 ], [ 80.949549201000082, 6.091967256000032 ], [ 80.94954494600006, 6.091967806000071 ], [ 80.949531129000036, 6.091967201000045 ], [ 80.949521411000035, 6.09196677500006 ], [ 80.949516411000047, 6.091966555000056 ], [ 80.949482898000042, 6.091960425000025 ], [ 80.949471083000049, 6.091957426000022 ], [ 80.949440429000049, 6.091949647000035 ], [ 80.949418201000071, 6.091944007000052 ], [ 80.949412289000065, 6.091942079000034 ], [ 80.949393543000042, 6.091935971000055 ], [ 80.949368692000064, 6.091927873000031 ], [ 80.949359462000075, 6.091924210000059 ], [ 80.94933962500005, 6.091916338000033 ], [ 80.949322357000085, 6.091909484000041 ], [ 80.949304534000078, 6.091901243000052 ], [ 80.94928784800004, 6.09189352900006 ], [ 80.949280731000044, 6.091890239000065 ], [ 80.949275352000029, 6.091887376000045 ], [ 80.949258790000044, 6.091878562000034 ], [ 80.949250947000053, 6.091874388000065 ], [ 80.949246063000032, 6.091871346000062 ], [ 80.949228511000058, 6.091860413000063 ], [ 80.949221203000036, 6.091855860000067 ], [ 80.949217708000049, 6.09185334600005 ], [ 80.949198169000056, 6.091839287000028 ], [ 80.949190914000042, 6.091834067000036 ], [ 80.949189292000085, 6.091832730000021 ], [ 80.949134355000069, 6.091787451000073 ], [ 80.949133015000029, 6.091786347000038 ], [ 80.949059839000086, 6.091721202000031 ], [ 80.949057518000075, 6.091719136000052 ], [ 80.949039974000073, 6.091704748000041 ], [ 80.949001681000084, 6.09167334600005 ], [ 80.948985649000065, 6.091660199000046 ], [ 80.948910702000035, 6.091602576000071 ], [ 80.948708312000065, 6.091452928000024 ], [ 80.948683660000086, 6.091434701000026 ], [ 80.948676307000085, 6.091428882000059 ], [ 80.948631668000075, 6.091393560000029 ], [ 80.948577878000037, 6.091350998000053 ], [ 80.948575279000067, 6.091348782000068 ], [ 80.948532024000031, 6.091311887000074 ], [ 80.948484384000039, 6.091271253000059 ], [ 80.94848150100006, 6.09126859600002 ], [ 80.948441218000085, 6.091231471000071 ], [ 80.948417577000043, 6.091209682000056 ], [ 80.94841556700004, 6.091207732000044 ], [ 80.948382141000081, 6.09117531000004 ], [ 80.948350469000047, 6.091144592000035 ], [ 80.948348286000055, 6.091142369000067 ], [ 80.948170419000064, 6.090961239000023 ], [ 80.948167671000078, 6.090958543000056 ], [ 80.948026607000031, 6.090820172000065 ], [ 80.948024892000035, 6.090818490000061 ], [ 80.947948025000073, 6.090747273000034 ], [ 80.947869376000085, 6.090674405000073 ], [ 80.947864283000058, 6.090669686000069 ], [ 80.947692868000047, 6.090514127000063 ], [ 80.947656217000031, 6.090480857000045 ], [ 80.947618813000076, 6.090445407000061 ], [ 80.947444916000052, 6.090280586000063 ], [ 80.947442263000084, 6.09027797300007 ], [ 80.947379940000076, 6.090216605000023 ], [ 80.947252881000054, 6.090091494000035 ], [ 80.947245852000037, 6.09008437500006 ], [ 80.94723874400006, 6.090077175000033 ], [ 80.947143510000046, 6.089980722000064 ], [ 80.947063227000058, 6.089897130000054 ], [ 80.947057633000043, 6.089891059000024 ], [ 80.946991744000059, 6.089819543000033 ], [ 80.946957013000031, 6.08978184800003 ], [ 80.946955315000082, 6.089779892000024 ], [ 80.946858895000048, 6.089668848000031 ], [ 80.946857634000082, 6.089667395000049 ], [ 80.946828055000083, 6.08963079800003 ], [ 80.946764754000071, 6.089552479000076 ], [ 80.94676137600004, 6.089548298000068 ], [ 80.946724019000044, 6.089499733000025 ], [ 80.94666763400005, 6.089426429000071 ], [ 80.94665062200005, 6.089404314000035 ], [ 80.946540829000071, 6.089258113000028 ], [ 80.946491191000064, 6.089192013000059 ], [ 80.946483674000035, 6.089182003000076 ], [ 80.946319716000062, 6.088958920000039 ], [ 80.946318886000086, 6.088957759000039 ], [ 80.946019908000039, 6.088538838000034 ], [ 80.946006586000067, 6.088520472000027 ], [ 80.945874776000039, 6.088338776000057 ], [ 80.945858872000031, 6.088316850000069 ], [ 80.94581183400004, 6.088253681000026 ], [ 80.945764496000038, 6.08819010600007 ], [ 80.94575541200004, 6.088177908000034 ], [ 80.945673096000064, 6.088071200000059 ], [ 80.945656494000048, 6.088049675000036 ], [ 80.945655205000037, 6.088048006000065 ], [ 80.945605632000081, 6.087986676000071 ], [ 80.945543796000038, 6.087910176000037 ], [ 80.945542536000062, 6.08790861600005 ], [ 80.945484835000059, 6.087841344000026 ], [ 80.945427761000076, 6.087774804000048 ], [ 80.945426740000073, 6.087773613000024 ], [ 80.945369934000041, 6.087711675000037 ], [ 80.94531634100008, 6.087653239000076 ], [ 80.945315450000066, 6.087652267000067 ], [ 80.945271576000039, 6.087607816000059 ], [ 80.945200765000038, 6.087536070000056 ], [ 80.945199186000082, 6.087534470000037 ], [ 80.945161425000038, 6.087498702000062 ], [ 80.945078788000046, 6.087420425000062 ], [ 80.945073576000084, 6.087415489000023 ], [ 80.944966097000076, 6.087318253000035 ], [ 80.944936661000042, 6.087291621000077 ], [ 80.944930628000066, 6.087286165000023 ], [ 80.944770236000068, 6.087145175000046 ], [ 80.944588516000067, 6.086985441000024 ], [ 80.944573417000072, 6.086971986000037 ], [ 80.944457845000045, 6.086868991000074 ], [ 80.944386455000085, 6.086805373000061 ], [ 80.944383353000035, 6.086802501000022 ], [ 80.944213378000029, 6.086645148000059 ], [ 80.944210542000064, 6.086642524000069 ], [ 80.943993571000078, 6.086435824000034 ], [ 80.943991105000066, 6.086433476000025 ], [ 80.943939668000041, 6.086386767000022 ], [ 80.943904874000054, 6.086355171000037 ], [ 80.943903535000061, 6.08635395400006 ], [ 80.943859928000052, 6.086316497000041 ], [ 80.943812724000054, 6.086275948000036 ], [ 80.943810905000078, 6.086274386000071 ], [ 80.943752973000073, 6.086227215000065 ], [ 80.943692057000078, 6.086177615000054 ], [ 80.943687133000083, 6.086173605000056 ], [ 80.94357915900008, 6.086087582000062 ], [ 80.943508335000047, 6.086031158000026 ], [ 80.943507072000045, 6.086030098000037 ], [ 80.943405340000083, 6.085944601000051 ], [ 80.943309789000068, 6.085858648000055 ], [ 80.943308706000039, 6.085857790000034 ], [ 80.943219412000076, 6.085787069000048 ], [ 80.943155047000062, 6.085741742000039 ], [ 80.94315140100008, 6.085739174000025 ], [ 80.943095160000041, 6.085703810000041 ], [ 80.943039957000053, 6.085676386000046 ], [ 80.943001423000055, 6.085660275000066 ], [ 80.942973873000085, 6.085648755000022 ], [ 80.942921975000047, 6.08562108700005 ], [ 80.94287399600006, 6.085587050000072 ], [ 80.942869189000078, 6.085583639000049 ], [ 80.942862640000044, 6.085578337000072 ], [ 80.942846083000063, 6.085564930000032 ], [ 80.942839363000076, 6.085559447000037 ], [ 80.942820922000067, 6.085542181000051 ], [ 80.942817214000058, 6.08553869900004 ], [ 80.942813127000079, 6.085533963000046 ], [ 80.942798528000083, 6.085517006000032 ], [ 80.942793737000045, 6.085509425000055 ], [ 80.942783458000065, 6.085493030000066 ], [ 80.942777585000044, 6.085477988000036 ], [ 80.942773741000053, 6.085468018000029 ], [ 80.942772020000064, 6.085459655000022 ], [ 80.942768451000063, 6.08544230800004 ], [ 80.942768250000086, 6.085440184000049 ], [ 80.942765304000034, 6.085409072000061 ], [ 80.942765080000072, 6.085406712000065 ], [ 80.942763660000082, 6.08536904500005 ], [ 80.942763748000061, 6.085359723000067 ], [ 80.942764900000043, 6.085237267000025 ], [ 80.942764791000059, 6.085232477000034 ], [ 80.942763574000082, 6.085179371000038 ], [ 80.942763489000072, 6.08517564400006 ], [ 80.942761376000078, 6.08515393700003 ], [ 80.942757331000053, 6.085112364000054 ], [ 80.942756989000031, 6.085108860000048 ], [ 80.942756043000031, 6.08510429200004 ], [ 80.942747681000071, 6.085063872000035 ], [ 80.942743668000048, 6.085052737000069 ], [ 80.942741249000051, 6.085046086000034 ], [ 80.94274054300007, 6.08504414600003 ], [ 80.942736349000086, 6.08503590600003 ], [ 80.942730821000055, 6.085025121000058 ], [ 80.942723514000079, 6.085013895000031 ], [ 80.942717766000044, 6.085005115000058 ], [ 80.942710416000068, 6.084995735000064 ], [ 80.942702618000055, 6.084985830000051 ], [ 80.942693753000071, 6.084975866000036 ], [ 80.942686043000037, 6.084967237000058 ], [ 80.942675964000045, 6.084957599000063 ], [ 80.942668239000056, 6.08495023200004 ], [ 80.942657653000083, 6.08494182000004 ], [ 80.942649475000053, 6.084935338000037 ], [ 80.942629115000045, 6.084921892000068 ], [ 80.942588183000055, 6.084899950000022 ], [ 80.94258026600005, 6.084896412000035 ], [ 80.942550880000056, 6.084883280000042 ], [ 80.942529785000033, 6.084873853000033 ], [ 80.942523319000031, 6.084871449000048 ], [ 80.942494405000048, 6.084860702000071 ], [ 80.942474157000049, 6.084853175000035 ], [ 80.942470436000065, 6.084852114000057 ], [ 80.942446903000075, 6.084845397000038 ], [ 80.942424626000047, 6.084839037000052 ], [ 80.942414704000043, 6.084836703000065 ], [ 80.942350738000073, 6.084821655000042 ], [ 80.942349286000081, 6.08482131300002 ], [ 80.942270163000046, 6.08480498800003 ], [ 80.942261793000057, 6.084803416000057 ], [ 80.942114107000066, 6.084775684000022 ], [ 80.942112244000043, 6.084775334000028 ], [ 80.941917527000044, 6.084741471000029 ], [ 80.941915966000067, 6.084741200000053 ], [ 80.941817613000069, 6.08472150700004 ], [ 80.94181588500004, 6.08472112100003 ], [ 80.941728434000083, 6.08470154500003 ], [ 80.941721786000073, 6.08470005700002 ], [ 80.941641049000054, 6.084679548000054 ], [ 80.941517716000078, 6.084645863000048 ], [ 80.941514426000083, 6.084644964000063 ], [ 80.941495048000036, 6.084639671000048 ], [ 80.941293812000083, 6.084582217000047 ], [ 80.941192365000063, 6.084553253000024 ], [ 80.94118314900004, 6.084550743000023 ], [ 80.941060250000078, 6.084517263000066 ], [ 80.940940414000067, 6.084484618000033 ], [ 80.940934329000072, 6.084483075000037 ], [ 80.940926756000067, 6.084481154000059 ], [ 80.940813221000042, 6.084452361000046 ], [ 80.940715916000045, 6.084429363000027 ], [ 80.940484750000053, 6.084382339000058 ], [ 80.940405270000042, 6.084362338000062 ], [ 80.940382297000042, 6.084355382000069 ], [ 80.940327418000038, 6.084338721000051 ], [ 80.940323287000069, 6.084337468000058 ], [ 80.940218028000061, 6.084301191000066 ], [ 80.940154100000029, 6.084279157000026 ], [ 80.940149083000051, 6.084277429000053 ], [ 80.94004171000006, 6.084238245000051 ], [ 80.939982494000049, 6.084216635000075 ], [ 80.939979748000042, 6.084215632000053 ], [ 80.939903267000034, 6.084186189000036 ], [ 80.939807740000049, 6.084149413000034 ], [ 80.93980405700006, 6.084147995000023 ], [ 80.939671495000084, 6.084094531000062 ], [ 80.93962618200004, 6.08407625600006 ], [ 80.939624224000056, 6.084075466000058 ], [ 80.939456066000048, 6.084005709000053 ], [ 80.93945122100007, 6.084003619000043 ], [ 80.939360954000051, 6.08396465800007 ], [ 80.939291578000052, 6.083934714000065 ], [ 80.939290219000043, 6.08393406700003 ], [ 80.939170194000042, 6.083876988000043 ], [ 80.939166602000057, 6.083875220000039 ], [ 80.93916426800007, 6.083874109000021 ], [ 80.939086091000036, 6.08383483700004 ], [ 80.939019808000069, 6.083801539000035 ], [ 80.939018331000057, 6.083800848000067 ], [ 80.938976874000048, 6.083781465000072 ], [ 80.938903325000069, 6.083747115000051 ], [ 80.938846861000059, 6.083724226000072 ], [ 80.938798324000061, 6.083704582000053 ], [ 80.938766685000076, 6.083693700000026 ], [ 80.938747588000069, 6.083687142000031 ], [ 80.938696413000059, 6.083671859000049 ], [ 80.938598612000078, 6.083648049000033 ], [ 80.938597112000082, 6.083647685000074 ], [ 80.938509679000049, 6.083630959000061 ], [ 80.938493666000056, 6.083627896000053 ], [ 80.938425606000067, 6.08361756000005 ], [ 80.938254024000059, 6.083591548000072 ], [ 80.938250292000077, 6.083590896000032 ], [ 80.938064487000076, 6.083558475000075 ], [ 80.938062596000066, 6.083558233000076 ], [ 80.937893234000057, 6.083536591000041 ], [ 80.937890585000048, 6.083536252000044 ], [ 80.93777226800006, 6.083524628000021 ], [ 80.937695021000081, 6.083517039000071 ], [ 80.937693511000077, 6.083516839000026 ], [ 80.93764268700005, 6.083510123000053 ], [ 80.937555326000052, 6.083498546000044 ], [ 80.93749912100003, 6.083487849000051 ], [ 80.937446333000082, 6.083477778000031 ], [ 80.937417683000035, 6.083470658000067 ], [ 80.937395963000085, 6.083465250000074 ], [ 80.937346603000037, 6.083450628000037 ], [ 80.937291094000045, 6.083430800000031 ], [ 80.937236490000032, 6.083406996000065 ], [ 80.937190826000062, 6.083383171000037 ], [ 80.937148160000049, 6.083355256000061 ], [ 80.937112771000045, 6.083324780000055 ], [ 80.937094394000042, 6.083305823000046 ], [ 80.937079314000073, 6.083290238000075 ], [ 80.937058798000066, 6.083266353000056 ], [ 80.937034932000074, 6.083238521000055 ], [ 80.937033280000037, 6.083236594000027 ], [ 80.936972221000076, 6.083161681000036 ], [ 80.936943104000079, 6.083129203000055 ], [ 80.936913530000083, 6.083099815000026 ], [ 80.936884914000075, 6.083075743000052 ], [ 80.936853822000046, 6.083054979000053 ], [ 80.93684382400005, 6.083050092000065 ], [ 80.936823721000053, 6.083040288000063 ], [ 80.93680598900005, 6.083034765000036 ], [ 80.936791546000052, 6.083030284000074 ], [ 80.93677284000006, 6.083027252000022 ], [ 80.936759585000061, 6.083025117000034 ], [ 80.936743959000069, 6.083023729000047 ], [ 80.936727280000071, 6.083022261000053 ], [ 80.936711120000041, 6.083021838000036 ], [ 80.936692936000043, 6.083021377000023 ], [ 80.936677155000041, 6.08302192900004 ], [ 80.936658653000052, 6.083022591000031 ], [ 80.936645258000055, 6.08302390800003 ], [ 80.936622851000038, 6.083026141000062 ], [ 80.936606908000044, 6.083028641000055 ], [ 80.936587367000072, 6.083031737000056 ], [ 80.936571672000071, 6.083035144000064 ], [ 80.936554222000041, 6.083038965000071 ], [ 80.936538704000043, 6.08304345800002 ], [ 80.936522356000069, 6.083048226000074 ], [ 80.936508824000043, 6.083053430000064 ], [ 80.936488921000034, 6.083061140000041 ], [ 80.936473093000075, 6.083069462000026 ], [ 80.93645740200003, 6.083077771000035 ], [ 80.936439734000032, 6.083090740000046 ], [ 80.936418930000059, 6.083106096000051 ], [ 80.936416584000085, 6.083107827000049 ], [ 80.936362329000076, 6.083152175000066 ], [ 80.936309521000055, 6.08318894000007 ], [ 80.936300899000059, 6.083194314000025 ], [ 80.936257037000075, 6.083221653000066 ], [ 80.936234832000082, 6.083235492000028 ], [ 80.936231835000058, 6.083237065000048 ], [ 80.936213242000065, 6.083246818000021 ], [ 80.936200364000058, 6.083253574000025 ], [ 80.936198560000037, 6.083254404000058 ], [ 80.936178580000046, 6.083263617000057 ], [ 80.936165187000086, 6.083269793000056 ], [ 80.936163845000067, 6.083270327000037 ], [ 80.93614930800004, 6.083276131000048 ], [ 80.93612420200003, 6.083286155000053 ], [ 80.93612008100007, 6.083287595000058 ], [ 80.936095266000052, 6.083296270000062 ], [ 80.936078817000066, 6.083302021000065 ], [ 80.936074141000063, 6.083303496000042 ], [ 80.936047217000066, 6.083311987000059 ], [ 80.936022168000079, 6.083319887000073 ], [ 80.936017630000038, 6.083321155000021 ], [ 80.93598829900003, 6.08332934200007 ], [ 80.935966570000062, 6.08333540700005 ], [ 80.935963986000047, 6.083335995000027 ], [ 80.935921166000071, 6.083345726000061 ], [ 80.935867850000079, 6.083357844000034 ], [ 80.935861738000085, 6.083358874000055 ], [ 80.935840731000042, 6.083362414000021 ], [ 80.935819716000083, 6.083365955000033 ], [ 80.93581481800004, 6.083366581000064 ], [ 80.93579260100006, 6.083369421000043 ], [ 80.935772923000059, 6.083371937000038 ], [ 80.935768942000038, 6.083372233000034 ], [ 80.935734608000075, 6.08337479000005 ], [ 80.935686503000056, 6.083378373000073 ], [ 80.935672971000031, 6.083378561000075 ], [ 80.935634991000029, 6.083379093000076 ], [ 80.935591837000061, 6.083379697000055 ], [ 80.935573936000083, 6.083378762000052 ], [ 80.935536918000082, 6.083376827000052 ], [ 80.935514543000068, 6.083375659000069 ], [ 80.935508095000046, 6.083374701000025 ], [ 80.935494051000035, 6.083372616000077 ], [ 80.93548665600008, 6.083371519000025 ], [ 80.935484681000048, 6.083371029000034 ], [ 80.935473060000049, 6.083368147000044 ], [ 80.935463777000052, 6.08336584400007 ], [ 80.935461997000061, 6.083365179000054 ], [ 80.935451485000044, 6.083361250000053 ], [ 80.93543800100008, 6.083356211000023 ], [ 80.935430773000064, 6.083352781000031 ], [ 80.935417724000047, 6.08334658900003 ], [ 80.935398858000042, 6.083337635000021 ], [ 80.935377580000079, 6.083324971000025 ], [ 80.935321728000076, 6.083291730000042 ], [ 80.935307881000085, 6.083283488000063 ], [ 80.935278403000041, 6.083263688000045 ], [ 80.935271800000066, 6.08325866000007 ], [ 80.935259812000083, 6.083249530000046 ], [ 80.935251572000084, 6.08324325500007 ], [ 80.935247239000034, 6.083239502000026 ], [ 80.935236717000066, 6.083230387000071 ], [ 80.935229862000085, 6.083224449000056 ], [ 80.935223610000037, 6.083218311000053 ], [ 80.935212924000041, 6.083207820000041 ], [ 80.935207089000073, 6.083202091000032 ], [ 80.935203343000069, 6.083197821000056 ], [ 80.935179370000071, 6.083170497000026 ], [ 80.93517360900006, 6.083163930000069 ], [ 80.935171815000047, 6.083161516000075 ], [ 80.935142918000054, 6.083122607000064 ], [ 80.935141100000067, 6.083120158000042 ], [ 80.935136698000065, 6.083113260000061 ], [ 80.935120039000083, 6.083087155000044 ], [ 80.935116882000045, 6.083082207000075 ], [ 80.935112760000038, 6.083073778000028 ], [ 80.935103697000045, 6.083055245000025 ], [ 80.935101437000071, 6.083050623000076 ], [ 80.935099792000074, 6.083045489000028 ], [ 80.935093977000065, 6.083027342000037 ], [ 80.935092360000056, 6.083022294000045 ], [ 80.935091804000081, 6.083019031000049 ], [ 80.935087463000059, 6.082993575000046 ], [ 80.935086831000035, 6.082989603000044 ], [ 80.935084200000063, 6.08294812500003 ], [ 80.935083920000068, 6.082943730000068 ], [ 80.935083813000062, 6.082923841000024 ], [ 80.935083696000049, 6.082901956000057 ], [ 80.935083678000069, 6.082898681000074 ], [ 80.935084187000029, 6.08289041200004 ], [ 80.935085991000051, 6.082861083000068 ], [ 80.935086372000058, 6.082854883000039 ], [ 80.93508776200008, 6.082845104000057 ], [ 80.935091892000059, 6.082816047000051 ], [ 80.935092951000058, 6.082808598000042 ], [ 80.935094616000072, 6.082800454000051 ], [ 80.935101711000073, 6.082765753000047 ], [ 80.935104657000068, 6.082751339000026 ], [ 80.935106720000078, 6.082742658000029 ], [ 80.935114226000053, 6.082711084000039 ], [ 80.935128036000037, 6.082652980000034 ], [ 80.935141318000035, 6.082601650000072 ], [ 80.935146677000034, 6.082580938000035 ], [ 80.935159886000065, 6.082529891000036 ], [ 80.935169891000044, 6.082494841000027 ], [ 80.935175295000079, 6.082475910000028 ], [ 80.935176831000035, 6.082470532000059 ], [ 80.935181150000062, 6.08245736300006 ], [ 80.935197548000076, 6.082407363000073 ], [ 80.935202172000061, 6.082393263000029 ], [ 80.93520961300004, 6.082373485000062 ], [ 80.935215784000036, 6.082357091000063 ], [ 80.935229041000071, 6.082321860000036 ], [ 80.935231629000043, 6.082316004000063 ], [ 80.935261924000031, 6.082247478000056 ], [ 80.935263894000059, 6.082243021000068 ], [ 80.935271379000085, 6.082228937000025 ], [ 80.935278509000057, 6.082215521000023 ], [ 80.935280657000078, 6.082211482000048 ], [ 80.935293253000054, 6.082190797000067 ], [ 80.93529811500008, 6.082182813000031 ], [ 80.935320255000079, 6.082151526000075 ], [ 80.935344058000055, 6.082121825000058 ], [ 80.935345321000057, 6.082120412000052 ], [ 80.935353813000063, 6.082110913000065 ], [ 80.935370292000073, 6.082092482000064 ], [ 80.935373467000034, 6.082089293000024 ], [ 80.93538488400003, 6.082077824000066 ], [ 80.935398306000081, 6.082064340000045 ], [ 80.935401905000049, 6.082061210000063 ], [ 80.935445652000055, 6.082023161000052 ], [ 80.935448450000081, 6.082020728000032 ], [ 80.935455006000041, 6.082016010000075 ], [ 80.935488282000051, 6.08199206200004 ], [ 80.935500311000055, 6.081983404000027 ], [ 80.93551990800006, 6.081971657000054 ], [ 80.935529245000055, 6.08196606000007 ], [ 80.935532635000072, 6.081964029000062 ], [ 80.935564466000073, 6.081948723000039 ], [ 80.935581035000041, 6.081940757000041 ], [ 80.935584585000072, 6.081938821000051 ], [ 80.935592713000062, 6.081934388000036 ], [ 80.935607155000071, 6.081926511000063 ], [ 80.935621974000071, 6.081917299000054 ], [ 80.935690115000057, 6.081874944000049 ], [ 80.935731704000034, 6.08184353300004 ], [ 80.935734730000036, 6.081841247000057 ], [ 80.935739996000052, 6.081836096000075 ], [ 80.93576261100003, 6.081813971000031 ], [ 80.935768414000052, 6.08180829500003 ], [ 80.93577650900005, 6.081798185000025 ], [ 80.935779885000045, 6.081793970000035 ], [ 80.935781639000083, 6.08179178000006 ], [ 80.935793920000037, 6.081773120000037 ], [ 80.935795465000069, 6.081769988000076 ], [ 80.935813905000032, 6.081732585000054 ], [ 80.935814497000081, 6.081731385000069 ], [ 80.935816738000085, 6.081724949000034 ], [ 80.935833069000068, 6.081678058000023 ], [ 80.935836495000046, 6.081668218000061 ], [ 80.93583824500007, 6.08166096900004 ], [ 80.93584837700007, 6.081618986000024 ], [ 80.935849530000041, 6.081613940000068 ], [ 80.93585672100005, 6.081560635000073 ], [ 80.935858161000056, 6.08154995700005 ], [ 80.93586840200004, 6.081430558000022 ], [ 80.935868799000048, 6.081425922000051 ], [ 80.935880276000034, 6.081321507000041 ], [ 80.93589079700007, 6.081225785000072 ], [ 80.935890940000036, 6.081223564000027 ], [ 80.93590650200008, 6.080982405000043 ], [ 80.935906718000069, 6.080980509000028 ], [ 80.935916739000049, 6.080892337000023 ], [ 80.935917198000084, 6.080888307000066 ], [ 80.935922319000042, 6.08085305700007 ], [ 80.935935267000048, 6.080763950000062 ], [ 80.935935930000085, 6.080757247000065 ], [ 80.935936813000069, 6.080748310000047 ], [ 80.935940413000083, 6.080711897000072 ], [ 80.935940871000071, 6.08070159600004 ], [ 80.935941347000039, 6.080690866000054 ], [ 80.935942367000052, 6.080667920000053 ], [ 80.935941613000068, 6.080663165000033 ], [ 80.935938381000085, 6.080642755000042 ], [ 80.935938046000047, 6.080640642000049 ], [ 80.935917921000055, 6.080513555000039 ], [ 80.935887877000084, 6.080256577000057 ], [ 80.935873638000032, 6.080153755000026 ], [ 80.935856881000063, 6.080061399000044 ], [ 80.935806226000068, 6.079819250000071 ], [ 80.935794417000068, 6.079747175000023 ], [ 80.935786871000062, 6.079681957000048 ], [ 80.935781774000077, 6.079601345000071 ], [ 80.935780186000045, 6.079511059000026 ], [ 80.935786939000081, 6.079229412000075 ], [ 80.935787454000035, 6.07915409800006 ], [ 80.935783893000064, 6.079077070000039 ], [ 80.935767335000037, 6.078857955000046 ], [ 80.935766127000079, 6.07879166500004 ], [ 80.935768855000049, 6.078733610000029 ], [ 80.935773115000075, 6.078696790000038 ], [ 80.935779364000041, 6.078662340000051 ], [ 80.935787657000049, 6.078629978000038 ], [ 80.93579803800003, 6.078599527000051 ], [ 80.93581522900007, 6.078558727000029 ], [ 80.935834856000042, 6.078518835000068 ], [ 80.93585691800007, 6.078479851000054 ], [ 80.935881413000061, 6.078441776000034 ], [ 80.935906738000085, 6.078406711000071 ], [ 80.93593422500004, 6.078372452000053 ], [ 80.935963878000052, 6.078339 ], [ 80.935995694000042, 6.078306357000031 ], [ 80.936029674000054, 6.078274520000036 ], [ 80.936065818000031, 6.078243490000034 ], [ 80.936104125000043, 6.078213266000034 ], [ 80.936130432000084, 6.078198580000048 ], [ 80.936144974000058, 6.078184165000039 ], [ 80.936188782000045, 6.078148172000056 ], [ 80.936291624000035, 6.07807563800003 ], [ 80.936334683000041, 6.078042025000059 ], [ 80.936437980000051, 6.077943280000056 ], [ 80.936469855000041, 6.077907272000061 ], [ 80.936482897000076, 6.077887523000072 ], [ 80.936492417000068, 6.077867863000051 ], [ 80.936498868000058, 6.07784738600003 ], [ 80.936504624000065, 6.077819574000046 ], [ 80.936508769000056, 6.077788995000049 ], [ 80.936510494000061, 6.077758436000067 ], [ 80.936510220000059, 6.077745311000058 ], [ 80.936509834000049, 6.077726755000072 ], [ 80.936506800000075, 6.077696427000035 ], [ 80.936496913000042, 6.077650066000047 ], [ 80.936489524000081, 6.077628548000064 ], [ 80.936481542000081, 6.077610892000052 ], [ 80.936469330000079, 6.077590101000055 ], [ 80.93645450300005, 6.077569431000029 ], [ 80.936434845000065, 6.077544631000023 ], [ 80.936427127000059, 6.077537125000049 ], [ 80.936374412000077, 6.077599349000025 ], [ 80.936327777000031, 6.077657961000057 ], [ 80.936298600000043, 6.077691242000071 ], [ 80.936249811000039, 6.077741679000042 ], [ 80.936196331000076, 6.077790628000059 ], [ 80.936136869000052, 6.077838196000073 ], [ 80.936120494000079, 6.077851295000073 ], [ 80.936063326000067, 6.077891138000041 ], [ 80.936000232000083, 6.07792545600006 ], [ 80.93589214800005, 6.077976027000034 ], [ 80.935854238000047, 6.077997611000058 ], [ 80.935823158000062, 6.07801924000006 ], [ 80.935781210000073, 6.078055390000031 ], [ 80.93574218100008, 6.078095288000043 ], [ 80.93570128500005, 6.078143238000052 ], [ 80.935657063000065, 6.078200953000021 ], [ 80.935581570000068, 6.078306023000039 ], [ 80.935525710000036, 6.078394936000052 ], [ 80.93547439300005, 6.078488658000026 ], [ 80.935402069000077, 6.078630936000025 ], [ 80.935349514000052, 6.078729036000027 ], [ 80.93526537300005, 6.078873997000073 ], [ 80.935171797000066, 6.079028898000047 ], [ 80.93500933100006, 6.079288338000026 ], [ 80.934698190000063, 6.079776566000021 ], [ 80.934270532000085, 6.080466682000065 ], [ 80.934170132000077, 6.080624140000054 ], [ 80.934077226000056, 6.08076587000005 ], [ 80.933965626000031, 6.080930035000051 ], [ 80.933826509000085, 6.08112754900003 ], [ 80.933502105000059, 6.081576007000024 ], [ 80.933384199000045, 6.081736465000063 ], [ 80.933282829000063, 6.081869452000035 ], [ 80.93307070000003, 6.082138103000034 ], [ 80.932978541000068, 6.082251271000075 ], [ 80.932897233000062, 6.082346089000055 ], [ 80.932834717000048, 6.082414839000023 ], [ 80.932773987000076, 6.08247768800004 ], [ 80.932714353000051, 6.082535367000048 ], [ 80.93265436400003, 6.082589272000064 ], [ 80.932584857000052, 6.082647583000039 ], [ 80.932510277000063, 6.082706274000031 ], [ 80.932430042000078, 6.082765806000054 ], [ 80.932343028000048, 6.082827014000031 ], [ 80.932207240000082, 6.082917384000041 ], [ 80.932088, 6.082992175000072 ], [ 80.931780667000055, 6.083166759000051 ], [ 80.931515269000045, 6.083324321000021 ], [ 80.931327098000054, 6.08343340700003 ], [ 80.931233913000085, 6.083489145000044 ], [ 80.931123430000071, 6.083560187000046 ], [ 80.931031709000081, 6.083626719000051 ], [ 80.930953112000054, 6.083691869000063 ], [ 80.930877499000076, 6.083760020000057 ], [ 80.93081025400005, 6.083825629000046 ], [ 80.930747484000051, 6.083893506000038 ], [ 80.930701715000055, 6.083949179000058 ], [ 80.930657772000075, 6.084010405000072 ], [ 80.930613981000079, 6.084079320000058 ], [ 80.930564985000046, 6.084164201000021 ], [ 80.930478463000043, 6.084323266000069 ], [ 80.93037223400006, 6.084513594000043 ], [ 80.930365638000069, 6.084526194000034 ], [ 80.930282534000071, 6.08468496200004 ], [ 80.93020604700007, 6.08484386300006 ], [ 80.930171680000058, 6.084919561000049 ], [ 80.93014009400008, 6.08499714900006 ], [ 80.930118345000039, 6.085066771000072 ], [ 80.930103789000043, 6.08513060100006 ], [ 80.930093445000068, 6.085191455000029 ], [ 80.930087453000056, 6.085248384000067 ], [ 80.930085695000059, 6.085305012000049 ], [ 80.930089186000032, 6.085366592000071 ], [ 80.930102197000053, 6.085493955000061 ], [ 80.930115613000055, 6.085676585000044 ], [ 80.930122510000047, 6.085745972000041 ], [ 80.930130500000075, 6.085805687000061 ], [ 80.930142242000045, 6.08586985900007 ], [ 80.930157996000048, 6.085932355000068 ], [ 80.930176777000042, 6.08598808000005 ], [ 80.930200537000076, 6.08604323000003 ], [ 80.93023308000005, 6.086107980000065 ], [ 80.930269671000076, 6.086170667000033 ], [ 80.930308011000079, 6.086227258000065 ], [ 80.930350076000082, 6.086280229000067 ], [ 80.930374148000055, 6.086305469000024 ], [ 80.930400875000032, 6.086329818000024 ], [ 80.930496085000073, 6.086403430000075 ], [ 80.930577721000077, 6.086460867000028 ], [ 80.930783489000078, 6.086598489000039 ], [ 80.930839277000075, 6.086638434000065 ], [ 80.930888080000045, 6.086675924000076 ], [ 80.930938474000072, 6.086718285000075 ], [ 80.930983423000043, 6.086760467000033 ], [ 80.931022124000037, 6.086801423000054 ], [ 80.931063368000082, 6.086850569000035 ], [ 80.931078821000085, 6.086878330000047 ], [ 80.931086667000045, 6.086906964000036 ], [ 80.931088557000066, 6.086924671000077 ], [ 80.931088913000053, 6.086949232000052 ], [ 80.931086010000058, 6.08699236700005 ], [ 80.931079498000031, 6.087039815000026 ], [ 80.931069069000046, 6.087078819000055 ], [ 80.931053965000046, 6.087110233000033 ], [ 80.931031942000061, 6.087139104000073 ], [ 80.931000647000076, 6.087171280000064 ], [ 80.930977656000039, 6.087192390000041 ], [ 80.93095106800007, 6.087212762000036 ], [ 80.930922155000076, 6.087231064000036 ], [ 80.930888229000061, 6.08724879600004 ], [ 80.930851921000055, 6.087264431000051 ], [ 80.930811335000044, 6.087278851000065 ], [ 80.930768463000049, 6.087291451000056 ], [ 80.93070713600008, 6.087306142000045 ], [ 80.930629488000079, 6.087321363000058 ], [ 80.930581268000083, 6.087329512000053 ], [ 80.930529193000041, 6.087335968000048 ], [ 80.930475001000048, 6.087339762000056 ], [ 80.930420037000033, 6.087341071000026 ], [ 80.930359515000077, 6.087340077000022 ], [ 80.930299131000083, 6.087337030000072 ], [ 80.930218455000045, 6.087329889000046 ], [ 80.930140193000057, 6.087316042000054 ], [ 80.93005092900006, 6.087293942000031 ], [ 80.929884731000072, 6.087247713000068 ], [ 80.929766122000046, 6.087223374000075 ], [ 80.929688442000042, 6.087204470000074 ], [ 80.929644199000052, 6.087196600000027 ], [ 80.929604286000085, 6.08719493600006 ], [ 80.929585959000065, 6.08719691500005 ], [ 80.929568808000056, 6.087200961000065 ], [ 80.929539405000071, 6.08721530400004 ], [ 80.929492727000081, 6.087245920000043 ], [ 80.929474600000049, 6.08725382800003 ], [ 80.929457373000048, 6.087257333000025 ], [ 80.929432462000079, 6.087256551000053 ], [ 80.929405123000038, 6.087251244000072 ], [ 80.92936370700005, 6.087238509000031 ], [ 80.929329842000072, 6.087226108000038 ], [ 80.929290655000045, 6.087207872000022 ], [ 80.929255562000037, 6.087185991000069 ], [ 80.929228653000052, 6.087162629000034 ], [ 80.929206137000051, 6.087134242000047 ], [ 80.929160098000068, 6.087055933000045 ], [ 80.929125955000075, 6.086991012000055 ], [ 80.92909818000004, 6.086929054000052 ], [ 80.929082574000063, 6.086871403000032 ], [ 80.92907451700006, 6.086855186000037 ], [ 80.929063264000035, 6.086840867000035 ], [ 80.929037095000069, 6.086817351000036 ], [ 80.929007175000038, 6.086799011000039 ], [ 80.928967104000037, 6.086783550000064 ], [ 80.928926650000051, 6.08677328300007 ], [ 80.928887139000039, 6.086768038000059 ], [ 80.92884028900005, 6.086764610000046 ], [ 80.928791440000055, 6.086762842000041 ], [ 80.928742838000062, 6.086763010000027 ], [ 80.928650473000062, 6.086768574000075 ], [ 80.928640783000048, 6.08676994800004 ], [ 80.928611907000061, 6.086774046000073 ], [ 80.928576923000037, 6.086781482000049 ], [ 80.92852909100003, 6.086796600000071 ], [ 80.928483595000046, 6.086814294000021 ], [ 80.928415967000035, 6.086843681000062 ], [ 80.928350133000038, 6.086875821000035 ], [ 80.928287140000066, 6.086901880000028 ], [ 80.928265974000055, 6.086913139000046 ], [ 80.92825001600005, 6.086924542000077 ], [ 80.92823810200008, 6.086937030000058 ], [ 80.928229693000048, 6.086951707000026 ], [ 80.928223897000066, 6.086969826000029 ], [ 80.92822052300005, 6.086988554000072 ], [ 80.928219395000042, 6.087007259000075 ], [ 80.928220761000034, 6.087025963000031 ], [ 80.928224905000036, 6.08704235600004 ], [ 80.928232259000083, 6.087060261000033 ], [ 80.928254044000084, 6.087099979000072 ], [ 80.928281606000041, 6.087136638000061 ], [ 80.928343992000066, 6.08720250600004 ], [ 80.928419609000059, 6.087276435000035 ], [ 80.928465078000045, 6.087316075000047 ], [ 80.928505958000073, 6.087345999000036 ], [ 80.92855069400008, 6.087372405000053 ], [ 80.928603704000068, 6.087397777000035 ], [ 80.928663008000058, 6.087421687000074 ], [ 80.928719785000055, 6.087442098000054 ], [ 80.928778943000054, 6.087460236000027 ], [ 80.928836292000085, 6.087475322000046 ], [ 80.928920283000082, 6.087493174000031 ], [ 80.928967603000046, 6.087508098000058 ], [ 80.928987520000078, 6.087521133000052 ], [ 80.929004339000073, 6.087539211000035 ], [ 80.929020085000047, 6.087563876000047 ], [ 80.929033031000074, 6.087591908000036 ], [ 80.929045259000077, 6.087628068000072 ], [ 80.929053725000074, 6.087665765000054 ], [ 80.92905373800005, 6.087697917000071 ], [ 80.929047377000074, 6.08773070500007 ], [ 80.929037821000065, 6.087759460000029 ], [ 80.929023491000066, 6.087792966000052 ], [ 80.928981601000032, 6.087875115000031 ], [ 80.928960142000051, 6.087921559000051 ], [ 80.92893164000003, 6.087999310000043 ], [ 80.928888123000036, 6.088109296000027 ], [ 80.928871577000052, 6.088157614000067 ], [ 80.928860187000055, 6.088199032000034 ], [ 80.928852683000059, 6.088238403000048 ], [ 80.928848726000069, 6.088278077000041 ], [ 80.928847140000073, 6.088336383000069 ], [ 80.928849934000084, 6.08839486100004 ], [ 80.928856921000033, 6.088452974000063 ], [ 80.928868287000057, 6.088511348000054 ], [ 80.928885097000034, 6.088574579000067 ], [ 80.92890643100003, 6.088639487000023 ], [ 80.928927760000079, 6.088689681000062 ], [ 80.928953261000061, 6.088735204000045 ], [ 80.928968257000065, 6.088756131000025 ], [ 80.928987069000073, 6.088778980000029 ], [ 80.929025763000084, 6.088818150000066 ], [ 80.929044242000032, 6.088833759000067 ], [ 80.929060310000068, 6.088844961000063 ], [ 80.929076120000047, 6.088853334000021 ], [ 80.929092009000044, 6.088858794000032 ], [ 80.929110153000067, 6.088861235000024 ], [ 80.929133174000071, 6.088860607000072 ], [ 80.929197283000065, 6.088851313000021 ], [ 80.929249566000067, 6.088845867000032 ], [ 80.929308234000075, 6.088841607000063 ], [ 80.92936932300006, 6.088839363000034 ], [ 80.929400355000041, 6.088841111000022 ], [ 80.929429994000031, 6.088845918000061 ], [ 80.929463473000055, 6.088854086000026 ], [ 80.929493723000064, 6.088864447000049 ], [ 80.929513130000032, 6.088872876000039 ], [ 80.929525675000036, 6.088880337000035 ], [ 80.929536092000035, 6.088889470000026 ], [ 80.929543504000037, 6.088899696000055 ], [ 80.92955112900006, 6.088916310000059 ], [ 80.929556529000081, 6.088935414000048 ], [ 80.929560062000064, 6.088956830000029 ], [ 80.92956106500003, 6.088978313000041 ], [ 80.929557656000043, 6.089003088000027 ], [ 80.929550134000067, 6.089028752000047 ], [ 80.929532666000057, 6.08907111700006 ], [ 80.929520113000081, 6.089097155000047 ], [ 80.929492316000051, 6.08913910900003 ], [ 80.929449222000073, 6.089190874000053 ], [ 80.929423451000048, 6.08922599400006 ], [ 80.929397458000039, 6.08927094400002 ], [ 80.929370307000056, 6.08932650600002 ], [ 80.929342526000084, 6.089390318000028 ], [ 80.929317978000086, 6.089455051000073 ], [ 80.929296836000049, 6.089520252000057 ], [ 80.929279232000056, 6.089585508000027 ], [ 80.929264913000054, 6.08965235200003 ], [ 80.929254701000048, 6.089717587000052 ], [ 80.929248175000055, 6.089785244000041 ], [ 80.929244826000058, 6.089859391000061 ], [ 80.929244503000064, 6.089940535000039 ], [ 80.929246638000052, 6.089966538000056 ], [ 80.929254067000045, 6.090005710000071 ], [ 80.929277126000045, 6.090099231000067 ], [ 80.929283205000047, 6.090140486000053 ], [ 80.929283043000055, 6.090159892000031 ], [ 80.92928001000007, 6.090175941000041 ], [ 80.929274047000035, 6.09018893800004 ], [ 80.929265078000071, 6.090199033000033 ], [ 80.929253108000069, 6.090207099000054 ], [ 80.92923773900003, 6.090214133000075 ], [ 80.929219226000043, 6.090220013000021 ], [ 80.929198044000032, 6.090224590000048 ], [ 80.929149877000043, 6.090229284000031 ], [ 80.929103017000045, 6.090227183000025 ], [ 80.929083859000059, 6.090223027000036 ], [ 80.929063301000042, 6.090214856000046 ], [ 80.928987090000078, 6.090170317000059 ], [ 80.928969706000032, 6.09016189700003 ], [ 80.92895371700007, 6.090156092000029 ], [ 80.928918512000052, 6.090147897000065 ], [ 80.928881811000053, 6.090142410000055 ], [ 80.928845089000049, 6.090139855000075 ], [ 80.928809171000069, 6.090140276000056 ], [ 80.928786088000038, 6.090142446000073 ], [ 80.928761786000052, 6.090147203000072 ], [ 80.928683822000039, 6.090170108000052 ], [ 80.92865652100005, 6.090176818000032 ], [ 80.928618182000037, 6.09018323600003 ], [ 80.928577253000071, 6.090187471000036 ], [ 80.928532539000059, 6.090189619000057 ], [ 80.92848246300008, 6.090189722000048 ], [ 80.928313499000069, 6.090182924000032 ], [ 80.928249949000076, 6.090181973000028 ], [ 80.928187043000037, 6.09018444700007 ], [ 80.92817313200004, 6.090186059000075 ], [ 80.928130828000064, 6.090190962000065 ], [ 80.928094190000081, 6.09019839900003 ], [ 80.928079532000083, 6.09020444500004 ], [ 80.928066099000034, 6.090212400000041 ], [ 80.92805321700007, 6.090222836000066 ], [ 80.928041557000086, 6.090235402000076 ], [ 80.928031653000062, 6.090249216000075 ], [ 80.92802196100007, 6.090266512000028 ], [ 80.928008223000063, 6.09030143800004 ], [ 80.927998401000082, 6.090340605000051 ], [ 80.927991267000039, 6.090387578000048 ], [ 80.927987103000078, 6.090439335000042 ], [ 80.927985470000067, 6.090558699000042 ], [ 80.927990918000035, 6.090732149000075 ], [ 80.92799122100007, 6.090840605000039 ], [ 80.927986941000086, 6.090915234000022 ], [ 80.927974402000075, 6.091041964000055 ], [ 80.927965875000041, 6.091153974000065 ], [ 80.927961431000085, 6.091251347000025 ], [ 80.927960514000063, 6.091347790000043 ], [ 80.927962128000047, 6.091430931000048 ], [ 80.927965824000069, 6.091513545000055 ], [ 80.927971661000072, 6.091597697000054 ], [ 80.927979529000083, 6.09168180000006 ], [ 80.92798947600005, 6.091766665000023 ], [ 80.92800139700006, 6.091851518000055 ], [ 80.92803221500003, 6.092028550000066 ], [ 80.928057454000054, 6.092147082000054 ], [ 80.928086045000043, 6.092255285000022 ], [ 80.928120609000075, 6.092367908000028 ], [ 80.928138356000034, 6.092417511000065 ], [ 80.928156218000083, 6.092461656000069 ], [ 80.928174588000047, 6.092501870000035 ], [ 80.928196343000081, 6.092544799000052 ], [ 80.928243704000067, 6.092627028000038 ], [ 80.928296389000081, 6.092704568000045 ], [ 80.928354652000053, 6.092778332000023 ], [ 80.928403535000029, 6.092832961000056 ], [ 80.92845294600005, 6.092880670000056 ], [ 80.928498471000069, 6.092917077000038 ], [ 80.928546509000057, 6.092946707000067 ], [ 80.928595973000085, 6.092970774000037 ], [ 80.928654595000069, 6.092994175000058 ], [ 80.928804249000052, 6.093043697000041 ], [ 80.928892131000055, 6.093076043000053 ], [ 80.928964545000042, 6.09310576200005 ], [ 80.92903885100003, 6.093139079000025 ], [ 80.929130830000076, 6.09318403900005 ], [ 80.929215542000065, 6.093230710000057 ], [ 80.929284356000039, 6.093274205000057 ], [ 80.929337501000077, 6.093315765000057 ], [ 80.929366479000066, 6.093342841000037 ], [ 80.929393928000081, 6.093371233000028 ], [ 80.929420175000075, 6.093401245000052 ], [ 80.92944484800006, 6.093432467000071 ], [ 80.929467607000049, 6.093464441000037 ], [ 80.929488617000061, 6.093497410000055 ], [ 80.929507349000062, 6.093530558000054 ], [ 80.929524150000077, 6.093564578000041 ], [ 80.929538390000062, 6.093598272000065 ], [ 80.92955072400008, 6.093633082000053 ], [ 80.929561499000044, 6.093669802000022 ], [ 80.929570330000047, 6.093707083000027 ], [ 80.929577189000042, 6.09374452000003 ], [ 80.929582156000038, 6.093782644000044 ], [ 80.929585054000086, 6.093820599000026 ], [ 80.929586002000065, 6.093859341000041 ], [ 80.929584601000045, 6.093904408000071 ], [ 80.92958042600003, 6.093949277000036 ], [ 80.929573643000083, 6.093991945000027 ], [ 80.929563939000047, 6.09403375100004 ], [ 80.929552394000041, 6.094069389000026 ], [ 80.929537656000036, 6.094104406000042 ], [ 80.929518643000051, 6.094141728000068 ], [ 80.92949640300003, 6.094179548000056 ], [ 80.929453349000084, 6.094244456000069 ], [ 80.929413781000051, 6.094300726000029 ], [ 80.929379536000056, 6.094345605000058 ], [ 80.929350459000034, 6.094378779000067 ], [ 80.929315651000081, 6.094413909000025 ], [ 80.929273050000063, 6.094452839000041 ], [ 80.929155452000032, 6.094551071000069 ], [ 80.929088131000071, 6.094611028000031 ], [ 80.929034973000057, 6.094665958000064 ], [ 80.929012132000082, 6.094693575000065 ], [ 80.928991422000081, 6.094721993000064 ], [ 80.92896242900008, 6.094768049000038 ], [ 80.928933285000085, 6.094820797000068 ], [ 80.928853641000046, 6.094986970000036 ], [ 80.928797110000062, 6.095114304000049 ], [ 80.928723046000073, 6.095304669000029 ], [ 80.92869711000003, 6.095362142000056 ], [ 80.928674021000063, 6.095406677000028 ], [ 80.928647356000056, 6.095450388000074 ], [ 80.928617472000042, 6.095490617000053 ], [ 80.928580327000077, 6.095533384000021 ], [ 80.928517189000047, 6.095601285000043 ], [ 80.928471968000053, 6.095656886000029 ], [ 80.92845171700003, 6.095686414000056 ], [ 80.92842607800003, 6.095727570000065 ], [ 80.928383562000079, 6.095803717000024 ], [ 80.928332973000067, 6.095907847000035 ], [ 80.928287725000075, 6.09601150900005 ], [ 80.928255498000055, 6.096098902000051 ], [ 80.928230668000083, 6.096184547000064 ], [ 80.928214709000031, 6.096257670000057 ], [ 80.928210228000069, 6.096290237000062 ], [ 80.92820802500006, 6.096320666000054 ], [ 80.928207951000047, 6.096354159000043 ], [ 80.928209948000074, 6.096389024000075 ], [ 80.928213954000057, 6.096423615000049 ], [ 80.928219913000078, 6.096457962000045 ], [ 80.928227470000081, 6.096621970000058 ], [ 80.928237042000035, 6.096785790000069 ], [ 80.928248628000063, 6.096949422000023 ], [ 80.92826223000003, 6.097112867000021 ], [ 80.928279497000062, 6.097284683000055 ], [ 80.928320349000046, 6.097574400000042 ], [ 80.92832678700006, 6.097637601000031 ], [ 80.928330566000056, 6.097695222000027 ], [ 80.928331866000065, 6.097825510000064 ], [ 80.928326863000052, 6.097958026000072 ], [ 80.928315816000065, 6.098085031000039 ], [ 80.928298752000046, 6.098207435000063 ], [ 80.928283767000039, 6.098287688000028 ], [ 80.92826605700003, 6.098365513000033 ], [ 80.928246341000033, 6.098438347000069 ], [ 80.928222852000033, 6.098512280000023 ], [ 80.928186745000062, 6.098612074000073 ], [ 80.928133083000034, 6.09874805000004 ], [ 80.928091552000069, 6.098847228000068 ], [ 80.928053852000062, 6.09892953700006 ], [ 80.928019738000046, 6.09899662600003 ], [ 80.927978069000062, 6.099070679000022 ], [ 80.927939259000084, 6.099134580000054 ], [ 80.92790245100008, 6.099189387000024 ], [ 80.927861618000065, 6.099243318000049 ], [ 80.927817155000071, 6.099296408000043 ], [ 80.927773924000064, 6.099342776000071 ], [ 80.927730723000082, 6.099383910000029 ], [ 80.927683524000031, 6.099423162000051 ], [ 80.927629336000052, 6.099463 ], [ 80.927558690000069, 6.099509659000034 ], [ 80.92749817400005, 6.099545840000076 ], [ 80.927442877000033, 6.099575093000055 ], [ 80.927377113000034, 6.099606835000031 ], [ 80.927238196000076, 6.099669953000046 ], [ 80.927149242000041, 6.099708375000034 ], [ 80.927056727000036, 6.099745834000032 ], [ 80.926962963000051, 6.099781308000047 ], [ 80.926868097000067, 6.099814737000031 ], [ 80.926772286000073, 6.099846068000033 ], [ 80.926635323000085, 6.099887263000028 ], [ 80.926532817000066, 6.099916123000071 ], [ 80.926446918000067, 6.099937556000043 ], [ 80.926369157000067, 6.099953706000065 ], [ 80.92624799500004, 6.099972480000076 ], [ 80.926204417000065, 6.099977261000049 ], [ 80.926165449000052, 6.099979795000024 ], [ 80.92608656200008, 6.099978948000057 ], [ 80.925962268000035, 6.099969592000036 ], [ 80.925891326000055, 6.099960195000051 ], [ 80.925812908000069, 6.099945708000064 ], [ 80.92573704800003, 6.099928875000046 ], [ 80.925547207000079, 6.099883456000043 ], [ 80.925444558000038, 6.099862640000026 ], [ 80.925257190000082, 6.099836352000068 ], [ 80.925206940000066, 6.099831572000028 ], [ 80.925162971000077, 6.099829809000028 ], [ 80.925103252000042, 6.099831272000074 ], [ 80.925044537000076, 6.099835962000043 ], [ 80.92498779500005, 6.09984382600004 ], [ 80.924934605000033, 6.099854626000024 ], [ 80.924884712000051, 6.099868438000044 ], [ 80.924831194000035, 6.09988673600003 ], [ 80.924772334000068, 6.099910071000068 ], [ 80.92470140100005, 6.099941093000041 ], [ 80.924652344000037, 6.099964821000071 ], [ 80.924600345000044, 6.099992335000024 ], [ 80.92448102000003, 6.10006222800007 ], [ 80.924380236000047, 6.100128967000046 ], [ 80.924257097000066, 6.100218124000037 ], [ 80.924142054000072, 6.100308286000029 ], [ 80.924022936000085, 6.100409066000054 ], [ 80.923882746000061, 6.100533888000029 ], [ 80.923838628000055, 6.100576962000048 ], [ 80.923800947000075, 6.100617432000035 ], [ 80.923753072000068, 6.10067581800007 ], [ 80.923703261000071, 6.100744724000037 ], [ 80.923642261000055, 6.10083768800007 ], [ 80.923570885000061, 6.100952802000052 ], [ 80.92353829800004, 6.101011269000026 ], [ 80.923503989000039, 6.101077385000053 ], [ 80.92339047400003, 6.101312016000065 ], [ 80.923343947000035, 6.101403650000066 ], [ 80.923313123000071, 6.101458558000047 ], [ 80.923313178000058, 6.10145983600006 ], [ 80.923250609000036, 6.101570946000038 ], [ 80.923198421000052, 6.101656243000036 ], [ 80.923158977000071, 6.101714049000066 ], [ 80.923124014000052, 6.101762227000052 ], [ 80.923090683000055, 6.101804690000051 ], [ 80.923058085000036, 6.101842558000044 ], [ 80.923019664000037, 6.101882953000029 ], [ 80.922978393000051, 6.101922569000067 ], [ 80.92293408900008, 6.10196153000004 ], [ 80.922889141000041, 6.101997751000056 ], [ 80.922836004000033, 6.102035899000043 ], [ 80.922770592000063, 6.102078319000043 ], [ 80.922630857000058, 6.102163929000028 ], [ 80.922559585000045, 6.10220372200007 ], [ 80.922508621000077, 6.102227751000044 ], [ 80.922418585000059, 6.102263834000041 ], [ 80.922377932000074, 6.102275125000062 ], [ 80.922340793000046, 6.102279220000071 ], [ 80.922297189000062, 6.102278052000031 ], [ 80.922257813000044, 6.102271173000076 ], [ 80.922217924000051, 6.102257198000075 ], [ 80.922180161000085, 6.102237099000035 ], [ 80.922149834000038, 6.102214165000021 ], [ 80.922116681000034, 6.102182409000022 ], [ 80.922101589000079, 6.102162957000075 ], [ 80.922069005000083, 6.102113316000043 ], [ 80.922049635000064, 6.102091350000023 ], [ 80.922029395000038, 6.102074466000033 ], [ 80.922007614000051, 6.102059240000074 ], [ 80.921984295000073, 6.102045675000056 ], [ 80.921959435000076, 6.102033771000038 ], [ 80.921949786000084, 6.102054788000032 ], [ 80.921947311000054, 6.102060170000073 ], [ 80.921911622000039, 6.102137565000021 ], [ 80.921665621000045, 6.10267105500003 ], [ 80.921415144000036, 6.103205593000041 ], [ 80.921215412000038, 6.103631957000061 ], [ 80.920526145000053, 6.105119173000048 ], [ 80.920524389000036, 6.105122962000053 ], [ 80.920493688000079, 6.105189205000045 ], [ 80.920369064000056, 6.105503645000056 ], [ 80.92032684000003, 6.105610188000071 ], [ 80.920392163000031, 6.105647241000042 ], [ 80.920456442000045, 6.105676832000029 ], [ 80.920519677000073, 6.105698959000051 ], [ 80.920581869000046, 6.105713622000053 ], [ 80.920612902000073, 6.10571819300003 ], [ 80.920643670000061, 6.105720858000041 ], [ 80.920674170000041, 6.105721617000029 ], [ 80.920704404000048, 6.105720470000051 ], [ 80.920734819000074, 6.105717356000071 ], [ 80.920764834000067, 6.105712294000057 ], [ 80.920790814000043, 6.105705881000063 ], [ 80.920817569000064, 6.105697174000056 ], [ 80.920866380000064, 6.105676364000033 ], [ 80.920917639000038, 6.105648476000056 ], [ 80.920971437000048, 6.105613466000023 ], [ 80.921028183000033, 6.105571070000053 ], [ 80.921079573000043, 6.105527720000055 ], [ 80.921169984000073, 6.105434452000054 ], [ 80.921300515000041, 6.105314038000074 ], [ 80.921377595000081, 6.105249226000069 ], [ 80.921412747000034, 6.105222712000057 ], [ 80.921446616000082, 6.105199377000076 ], [ 80.921480347000056, 6.105178507000062 ], [ 80.921513397000069, 6.105160521000073 ], [ 80.921545965000064, 6.105145315000073 ], [ 80.921578177000072, 6.105132828000023 ], [ 80.921611289000055, 6.105122664000021 ], [ 80.92164757200004, 6.105114039000057 ], [ 80.921685805000038, 6.10510725000006 ], [ 80.921726196000066, 6.105102239000075 ], [ 80.92178606300007, 6.105098227000042 ], [ 80.921849947000055, 6.105097690000036 ], [ 80.921922746000064, 6.105100973000049 ], [ 80.921980268000084, 6.105106868000064 ], [ 80.922027330000049, 6.105115568000031 ], [ 80.922079499000063, 6.105128510000043 ], [ 80.922244703000047, 6.10517916200007 ], [ 80.922301865000065, 6.10519510000006 ], [ 80.92247433700004, 6.105236999000056 ], [ 80.922572886000069, 6.105257171000062 ], [ 80.922637854000072, 6.105266910000068 ], [ 80.922710768000059, 6.105274707000035 ], [ 80.923006881000049, 6.105295969000053 ], [ 80.923065613000063, 6.105303501000037 ], [ 80.923203662000049, 6.105324498000073 ], [ 80.923271119000049, 6.105332100000055 ], [ 80.923342566000031, 6.105334909000021 ], [ 80.92337518000005, 6.105333649000045 ], [ 80.92340626400005, 6.105330601000048 ], [ 80.923446252000076, 6.105322462000061 ], [ 80.92352786500004, 6.105295255000044 ], [ 80.923563393000052, 6.105286403000036 ], [ 80.923591745000067, 6.105283543000041 ], [ 80.923639192000053, 6.105285882000032 ], [ 80.923678143000075, 6.105284411000071 ], [ 80.923713055000064, 6.105279579000069 ], [ 80.923747659000071, 6.105270218000044 ], [ 80.923791881000056, 6.105252068000027 ], [ 80.923837936000041, 6.105227157000058 ], [ 80.92390903900008, 6.105181172000073 ], [ 80.923952280000037, 6.105149058000052 ], [ 80.923987835000048, 6.105118080000068 ], [ 80.924026464000065, 6.105079507000028 ], [ 80.924059162000049, 6.105043463000072 ], [ 80.924131505000048, 6.104958777000036 ], [ 80.924197627000069, 6.104879259000029 ], [ 80.924258485000053, 6.104802871000061 ], [ 80.924292146000084, 6.10475738100007 ], [ 80.924321041000042, 6.10471420500005 ], [ 80.924359929000047, 6.104645249000043 ], [ 80.92441135100006, 6.104536556000028 ], [ 80.924455112000032, 6.104450123000049 ], [ 80.924486912000077, 6.104393103000064 ], [ 80.924510804000079, 6.10435595000007 ], [ 80.924548791000063, 6.104304660000025 ], [ 80.924587917000053, 6.10425844100007 ], [ 80.924629271000072, 6.104215992000036 ], [ 80.92466999800007, 6.104180151000037 ], [ 80.924705687000085, 6.104152809000027 ], [ 80.924742742000035, 6.104127087000052 ], [ 80.924796272000037, 6.104093080000041 ], [ 80.924844288000031, 6.104064695000034 ], [ 80.924888036000084, 6.10404117500002 ], [ 80.924926288000051, 6.104022666000049 ], [ 80.92496232600007, 6.104007383000067 ], [ 80.925000449000038, 6.103993540000033 ], [ 80.925042377000068, 6.103980807000028 ], [ 80.925090414000067, 6.103968928000029 ], [ 80.925137817000063, 6.103959619000022 ], [ 80.92519089700005, 6.103951357000028 ], [ 80.925240446000032, 6.103945648000035 ], [ 80.925291410000057, 6.103941772000042 ], [ 80.925334314000054, 6.103940946000023 ], [ 80.925380018000055, 6.103942276000055 ], [ 80.925427342000035, 6.10394571300003 ], [ 80.925481884000078, 6.103951791000043 ], [ 80.925627345000066, 6.103974333000053 ], [ 80.925807647000056, 6.104005236000035 ], [ 80.925978538000038, 6.104038655000068 ], [ 80.92605338900006, 6.104054966000035 ], [ 80.926135052000063, 6.104076528000064 ], [ 80.926201780000042, 6.104097874000047 ], [ 80.926263929000072, 6.104121708000037 ], [ 80.92634253500006, 6.104158158000075 ], [ 80.926425041000073, 6.104203206000022 ], [ 80.926513365000062, 6.104257823000069 ], [ 80.926614947000076, 6.104326725000021 ], [ 80.926696974000038, 6.104386799000054 ], [ 80.926776017000066, 6.104450063000058 ], [ 80.926856687000054, 6.104520208000054 ], [ 80.926937506000058, 6.104596055000059 ], [ 80.927008274000059, 6.104666988000076 ], [ 80.927083512000081, 6.104746760000069 ], [ 80.927157437000062, 6.104829197000072 ], [ 80.927205504000085, 6.104887808000058 ], [ 80.927240905000076, 6.104937756000027 ], [ 80.927272922000043, 6.104990842000063 ], [ 80.92730209900003, 6.10504800800004 ], [ 80.927328229000068, 6.105108894000068 ], [ 80.927351959000077, 6.105175300000042 ], [ 80.927373234000072, 6.105247581000071 ], [ 80.927391475000036, 6.105323351000038 ], [ 80.927407996000056, 6.105407853000031 ], [ 80.927428305000035, 6.105541510000023 ], [ 80.927463756000066, 6.105845639000052 ], [ 80.927484043000049, 6.105988972000034 ], [ 80.927660056000036, 6.106440769000073 ], [ 80.927803599000072, 6.106833139000059 ], [ 80.92785144700008, 6.106967120000036 ], [ 80.927928007000048, 6.107187231000069 ], [ 80.927966337000043, 6.107474350000075 ], [ 80.927995087000056, 6.107694474000027 ], [ 80.928014283000039, 6.107943314000067 ], [ 80.928014363000045, 6.108220875000029 ], [ 80.928004868000073, 6.108450582000046 ], [ 80.927909310000075, 6.108661172000041 ], [ 80.927871098000082, 6.108785606000026 ], [ 80.927832891000037, 6.108929181000065 ], [ 80.92779549100004, 6.109146352000039 ], [ 80.928113487000076, 6.109225455000058 ], [ 80.928805338000075, 6.10939074700002 ], [ 80.92887821000005, 6.109406738000075 ], [ 80.929201376000037, 6.109477648000052 ], [ 80.92992963100005, 6.109637443000054 ], [ 80.930151101000035, 6.109686037000074 ], [ 80.930186147000029, 6.109621502000039 ], [ 80.930200330000048, 6.109589253000024 ], [ 80.930212420000032, 6.109557054000049 ], [ 80.930222431000061, 6.109524853000039 ], [ 80.930230288000075, 6.109492898000042 ], [ 80.930235362000076, 6.109463666000067 ], [ 80.930238613000085, 6.109432942000069 ], [ 80.930240059000084, 6.109400595000068 ], [ 80.930239708000045, 6.109366428000044 ], [ 80.93023486800007, 6.109302459000048 ], [ 80.930224459000044, 6.109229681000045 ], [ 80.930210632000069, 6.109156523000024 ], [ 80.930170218000058, 6.108963962000075 ], [ 80.930160300000068, 6.108907922000071 ], [ 80.930153262000033, 6.108858080000061 ], [ 80.930148342000052, 6.10880559800006 ], [ 80.930146616000059, 6.108755312000028 ], [ 80.930147323000085, 6.108691430000022 ], [ 80.930150809000054, 6.108627517000059 ], [ 80.930157978000068, 6.10855611300002 ], [ 80.930168614000081, 6.10848457000003 ], [ 80.93018272200004, 6.108412826000063 ], [ 80.930200322000076, 6.108340809000026 ], [ 80.930221422000045, 6.108268463000059 ], [ 80.930246055000055, 6.108195678000072 ], [ 80.930274250000082, 6.108122360000038 ], [ 80.930306056000063, 6.108048389000032 ], [ 80.93033941300007, 6.107977904000052 ], [ 80.930376096000032, 6.107906589000038 ], [ 80.930416182000045, 6.10783428600007 ], [ 80.930459779000046, 6.107760804000065 ], [ 80.93050695800008, 6.107686014000024 ], [ 80.930557961000034, 6.107609523000065 ], [ 80.930613025000071, 6.107530977000067 ], [ 80.930672518000051, 6.107449846000065 ], [ 80.930780881000032, 6.107309545000021 ], [ 80.930907035000075, 6.107154602000037 ], [ 80.931033767000031, 6.107004443000051 ], [ 80.931359388000033, 6.106624880000027 ], [ 80.931531341000039, 6.106417222000061 ], [ 80.931617811000081, 6.106307773000026 ], [ 80.931695991000083, 6.106204428000069 ], [ 80.931767284000045, 6.106105335000052 ], [ 80.931832381000049, 6.106009522000022 ], [ 80.931901998000058, 6.10589953300007 ], [ 80.931964217000029, 6.105792227000052 ], [ 80.932019419000085, 6.105686947000038 ], [ 80.932067833000076, 6.105583251000041 ], [ 80.932109683000078, 6.105480638000074 ], [ 80.932145025000068, 6.105378942000073 ], [ 80.93217394800007, 6.105277912000076 ], [ 80.932196505000036, 6.10517734900003 ], [ 80.932259286000033, 6.104817734000051 ], [ 80.932279838000056, 6.104691470000034 ], [ 80.932298482000078, 6.104553293000038 ], [ 80.932309868000061, 6.104430923000052 ], [ 80.932313291000071, 6.104366947000074 ], [ 80.93231460100003, 6.104305905000047 ], [ 80.932313802000067, 6.10424746700005 ], [ 80.932310893000079, 6.104191413000024 ], [ 80.932305844000041, 6.104137421000075 ], [ 80.932298652000043, 6.104085515000065 ], [ 80.932289231000084, 6.104035261000035 ], [ 80.932277879000083, 6.103988211000058 ], [ 80.932268073000046, 6.103956474000029 ], [ 80.932256229000075, 6.103924574000075 ], [ 80.932226316000083, 6.10386 ], [ 80.932187843000065, 6.103793823000046 ], [ 80.932140073000085, 6.103724768000063 ], [ 80.932093550000047, 6.103665269000032 ], [ 80.932038022000086, 6.103600039000071 ], [ 80.931841080000083, 6.103385449000029 ], [ 80.931770006000079, 6.103304521000041 ], [ 80.931704858000046, 6.103222680000044 ], [ 80.93167743500004, 6.103184353000074 ], [ 80.931653006000033, 6.10314715100003 ], [ 80.931629604000079, 6.103107614000066 ], [ 80.931609362000074, 6.103068806000067 ], [ 80.93159217300007, 6.103030513000022 ], [ 80.931577974000049, 6.102992593000067 ], [ 80.931567035000057, 6.102956147000043 ], [ 80.931555089000085, 6.10290597200003 ], [ 80.931545853000046, 6.102857363000055 ], [ 80.931538511000042, 6.102807208000058 ], [ 80.931532442000048, 6.10274804200003 ], [ 80.93152883700003, 6.102686817000063 ], [ 80.931527692000031, 6.102623505000054 ], [ 80.931529008000041, 6.10255806400005 ], [ 80.931532784000069, 6.102490467000052 ], [ 80.931539025000063, 6.10242063100003 ], [ 80.931547735000038, 6.102348481000035 ], [ 80.931558927000083, 6.10227390700004 ], [ 80.931572423000034, 6.102197835000027 ], [ 80.93158838800008, 6.102119082000058 ], [ 80.931627961000061, 6.101952427000072 ], [ 80.931678131000069, 6.101771591000045 ], [ 80.931742645000043, 6.101563020000071 ], [ 80.931770142000062, 6.101481078000063 ], [ 80.931800185000043, 6.10140405900006 ], [ 80.931835138000054, 6.101325813000074 ], [ 80.931874666000056, 6.101247318000048 ], [ 80.931919007000033, 6.101168137000059 ], [ 80.931968244000075, 6.101088146000052 ], [ 80.932022605000043, 6.101006976000065 ], [ 80.932082455000057, 6.100924080000027 ], [ 80.932135880000033, 6.100854456000036 ], [ 80.932193765000079, 6.100782628000047 ], [ 80.932256701000085, 6.100707858000021 ], [ 80.932325872000035, 6.100628738000069 ], [ 80.932460250000076, 6.100481191000029 ], [ 80.932807867000065, 6.100109617000044 ], [ 80.932904756000084, 6.100001962000022 ], [ 80.932989518000056, 6.099903797000024 ], [ 80.933079386000031, 6.099793771000066 ], [ 80.933159346000082, 6.099688600000036 ], [ 80.93323083100006, 6.099586391000059 ], [ 80.93329452200004, 6.099486163000051 ], [ 80.93333702700005, 6.099410541000054 ], [ 80.933377869000083, 6.099327671000026 ], [ 80.933417466000037, 6.099236721000068 ], [ 80.933456571000079, 6.099135969000031 ], [ 80.933488712000042, 6.099045032000049 ], [ 80.933522615000072, 6.098941908000029 ], [ 80.933628984000052, 6.09859500500005 ], [ 80.933669351000049, 6.09846858700007 ], [ 80.933711752000079, 6.098346528000036 ], [ 80.933753051000053, 6.098240270000076 ], [ 80.933800960000042, 6.098132863000046 ], [ 80.933825573000036, 6.098083922000058 ], [ 80.933850773000074, 6.09803785400004 ], [ 80.93387668400004, 6.097994443000061 ], [ 80.933903347000069, 6.097953621000045 ], [ 80.933930833000034, 6.097915288000024 ], [ 80.933959192000032, 6.097879366000029 ], [ 80.934010907000072, 6.097822289000021 ], [ 80.934065666000038, 6.097772105000047 ], [ 80.934094254000058, 6.097749536000038 ], [ 80.93412367600007, 6.097728628000027 ], [ 80.934153950000052, 6.097709365000071 ], [ 80.934185096000078, 6.097691737000048 ], [ 80.934245981000061, 6.097660908000023 ], [ 80.934307398000044, 6.097631853000053 ], [ 80.934367604000045, 6.097605399000031 ], [ 80.934426642000062, 6.097581514000069 ], [ 80.934484184000041, 6.097560322000049 ], [ 80.934540243000072, 6.097541810000052 ], [ 80.934594710000056, 6.097526016000074 ], [ 80.934647503000065, 6.097512962000053 ], [ 80.934727248000058, 6.097497975000067 ], [ 80.934802453000032, 6.097489892000056 ], [ 80.93487295500006, 6.097488730000066 ], [ 80.934906408000074, 6.097490746000062 ], [ 80.93493864800007, 6.097494490000031 ], [ 80.934970613000075, 6.097500129000025 ], [ 80.935003816000062, 6.097507885000027 ], [ 80.935072634000051, 6.09752945200006 ], [ 80.935135295000066, 6.097555229000022 ], [ 80.935144428000058, 6.097558984000045 ], [ 80.935218493000036, 6.097596189000058 ], [ 80.935289279000074, 6.097637696000049 ], [ 80.935360067000033, 6.09768487100007 ], [ 80.935429586000055, 6.097736889000032 ], [ 80.935494901000084, 6.09779155800004 ], [ 80.935532055000067, 6.097828445000061 ], [ 80.935566289000064, 6.097869432000039 ], [ 80.93559773000004, 6.097914668000044 ], [ 80.935626533000061, 6.097964379000075 ], [ 80.93565116700006, 6.098015024000063 ], [ 80.935673845000053, 6.098070196000037 ], [ 80.935694772000033, 6.098130390000051 ], [ 80.93571428100006, 6.098196548000033 ], [ 80.935731295000039, 6.098263731000031 ], [ 80.935748139000054, 6.098339779000071 ], [ 80.935806078000041, 6.098642376000043 ], [ 80.935833924000065, 6.098770101000071 ], [ 80.935851428000035, 6.098837669000034 ], [ 80.935869856000068, 6.098899327000026 ], [ 80.93588956800005, 6.098956262000058 ], [ 80.935910767000053, 6.099009054000021 ], [ 80.936177688000043, 6.099561529000027 ], [ 80.936243613000045, 6.099689988000023 ], [ 80.936304821000078, 6.099800719000029 ], [ 80.936374987000079, 6.09991562600004 ], [ 80.936409394000066, 6.099966864000066 ], [ 80.936443537000059, 6.100014245000068 ], [ 80.936477560000071, 6.100057957000047 ], [ 80.936511499000062, 6.100098046000028 ], [ 80.936545423000041, 6.100134590000039 ], [ 80.936579383000037, 6.10016764300002 ], [ 80.936634492000053, 6.100213820000022 ], [ 80.936662173000059, 6.100233566000043 ], [ 80.936689957000056, 6.100251100000037 ], [ 80.936717863000069, 6.100266432000069 ], [ 80.936745898000083, 6.10027956700003 ], [ 80.936774076000063, 6.100290510000036 ], [ 80.936802407000073, 6.100299264000057 ], [ 80.936832044000084, 6.100306051000075 ], [ 80.936865278000084, 6.100311121000061 ], [ 80.936902954000061, 6.100314899000068 ], [ 80.936941220000051, 6.100316796000072 ], [ 80.937016634000031, 6.100315140000021 ], [ 80.937094247000061, 6.100306492000072 ], [ 80.937175077000063, 6.100290610000059 ], [ 80.937258160000056, 6.100267558000041 ], [ 80.937343498000075, 6.100237337000067 ], [ 80.937431091000064, 6.100199948000068 ], [ 80.937520937000045, 6.100155389000065 ], [ 80.937613038000052, 6.100103660000059 ], [ 80.937707395000075, 6.100044762000039 ], [ 80.937804005000032, 6.099978695000061 ], [ 80.937810780000063, 6.099974442000075 ], [ 80.937866878000079, 6.099948380000058 ], [ 80.937895153000056, 6.099935171000027 ], [ 80.937923517000058, 6.09992195600006 ], [ 80.937914369000055, 6.099824031000026 ], [ 80.937908527000047, 6.099725772000056 ], [ 80.937906311000063, 6.099631294000062 ], [ 80.937907694000046, 6.099537247000058 ], [ 80.937912580000045, 6.099448181000071 ], [ 80.937921178000067, 6.09935977300006 ], [ 80.937933285000042, 6.099274725000043 ], [ 80.937949297000046, 6.099190667000073 ], [ 80.93796842900008, 6.099111410000035 ], [ 80.937991468000064, 6.099033397000028 ], [ 80.938017941000055, 6.098958427000071 ], [ 80.938048364000053, 6.098885136000035 ], [ 80.938082463000057, 6.09881438900004 ], [ 80.938119841000059, 6.098746867000045 ], [ 80.938160812000035, 6.098681869000075 ], [ 80.938205376000042, 6.098619396000061 ], [ 80.938253997000061, 6.09855890700004 ], [ 80.938306905000047, 6.098500330000036 ], [ 80.938363425000034, 6.098444510000036 ], [ 80.938423124000053, 6.098391698000057 ], [ 80.938489076000053, 6.098339294000027 ], [ 80.938558028000045, 6.09829035100006 ], [ 80.938622842000029, 6.098249274000068 ], [ 80.938657077000073, 6.098230716000046 ], [ 80.938682338000035, 6.098218807000023 ], [ 80.93872218000007, 6.098204215000067 ], [ 80.938764136000032, 6.098192804000064 ], [ 80.938810630000035, 6.098183789000075 ], [ 80.938860113000032, 6.098177361000069 ], [ 80.938978472000031, 6.098170098000026 ], [ 80.939175617000046, 6.098166234000075 ], [ 80.939246541000045, 6.098160989000064 ], [ 80.939305482000066, 6.098152926000068 ], [ 80.939360674000056, 6.098140594000029 ], [ 80.939412413000071, 6.098122896000064 ], [ 80.939457331000085, 6.098100602000045 ], [ 80.939478399000052, 6.098087065000072 ], [ 80.939498001000061, 6.098072299000023 ], [ 80.939526200000046, 6.098046557000032 ], [ 80.939555123000048, 6.098016 ], [ 80.939584034000063, 6.097981901000026 ], [ 80.939619089000075, 6.09793677600004 ], [ 80.939648827000042, 6.097896406000075 ], [ 80.93967209200008, 6.097861797000064 ], [ 80.939692712000067, 6.09782756900006 ], [ 80.939710454000078, 6.097792670000047 ], [ 80.939736879000066, 6.097728579000034 ], [ 80.939759864000052, 6.097658275000072 ], [ 80.939782598000079, 6.097575275000054 ], [ 80.939814563000084, 6.097447183000043 ], [ 80.939839082000049, 6.097361900000067 ], [ 80.939861879000034, 6.097298931000068 ], [ 80.939875851000068, 6.09726799200007 ], [ 80.939888800000062, 6.097243398000046 ], [ 80.939903489000073, 6.097219843000062 ], [ 80.939919598000074, 6.097198369000068 ], [ 80.939936788000068, 6.097179622000056 ], [ 80.93995568400004, 6.097162866000076 ], [ 80.939977877000047, 6.09714665000007 ], [ 80.940001113000051, 6.097132846000022 ], [ 80.940026308000085, 6.097120847000042 ], [ 80.940052511000033, 6.097111053000049 ], [ 80.940087086000062, 6.097101548000069 ], [ 80.940122869000049, 6.09709506400003 ], [ 80.940161770000032, 6.097091164000062 ], [ 80.940201654000077, 6.09708997000007 ], [ 80.940246150000064, 6.097091405000072 ], [ 80.940291708000075, 6.097095387000024 ], [ 80.940340958000036, 6.097102064000069 ], [ 80.940391452000085, 6.097111034000022 ], [ 80.940492250000034, 6.097133976000066 ], [ 80.940597684000068, 6.097163256000044 ], [ 80.940747313000031, 6.097210247000021 ], [ 80.941018712000073, 6.097300141000062 ], [ 80.941034541000079, 6.097305383000048 ], [ 80.941149434000067, 6.097339306000038 ], [ 80.941253384000049, 6.097365039000067 ], [ 80.941401634000044, 6.097394250000036 ], [ 80.941580296000041, 6.097425378000025 ], [ 80.942053917000067, 6.097498532000031 ], [ 80.942332653000051, 6.097545301000025 ], [ 80.942448580000075, 6.097567143000049 ], [ 80.94255842900003, 6.097589805000041 ], [ 80.942660390000071, 6.097612961000038 ], [ 80.942759129000081, 6.097637735000035 ], [ 80.942892105000055, 6.097675546000062 ], [ 80.943020553000053, 6.097718088000022 ], [ 80.943137482000054, 6.097763279000048 ], [ 80.943248905000075, 6.097813579000047 ], [ 80.943300324000063, 6.09783968000005 ], [ 80.943349771000044, 6.097866794000026 ], [ 80.943397234000031, 6.097894918000065 ], [ 80.943442996000044, 6.097924238000076 ], [ 80.943486593000046, 6.097954455000036 ], [ 80.943528475000051, 6.097985875000063 ], [ 80.943568408000033, 6.098018331000048 ], [ 80.943606601000056, 6.098051995000048 ], [ 80.943642228000044, 6.098086067000054 ], [ 80.943676144000051, 6.098121285000047 ], [ 80.943708306000076, 6.098157603000061 ], [ 80.943738741000061, 6.09819505400003 ], [ 80.943766864000054, 6.098232842000073 ], [ 80.943793837000044, 6.098272142000042 ], [ 80.943860097000083, 6.098377891000041 ], [ 80.943920932000083, 6.098487636000073 ], [ 80.943975974000068, 6.098600763000036 ], [ 80.944023303000051, 6.098713492000059 ], [ 80.944043951000083, 6.09876945000002 ], [ 80.944062779000035, 6.098825737000027 ], [ 80.944077848000063, 6.098878311000021 ], [ 80.944089351000059, 6.098928913000066 ], [ 80.94409922300008, 6.098985559000027 ], [ 80.944106614000077, 6.099043394000034 ], [ 80.944112376000078, 6.099108364000074 ], [ 80.944116609000048, 6.099182571000028 ], [ 80.944122586000049, 6.099398321000024 ], [ 80.944129673000077, 6.099531733000049 ], [ 80.944135555000059, 6.099592170000051 ], [ 80.944142889000034, 6.09964879100005 ], [ 80.944166344000053, 6.099777729000039 ], [ 80.944190479000042, 6.099896249000039 ], [ 80.944216621000066, 6.100012584000069 ], [ 80.944243992000054, 6.100123061000033 ], [ 80.944273857000042, 6.100232534000043 ], [ 80.944304455000065, 6.100334638000049 ], [ 80.944337708000035, 6.100435873000038 ], [ 80.944372430000044, 6.100532415000032 ], [ 80.944409922000034, 6.100627725000038 ], [ 80.944441432000076, 6.100701658000048 ], [ 80.944474639000077, 6.100774600000022 ], [ 80.944510923000053, 6.100849709000045 ], [ 80.944549728000084, 6.100925820000043 ], [ 80.944634720000067, 6.101081142000055 ], [ 80.944695102000082, 6.101185203000057 ], [ 80.944741202000046, 6.101261442000066 ], [ 80.944801794000057, 6.101355048000073 ], [ 80.944858030000034, 6.101432357000022 ], [ 80.944902616000036, 6.101489730000026 ], [ 80.945009345000074, 6.101621504000036 ], [ 80.945081853000033, 6.101716014000033 ], [ 80.945127405000051, 6.101781077000055 ], [ 80.94516877500007, 6.101847760000055 ], [ 80.945212735000041, 6.101932342000055 ], [ 80.945253277000063, 6.102023709000036 ], [ 80.945291162000046, 6.102122373000043 ], [ 80.945324964000065, 6.102224939000052 ], [ 80.945348068000044, 6.102305615000034 ], [ 80.945369033000077, 6.102388787000052 ], [ 80.94538796300003, 6.102474864000044 ], [ 80.945404715000052, 6.102563144000044 ], [ 80.94541993200005, 6.102657736000026 ], [ 80.945432843000049, 6.10275473300004 ], [ 80.945444612000074, 6.102866854000069 ], [ 80.945449462000056, 6.102934339000058 ], [ 80.945450584000071, 6.102982293000025 ], [ 80.945449820000078, 6.103033464000021 ], [ 80.945442768000078, 6.103142854000055 ], [ 80.945428113000048, 6.103273099000035 ], [ 80.945398653000041, 6.103492712000048 ], [ 80.945389847000058, 6.103578181000046 ], [ 80.945385208000062, 6.103642310000055 ], [ 80.945382961000064, 6.103710156000034 ], [ 80.945383842000069, 6.103769690000036 ], [ 80.945387715000038, 6.10383020200004 ], [ 80.945395642000051, 6.103901240000027 ], [ 80.945410399000082, 6.103999948000023 ], [ 80.945429583000077, 6.104099098000063 ], [ 80.945453081000039, 6.104198990000043 ], [ 80.945481372000074, 6.104301669000051 ], [ 80.945514195000044, 6.104405973000041 ], [ 80.945552371000076, 6.104514158000029 ], [ 80.945595839000077, 6.104625544000044 ], [ 80.945641913000031, 6.104733815000031 ], [ 80.945692671000074, 6.104844499000023 ], [ 80.945749626000065, 6.104960529000039 ], [ 80.94581118900004, 6.10507840300005 ], [ 80.945878561000029, 6.105200405000062 ], [ 80.945950012000083, 6.105323433000024 ], [ 80.94604584700005, 6.105481811000061 ], [ 80.946144639000067, 6.105640686000072 ], [ 80.946233339000059, 6.105777176000061 ], [ 80.94629857700005, 6.10587225200004 ], [ 80.946360101000039, 6.105957087000036 ], [ 80.946421172000043, 6.106036303000053 ], [ 80.946480686000029, 6.106108499000072 ], [ 80.946540694000078, 6.106176209000068 ], [ 80.946600834000037, 6.106238931000064 ], [ 80.946661448000043, 6.106296991000022 ], [ 80.946722910000062, 6.106350682000027 ], [ 80.946787649000044, 6.106401743000049 ], [ 80.946852870000043, 6.106447657000047 ], [ 80.946918663000076, 6.106488632000037 ], [ 80.946992507000061, 6.106529160000036 ], [ 80.947067727000046, 6.106565998000065 ], [ 80.947154827000077, 6.106604591000064 ], [ 80.947242524000046, 6.106640460000051 ], [ 80.947415127000056, 6.106707660000041 ], [ 80.947459280000032, 6.106723339000041 ], [ 80.947505189000083, 6.106737159000033 ], [ 80.947550178000085, 6.106747903000041 ], [ 80.947594800000047, 6.10675632400006 ], [ 80.947691974000065, 6.106769725000049 ], [ 80.94789361100004, 6.106789021000054 ], [ 80.947981414000083, 6.106799446000025 ], [ 80.948053895000044, 6.10681131900003 ], [ 80.948111276000077, 6.106824528000061 ], [ 80.948146628000075, 6.106835249000028 ], [ 80.948177767000061, 6.106846998000037 ], [ 80.948206273000039, 6.106860304000065 ], [ 80.948231164000049, 6.106874650000066 ], [ 80.948254035000048, 6.106890959000054 ], [ 80.94827379700007, 6.106908517000022 ], [ 80.948291072000075, 6.106927806000044 ], [ 80.94830561100008, 6.106948526000053 ], [ 80.948321834000069, 6.10698031000004 ], [ 80.948334648000071, 6.107016761000068 ], [ 80.948344752000082, 6.107059080000056 ], [ 80.948352380000074, 6.107108610000068 ], [ 80.948357677000047, 6.107166987000028 ], [ 80.948364396000045, 6.107297953000057 ], [ 80.948366684000064, 6.107398563000061 ], [ 80.948365595000041, 6.107454891000032 ], [ 80.948357539000085, 6.107554759000038 ], [ 80.948342660000037, 6.107658796000067 ], [ 80.948317535000058, 6.107790451000028 ], [ 80.948277163000057, 6.107975497000041 ], [ 80.948252932000059, 6.108096104000026 ], [ 80.948236688000065, 6.108195091000027 ], [ 80.948232915000062, 6.108228653000026 ], [ 80.948217839000051, 6.108351327000037 ], [ 80.948198814000079, 6.10848131900002 ], [ 80.948175371000048, 6.108621983000035 ], [ 80.94814597800007, 6.108782516000076 ], [ 80.948078259000056, 6.109129018000033 ], [ 80.948065196000073, 6.109182220000037 ], [ 80.948026700000071, 6.109321873000056 ], [ 80.948017302000039, 6.109363349000034 ], [ 80.948010788000033, 6.109400722000032 ], [ 80.948007109000059, 6.109432720000029 ], [ 80.948005550000062, 6.109463155000071 ], [ 80.948008426000058, 6.10953958500005 ], [ 80.948015565000048, 6.109585364000054 ], [ 80.948021965000066, 6.109607152000024 ], [ 80.948030628000083, 6.109629744000074 ], [ 80.948043061000078, 6.109656095000048 ], [ 80.94805849100004, 6.109683800000028 ], [ 80.948078551000037, 6.109715382000047 ], [ 80.948097668000059, 6.109742194000034 ], [ 80.948114403000034, 6.109761837000065 ], [ 80.948133189000032, 6.109780722000039 ], [ 80.948154091000049, 6.109798921000049 ], [ 80.948177222000083, 6.109816527000021 ], [ 80.948226827000042, 6.109848176000071 ], [ 80.948286910000036, 6.109879551000063 ], [ 80.948339397000041, 6.109903465000059 ], [ 80.948527402000082, 6.109984525000073 ], [ 80.948571515000083, 6.109997071000066 ], [ 80.948617569000078, 6.110005297000043 ], [ 80.948664720000068, 6.110009070000046 ], [ 80.948715565000043, 6.110008746000062 ], [ 80.948785272000066, 6.110003235000022 ], [ 80.948847129000058, 6.109994388000075 ], [ 80.948918838000054, 6.109979084000031 ], [ 80.948971999000037, 6.109963230000062 ], [ 80.949028274000057, 6.109944347000067 ], [ 80.949101008000071, 6.109914187000072 ], [ 80.949174029000062, 6.109878169000069 ], [ 80.949247418000084, 6.109836262000044 ], [ 80.949321456000064, 6.10978831500006 ], [ 80.949396383000078, 6.10973417200006 ], [ 80.949472562000039, 6.10967357100003 ], [ 80.949545155000067, 6.109610900000064 ], [ 80.949619829000085, 6.109541784000044 ], [ 80.949697343000082, 6.109465526000065 ], [ 80.949779326000055, 6.109380527000042 ], [ 80.949905156000057, 6.109243328000048 ], [ 80.950044622000064, 6.10908639400003 ], [ 80.950204958000086, 6.108905974000038 ], [ 80.950220926000043, 6.10888619800005 ], [ 80.95023838700007, 6.108861155000056 ], [ 80.950284415000056, 6.108781735000036 ], [ 80.950321501000076, 6.108710552000048 ], [ 80.950358431000041, 6.108630939000022 ], [ 80.950394046000042, 6.108544805000065 ], [ 80.950427256000069, 6.108455546000073 ], [ 80.950461199000074, 6.108355453000058 ], [ 80.950582351000037, 6.107961196000076 ], [ 80.950638075000029, 6.107795268000075 ], [ 80.950671727000042, 6.107706665000023 ], [ 80.950706038000078, 6.107625410000026 ], [ 80.950741690000029, 6.10754988900004 ], [ 80.950779065000063, 6.107479310000031 ], [ 80.950809225000057, 6.107427939000047 ], [ 80.950844472000085, 6.107372817000055 ], [ 80.950941417000081, 6.107231494000075 ], [ 80.951076675000081, 6.107048964000057 ], [ 80.951282713000069, 6.106783480000047 ], [ 80.951413003000084, 6.106610403000047 ], [ 80.951469676000045, 6.10653155600005 ], [ 80.951521583000044, 6.106456255000069 ], [ 80.951568838000071, 6.10638427400005 ], [ 80.951612658000045, 6.106313707000027 ], [ 80.951650480000069, 6.106248989000051 ], [ 80.951685170000076, 6.106185637000067 ], [ 80.95171715500004, 6.10612287500004 ], [ 80.951745935000076, 6.106061774000068 ], [ 80.951779609000084, 6.10598273100004 ], [ 80.951822026000059, 6.105871907000051 ], [ 80.951843096000061, 6.105816855000057 ], [ 80.951900429000034, 6.10567672600007 ], [ 80.951964487000055, 6.105530437000027 ], [ 80.952033560000075, 6.105382368000051 ], [ 80.952099657000076, 6.105248258000074 ], [ 80.952170118000083, 6.105111968000074 ], [ 80.952245188000063, 6.104973026000039 ], [ 80.952325225000038, 6.104830767000067 ], [ 80.952409996000085, 6.104685539000059 ], [ 80.952500794000059, 6.104535068000075 ], [ 80.952598517000069, 6.104377861000046 ], [ 80.952704940000046, 6.104211058000033 ], [ 80.952912974000071, 6.103894180000054 ], [ 80.953304857000035, 6.103310107000027 ], [ 80.953459606000081, 6.103077108000036 ], [ 80.953615926000055, 6.102836488000037 ], [ 80.953753160000076, 6.102618429000074 ], [ 80.953833288000055, 6.102487088000032 ], [ 80.953908719000083, 6.102360042000043 ], [ 80.95397999100004, 6.102236387000062 ], [ 80.954047442000046, 6.102115529000059 ], [ 80.954114276000041, 6.101991444000021 ], [ 80.954192370000044, 6.101841228000069 ], [ 80.954215289000047, 6.101791455000068 ], [ 80.954238062000059, 6.101734671000031 ], [ 80.954263655000034, 6.101659788000063 ], [ 80.95428585500008, 6.101581415000055 ], [ 80.954305096000041, 6.101498143000072 ], [ 80.954321076000042, 6.101411472000052 ], [ 80.954334275000065, 6.101318702000071 ], [ 80.954344320000075, 6.101222405000044 ], [ 80.954351494000036, 6.101120307000031 ], [ 80.954355729000042, 6.101013974000068 ], [ 80.95435711500005, 6.100870675000067 ], [ 80.954353878000063, 6.100694452000027 ], [ 80.95435371700006, 6.10055182900004 ], [ 80.954352075000031, 6.100480449000031 ], [ 80.95434828100008, 6.100420458000031 ], [ 80.954339631000039, 6.100352635000036 ], [ 80.95433261900007, 6.100317852000046 ], [ 80.954324859000053, 6.100287956000045 ], [ 80.954315812000061, 6.100260164000076 ], [ 80.95430520900004, 6.100233635000052 ], [ 80.954293083000039, 6.100208617000021 ], [ 80.954278737000038, 6.100183637000043 ], [ 80.954258822000043, 6.100153392000038 ], [ 80.954236714000047, 6.100123861000043 ], [ 80.954211773000054, 6.10009410300006 ], [ 80.954184945000065, 6.100065207000057 ], [ 80.954155153000045, 6.100036021000051 ], [ 80.954123767000056, 6.100007927000036 ], [ 80.954055864000054, 6.099954515000036 ], [ 80.953983085000061, 6.099906428000054 ], [ 80.953945912000052, 6.099885069000038 ], [ 80.953908198000079, 6.099865529000056 ], [ 80.953871591000052, 6.099848628000075 ], [ 80.953834632000053, 6.099833681000064 ], [ 80.953798971000083, 6.099821366000072 ], [ 80.953762582000081, 6.099811044000035 ], [ 80.953684193000072, 6.099795414000027 ], [ 80.953645757000061, 6.099790478000045 ], [ 80.95360727700006, 6.099787485000036 ], [ 80.953571586000066, 6.09978662900005 ], [ 80.953536475000078, 6.099787820000074 ], [ 80.953503631000046, 6.099791035000067 ], [ 80.953471197000056, 6.099796483000034 ], [ 80.953436796000062, 6.099806907000072 ], [ 80.953404592000084, 6.099823767000032 ], [ 80.953368850000061, 6.09984816900004 ], [ 80.953315528000076, 6.099888702000044 ], [ 80.95327756100005, 6.099913111000035 ], [ 80.953247730000044, 6.099926525000058 ], [ 80.953217749000032, 6.099932696000053 ], [ 80.953198217000079, 6.099932448000061 ], [ 80.95317798800005, 6.099929736000036 ], [ 80.953134565000084, 6.099918135000053 ], [ 80.953074915000059, 6.099893407000025 ], [ 80.953018273000055, 6.099865024000053 ], [ 80.952988652000045, 6.09984711200002 ], [ 80.952965572000039, 6.099830320000024 ], [ 80.952941789000079, 6.099809669000024 ], [ 80.952919438000038, 6.099786609000034 ], [ 80.952898323000056, 6.099760898000056 ], [ 80.952878731000055, 6.099732842000037 ], [ 80.952860582000085, 6.099702333000039 ], [ 80.952844066000068, 6.09966971700004 ], [ 80.952828765000049, 6.099634045000073 ], [ 80.952815269000041, 6.099596634000022 ], [ 80.952803279000079, 6.099556691000032 ], [ 80.952793173000032, 6.099515616000076 ], [ 80.952784424000072, 6.099471142000027 ], [ 80.952777612000034, 6.09942611300005 ], [ 80.952772572000072, 6.099380405000034 ], [ 80.952769070000045, 6.099331562000032 ], [ 80.952767145000053, 6.099250736000045 ], [ 80.952769631000081, 6.09916968400006 ], [ 80.952776442000072, 6.099086832000069 ], [ 80.952787428000079, 6.099004187000048 ], [ 80.952802266000049, 6.098923590000027 ], [ 80.952821226000083, 6.098844022000037 ], [ 80.952843262000044, 6.09877003400004 ], [ 80.952869483000029, 6.098698657000057 ], [ 80.952884895000068, 6.098663036000062 ], [ 80.952901655000062, 6.098630248000063 ], [ 80.952921759000048, 6.098596622000059 ], [ 80.952924784000061, 6.098592153000027 ], [ 80.952944491000039, 6.098563026000022 ], [ 80.953002291000075, 6.098488124000028 ], [ 80.953083352000078, 6.098392312000044 ], [ 80.953132001000085, 6.098332005000032 ], [ 80.953171544000043, 6.098277488000065 ], [ 80.953212654000083, 6.098213352000073 ], [ 80.953275216000065, 6.098109026000031 ], [ 80.953291977000049, 6.098078949000069 ], [ 80.953336149000052, 6.097999688000073 ], [ 80.953398862000086, 6.097879381000041 ], [ 80.953462184000045, 6.09775060100003 ], [ 80.953539767000052, 6.097584751000056 ], [ 80.953614319000053, 6.097417626000038 ], [ 80.953631681000047, 6.097376001000043 ], [ 80.953678975000059, 6.097262624000052 ], [ 80.953739971000061, 6.097106065000048 ], [ 80.953798591000066, 6.096944295000071 ], [ 80.953834665000045, 6.096836738000036 ], [ 80.953853324000079, 6.096781105000048 ], [ 80.953904323000074, 6.096616049000033 ], [ 80.953951380000035, 6.096449877000055 ], [ 80.954003807000049, 6.096325648000061 ], [ 80.95405336500005, 6.096200178000061 ], [ 80.954097097000044, 6.096081538000021 ], [ 80.954150850000076, 6.09592712500006 ], [ 80.95417795000003, 6.095840795000072 ], [ 80.954191527000035, 6.095789748000072 ], [ 80.954207515000064, 6.09571334900005 ], [ 80.954217494000034, 6.095646983000051 ], [ 80.954227580000065, 6.095538169000065 ], [ 80.954236577000074, 6.095355160000054 ], [ 80.954249290000064, 6.094981113000074 ], [ 80.954254089000074, 6.094766204000052 ], [ 80.954254540000079, 6.094591234000063 ], [ 80.954251727000042, 6.094382229000075 ], [ 80.954246372000057, 6.094200779000062 ], [ 80.954238285000031, 6.094029400000068 ], [ 80.954223064000075, 6.093812820000039 ], [ 80.954202826000085, 6.093610261000038 ], [ 80.954183985000043, 6.093472743000063 ], [ 80.954136066000046, 6.093167034000032 ], [ 80.954119393000042, 6.093039345000022 ], [ 80.954110635000063, 6.092919176000066 ], [ 80.954102663000072, 6.092666334000057 ], [ 80.954096414000048, 6.092558251000071 ], [ 80.954090711000049, 6.092499882000027 ], [ 80.954083388000072, 6.092445937000036 ], [ 80.954074301000048, 6.092395335000049 ], [ 80.954063347000044, 6.092347540000048 ], [ 80.954052453000031, 6.09230866200005 ], [ 80.954039843000032, 6.092270566000025 ], [ 80.954007062000073, 6.092189457000075 ], [ 80.953958205000049, 6.092089776000023 ], [ 80.953841212000043, 6.091873110000051 ], [ 80.953794729000037, 6.091776690000074 ], [ 80.953759944000069, 6.091697922000037 ], [ 80.953683163000051, 6.09150775300003 ], [ 80.953573042000073, 6.091260979000026 ], [ 80.953511737000042, 6.091117191000023 ], [ 80.953467182000054, 6.091002015000072 ], [ 80.953431675000047, 6.090895596000053 ], [ 80.953403981000065, 6.090793278000035 ], [ 80.953392969000049, 6.090742807000026 ], [ 80.953384498000048, 6.090695487000062 ], [ 80.953374396000072, 6.090622581000048 ], [ 80.953363637000052, 6.090517044000023 ], [ 80.953359358000057, 6.090457177000076 ], [ 80.953358030000061, 6.090408187000037 ], [ 80.953359316000046, 6.090361569000038 ], [ 80.953363857000056, 6.09031217200004 ], [ 80.953372797000043, 6.090253922000045 ], [ 80.953383259000077, 6.090204349000032 ], [ 80.953397701000085, 6.090153249000025 ], [ 80.953419326000073, 6.090093899000067 ], [ 80.953438680000033, 6.090050655000027 ], [ 80.953457970000045, 6.090016457000047 ], [ 80.95346952400007, 6.090000773000042 ], [ 80.953485384000032, 6.089984593000054 ], [ 80.953507598000044, 6.089966461000074 ], [ 80.953543516000082, 6.089940205000062 ], [ 80.953565118000085, 6.089921458000049 ], [ 80.953575662000048, 6.089908272000059 ], [ 80.953579327000057, 6.089895542000022 ], [ 80.953403577000074, 6.08979010500002 ], [ 80.953187255000046, 6.089686902000039 ], [ 80.952931800000044, 6.08957493500003 ], [ 80.95288455900004, 6.089554230000033 ], [ 80.952573538000081, 6.089417795000031 ], [ 80.952135944000077, 6.089269447000049 ], [ 80.951829102000033, 6.089183908000052 ], [ 80.951417998000068, 6.089122055000075 ], [ 80.951185038000062, 6.089141823000034 ], [ 80.950843742000075, 6.089226788000076 ], [ 80.950592407000045, 6.089262889000054 ], [ 80.950311579000072, 6.089281027000027 ], [ 80.950033293000047, 6.089266187000021 ], [ 80.949848387000031, 6.089204719000065 ], [ 80.949706733000085, 6.089088410000045 ], [ 80.949648780000075, 6.089017007000052 ], [ 80.949612144000071, 6.088943693000033 ], [ 80.949589844000059, 6.088857990000065 ], [ 80.949590345000047, 6.088791546000039 ], [ 80.949590411000031, 6.088782786000024 ], [ 80.949648616000047, 6.088673180000058 ], [ 80.949811365000073, 6.08851192700007 ], [ 80.949875080000083, 6.088476038000067 ], [ 80.950063709000062, 6.088416724000069 ], [ 80.950266475000035, 6.088244638000049 ], [ 80.950361559000044, 6.088202849000027 ], [ 80.950643139000078, 6.088208057000031 ], [ 80.951056082000036, 6.088093259000061 ], [ 80.951568408000071, 6.088053900000034 ], [ 80.951676414000076, 6.088083457000039 ], [ 80.95180522000004, 6.088245132000054 ], [ 80.951941792000071, 6.088310130000025 ], [ 80.952184919000047, 6.088337713000044 ], [ 80.952426272000082, 6.088291427000058 ], [ 80.952586455000073, 6.088216274000047 ], [ 80.952774077000072, 6.088078845000041 ], [ 80.952865899000074, 6.087987550000037 ], [ 80.953129316000059, 6.087665266000045 ], [ 80.953330477000065, 6.08750518100004 ], [ 80.95355636000005, 6.087365162000026 ], [ 80.953798063000079, 6.087252559000035 ], [ 80.954061628000034, 6.087168532000021 ], [ 80.954344416000083, 6.087113886000054 ], [ 80.954407316000072, 6.087108928000021 ], [ 80.954635525000072, 6.087090935000049 ], [ 80.954959353000049, 6.087101705000066 ], [ 80.955126274000065, 6.087127351000049 ], [ 80.955274873000064, 6.087199859000066 ], [ 80.955359854000051, 6.087292278000064 ], [ 80.955394086000069, 6.087384412000063 ], [ 80.955401538000046, 6.08752376700005 ], [ 80.95537110500004, 6.087735684000052 ], [ 80.955297309000059, 6.088052681000022 ], [ 80.955279348000033, 6.088271669000051 ], [ 80.955292467000049, 6.08833319200005 ], [ 80.955315991000077, 6.088370112000064 ], [ 80.95542830100004, 6.088422463000029 ], [ 80.955519690000074, 6.088429155000028 ], [ 80.955626252000059, 6.088415753000049 ], [ 80.955867441000066, 6.088320649000025 ], [ 80.95622174500005, 6.08809932500003 ], [ 80.956588382000064, 6.087909124000021 ], [ 80.956907451000063, 6.087625802000048 ], [ 80.957137292000084, 6.087495772000068 ], [ 80.95729526100007, 6.087447102000056 ], [ 80.957486853000034, 6.087443353000026 ], [ 80.957650231000059, 6.08735936100004 ], [ 80.957904074000055, 6.087322669000059 ], [ 80.958089352000059, 6.087208221000026 ], [ 80.958202580000034, 6.087193117000027 ], [ 80.958324809000032, 6.087217180000039 ], [ 80.958368432000043, 6.087238605000039 ], [ 80.958381573000054, 6.087245058000065 ], [ 80.958435204000068, 6.087271399000031 ], [ 80.958506100000079, 6.087338109000029 ], [ 80.958555869000065, 6.087435621000054 ], [ 80.958606528000075, 6.087649945000067 ], [ 80.958622497000079, 6.087903839000035 ], [ 80.958618813000044, 6.088196980000021 ], [ 80.958673646000079, 6.088510077000024 ], [ 80.958720686000049, 6.08867331700003 ], [ 80.95878106400005, 6.088798851000035 ], [ 80.958846222000034, 6.088886424000066 ], [ 80.958937735000063, 6.088937756000064 ], [ 80.959226829000045, 6.088976676000073 ], [ 80.95950812500007, 6.088947459000053 ], [ 80.95966788000004, 6.088955902000066 ], [ 80.959848564000083, 6.08902673800003 ], [ 80.960195093000038, 6.089211352000063 ], [ 80.960314869000058, 6.08925279500005 ], [ 80.960418461000074, 6.089262906000044 ], [ 80.960686217000045, 6.089224241000068 ], [ 80.960976794000032, 6.089159724000069 ], [ 80.961561746000029, 6.089004336000073 ], [ 80.961961594000059, 6.088863636000042 ] ] ], [ [ [ 81.207989505000057, 6.182509914000036 ], [ 81.207947494000052, 6.182665668000027 ], [ 81.20790441500003, 6.182825376000039 ], [ 81.207839008000064, 6.18312768100003 ], [ 81.207819469000071, 6.183318247000045 ], [ 81.207819635000078, 6.183521937000023 ], [ 81.207841211000073, 6.183765008000023 ], [ 81.207872881000071, 6.184038900000076 ], [ 81.20793584900008, 6.184245395000062 ], [ 81.207998903000032, 6.184555232000037 ], [ 81.208097877000057, 6.184811004000039 ], [ 81.208129290000045, 6.184882873000049 ], [ 81.20819216700005, 6.184977142000037 ], [ 81.208295458000066, 6.185098236000044 ], [ 81.208564865000085, 6.18526422900004 ], [ 81.208789241000034, 6.185389745000066 ], [ 81.208901500000081, 6.185430143000076 ], [ 81.209054102000039, 6.185519748000047 ], [ 81.209184285000049, 6.185600488000034 ], [ 81.209269525000082, 6.185636319000025 ], [ 81.209354898000072, 6.185726048000049 ], [ 81.20943122400007, 6.185802377000073 ], [ 81.209530030000053, 6.185963921000052 ], [ 81.209565947000044, 6.186017698000057 ], [ 81.209619864000047, 6.186093978000031 ], [ 81.209687255000063, 6.186183812000024 ], [ 81.209777068000051, 6.186287011000047 ], [ 81.209839946000045, 6.18638119000002 ], [ 81.20990733800005, 6.186470933000066 ], [ 81.209961258000078, 6.186551735000023 ], [ 81.210015190000036, 6.18664601100005 ], [ 81.210069096000041, 6.186708818000056 ], [ 81.21008458700004, 6.186734579000074 ], [ 81.210151469000039, 6.186843546000034 ], [ 81.210176086000047, 6.186880125000073 ], [ 81.210218552000072, 6.18693722200004 ], [ 81.210255551000046, 6.186998386000027 ], [ 81.210269074000053, 6.18702739500003 ], [ 81.210278317000075, 6.187055243000032 ], [ 81.210285173000045, 6.187087594000047 ], [ 81.21028941000003, 6.187124112000049 ], [ 81.210291099000074, 6.187161925000055 ], [ 81.210290618000045, 6.187193402000048 ], [ 81.210287305000065, 6.187224276000052 ], [ 81.210280979000061, 6.187258350000036 ], [ 81.210236533000057, 6.187426873000049 ], [ 81.210184254000069, 6.187606596000023 ], [ 81.210152219000065, 6.18774228500007 ], [ 81.21012955100008, 6.187855469000056 ], [ 81.210116267000046, 6.187939522000022 ], [ 81.210107292000032, 6.188018460000023 ], [ 81.210101690000045, 6.188105558000075 ], [ 81.210099567000043, 6.188190403000021 ], [ 81.210101234000035, 6.188268109000035 ], [ 81.210106619000044, 6.188337286000035 ], [ 81.210116338000034, 6.188396970000042 ], [ 81.210131729000068, 6.18846011100004 ], [ 81.210147859000074, 6.188512670000023 ], [ 81.210168372000055, 6.188570716000072 ], [ 81.210246907000055, 6.188768266000068 ], [ 81.21027530300006, 6.188845203000028 ], [ 81.210293258000036, 6.188901298000076 ], [ 81.210314820000065, 6.18897964100006 ], [ 81.210355475000085, 6.189095947000055 ], [ 81.210367415000064, 6.189145292000035 ], [ 81.210370026000078, 6.189170748000038 ], [ 81.210369298000046, 6.189193862000025 ], [ 81.210365353000043, 6.18921453400003 ], [ 81.210357627000064, 6.189235471000075 ], [ 81.210344638000038, 6.18926031500007 ], [ 81.210327493000079, 6.189285795000046 ], [ 81.210306647000039, 6.189311224000051 ], [ 81.210282938000034, 6.18933557400004 ], [ 81.210258311000075, 6.189357032000032 ], [ 81.210235865000072, 6.189373235000062 ], [ 81.210211645000072, 6.189386407000029 ], [ 81.210183460000053, 6.189397977000056 ], [ 81.210131360000048, 6.189413339000055 ], [ 81.209936664000054, 6.18945945300004 ], [ 81.209827977000032, 6.189478886000074 ], [ 81.209718939000084, 6.189491734000057 ], [ 81.209621330000061, 6.189497150000022 ], [ 81.209517622000078, 6.189496025000039 ], [ 81.209435082000084, 6.189491021000038 ], [ 81.209345123000048, 6.189482338000062 ], [ 81.209216050000066, 6.18946573900007 ], [ 81.209155151000061, 6.189455417000033 ], [ 81.209095287000082, 6.189442363000069 ], [ 81.209029377000036, 6.189425380000046 ], [ 81.208783342000061, 6.189352358000065 ], [ 81.208679935000077, 6.18932503700006 ], [ 81.208628283000053, 6.189313782000056 ], [ 81.20857473500007, 6.189304135000043 ], [ 81.208403084000054, 6.18927799100004 ], [ 81.208237143000076, 6.189259398000047 ], [ 81.208157807000077, 6.189253238000049 ], [ 81.208080573000075, 6.18924914300004 ], [ 81.207952430000034, 6.189246900000057 ], [ 81.207829317000062, 6.189250740000034 ], [ 81.207770069000048, 6.189251065000065 ], [ 81.207648874000085, 6.189247651000073 ], [ 81.207599302000062, 6.189243823000027 ], [ 81.207552856000063, 6.189238457000044 ], [ 81.207454332000054, 6.189221090000046 ], [ 81.207382458000041, 6.189213350000045 ], [ 81.207311947000051, 6.189210302000049 ], [ 81.207242801000064, 6.189211946000057 ], [ 81.207175021000069, 6.189218285000038 ], [ 81.207106916000043, 6.18922966100007 ], [ 81.207040247000066, 6.189245974000073 ], [ 81.20697982300004, 6.189265598000077 ], [ 81.206924273000084, 6.189289693000035 ], [ 81.206854794000037, 6.189326753000046 ], [ 81.206653570000071, 6.189444279000043 ], [ 81.206562775000066, 6.189501526000072 ], [ 81.206328915000086, 6.189654349000023 ], [ 81.206261939000058, 6.189695753000024 ], [ 81.206189302000041, 6.189738292000072 ], [ 81.206095743000049, 6.189790297000059 ], [ 81.205991281000081, 6.189845553000055 ], [ 81.205560425000044, 6.190061947000061 ], [ 81.205374659000086, 6.190160128000059 ], [ 81.205269456000053, 6.190220071000056 ], [ 81.205182836000063, 6.190273232000038 ], [ 81.205124398000066, 6.190313957000058 ], [ 81.204983552000044, 6.190418276000059 ], [ 81.204943993000029, 6.190445321000027 ], [ 81.204907625000033, 6.190468108000061 ], [ 81.204866060000086, 6.190491158000043 ], [ 81.204825872000072, 6.190509993000035 ], [ 81.204781393000076, 6.190526947000023 ], [ 81.204731247000041, 6.19054288600006 ], [ 81.204677265000043, 6.190557343000023 ], [ 81.204614698000057, 6.190571701000067 ], [ 81.204540890000033, 6.190586696000025 ], [ 81.204476611000075, 6.190597583000056 ], [ 81.20440635600005, 6.190607104000037 ], [ 81.204331363000051, 6.190614985000025 ], [ 81.204272483000068, 6.190619523000066 ], [ 81.204214706000073, 6.190621516000022 ], [ 81.204138429000068, 6.19062077500007 ], [ 81.204054485000086, 6.190616449000061 ], [ 81.203963097000042, 6.190608811000061 ], [ 81.203673945000048, 6.190580156000067 ], [ 81.203313704000038, 6.190559126000039 ], [ 81.203228782000053, 6.190556637000043 ], [ 81.203153280000038, 6.19055699200004 ], [ 81.203059010000061, 6.190561011000057 ], [ 81.202964927000039, 6.190567674000022 ], [ 81.202856540000084, 6.190578797000057 ], [ 81.202751299000056, 6.190593423000053 ], [ 81.202649432000044, 6.190611520000061 ], [ 81.202551156000084, 6.190633049000041 ], [ 81.202455904000033, 6.190658168000027 ], [ 81.202358795000066, 6.190688032000025 ], [ 81.202259753000078, 6.190722666000056 ], [ 81.202158667000049, 6.190762108000058 ], [ 81.202030646000082, 6.190817603000028 ], [ 81.201898874000051, 6.190880707000076 ], [ 81.20184095500008, 6.190911638000046 ], [ 81.201712113000042, 6.19098531000003 ], [ 81.201653118000081, 6.191015977000063 ], [ 81.201604903000032, 6.19103743900007 ], [ 81.201485055000035, 6.191086056000074 ], [ 81.201424510000038, 6.191115339000021 ], [ 81.201389972000072, 6.191135469000073 ], [ 81.201352636000081, 6.191159564000031 ], [ 81.201208024000039, 6.191261913000062 ], [ 81.201082684000085, 6.191341205000072 ], [ 81.201038016000041, 6.191375230000062 ], [ 81.201003531000083, 6.191409529000055 ], [ 81.200968371000044, 6.191454706000059 ], [ 81.200936513000045, 6.191505767000024 ], [ 81.200907493000045, 6.191563102000032 ], [ 81.200889913000083, 6.191604435000045 ], [ 81.200873968000053, 6.191647738000029 ], [ 81.200861015000044, 6.191689248000046 ], [ 81.200850715000058, 6.191729877000057 ], [ 81.200840421000066, 6.19178873200002 ], [ 81.200840387000085, 6.191857603000074 ], [ 81.200838721000082, 6.191872996000029 ], [ 81.200835363000067, 6.191886231000069 ], [ 81.200821476000044, 6.191920603000028 ], [ 81.200807698000062, 6.191942163000022 ], [ 81.200800598000058, 6.191949039000065 ], [ 81.200793065000084, 6.191953836000039 ], [ 81.200771366000083, 6.191959789000066 ], [ 81.20075182800008, 6.191960292000033 ], [ 81.200738071000046, 6.191956891000075 ], [ 81.200723137000068, 6.19194784900003 ], [ 81.200706720000085, 6.19193245200006 ], [ 81.200666383000055, 6.19188736600006 ], [ 81.200648995000051, 6.191863991000048 ], [ 81.200630166000053, 6.19183047100006 ], [ 81.200614106000046, 6.191791372000068 ], [ 81.200604496000039, 6.191760990000034 ], [ 81.200595497000052, 6.191726161000076 ], [ 81.20056844700008, 6.191594795000071 ], [ 81.200555491000046, 6.191542294000044 ], [ 81.200456270000075, 6.191243340000028 ], [ 81.200432678000084, 6.19116288500004 ], [ 81.200414555000066, 6.191090110000061 ], [ 81.200402856000039, 6.19103182200007 ], [ 81.20039646500004, 6.190984118000074 ], [ 81.200392535000049, 6.190934065000022 ], [ 81.20038616100004, 6.190811456000063 ], [ 81.200379660000067, 6.190748414000041 ], [ 81.200372215000073, 6.190706782000063 ], [ 81.200339363000069, 6.190564244000029 ], [ 81.200331222000045, 6.190538304000029 ], [ 81.200322290000031, 6.190516202000026 ], [ 81.200312286000042, 6.190497251000068 ], [ 81.200301072000059, 6.190481203000047 ], [ 81.200289012000042, 6.190468327000076 ], [ 81.200275175000058, 6.190457483000046 ], [ 81.200257308000062, 6.190446799000028 ], [ 81.200236541000038, 6.190437141000075 ], [ 81.200200992000077, 6.190425020000021 ], [ 81.200162230000046, 6.190416375000041 ], [ 81.200134250000076, 6.190413294000052 ], [ 81.20010674100007, 6.190415255000062 ], [ 81.200081878000049, 6.190420786000061 ], [ 81.200054384000055, 6.190430082000034 ], [ 81.199945024000044, 6.190479660000051 ], [ 81.199919875000035, 6.190489389000049 ], [ 81.199897183000076, 6.190496292000034 ], [ 81.19983337900004, 6.190508525000041 ], [ 81.199776401000065, 6.190517252000063 ], [ 81.199729555000033, 6.19052184700007 ], [ 81.199687528000084, 6.190523013000075 ], [ 81.199656485000048, 6.19052150400006 ], [ 81.199627428000042, 6.190517809000028 ], [ 81.199601478000034, 6.190512110000043 ], [ 81.199573928000063, 6.190503587000023 ], [ 81.199523742000054, 6.190483176000043 ], [ 81.199325574000056, 6.190391344000034 ], [ 81.199291219000031, 6.190379335000046 ], [ 81.199259796000035, 6.190373373000057 ], [ 81.199219959000061, 6.190372306000029 ], [ 81.199174922000054, 6.190377525000031 ], [ 81.19913050200006, 6.190387009000062 ], [ 81.19901597300003, 6.190416535000054 ], [ 81.198983045000034, 6.190422887000068 ], [ 81.198953525000036, 6.190426543000058 ], [ 81.198890892000065, 6.190428768000061 ], [ 81.198841628000082, 6.19042829600005 ], [ 81.198781001000043, 6.190423843000076 ], [ 81.198735084000077, 6.190417447000073 ], [ 81.198705831000041, 6.190410860000043 ], [ 81.198678739000059, 6.19040224500003 ], [ 81.198650010000051, 6.190390404000027 ], [ 81.198619673000053, 6.190375267000036 ], [ 81.19858183000008, 6.190353337000033 ], [ 81.198534863000077, 6.190323063000051 ], [ 81.198494528000083, 6.19029524900003 ], [ 81.198461620000046, 6.190270190000035 ], [ 81.198425933000067, 6.190238714000031 ], [ 81.198398543000053, 6.190208893000033 ], [ 81.19838410300008, 6.190184917000067 ], [ 81.198351327000069, 6.190115644000059 ], [ 81.198338956000043, 6.190098369000054 ], [ 81.19832531600008, 6.190086148000034 ], [ 81.198305284000071, 6.190076247000036 ], [ 81.198278706000053, 6.190068613000051 ], [ 81.198246675000064, 6.190063628000075 ], [ 81.19821692000005, 6.190062772000033 ], [ 81.198191625000049, 6.19006481100007 ], [ 81.198166437000054, 6.190069230000063 ], [ 81.198146628000075, 6.190074782000067 ], [ 81.198126434000073, 6.190083057000038 ], [ 81.198105184000042, 6.190094329000033 ], [ 81.198082283000076, 6.190108938000037 ], [ 81.198021556000072, 6.19015487300004 ], [ 81.198000918000048, 6.19017576400006 ], [ 81.197980735000044, 6.19020256500005 ], [ 81.197963171000083, 6.190230777000068 ], [ 81.197922768000069, 6.190301784000042 ], [ 81.197899793000033, 6.19033575800006 ], [ 81.19788673000005, 6.19035129100007 ], [ 81.19787337300005, 6.190364355000042 ], [ 81.197859487000073, 6.190375181000036 ], [ 81.19784493800006, 6.19038387300003 ], [ 81.197802147000061, 6.190401439000027 ], [ 81.19776343500007, 6.190410952000036 ], [ 81.19773673800006, 6.190411669000071 ], [ 81.197676221000052, 6.190404833000059 ], [ 81.197649435000073, 6.190404483000066 ], [ 81.197594474000084, 6.190411014000063 ], [ 81.197535143000039, 6.190424409000059 ], [ 81.197468645000072, 6.190445571000055 ], [ 81.197414292000076, 6.190467799000032 ], [ 81.197357172000068, 6.190497238000034 ], [ 81.197300254000083, 6.190532737000069 ], [ 81.197239034000063, 6.190578026000026 ], [ 81.197180400000036, 6.19062897200007 ], [ 81.197138203000065, 6.190672625000047 ], [ 81.197095359000059, 6.190725121000071 ], [ 81.197051197000064, 6.190786761000027 ], [ 81.196992857000055, 6.190875249000044 ], [ 81.196972043000073, 6.190914743000064 ], [ 81.196933909000052, 6.191002222000066 ], [ 81.196916245000068, 6.191038027000047 ], [ 81.196894451000048, 6.191072168000062 ], [ 81.196870863000072, 6.191097888000058 ], [ 81.196856530000048, 6.191109034000021 ], [ 81.196840240000085, 6.191118730000028 ], [ 81.196821706000037, 6.191127153000025 ], [ 81.196800560000042, 6.191134466000051 ], [ 81.196759521000047, 6.191144469000051 ], [ 81.196659796000063, 6.191162659000042 ], [ 81.196614540000041, 6.191175193000049 ], [ 81.196533886000054, 6.191209357000048 ], [ 81.196480868000037, 6.191235521000067 ], [ 81.196455305000029, 6.191250622000041 ], [ 81.196432798000046, 6.191266143000064 ], [ 81.196413043000064, 6.191282251000075 ], [ 81.196392335000041, 6.191301845000055 ], [ 81.196371316000068, 6.191324585000075 ], [ 81.19635111000008, 6.191349435000063 ], [ 81.196331956000051, 6.191376103000039 ], [ 81.196314137000059, 6.191404199000033 ], [ 81.196295464000059, 6.191438088000041 ], [ 81.19628330300003, 6.191465397000059 ], [ 81.196271830000057, 6.191498830000057 ], [ 81.196261506000042, 6.191538102000038 ], [ 81.196218920000035, 6.191740586000037 ], [ 81.196187261000034, 6.191911846000039 ], [ 81.196182393000072, 6.191946422000058 ], [ 81.19617448200006, 6.192025336000029 ], [ 81.19616923600006, 6.19205918800003 ], [ 81.196159747000081, 6.192095342000073 ], [ 81.196146476000081, 6.192125340000075 ], [ 81.196126135000043, 6.19215504500005 ], [ 81.196097971000086, 6.192184863000023 ], [ 81.196065719000046, 6.192212478000044 ], [ 81.195971297000085, 6.192285981000055 ], [ 81.195948474000033, 6.19230691000007 ], [ 81.195915141000057, 6.192341612000064 ], [ 81.195854764000046, 6.192409582000039 ], [ 81.19569137700006, 6.192603187000032 ], [ 81.195637871000031, 6.192660705000037 ], [ 81.195589359000053, 6.192707499000051 ], [ 81.19557522000008, 6.192727496000032 ], [ 81.195562991000031, 6.192752565000035 ], [ 81.195552551000048, 6.192782214000033 ], [ 81.195537635000051, 6.192834750000031 ], [ 81.195524645000035, 6.192896860000076 ], [ 81.195519499000056, 6.192936 ], [ 81.195516071000043, 6.192977678000034 ], [ 81.195515305000072, 6.19305355900002 ], [ 81.195520479000038, 6.193134342000064 ], [ 81.195524404000082, 6.193163218000052 ], [ 81.195529604000058, 6.193188005000025 ], [ 81.195541745000071, 6.193219614000043 ], [ 81.195577301000071, 6.193288129000052 ], [ 81.195587470000078, 6.193318423000051 ], [ 81.195589443000074, 6.193333506000045 ], [ 81.195589562000066, 6.193350765000048 ], [ 81.195584161000056, 6.193387040000061 ], [ 81.195572234000053, 6.19342453400003 ], [ 81.195553234000045, 6.193466683000054 ], [ 81.195520572000078, 6.193525658000056 ], [ 81.19548581500004, 6.193581756000071 ], [ 81.19545202900008, 6.193624435000061 ], [ 81.195383261000075, 6.193700680000063 ], [ 81.195351691000042, 6.193737771000031 ], [ 81.195290088000036, 6.193800689000057 ], [ 81.195271029000082, 6.193826711000042 ], [ 81.195262772000035, 6.193847682000069 ], [ 81.195261814000048, 6.193870004000075 ], [ 81.195267858000079, 6.193896431000042 ], [ 81.195280967000031, 6.193925967000041 ], [ 81.195306315000039, 6.193965603000038 ], [ 81.195340209000051, 6.194006471000023 ], [ 81.195366916000069, 6.19403218900004 ], [ 81.195397955000033, 6.194052360000057 ], [ 81.19544434800008, 6.194072806000065 ], [ 81.195533958000055, 6.194102600000065 ], [ 81.195567298000071, 6.194115148000037 ], [ 81.19571871200003, 6.194185720000064 ], [ 81.195771898000032, 6.194208665000076 ], [ 81.195818134000035, 6.194225534000054 ], [ 81.195860981000067, 6.194237687000054 ], [ 81.19592640500008, 6.194250436000061 ], [ 81.195995535000066, 6.194258475000026 ], [ 81.196067800000037, 6.194261733000076 ], [ 81.196142407000082, 6.194260179000025 ], [ 81.196218626000075, 6.194253802000048 ], [ 81.196360176000042, 6.194235243000037 ], [ 81.196413214000074, 6.194223116000046 ], [ 81.196435330000043, 6.194215439000061 ], [ 81.196455077000053, 6.194206505000068 ], [ 81.196476289000032, 6.194193753000036 ], [ 81.196500011000069, 6.194175290000032 ], [ 81.19652252700007, 6.194153957000026 ], [ 81.196543693000081, 6.194130045000065 ], [ 81.196562757000038, 6.194104407000054 ], [ 81.196579070000041, 6.194077912000068 ], [ 81.196592404000057, 6.194050727000047 ], [ 81.196600708000062, 6.194027117000076 ], [ 81.196605232000081, 6.194004878000044 ], [ 81.19660766800007, 6.193979498000033 ], [ 81.196606573000054, 6.193857712000067 ], [ 81.196616729000084, 6.193723165000051 ], [ 81.196628063000048, 6.193622412000025 ], [ 81.19664464300007, 6.193529413000022 ], [ 81.196669001000032, 6.193425974000036 ], [ 81.196702465000044, 6.193306278000023 ], [ 81.196724106000033, 6.193246317000046 ], [ 81.196773564000068, 6.193128664000028 ], [ 81.196792703000085, 6.193079097000066 ], [ 81.196809204000033, 6.193026407000048 ], [ 81.196819316000074, 6.19297842800006 ], [ 81.196821946000057, 6.192943078000042 ], [ 81.196820154000079, 6.192902405000041 ], [ 81.19681534700004, 6.192862956000056 ], [ 81.196801013000083, 6.192771741000058 ], [ 81.196796705000054, 6.192729455000062 ], [ 81.196796457000062, 6.192692908000026 ], [ 81.196800437000036, 6.192661030000068 ], [ 81.196805386000051, 6.192642160000048 ], [ 81.196812238000064, 6.192624660000035 ], [ 81.196824621000076, 6.19260074500005 ], [ 81.196839605000036, 6.192576577000068 ], [ 81.196874455000057, 6.192531255000063 ], [ 81.196915306000051, 6.192489765000062 ], [ 81.196938772000067, 6.192470094000043 ], [ 81.196961430000044, 6.19245379900002 ], [ 81.196984679000082, 6.192440286000021 ], [ 81.197011949000057, 6.192427277000036 ], [ 81.197143801000038, 6.192376790000026 ], [ 81.197266701000046, 6.192337106000025 ], [ 81.197314422000034, 6.192319806000057 ], [ 81.197358051000037, 6.192299828000046 ], [ 81.197437674000071, 6.192254770000034 ], [ 81.197470861000056, 6.192237955000053 ], [ 81.197505060000083, 6.192224704000068 ], [ 81.197544335000032, 6.192214996000075 ], [ 81.19758721200003, 6.192208743000037 ], [ 81.197636382000042, 6.192205416000036 ], [ 81.197703218000072, 6.192204710000055 ], [ 81.197778524000057, 6.192206398000053 ], [ 81.197817110000074, 6.192210226000043 ], [ 81.197859677000054, 6.192216708000046 ], [ 81.198025166000036, 6.192250682000065 ], [ 81.198096114000066, 6.192261863000056 ], [ 81.198134076000031, 6.192265191000047 ], [ 81.198214218000032, 6.192268585000022 ], [ 81.198261584000079, 6.192268966000029 ], [ 81.198302989000069, 6.192267350000066 ], [ 81.198345696000047, 6.192263118000028 ], [ 81.198391021000077, 6.192256247000046 ], [ 81.198434086000077, 6.192247452000061 ], [ 81.198475207000058, 6.192236740000055 ], [ 81.198528163000049, 6.192219315000045 ], [ 81.198584931000084, 6.192196759000069 ], [ 81.198607148000065, 6.19218531000007 ], [ 81.19865866400005, 6.192154679000055 ], [ 81.198685242000067, 6.192142524000076 ], [ 81.198700563000045, 6.192138058000069 ], [ 81.198719552000057, 6.192134949000035 ], [ 81.198763221000036, 6.192133306000073 ], [ 81.198801238000044, 6.192136895000033 ], [ 81.198826763000056, 6.192143402000056 ], [ 81.19885087800003, 6.192155956000022 ], [ 81.198872358000074, 6.192174454000053 ], [ 81.198891829000047, 6.192199815000038 ], [ 81.198908698000082, 6.192231712000023 ], [ 81.198923090000051, 6.192270373000042 ], [ 81.198935223000035, 6.192316370000071 ], [ 81.198943323000037, 6.192358168000055 ], [ 81.198950480000065, 6.192406508000033 ], [ 81.198969323000085, 6.192582992000041 ], [ 81.198982791000049, 6.192682284000057 ], [ 81.198988713000062, 6.19274593800003 ], [ 81.198992538000084, 6.192815738000036 ], [ 81.198993933000054, 6.192873278000036 ], [ 81.198991750000062, 6.192918978000023 ], [ 81.198986613000045, 6.19296616500003 ], [ 81.198971480000068, 6.193075330000056 ], [ 81.198966714000051, 6.193127197000024 ], [ 81.198966049000035, 6.193173692000073 ], [ 81.198969731000034, 6.193215590000023 ], [ 81.198977188000072, 6.193254581000076 ], [ 81.198988812000039, 6.193297933000053 ], [ 81.199044231000073, 6.193464089000031 ], [ 81.199067343000081, 6.19352638600003 ], [ 81.199132906000045, 6.193688550000047 ], [ 81.199149842000054, 6.193736872000045 ], [ 81.19916272100005, 6.193780701000037 ], [ 81.199174894000066, 6.193837748000021 ], [ 81.19918576200007, 6.193923313000028 ], [ 81.199190901000065, 6.193995638000047 ], [ 81.199190897000051, 6.194060467000043 ], [ 81.199188062000076, 6.194100244000026 ], [ 81.199182948000043, 6.194137678000061 ], [ 81.199162778000073, 6.194223631000057 ], [ 81.199152255000058, 6.194258425000044 ], [ 81.199141139000062, 6.194287957000029 ], [ 81.19912888500005, 6.194313671000032 ], [ 81.199115299000084, 6.194335938000052 ], [ 81.199095213000078, 6.194360859000028 ], [ 81.199070576000054, 6.194386393000059 ], [ 81.199048724000079, 6.194404742000074 ], [ 81.199027471000079, 6.194418240000061 ], [ 81.199005507000038, 6.194427361000066 ], [ 81.198976652000056, 6.194434079000075 ], [ 81.198953073000041, 6.194435536000071 ], [ 81.198933153000041, 6.194432291000055 ], [ 81.198910299000033, 6.194422828000029 ], [ 81.198886906000041, 6.19440755100004 ], [ 81.19886404600004, 6.194386934000022 ], [ 81.198847184000044, 6.194365921000042 ], [ 81.198835944000052, 6.194340516000068 ], [ 81.198818097000071, 6.194269267000038 ], [ 81.198797510000077, 6.194213636000029 ], [ 81.19876012800006, 6.194122014000072 ], [ 81.198724465000055, 6.19404699100005 ], [ 81.198692970000081, 6.193990945000053 ], [ 81.198659834000068, 6.193941113000051 ], [ 81.198610919000032, 6.193878819000076 ], [ 81.198574518000044, 6.193840514000044 ], [ 81.198535177000053, 6.193807587000038 ], [ 81.198504415000059, 6.193788289000054 ], [ 81.198471658000074, 6.193776078000042 ], [ 81.198424344000045, 6.193765937000023 ], [ 81.198391642000047, 6.193761960000074 ], [ 81.198357187000056, 6.193760595000072 ], [ 81.198266862000082, 6.193765703000054 ], [ 81.198237809000034, 6.193770752000034 ], [ 81.198227498000051, 6.193775372000061 ], [ 81.198219577000032, 6.19378153100007 ], [ 81.198210686000039, 6.193794876000027 ], [ 81.198195138000074, 6.193831132000071 ], [ 81.198184120000064, 6.193846482000026 ], [ 81.198162680000053, 6.193867084000033 ], [ 81.198108649000062, 6.193909059000021 ], [ 81.198065726000038, 6.193949976000056 ], [ 81.198044714000048, 6.193974485000069 ], [ 81.198032682000076, 6.193997976000048 ], [ 81.198027041000046, 6.19401748000007 ], [ 81.198016812000049, 6.194063839000023 ], [ 81.197999567000068, 6.194179403000021 ], [ 81.197969249000039, 6.194304071000033 ], [ 81.197959514000047, 6.194357278000041 ], [ 81.197957872000075, 6.194378566000069 ], [ 81.19795805800004, 6.19440273400005 ], [ 81.197965888000056, 6.194509865000043 ], [ 81.197964855000066, 6.194535899000073 ], [ 81.197961211000063, 6.194558747000031 ], [ 81.197951936000038, 6.19458596100003 ], [ 81.197928582000031, 6.194627869000044 ], [ 81.197914327000035, 6.194659203000072 ], [ 81.197867603000077, 6.194789211000057 ], [ 81.197834216000047, 6.194856850000065 ], [ 81.197752023000078, 6.194999701000029 ], [ 81.197662487000059, 6.19516326400003 ], [ 81.197631690000037, 6.195213448000061 ], [ 81.197601916000053, 6.195256161000032 ], [ 81.197569024000074, 6.195295471000065 ], [ 81.197528746000046, 6.195335847000024 ], [ 81.197484165000049, 6.195375212000044 ], [ 81.197357080000074, 6.195480891000045 ], [ 81.197320359000059, 6.195515034000039 ], [ 81.197289547000082, 6.195547401000056 ], [ 81.197252955000067, 6.19559335200006 ], [ 81.197199713000032, 6.195669509000027 ], [ 81.197164579000059, 6.195726923000052 ], [ 81.197136747000059, 6.195780801000069 ], [ 81.197112385000082, 6.195839182000043 ], [ 81.197091820000082, 6.195900298000026 ], [ 81.197075494000046, 6.195962845000054 ], [ 81.197063624000066, 6.196025955000039 ], [ 81.197056502000066, 6.196087211000076 ], [ 81.19705387700003, 6.196147375000066 ], [ 81.197055754000075, 6.196209704000069 ], [ 81.197062116000041, 6.196272370000031 ], [ 81.19706760400004, 6.196295080000027 ], [ 81.197075357000074, 6.196316337000042 ], [ 81.19708537300005, 6.196336140000028 ], [ 81.19709765500005, 6.196354488000054 ], [ 81.197111841000037, 6.196371157000044 ], [ 81.197124776000067, 6.196382554000024 ], [ 81.197138906000077, 6.196390208000025 ], [ 81.197155378000048, 6.196394971000075 ], [ 81.197179129000062, 6.196396973000049 ], [ 81.197208035000074, 6.19639483900005 ], [ 81.19729598300006, 6.196379143000058 ], [ 81.197364447000041, 6.196372535000023 ], [ 81.197409783000069, 6.196366562000037 ], [ 81.197483960000056, 6.196351929000059 ], [ 81.19752455400004, 6.196341957000072 ], [ 81.197558269000069, 6.196331728000075 ], [ 81.197588046000078, 6.196320332000028 ], [ 81.197614203000057, 6.196307625000031 ], [ 81.197648979000064, 6.196284522000042 ], [ 81.197709014000054, 6.196235301000058 ], [ 81.197733580000033, 6.196216924000055 ], [ 81.197799630000077, 6.196172295000054 ], [ 81.197878444000082, 6.196122457000058 ], [ 81.197936354000035, 6.19608168700006 ], [ 81.197955194000031, 6.196071213000039 ], [ 81.197972646000039, 6.196064336000063 ], [ 81.197990399000048, 6.196060511000042 ], [ 81.198012746000074, 6.196058340000036 ], [ 81.198035858000082, 6.196058914000048 ], [ 81.198056312000062, 6.196062682000047 ], [ 81.198079489000065, 6.196070723000048 ], [ 81.198099186000036, 6.196081367000033 ], [ 81.198110178000036, 6.196090032000029 ], [ 81.198117128000035, 6.19609816600007 ], [ 81.198122947000059, 6.196109163000074 ], [ 81.198137676000044, 6.196145554000054 ], [ 81.198144820000039, 6.196155514000054 ], [ 81.198156101000052, 6.196167076000052 ], [ 81.198174939000069, 6.19618183800003 ], [ 81.198197937000032, 6.196195676000059 ], [ 81.198224628000048, 6.196208328000068 ], [ 81.198246539000081, 6.196215290000055 ], [ 81.198270380000054, 6.196219672000041 ], [ 81.19829924700008, 6.196222287000069 ], [ 81.198431145000029, 6.196228665000035 ], [ 81.198488418000068, 6.196229237000068 ], [ 81.198527403000071, 6.196227148000048 ], [ 81.198562247000041, 6.196222739000063 ], [ 81.198593717000051, 6.196215895000023 ], [ 81.198621585000069, 6.196206665000034 ], [ 81.198647624000046, 6.196194127000069 ], [ 81.19867337800008, 6.19617762200005 ], [ 81.198699129000033, 6.196156976000054 ], [ 81.198725428000046, 6.196131750000063 ], [ 81.198764437000079, 6.19608764000003 ], [ 81.198850476000075, 6.195977759000073 ], [ 81.198890274000064, 6.195931475000066 ], [ 81.199078109000084, 6.195732197000041 ], [ 81.199146701000075, 6.195661959000063 ], [ 81.199205218000031, 6.195606225000063 ], [ 81.199340286000051, 6.195484174000057 ], [ 81.199399066000069, 6.195426957000052 ], [ 81.199444361000076, 6.19537570600005 ], [ 81.199524680000081, 6.195274049000034 ], [ 81.199557878000064, 6.195234288000051 ], [ 81.199594244000082, 6.195195642000044 ], [ 81.19962952000003, 6.195164110000064 ], [ 81.199717991000057, 6.195095301000038 ], [ 81.199766862000047, 6.195061190000047 ], [ 81.199790839000059, 6.195046951000052 ], [ 81.199813162000055, 6.195035723000046 ], [ 81.199834123000073, 6.195027355000036 ], [ 81.199853863000044, 6.195021798000028 ], [ 81.199872344000084, 6.195019032000062 ], [ 81.199889787000075, 6.195018993000076 ], [ 81.199908189000041, 6.195021847000021 ], [ 81.19992774800005, 6.195027612000047 ], [ 81.19994882900005, 6.195036487000039 ], [ 81.19997079400008, 6.195048289000056 ], [ 81.199993402000075, 6.195062895000035 ], [ 81.200016301000062, 6.195080072000053 ], [ 81.200047338000047, 6.195107169000039 ], [ 81.200076597000077, 6.195137158000023 ], [ 81.200102859000083, 6.195168958000068 ], [ 81.200121094000053, 6.195196438000039 ], [ 81.20013381900003, 6.195223744000032 ], [ 81.200143512000068, 6.195254516000034 ], [ 81.200150275000055, 6.195289051000032 ], [ 81.200154237000049, 6.195327998000039 ], [ 81.200155077000034, 6.195401589000028 ], [ 81.200147909000066, 6.195547109000074 ], [ 81.200146511000071, 6.195686895000051 ], [ 81.200140981000061, 6.195802018000052 ], [ 81.200133484000048, 6.195894430000067 ], [ 81.200120856000069, 6.196016404000034 ], [ 81.20011, 6.196169606000069 ], [ 81.200102131000051, 6.196223119000024 ], [ 81.200090785000043, 6.196268058000044 ], [ 81.200082197000086, 6.196291620000068 ], [ 81.200072119000083, 6.196313201000066 ], [ 81.200059915000054, 6.196334010000044 ], [ 81.200045250000073, 6.196354727000028 ], [ 81.200027820000059, 6.196375715000045 ], [ 81.200007611000046, 6.196396930000049 ], [ 81.199957454000071, 6.196441470000025 ], [ 81.199829973000078, 6.196537859000046 ], [ 81.199792320000086, 6.196563832000038 ], [ 81.199728788000073, 6.196601428000065 ], [ 81.19958944800004, 6.196674433000055 ], [ 81.199530284000048, 6.196708034000039 ], [ 81.199487717000068, 6.19673569400004 ], [ 81.199364029000037, 6.196824161000052 ], [ 81.199290295000083, 6.196881087000065 ], [ 81.199233132000074, 6.196932171000071 ], [ 81.199208937000037, 6.196957145000056 ], [ 81.199187546000076, 6.196981895000022 ], [ 81.199168824000083, 6.197006581000039 ], [ 81.199152691000052, 6.197031309000067 ], [ 81.199137366000059, 6.197059524000053 ], [ 81.199123918000055, 6.197089939000023 ], [ 81.19911232700008, 6.197122605000061 ], [ 81.199102563000054, 6.197157594000032 ], [ 81.199094614000046, 6.197194938000052 ], [ 81.199088429000085, 6.197234837000053 ], [ 81.199083982000047, 6.197277477000057 ], [ 81.199081234000062, 6.197323193000045 ], [ 81.199080139000046, 6.197382787000038 ], [ 81.19908141600007, 6.197449444000029 ], [ 81.199092359000076, 6.197643859000038 ], [ 81.19910339900008, 6.197777811000037 ], [ 81.199118125000041, 6.197889993000047 ], [ 81.199132785000074, 6.197967810000023 ], [ 81.199150539000073, 6.198039020000067 ], [ 81.199171564000039, 6.198104338000064 ], [ 81.199195975000066, 6.198164101000032 ], [ 81.199220724000043, 6.198212988000023 ], [ 81.199248328000067, 6.19825778400002 ], [ 81.199297820000083, 6.198327238000047 ], [ 81.199344461000067, 6.198384231000034 ], [ 81.199383282000042, 6.19842466800003 ], [ 81.199421771000061, 6.198458198000026 ], [ 81.199459525000066, 6.198484627000028 ], [ 81.199499667000055, 6.198506085000076 ], [ 81.199555783000051, 6.198529761000032 ], [ 81.199611775000051, 6.198547259000065 ], [ 81.199665082000081, 6.198557791000042 ], [ 81.199714491000066, 6.198561138000059 ], [ 81.199745912000083, 6.198559214000056 ], [ 81.199774881000053, 6.198553833000062 ], [ 81.199802834000081, 6.198544612000035 ], [ 81.199832975000049, 6.198530704000063 ], [ 81.199875151000072, 6.198506110000039 ], [ 81.199935314000072, 6.19846560700006 ], [ 81.19996437900005, 6.198442861000046 ], [ 81.199992941000062, 6.198416470000041 ], [ 81.200028620000069, 6.198377724000068 ], [ 81.20006606000004, 6.198330613000053 ], [ 81.20017950600004, 6.198170545000039 ], [ 81.200264940000068, 6.198063152000032 ], [ 81.200344576000077, 6.197947880000072 ], [ 81.200375564000069, 6.197905610000021 ], [ 81.200411367000072, 6.197863615000074 ], [ 81.200427884000078, 6.197847646000071 ], [ 81.200443778000079, 6.197834727000043 ], [ 81.200464970000041, 6.197821690000069 ], [ 81.200485468000068, 6.197814124000047 ], [ 81.200504946000081, 6.197811949000027 ], [ 81.200526748000073, 6.197814788000073 ], [ 81.200552966000032, 6.197823353000047 ], [ 81.200581725000063, 6.197837480000032 ], [ 81.200612421000073, 6.197856880000074 ], [ 81.200644147000048, 6.197880982000072 ], [ 81.200680944000055, 6.197913872000072 ], [ 81.200715539000043, 6.197950119000041 ], [ 81.200745780000034, 6.197987469000054 ], [ 81.200769841000067, 6.198023664000061 ], [ 81.200785143000076, 6.19805367500004 ], [ 81.200793498000053, 6.198079349000068 ], [ 81.200796509000043, 6.198106895000024 ], [ 81.200794162000079, 6.198136748000024 ], [ 81.20078918400003, 6.198159694000026 ], [ 81.200781412000083, 6.198184195000067 ], [ 81.200770764000083, 6.198210516000074 ], [ 81.20075703200007, 6.198239172000058 ], [ 81.200726367000073, 6.198294139000041 ], [ 81.200637716000074, 6.19843996700007 ], [ 81.200615145000086, 6.198482281000054 ], [ 81.200598012000057, 6.19852005000007 ], [ 81.200570170000049, 6.198600073000023 ], [ 81.200518252000052, 6.198732745000029 ], [ 81.200497083000073, 6.19879398300003 ], [ 81.200487575000068, 6.198828443000025 ], [ 81.20048108900005, 6.198859921000064 ], [ 81.200477497000065, 6.198889046000033 ], [ 81.200476767000055, 6.198916118000056 ], [ 81.200481194000076, 6.198954116000039 ], [ 81.200485922000041, 6.198971597000025 ], [ 81.200492414000053, 6.198988396000061 ], [ 81.200517055000034, 6.199035159000061 ], [ 81.200549028000069, 6.199081111000055 ], [ 81.200582318000045, 6.19911843400007 ], [ 81.200615867000067, 6.199146689000031 ], [ 81.20063177600008, 6.199156696000045 ], [ 81.200647196000034, 6.199164101000065 ], [ 81.200662218000048, 6.199168907000058 ], [ 81.200678524000068, 6.199171799000055 ], [ 81.200704206000069, 6.199172612000041 ], [ 81.200732699000071, 6.199169495000035 ], [ 81.20076417000007, 6.199162435000062 ], [ 81.200799029000052, 6.199151339000025 ], [ 81.20083739100005, 6.19913624000003 ], [ 81.200882117000049, 6.199116060000051 ], [ 81.200965132000078, 6.199075693000054 ], [ 81.200997373000064, 6.199057530000061 ], [ 81.20103352600006, 6.199033030000066 ], [ 81.201071585000079, 6.199002983000071 ], [ 81.20111165000003, 6.198967621000065 ], [ 81.201239309000073, 6.198848912000074 ], [ 81.201438964000033, 6.198686570000064 ], [ 81.20148228100004, 6.198656009000047 ], [ 81.201522485000055, 6.198632344000032 ], [ 81.201561619000074, 6.198614421000059 ], [ 81.201599294000061, 6.198602425000047 ], [ 81.201636090000079, 6.198595018000049 ], [ 81.20167821800004, 6.198590115000059 ], [ 81.201827958000081, 6.198583992000067 ], [ 81.201885780000055, 6.198578773000065 ], [ 81.202075790000038, 6.198546933000046 ], [ 81.202197335000051, 6.198521457000027 ], [ 81.202247582000041, 6.198508404000052 ], [ 81.202294389000031, 6.19849438500006 ], [ 81.202338344000054, 6.198479224000039 ], [ 81.202379768000071, 6.198462810000024 ], [ 81.202418465000051, 6.198445259000039 ], [ 81.202454278000062, 6.198426711000025 ], [ 81.202502198000047, 6.198392025000032 ], [ 81.20251750500006, 6.198382469000023 ], [ 81.202532504000033, 6.198376009000071 ], [ 81.20254735900005, 6.198372956000071 ], [ 81.202568865000046, 6.19837216600007 ], [ 81.20259287500005, 6.198374328000057 ], [ 81.202612984000041, 6.198379001000035 ], [ 81.202634420000038, 6.198386840000069 ], [ 81.202657771000077, 6.198398070000053 ], [ 81.20268296200004, 6.198412597000072 ], [ 81.202728833000037, 6.19845080500005 ], [ 81.202738599000043, 6.198455811000031 ], [ 81.202750532000039, 6.198459451000076 ], [ 81.202778812000076, 6.198462177000067 ], [ 81.202841722000073, 6.198459792000051 ], [ 81.202871986000048, 6.198457334000068 ], [ 81.202903896000066, 6.198452580000037 ], [ 81.202971225000056, 6.198436939000032 ], [ 81.203113788000053, 6.198393905000046 ], [ 81.203308422000077, 6.198341241000037 ], [ 81.203355141000031, 6.198329731000058 ], [ 81.203452876000085, 6.198308627000074 ], [ 81.203494386000045, 6.198297985000067 ], [ 81.203539533000082, 6.198282464000044 ], [ 81.203611799000043, 6.198246999000048 ], [ 81.203640807000056, 6.198234941000067 ], [ 81.203668652000033, 6.198227426000074 ], [ 81.203709882000055, 6.19822240600007 ], [ 81.20374272600003, 6.198221801000045 ], [ 81.203771204000077, 6.198225154000056 ], [ 81.203809263000039, 6.198235617000023 ], [ 81.203833367000072, 6.198247324000022 ], [ 81.203842430000066, 6.198254813000062 ], [ 81.203849199000047, 6.198263596000061 ], [ 81.203867758000058, 6.198302087000059 ], [ 81.203886821000083, 6.198334800000055 ], [ 81.203898283000058, 6.198350998000024 ], [ 81.203907179000055, 6.198360345000026 ], [ 81.203917754000031, 6.198368569000024 ], [ 81.203945334000082, 6.198382701000071 ], [ 81.203969248000078, 6.198390881000023 ], [ 81.204009657000086, 6.19840203800004 ], [ 81.204060323000078, 6.198410878000061 ], [ 81.204139646000044, 6.198418942000046 ], [ 81.204159375000074, 6.198418186000026 ], [ 81.204191010000045, 6.198413487000039 ], [ 81.204213393000032, 6.198407920000022 ], [ 81.204231544000038, 6.198400724000066 ], [ 81.204245812000067, 6.198391771000047 ], [ 81.204256400000077, 6.198380916000076 ], [ 81.204266089000043, 6.198364683000023 ], [ 81.204276044000039, 6.19834041200005 ], [ 81.204282438000064, 6.19832186800005 ], [ 81.204291024000042, 6.198287102000052 ], [ 81.204296859000067, 6.198271152000075 ], [ 81.204307610000058, 6.198248007000075 ], [ 81.204322082000033, 6.198221845000035 ], [ 81.204336780000062, 6.198199232000036 ], [ 81.204354057000046, 6.198178423000059 ], [ 81.20437435100007, 6.198158884000065 ], [ 81.204397792000066, 6.19814051000003 ], [ 81.204433934000065, 6.198117718000049 ], [ 81.204477561000033, 6.198095598000066 ], [ 81.204522270000041, 6.198076320000041 ], [ 81.204637351000031, 6.198030439000036 ], [ 81.204696375000083, 6.19800275800003 ], [ 81.204741990000059, 6.197975675000066 ], [ 81.204844403000038, 6.197906555000031 ], [ 81.20489092400004, 6.197879998000076 ], [ 81.204939016000083, 6.197859376000054 ], [ 81.204996445000063, 6.197840328000041 ], [ 81.205038233000039, 6.197829363000039 ], [ 81.205079941000065, 6.197821865000037 ], [ 81.205205418000048, 6.197808520000024 ], [ 81.205331103000049, 6.197792785000047 ], [ 81.205420813000046, 6.19777894200007 ], [ 81.205461435000075, 6.197769784000059 ], [ 81.20550311900007, 6.197757528000068 ], [ 81.205637031000037, 6.197709054000029 ], [ 81.205684536000035, 6.197693494000021 ], [ 81.205750909000074, 6.197675742000058 ], [ 81.205825501000049, 6.197658846000024 ], [ 81.206502865000061, 6.197531525000045 ], [ 81.206671329000073, 6.19750242300006 ], [ 81.206850650000035, 6.197474567000029 ], [ 81.207044802000041, 6.197438614000021 ], [ 81.207087970000032, 6.197432764000041 ], [ 81.207127362000051, 6.197429170000021 ], [ 81.207164275000082, 6.19742771600005 ], [ 81.207199254000045, 6.197428385000023 ], [ 81.207242878000045, 6.197432568000067 ], [ 81.207347809000055, 6.197449492000032 ], [ 81.20746108700007, 6.197459713000057 ], [ 81.207600385000035, 6.197471026000073 ], [ 81.207739774000061, 6.197479010000052 ], [ 81.207875811000065, 6.197483587000022 ], [ 81.208025891000034, 6.197485303000065 ], [ 81.208110987000055, 6.197484189000022 ], [ 81.208175605000065, 6.197481487000061 ], [ 81.208380067000064, 6.197463923000043 ], [ 81.208450230000039, 6.197459385000059 ], [ 81.208540556000059, 6.197457057000065 ], [ 81.208641026000066, 6.197457389000022 ], [ 81.209004824000033, 6.197469570000067 ], [ 81.209331699000074, 6.197477967000054 ], [ 81.209446658000047, 6.197483789000046 ], [ 81.209548168000083, 6.19749207600006 ], [ 81.209618911000064, 6.19750018700006 ], [ 81.20968595100004, 6.19751003500005 ], [ 81.209747341000082, 6.197521254000037 ], [ 81.209814122000068, 6.197535778000031 ], [ 81.210125351000045, 6.197615327000051 ], [ 81.210537106000061, 6.197709141000075 ], [ 81.210606091000045, 6.197727558000054 ], [ 81.210787507000077, 6.197779599000057 ], [ 81.210890674000041, 6.197804120000058 ], [ 81.210984280000048, 6.197819611000057 ], [ 81.211087189000068, 6.197831647000044 ], [ 81.21119516300007, 6.197839720000047 ], [ 81.211310641000068, 6.197844073000056 ], [ 81.21146569800004, 6.197844571000076 ], [ 81.211531666000042, 6.197842100000059 ], [ 81.211593030000074, 6.19783773000006 ], [ 81.211654775000056, 6.197830864000025 ], [ 81.211749577000035, 6.197816790000047 ], [ 81.211808624000071, 6.197806200000059 ], [ 81.211858846000041, 6.197794791000035 ], [ 81.211900200000059, 6.197782920000066 ], [ 81.211937916000068, 6.197769446000052 ], [ 81.211971364000078, 6.197754709000037 ], [ 81.212006474000077, 6.197736128000031 ], [ 81.212053031000039, 6.197707704000038 ], [ 81.212148996000053, 6.197644290000028 ], [ 81.212215717000049, 6.19759220100002 ], [ 81.212231956000039, 6.197581550000052 ], [ 81.212247040000079, 6.197573841000064 ], [ 81.212260886000081, 6.197568931000035 ], [ 81.212284394000051, 6.197563552000076 ], [ 81.212325576000069, 6.197558610000044 ], [ 81.21235671200003, 6.197560828000064 ], [ 81.21236929500003, 6.197564419000059 ], [ 81.212379829000042, 6.197569647000023 ], [ 81.212390612000036, 6.197579076000068 ], [ 81.212400526000067, 6.197593948000076 ], [ 81.212451534000081, 6.197693268000023 ], [ 81.212472677000051, 6.197739021000075 ], [ 81.212491575000058, 6.19779089900004 ], [ 81.212511932000041, 6.197882652000033 ], [ 81.212525798000058, 6.197924894000039 ], [ 81.212549298000056, 6.197976353000058 ], [ 81.212607564000052, 6.198085853000066 ], [ 81.212632343000053, 6.198140291000072 ], [ 81.212666283000033, 6.198224591000042 ], [ 81.212740481000083, 6.198423556000023 ], [ 81.212780405000046, 6.198518324000077 ], [ 81.21280077800003, 6.19856070700007 ], [ 81.212821942000062, 6.198600620000036 ], [ 81.212931219000041, 6.198785458000032 ], [ 81.21302907900008, 6.198967356000026 ], [ 81.213050643000031, 6.199011126000073 ], [ 81.213067810000041, 6.199050423000074 ], [ 81.213081496000029, 6.199087355000074 ], [ 81.213091947000066, 6.199122630000033 ], [ 81.213099068000076, 6.199155269000073 ], [ 81.213104157000032, 6.199190563000059 ], [ 81.213107453000077, 6.199229922000029 ], [ 81.213109268000039, 6.19927713200002 ], [ 81.213112374000048, 6.199466063000045 ], [ 81.213111281000067, 6.199698882000064 ], [ 81.213108376000037, 6.199898769000072 ], [ 81.213111838000032, 6.200005214000043 ], [ 81.213115780000066, 6.200050053000041 ], [ 81.213120808000042, 6.200088516000051 ], [ 81.213121294000075, 6.200092237000035 ], [ 81.213562477000039, 6.200148621000039 ], [ 81.213810550000062, 6.200178321000067 ], [ 81.213937748000035, 6.200191908000022 ], [ 81.213948142000049, 6.200162320000061 ], [ 81.213963493000051, 6.200132258000053 ], [ 81.213985893000086, 6.200100149000036 ], [ 81.214013521000084, 6.200069287000076 ], [ 81.214051618000042, 6.200035484000068 ], [ 81.21408339900006, 6.200012698000023 ], [ 81.214106075000075, 6.200001167000039 ], [ 81.214126825000051, 6.199995126000033 ], [ 81.214145980000069, 6.199993398000061 ], [ 81.21420233200007, 6.199992970000039 ], [ 81.214235535000057, 6.199988253000072 ], [ 81.214272329000039, 6.199980715000038 ], [ 81.214394692000042, 6.199948534000043 ], [ 81.214525963000085, 6.199916930000029 ], [ 81.214566107000053, 6.199905299000022 ], [ 81.21460120100005, 6.199893072000066 ], [ 81.214633219000063, 6.199879469000052 ], [ 81.21466732500005, 6.199862112000062 ], [ 81.214797080000039, 6.199784640000075 ], [ 81.214875144000075, 6.199743555000055 ], [ 81.215006666000079, 6.19967960300005 ], [ 81.215172582000037, 6.199603913000033 ], [ 81.215299497000046, 6.199549347000072 ], [ 81.215438899000048, 6.199492773000031 ], [ 81.215729573000033, 6.199381784000025 ], [ 81.215854344000036, 6.199331664000056 ], [ 81.215914215000055, 6.199310569000033 ], [ 81.215953513000045, 6.199299443000029 ], [ 81.215991107000036, 6.19929141800003 ], [ 81.216032613000039, 6.199285295000038 ], [ 81.216078518000074, 6.199281083000074 ], [ 81.216142712000078, 6.199278213000071 ], [ 81.216304568000055, 6.19927513500005 ], [ 81.216474758000061, 6.199282141000026 ], [ 81.216538351000054, 6.199282095000058 ], [ 81.216572047000057, 6.199279900000022 ], [ 81.216603371000076, 6.199275997000029 ], [ 81.216652894000049, 6.199267006000071 ], [ 81.216696722000052, 6.199257140000043 ], [ 81.216739890000042, 6.199244947000068 ], [ 81.216778949000059, 6.199231041000075 ], [ 81.216812711000046, 6.199215919000039 ], [ 81.216850211000065, 6.19919586900005 ], [ 81.216956608000032, 6.199130770000068 ], [ 81.217057806000071, 6.199052729000073 ], [ 81.217091452000034, 6.199028837000071 ], [ 81.217124363000039, 6.199009424000053 ], [ 81.217155831000071, 6.198995420000074 ], [ 81.217197572000032, 6.198981207000031 ], [ 81.217235325000047, 6.198970925000026 ], [ 81.21727028600003, 6.198964250000074 ], [ 81.217302735000032, 6.198961138000072 ], [ 81.217325993000031, 6.198961182000062 ], [ 81.217345698000031, 6.198963806000052 ], [ 81.217420269000058, 6.198984929000062 ], [ 81.217450260000078, 6.198990054000035 ], [ 81.217471878000083, 6.198990283000057 ], [ 81.217495274000044, 6.198988471000064 ], [ 81.217547601000035, 6.198978660000023 ], [ 81.217594272000042, 6.198965626000074 ], [ 81.21766287500003, 6.198943697000061 ], [ 81.217708830000049, 6.198926363000055 ], [ 81.217751173000067, 6.198907667000071 ], [ 81.21779071900005, 6.198887164000041 ], [ 81.217826670000079, 6.198865173000058 ], [ 81.217858873000068, 6.198841844000071 ], [ 81.217891350000059, 6.198814363000054 ], [ 81.217926615000067, 6.198779832000071 ], [ 81.217959969000049, 6.198742069000048 ], [ 81.21800257700005, 6.198686606000024 ], [ 81.218032844000049, 6.198642235000023 ], [ 81.21805334000004, 6.198606215000041 ], [ 81.218068278000032, 6.198572424000076 ], [ 81.218077942000036, 6.198540287000071 ], [ 81.218082625000079, 6.19850875800006 ], [ 81.218083156000034, 6.198470513000075 ], [ 81.218079171000056, 6.19842507900006 ], [ 81.218068053000081, 6.198351259000049 ], [ 81.218057645000044, 6.198309406000021 ], [ 81.218049330000042, 6.198288553000054 ], [ 81.218039465000061, 6.198271116000058 ], [ 81.218028519000029, 6.198258691000035 ], [ 81.217991649000055, 6.198224909000032 ], [ 81.217983789000073, 6.198213030000034 ], [ 81.217979529000047, 6.19819970900005 ], [ 81.217978178000067, 6.198178616000064 ], [ 81.217982385000084, 6.198132078000071 ], [ 81.217982357000039, 6.198111614000027 ], [ 81.217972705000079, 6.198003738000068 ], [ 81.217970595000054, 6.197926990000042 ], [ 81.217968093000081, 6.197907877000034 ], [ 81.217963606000069, 6.197889368000062 ], [ 81.217955682000081, 6.197867565000024 ], [ 81.217944811000052, 6.197845476000055 ], [ 81.217930863000049, 6.197822827000039 ], [ 81.217913472000077, 6.197799014000054 ], [ 81.217885471000045, 6.197765719000074 ], [ 81.217814010000041, 6.197687200000075 ], [ 81.217729774000077, 6.197582493000027 ], [ 81.217683855000075, 6.197531895000054 ], [ 81.217659391000041, 6.197509001000071 ], [ 81.217630414000041, 6.197485241000038 ], [ 81.21759796200007, 6.197460701000068 ], [ 81.21756805900003, 6.197440430000029 ], [ 81.217541757000049, 6.197424856000055 ], [ 81.217516430000046, 6.197412143000065 ], [ 81.217491860000052, 6.197402184000055 ], [ 81.217468131000032, 6.197395021000034 ], [ 81.217443285000058, 6.197389776000023 ], [ 81.217416031000084, 6.197386051000024 ], [ 81.217350766000038, 6.19738275800006 ], [ 81.217191660000083, 6.197383606000074 ], [ 81.217151948000037, 6.197386276000032 ], [ 81.217117708000046, 6.197391290000041 ], [ 81.217083903000059, 6.197400041000037 ], [ 81.217055414000072, 6.197413219000055 ], [ 81.21702824700003, 6.197430680000025 ], [ 81.21696574200007, 6.197476644000062 ], [ 81.216933593000078, 6.197495366000055 ], [ 81.216905310000072, 6.197505647000071 ], [ 81.216861018000031, 6.19751327900002 ], [ 81.216811955000082, 6.197515964000047 ], [ 81.216789095000081, 6.19751558300004 ], [ 81.21677416700004, 6.197513737000065 ], [ 81.216744641000048, 6.197505699000033 ], [ 81.216676543000062, 6.197480231000043 ], [ 81.216659714000059, 6.197475828000051 ], [ 81.216644768000037, 6.197473673000047 ], [ 81.216630431000056, 6.197473736000063 ], [ 81.21661722500005, 6.197476195000036 ], [ 81.216599113000029, 6.197482894000075 ], [ 81.216580649000036, 6.197492166000075 ], [ 81.216551839000033, 6.19751208200006 ], [ 81.21653953200007, 6.197523550000028 ], [ 81.216531173000078, 6.197533648000046 ], [ 81.216520053000067, 6.197554027000024 ], [ 81.216503058000058, 6.197598902000038 ], [ 81.216494669000042, 6.197616824000022 ], [ 81.216475793000029, 6.197646132000045 ], [ 81.216451956000071, 6.197676456000067 ], [ 81.216423218000045, 6.197708042000045 ], [ 81.216350095000053, 6.197781579000036 ], [ 81.216197615000056, 6.197941546000038 ], [ 81.216118184000038, 6.198019439000063 ], [ 81.216044228000044, 6.198087260000023 ], [ 81.21599283900008, 6.198130113000047 ], [ 81.215869300000065, 6.198228065000023 ], [ 81.215810564000037, 6.198278721000065 ], [ 81.215758890000075, 6.198329614000045 ], [ 81.215661013000044, 6.198435165000035 ], [ 81.215619038000057, 6.198478175000048 ], [ 81.215582614000084, 6.198512083000026 ], [ 81.21550122900004, 6.198581734000072 ], [ 81.215444087000037, 6.198627354000052 ], [ 81.215393913000071, 6.198662455000033 ], [ 81.215347025000085, 6.198689761000026 ], [ 81.215297793000047, 6.198712425000053 ], [ 81.215234696000039, 6.198735708000072 ], [ 81.215172195000036, 6.198752886000022 ], [ 81.215111781000076, 6.198763536000058 ], [ 81.215055110000037, 6.198767380000049 ], [ 81.215001533000077, 6.198765896000054 ], [ 81.21494281400004, 6.198759910000035 ], [ 81.214878503000079, 6.198749504000034 ], [ 81.214796848000049, 6.19873276900006 ], [ 81.214745934000064, 6.198719825000069 ], [ 81.214702901000067, 6.198705751000034 ], [ 81.214665235000041, 6.198689735000073 ], [ 81.214631776000033, 6.19867124600006 ], [ 81.214601637000044, 6.198650665000059 ], [ 81.214569299000061, 6.198625023000034 ], [ 81.214523266000072, 6.19858414600003 ], [ 81.214489385000036, 6.198551500000065 ], [ 81.214453032000051, 6.198510696000028 ], [ 81.214370795000036, 6.198410134000028 ], [ 81.214275066000084, 6.198299788000043 ], [ 81.214238231000081, 6.198261324000043 ], [ 81.214212356000075, 6.198238583000034 ], [ 81.214186797000082, 6.198220063000065 ], [ 81.214157756000077, 6.198203206000073 ], [ 81.214123965000056, 6.198187266000048 ], [ 81.214079979000076, 6.198170035000032 ], [ 81.213992050000058, 6.198139365000031 ], [ 81.21392576900007, 6.19811986600007 ], [ 81.213846301000046, 6.198102324000047 ], [ 81.213659847000031, 6.198068210000031 ], [ 81.213571889000036, 6.198046869000052 ], [ 81.213494513000057, 6.198021659000062 ], [ 81.213324215000057, 6.19795872900005 ], [ 81.213249977000032, 6.197935477000044 ], [ 81.213191862000031, 6.197922672000061 ], [ 81.21306140300004, 6.197900896000021 ], [ 81.21300769700008, 6.197888336000062 ], [ 81.212958806000074, 6.197871357000054 ], [ 81.212888005000082, 6.197837689000039 ], [ 81.212841329000071, 6.197811087000048 ], [ 81.212800870000081, 6.197783510000022 ], [ 81.212765839000042, 6.197754332000045 ], [ 81.212737954000033, 6.197725011000045 ], [ 81.212707372000068, 6.197683912000059 ], [ 81.212647428000082, 6.19759099700002 ], [ 81.21260484700008, 6.197538609000048 ], [ 81.21259085500003, 6.197518961000071 ], [ 81.212583317000053, 6.197505079000052 ], [ 81.21257857300003, 6.197492045000047 ], [ 81.212576512000055, 6.197479705000035 ], [ 81.212576879000039, 6.197466567000049 ], [ 81.212581787000033, 6.19744517700002 ], [ 81.212592255000061, 6.197419827000033 ], [ 81.21262048400007, 6.197365830000024 ], [ 81.212659095000049, 6.197285195000063 ], [ 81.212695203000067, 6.197220234000042 ], [ 81.212724733000073, 6.197173905000056 ], [ 81.212754506000067, 6.197132793000037 ], [ 81.212788814000078, 6.197091013000033 ], [ 81.212827249000043, 6.197049204000052 ], [ 81.212876810000068, 6.197000809000031 ], [ 81.212932668000064, 6.19695153300006 ], [ 81.213007830000038, 6.19689119800006 ], [ 81.213051319000044, 6.196860340000057 ], [ 81.213090027000078, 6.196837715000072 ], [ 81.213134991000061, 6.196815173000061 ], [ 81.213299039000049, 6.19674481100003 ], [ 81.213362116000042, 6.19671461400003 ], [ 81.213394098000038, 6.196696733000067 ], [ 81.213422794000053, 6.196678407000036 ], [ 81.213448712000059, 6.196659313000055 ], [ 81.213472264000075, 6.196639144000073 ], [ 81.213517255000056, 6.196592981000038 ], [ 81.213606729000048, 6.196486808000031 ], [ 81.213650991000065, 6.196438924000063 ], [ 81.213713508000069, 6.196377659000063 ], [ 81.213880019000044, 6.196222743000021 ], [ 81.21392673500003, 6.196175586000038 ], [ 81.213966771000059, 6.196131473000037 ], [ 81.214030059000038, 6.19605394000007 ], [ 81.214095211000085, 6.195966540000029 ], [ 81.21416505600007, 6.195865427000058 ], [ 81.214243019000037, 6.195745729000066 ], [ 81.214310757000078, 6.19563095500007 ], [ 81.214433364000058, 6.195406864000063 ], [ 81.214486432000058, 6.195313578000025 ], [ 81.214559085000076, 6.195191808000061 ], [ 81.214752006000083, 6.194876109000063 ], [ 81.214807136000047, 6.194782377000024 ], [ 81.214855138000075, 6.194697291000068 ], [ 81.214902122000069, 6.194609274000072 ], [ 81.214946991000033, 6.194518591000076 ], [ 81.214993672000048, 6.194418101000053 ], [ 81.215124360000061, 6.194127663000074 ], [ 81.215167401000031, 6.194038015000046 ], [ 81.215208133000033, 6.193958750000036 ], [ 81.215245178000032, 6.193891680000036 ], [ 81.215288046000069, 6.19381852500004 ], [ 81.215460110000038, 6.193541064000044 ], [ 81.215530409000053, 6.193421933000025 ], [ 81.215586945000041, 6.193316954000068 ], [ 81.215700154000046, 6.193091811000045 ], [ 81.215752030000033, 6.192993156000057 ], [ 81.215858690000061, 6.192800537000039 ], [ 81.215965606000054, 6.192616852000072 ], [ 81.216040409000072, 6.192493872000057 ], [ 81.216097841000078, 6.19240343000007 ], [ 81.216155963000062, 6.192316993000077 ], [ 81.216314977000081, 6.192086852000045 ], [ 81.216361156000062, 6.192016801000022 ], [ 81.21640143500008, 6.191952472000025 ], [ 81.216478738000035, 6.191820317000065 ], [ 81.216644808000069, 6.191519567000057 ], [ 81.216775953000081, 6.191289846000075 ], [ 81.216843598000082, 6.191174308000029 ], [ 81.216901470000039, 6.191081190000034 ], [ 81.216999804000068, 6.19093510700003 ], [ 81.217149532000064, 6.190725213000064 ], [ 81.217232806000084, 6.190616523000074 ], [ 81.21745461900008, 6.190337557000021 ], [ 81.217517259000033, 6.19025401500005 ], [ 81.217571213000042, 6.190177306000066 ], [ 81.217625944000076, 6.19009317900003 ], [ 81.217685958000061, 6.189994723000041 ], [ 81.217831457000045, 6.189744311000027 ], [ 81.21797695600003, 6.189493900000059 ], [ 81.218048207000038, 6.189360011000076 ], [ 81.218127394000078, 6.189198498000053 ], [ 81.218265743000075, 6.188903044000028 ], [ 81.218407738000053, 6.188587031000054 ], [ 81.218469127000049, 6.188459172000023 ], [ 81.218534995000084, 6.188331515000073 ], [ 81.218680481000035, 6.188060705000055 ], [ 81.218922927000051, 6.187601564000033 ], [ 81.218986400000063, 6.187477801000057 ], [ 81.219039462000069, 6.18736881500007 ], [ 81.219104010000081, 6.187224613000069 ], [ 81.219164391000049, 6.18707239500003 ], [ 81.219226024000079, 6.186900828000034 ], [ 81.219282107000083, 6.186726910000061 ], [ 81.219371246000037, 6.186483301000067 ], [ 81.219455449000066, 6.186238486000036 ], [ 81.219534716000055, 6.185992469000041 ], [ 81.219609045000084, 6.185745246000067 ], [ 81.21968909900005, 6.18545689900003 ], [ 81.219762507000041, 6.185166933000062 ], [ 81.219819700000073, 6.184919095000055 ], [ 81.219857947000037, 6.184739712000066 ], [ 81.219886297000073, 6.18459566000007 ], [ 81.219914064000079, 6.184479757000076 ], [ 81.219938608000064, 6.184399238000026 ], [ 81.220008227000051, 6.184211330000039 ], [ 81.220047660000034, 6.184094669000046 ], [ 81.220085794000056, 6.183968170000071 ], [ 81.220115135000071, 6.183854084000075 ], [ 81.220127813000033, 6.183790095000063 ], [ 81.220138117000033, 6.18372269200006 ], [ 81.22014616000007, 6.183651165000072 ], [ 81.220152101000053, 6.183574088000057 ], [ 81.22015774700003, 6.183431619000032 ], [ 81.220162712000047, 6.183096028000023 ], [ 81.220166344000063, 6.18301017400006 ], [ 81.220171773000061, 6.182932855000047 ], [ 81.220178107000038, 6.182870259000026 ], [ 81.220186043000069, 6.182810996000057 ], [ 81.220211617000075, 6.182670625000071 ], [ 81.220221826000056, 6.182602650000035 ], [ 81.220231037000076, 6.182520271000044 ], [ 81.220237804000078, 6.182431350000059 ], [ 81.220243080000046, 6.182309455000052 ], [ 81.220245405000071, 6.182166752000057 ], [ 81.220242967000047, 6.18210231200004 ], [ 81.220232445000079, 6.181947360000038 ], [ 81.220231407000085, 6.18186855700003 ], [ 81.220235856000045, 6.181807211000034 ], [ 81.220253394000054, 6.181694281000034 ], [ 81.220259509000073, 6.181636583000056 ], [ 81.220264477000057, 6.181551126000045 ], [ 81.220265592000032, 6.181459365000023 ], [ 81.220262043000048, 6.18134086200007 ], [ 81.220253025000034, 6.181202394000024 ], [ 81.220241352000073, 6.181086543000049 ], [ 81.220225651000078, 6.180973773000062 ], [ 81.22020526600005, 6.180862215000047 ], [ 81.220168041000079, 6.180711734000056 ], [ 81.220155564000038, 6.180653910000046 ], [ 81.220150606000061, 6.180617960000063 ], [ 81.220143137000036, 6.180530103000024 ], [ 81.220135116000051, 6.180486543000029 ], [ 81.220128676000058, 6.180466154000044 ], [ 81.220120593000047, 6.180447636000054 ], [ 81.220082324000032, 6.18038272900003 ], [ 81.220065383000076, 6.180347250000068 ], [ 81.220048210000073, 6.180300441000043 ], [ 81.220034155000064, 6.180248271000039 ], [ 81.220018743000082, 6.180162991000032 ], [ 81.219992475000083, 6.179957832000071 ], [ 81.219982651000066, 6.179905530000042 ], [ 81.219971034000082, 6.179859187000034 ], [ 81.219946329000038, 6.179777263000062 ], [ 81.219919935000064, 6.179696740000054 ], [ 81.219891909000069, 6.179617792000045 ], [ 81.219862295000041, 6.179540553000038 ], [ 81.219831269000053, 6.179465440000058 ], [ 81.219798982000043, 6.179392767000024 ], [ 81.219768207000072, 6.179328977000068 ], [ 81.219732724000039, 6.179260535000026 ], [ 81.219678053000052, 6.179161468000075 ], [ 81.219496365000055, 6.178842934000045 ], [ 81.219447345000049, 6.17876239900005 ], [ 81.219401719000075, 6.178694633000021 ], [ 81.219359471000075, 6.178638746000047 ], [ 81.219308931000057, 6.178578449000042 ], [ 81.219160707000071, 6.178415499000039 ], [ 81.219052523000073, 6.178291397000066 ], [ 81.219001823000042, 6.178236653000056 ], [ 81.218967305000035, 6.178202814000031 ], [ 81.218930372000045, 6.178169970000056 ], [ 81.218824520000055, 6.178084961000025 ], [ 81.218722913000079, 6.178011873000059 ], [ 81.218606824000062, 6.177936662000036 ], [ 81.21852872900007, 6.177889863000075 ], [ 81.218463907000057, 6.177856844000075 ], [ 81.218388698000069, 6.177826582000023 ], [ 81.218309592000082, 6.177801582000029 ], [ 81.218264975000068, 6.177790290000075 ], [ 81.218223796000075, 6.177781761000062 ], [ 81.218184518000044, 6.177776031000064 ], [ 81.218141564000064, 6.177772041000026 ], [ 81.218075542000065, 6.177769125000054 ], [ 81.217931801000077, 6.177767098000061 ], [ 81.217712602000063, 6.177759753000032 ], [ 81.217580894000037, 6.177758039000025 ], [ 81.217466216000048, 6.177760012000022 ], [ 81.217361607000043, 6.177765760000057 ], [ 81.217260989000067, 6.177775662000045 ], [ 81.217146655000079, 6.177791120000052 ], [ 81.21695532800004, 6.177820992000022 ], [ 81.216862626000079, 6.177838112000074 ], [ 81.216764712000042, 6.177859174000048 ], [ 81.216665126000066, 6.177883200000053 ], [ 81.21655471300005, 6.177912204000052 ], [ 81.216182744000037, 6.178017409000063 ], [ 81.216040851000059, 6.178055774000029 ], [ 81.215897809000069, 6.178090663000035 ], [ 81.215768135000076, 6.178117549000035 ], [ 81.215697492000061, 6.178129839000064 ], [ 81.215629041000057, 6.178139936000036 ], [ 81.215565631000061, 6.178147553000031 ], [ 81.215499550000061, 6.178153447000057 ], [ 81.21547903700008, 6.178159047000065 ], [ 81.215435488000082, 6.178177435000066 ], [ 81.215414356000053, 6.178181925000047 ], [ 81.215395842000078, 6.178182547000063 ], [ 81.215351489000057, 6.178180817000055 ], [ 81.215257860000065, 6.178184866000038 ], [ 81.215134662000082, 6.178184299000065 ], [ 81.21504870900003, 6.178188429000045 ], [ 81.214927700000032, 6.178182569000057 ], [ 81.214894078000043, 6.178178710000054 ], [ 81.214865885000052, 6.178171909000071 ], [ 81.214840131000074, 6.178163343000051 ], [ 81.214817345000085, 6.178153132000034 ], [ 81.214798684000073, 6.17814184100007 ], [ 81.214751061000072, 6.178103822000026 ], [ 81.214698331000079, 6.178057264000074 ], [ 81.214633328000048, 6.178014983000025 ], [ 81.21460539900005, 6.177990478000027 ], [ 81.214581900000042, 6.17796590100005 ], [ 81.214558673000056, 6.177934875000062 ], [ 81.214542784000059, 6.177904034000051 ], [ 81.214531884000053, 6.177867191000075 ], [ 81.214526933000059, 6.177827504000049 ], [ 81.214159386000063, 6.178056165000044 ], [ 81.213709791000042, 6.178335869000023 ], [ 81.213687479000043, 6.178452635000042 ], [ 81.213638204000063, 6.178524569000047 ], [ 81.213557464000075, 6.17857401200007 ], [ 81.213485753000043, 6.178614495000033 ], [ 81.213355715000034, 6.178708923000045 ], [ 81.213001388000066, 6.17888881600004 ], [ 81.212637852000057, 6.179049110000051 ], [ 81.212057385000037, 6.179300073000036 ], [ 81.211381405000054, 6.17960288300003 ], [ 81.210790725000038, 6.17984648700002 ], [ 81.21032477600005, 6.180076845000031 ], [ 81.209911183000031, 6.180274347000022 ], [ 81.20949792600004, 6.180544043000054 ], [ 81.209130494000078, 6.180820314000073 ], [ 81.208599152000033, 6.181372688000067 ], [ 81.208330317000048, 6.181793431000074 ], [ 81.208140202000038, 6.182135262000031 ], [ 81.207989505000057, 6.182509914000036 ] ] ], [ [ [ 81.241835929000047, 6.205144829000062 ], [ 81.241852602000051, 6.205179669000074 ], [ 81.24187291700008, 6.205214169000044 ], [ 81.241904103000081, 6.205258548000074 ], [ 81.241943667000044, 6.205306141000051 ], [ 81.241979455000035, 6.205342875000042 ], [ 81.242014184000084, 6.205371872000057 ], [ 81.242045156000074, 6.205391886000029 ], [ 81.242079190000084, 6.205408008000063 ], [ 81.242119390000084, 6.205421777000026 ], [ 81.242166617000066, 6.20543338300007 ], [ 81.242219012000078, 6.205442774000062 ], [ 81.242264544000079, 6.205447445000061 ], [ 81.242316605000042, 6.205448887000045 ], [ 81.242373504000057, 6.20544675900004 ], [ 81.24246475800004, 6.205437838000023 ], [ 81.242498870000077, 6.205432008000059 ], [ 81.242529206000086, 6.205424679000032 ], [ 81.242564543000071, 6.205412717000058 ], [ 81.242601282000066, 6.205397482000024 ], [ 81.242627470000059, 6.205383654000059 ], [ 81.242648966000047, 6.205368745000044 ], [ 81.242667339000036, 6.205351524000037 ], [ 81.242700939000031, 6.205313950000061 ], [ 81.242733729000065, 6.205271637000067 ], [ 81.242766230000029, 6.205220423000071 ], [ 81.242846532000044, 6.205079854000076 ], [ 81.242873286000076, 6.205040542000063 ], [ 81.242900045000056, 6.205007731000023 ], [ 81.242919283000049, 6.20498795900005 ], [ 81.242943970000056, 6.204965977000029 ], [ 81.24299809200005, 6.20492344400003 ], [ 81.243051549000086, 6.204890456000044 ], [ 81.243103124000072, 6.204865719000054 ], [ 81.243143157000077, 6.204851962000021 ], [ 81.243186036000054, 6.204841649000059 ], [ 81.243226511000046, 6.204836100000023 ], [ 81.243263486000046, 6.204835330000037 ], [ 81.243283856000062, 6.204837818000044 ], [ 81.243306181000037, 6.20484291300005 ], [ 81.24339754500005, 6.204873769000073 ], [ 81.243439434000038, 6.204883432000031 ], [ 81.243490300000076, 6.204891072000066 ], [ 81.243539250000083, 6.204896154000039 ], [ 81.243586322000056, 6.204898682000021 ], [ 81.243631532000052, 6.204898659000037 ], [ 81.243705128000045, 6.204894917000047 ], [ 81.243732225000031, 6.204891533000023 ], [ 81.243756439000038, 6.204886773000055 ], [ 81.243785759000048, 6.204878414000063 ], [ 81.243814159000067, 6.204868094000062 ], [ 81.243840336000062, 6.204856253000059 ], [ 81.243863238000074, 6.20484340400003 ], [ 81.243884865000041, 6.204828056000053 ], [ 81.243908783000052, 6.204807861000063 ], [ 81.243958397000085, 6.204761526000027 ], [ 81.243983153000045, 6.204735673000073 ], [ 81.244022499000039, 6.204687612000043 ], [ 81.244108023000081, 6.204571707000071 ], [ 81.244152277000069, 6.204520500000058 ], [ 81.24419584900005, 6.204478141000038 ], [ 81.244232541000031, 6.204444971000044 ], [ 81.244266132000064, 6.204417637000063 ], [ 81.244297601000085, 6.204395336000061 ], [ 81.244341404000068, 6.20436892500004 ], [ 81.244393411000033, 6.204342083000029 ], [ 81.244605933000059, 6.204246176000026 ], [ 81.244671591000042, 6.204219258000023 ], [ 81.244729581000058, 6.204197812000075 ], [ 81.244765334000078, 6.204187220000051 ], [ 81.24485240000007, 6.204164709000054 ], [ 81.244895707000069, 6.204150498000047 ], [ 81.244964432000074, 6.204118574000063 ], [ 81.244985270000029, 6.204106486000057 ], [ 81.24500211600008, 6.204094251000072 ], [ 81.245016871000075, 6.204080402000045 ], [ 81.245032184000081, 6.204062608000072 ], [ 81.24507741900004, 6.203999181000029 ], [ 81.245099156000038, 6.203958798000031 ], [ 81.245146575000035, 6.203856577000067 ], [ 81.245161500000052, 6.203829987000063 ], [ 81.245176767000032, 6.203807343000051 ], [ 81.245195069000033, 6.203785115000073 ], [ 81.245217431000071, 6.203762193000045 ], [ 81.245313230000079, 6.203678916000058 ], [ 81.245351148000054, 6.203640651000057 ], [ 81.245378025000036, 6.20360461000007 ], [ 81.245428740000079, 6.203520701000059 ], [ 81.245452114000045, 6.203490256000066 ], [ 81.245471466000083, 6.203470948000074 ], [ 81.245494853000082, 6.203450669000063 ], [ 81.245519682000065, 6.203431705000071 ], [ 81.245545600000071, 6.203414251000027 ], [ 81.245594109000081, 6.203388075000021 ], [ 81.245662490000029, 6.20335889100005 ], [ 81.245732778000047, 6.20333419800005 ], [ 81.24580058600003, 6.203316561000065 ], [ 81.245866856000077, 6.203305861000047 ], [ 81.245971301000054, 6.203294993000043 ], [ 81.246060791000048, 6.203289674000075 ], [ 81.246151273000066, 6.203286995000042 ], [ 81.24623043400004, 6.203288200000031 ], [ 81.246464241000069, 6.203296695000063 ], [ 81.246526538000069, 6.203296296000076 ], [ 81.246636466000041, 6.203292261000058 ], [ 81.24677, 6.203284087000043 ], [ 81.246901670000057, 6.203272379000055 ], [ 81.24703127500004, 6.203257155000074 ], [ 81.247158646000059, 6.203238436000049 ], [ 81.247250602000065, 6.203222486000072 ], [ 81.247340669000039, 6.203204778000043 ], [ 81.247436654000069, 6.203183586000023 ], [ 81.24753789500005, 6.20315918600005 ], [ 81.247670325000058, 6.203121347000035 ], [ 81.247943151000072, 6.203033039000047 ], [ 81.248061327000073, 6.202997635000031 ], [ 81.24831679700003, 6.202930113000036 ], [ 81.248377726000058, 6.202917407000029 ], [ 81.248432050000076, 6.202909859000044 ], [ 81.248492609000039, 6.20290669600007 ], [ 81.248560391000069, 6.202908237000031 ], [ 81.248637657000074, 6.202914630000066 ], [ 81.248725704000037, 6.202925888000038 ], [ 81.248763307000047, 6.202933657000074 ], [ 81.248804850000056, 6.202944844000058 ], [ 81.248939255000039, 6.202988927000035 ], [ 81.24898797600008, 6.203003367000065 ], [ 81.24903547200006, 6.203014323000048 ], [ 81.249073459000044, 6.203019759000028 ], [ 81.249078890000078, 6.203020536000054 ], [ 81.249150009000061, 6.203023190000067 ], [ 81.249211760000037, 6.203020551000066 ], [ 81.249268037000036, 6.203012380000075 ], [ 81.249344481000037, 6.202995574000056 ], [ 81.249424831000056, 6.202972875000057 ], [ 81.24951847400007, 6.202939740000033 ], [ 81.249650407000047, 6.202887180000062 ], [ 81.249764550000066, 6.202835954000022 ], [ 81.249863816000072, 6.202786204000063 ], [ 81.249960755000075, 6.202732626000056 ], [ 81.25005002100005, 6.202678576000039 ], [ 81.250156771000036, 6.20260868500003 ], [ 81.250180941000053, 6.202589236000051 ], [ 81.250206776000084, 6.202564719000065 ], [ 81.25023109600005, 6.202538041000025 ], [ 81.250252406000072, 6.202510995000068 ], [ 81.250265220000074, 6.20249023100007 ], [ 81.250277084000061, 6.202465889000052 ], [ 81.250317453000036, 6.202356413000075 ], [ 81.250328435000085, 6.202331744000048 ], [ 81.250339990000043, 6.202310685000043 ], [ 81.250371557000051, 6.202262574000031 ], [ 81.25039440200004, 6.202233594000063 ], [ 81.250418645000082, 6.202210749000074 ], [ 81.250449937000042, 6.202188876000037 ], [ 81.250491843000077, 6.202165605000062 ], [ 81.250541204000058, 6.202141993000055 ], [ 81.250571696000065, 6.202131266000038 ], [ 81.25060501400003, 6.202124265000066 ], [ 81.250635582000029, 6.202121383000076 ], [ 81.250661539000077, 6.202123321000045 ], [ 81.250688145000083, 6.202130778000026 ], [ 81.250722708000069, 6.202145520000045 ], [ 81.250746048000053, 6.202158612000062 ], [ 81.250769877000039, 6.202174938000041 ], [ 81.250793673000032, 6.202194018000057 ], [ 81.250821125000073, 6.202218846000051 ], [ 81.250842015000046, 6.202239621000047 ], [ 81.250858293000078, 6.202258405000066 ], [ 81.250871111000038, 6.202276533000031 ], [ 81.250880661000053, 6.202294316000064 ], [ 81.250887973000033, 6.202313962000062 ], [ 81.250893501000064, 6.20233588800005 ], [ 81.250897031000079, 6.202359576000049 ], [ 81.250898024000037, 6.202381244000037 ], [ 81.25089659300005, 6.202401451000071 ], [ 81.250892920000069, 6.202424472000075 ], [ 81.250877133000074, 6.202488526000025 ], [ 81.250865045000069, 6.202522145000046 ], [ 81.25084705900008, 6.202564280000047 ], [ 81.250814071000036, 6.202637085000049 ], [ 81.25078396400005, 6.202697164000028 ], [ 81.250757933000045, 6.202744450000068 ], [ 81.250730479000083, 6.202790431000039 ], [ 81.250702225000055, 6.202834159000076 ], [ 81.250670663000051, 6.202879486000029 ], [ 81.250638742000035, 6.202922455000021 ], [ 81.250608005000061, 6.202960746000031 ], [ 81.250578285000074, 6.202994654000065 ], [ 81.250546308000082, 6.203027877000068 ], [ 81.250510195000061, 6.203062561000024 ], [ 81.250475081000047, 6.203093272000046 ], [ 81.250440369000046, 6.203120514000034 ], [ 81.250406636000037, 6.203143834000059 ], [ 81.250349522000079, 6.203177037000046 ], [ 81.250255545000073, 6.203225015000044 ], [ 81.250181839000049, 6.203258095000024 ], [ 81.25008573000008, 6.203297134000024 ], [ 81.250005199000043, 6.203328485000043 ], [ 81.249933953000038, 6.203353699000047 ], [ 81.249667217000081, 6.203437864000023 ], [ 81.249562684000068, 6.203473681000048 ], [ 81.249405047000039, 6.203534713000067 ], [ 81.249110137000059, 6.20365530600003 ], [ 81.248865333000083, 6.203760555000031 ], [ 81.248297850000085, 6.204013616000054 ], [ 81.248041053000065, 6.204124899000021 ], [ 81.247841018000031, 6.204206874000022 ], [ 81.247403353000038, 6.204377360000024 ], [ 81.247206644000073, 6.204459746000055 ], [ 81.247127214000045, 6.204495784000073 ], [ 81.24704448500006, 6.204536067000049 ], [ 81.24670229000003, 6.204712573000052 ], [ 81.246629763000044, 6.204747330000032 ], [ 81.246562718000064, 6.204777312000033 ], [ 81.24651459200004, 6.204797194000037 ], [ 81.246467205000044, 6.204814472000066 ], [ 81.246259857000041, 6.204881370000066 ], [ 81.246215573000029, 6.204898197000034 ], [ 81.246176067000079, 6.204915396000047 ], [ 81.246144511000068, 6.204931128000055 ], [ 81.246100928000033, 6.204955354000049 ], [ 81.246041220000052, 6.204993419000061 ], [ 81.245982037000033, 6.205038069000068 ], [ 81.245957221000083, 6.20505997600003 ], [ 81.245935139000039, 6.205081989000064 ], [ 81.245893186000046, 6.205132773000059 ], [ 81.245877360000065, 6.205155786000034 ], [ 81.245864703000052, 6.205177610000021 ], [ 81.245853233000048, 6.205202131000021 ], [ 81.245843377000085, 6.205228501000022 ], [ 81.245835317000058, 6.205256236000025 ], [ 81.245829228000048, 6.205284733000042 ], [ 81.245823937000068, 6.205327296000064 ], [ 81.24582306800005, 6.205368854000028 ], [ 81.245826678000071, 6.205407619000027 ], [ 81.245834573000081, 6.205441739000037 ], [ 81.245847454000057, 6.205474547000051 ], [ 81.245866256000056, 6.205509783000025 ], [ 81.245891798000059, 6.205549086000076 ], [ 81.24592831700005, 6.205599088000042 ], [ 81.24595460900008, 6.205630401000064 ], [ 81.245980646000078, 6.205656033000025 ], [ 81.246011354000075, 6.205681220000031 ], [ 81.246014789000071, 6.205683469000064 ], [ 81.246041349000052, 6.205700863000061 ], [ 81.246069268000042, 6.205714431000047 ], [ 81.246101697000086, 6.205726043000027 ], [ 81.246139465000056, 6.205736063000074 ], [ 81.246187946000077, 6.20574593200007 ], [ 81.24622495300008, 6.205750451000029 ], [ 81.246267318000037, 6.205752208000035 ], [ 81.24642661300004, 6.205748245000052 ], [ 81.246511285000054, 6.205741676000059 ], [ 81.246726936000073, 6.20571824600006 ], [ 81.246785397000053, 6.205714500000056 ], [ 81.246859908000033, 6.20571235400007 ], [ 81.247279651000042, 6.205712572000039 ], [ 81.247666399000082, 6.20572186000004 ], [ 81.247758733000069, 6.205722352000066 ], [ 81.24784117300004, 6.205720881000047 ], [ 81.24793264200008, 6.205716394000035 ], [ 81.248017531000073, 6.205708820000041 ], [ 81.24809745400006, 6.205698012000028 ], [ 81.248173225000073, 6.205683855000075 ], [ 81.248245209000061, 6.205666304000033 ], [ 81.248351792000051, 6.205634876000033 ], [ 81.24840641000003, 6.205615075000026 ], [ 81.248412674000065, 6.20561224000005 ], [ 81.248462665000034, 6.205589619000023 ], [ 81.248530594000044, 6.205552867000051 ], [ 81.248605535000081, 6.205505412000036 ], [ 81.24866374800007, 6.205462 ], [ 81.248712909000062, 6.205417828000066 ], [ 81.248740337000072, 6.205388393000021 ], [ 81.24876602300003, 6.205355807000046 ], [ 81.248826223000037, 6.20527004500002 ], [ 81.248858133000056, 6.205220545000032 ], [ 81.248910312000078, 6.205128931000047 ], [ 81.249027267000031, 6.204905265000036 ], [ 81.249060645000043, 6.204847606000044 ], [ 81.249092948000055, 6.204797108000037 ], [ 81.249132263000035, 6.204742948000046 ], [ 81.249203298000054, 6.204656036000074 ], [ 81.249240966000059, 6.204615303000026 ], [ 81.249277957000061, 6.204582137000045 ], [ 81.24932823100005, 6.204543937000039 ], [ 81.249378294000053, 6.204512668000064 ], [ 81.249436960000082, 6.204484405000073 ], [ 81.249491973000033, 6.204463116000056 ], [ 81.249533086000042, 6.20445326600003 ], [ 81.249571647000039, 6.204451151000058 ], [ 81.249594994000063, 6.204452293000031 ], [ 81.249614990000055, 6.204455018000033 ], [ 81.249631924000084, 6.204459368000073 ], [ 81.249645749000081, 6.204465334000076 ], [ 81.249661237000055, 6.204476511000053 ], [ 81.249675531000037, 6.204492293000044 ], [ 81.249688675000073, 6.204512725000029 ], [ 81.24970079700006, 6.204538003000039 ], [ 81.249713549000035, 6.204572964000022 ], [ 81.249726652000049, 6.204618579000055 ], [ 81.249732216000041, 6.204647255000054 ], [ 81.249735662000035, 6.204679604000034 ], [ 81.249737123000045, 6.204718669000044 ], [ 81.24973637800008, 6.204752815000063 ], [ 81.249733286000037, 6.204788149000024 ], [ 81.249727876000065, 6.204823142000066 ], [ 81.249721037000086, 6.204854150000074 ], [ 81.249712427000077, 6.204884173000039 ], [ 81.249688715000048, 6.204951380000068 ], [ 81.249681109000051, 6.204968499000074 ], [ 81.24967489800008, 6.204977887000041 ], [ 81.249667940000052, 6.204984799000044 ], [ 81.249659105000035, 6.204990082000052 ], [ 81.249647905000074, 6.204994284000065 ], [ 81.249632985000062, 6.204997470000023 ], [ 81.249617082000043, 6.204998674000024 ], [ 81.249604117000047, 6.204997932000026 ], [ 81.249591429000077, 6.204994818000046 ], [ 81.249546675000033, 6.204975113000046 ], [ 81.249527117000071, 6.20496382500005 ], [ 81.24950472200004, 6.20494702000002 ], [ 81.249456038000062, 6.204905502000031 ], [ 81.249433461000081, 6.204889481000066 ], [ 81.249413145000062, 6.204879224000024 ], [ 81.249393429000065, 6.20487376400007 ], [ 81.249357093000071, 6.204871511000022 ], [ 81.249331485000084, 6.204874908000022 ], [ 81.249319406000041, 6.204879600000027 ], [ 81.249307014000067, 6.204886570000042 ], [ 81.249284940000052, 6.204905161000056 ], [ 81.249275304000037, 6.204917782000052 ], [ 81.249269106000042, 6.204931761000068 ], [ 81.249256292000041, 6.204992082000047 ], [ 81.24925128600006, 6.205036538000058 ], [ 81.249248796000074, 6.20513694300007 ], [ 81.249244917000055, 6.205181024000069 ], [ 81.249233100000083, 6.205257933000041 ], [ 81.249224146000074, 6.205304599000044 ], [ 81.249213225000062, 6.205346408000025 ], [ 81.249200204000033, 6.205382477000057 ], [ 81.249184193000076, 6.205414580000024 ], [ 81.249162933000036, 6.205444808000038 ], [ 81.249137421000057, 6.205473652000023 ], [ 81.249061672000039, 6.205551032000074 ], [ 81.249043560000075, 6.205573128000026 ], [ 81.249018297000077, 6.20560869600007 ], [ 81.24898431400004, 6.205660658000056 ], [ 81.248952572000064, 6.205714216000047 ], [ 81.248923072000082, 6.205769373000066 ], [ 81.248895811000068, 6.205826128000069 ], [ 81.24888478500003, 6.205840416000058 ], [ 81.248877703000062, 6.205853987000069 ], [ 81.248874564000062, 6.205866848000028 ], [ 81.248875377000047, 6.205878964000021 ], [ 81.248880156000041, 6.205888936000065 ], [ 81.248889662000067, 6.205899870000053 ], [ 81.248907343000042, 6.20591435800003 ], [ 81.248920258000055, 6.205922146000034 ], [ 81.248932389000061, 6.205926463000026 ], [ 81.248946207000074, 6.205929074000039 ], [ 81.248979275000067, 6.205929234000052 ], [ 81.249024174000056, 6.205922053000052 ], [ 81.249057065000045, 6.205914600000028 ], [ 81.249076158000037, 6.20590868000005 ], [ 81.249113304000048, 6.205891705000056 ], [ 81.24915241900004, 6.205866875000027 ], [ 81.249194264000039, 6.205833850000033 ], [ 81.24924500700007, 6.20578778600003 ], [ 81.249258576000045, 6.205772216000071 ], [ 81.249272052000038, 6.205752781000058 ], [ 81.249310839000032, 6.205683468000075 ], [ 81.249325578000082, 6.205659999000034 ], [ 81.249341723000043, 6.205639828000074 ], [ 81.249358597000082, 6.205624792000037 ], [ 81.249373186000071, 6.205615989000023 ], [ 81.249394430000052, 6.205607305000058 ], [ 81.249416778000068, 6.205600574000073 ], [ 81.249436252000066, 6.205597172000068 ], [ 81.249448418000043, 6.20559743900003 ], [ 81.249459880000074, 6.205600380000021 ], [ 81.249470709000036, 6.205606008000075 ], [ 81.249481002000039, 6.205614375000039 ], [ 81.24949429600008, 6.205630259000031 ], [ 81.249507281000035, 6.205651915000033 ], [ 81.249520643000039, 6.205680369000049 ], [ 81.249561896000046, 6.205779065000058 ], [ 81.249577544000033, 6.205807468000046 ], [ 81.249593653000034, 6.20582915600005 ], [ 81.249609736000082, 6.205844188000071 ], [ 81.249635724000029, 6.205861695000067 ], [ 81.249729013000035, 6.205909212000051 ], [ 81.249764482000046, 6.205930766000051 ], [ 81.24983297600005, 6.205979833000072 ], [ 81.24988875400004, 6.206026895000036 ], [ 81.249932620000038, 6.206072268000071 ], [ 81.249972494000076, 6.20612370300006 ], [ 81.250008601000047, 6.206181479000065 ], [ 81.250040419000072, 6.206244813000069 ], [ 81.25006301500008, 6.206300301000056 ], [ 81.25008224100003, 6.206358452000075 ], [ 81.250097898000035, 6.206418650000046 ], [ 81.250109796000061, 6.206480185000032 ], [ 81.250117556000077, 6.206539901000042 ], [ 81.250121614000079, 6.206599425000036 ], [ 81.250122102000034, 6.206649883000068 ], [ 81.250119177000045, 6.206734318000031 ], [ 81.250115535000077, 6.206764020000037 ], [ 81.250111921000041, 6.206775779000054 ], [ 81.250107298000046, 6.206785 ], [ 81.250100678000081, 6.206793112000071 ], [ 81.250091498000074, 6.206801004000056 ], [ 81.250044582000044, 6.206829740000046 ], [ 81.250027422000073, 6.20684465100004 ], [ 81.250020966000079, 6.20685465300005 ], [ 81.250013828000078, 6.206873561000066 ], [ 81.250010243000077, 6.206888913000057 ], [ 81.25000968900008, 6.20690201900004 ], [ 81.250012138000045, 6.206913382000039 ], [ 81.250017998000033, 6.206926219000025 ], [ 81.250031608000086, 6.206947271000047 ], [ 81.250040965000039, 6.206958450000059 ], [ 81.25005218900003, 6.206968517000064 ], [ 81.250065617000075, 6.206977875000064 ], [ 81.250100364000048, 6.206995294000023 ], [ 81.250178167000058, 6.207024576000038 ], [ 81.250213993000045, 6.207036317000075 ], [ 81.250257358000056, 6.207047135000039 ], [ 81.250297087000035, 6.207053104000067 ], [ 81.250329945000033, 6.207053629000029 ], [ 81.250363152000034, 6.207049147000021 ], [ 81.25039679200006, 6.207039648000034 ], [ 81.250431, 6.207025096000052 ], [ 81.250466010000082, 6.20700537700003 ], [ 81.250502012000084, 6.206980368000075 ], [ 81.250539353000079, 6.206949837000025 ], [ 81.250578777000044, 6.206913177000047 ], [ 81.250639694000085, 6.20684956100007 ], [ 81.250762928000086, 6.206711153000072 ], [ 81.250807851000047, 6.206665156000042 ], [ 81.250820180000062, 6.206649776000063 ], [ 81.250829138000086, 6.206634543000064 ], [ 81.250837487000069, 6.206615085000067 ], [ 81.250844161000032, 6.206593360000056 ], [ 81.250849032000076, 6.206569640000055 ], [ 81.250851644000079, 6.206546182000068 ], [ 81.250852029000043, 6.206522822000068 ], [ 81.250850230000083, 6.206500021000068 ], [ 81.250846372000069, 6.206478807000053 ], [ 81.250840291000031, 6.206458333000057 ], [ 81.250831912000081, 6.206437851000032 ], [ 81.250821445000042, 6.20641773400007 ], [ 81.25080960400004, 6.206399221000027 ], [ 81.250796987000058, 6.206383484000071 ], [ 81.25078153000004, 6.206367758000056 ], [ 81.250763365000068, 6.206352250000066 ], [ 81.250718301000063, 6.206321395000032 ], [ 81.250676242000054, 6.206299027000057 ], [ 81.250632341000085, 6.206281980000028 ], [ 81.250589149000064, 6.206271225000023 ], [ 81.250548295000044, 6.206267159000049 ], [ 81.250524880000057, 6.206267762000039 ], [ 81.250500311000053, 6.206270390000043 ], [ 81.250448711000047, 6.206281601000057 ], [ 81.250413049000031, 6.206293581000068 ], [ 81.250372886000036, 6.206316122000032 ], [ 81.250354848000029, 6.206322527000054 ], [ 81.250334422000037, 6.206324590000065 ], [ 81.250319522000041, 6.206323901000076 ], [ 81.250308332000031, 6.206320445000074 ], [ 81.250299836000067, 6.206313787000056 ], [ 81.250283400000058, 6.206291701000055 ], [ 81.250275939000062, 6.206278178000048 ], [ 81.250269981000031, 6.206260274000044 ], [ 81.250266972000077, 6.206239898000035 ], [ 81.25026665200005, 6.206220701000063 ], [ 81.250268289000076, 6.206198547000042 ], [ 81.250282725000034, 6.206096067000033 ], [ 81.250283237000076, 6.206070494000073 ], [ 81.250280771000064, 6.206048284000076 ], [ 81.250275509000062, 6.206029329000046 ], [ 81.250261162000072, 6.205995968000025 ], [ 81.250245016000065, 6.205965544000037 ], [ 81.250228424000056, 6.205939667000052 ], [ 81.250198708000084, 6.205904922000059 ], [ 81.250157675000082, 6.205867787000045 ], [ 81.250023463000048, 6.205759721000049 ], [ 81.249875588000066, 6.205655185000069 ], [ 81.249822577000032, 6.205615180000052 ], [ 81.249781301000041, 6.205580007000037 ], [ 81.249687578000078, 6.205491787000028 ], [ 81.249652567000055, 6.205455995000023 ], [ 81.249622690000081, 6.205422627000075 ], [ 81.249596711000038, 6.205390295000029 ], [ 81.249574216000042, 6.205358476000072 ], [ 81.249542894000058, 6.205308390000027 ], [ 81.249535153000068, 6.20529356000003 ], [ 81.249529353000071, 6.20527149000003 ], [ 81.249527912000076, 6.205249064000043 ], [ 81.249531098000034, 6.205234596000025 ], [ 81.249539626000058, 6.205222193000054 ], [ 81.249554911000075, 6.205209736000029 ], [ 81.249571845000048, 6.205202018000023 ], [ 81.249584283000047, 6.205200752000053 ], [ 81.249600777000069, 6.205202510000049 ], [ 81.24963445000003, 6.205208647000063 ], [ 81.249657198000079, 6.205216337000024 ], [ 81.249685832000068, 6.205232227000067 ], [ 81.249715062000064, 6.205255518000058 ], [ 81.249744374000045, 6.205284997000035 ], [ 81.24980167700005, 6.205350377000059 ], [ 81.249826738000081, 6.205376934000071 ], [ 81.249854392000032, 6.205401766000023 ], [ 81.249880964000056, 6.205420126000035 ], [ 81.249908859000072, 6.205433483000036 ], [ 81.249942589000057, 6.205444311000065 ], [ 81.249977560000048, 6.205452037000043 ], [ 81.250071736000052, 6.205468716000041 ], [ 81.250098837000053, 6.205475479000029 ], [ 81.250122367000074, 6.205483300000026 ], [ 81.250143035000065, 6.20549236100004 ], [ 81.250159503000077, 6.205501894000065 ], [ 81.250203455000076, 6.205538445000059 ], [ 81.250217941000074, 6.205548868000051 ], [ 81.250231474000032, 6.20555575700007 ], [ 81.250244855000062, 6.205559369000071 ], [ 81.250275301000045, 6.205560560000038 ], [ 81.250310760000048, 6.205554836000033 ], [ 81.250343985000029, 6.205544045000067 ], [ 81.250373825000054, 6.205527735000032 ], [ 81.250403499000072, 6.205504376000022 ], [ 81.250430501000039, 6.205475714000045 ], [ 81.250452224000071, 6.205444846000034 ], [ 81.250469759000055, 6.205410073000053 ], [ 81.250477690000082, 6.205387863000055 ], [ 81.250480783000057, 6.205374466000023 ], [ 81.250482565000084, 6.205366752000032 ], [ 81.250484993000043, 6.205342611000049 ], [ 81.250484665000045, 6.205318479000027 ], [ 81.250482126000065, 6.205300203000036 ], [ 81.250477778000061, 6.205287987000077 ], [ 81.250470025000084, 6.205276949000051 ], [ 81.250459012000078, 6.205267982000066 ], [ 81.250436259000082, 6.205258232000062 ], [ 81.250404870000068, 6.205252397000038 ], [ 81.25037072300006, 6.20525013300005 ], [ 81.250275119000037, 6.205248053000048 ], [ 81.250248517000045, 6.205245747000049 ], [ 81.250225908000061, 6.205242080000062 ], [ 81.250200230000075, 6.205234713000038 ], [ 81.250162986000078, 6.20521805900006 ], [ 81.250146570000084, 6.205209215000025 ], [ 81.250135645000057, 6.205200156000046 ], [ 81.250129092000066, 6.205190959000049 ], [ 81.250124156000084, 6.20517948600002 ], [ 81.250120761000062, 6.205165581000074 ], [ 81.250118765000082, 6.205148679000047 ], [ 81.250117661000047, 6.205077359000029 ], [ 81.250123142000064, 6.205026240000052 ], [ 81.250136677000057, 6.204968723000036 ], [ 81.25016056700008, 6.20490961400003 ], [ 81.250167745000056, 6.204884366000044 ], [ 81.250171558000034, 6.204851552000036 ], [ 81.250173940000082, 6.204766355000061 ], [ 81.250177075000067, 6.204745511000056 ], [ 81.250184887000046, 6.204713773000037 ], [ 81.250201115000038, 6.204663604000075 ], [ 81.250234985000077, 6.204573427000071 ], [ 81.250251400000082, 6.204537627000036 ], [ 81.250268659000085, 6.204509044000076 ], [ 81.250298574000055, 6.204472868000039 ], [ 81.250348105000057, 6.204424619000065 ], [ 81.250392113000032, 6.204386124000052 ], [ 81.250435402000051, 6.204353446000027 ], [ 81.250463312000079, 6.204335875000027 ], [ 81.250495943000033, 6.204319277000025 ], [ 81.250605151000059, 6.204274677000058 ], [ 81.250642052000046, 6.204257896000058 ], [ 81.250700928000072, 6.204225797000049 ], [ 81.250753931000077, 6.204194571000073 ], [ 81.25081186400007, 6.204156409000063 ], [ 81.250871792000055, 6.204111096000076 ], [ 81.250915417000044, 6.204073512000036 ], [ 81.250955688000033, 6.204032596000047 ], [ 81.250990010000066, 6.203992006000021 ], [ 81.25101773800003, 6.203952497000046 ], [ 81.251044273000048, 6.20390592800004 ], [ 81.251075032000074, 6.203842982000026 ], [ 81.251099879000037, 6.203781439000068 ], [ 81.251146999000071, 6.203648889000021 ], [ 81.251174331000072, 6.203567326000041 ], [ 81.251195994000057, 6.203495565000026 ], [ 81.251210700000058, 6.203440052000076 ], [ 81.251223597000035, 6.203383379000059 ], [ 81.251259789000073, 6.203195135000044 ], [ 81.251284612000063, 6.20303296000003 ], [ 81.251305587000047, 6.202857494000057 ], [ 81.251317132000054, 6.202737624000065 ], [ 81.251327761000084, 6.202606736000064 ], [ 81.251352078000082, 6.202235034000068 ], [ 81.251361392000035, 6.202047209000057 ], [ 81.251363830000059, 6.201894351000021 ], [ 81.251360972000043, 6.201780548000045 ], [ 81.251352095000072, 6.201641301000052 ], [ 81.251345313000058, 6.201591059000066 ], [ 81.251331920000041, 6.201535594000063 ], [ 81.251319809000051, 6.201497266000047 ], [ 81.251304566000044, 6.201455577000047 ], [ 81.251279375000081, 6.201391690000037 ], [ 81.251263198000061, 6.201358054000025 ], [ 81.251249349000034, 6.201336276000063 ], [ 81.251220732000036, 6.201299971000026 ], [ 81.251202102000036, 6.201281978000054 ], [ 81.251183867000066, 6.201269968000076 ], [ 81.251165703000083, 6.201263164000068 ], [ 81.251142899000058, 6.201258814000028 ], [ 81.25110559500007, 6.201256092000051 ], [ 81.251081534000036, 6.201257025000075 ], [ 81.251039061000085, 6.201264791000028 ], [ 81.250922122000077, 6.201296401000036 ], [ 81.250832948000038, 6.201324037000063 ], [ 81.250748005000048, 6.20135613900004 ], [ 81.250665359000038, 6.201393535000022 ], [ 81.250582640000061, 6.201437180000028 ], [ 81.250512943000047, 6.20147883900006 ], [ 81.250446715000066, 6.201522933000035 ], [ 81.250384206000035, 6.201569364000022 ], [ 81.250328581000076, 6.201615749000041 ], [ 81.250296753000043, 6.201646857000071 ], [ 81.25026353700008, 6.201683605000028 ], [ 81.250148495000076, 6.201827103000028 ], [ 81.25009848600007, 6.201883815000031 ], [ 81.250060185000052, 6.201921120000065 ], [ 81.250005080000051, 6.20197141400007 ], [ 81.249967983000033, 6.202002354000058 ], [ 81.249933475000034, 6.202027982000061 ], [ 81.249874780000084, 6.202065440000069 ], [ 81.24976236200007, 6.202129867000053 ], [ 81.249682696000036, 6.202173072000051 ], [ 81.249600266000073, 6.20221487200007 ], [ 81.249508847000072, 6.202258113000028 ], [ 81.249400852000065, 6.202305958000068 ], [ 81.249392427000032, 6.20230969000005 ], [ 81.249318437000056, 6.202339280000047 ], [ 81.249252272000035, 6.202362015000062 ], [ 81.24917343900006, 6.20238407100004 ], [ 81.249080164000077, 6.202405316000068 ], [ 81.248898568000072, 6.202440851000063 ], [ 81.24877549200005, 6.202461544000073 ], [ 81.248630192000064, 6.202481487000057 ], [ 81.248467830000038, 6.202499418000059 ], [ 81.248320319000072, 6.202512965000039 ], [ 81.24818864100007, 6.202520380000067 ], [ 81.248132246000068, 6.202525488000049 ], [ 81.248040701000036, 6.202540292000037 ], [ 81.247944950000033, 6.20256173000007 ], [ 81.247877127000038, 6.20257979400003 ], [ 81.247818351000035, 6.20259788900006 ], [ 81.247765284000081, 6.202617047000047 ], [ 81.247716984000078, 6.202637627000058 ], [ 81.247689090000051, 6.202651698000068 ], [ 81.247659584000075, 6.20266930300005 ], [ 81.247552010000049, 6.202743996000038 ], [ 81.247505456000056, 6.202772484000036 ], [ 81.247407744000043, 6.202820057000054 ], [ 81.247376014000054, 6.202831700000047 ], [ 81.247347062000074, 6.202838786000029 ], [ 81.247323046000076, 6.202841726000031 ], [ 81.247294565000061, 6.202842762000046 ], [ 81.247215549000032, 6.202841724000052 ], [ 81.247174545000064, 6.20283964500004 ], [ 81.247101953000083, 6.202832045000036 ], [ 81.24691733800006, 6.20280622000007 ], [ 81.246866499000078, 6.202801694000073 ], [ 81.246810468000035, 6.202799338000034 ], [ 81.246718676000057, 6.202798120000068 ], [ 81.246625194000046, 6.202799814000059 ], [ 81.246530114000052, 6.202804419000074 ], [ 81.246433550000063, 6.202811928000074 ], [ 81.246320296000079, 6.202824209000028 ], [ 81.24620457900005, 6.20284043700002 ], [ 81.246087780000039, 6.202859853000064 ], [ 81.245994491000033, 6.202879242000051 ], [ 81.245914965000054, 6.202900173000046 ], [ 81.245831732000056, 6.202926478000052 ], [ 81.245745920000047, 6.20295780400005 ], [ 81.245656521000058, 6.20299449700002 ], [ 81.245534847000044, 6.203049928000041 ], [ 81.245447738000053, 6.203095746000031 ], [ 81.245372535000058, 6.203143473000068 ], [ 81.245260366000082, 6.203223372000025 ], [ 81.245199447000061, 6.203273456000034 ], [ 81.24513431500003, 6.203332987000067 ], [ 81.245073742000045, 6.203392507000046 ], [ 81.244929940000077, 6.203538579000053 ], [ 81.244854437000072, 6.203610719000039 ], [ 81.244778051000083, 6.203676079000047 ], [ 81.244741328000032, 6.203704149000032 ], [ 81.244705036000084, 6.203729573000032 ], [ 81.244666267000071, 6.203754127000025 ], [ 81.244614659000035, 6.203783660000056 ], [ 81.244571523000047, 6.203806783000061 ], [ 81.24453651400006, 6.203823496000041 ], [ 81.244486223000081, 6.203841631000046 ], [ 81.24436937400003, 6.203875132000064 ], [ 81.244318775000067, 6.203894927000022 ], [ 81.244254844000068, 6.203930312000068 ], [ 81.244198066000081, 6.203969051000058 ], [ 81.244157435000034, 6.20400191300007 ], [ 81.244120467000073, 6.204036297000073 ], [ 81.244087685000068, 6.204071719000069 ], [ 81.244059431000039, 6.204107803000056 ], [ 81.244046299000047, 6.204128683000022 ], [ 81.244033889000036, 6.204153303000055 ], [ 81.243995813000083, 6.204249246000074 ], [ 81.243977526000037, 6.204287307000072 ], [ 81.243964777000031, 6.204307784000036 ], [ 81.243940343000077, 6.204342245000021 ], [ 81.243923131000031, 6.204363514000022 ], [ 81.243906209000045, 6.204381405000049 ], [ 81.243881205000037, 6.204403455000033 ], [ 81.243851459000041, 6.204425471000036 ], [ 81.243814581000038, 6.204449111000031 ], [ 81.243770304000066, 6.204474634000064 ], [ 81.243734849000077, 6.204492317000074 ], [ 81.243696937000038, 6.204508750000059 ], [ 81.243656762000057, 6.204523858000073 ], [ 81.243613745000061, 6.204537857000048 ], [ 81.243536553000069, 6.204558281000061 ], [ 81.243502513000067, 6.204564610000034 ], [ 81.243470486000035, 6.204568562000077 ], [ 81.243426964000037, 6.204570862000025 ], [ 81.243389638000053, 6.204570789000059 ], [ 81.243357470000035, 6.204568294000069 ], [ 81.243328767000037, 6.204563290000067 ], [ 81.243307720000075, 6.204557313000066 ], [ 81.243284207000045, 6.204548101000057 ], [ 81.243169173000069, 6.204494152000052 ], [ 81.243086270000049, 6.204448748000061 ], [ 81.24300162000003, 6.204396273000043 ], [ 81.242898297000067, 6.204324489000044 ], [ 81.242807228000061, 6.204256412000063 ], [ 81.242762189000075, 6.204220742000075 ], [ 81.242732572000079, 6.204194948000065 ], [ 81.242706875000067, 6.204170032000036 ], [ 81.242662174000031, 6.204121138000062 ], [ 81.242643101000056, 6.204098095000063 ], [ 81.242628652000064, 6.204076303000022 ], [ 81.242618649000065, 6.204054819000021 ], [ 81.242610015000082, 6.204027196000027 ], [ 81.24260448800004, 6.203997626000046 ], [ 81.242602439000052, 6.203970015000039 ], [ 81.242603596000038, 6.203943087000027 ], [ 81.242608051000047, 6.203913939000074 ], [ 81.242615656000055, 6.203884330000051 ], [ 81.242630976000044, 6.203845842000021 ], [ 81.241921580000053, 6.203592275000062 ], [ 81.241902172000039, 6.203638767000029 ], [ 81.241887117000033, 6.203664669000034 ], [ 81.241867285000069, 6.203691981000077 ], [ 81.241793700000073, 6.203776072000039 ], [ 81.241769035000061, 6.203807117000053 ], [ 81.241748893000079, 6.203838597000072 ], [ 81.241734640000061, 6.203869739000027 ], [ 81.241716858000075, 6.203923246000045 ], [ 81.241701420000084, 6.203985786000032 ], [ 81.241692364000073, 6.204040503000044 ], [ 81.241683584000043, 6.204119042000059 ], [ 81.241678132000061, 6.20421701500004 ], [ 81.241679156000032, 6.20432485200007 ], [ 81.241686681000033, 6.204447701000049 ], [ 81.241701491000072, 6.204599662000021 ], [ 81.24171735300007, 6.204719014000034 ], [ 81.241736324000044, 6.204825776000064 ], [ 81.241759085000069, 6.204923751000024 ], [ 81.241785968000045, 6.205014279000068 ], [ 81.24180506600004, 6.205067713000062 ], [ 81.241835929000047, 6.205144829000062 ] ] ], [ [ [ 81.361366009000051, 6.233148185000061 ], [ 81.361240691000035, 6.233110531000023 ], [ 81.361113918000058, 6.23308787700006 ], [ 81.360918559000083, 6.233052966000059 ], [ 81.360758720000035, 6.233008571000028 ], [ 81.360507127000062, 6.232909189000054 ], [ 81.359915673000046, 6.232631670000046 ], [ 81.359375304000082, 6.232430886000031 ], [ 81.358621305000042, 6.232185772000037 ], [ 81.358417879000058, 6.232133163000071 ], [ 81.357747283000037, 6.231959741000026 ], [ 81.35744203400003, 6.231872403000068 ], [ 81.357250147000059, 6.231807701000037 ], [ 81.357218501000034, 6.231797030000052 ], [ 81.356869139000082, 6.231654989000049 ], [ 81.356709348000038, 6.231600419000074 ], [ 81.356508724000037, 6.231549202000053 ], [ 81.356290347000083, 6.231507760000056 ], [ 81.355875893000075, 6.231450435000056 ], [ 81.355784401000051, 6.231451446000051 ], [ 81.355716476000055, 6.23146960300005 ], [ 81.355663462000052, 6.231494114000043 ], [ 81.355619715000046, 6.231528800000035 ], [ 81.355580810000049, 6.231575383000063 ], [ 81.355552973000044, 6.231626542000072 ], [ 81.35553679800006, 6.231682587000023 ], [ 81.355532302000086, 6.231743657000038 ], [ 81.355539543000077, 6.23180959900003 ], [ 81.355543723000039, 6.231849659000034 ], [ 81.355550626000081, 6.231889120000062 ], [ 81.35555722600003, 6.231915319000052 ], [ 81.35557514900006, 6.231972534000022 ], [ 81.355587280000066, 6.232020495000029 ], [ 81.355600496000079, 6.23208377800006 ], [ 81.355611598000053, 6.23215106300006 ], [ 81.355626117000043, 6.232277974000056 ], [ 81.355635378000045, 6.232414471000027 ], [ 81.355636387000061, 6.232429342000046 ], [ 81.355646172000036, 6.232544450000034 ], [ 81.355644755000071, 6.232592508000039 ], [ 81.355641615000081, 6.232613650000076 ], [ 81.355636855000057, 6.232632955000042 ], [ 81.35562503400007, 6.232661515000075 ], [ 81.355588494000074, 6.23272976100003 ], [ 81.35558149600007, 6.232748094000044 ], [ 81.355576153000072, 6.232769350000069 ], [ 81.355572003000077, 6.232797025000025 ], [ 81.355570387000057, 6.232826901000067 ], [ 81.355571277000081, 6.232859390000044 ], [ 81.355574699000044, 6.232895548000045 ], [ 81.355581469000072, 6.232941246000053 ], [ 81.355601704000037, 6.233056044000023 ], [ 81.355620707000071, 6.233140449000075 ], [ 81.355640709000056, 6.233212940000044 ], [ 81.355663123000056, 6.233286421000059 ], [ 81.355679283000029, 6.233329209000033 ], [ 81.355722125000057, 6.233432793000077 ], [ 81.355740942000068, 6.233487462000028 ], [ 81.355748639000069, 6.23351750300003 ], [ 81.355754402000059, 6.233549215000039 ], [ 81.355759257000045, 6.233586690000038 ], [ 81.355762383000069, 6.233625461000031 ], [ 81.355763811000031, 6.233685880000053 ], [ 81.355761315000052, 6.233748605000073 ], [ 81.355754914000045, 6.233813149000071 ], [ 81.355744675000039, 6.23387880100006 ], [ 81.355731761000072, 6.233939664000047 ], [ 81.355715359000044, 6.233999681000057 ], [ 81.355695382000079, 6.234059174000038 ], [ 81.355671848000043, 6.234118079000041 ], [ 81.355686668000033, 6.234170557000027 ], [ 81.355690640000034, 6.234331246000067 ], [ 81.35569466100003, 6.234534076000045 ], [ 81.35573333800005, 6.234943590000057 ], [ 81.355802616000062, 6.235322323000048 ], [ 81.355833639000082, 6.235674423000034 ], [ 81.35581914100004, 6.23579888200004 ], [ 81.355810903000076, 6.235869595000054 ], [ 81.355725435000068, 6.236041127000021 ], [ 81.35571550700007, 6.236061051000036 ], [ 81.355642949000071, 6.236202744000025 ], [ 81.355578127000058, 6.236367398000027 ], [ 81.355547757000068, 6.23652432800003 ], [ 81.355543331000035, 6.236682534000067 ], [ 81.355540369000039, 6.236788391000061 ], [ 81.355597963000037, 6.236979676000033 ], [ 81.355720449000046, 6.237098185000036 ], [ 81.355766482000035, 6.237124433000076 ], [ 81.355827602000033, 6.237159287000054 ], [ 81.355946205000066, 6.237197407000053 ], [ 81.356091462000052, 6.237204933000044 ], [ 81.35620246700006, 6.237181841000051 ], [ 81.356301763000033, 6.237086115000068 ], [ 81.356523243000083, 6.236833239000021 ], [ 81.356660796000085, 6.236683787000061 ], [ 81.356752417000052, 6.236511447000055 ], [ 81.356769098000029, 6.236476271000072 ], [ 81.356866763000085, 6.236270294000064 ], [ 81.35707295800006, 6.235952386000065 ], [ 81.357244813000079, 6.235688139000047 ], [ 81.357363221000071, 6.235550193000051 ], [ 81.357565669000053, 6.235331852000058 ], [ 81.357672600000058, 6.235194008000065 ], [ 81.35775659400008, 6.235071382000058 ], [ 81.357785704000037, 6.23503568700005 ], [ 81.357894035000072, 6.234902849000036 ], [ 81.358027655000058, 6.234711411000035 ], [ 81.358127037000031, 6.234611767000047 ], [ 81.358211125000082, 6.234573422000039 ], [ 81.358318242000053, 6.234603868000022 ], [ 81.358420653000053, 6.234653154000057 ], [ 81.358532525000044, 6.234706992000042 ], [ 81.35875440500007, 6.234817702000043 ], [ 81.358987914000068, 6.234982023000043 ], [ 81.359156268000049, 6.235119591000057 ], [ 81.359324765000054, 6.235276358000021 ], [ 81.359531404000052, 6.235413853000068 ], [ 81.359692241000062, 6.235562974000061 ], [ 81.359898949000069, 6.235761688000025 ], [ 81.36013624800006, 6.235922208000034 ], [ 81.360419385000057, 6.236101756000039 ], [ 81.360649085000034, 6.236254597000027 ], [ 81.36083655200008, 6.236376829000051 ], [ 81.360930100000076, 6.236461742000074 ], [ 81.360962920000077, 6.236491534000038 ], [ 81.360992054000064, 6.236523358000056 ], [ 81.36108841600003, 6.236478498000054 ], [ 81.361117697000054, 6.236472072000026 ], [ 81.361155434000068, 6.236463793000041 ], [ 81.361253312000031, 6.236476 ], [ 81.361343770000076, 6.236511260000043 ], [ 81.361778584000035, 6.236785053000062 ], [ 81.36235603700004, 6.237172083000075 ], [ 81.362630841000055, 6.237341498000035 ], [ 81.363049167000042, 6.237642147000031 ], [ 81.363227514000073, 6.237743564000027 ], [ 81.363283655000032, 6.237756712000021 ], [ 81.363350883000066, 6.237741583000059 ], [ 81.363449551000031, 6.237691441000038 ], [ 81.36351131300006, 6.237635480000051 ], [ 81.363541733000034, 6.237559388000022 ], [ 81.363574246000042, 6.237349165000069 ], [ 81.363577698000086, 6.237190904000045 ], [ 81.363561304000029, 6.236965070000053 ], [ 81.363543653000079, 6.236859982000055 ], [ 81.363507915000071, 6.236736986000039 ], [ 81.363481728000068, 6.236683803000062 ], [ 81.363407343000063, 6.236582500000054 ], [ 81.363380432000042, 6.236503976000051 ], [ 81.363351333000082, 6.236352690000047 ], [ 81.363331359000085, 6.236198794000074 ], [ 81.36331304600003, 6.236002068000062 ], [ 81.363306343000033, 6.235834554000064 ], [ 81.363312515000075, 6.235612297000046 ], [ 81.363329953000061, 6.235463201000073 ], [ 81.363355427000045, 6.235358478000023 ], [ 81.36339616600003, 6.235238711000022 ], [ 81.363495790000059, 6.235024297000052 ], [ 81.363502204000042, 6.234950751000042 ], [ 81.363489894000054, 6.234844394000049 ], [ 81.363445563000084, 6.234692090000067 ], [ 81.363410005000048, 6.234615050000059 ], [ 81.36337306300004, 6.234555076000049 ], [ 81.363061267000035, 6.234150395000029 ], [ 81.362964484000031, 6.234041772000069 ], [ 81.362871320000067, 6.233953051000071 ], [ 81.362785372000076, 6.233885615000077 ], [ 81.362682620000044, 6.233818622000058 ], [ 81.362304091000055, 6.233611177000057 ], [ 81.361485090000031, 6.233200942000053 ], [ 81.361366009000051, 6.233148185000061 ] ] ], [ [ [ 81.402826520000076, 6.255941884000038 ], [ 81.402735703000076, 6.256136674000061 ], [ 81.40270552800007, 6.256195265000031 ], [ 81.402680020000048, 6.256235314000037 ], [ 81.402654699000038, 6.256265951000046 ], [ 81.402624076000052, 6.256292733000066 ], [ 81.40255185500007, 6.256344186000035 ], [ 81.402522318000081, 6.256368317000067 ], [ 81.402492805000065, 6.256400463000034 ], [ 81.402458869000043, 6.256446056000073 ], [ 81.40243954400006, 6.256476270000064 ], [ 81.402421961000073, 6.256507350000049 ], [ 81.402406345000031, 6.25653890500007 ], [ 81.402392875000032, 6.256570568000029 ], [ 81.402380513000082, 6.25660520100007 ], [ 81.402369935000081, 6.256640826000023 ], [ 81.40236141500003, 6.256676523000067 ], [ 81.402355072000034, 6.25671178500005 ], [ 81.402350221000063, 6.256756048000057 ], [ 81.402349246000085, 6.256798024000034 ], [ 81.402352300000075, 6.256838200000061 ], [ 81.40235879100004, 6.256867599000032 ], [ 81.402369786000065, 6.25689686100003 ], [ 81.402385883000079, 6.256928384000048 ], [ 81.402406093000081, 6.256961194000041 ], [ 81.402468740000074, 6.257054998000058 ], [ 81.402485698000078, 6.257085034000056 ], [ 81.402498326000057, 6.25711263900007 ], [ 81.40251051100006, 6.257150784000032 ], [ 81.402521863000061, 6.257200516000069 ], [ 81.402530553000076, 6.257254003000071 ], [ 81.402537708000068, 6.257317027000056 ], [ 81.402553791000059, 6.257510807000074 ], [ 81.402554144000078, 6.257559160000028 ], [ 81.402550432000055, 6.257601302000069 ], [ 81.402538499000059, 6.257657163000033 ], [ 81.402518838000049, 6.257717526000022 ], [ 81.40249310400003, 6.257778207000058 ], [ 81.402462354000079, 6.257835664000027 ], [ 81.40245361500007, 6.25786834400003 ], [ 81.40244963400005, 6.257900348000021 ], [ 81.402450462000047, 6.257932166000046 ], [ 81.40245599800005, 6.257961330000057 ], [ 81.402462472000082, 6.257980960000054 ], [ 81.40247116900008, 6.258001138000054 ], [ 81.402494469000032, 6.258041500000047 ], [ 81.402509019000036, 6.258057396000027 ], [ 81.402551466000034, 6.258093166000037 ], [ 81.402560891000064, 6.258104691000028 ], [ 81.402567003000058, 6.258116493000045 ], [ 81.402572846000055, 6.258137843000043 ], [ 81.402588913000045, 6.258225290000041 ], [ 81.402595793000046, 6.258278768000025 ], [ 81.402599501000054, 6.25833127900006 ], [ 81.402598683000065, 6.258399098000041 ], [ 81.40259568700003, 6.258430600000054 ], [ 81.40259066200008, 6.258459878000053 ], [ 81.402574813000058, 6.25851551300002 ], [ 81.402540467000051, 6.258607424000047 ], [ 81.40251806100008, 6.258682237000073 ], [ 81.402507141000058, 6.258728462000022 ], [ 81.402497633000053, 6.258777529000042 ], [ 81.402491504000068, 6.258817122000039 ], [ 81.402486984000063, 6.258859661000031 ], [ 81.402483471000039, 6.258918168000037 ], [ 81.402482252000084, 6.258981635000055 ], [ 81.402482872000064, 6.259048804000031 ], [ 81.402485517000059, 6.259115939000026 ], [ 81.402489648000085, 6.259169786000029 ], [ 81.402495951000049, 6.259222828000077 ], [ 81.402503964000061, 6.259270779000076 ], [ 81.402514542000063, 6.25931765100006 ], [ 81.402535913000065, 6.259389011000053 ], [ 81.402579772000081, 6.259514509000041 ], [ 81.402617794000037, 6.259636057000023 ], [ 81.402641052000035, 6.259694753000076 ], [ 81.402667546000032, 6.259744176000027 ], [ 81.402692970000032, 6.259782448000067 ], [ 81.40274607200007, 6.259853989000021 ], [ 81.402779270000053, 6.259895941000025 ], [ 81.402810030000069, 6.25993115600005 ], [ 81.402838664000058, 6.259958542000049 ], [ 81.402889951000077, 6.260002550000024 ], [ 81.402952599000059, 6.260060509000027 ], [ 81.402993822000042, 6.260094612000046 ], [ 81.403027809000037, 6.260118537000039 ], [ 81.40304158400005, 6.260131178000051 ], [ 81.40304962600004, 6.260144603000072 ], [ 81.403055577000032, 6.260162604000072 ], [ 81.403062979000083, 6.260209243000077 ], [ 81.403068518000055, 6.260232274000032 ], [ 81.403075504000071, 6.260246882000047 ], [ 81.403086477000045, 6.260257399000068 ], [ 81.403106819000072, 6.260264920000054 ], [ 81.403134876000081, 6.260268945000064 ], [ 81.403162651000059, 6.260269956000059 ], [ 81.403190989000052, 6.260267379000027 ], [ 81.403228876000071, 6.260258898000075 ], [ 81.403265420000082, 6.26024833200006 ], [ 81.403316019000044, 6.260231615000066 ], [ 81.403355375000046, 6.260215780000067 ], [ 81.403387290000069, 6.26020018600002 ], [ 81.403421875000049, 6.260180001000037 ], [ 81.403457345000049, 6.260157046000074 ], [ 81.403497808000054, 6.260128480000049 ], [ 81.403570743000046, 6.260071702000062 ], [ 81.403604327000039, 6.260041953000041 ], [ 81.403636265000046, 6.260011159000044 ], [ 81.403692220000039, 6.25995049200003 ], [ 81.403770462000068, 6.259856332000027 ], [ 81.40382902500005, 6.259781198000042 ], [ 81.403885326000079, 6.259702679000043 ], [ 81.403984544000082, 6.259549910000032 ], [ 81.404136937000033, 6.259299273000067 ], [ 81.404315901000075, 6.259017881000034 ], [ 81.404268052000077, 6.258987998000066 ], [ 81.404237384000055, 6.258960455000022 ], [ 81.404218874000037, 6.258898986000077 ], [ 81.404220835000046, 6.258882165000045 ], [ 81.404224957000054, 6.258846801000061 ], [ 81.404261642000051, 6.258766908000041 ], [ 81.404332153000041, 6.258711571000049 ], [ 81.404457850000085, 6.258631570000034 ], [ 81.404555978000076, 6.258545545000061 ], [ 81.404574369000045, 6.258508628000072 ], [ 81.404620771000054, 6.258461785000065 ], [ 81.404663120000066, 6.25841160300007 ], [ 81.404706225000041, 6.25835257600005 ], [ 81.404739801000062, 6.258297477000042 ], [ 81.404764750000083, 6.258244889000025 ], [ 81.404785510000067, 6.258183943000063 ], [ 81.404799430000082, 6.258129574000066 ], [ 81.404803080000079, 6.258106275000046 ], [ 81.404804643000034, 6.258084890000021 ], [ 81.404803549000064, 6.258059340000045 ], [ 81.404798892000031, 6.258036685000036 ], [ 81.404789761000075, 6.258013464000044 ], [ 81.404775717000064, 6.257988547000025 ], [ 81.404757767000035, 6.257962836000047 ], [ 81.404715047000082, 6.257908088000022 ], [ 81.404657401000065, 6.257830389000048 ], [ 81.404625109000051, 6.257790361000048 ], [ 81.40459377500008, 6.257754594000062 ], [ 81.404554669000049, 6.257714517000068 ], [ 81.404517904000045, 6.257681898000044 ], [ 81.40448092400004, 6.257655329000045 ], [ 81.404438926000068, 6.257630793000033 ], [ 81.404398581000066, 6.257611118000057 ], [ 81.404352477000032, 6.257591799000068 ], [ 81.404145299000049, 6.25751877700003 ], [ 81.404097513000067, 6.257499797000037 ], [ 81.404055922000055, 6.257480852000072 ], [ 81.404018832000077, 6.257461188000036 ], [ 81.403977153000085, 6.25743563900005 ], [ 81.403809311000032, 6.257318972000064 ], [ 81.403769663000048, 6.257293498000024 ], [ 81.40373324400008, 6.257272391000072 ], [ 81.40369564100007, 6.257253215000048 ], [ 81.403652729000044, 6.257233785000039 ], [ 81.403505593000034, 6.257174626000051 ], [ 81.403450915000064, 6.257150998000043 ], [ 81.403401657000074, 6.257126572000061 ], [ 81.403342982000083, 6.257092938000028 ], [ 81.403279146000045, 6.257053807000034 ], [ 81.403225418000034, 6.257017519000044 ], [ 81.403185319000045, 6.256987356000025 ], [ 81.403117314000042, 6.256931675000033 ], [ 81.40309144400004, 6.256908192000026 ], [ 81.403072105000035, 6.256886773000076 ], [ 81.403057697000065, 6.256865762000075 ], [ 81.403045224000039, 6.256840926000052 ], [ 81.403031009000074, 6.256799004000072 ], [ 81.403021154000044, 6.25674957800004 ], [ 81.403015172000039, 6.256686123000065 ], [ 81.40301575400008, 6.256637198000021 ], [ 81.403022852000049, 6.256576322000058 ], [ 81.403036721000035, 6.256506480000041 ], [ 81.403053697000075, 6.256446729000061 ], [ 81.403074529000037, 6.256392642000037 ], [ 81.403087572000061, 6.256365449000043 ], [ 81.403098599000032, 6.256346139000073 ], [ 81.403159420000065, 6.256260015000066 ], [ 81.403201177000085, 6.256184781000059 ], [ 81.403222608000078, 6.25615480600004 ], [ 81.40324118500007, 6.256135080000035 ], [ 81.40326396100005, 6.25611486400004 ], [ 81.403347681000071, 6.25605192200004 ], [ 81.40337814600008, 6.25602655800003 ], [ 81.403437354000062, 6.255964894000044 ], [ 81.403459367000039, 6.255938939000032 ], [ 81.403473548000079, 6.255916676000027 ], [ 81.403482600000075, 6.255894167000065 ], [ 81.403490051000063, 6.255863302000023 ], [ 81.403492881000034, 6.255833144000064 ], [ 81.40349162900003, 6.255811220000055 ], [ 81.403487369000061, 6.25579274200004 ], [ 81.403478927000037, 6.255774141000074 ], [ 81.403465345000029, 6.255753076000076 ], [ 81.403400365000039, 6.255667627000037 ], [ 81.403371001000039, 6.255634813000029 ], [ 81.403277919000061, 6.255536734000032 ], [ 81.403193747000046, 6.255432555000027 ], [ 81.40315651800006, 6.255383016000053 ], [ 81.403125048000049, 6.255337784000062 ], [ 81.403067616000044, 6.255246266000029 ], [ 81.403053869000075, 6.255222102000062 ], [ 81.403043830000058, 6.25519870200003 ], [ 81.403037891000054, 6.255174898000064 ], [ 81.403034686000069, 6.255147279000028 ], [ 81.403035049000039, 6.255119053000044 ], [ 81.403038817000038, 6.255091059000051 ], [ 81.403045947000066, 6.255062492000036 ], [ 81.403056444000072, 6.255033353000044 ], [ 81.403070306000075, 6.25500364100003 ], [ 81.403009133000069, 6.254928437000046 ], [ 81.402915122000081, 6.254812863000041 ], [ 81.402898879000077, 6.254862026000069 ], [ 81.402884550000067, 6.254911460000073 ], [ 81.402872135000052, 6.254961165000054 ], [ 81.402861633000043, 6.255011140000022 ], [ 81.402852575000054, 6.255064508000032 ], [ 81.402845336000041, 6.25512044900006 ], [ 81.402839239000059, 6.255179152000039 ], [ 81.402836533000084, 6.255225424000059 ], [ 81.402837838000039, 6.255283793000046 ], [ 81.402844721000065, 6.255325523000067 ], [ 81.402858477000052, 6.255370503000051 ], [ 81.402902001000029, 6.255485819000057 ], [ 81.402910942000062, 6.255519588000027 ], [ 81.402915470000039, 6.255550502000062 ], [ 81.40291725600008, 6.255603163000046 ], [ 81.40291318900006, 6.255658605000065 ], [ 81.402903252000044, 6.255717120000043 ], [ 81.40288735200005, 6.255779274000076 ], [ 81.402861542000039, 6.255856013000027 ], [ 81.402826520000076, 6.255941884000038 ] ] ], [ [ [ 81.409758278000083, 6.262909547000049 ], [ 81.409702841000069, 6.263037489000055 ], [ 81.409621339000068, 6.263245260000076 ], [ 81.409588742000039, 6.263324044000058 ], [ 81.409546353000053, 6.263414871000066 ], [ 81.409493634000057, 6.263511773000062 ], [ 81.409450473000049, 6.263585094000064 ], [ 81.409406560000036, 6.263654802000076 ], [ 81.409361839000042, 6.263720981000063 ], [ 81.409316274000048, 6.263783685000021 ], [ 81.409287212000038, 6.263821230000076 ], [ 81.409261920000063, 6.263851032000048 ], [ 81.409164114000077, 6.263955017000058 ], [ 81.409128305000081, 6.263995685000054 ], [ 81.409009708000042, 6.264153334000071 ], [ 81.408979277000071, 6.264197799000044 ], [ 81.408955061000086, 6.264237735000052 ], [ 81.408935799000062, 6.264275231000056 ], [ 81.408921177000082, 6.264310933000047 ], [ 81.408909993000066, 6.264349741000046 ], [ 81.408904376000066, 6.264387265000039 ], [ 81.408904300000074, 6.26442800600006 ], [ 81.408908623000059, 6.264473787000043 ], [ 81.408915744000069, 6.264508389000071 ], [ 81.40892610700007, 6.26453798700004 ], [ 81.408942101000036, 6.264568649000068 ], [ 81.408964443000059, 6.264601693000031 ], [ 81.408994417000031, 6.264638198000057 ], [ 81.409009673000071, 6.264652512000055 ], [ 81.409027330000072, 6.26466646800003 ], [ 81.40906400800003, 6.264690354000038 ], [ 81.409154261000083, 6.264741628000024 ], [ 81.409194546000037, 6.264769983000065 ], [ 81.409230824000076, 6.264804518000062 ], [ 81.409300144000042, 6.264884606000066 ], [ 81.409331234000035, 6.264916386000039 ], [ 81.409348585000032, 6.264931102000048 ], [ 81.409365765000075, 6.264943284000026 ], [ 81.409407930000043, 6.264965408000023 ], [ 81.409444878000045, 6.264979637000067 ], [ 81.409485790000076, 6.264991498000029 ], [ 81.40953075200008, 6.265001016000042 ], [ 81.409580025000082, 6.265008249000061 ], [ 81.40963453300003, 6.265013301000067 ], [ 81.409677319000082, 6.265014995000058 ], [ 81.409721946000047, 6.265013372000055 ], [ 81.409770593000076, 6.26500839800002 ], [ 81.409843109000064, 6.264996587000041 ], [ 81.409956826000041, 6.264973255000029 ], [ 81.410030317000064, 6.264956262000055 ], [ 81.410095413000079, 6.264938594000057 ], [ 81.410153089000062, 6.264920116000042 ], [ 81.410206218000042, 6.264900039000054 ], [ 81.410264837000057, 6.26487419800003 ], [ 81.410321356000054, 6.264845886000046 ], [ 81.410368084000083, 6.264819622000061 ], [ 81.410412329000053, 6.264791971000022 ], [ 81.410455858000034, 6.264761744000054 ], [ 81.410498395000047, 6.264729172000045 ], [ 81.410539927000059, 6.264694224000039 ], [ 81.410579831000064, 6.264657389000035 ], [ 81.410617832000071, 6.264618921000022 ], [ 81.410653677000084, 6.264579076000075 ], [ 81.410706641000047, 6.264512185000058 ], [ 81.41074898100004, 6.264448231000074 ], [ 81.410783769000034, 6.264386963000049 ], [ 81.410834258000079, 6.264289640000072 ], [ 81.410884844000066, 6.264202712000042 ], [ 81.410901436000074, 6.264169472000049 ], [ 81.410913663000031, 6.264134303000048 ], [ 81.410916281000084, 6.264118992000022 ], [ 81.410916616000065, 6.264104977000045 ], [ 81.410914694000041, 6.264092212000037 ], [ 81.410910403000059, 6.26407972100003 ], [ 81.410903707000045, 6.264067399000055 ], [ 81.410894581000036, 6.264055203000055 ], [ 81.410868625000035, 6.264030754000032 ], [ 81.410831453000071, 6.264005474000044 ], [ 81.410793475000048, 6.263984182000058 ], [ 81.410702374000039, 6.263937162000047 ], [ 81.41064633700006, 6.263903828000025 ], [ 81.410592067000039, 6.263875473000041 ], [ 81.410573739000085, 6.263864200000057 ], [ 81.410559454000065, 6.263853065000035 ], [ 81.41054938700006, 6.26384269600004 ], [ 81.41054054600005, 6.263830409000036 ], [ 81.410532882000041, 6.263816181000038 ], [ 81.410526385000082, 6.263799970000036 ], [ 81.41051675500006, 6.263761587000033 ], [ 81.410510462000047, 6.263710631000038 ], [ 81.410505964000038, 6.263653354000041 ], [ 81.410505261000083, 6.263626034000026 ], [ 81.410507006000046, 6.263589040000056 ], [ 81.41051175900003, 6.263547467000024 ], [ 81.410543569000083, 6.26336247200004 ], [ 81.41058417000005, 6.263172614000041 ], [ 81.410600102000046, 6.263078585000073 ], [ 81.410615374000031, 6.26299866200003 ], [ 81.410622147000083, 6.26295066800003 ], [ 81.41062385400005, 6.262910534000071 ], [ 81.410621883000033, 6.262882820000073 ], [ 81.410616988000072, 6.262856717000034 ], [ 81.410608721000074, 6.262828263000074 ], [ 81.410591640000064, 6.262779069000032 ], [ 81.410572018000039, 6.262734999000031 ], [ 81.410516483000038, 6.262628858000028 ], [ 81.410504016000061, 6.262598996000065 ], [ 81.41049556300004, 6.262571696000066 ], [ 81.410486280000043, 6.262519327000064 ], [ 81.410481172000061, 6.26246277000007 ], [ 81.410480668000048, 6.262406678000048 ], [ 81.410484717000031, 6.262352357000054 ], [ 81.41049309400006, 6.262301775000026 ], [ 81.410505672000056, 6.262255115000073 ], [ 81.410522279000077, 6.262213020000047 ], [ 81.410542758000076, 6.262175877000061 ], [ 81.410557303000076, 6.262155502000041 ], [ 81.410573235000072, 6.262137178000046 ], [ 81.41058883900007, 6.262122429000044 ], [ 81.41062446400008, 6.262093880000066 ], [ 81.410653461000038, 6.262066856000047 ], [ 81.410685040000033, 6.262033290000034 ], [ 81.410714413000051, 6.261997337000025 ], [ 81.410539090000043, 6.261768285000073 ], [ 81.410526037000068, 6.261822642000027 ], [ 81.410510161000047, 6.261875692000046 ], [ 81.410491462000039, 6.261927434000029 ], [ 81.410469941000031, 6.26197786900002 ], [ 81.410446646000082, 6.262024795000059 ], [ 81.410419577000084, 6.262072296000042 ], [ 81.410388268000077, 6.262121043000036 ], [ 81.410355650000042, 6.262166505000039 ], [ 81.410337113000082, 6.262188461000051 ], [ 81.410316246000036, 6.262210157000027 ], [ 81.410266436000029, 6.262253860000044 ], [ 81.410214636000035, 6.262292538000054 ], [ 81.410084832000052, 6.262382444000025 ], [ 81.410051151000062, 6.262408094000023 ], [ 81.410022233000063, 6.262432384000022 ], [ 81.409994648000065, 6.262458589000062 ], [ 81.409970766000072, 6.262484921000066 ], [ 81.409947403000047, 6.262515348000022 ], [ 81.409923900000081, 6.262550131000069 ], [ 81.409885043000031, 6.262617557000056 ], [ 81.409846215000073, 6.262698070000056 ], [ 81.409758278000083, 6.262909547000049 ] ] ], [ [ [ 81.419623992000083, 6.274873283000034 ], [ 81.419605815000068, 6.274898212000039 ], [ 81.419582866000042, 6.27492501200004 ], [ 81.419559766000077, 6.274946864000071 ], [ 81.419531475000042, 6.274967771000036 ], [ 81.41950057300005, 6.274986174000048 ], [ 81.419468463000044, 6.27500111300003 ], [ 81.419436859000029, 6.275011687000074 ], [ 81.419406679000076, 6.275017597000044 ], [ 81.41937844000006, 6.275018746000057 ], [ 81.419354923000071, 6.275015574000065 ], [ 81.419326778000084, 6.275007139000024 ], [ 81.419198135000045, 6.274960489000023 ], [ 81.41912489300006, 6.274928512000031 ], [ 81.419083946000057, 6.27490603800004 ], [ 81.419006091000085, 6.274855684000045 ], [ 81.41896698000005, 6.274832606000075 ], [ 81.418841564000047, 6.274764456000071 ], [ 81.418663600000059, 6.274663448000069 ], [ 81.418636044000039, 6.274649323000062 ], [ 81.418611744000032, 6.274638905000074 ], [ 81.418585354000072, 6.27463050800003 ], [ 81.418557470000053, 6.274625356000058 ], [ 81.418527952000034, 6.274622774000022 ], [ 81.418435754000029, 6.274618758000031 ], [ 81.41836907000004, 6.27460964900007 ], [ 81.418317675000083, 6.274600990000067 ], [ 81.418271902000072, 6.274590996000029 ], [ 81.418217442000071, 6.274575957000025 ], [ 81.418177569000079, 6.274563045000036 ], [ 81.418144573000063, 6.274549773000047 ], [ 81.418112654000083, 6.274533064000025 ], [ 81.418080456000041, 6.274510600000042 ], [ 81.417908399000055, 6.274366250000071 ], [ 81.41787049800007, 6.274337175000028 ], [ 81.417847363000078, 6.274322357000074 ], [ 81.41782504400004, 6.274310667000066 ], [ 81.417801428000075, 6.274301097000034 ], [ 81.41777509800005, 6.274293021000062 ], [ 81.417729715000064, 6.274283313000069 ], [ 81.417632067000056, 6.274268868000036 ], [ 81.417590529000051, 6.274260989000027 ], [ 81.417535027000042, 6.274246509000022 ], [ 81.417382530000054, 6.274201735000076 ], [ 81.417335573000059, 6.274190769000029 ], [ 81.417293124000082, 6.274183576000041 ], [ 81.417255150000074, 6.27418040200007 ], [ 81.417212348000078, 6.274180256000022 ], [ 81.417075706000048, 6.274189603000025 ], [ 81.417029555000056, 6.274191249000069 ], [ 81.416988201000038, 6.274189938000063 ], [ 81.416951038000036, 6.274185448000026 ], [ 81.416897010000071, 6.274172858000043 ], [ 81.416794400000072, 6.274141467000049 ], [ 81.416641852000055, 6.274098921000075 ], [ 81.416557659000034, 6.274081442000067 ], [ 81.416469233000043, 6.274068003000025 ], [ 81.416411061000076, 6.274061721000066 ], [ 81.416352695000057, 6.274057417000051 ], [ 81.41629434500004, 6.274055111000052 ], [ 81.416236255000058, 6.274054807000027 ], [ 81.416177968000056, 6.274058381000032 ], [ 81.416068220000056, 6.274071916000025 ], [ 81.41602404200006, 6.274076016000038 ], [ 81.415983941000036, 6.274077299000055 ], [ 81.415923321000037, 6.274075390000064 ], [ 81.415844062000076, 6.274069001000043 ], [ 81.41576828400008, 6.274058297000067 ], [ 81.415696447000073, 6.274043343000073 ], [ 81.41562884800004, 6.274024203000067 ], [ 81.415589109000052, 6.274010239000063 ], [ 81.415531011000041, 6.273987056000067 ], [ 81.415492318000076, 6.273969721000071 ], [ 81.415459131000034, 6.273952602000065 ], [ 81.415430898000068, 6.273935553000058 ], [ 81.415405637000049, 6.27391749800006 ], [ 81.415377976000059, 6.273894601000052 ], [ 81.415351429000054, 6.273869490000038 ], [ 81.415328173000034, 6.273844561000033 ], [ 81.415306630000032, 6.273818476000031 ], [ 81.415286614000081, 6.273790878000057 ], [ 81.415271007000058, 6.273765785000023 ], [ 81.41526065000005, 6.273744747000023 ], [ 81.41525080100007, 6.273720231000027 ], [ 81.415215685000078, 6.273614895000037 ], [ 81.415195354000048, 6.273570093000046 ], [ 81.415163247000066, 6.273505967000062 ], [ 81.415136622000034, 6.273457891000021 ], [ 81.415110265000067, 6.273416462000057 ], [ 81.415083562000063, 6.273380911000061 ], [ 81.415049839000062, 6.273344510000072 ], [ 81.415013806000047, 6.273314582000069 ], [ 81.414928900000064, 6.273256868000033 ], [ 81.414809121000076, 6.273170648000075 ], [ 81.414774138000041, 6.273147792000032 ], [ 81.414741904000039, 6.27312893800007 ], [ 81.414705011000081, 6.273110547000044 ], [ 81.41466501900004, 6.273094632000038 ], [ 81.414623967000068, 6.273081173000037 ], [ 81.414501166000036, 6.273044728000059 ], [ 81.414364034000073, 6.272994063000056 ], [ 81.414230721000081, 6.272939699000062 ], [ 81.414114705000031, 6.272886370000037 ], [ 81.413988627000037, 6.272821051000051 ], [ 81.413834294000083, 6.272734107000076 ], [ 81.413672041000041, 6.272638646000075 ], [ 81.41343703900003, 6.272489316000076 ], [ 81.413343196000085, 6.272432025000057 ], [ 81.413143565000041, 6.272318257000052 ], [ 81.41295627900007, 6.272217167000065 ], [ 81.412760749000086, 6.272118588000069 ], [ 81.412666044000048, 6.272073715000033 ], [ 81.412572991000047, 6.272031603000073 ], [ 81.412404055000081, 6.271960474000025 ], [ 81.412183903000084, 6.27187602500004 ], [ 81.412080509000077, 6.271841375000065 ], [ 81.41196218400006, 6.271808994000025 ], [ 81.411870122000039, 6.271788138000034 ], [ 81.411791450000067, 6.271776232000036 ], [ 81.411738488000083, 6.271772858000077 ], [ 81.411681833000046, 6.271774802000039 ], [ 81.411627501000055, 6.271780417000059 ], [ 81.411502076000033, 6.271797390000074 ], [ 81.411442889000057, 6.271802527000034 ], [ 81.411282092000079, 6.271807209000031 ], [ 81.411198205000062, 6.27180652800007 ], [ 81.411126468000077, 6.271800957000039 ], [ 81.411062965000042, 6.271790060000058 ], [ 81.41097502100007, 6.271765425000069 ], [ 81.410941575000038, 6.271753760000024 ], [ 81.410912437000036, 6.271741628000029 ], [ 81.410888278000073, 6.271729526000058 ], [ 81.410866768000062, 6.271716526000034 ], [ 81.410845730000062, 6.271701214000075 ], [ 81.410824948000084, 6.271683434000067 ], [ 81.410804096000049, 6.271662843000058 ], [ 81.410783458000083, 6.271639665000066 ], [ 81.410742618000086, 6.271585293000044 ], [ 81.410705324000048, 6.271525678000046 ], [ 81.410690233000082, 6.271494251000036 ], [ 81.410676662000071, 6.271454128000073 ], [ 81.410649604000071, 6.271353993000048 ], [ 81.410640408000063, 6.271328186000062 ], [ 81.410630353000045, 6.271306073000062 ], [ 81.410615990000053, 6.27128222500005 ], [ 81.410593485000049, 6.271251945000074 ], [ 81.410569168000052, 6.271223884000051 ], [ 81.410542212000053, 6.271196733000068 ], [ 81.410502028000053, 6.271161980000045 ], [ 81.41045899900007, 6.271130781000068 ], [ 81.410415036000074, 6.271104434000051 ], [ 81.410369253000056, 6.27108243400005 ], [ 81.410317576000068, 6.271062887000028 ], [ 81.410264751000057, 6.271047984000063 ], [ 81.410212631000036, 6.271038236000038 ], [ 81.410162501000059, 6.271033884000076 ], [ 81.41011185900004, 6.271035329000028 ], [ 81.41006617000005, 6.271043061000057 ], [ 81.410019772000055, 6.271058570000037 ], [ 81.409963407000077, 6.271084582000071 ], [ 81.409796183000083, 6.271169944000064 ], [ 81.409747477000053, 6.271196813000074 ], [ 81.409704672000032, 6.271222433000048 ], [ 81.409662199000081, 6.271250534000046 ], [ 81.409624437000048, 6.271278693000056 ], [ 81.409590906000062, 6.271307269000033 ], [ 81.409561380000071, 6.271336459000054 ], [ 81.409526456000037, 6.271378668000068 ], [ 81.409494471000073, 6.271428422000042 ], [ 81.409465384000043, 6.271485781000024 ], [ 81.409439120000059, 6.27155089300004 ], [ 81.409411962000036, 6.271636771000033 ], [ 81.409386065000035, 6.271741969000061 ], [ 81.40936904800003, 6.271825759000023 ], [ 81.409360989000049, 6.271892587000025 ], [ 81.409360152000033, 6.271938242000033 ], [ 81.409364034000077, 6.271979522000038 ], [ 81.409373001000063, 6.272018725000066 ], [ 81.409387677000041, 6.272060251000028 ], [ 81.409409167000035, 6.272105745000033 ], [ 81.40943621200006, 6.272151534000045 ], [ 81.40946806200003, 6.272196317000066 ], [ 81.409503288000053, 6.272238083000047 ], [ 81.409518578000075, 6.272253130000024 ], [ 81.409535839000057, 6.272267514000021 ], [ 81.409577173000059, 6.27229501000005 ], [ 81.409620935000078, 6.272318197000061 ], [ 81.409736548000069, 6.272373044000062 ], [ 81.409768103000033, 6.272390581000025 ], [ 81.409794972000043, 6.272408074000055 ], [ 81.409904983000047, 6.272491677000062 ], [ 81.409955258000082, 6.272532700000056 ], [ 81.409999678000077, 6.272574828000074 ], [ 81.410032554000054, 6.272614289000046 ], [ 81.410048600000039, 6.272639704000028 ], [ 81.41006016700004, 6.272664711000061 ], [ 81.410067248000075, 6.272689097000068 ], [ 81.410070243000064, 6.272714422000035 ], [ 81.410069354000029, 6.272742741000059 ], [ 81.410064461000047, 6.272773856000072 ], [ 81.410055495000051, 6.272808256000076 ], [ 81.410042098000076, 6.272847342000034 ], [ 81.409983319000048, 6.272988222000038 ], [ 81.409946947000037, 6.27308666600004 ], [ 81.409917377000056, 6.273159984000074 ], [ 81.409879981000074, 6.273244068000054 ], [ 81.409838766000064, 6.27332840400004 ], [ 81.409784419000061, 6.273429668000063 ], [ 81.409724590000053, 6.273531320000075 ], [ 81.409659268000041, 6.273633379000046 ], [ 81.409588428000063, 6.273735879000071 ], [ 81.40949026100003, 6.273867018000033 ], [ 81.409383018000085, 6.273999067000034 ], [ 81.409277040000063, 6.274120592000031 ], [ 81.409149644000081, 6.274258284000041 ], [ 81.409067873000083, 6.274355519000039 ], [ 81.409033602000079, 6.274393580000037 ], [ 81.408991940000078, 6.274432777000072 ], [ 81.408971972000074, 6.27444814200004 ], [ 81.408952214000067, 6.274460982000051 ], [ 81.408933455000067, 6.274470953000048 ], [ 81.408914103000029, 6.274479046000067 ], [ 81.408861667000053, 6.274494896000022 ], [ 81.408817643000077, 6.274503449000065 ], [ 81.408772671000065, 6.274508362000063 ], [ 81.408728595000071, 6.274509441000021 ], [ 81.408686818000035, 6.27450665300006 ], [ 81.408648706000065, 6.274500132000071 ], [ 81.40861471900007, 6.274489997000046 ], [ 81.408585309000046, 6.27447636200003 ], [ 81.408561905000056, 6.274459852000064 ], [ 81.408539224000037, 6.27443749400004 ], [ 81.408516070000076, 6.274408177000055 ], [ 81.408449535000045, 6.274303620000069 ], [ 81.408426461000033, 6.274270588000036 ], [ 81.408238888000085, 6.274028995000037 ], [ 81.408139759000051, 6.273905610000043 ], [ 81.408058126000071, 6.273809766000056 ], [ 81.40793977800007, 6.273678615000051 ], [ 81.407840144000033, 6.273571029000038 ], [ 81.407754959000044, 6.273483258000056 ], [ 81.407678099000066, 6.273408731000075 ], [ 81.407604608000042, 6.273342430000071 ], [ 81.407533011000055, 6.273283024000023 ], [ 81.407462574000078, 6.273229913000023 ], [ 81.407394927000041, 6.273184102000073 ], [ 81.407323441000074, 6.273141064000072 ], [ 81.407246201000078, 6.27309963600004 ], [ 81.407162724000045, 6.273059583000077 ], [ 81.40704095600006, 6.273007862000043 ], [ 81.406900479000058, 6.272955140000022 ], [ 81.406766660000073, 6.272909137000056 ], [ 81.406386824000037, 6.272783375000074 ], [ 81.406344401000069, 6.272770667000032 ], [ 81.406182676000071, 6.272722216000034 ], [ 81.405326775000049, 6.272479088000068 ], [ 81.405039699000042, 6.272401696000031 ], [ 81.40482469300008, 6.272348 ], [ 81.404656209000052, 6.272313378000035 ], [ 81.40432267400007, 6.272253744000068 ], [ 81.404184382000039, 6.27222697600007 ], [ 81.404041148000033, 6.272194614000057 ], [ 81.403914476000068, 6.272159935000047 ], [ 81.40380629200007, 6.272124155000029 ], [ 81.403715996000074, 6.272088103000044 ], [ 81.403627132000054, 6.27204676100007 ], [ 81.403404505000083, 6.27193598100007 ], [ 81.403339998000035, 6.271906886000068 ], [ 81.40328110300004, 6.271883142000036 ], [ 81.403086647000066, 6.271814566000046 ], [ 81.402995228000066, 6.271785297000065 ], [ 81.402948748000085, 6.271772596000062 ], [ 81.402905346000068, 6.271762565000074 ], [ 81.402864198000032, 6.271755019000068 ], [ 81.402824898000063, 6.271749885000077 ], [ 81.40276835700007, 6.27174661600003 ], [ 81.402700098000082, 6.271748568000021 ], [ 81.402627978000055, 6.271754139000052 ], [ 81.40256432700005, 6.271763158000056 ], [ 81.402511785000058, 6.271774721000043 ], [ 81.402464861000055, 6.271789478000073 ], [ 81.402423266000085, 6.271807531000036 ], [ 81.402387323000085, 6.271828741000036 ], [ 81.40235595200005, 6.271854593000057 ], [ 81.402324424000085, 6.271888680000075 ], [ 81.402295885000058, 6.27192573800005 ], [ 81.40222398700007, 6.272027183000034 ], [ 81.402202843000055, 6.272053460000052 ], [ 81.402176824000037, 6.272082295000075 ], [ 81.40211828300005, 6.272144317000027 ], [ 81.402057063000029, 6.272206131000075 ], [ 81.401993118000064, 6.272267788000022 ], [ 81.401926382000056, 6.272329349000074 ], [ 81.401837656000055, 6.272407355000041 ], [ 81.401744105000034, 6.272485513000049 ], [ 81.401661038000043, 6.272551885000041 ], [ 81.401506199000039, 6.272671911000032 ], [ 81.401440243000081, 6.272721816000058 ], [ 81.401384492000034, 6.272761647000038 ], [ 81.401332703000037, 6.272795860000031 ], [ 81.401283573000057, 6.272825270000055 ], [ 81.401226387000065, 6.272855230000062 ], [ 81.401210690000084, 6.272862168000074 ], [ 81.401165684000034, 6.272882060000029 ], [ 81.401098773000058, 6.272906974000023 ], [ 81.401024139000072, 6.272930501000076 ], [ 81.400914490000048, 6.272959707000041 ], [ 81.400706304000039, 6.273008958000048 ], [ 81.400646714000061, 6.273021129000028 ], [ 81.400501055000063, 6.273047638000037 ], [ 81.400426357000072, 6.273064400000067 ], [ 81.400336281000079, 6.273089893000076 ], [ 81.400264974000038, 6.273112044000072 ], [ 81.400204492000057, 6.273133376000033 ], [ 81.400150841000084, 6.27315528400004 ], [ 81.400101887000062, 6.273178687000041 ], [ 81.400057083000036, 6.273203916000057 ], [ 81.400010429000076, 6.273234394000042 ], [ 81.39996110900006, 6.273270737000075 ], [ 81.399901992000082, 6.273318668000059 ], [ 81.399801063000041, 6.273405385000046 ], [ 81.399713955000038, 6.273467500000038 ], [ 81.399684455000056, 6.273490831000061 ], [ 81.399668259000066, 6.273506281000039 ], [ 81.399655879000079, 6.273521052000035 ], [ 81.399647043000073, 6.273535472000049 ], [ 81.399641657000075, 6.273549703000072 ], [ 81.399639648000061, 6.273570489000065 ], [ 81.399643394000066, 6.273596146000045 ], [ 81.399652735000075, 6.27362544600004 ], [ 81.399667005000083, 6.273656278000033 ], [ 81.399685304000059, 6.273686446000056 ], [ 81.39970548000008, 6.273712184000033 ], [ 81.39972571900006, 6.273731086000055 ], [ 81.399743381000064, 6.273740737000026 ], [ 81.399756862000061, 6.273744461000035 ], [ 81.399772031000055, 6.273746194000068 ], [ 81.399789061000035, 6.273745961000031 ], [ 81.399808316000076, 6.27374375200003 ], [ 81.399845407000043, 6.27373592500004 ], [ 81.399939435000078, 6.273710650000055 ], [ 81.399985701000048, 6.273702878000051 ], [ 81.40002025900003, 6.27370288700007 ], [ 81.400092290000032, 6.273710341000026 ], [ 81.400139842000044, 6.273718191000057 ], [ 81.400184891000038, 6.273728175000031 ], [ 81.400227258000029, 6.273740252000039 ], [ 81.400266822000049, 6.273754389000032 ], [ 81.400301931000058, 6.273769792000053 ], [ 81.400333533000037, 6.273786632000053 ], [ 81.40036430300006, 6.273806601000047 ], [ 81.400397441000052, 6.273831614000073 ], [ 81.400563314000067, 6.273973823000063 ], [ 81.400630740000054, 6.274035019000053 ], [ 81.400664397000071, 6.274068381000063 ], [ 81.400694182000052, 6.274100460000057 ], [ 81.40072071700007, 6.27413193600006 ], [ 81.400744148000058, 6.274162985000032 ], [ 81.400770734000048, 6.274205021000057 ], [ 81.400777613000059, 6.274218391000034 ], [ 81.400795929000083, 6.274253991000023 ], [ 81.400819985000055, 6.274309586000072 ], [ 81.400866835000045, 6.27443088900003 ], [ 81.400888552000083, 6.274483008000061 ], [ 81.400907267000036, 6.274522564000051 ], [ 81.400960894000036, 6.27462571600006 ], [ 81.400988657000084, 6.274675308000042 ], [ 81.401014494000037, 6.274715781000054 ], [ 81.401059317000033, 6.274775900000066 ], [ 81.401091794000081, 6.274815545000024 ], [ 81.401118905000033, 6.274843935000035 ], [ 81.401145040000074, 6.274866307000025 ], [ 81.401170754000077, 6.274883239000076 ], [ 81.401200034000055, 6.274897453000051 ], [ 81.401234910000085, 6.274909569000044 ], [ 81.401273754000044, 6.274918677000073 ], [ 81.401316437000048, 6.274924750000025 ], [ 81.401362722000044, 6.274927748000039 ], [ 81.401404397000078, 6.274927872000035 ], [ 81.401448049000066, 6.27492578500005 ], [ 81.401480157000037, 6.274922466000021 ], [ 81.401513434000037, 6.274916954000048 ], [ 81.401550973000042, 6.274908439000058 ], [ 81.401589268000066, 6.274897424000073 ], [ 81.401627856000061, 6.274884038000039 ], [ 81.401666115000069, 6.274868497000057 ], [ 81.401698812000063, 6.274853289000021 ], [ 81.40172868500008, 6.274837167000044 ], [ 81.40175907400004, 6.274818359000051 ], [ 81.401789222000048, 6.274797251000052 ], [ 81.401819227000033, 6.274773750000065 ], [ 81.401848796000081, 6.274748063000061 ], [ 81.401877814000045, 6.274720291000051 ], [ 81.401906150000059, 6.274690556000053 ], [ 81.401947446000065, 6.274642129000028 ], [ 81.401986297000064, 6.274590205000038 ], [ 81.402022163000083, 6.274535478000075 ], [ 81.402054022000073, 6.274479520000057 ], [ 81.40206795000006, 6.274449557000025 ], [ 81.402081133000081, 6.274415002000069 ], [ 81.40212211000005, 6.274281355000028 ], [ 81.402141984000082, 6.274227206000035 ], [ 81.402152756000078, 6.274203833000058 ], [ 81.402160412000057, 6.274187223000069 ], [ 81.402182089000064, 6.274144750000062 ], [ 81.40223211700004, 6.274058403000026 ], [ 81.402267490000042, 6.274003811000057 ], [ 81.402307436000058, 6.273946321000039 ], [ 81.402368264000074, 6.273864297000046 ], [ 81.402462815000035, 6.273742799000047 ], [ 81.402545519000057, 6.273620869000069 ], [ 81.402562762000059, 6.273599557000068 ], [ 81.402579432000039, 6.27358195100004 ], [ 81.402596010000082, 6.273567542000023 ], [ 81.402612721000082, 6.273556146000033 ], [ 81.40263218900003, 6.273546662000058 ], [ 81.40265953200003, 6.273538041000052 ], [ 81.402689685000041, 6.273531769000044 ], [ 81.402721033000034, 6.273528144000068 ], [ 81.402751023000064, 6.273527338000065 ], [ 81.402779467000073, 6.273529235000069 ], [ 81.402805496000042, 6.273533771000075 ], [ 81.402828591000059, 6.273540854000032 ], [ 81.402852281000037, 6.273552791000043 ], [ 81.402868755000043, 6.273566936000066 ], [ 81.402883079000048, 6.273585784000034 ], [ 81.40292002800004, 6.273644672000046 ], [ 81.402931383000066, 6.27365783700003 ], [ 81.402952783000046, 6.273677554000074 ], [ 81.402973326000051, 6.273694288000058 ], [ 81.402991416000077, 6.273705697000025 ], [ 81.403008222000039, 6.273712655000054 ], [ 81.403027261000034, 6.273716614000023 ], [ 81.40304777800003, 6.273717783000052 ], [ 81.403071468000064, 6.273716524000065 ], [ 81.403107611000053, 6.273711499000058 ], [ 81.40313078500003, 6.273706592000053 ], [ 81.403156852000052, 6.273698197000044 ], [ 81.403217245000064, 6.273675166000032 ], [ 81.403296031000082, 6.273640968000052 ], [ 81.403319750000037, 6.273634154000035 ], [ 81.403347122000071, 6.273630085000036 ], [ 81.403391572000032, 6.273628501000076 ], [ 81.403411864000077, 6.273630203000039 ], [ 81.403430406000041, 6.273633537000023 ], [ 81.403446382000084, 6.273638375000075 ], [ 81.403462958000034, 6.273645380000062 ], [ 81.40349965300004, 6.273666693000052 ], [ 81.403570399000046, 6.273716987000057 ], [ 81.403649822000034, 6.273781506000034 ], [ 81.403722068000036, 6.273833167000021 ], [ 81.403751128000067, 6.273856527000021 ], [ 81.403771505000066, 6.273876661000031 ], [ 81.40379486900008, 6.273904532000074 ], [ 81.403815773000076, 6.273933740000075 ], [ 81.403834903000075, 6.273964930000034 ], [ 81.40385675400006, 6.274007968000035 ], [ 81.403876338000032, 6.27405660200003 ], [ 81.403889286000037, 6.274100242000031 ], [ 81.403896590000045, 6.274141087000032 ], [ 81.403898353000045, 6.274176280000063 ], [ 81.403895884000065, 6.274216742000021 ], [ 81.403886958000044, 6.274279334000028 ], [ 81.403876611000044, 6.274332119000064 ], [ 81.403866817000051, 6.274368429000049 ], [ 81.403855389000057, 6.274400161000074 ], [ 81.403843591000054, 6.274424726000063 ], [ 81.403828123000039, 6.274448923000023 ], [ 81.403798686000073, 6.274484698000037 ], [ 81.403718507000065, 6.274565759000041 ], [ 81.403684358000078, 6.274605780000059 ], [ 81.403629134000084, 6.274681485000031 ], [ 81.403529111000068, 6.274831482000025 ], [ 81.403486846000078, 6.274891951000029 ], [ 81.403444405000073, 6.274947240000074 ], [ 81.403384061000054, 6.275018180000075 ], [ 81.403344769000057, 6.275061417000074 ], [ 81.403284842000062, 6.275123411000038 ], [ 81.40325580700005, 6.275151390000076 ], [ 81.403229852000038, 6.275173504000065 ], [ 81.403210270000045, 6.275187917000039 ], [ 81.403191439000068, 6.275199168000029 ], [ 81.403124133000063, 6.275230750000048 ], [ 81.403101631000084, 6.275242672000047 ], [ 81.403083407000054, 6.275254725000025 ], [ 81.403062348000049, 6.275272075000032 ], [ 81.402932336000049, 6.275398325000026 ], [ 81.402882671000043, 6.275456592000069 ], [ 81.402863418000038, 6.275483458000053 ], [ 81.402854969000032, 6.275500136000062 ], [ 81.40285007500006, 6.275516140000036 ], [ 81.402847898000061, 6.275534892000053 ], [ 81.402848406000032, 6.275556963000042 ], [ 81.402853179000033, 6.275593663000052 ], [ 81.402859594000063, 6.275625479000041 ], [ 81.40286810200007, 6.27565474000005 ], [ 81.402878547000057, 6.27568068100004 ], [ 81.402888319000056, 6.275699045000067 ], [ 81.402899286000036, 6.275715125000033 ], [ 81.402911500000073, 6.275729012000056 ], [ 81.402926727000079, 6.275742915000023 ], [ 81.402944183000045, 6.275756016000059 ], [ 81.402962031000072, 6.275766945000044 ], [ 81.402982911000038, 6.27577704600003 ], [ 81.402996993000045, 6.275782485000036 ], [ 81.403005621000034, 6.275785817000042 ], [ 81.403032118000056, 6.275792457000023 ], [ 81.403063794000047, 6.275796741000022 ], [ 81.403154570000083, 6.275802673000044 ], [ 81.403201277000051, 6.275804052000069 ], [ 81.403267678000077, 6.275803192000069 ], [ 81.403386821000083, 6.275798587000054 ], [ 81.403436640000052, 6.275795020000032 ], [ 81.403477340000052, 6.275789807000024 ], [ 81.403533922000065, 6.275778295000066 ], [ 81.403661524000086, 6.275746355000024 ], [ 81.403753391000066, 6.275728163000053 ], [ 81.403873358000055, 6.275708363000035 ], [ 81.404169038000077, 6.275664865000067 ], [ 81.404250360000049, 6.275650976000065 ], [ 81.404323264000084, 6.275636708000036 ], [ 81.404392414000085, 6.275621059000059 ], [ 81.404459411000062, 6.275603358000069 ], [ 81.404720654000073, 6.275523538000073 ], [ 81.404831934000072, 6.275493586000039 ], [ 81.404961395000043, 6.275465391000068 ], [ 81.405055928000081, 6.275446891000058 ], [ 81.405138591000082, 6.275433623000026 ], [ 81.405213582000044, 6.275424997000073 ], [ 81.405410128000085, 6.275409842000045 ], [ 81.405477030000043, 6.275406488000044 ], [ 81.40554859000008, 6.275407684000072 ], [ 81.405579787000079, 6.275410668000063 ], [ 81.405608433000054, 6.27541528200004 ], [ 81.40563661200008, 6.275422098000035 ], [ 81.40566225300006, 6.27543087500004 ], [ 81.40568545800005, 6.275441647000036 ], [ 81.405706370000075, 6.275454481000054 ], [ 81.405726670000035, 6.275470489000043 ], [ 81.405746346000058, 6.275489705000041 ], [ 81.405765474000077, 6.275512202000073 ], [ 81.405784163000078, 6.275538112000049 ], [ 81.405811234000055, 6.275582963000033 ], [ 81.405838605000042, 6.275637238000058 ], [ 81.405863859000078, 6.275694293000072 ], [ 81.405915787000083, 6.275819587000058 ], [ 81.405932052000082, 6.275862970000048 ], [ 81.405946984000082, 6.275908799000035 ], [ 81.405960679000032, 6.275957356000049 ], [ 81.405973275000065, 6.27600913200007 ], [ 81.405988921000073, 6.276085828000021 ], [ 81.406003682000062, 6.276173865000032 ], [ 81.406062663000057, 6.276591617000065 ], [ 81.406071068000074, 6.27666494500005 ], [ 81.40607659300008, 6.276730428000064 ], [ 81.406079483000042, 6.276790981000033 ], [ 81.406079774000034, 6.276847626000063 ], [ 81.406077491000076, 6.276900858000033 ], [ 81.406072620000032, 6.276951409000048 ], [ 81.406070406000083, 6.276965708000034 ], [ 81.406064957000069, 6.277000901000065 ], [ 81.406053410000084, 6.27705830900004 ], [ 81.406039040000053, 6.277117058000044 ], [ 81.40602222800004, 6.27717519600003 ], [ 81.406003096000063, 6.277232303000062 ], [ 81.405981765000035, 6.277288008000028 ], [ 81.40596045500007, 6.277337415000034 ], [ 81.405937512000037, 6.277385149000054 ], [ 81.405913032000058, 6.277431008000065 ], [ 81.405887109000048, 6.277474827000049 ], [ 81.405855384000063, 6.277522839000028 ], [ 81.405794275000062, 6.277607201000023 ], [ 81.405768361000071, 6.277641005000021 ], [ 81.405745307000075, 6.27766772700005 ], [ 81.405719640000029, 6.277692819000038 ], [ 81.405694064000045, 6.277712637000036 ], [ 81.405669084000067, 6.277727079000044 ], [ 81.405640126000037, 6.277738636000038 ], [ 81.40554228700006, 6.277765338000052 ], [ 81.405264933000069, 6.277857400000073 ], [ 81.405088039000077, 6.277912318000062 ], [ 81.404943608000053, 6.27795134400003 ], [ 81.40486898100005, 6.277968544000032 ], [ 81.404802360000076, 6.277981909000061 ], [ 81.404722729000071, 6.277995073000056 ], [ 81.404634524000073, 6.278006082000047 ], [ 81.404538184000046, 6.278014984000038 ], [ 81.404431383000031, 6.278021876000025 ], [ 81.404248825000082, 6.278028416000041 ], [ 81.404065910000043, 6.278027663000046 ], [ 81.40390549500006, 6.278029577000041 ], [ 81.403821055000037, 6.278032255000028 ], [ 81.403736796000032, 6.278036920000034 ], [ 81.403673028000071, 6.278043248000074 ], [ 81.40361391600004, 6.278052426000045 ], [ 81.403568318000055, 6.278062410000075 ], [ 81.403504310000073, 6.278080500000044 ], [ 81.403390457000057, 6.278119220000065 ], [ 81.403311415000076, 6.278152368000065 ], [ 81.403273151000064, 6.27817185300006 ], [ 81.403240350000033, 6.278191252000056 ], [ 81.40321182200006, 6.278210866000052 ], [ 81.403185051000037, 6.278232512000045 ], [ 81.403161854000075, 6.278255166000065 ], [ 81.403141995000055, 6.278278600000021 ], [ 81.403119359000073, 6.278310647000069 ], [ 81.403098002000036, 6.278346115000033 ], [ 81.403079650000052, 6.278381918000036 ], [ 81.403063752000037, 6.278418805000058 ], [ 81.403050755000038, 6.278455845000053 ], [ 81.403040998000051, 6.278492091000032 ], [ 81.403034194000043, 6.278530265000029 ], [ 81.403031597000052, 6.278565709000077 ], [ 81.403033095000069, 6.278597835000028 ], [ 81.403039073000059, 6.278632185000049 ], [ 81.403050111000084, 6.278670420000026 ], [ 81.403065183000081, 6.278709015000061 ], [ 81.403083121000066, 6.278747631000044 ], [ 81.403114008000045, 6.278805887000033 ], [ 81.403160740000033, 6.278884588000039 ], [ 81.403195111000059, 6.278931071000045 ], [ 81.403221605000056, 6.278961511000034 ], [ 81.403256617000068, 6.278997936000053 ], [ 81.403366973000061, 6.279101967000031 ], [ 81.403410020000081, 6.279145242000027 ], [ 81.403435165000076, 6.279172656000071 ], [ 81.403459989000055, 6.279202681000072 ], [ 81.403491345000077, 6.279245067000033 ], [ 81.403523635000056, 6.279292964000035 ], [ 81.403552494000053, 6.279339193000055 ], [ 81.403620656000044, 6.279459666000037 ], [ 81.403740023000069, 6.279689466000036 ], [ 81.403831774000082, 6.279850926000051 ], [ 81.403873609000073, 6.279936462000023 ], [ 81.403931852000085, 6.28006629500004 ], [ 81.403972489000068, 6.280147051000029 ], [ 81.403994394000051, 6.280184637000048 ], [ 81.404015205000064, 6.280215980000037 ], [ 81.404029822000041, 6.280235412000025 ], [ 81.404058664000047, 6.28026936200007 ], [ 81.40407556200006, 6.280292486000064 ], [ 81.404105662000063, 6.280343509000033 ], [ 81.404122948000065, 6.280379562000064 ], [ 81.404140336000069, 6.280421171000057 ], [ 81.404191640000079, 6.280561985000077 ], [ 81.40421135400004, 6.280612040000051 ], [ 81.404233041000055, 6.280659065000066 ], [ 81.404255479000085, 6.280698786000073 ], [ 81.404279775000077, 6.280733068000075 ], [ 81.404306231000078, 6.280762220000042 ], [ 81.404336775000047, 6.280788096000038 ], [ 81.404380782000032, 6.280819913000073 ], [ 81.404427509000072, 6.280849057000069 ], [ 81.404474140000048, 6.280873501000031 ], [ 81.404519888000038, 6.280892835000031 ], [ 81.404564273000062, 6.280906861000062 ], [ 81.40459836000008, 6.280914601000063 ], [ 81.40463247100007, 6.280920430000037 ], [ 81.404665554000076, 6.280924163000066 ], [ 81.404697221000049, 6.280925766000053 ], [ 81.404727294000054, 6.280925210000021 ], [ 81.404755332000036, 6.280922485000076 ], [ 81.404778544000067, 6.280917991000024 ], [ 81.404802197000038, 6.280910945000073 ], [ 81.404825144000085, 6.28090187600003 ], [ 81.404848790000074, 6.28089041000004 ], [ 81.404899343000068, 6.280859692000035 ], [ 81.404945873000031, 6.280825804000074 ], [ 81.405065083000068, 6.280732371000056 ], [ 81.405108419000044, 6.280693198000051 ], [ 81.405149984000047, 6.280648443000075 ], [ 81.405190221000055, 6.280597638000074 ], [ 81.405229931000065, 6.280539774000033 ], [ 81.405262282000081, 6.280486969000037 ], [ 81.405296457000077, 6.280426196000064 ], [ 81.405404129000033, 6.280218568000066 ], [ 81.405445406000069, 6.280142579000028 ], [ 81.405488566000031, 6.280070379000051 ], [ 81.405530757000065, 6.280008258000066 ], [ 81.405570750000038, 6.279957177000028 ], [ 81.40561198100005, 6.279911949000052 ], [ 81.405647722000083, 6.279878263000057 ], [ 81.405712781000034, 6.279823642000053 ], [ 81.40576191200006, 6.279774474000021 ], [ 81.405800641000042, 6.279723968000042 ], [ 81.405844735000073, 6.279656961000057 ], [ 81.405867819000036, 6.279627124000058 ], [ 81.405885717000046, 6.279607368000029 ], [ 81.405923212000062, 6.279574470000057 ], [ 81.405967316000044, 6.279543609000029 ], [ 81.406018027000073, 6.27951476800007 ], [ 81.406078194000031, 6.279486459000054 ], [ 81.406166264000035, 6.279451178000045 ], [ 81.406283012000074, 6.279410464000023 ], [ 81.40635274400006, 6.279391124000028 ], [ 81.406422620000058, 6.279377318000058 ], [ 81.406475442000044, 6.279370308000068 ], [ 81.406529242000033, 6.279365866000035 ], [ 81.406584808000048, 6.279363856000032 ], [ 81.406644208000046, 6.279364374000068 ], [ 81.406701420000047, 6.279367174000072 ], [ 81.406765103000055, 6.279372632000047 ], [ 81.406829945000084, 6.279380521000064 ], [ 81.406896965000044, 6.279390681000052 ], [ 81.406994435000058, 6.279408657000033 ], [ 81.407108190000031, 6.27943324000006 ], [ 81.407211615000051, 6.279457712000067 ], [ 81.40742457500005, 6.279511342000035 ], [ 81.407608180000068, 6.279554046000044 ], [ 81.407762120000029, 6.279584241000066 ], [ 81.407962583000085, 6.279618988000038 ], [ 81.408120721000046, 6.279648347000034 ], [ 81.408252350000055, 6.279675545000032 ], [ 81.408367896000073, 6.27970274200004 ], [ 81.408455778000075, 6.279726158000074 ], [ 81.408536125000069, 6.279750119000028 ], [ 81.408613040000034, 6.279775768000036 ], [ 81.408686940000052, 6.279803294000033 ], [ 81.40874347700003, 6.279827235000027 ], [ 81.408798598000033, 6.279853136000042 ], [ 81.408853239000052, 6.279880504000062 ], [ 81.408999746000063, 6.279957888000069 ], [ 81.409087305000071, 6.280000264000023 ], [ 81.409156249000034, 6.280031424000072 ], [ 81.409290626000029, 6.280086931000028 ], [ 81.409359174000031, 6.28011256000002 ], [ 81.409421492000035, 6.280132088000073 ], [ 81.409478008000065, 6.280144536000023 ], [ 81.409514515000069, 6.280149508000022 ], [ 81.409551437000061, 6.280152491000024 ], [ 81.409593987000051, 6.28015358500005 ], [ 81.409633731000042, 6.280152670000064 ], [ 81.409677840000086, 6.280149739000024 ], [ 81.409722937000083, 6.28014480500002 ], [ 81.409819966000043, 6.280128864000062 ], [ 81.409918479000055, 6.28010688300003 ], [ 81.410011569000062, 6.280080073000022 ], [ 81.410101123000061, 6.280046963000075 ], [ 81.410195183000042, 6.280004993000034 ], [ 81.410252094000043, 6.279976325000064 ], [ 81.410308176000058, 6.279945836000024 ], [ 81.410365115000047, 6.279912811000031 ], [ 81.410421901000063, 6.279877661000057 ], [ 81.410464674000082, 6.279848839000067 ], [ 81.410505029000035, 6.279819374000056 ], [ 81.410546947000057, 6.279786387000058 ], [ 81.410590049000064, 6.279750012000022 ], [ 81.410675882000078, 6.279670467000074 ], [ 81.410765998000045, 6.279577752000023 ], [ 81.410875370000042, 6.279456566000022 ], [ 81.411029841000072, 6.279276444000061 ], [ 81.411098557000059, 6.27919207900004 ], [ 81.411175331000038, 6.279092715000047 ], [ 81.411253176000059, 6.27898766900006 ], [ 81.411383479000051, 6.278807224000047 ], [ 81.411497978000057, 6.278652760000057 ], [ 81.411847717000057, 6.278191866000043 ], [ 81.412100511000062, 6.277854483000056 ], [ 81.412429188000033, 6.277407164000067 ], [ 81.412752612000077, 6.276957620000076 ], [ 81.412966535000066, 6.276847860000032 ], [ 81.413196455000048, 6.276725684000041 ], [ 81.41327874600006, 6.276683430000048 ], [ 81.413334974000065, 6.276657168000042 ], [ 81.413389394000035, 6.276633709000066 ], [ 81.413461894000079, 6.276604243000065 ], [ 81.413513367000064, 6.276585733000047 ], [ 81.413556379000056, 6.276572963000035 ], [ 81.413599679000072, 6.276563159000034 ], [ 81.41364844800006, 6.27655494000004 ], [ 81.413697705000061, 6.276549132000071 ], [ 81.41374178600006, 6.276546185000029 ], [ 81.413810522000063, 6.276544063000074 ], [ 81.413926503000084, 6.276546948000032 ], [ 81.413968773000079, 6.276546554000049 ], [ 81.414017688000058, 6.276542800000072 ], [ 81.414047169000071, 6.276535049000074 ], [ 81.414073190000067, 6.276521436000053 ], [ 81.414107603000048, 6.27649640900006 ], [ 81.414155484000048, 6.276456933000077 ], [ 81.414221167000051, 6.276395082000022 ], [ 81.414249473000041, 6.276373991000071 ], [ 81.414278180000053, 6.276357176000033 ], [ 81.414312688000052, 6.276341173000048 ], [ 81.414354649000074, 6.276325569000051 ], [ 81.414461902000085, 6.276293778000024 ], [ 81.41452152800008, 6.276273550000042 ], [ 81.414568230000043, 6.276250692000076 ], [ 81.414626380000072, 6.276213092000035 ], [ 81.41466332400006, 6.276192491000074 ], [ 81.414679271000068, 6.276185806000058 ], [ 81.414694747000055, 6.276181318000056 ], [ 81.414708853000036, 6.276179408000075 ], [ 81.41472268900003, 6.276180045000046 ], [ 81.414747270000078, 6.276188019000074 ], [ 81.414770675000057, 6.276200679000056 ], [ 81.414792951000038, 6.276217048000035 ], [ 81.414811408000048, 6.276236370000049 ], [ 81.414822678000064, 6.276256197000066 ], [ 81.414829436000048, 6.276278047000062 ], [ 81.414832911000076, 6.276302824000027 ], [ 81.414831517000039, 6.276326937000022 ], [ 81.414828057000079, 6.27633841200003 ], [ 81.414821926000059, 6.276348290000044 ], [ 81.414812759000085, 6.276357480000058 ], [ 81.414799651000067, 6.276366953000036 ], [ 81.414748395000061, 6.276393723000069 ], [ 81.414708610000048, 6.276417073000061 ], [ 81.414660096000034, 6.276440911000066 ], [ 81.414637732000074, 6.276454321000074 ], [ 81.41462492800008, 6.276463832000047 ], [ 81.414612187000046, 6.276476211000045 ], [ 81.41460089800006, 6.276491680000049 ], [ 81.414592491000064, 6.27650729800007 ], [ 81.414579031000073, 6.276538823000067 ], [ 81.414559494000059, 6.276592880000067 ], [ 81.414540754000029, 6.276656693000064 ], [ 81.414527433000046, 6.276709829000026 ], [ 81.41452115800007, 6.276754346000075 ], [ 81.414519987000062, 6.276789431000054 ], [ 81.414521629000035, 6.276831808000054 ], [ 81.414533921000043, 6.276952971000071 ], [ 81.414534054000057, 6.276955389000022 ], [ 81.414539295000054, 6.277051114000074 ], [ 81.414543199000036, 6.277083377000054 ], [ 81.414548395000054, 6.277108444000021 ], [ 81.414556471000083, 6.277136257000052 ], [ 81.414567505000036, 6.277165452000077 ], [ 81.414580570000055, 6.27719432400005 ], [ 81.414592141000071, 6.277214278000031 ], [ 81.414605169000083, 6.277230793000058 ], [ 81.414619693000077, 6.277243359000067 ], [ 81.414640466000037, 6.277255050000065 ], [ 81.41466360700008, 6.27726360500003 ], [ 81.414690562000033, 6.27726992700002 ], [ 81.41471801800003, 6.277273285000035 ], [ 81.414746200000081, 6.277273678000029 ], [ 81.414774281000064, 6.277271115000076 ], [ 81.414801139000076, 6.27726586600005 ], [ 81.414826967000067, 6.277257560000066 ], [ 81.41484289400006, 6.277250170000059 ], [ 81.41485769500008, 6.277240806000066 ], [ 81.414869251000084, 6.277230614000075 ], [ 81.414878957000042, 6.277218306000066 ], [ 81.414888544000064, 6.277201155000057 ], [ 81.414897352000082, 6.277179881000052 ], [ 81.414905733000069, 6.277155503000074 ], [ 81.414911873000051, 6.277132115000029 ], [ 81.414917544000048, 6.277095700000075 ], [ 81.414919205000047, 6.277044531000058 ], [ 81.414917990000049, 6.276978579000058 ], [ 81.414916970000036, 6.276954919000048 ], [ 81.414912363000042, 6.276848190000067 ], [ 81.41491248400007, 6.276812403000065 ], [ 81.414914565000061, 6.276783591000026 ], [ 81.414921998000068, 6.276740317000076 ], [ 81.41493373600008, 6.276696342000037 ], [ 81.414949850000085, 6.276650980000056 ], [ 81.414970113000038, 6.276604803000055 ], [ 81.41499415800007, 6.276558350000073 ], [ 81.415022400000055, 6.276510712000061 ], [ 81.41505408200004, 6.276462980000076 ], [ 81.415087946000085, 6.276417543000036 ], [ 81.415117575000068, 6.276386557000023 ], [ 81.41514107100005, 6.27636429100005 ], [ 81.415231069000072, 6.276288426000065 ], [ 81.415262602000041, 6.276259985000024 ], [ 81.415291416000059, 6.27622989300005 ], [ 81.415314205000072, 6.276200527000071 ], [ 81.415332180000064, 6.276170295000043 ], [ 81.415348644000062, 6.276134455000033 ], [ 81.415362716000061, 6.276096647000031 ], [ 81.415397375000055, 6.275992869000049 ], [ 81.415409448000048, 6.275962707000076 ], [ 81.415421888000083, 6.275936623000064 ], [ 81.415449987000045, 6.275889582000048 ], [ 81.415483884000082, 6.27583832800002 ], [ 81.415514157000075, 6.27579731700007 ], [ 81.415544062000038, 6.275761603000035 ], [ 81.41557393000005, 6.275730749000047 ], [ 81.415604120000069, 6.275704348000033 ], [ 81.41563698200008, 6.275680541000042 ], [ 81.415674468000077, 6.275657791000071 ], [ 81.415717448000066, 6.275635585000032 ], [ 81.415767903000074, 6.275612918000036 ], [ 81.415852881000035, 6.275578858000074 ], [ 81.415903288000038, 6.27556088700004 ], [ 81.415963335000072, 6.275542666000035 ], [ 81.416028332000053, 6.275526075000073 ], [ 81.416097935000039, 6.275511110000025 ], [ 81.416181663000032, 6.275495746000047 ], [ 81.416261451000082, 6.275482461000024 ], [ 81.416324975000066, 6.275473953000073 ], [ 81.416382438000085, 6.275468863000071 ], [ 81.416435186000058, 6.275467138000067 ], [ 81.416496782000081, 6.275469701000077 ], [ 81.416556798000045, 6.275477833000025 ], [ 81.416608092000047, 6.275488388000042 ], [ 81.416756754000062, 6.275524137000048 ], [ 81.416787989000056, 6.275535527000045 ], [ 81.416812337000067, 6.275549389000048 ], [ 81.416830671000071, 6.27556596900007 ], [ 81.416846987000042, 6.275588851000066 ], [ 81.416858773000058, 6.275611032000029 ], [ 81.416886567000063, 6.275670571000035 ], [ 81.416934928000046, 6.275757400000032 ], [ 81.416945816000066, 6.275781997000024 ], [ 81.416953245000059, 6.275804686000072 ], [ 81.41695760600004, 6.275827180000022 ], [ 81.416959697000038, 6.275852951000047 ], [ 81.416959048000081, 6.275964030000068 ], [ 81.416968992000079, 6.276042852000046 ], [ 81.416980960000046, 6.276108587000067 ], [ 81.416996377000032, 6.276176632000045 ], [ 81.417011235000075, 6.276230643000076 ], [ 81.417030018000048, 6.276288639000029 ], [ 81.417067986000063, 6.276390344000049 ], [ 81.417098543000066, 6.276466461000041 ], [ 81.417111528000078, 6.276495272000034 ], [ 81.417141380000032, 6.276550842000063 ], [ 81.41721700100004, 6.276676904000055 ], [ 81.417247935000034, 6.27673842300004 ], [ 81.417261731000053, 6.276774215000046 ], [ 81.41727140200004, 6.27680861500005 ], [ 81.417276734000041, 6.276838990000044 ], [ 81.417279644000075, 6.27688017600002 ], [ 81.417284968000047, 6.276902026000073 ], [ 81.417289948000075, 6.276914179000073 ], [ 81.417297499000085, 6.276927127000022 ], [ 81.417317901000047, 6.276952012000038 ], [ 81.417345867000051, 6.277015544000051 ], [ 81.417374988000063, 6.277075640000021 ], [ 81.417410390000043, 6.277138184000023 ], [ 81.41745770700004, 6.277211417000046 ], [ 81.417475520000039, 6.277245493000066 ], [ 81.417477369000039, 6.277250112000047 ], [ 81.417489323000041, 6.27727997900007 ], [ 81.417506824000043, 6.277343037000037 ], [ 81.417525571000056, 6.277441375000024 ], [ 81.417544679000059, 6.277520953000021 ], [ 81.417559579000056, 6.277568379000058 ], [ 81.417597257000068, 6.277673548000053 ], [ 81.417611389000058, 6.277720780000038 ], [ 81.417624542000055, 6.277781487000027 ], [ 81.417634025000041, 6.277863249000063 ], [ 81.41764058900003, 6.277887537000026 ], [ 81.417651663000072, 6.277909282000053 ], [ 81.417664863000084, 6.277924413000051 ], [ 81.417681153000046, 6.277937605000034 ], [ 81.417702944000041, 6.277951095000049 ], [ 81.417730841000036, 6.277965502000029 ], [ 81.41777290400006, 6.277985089000026 ], [ 81.417815244000053, 6.278002652000055 ], [ 81.417853404000084, 6.278016775000026 ], [ 81.417888799000082, 6.278027058000021 ], [ 81.41791216200005, 6.278031811000062 ], [ 81.417933422000033, 6.278034347000073 ], [ 81.417953544000056, 6.278034796000043 ], [ 81.417971916000056, 6.27803315500006 ], [ 81.417987690000075, 6.278029765000042 ], [ 81.418004111000073, 6.278024150000022 ], [ 81.41802388800005, 6.278014972000051 ], [ 81.418043027000067, 6.278004035000038 ], [ 81.418070388000046, 6.277984153000034 ], [ 81.418092213000079, 6.277962418000072 ], [ 81.418105757000035, 6.277940865000062 ], [ 81.418113635000054, 6.277917770000045 ], [ 81.41811804300005, 6.277893003000031 ], [ 81.418122535000066, 6.277834444000064 ], [ 81.418128126000056, 6.277794666000034 ], [ 81.418159539000044, 6.277673908000054 ], [ 81.41816749700007, 6.27763757200006 ], [ 81.418172843000036, 6.277604437000036 ], [ 81.418175404000067, 6.277573351000058 ], [ 81.418175589000043, 6.277542373000074 ], [ 81.418173563000039, 6.277509029000043 ], [ 81.418168944000058, 6.277470225000059 ], [ 81.418159589000084, 6.277413863000049 ], [ 81.418135062000033, 6.277293876000044 ], [ 81.418108461000031, 6.277135650000048 ], [ 81.418098016000044, 6.277086857000029 ], [ 81.418093079000073, 6.277063799000075 ], [ 81.418082364000043, 6.27702090400004 ], [ 81.418074324000031, 6.276994879000029 ], [ 81.418063120000056, 6.276966855000069 ], [ 81.41805499700007, 6.27695105600003 ], [ 81.418049212000085, 6.27693980500004 ], [ 81.418030185000077, 6.276907308000034 ], [ 81.418009426000083, 6.276876075000075 ], [ 81.417990085000042, 6.276850723000052 ], [ 81.417963623000048, 6.276819488000058 ], [ 81.417917048000049, 6.276771846000031 ], [ 81.41789977600007, 6.276752128000055 ], [ 81.41788138000004, 6.276728081000044 ], [ 81.417865696000035, 6.276701738000042 ], [ 81.417857394000066, 6.276682910000034 ], [ 81.417848675000073, 6.276657931000045 ], [ 81.417836719000036, 6.276610763000065 ], [ 81.417827536000061, 6.276553449000062 ], [ 81.417823038000051, 6.276497911000035 ], [ 81.417823963000046, 6.276430633000075 ], [ 81.417830614000081, 6.276365512000041 ], [ 81.417843527000059, 6.276299204000054 ], [ 81.417864793000035, 6.276221299000042 ], [ 81.417890577000037, 6.276144865000049 ], [ 81.417912816000069, 6.276093657000047 ], [ 81.41793692400006, 6.276051270000039 ], [ 81.417971541000043, 6.276004648000026 ], [ 81.418032994000043, 6.275935821000076 ], [ 81.418102989000033, 6.275867542000071 ], [ 81.418150534000063, 6.275805785000045 ], [ 81.418171854000036, 6.275780161000057 ], [ 81.41818444300003, 6.275767735000045 ], [ 81.418207305000067, 6.275751682000021 ], [ 81.418233650000047, 6.275740343000052 ], [ 81.418269872000053, 6.275730673000055 ], [ 81.418305253000085, 6.275725134000027 ], [ 81.41832577100007, 6.275723933000052 ], [ 81.418349075000037, 6.275725037000029 ], [ 81.418406370000071, 6.275733233000039 ], [ 81.418456477000063, 6.275736789000064 ], [ 81.41850353600006, 6.275735914000052 ], [ 81.418611352000084, 6.275730163000048 ], [ 81.41877377000003, 6.275735935000057 ], [ 81.418840015000058, 6.275734501000045 ], [ 81.418928713000071, 6.275730363000037 ], [ 81.419086253000046, 6.275719077000076 ], [ 81.419160845000079, 6.275718273000052 ], [ 81.419235385000036, 6.275720849000038 ], [ 81.419291071000032, 6.275728454000046 ], [ 81.419318149000048, 6.275735617000066 ], [ 81.419345487000044, 6.275744935000034 ], [ 81.419409999000038, 6.275773320000042 ], [ 81.419481460000043, 6.275808745000063 ], [ 81.419534377000048, 6.275831211000025 ], [ 81.419575948000045, 6.275841170000035 ], [ 81.419616887000075, 6.275844935000066 ], [ 81.419659433000049, 6.27584545600007 ], [ 81.419753272000037, 6.275841605000039 ], [ 81.419838046000052, 6.275836303000062 ], [ 81.419891557000085, 6.275831199000038 ], [ 81.419933872000058, 6.275824982000074 ], [ 81.419969771000069, 6.27581742600006 ], [ 81.420002371000066, 6.275808175000066 ], [ 81.420034204000046, 6.275796288000038 ], [ 81.420078163000085, 6.275773848000028 ], [ 81.420122930000048, 6.275743757000043 ], [ 81.420175544000074, 6.275701124000022 ], [ 81.420224042000029, 6.275657760000058 ], [ 81.420292929000084, 6.275592148000044 ], [ 81.420344327000066, 6.275538256000061 ], [ 81.420390228000031, 6.275483837000024 ], [ 81.420429979000062, 6.275429030000055 ], [ 81.420452283000031, 6.275393002000044 ], [ 81.420470432000059, 6.275358887000039 ], [ 81.420487833000038, 6.275321099000053 ], [ 81.42051239400007, 6.275261047000072 ], [ 81.420587468000065, 6.275053764000063 ], [ 81.420652095000037, 6.274858554000048 ], [ 81.419998814000053, 6.274224509000021 ], [ 81.419963840000037, 6.274226469000041 ], [ 81.419931373000054, 6.274231616000066 ], [ 81.419901409000033, 6.274239954000052 ], [ 81.419873951000056, 6.274251480000032 ], [ 81.419849596000063, 6.274265787000047 ], [ 81.419828572000085, 6.274282475000064 ], [ 81.419811537000044, 6.274301722000075 ], [ 81.419795198000031, 6.274326463000023 ], [ 81.419777244000045, 6.274360953000041 ], [ 81.419747747000031, 6.274426316000074 ], [ 81.419734494000068, 6.274462135000022 ], [ 81.419720926000082, 6.274506583000061 ], [ 81.419694788000072, 6.27460409400004 ], [ 81.419688318000055, 6.274641217000067 ], [ 81.419673714000055, 6.274745665000069 ], [ 81.419667283000081, 6.274776789000043 ], [ 81.419659617000036, 6.274803772000041 ], [ 81.419650832000059, 6.274826779000023 ], [ 81.419640448000052, 6.274847523000062 ], [ 81.419623992000083, 6.274873283000034 ] ] ], [ [ [ 81.436151059000053, 6.292079290000061 ], [ 81.436115394000069, 6.292117854000026 ], [ 81.436085070000047, 6.29214246500004 ], [ 81.436053100000038, 6.292159166000033 ], [ 81.436015597000051, 6.292170819000034 ], [ 81.435968617000071, 6.292178073000059 ], [ 81.435939208000036, 6.292180226000028 ], [ 81.435918718000039, 6.292180021000036 ], [ 81.435895569000081, 6.292175846000021 ], [ 81.435870942000065, 6.29216696900005 ], [ 81.435844352000061, 6.29215345800003 ], [ 81.435766277000084, 6.292107891000057 ], [ 81.435740838000072, 6.292097194000064 ], [ 81.435716762000084, 6.292091045000063 ], [ 81.43569072300005, 6.29208718600006 ], [ 81.435661377000031, 6.292084787000022 ], [ 81.435556287000054, 6.292082807000043 ], [ 81.435481863000064, 6.292078214000071 ], [ 81.435449660000074, 6.292080197000075 ], [ 81.43542386200005, 6.29208735800006 ], [ 81.435401329000058, 6.292099723000035 ], [ 81.435378111000034, 6.292118437000056 ], [ 81.435357299000032, 6.29213945500004 ], [ 81.43530925400006, 6.292192883000041 ], [ 81.435284108000076, 6.292216594000024 ], [ 81.435237753000081, 6.292252665000035 ], [ 81.435123072000067, 6.29233664700007 ], [ 81.43506353600003, 6.292385234000051 ], [ 81.435003337000069, 6.292439674000036 ], [ 81.43484378200003, 6.292591075000075 ], [ 81.43481526000005, 6.292615242000068 ], [ 81.43472950000006, 6.292682840000055 ], [ 81.434704834000058, 6.292705474000059 ], [ 81.434684893000053, 6.292727183000068 ], [ 81.43467081700004, 6.292745877000073 ], [ 81.434658757000079, 6.292765794000047 ], [ 81.434647916000074, 6.292788225000038 ], [ 81.434638229000029, 6.292813378000062 ], [ 81.434624392000046, 6.292861279000022 ], [ 81.434601407000059, 6.292966253000031 ], [ 81.434589664000043, 6.293010793000064 ], [ 81.434542886000031, 6.293150952000076 ], [ 81.434508396000069, 6.293240227000069 ], [ 81.43448335800008, 6.293296936000047 ], [ 81.434454285000072, 6.293357792000052 ], [ 81.434345950000079, 6.293569238000032 ], [ 81.43431600100007, 6.293624224000041 ], [ 81.434288385000059, 6.293667529000061 ], [ 81.434254833000068, 6.293709746000047 ], [ 81.434236988000066, 6.29372771200002 ], [ 81.434216652000032, 6.293745502000036 ], [ 81.434170910000034, 6.29377931700003 ], [ 81.434073211000054, 6.29384205100007 ], [ 81.43403320300007, 6.293869948000065 ], [ 81.433994582000082, 6.293901872000049 ], [ 81.433951996000076, 6.293943609000053 ], [ 81.433919968000055, 6.29397898600007 ], [ 81.433886144000041, 6.294019662000039 ], [ 81.433756278000033, 6.294189902000028 ], [ 81.433697235000068, 6.294261160000076 ], [ 81.433647803000042, 6.294312728000023 ], [ 81.433575337000036, 6.294377702000077 ], [ 81.43352221400005, 6.294429251000054 ], [ 81.43347149300007, 6.294483165000031 ], [ 81.433411572000068, 6.294550938000043 ], [ 81.433370363000051, 6.294600481000032 ], [ 81.433331348000081, 6.294650262000062 ], [ 81.433305811000082, 6.294687486000043 ], [ 81.433285324000053, 6.294723220000037 ], [ 81.433270528000037, 6.294755654000028 ], [ 81.433258839000075, 6.294788445000052 ], [ 81.433248941000045, 6.294824179000045 ], [ 81.433239961000083, 6.29486726500005 ], [ 81.433228163000081, 6.29495144200007 ], [ 81.433215109000059, 6.295087185000057 ], [ 81.433193810000034, 6.29521776100006 ], [ 81.433187805000046, 6.295266304000052 ], [ 81.433185841000068, 6.295299648000025 ], [ 81.433186550000073, 6.295331727000075 ], [ 81.433190147000062, 6.295360929000026 ], [ 81.433197742000061, 6.295391730000063 ], [ 81.43320824400007, 6.295423355000025 ], [ 81.433222448000038, 6.295459116000075 ], [ 81.433236039000064, 6.295485142000075 ], [ 81.433251154000061, 6.295505382000044 ], [ 81.433266441000058, 6.29551848400007 ], [ 81.433277611000051, 6.29552459100006 ], [ 81.433305265000058, 6.295533065000029 ], [ 81.43333990900004, 6.295536483000035 ], [ 81.433381716000042, 6.29553485100007 ], [ 81.433441921000053, 6.295526352000024 ], [ 81.433492198000067, 6.295514918000038 ], [ 81.433529960000044, 6.295500910000044 ], [ 81.433545293000066, 6.295492644000035 ], [ 81.433558341000037, 6.295483498000067 ], [ 81.433572128000037, 6.295469930000024 ], [ 81.433582554000054, 6.295453108000061 ], [ 81.433590418000051, 6.295433723000031 ], [ 81.433610108000039, 6.295372963000034 ], [ 81.433633156000042, 6.295330812000032 ], [ 81.433651932000032, 6.295303014000069 ], [ 81.433673097000053, 6.295275599000036 ], [ 81.433696676000068, 6.295248541000035 ], [ 81.433722697000064, 6.29522180500004 ], [ 81.43377636300005, 6.295173911000063 ], [ 81.433838738000077, 6.29512648900004 ], [ 81.433903498000063, 6.295083354000042 ], [ 81.433989797000038, 6.295032608000042 ], [ 81.434008977000076, 6.295019258000025 ], [ 81.434026450000033, 6.295004057000028 ], [ 81.434044576000076, 6.294985348000068 ], [ 81.434115568000038, 6.29490135900005 ], [ 81.434153036000055, 6.294866536000029 ], [ 81.434213986000032, 6.294820077000054 ], [ 81.434356648000062, 6.294723454000064 ], [ 81.434388022000064, 6.29469978000003 ], [ 81.434415343000069, 6.294676975000073 ], [ 81.434444290000044, 6.294649458000038 ], [ 81.434472404000076, 6.294618336000042 ], [ 81.434501416000046, 6.29458209400002 ], [ 81.434584560000076, 6.294471827000052 ], [ 81.434609935000083, 6.294442116000027 ], [ 81.434647463000033, 6.294402383000033 ], [ 81.434698823000076, 6.294350063000024 ], [ 81.434741314000064, 6.294310747000054 ], [ 81.434781466000061, 6.294278374000044 ], [ 81.434821244000034, 6.294251485000075 ], [ 81.434881875000031, 6.294216883000047 ], [ 81.434941791000085, 6.294189020000033 ], [ 81.434999893000054, 6.294168418000027 ], [ 81.435055136000074, 6.29415543500005 ], [ 81.435086424000076, 6.294152487000076 ], [ 81.435121847000062, 6.294153021000056 ], [ 81.43524366500003, 6.294166847000042 ], [ 81.43528995500003, 6.29416933300007 ], [ 81.435378810000032, 6.294162982000046 ], [ 81.435427333000064, 6.294155304000071 ], [ 81.43545940100006, 6.294144968000069 ], [ 81.435496509000075, 6.294125797000049 ], [ 81.435530143000051, 6.294102499000076 ], [ 81.435552597000083, 6.294081633000076 ], [ 81.435557560000063, 6.294077019000042 ], [ 81.43557652700008, 6.294051887000023 ], [ 81.435588205000045, 6.294025541000053 ], [ 81.435595653000064, 6.293991637000033 ], [ 81.435598828000082, 6.293948624000052 ], [ 81.435598843000037, 6.293866139000045 ], [ 81.435597118000032, 6.293836121000027 ], [ 81.435591631000079, 6.293795445000057 ], [ 81.435572041000057, 6.293685639000046 ], [ 81.435568882000041, 6.293656116000022 ], [ 81.435566687000062, 6.293613040000025 ], [ 81.435565909000047, 6.293559205000065 ], [ 81.435567042000059, 6.293500132000077 ], [ 81.435577149000039, 6.293300960000067 ], [ 81.435581812000066, 6.293257587000028 ], [ 81.435589648000075, 6.293221342000038 ], [ 81.435603398000069, 6.29318022800004 ], [ 81.435622261000049, 6.293137815000023 ], [ 81.435644619000072, 6.293096866000042 ], [ 81.43567132000004, 6.293055136000021 ], [ 81.435701416000029, 6.293013864000045 ], [ 81.435746147000032, 6.292957131000037 ], [ 81.435747941000045, 6.292955067000037 ], [ 81.435778122000045, 6.292920325000068 ], [ 81.435808246000079, 6.292889562000028 ], [ 81.435837388000039, 6.292863963000059 ], [ 81.435865804000059, 6.292843314000038 ], [ 81.435888609000074, 6.292830023000022 ], [ 81.435911110000063, 6.292819911000038 ], [ 81.435933352000063, 6.292812956000034 ], [ 81.435955363000062, 6.292809151000029 ], [ 81.435968610000032, 6.29280859000005 ], [ 81.435983327000031, 6.292809958000021 ], [ 81.43605240100004, 6.292823474000045 ], [ 81.436068868000064, 6.292823633000069 ], [ 81.436088465000068, 6.292820628000072 ], [ 81.436114154000052, 6.292814717000056 ], [ 81.436134716000083, 6.292807435000043 ], [ 81.436150453000039, 6.29279867300005 ], [ 81.436161346000063, 6.29278843000003 ], [ 81.436168887000065, 6.292774091000069 ], [ 81.436173346000032, 6.292754511000055 ], [ 81.436174962000052, 6.292730963000054 ], [ 81.436174716000039, 6.292688201000033 ], [ 81.436169545000041, 6.292655824000065 ], [ 81.436148499000069, 6.292589402000033 ], [ 81.436142285000074, 6.292560985000023 ], [ 81.436141170000042, 6.292546221000066 ], [ 81.436141846000055, 6.292528251000022 ], [ 81.436148248000052, 6.292489399000033 ], [ 81.436157079000054, 6.292457289000026 ], [ 81.436203256000056, 6.292310612000051 ], [ 81.436260744000037, 6.29214494100006 ], [ 81.436313706000078, 6.291985621000038 ], [ 81.43634142500008, 6.291913645000022 ], [ 81.436394548000067, 6.291794569000047 ], [ 81.436413361000064, 6.291765057000021 ], [ 81.436422803000085, 6.291755524000052 ], [ 81.436687906000031, 6.291385949000073 ], [ 81.436655805000044, 6.29137444600002 ], [ 81.436616877000063, 6.291365263000046 ], [ 81.436575770000047, 6.291361350000045 ], [ 81.436550299000032, 6.291363812000043 ], [ 81.43653596200005, 6.291367792000074 ], [ 81.436518422000063, 6.291374817000076 ], [ 81.436488202000078, 6.291391543000032 ], [ 81.436455232000071, 6.291418130000068 ], [ 81.436430279000035, 6.29144477400007 ], [ 81.436400460000073, 6.291489059000071 ], [ 81.436372307000056, 6.291537392000066 ], [ 81.436340321000046, 6.291598915000066 ], [ 81.436317017000079, 6.291651628000068 ], [ 81.436295076000079, 6.291709603000072 ], [ 81.436265177000053, 6.29179659700003 ], [ 81.436240740000073, 6.291877086000056 ], [ 81.436222082000086, 6.291951380000057 ], [ 81.436212171000079, 6.291980477000038 ], [ 81.436203784000043, 6.291999737000026 ], [ 81.436180479000029, 6.292039800000055 ], [ 81.436151059000053, 6.292079290000061 ] ] ], [ [ [ 81.47209988700007, 6.309138972000028 ], [ 81.472086234000074, 6.309187242000064 ], [ 81.472072190000063, 6.30926056900006 ], [ 81.47206363500004, 6.309338552000042 ], [ 81.472058548000064, 6.309429161000025 ], [ 81.472053629000072, 6.309579401000065 ], [ 81.472043196000072, 6.309713895000073 ], [ 81.472034372000053, 6.309777602000054 ], [ 81.472022425000034, 6.309828745000061 ], [ 81.472003423000046, 6.309873738000022 ], [ 81.471980287000065, 6.309917170000062 ], [ 81.471897637000041, 6.310053948000075 ], [ 81.471859779000056, 6.310112029000038 ], [ 81.471822472000042, 6.310162037000055 ], [ 81.471786899000051, 6.310198466000031 ], [ 81.471766215000059, 6.310215368000058 ], [ 81.471734821000041, 6.310237962000031 ], [ 81.471681100000069, 6.310271645000057 ], [ 81.471650884000042, 6.31029873600005 ], [ 81.471630116000085, 6.310325072000069 ], [ 81.47161102900003, 6.310352829000067 ], [ 81.471572435000041, 6.310419404000072 ], [ 81.471549533000029, 6.31045438600006 ], [ 81.471527855000033, 6.310481926000023 ], [ 81.47150380000005, 6.310504776000073 ], [ 81.471487642000056, 6.310517110000035 ], [ 81.471470993000082, 6.310526968000033 ], [ 81.471448317000068, 6.310536520000028 ], [ 81.47141094400007, 6.310549629000036 ], [ 81.471387597000046, 6.310559987000033 ], [ 81.47122958500006, 6.310641445000044 ], [ 81.471181889000036, 6.310671469000056 ], [ 81.471130069000083, 6.310716886000023 ], [ 81.471029232000035, 6.310816686000067 ], [ 81.47094426700005, 6.310909017000029 ], [ 81.470891489000053, 6.310973209000053 ], [ 81.47081062400008, 6.311078414000065 ], [ 81.470739882000032, 6.311166054000068 ], [ 81.470630390000053, 6.311297153000055 ], [ 81.470576858000072, 6.311357146000034 ], [ 81.470508370000061, 6.311426850000032 ], [ 81.47042409800008, 6.311505454000041 ], [ 81.470383774000084, 6.311536551000074 ], [ 81.470333962000041, 6.311565823000024 ], [ 81.470291663000069, 6.311585439000055 ], [ 81.470247637000057, 6.311601164000024 ], [ 81.470207628000082, 6.31161110100004 ], [ 81.470161459000053, 6.311618145000068 ], [ 81.470114683000077, 6.311621657000046 ], [ 81.470043657000076, 6.311622902000067 ], [ 81.469856175000075, 6.311621162000051 ], [ 81.46975519700004, 6.311622923000073 ], [ 81.469708582000067, 6.311626459000024 ], [ 81.469656666000049, 6.311632322000037 ], [ 81.469613424000045, 6.311639202000038 ], [ 81.469576239000048, 6.31164725800005 ], [ 81.469535882000059, 6.311658163000061 ], [ 81.469489385000031, 6.311673148000068 ], [ 81.469400710000059, 6.311707202000036 ], [ 81.469368003000056, 6.311751746000027 ], [ 81.469339036000065, 6.311796983000022 ], [ 81.469313813000042, 6.311842913000021 ], [ 81.469292333000055, 6.311889535000034 ], [ 81.469274265000081, 6.311937846000035 ], [ 81.469260098000063, 6.311986879000074 ], [ 81.469250350000038, 6.312033994000046 ], [ 81.46924544400008, 6.312079109000024 ], [ 81.469244496000044, 6.312128109000071 ], [ 81.469247512000038, 6.312181683000063 ], [ 81.469254515000046, 6.312240908000035 ], [ 81.469266094000034, 6.312310814000057 ], [ 81.469292812000049, 6.312449561000051 ], [ 81.469306582000058, 6.312510986000063 ], [ 81.469323806000034, 6.312568976000023 ], [ 81.469343953000077, 6.312617875000058 ], [ 81.469369826000047, 6.312663418000056 ], [ 81.469404484000052, 6.31271104700005 ], [ 81.46944694900003, 6.312760376000028 ], [ 81.469519410000032, 6.312837094000031 ], [ 81.469577310000034, 6.312895756000046 ], [ 81.469626940000069, 6.312941488000035 ], [ 81.469674215000055, 6.312979729000062 ], [ 81.469720230000064, 6.31301127200004 ], [ 81.469775545000061, 6.313044972000057 ], [ 81.469811394000033, 6.313063745000022 ], [ 81.469844705000071, 6.313076612000032 ], [ 81.469877566000036, 6.313083851000044 ], [ 81.469925295000053, 6.31308733700007 ], [ 81.469976563000046, 6.313084288000027 ], [ 81.470019961000048, 6.313076289000037 ], [ 81.470038983000052, 6.313070061000076 ], [ 81.47005788000007, 6.313061886000071 ], [ 81.470078028000046, 6.313050949000058 ], [ 81.470098103000055, 6.313037740000027 ], [ 81.470138249000058, 6.313004367000076 ], [ 81.470178815000054, 6.31296138600004 ], [ 81.470221337000055, 6.31290718200006 ], [ 81.470266504000051, 6.312841660000061 ], [ 81.470326700000044, 6.312747861000048 ], [ 81.470347391000075, 6.312705050000034 ], [ 81.470389556000043, 6.312602982000044 ], [ 81.470413, 6.312558033000073 ], [ 81.470426688000032, 6.312537638000038 ], [ 81.47044218800005, 6.312518613000066 ], [ 81.470461517000047, 6.312498210000058 ], [ 81.47048350700004, 6.312477922000028 ], [ 81.470517953000069, 6.312450205000061 ], [ 81.47056013100007, 6.312420312000029 ], [ 81.470676944000047, 6.312344034000034 ], [ 81.470722505000083, 6.312316620000047 ], [ 81.470810203000042, 6.312270717000047 ], [ 81.47101727200004, 6.312172654000051 ], [ 81.471067327000071, 6.312146350000035 ], [ 81.471112134000066, 6.312120409000045 ], [ 81.471177541000031, 6.312079523000023 ], [ 81.47124410400005, 6.312035180000066 ], [ 81.471312263000073, 6.311987087000034 ], [ 81.471382736000066, 6.311934737000058 ], [ 81.471473532000061, 6.311863842000037 ], [ 81.471573123000042, 6.311782468000047 ], [ 81.471894058000032, 6.311509172000058 ], [ 81.472121068000035, 6.311322554000071 ], [ 81.472219420000044, 6.311238259000049 ], [ 81.472295552000048, 6.311167901000033 ], [ 81.472361671000044, 6.311100881000073 ], [ 81.472416202000034, 6.311039472000061 ], [ 81.472480419000078, 6.31095943300005 ], [ 81.47253968800004, 6.310880326000074 ], [ 81.472591889000057, 6.310804706000056 ], [ 81.472637809000048, 6.310731426000075 ], [ 81.472677776000069, 6.310659953000027 ], [ 81.472725805000039, 6.310561549000056 ], [ 81.472780322000062, 6.310456137000074 ], [ 81.472803428000077, 6.310405822000064 ], [ 81.472815988000036, 6.310372762000043 ], [ 81.472825087000047, 6.310342137000021 ], [ 81.472830916000078, 6.310313289000021 ], [ 81.472833531000049, 6.310285914000076 ], [ 81.472832212000071, 6.31025255000003 ], [ 81.472828095000068, 6.310232717000076 ], [ 81.472825568000076, 6.310220543000071 ], [ 81.472813262000045, 6.310185164000075 ], [ 81.472784373000081, 6.310115373000031 ], [ 81.472741172000042, 6.310032256000056 ], [ 81.472703361000072, 6.309965370000043 ], [ 81.47262302200005, 6.309829843000045 ], [ 81.472571995000067, 6.309735175000071 ], [ 81.472547450000036, 6.309684517000051 ], [ 81.47251551800008, 6.309612347000041 ], [ 81.47249980600003, 6.30957128700004 ], [ 81.472490705000041, 6.309541526000032 ], [ 81.47248383200008, 6.309507753000048 ], [ 81.472480934000032, 6.309470928000053 ], [ 81.472482315000036, 6.309430274000022 ], [ 81.472487647000037, 6.30938797400006 ], [ 81.472497771000064, 6.309339324000064 ], [ 81.472511172000054, 6.309291429000041 ], [ 81.472528155000077, 6.309241875000055 ], [ 81.472547852000048, 6.309194546000072 ], [ 81.472567871000081, 6.309154659000058 ], [ 81.472588922000057, 6.309119576000057 ], [ 81.472611408000034, 6.309088402000043 ], [ 81.472635507000064, 6.309060988000056 ], [ 81.47266535600005, 6.309032751000075 ], [ 81.472698769000033, 6.309006262000025 ], [ 81.472736867000037, 6.308980876000021 ], [ 81.472770689000072, 6.308962586000064 ], [ 81.472809655000049, 6.308948476000069 ], [ 81.472852954000075, 6.308939848000023 ], [ 81.472911870000075, 6.30893435400003 ], [ 81.47300259900004, 6.308929652000074 ], [ 81.473041201000058, 6.308924817000047 ], [ 81.473084037000035, 6.308915959000046 ], [ 81.473167625000031, 6.308894535000036 ], [ 81.47321052500007, 6.308881573000065 ], [ 81.473252960000082, 6.308865227000069 ], [ 81.473291286000062, 6.308844218000047 ], [ 81.473316738000051, 6.308824336000043 ], [ 81.473339681000084, 6.308799110000052 ], [ 81.473366056000032, 6.308761713000024 ], [ 81.473405381000077, 6.308700165000062 ], [ 81.47345727700008, 6.308637292000071 ], [ 81.473536378000063, 6.308553194000069 ], [ 81.473619787000075, 6.308475011000041 ], [ 81.473142397000061, 6.308201778000068 ], [ 81.473080296000035, 6.308270524000022 ], [ 81.473015023000073, 6.308334173000048 ], [ 81.472945856000081, 6.308393306000028 ], [ 81.472872884000083, 6.308447630000046 ], [ 81.472811836000062, 6.308487719000027 ], [ 81.472754294000083, 6.308518443000025 ], [ 81.472686473000067, 6.308545824000021 ], [ 81.472564557000055, 6.308588685000075 ], [ 81.472518742000034, 6.308608605000074 ], [ 81.472479387000078, 6.308629818000043 ], [ 81.47242043600005, 6.308670211000049 ], [ 81.472365419000084, 6.308713595000029 ], [ 81.472316808000073, 6.308758036000029 ], [ 81.472273138000048, 6.308805434000021 ], [ 81.472243712000079, 6.308843524000054 ], [ 81.472217201000035, 6.308883050000077 ], [ 81.472191271000042, 6.30892717100005 ], [ 81.472167562000038, 6.308972912000058 ], [ 81.47214110300007, 6.309030936000056 ], [ 81.472116874000051, 6.309091470000055 ], [ 81.47209988700007, 6.309138972000028 ] ] ], [ [ [ 81.483657498000071, 6.318293208000057 ], [ 81.483627847000037, 6.318282208000028 ], [ 81.483582557000034, 6.318272317000037 ], [ 81.483526769000036, 6.318266735000066 ], [ 81.483339103000048, 6.318260830000042 ], [ 81.483267349000073, 6.318261208000024 ], [ 81.483191488000045, 6.318265643000075 ], [ 81.483115558000065, 6.31827415500004 ], [ 81.483040416000051, 6.318286651000051 ], [ 81.482966930000032, 6.318302985000059 ], [ 81.482912125000041, 6.318318484000031 ], [ 81.482855530000052, 6.318338231000041 ], [ 81.482796177000068, 6.318362555000022 ], [ 81.482732577000036, 6.318392069000026 ], [ 81.482640190000041, 6.318439647000048 ], [ 81.482483298000034, 6.318525889000057 ], [ 81.482425572000068, 6.318558745000075 ], [ 81.482352830000082, 6.318602725000062 ], [ 81.482316635000075, 6.31862774700005 ], [ 81.482286721000037, 6.318653974000028 ], [ 81.482122798000034, 6.31882583600003 ], [ 81.482022049000079, 6.318925595000053 ], [ 81.481948251000063, 6.319007289000069 ], [ 81.48190541200006, 6.319046483000022 ], [ 81.481856267000069, 6.319084590000045 ], [ 81.481806862000042, 6.319117974000051 ], [ 81.481749175000061, 6.319152928000051 ], [ 81.481560002000037, 6.319257279000055 ], [ 81.48139773500003, 6.319351951000044 ], [ 81.481148936000068, 6.319489247000035 ], [ 81.481070679000084, 6.319535316000042 ], [ 81.480988584000045, 6.319587041000034 ], [ 81.480845313000032, 6.319682705000048 ], [ 81.480584768000085, 6.319863869000073 ], [ 81.48039121000005, 6.319988038000076 ], [ 81.480316254000059, 6.320038968000063 ], [ 81.480266963000076, 6.320075833000033 ], [ 81.480223500000079, 6.320111866000047 ], [ 81.480188394000038, 6.320144391000042 ], [ 81.480141011000057, 6.320192767000037 ], [ 81.480055699000047, 6.320284811000022 ], [ 81.480023064000079, 6.320324067000058 ], [ 81.479994929000043, 6.320361358000071 ], [ 81.479970294000054, 6.320398129000068 ], [ 81.479949508000061, 6.320434006000028 ], [ 81.479932407000035, 6.320469270000046 ], [ 81.479918914000052, 6.320504090000043 ], [ 81.47990829400004, 6.320541196000022 ], [ 81.479900179000083, 6.320582441000056 ], [ 81.479894520000073, 6.32062804800006 ], [ 81.479891114000054, 6.320679558000052 ], [ 81.479890150000074, 6.320772814000065 ], [ 81.479901101000053, 6.320864323000023 ], [ 81.479903260000071, 6.32089254300007 ], [ 81.479903040000067, 6.320916176000026 ], [ 81.47990049100008, 6.320938411000043 ], [ 81.479895203000069, 6.32096451700005 ], [ 81.479887295000083, 6.320993143000067 ], [ 81.479860132000056, 6.321069591000025 ], [ 81.479839152000068, 6.321116683000071 ], [ 81.479812749000075, 6.321163965000039 ], [ 81.47978923900007, 6.321199845000024 ], [ 81.479762204000053, 6.321236629000055 ], [ 81.479731232000063, 6.321274893000066 ], [ 81.47969519600008, 6.321316033000073 ], [ 81.479531209000072, 6.321489091000046 ], [ 81.479402596000057, 6.321631588000059 ], [ 81.479232705000072, 6.321815043000072 ], [ 81.479124525000032, 6.321937224000067 ], [ 81.479048688000034, 6.322019686000033 ], [ 81.479011784000079, 6.322057181000048 ], [ 81.478978201000075, 6.322086049000063 ], [ 81.478681322000057, 6.32235461700003 ], [ 81.478424457000074, 6.322646470000052 ], [ 81.478198117000034, 6.322950693000053 ], [ 81.478024688000062, 6.323246401000063 ], [ 81.477973054000074, 6.323361472000045 ], [ 81.477912568000079, 6.323496274000036 ], [ 81.477808889000073, 6.323872813000037 ], [ 81.477782210000044, 6.32410098400004 ], [ 81.477811901000052, 6.324266282000053 ], [ 81.477871580000055, 6.324352075000036 ], [ 81.478002649000075, 6.324441267000054 ], [ 81.478080687000045, 6.324454350000053 ], [ 81.478178616000037, 6.324422731000027 ], [ 81.478255406000073, 6.324372754000024 ], [ 81.478287746000035, 6.324324314000023 ], [ 81.478320559000053, 6.324064836000048 ], [ 81.478354083000056, 6.32398130100006 ], [ 81.478461957000036, 6.323889852000036 ], [ 81.478530447000082, 6.323871547000067 ], [ 81.478590999000062, 6.323873291000041 ], [ 81.478624366000076, 6.323891207000031 ], [ 81.478654126000038, 6.323931015000028 ], [ 81.478684711000085, 6.324044126000047 ], [ 81.478673001000061, 6.324174268000036 ], [ 81.478588049000052, 6.324438795000049 ], [ 81.478579427000057, 6.324550310000063 ], [ 81.478636895000079, 6.324662451000052 ], [ 81.478730366000036, 6.324740774000077 ], [ 81.478907011000047, 6.324777274000041 ], [ 81.479160727000078, 6.324701962000063 ], [ 81.479174298000032, 6.324702976000026 ], [ 81.479282544000057, 6.32471106600002 ], [ 81.479417344000069, 6.324777844000039 ], [ 81.479670666000061, 6.324974876000056 ], [ 81.479780636000044, 6.325043696000023 ], [ 81.480020297000067, 6.325131853000073 ], [ 81.480216299000062, 6.325178570000048 ], [ 81.480404202000045, 6.325189221000073 ], [ 81.48053867200008, 6.325172941000062 ], [ 81.48061192800003, 6.325134399000035 ], [ 81.480780534000075, 6.324999297000033 ], [ 81.480885289000071, 6.32496986700005 ], [ 81.480982466000057, 6.324974437000037 ], [ 81.481061538000063, 6.324997400000029 ], [ 81.481145759000071, 6.325046738000026 ], [ 81.481233960000054, 6.325122720000024 ], [ 81.48134256600008, 6.325253675000056 ], [ 81.481421657000055, 6.325410767000051 ], [ 81.481454818000032, 6.325552404000064 ], [ 81.481453955000063, 6.325720492000073 ], [ 81.481415566000067, 6.325931673000071 ], [ 81.481358477000072, 6.326096503000031 ], [ 81.481264748000058, 6.326285351000024 ], [ 81.481135059000053, 6.326467774000037 ], [ 81.481092829000033, 6.326551244000029 ], [ 81.481067610000082, 6.326679376000072 ], [ 81.481066411000086, 6.32684070800002 ], [ 81.481112859000064, 6.327018422000037 ], [ 81.481311780000055, 6.327416010000036 ], [ 81.481417459000056, 6.327833313000042 ], [ 81.481431742000041, 6.327614590000053 ], [ 81.481411637000065, 6.327403927000034 ], [ 81.481373591000079, 6.327286399000059 ], [ 81.481227871000044, 6.32697141400007 ], [ 81.481193517000065, 6.326807477000045 ], [ 81.481188476000057, 6.326712704000045 ], [ 81.481207754000081, 6.326636713000028 ], [ 81.481256709000036, 6.326543775000061 ], [ 81.48131894200003, 6.32644932900007 ], [ 81.481461324000065, 6.326286880000055 ], [ 81.481521736000047, 6.32616747000003 ], [ 81.481596287000059, 6.325872252000067 ], [ 81.48161744600003, 6.325592871000026 ], [ 81.48160740700007, 6.325413013000059 ], [ 81.48158038400004, 6.325297176000049 ], [ 81.481366403000038, 6.324935595000056 ], [ 81.481306448000055, 6.324859169000035 ], [ 81.481226307000043, 6.324802353000052 ], [ 81.481109828000058, 6.324753457000043 ], [ 81.480976166000062, 6.32472197200002 ], [ 81.480756859000053, 6.324730431000035 ], [ 81.48051784300003, 6.324814497000034 ], [ 81.48030861400008, 6.324820764000037 ], [ 81.480063458000075, 6.324785209000026 ], [ 81.47981218700005, 6.324647980000066 ], [ 81.47954883500006, 6.324421046000055 ], [ 81.479411116000051, 6.324259734000066 ], [ 81.479272714000047, 6.324026741000068 ], [ 81.479232291000073, 6.323948863000055 ], [ 81.479089767000062, 6.323658842000043 ], [ 81.479073451000033, 6.32359795800005 ], [ 81.479038435000064, 6.323278493000032 ], [ 81.479074100000048, 6.323127714000066 ], [ 81.479145644000084, 6.322984063000035 ], [ 81.479274519000057, 6.322797268000045 ], [ 81.479518205000034, 6.322631849000061 ], [ 81.479733263000071, 6.322516713000027 ], [ 81.47994839100005, 6.322451822000062 ], [ 81.480113281000058, 6.322372643000051 ], [ 81.48024947600004, 6.322293502000036 ], [ 81.480355436000082, 6.322223978000068 ], [ 81.480435830000033, 6.322171228000059 ], [ 81.480503072000033, 6.322083973000076 ], [ 81.480603135000081, 6.321931977000077 ], [ 81.480708671000059, 6.321776453000041 ], [ 81.480755424000051, 6.321701734000044 ], [ 81.480777848000059, 6.321673324000074 ], [ 81.480803388000083, 6.321649807000028 ], [ 81.480834093000055, 6.321627420000027 ], [ 81.480867096000054, 6.321608328000025 ], [ 81.480901028000062, 6.321593353000026 ], [ 81.480933771000082, 6.321583416000067 ], [ 81.480960739000068, 6.321579445000054 ], [ 81.480993408000074, 6.321578228000021 ], [ 81.481083436000063, 6.321579557000064 ], [ 81.481151237000063, 6.321584489000031 ], [ 81.48117678300008, 6.321583760000067 ], [ 81.481195798000044, 6.321580404000031 ], [ 81.481216748000065, 6.321573278000074 ], [ 81.481239121000044, 6.321562916000062 ], [ 81.481260172000077, 6.321550362000039 ], [ 81.481276067000067, 6.321538561000068 ], [ 81.481287660000078, 6.321527736000064 ], [ 81.481299261000061, 6.321513807000031 ], [ 81.481311095000081, 6.321496290000027 ], [ 81.481360418000065, 6.321412442000053 ], [ 81.481414764000078, 6.321304030000022 ], [ 81.481441769000071, 6.321258241000066 ], [ 81.48146992900007, 6.321222017000025 ], [ 81.481505907000042, 6.321185667000066 ], [ 81.48153396400005, 6.32116155500006 ], [ 81.481566996000083, 6.321135963000074 ], [ 81.481683753000084, 6.321053307000057 ], [ 81.481806335000044, 6.320960821000028 ], [ 81.481872275000057, 6.320913670000039 ], [ 81.481918552000081, 6.320883277000064 ], [ 81.48195688900006, 6.320860585000048 ], [ 81.48198280400004, 6.320848753000064 ], [ 81.482046195000066, 6.320823747000077 ], [ 81.482075159000033, 6.320809158000031 ], [ 81.482088801000032, 6.320800037000026 ], [ 81.48210031800005, 6.320790238000029 ], [ 81.482120621000035, 6.320765133000066 ], [ 81.482138931000065, 6.320733129000075 ], [ 81.482152867000082, 6.320698266000022 ], [ 81.48216110900006, 6.320663619000072 ], [ 81.482162517000063, 6.320634161000044 ], [ 81.482160018000059, 6.32061029700003 ], [ 81.482154474000083, 6.32058347800006 ], [ 81.482130414000039, 6.320505038000022 ], [ 81.48211774300006, 6.320473864000064 ], [ 81.482085282000071, 6.320410725000045 ], [ 81.482073066000055, 6.320383251000067 ], [ 81.482063572000072, 6.320351922000043 ], [ 81.482057034000036, 6.320314788000076 ], [ 81.48205392300008, 6.320259031000035 ], [ 81.48205745100006, 6.320195779000073 ], [ 81.482067337000046, 6.320123868000053 ], [ 81.482087079000053, 6.320017636000046 ], [ 81.48210475500008, 6.319950311000071 ], [ 81.482131038000034, 6.319871594000062 ], [ 81.48223009000003, 6.319603477000044 ], [ 81.482254087000058, 6.319542977000026 ], [ 81.482277005000071, 6.31948996400007 ], [ 81.48231304400008, 6.319416602000047 ], [ 81.482358385000055, 6.319333465000057 ], [ 81.482386678000069, 6.319284743000026 ], [ 81.482428585000036, 6.319222102000026 ], [ 81.48244932800003, 6.31919590900003 ], [ 81.482470367000076, 6.319172561000073 ], [ 81.482493814000065, 6.319150102000037 ], [ 81.482520242000078, 6.319128272000057 ], [ 81.482549808000044, 6.319106938000061 ], [ 81.482582920000084, 6.319085806000032 ], [ 81.482662660000074, 6.319042311000032 ], [ 81.482770436000067, 6.318991569000048 ], [ 81.482849809000072, 6.318961152000043 ], [ 81.482938363000073, 6.318933250000043 ], [ 81.483035699000084, 6.318907719000038 ], [ 81.483165927000073, 6.318878276000021 ], [ 81.483225465000032, 6.318867999000076 ], [ 81.483278510000048, 6.318862196000055 ], [ 81.483379874000036, 6.318856144000051 ], [ 81.483401763000074, 6.318856837000055 ], [ 81.483419963000074, 6.318859806000034 ], [ 81.483434122000062, 6.318864633000032 ], [ 81.483448181000085, 6.318872479000049 ], [ 81.48346232800003, 6.318883071000073 ], [ 81.48347539100007, 6.318895780000048 ], [ 81.483487039000067, 6.318910150000022 ], [ 81.483497665000073, 6.318926517000023 ], [ 81.483515846000046, 6.318965243000036 ], [ 81.483810070000061, 6.319036618000041 ], [ 81.483797731000038, 6.319015223000065 ], [ 81.483787835000044, 6.318994533000023 ], [ 81.483771682000054, 6.31894767700004 ], [ 81.483761323000067, 6.318895257000065 ], [ 81.48375720000007, 6.318839116000049 ], [ 81.483757928000045, 6.318802126000037 ], [ 81.483760866000068, 6.318777760000046 ], [ 81.483766681000077, 6.318751198000029 ], [ 81.483787621000033, 6.318672850000041 ], [ 81.483803217000059, 6.318575904000056 ], [ 81.483805769000071, 6.318548816000032 ], [ 81.483806257000083, 6.318525087000069 ], [ 81.483804709000083, 6.318503686000042 ], [ 81.483801066000069, 6.318483995000065 ], [ 81.483790401000078, 6.318450597000037 ], [ 81.483774391000054, 6.318416150000076 ], [ 81.483753771000067, 6.31838225100006 ], [ 81.483729765000078, 6.318350925000061 ], [ 81.48370587200003, 6.318325964000053 ], [ 81.483682808000083, 6.31830728500006 ], [ 81.483657498000071, 6.318293208000057 ] ] ], [ [ [ 81.633327533000056, 6.457299212000066 ], [ 81.63326350400007, 6.457315939000068 ], [ 81.633116347000055, 6.457362611000065 ], [ 81.633001954000065, 6.457394591000025 ], [ 81.632957115000067, 6.457404312000051 ], [ 81.632911482000054, 6.457411923000052 ], [ 81.632808738000051, 6.45742344100006 ], [ 81.632660271000077, 6.457431562000068 ], [ 81.632575689000078, 6.457433783000056 ], [ 81.632490119000067, 6.457436029000064 ], [ 81.632306517000075, 6.457443578000039 ], [ 81.632164428000067, 6.457446811000068 ], [ 81.632021841000039, 6.457447700000046 ], [ 81.631841192000081, 6.457446101000073 ], [ 81.631653736000032, 6.457442123000021 ], [ 81.631228534000059, 6.457428442000037 ], [ 81.630901965000078, 6.457420248000062 ], [ 81.630655776000083, 6.457418243000063 ], [ 81.630415129000085, 6.457422235000024 ], [ 81.630216648000044, 6.457431393000036 ], [ 81.630113605000076, 6.45743870900003 ], [ 81.630018077000045, 6.457447243000047 ], [ 81.629806643000052, 6.457472578000022 ], [ 81.629640670000072, 6.457495246000065 ], [ 81.629527665000069, 6.457510681000031 ], [ 81.629419959000074, 6.457522822000044 ], [ 81.62930536500005, 6.45753288100002 ], [ 81.629148660000055, 6.457543398000041 ], [ 81.628944200000035, 6.457554239000046 ], [ 81.628823456000077, 6.45755792500006 ], [ 81.628702299000054, 6.457557738000048 ], [ 81.628590065000083, 6.457552927000052 ], [ 81.628477481000061, 6.457542415000034 ], [ 81.628376191000029, 6.457526915000074 ], [ 81.628274043000033, 6.457504463000021 ], [ 81.628248907000057, 6.45749758900007 ], [ 81.628122057000041, 6.457462903000021 ], [ 81.627934310000057, 6.457407286000034 ], [ 81.627756909000084, 6.457359194000048 ], [ 81.62762729700006, 6.457317259000035 ], [ 81.627477049000049, 6.457265316000075 ], [ 81.627355618000081, 6.457226982000066 ], [ 81.627245716000061, 6.457198387000062 ], [ 81.627193781000074, 6.457187859000044 ], [ 81.627141958000038, 6.457179717000031 ], [ 81.627073714000062, 6.457173173000058 ], [ 81.627005453000038, 6.457172140000068 ], [ 81.626937184000042, 6.457177391000073 ], [ 81.626868775000048, 6.457187887000032 ], [ 81.626782670000068, 6.457205157000033 ], [ 81.62670199300004, 6.457226910000031 ], [ 81.62666494900003, 6.457239607000076 ], [ 81.626635105000048, 6.457251575000043 ], [ 81.626606638000055, 6.457265034000045 ], [ 81.626579939000067, 6.457280512000068 ], [ 81.626548117000084, 6.457305020000035 ], [ 81.626520152000069, 6.457334712000034 ], [ 81.626496812000084, 6.457369077000067 ], [ 81.626478589000044, 6.457406746000061 ], [ 81.626463812000054, 6.457451587000037 ], [ 81.626454110000054, 6.457498517000033 ], [ 81.626453883000067, 6.457500605000064 ], [ 81.626448285000038, 6.457552088000057 ], [ 81.626446671000053, 6.457606600000076 ], [ 81.626448586000038, 6.457665215000077 ], [ 81.626453487000049, 6.45772431000006 ], [ 81.626461789000075, 6.457791255000075 ], [ 81.626472635000084, 6.45786021400005 ], [ 81.626508756000078, 6.458046765000063 ], [ 81.626559167000039, 6.458281077000038 ], [ 81.626577084000076, 6.458377028000029 ], [ 81.626591149000035, 6.458468841000069 ], [ 81.626602589000072, 6.458593002000043 ], [ 81.626608935000036, 6.458724276000055 ], [ 81.626629177000041, 6.459040522000066 ], [ 81.626634186000047, 6.459199433000038 ], [ 81.62663591900008, 6.459360364000077 ], [ 81.626634863000049, 6.459537633000025 ], [ 81.626630975000069, 6.459716958000058 ], [ 81.626624118000052, 6.459891595000045 ], [ 81.626614307000068, 6.460075835000055 ], [ 81.626593015000083, 6.460417285000062 ], [ 81.626582898000038, 6.460557861000041 ], [ 81.626569339000071, 6.460708359000023 ], [ 81.626551950000078, 6.460847477000073 ], [ 81.626530765000041, 6.460967804000063 ], [ 81.626503233000051, 6.461084834000076 ], [ 81.62646761600007, 6.46120931300004 ], [ 81.626426922000064, 6.46133466200007 ], [ 81.626330593000034, 6.461604333000025 ], [ 81.626263919000053, 6.461800331000063 ], [ 81.626222229000064, 6.461939190000066 ], [ 81.62618801800005, 6.462077513000054 ], [ 81.626206069000034, 6.462092676000054 ], [ 81.626221660000056, 6.46210998600003 ], [ 81.626232584000036, 6.462126299000033 ], [ 81.626240829000039, 6.462145317000022 ], [ 81.626248935000035, 6.462177513000029 ], [ 81.626249876000031, 6.462181244000021 ], [ 81.626256854000076, 6.462221108000051 ], [ 81.626264820000074, 6.462308130000054 ], [ 81.626265943000078, 6.462353362000044 ], [ 81.626267900000073, 6.462432236000041 ], [ 81.62626264000005, 6.462577917000033 ], [ 81.626261870000064, 6.462658610000062 ], [ 81.626264719000062, 6.46272076200006 ], [ 81.626273108000078, 6.462817685000061 ], [ 81.626275620000058, 6.462927101000048 ], [ 81.62627274700003, 6.463152158000071 ], [ 81.626274808000062, 6.463374032000047 ], [ 81.62627339200003, 6.463456411000038 ], [ 81.626270227000077, 6.463534931000027 ], [ 81.626263504000065, 6.463618545000031 ], [ 81.626252130000069, 6.463711580000052 ], [ 81.626215074000072, 6.463947121000047 ], [ 81.62619389300005, 6.464116323000042 ], [ 81.626178733000074, 6.464212814000064 ], [ 81.626163, 6.464291778000074 ], [ 81.62614048100005, 6.464391159000058 ], [ 81.626061496000034, 6.464711935000025 ], [ 81.626039715000047, 6.464813147000029 ], [ 81.626024183000084, 6.464898375000075 ], [ 81.626013786000044, 6.464971902000059 ], [ 81.626007215000072, 6.465043427000069 ], [ 81.626005138000039, 6.465107677000049 ], [ 81.626007565000066, 6.465169967000065 ], [ 81.626012323000054, 6.465212294000025 ], [ 81.626019941000038, 6.465253502000053 ], [ 81.626030144000083, 6.46529153900002 ], [ 81.62604344600004, 6.465328060000047 ], [ 81.626059163000036, 6.465361166000037 ], [ 81.626077967000072, 6.465392388000055 ], [ 81.626099745000033, 6.465421319000029 ], [ 81.626123990000053, 6.465447396000059 ], [ 81.626156477000052, 6.465475421000065 ], [ 81.626194482000074, 6.465502269000069 ], [ 81.626240550000034, 6.465530597000054 ], [ 81.626288724000062, 6.465556632000073 ], [ 81.626337436000085, 6.465579966000064 ], [ 81.62638744700007, 6.465600984000048 ], [ 81.626432912000041, 6.46561633500005 ], [ 81.626479640000071, 6.465628521000042 ], [ 81.626550767000083, 6.465641369000025 ], [ 81.626626148000071, 6.465649055000029 ], [ 81.626708172000065, 6.465652272000057 ], [ 81.626808824000079, 6.465651423000054 ], [ 81.627045012000053, 6.46564171600005 ], [ 81.62727078000006, 6.465640812000061 ], [ 81.627402999000083, 6.465636864000032 ], [ 81.627464518000068, 6.465632155000037 ], [ 81.627523445000065, 6.465624882000043 ], [ 81.627576270000077, 6.465615341000046 ], [ 81.627627349000079, 6.46560259000006 ], [ 81.627679885000077, 6.46558480300007 ], [ 81.627730105000069, 6.465561919000038 ], [ 81.627770879000082, 6.465537531000052 ], [ 81.627808229000038, 6.465506825000034 ], [ 81.627839306000055, 6.46547402300007 ], [ 81.627869627000052, 6.465436016000069 ], [ 81.627904191000084, 6.465387299000042 ], [ 81.627960212000062, 6.465303770000048 ], [ 81.628007227000069, 6.465241429000059 ], [ 81.628030281000065, 6.465215392000061 ], [ 81.628052791000073, 6.465193319000036 ], [ 81.628075815000045, 6.465174227000034 ], [ 81.628098674000057, 6.465158571000075 ], [ 81.628136666000046, 6.465136754000071 ], [ 81.628179824000085, 6.465116120000062 ], [ 81.628225808000082, 6.465097832000026 ], [ 81.628277526000034, 6.465080774000057 ], [ 81.628328531000079, 6.465066747000037 ], [ 81.628387159000056, 6.465053246000025 ], [ 81.628469628000062, 6.465037153000026 ], [ 81.628550147000055, 6.465023724000048 ], [ 81.628665989000069, 6.465008239000042 ], [ 81.628755560000059, 6.465001053000037 ], [ 81.628927748000081, 6.464992958000039 ], [ 81.629114535000042, 6.464989926000044 ], [ 81.629305444000067, 6.464994202000071 ], [ 81.629643399000031, 6.465009828000063 ], [ 81.629870007000079, 6.465015564000055 ], [ 81.62997723400008, 6.465023113000029 ], [ 81.630127967000078, 6.465038261000075 ], [ 81.630222144000072, 6.465044096000042 ], [ 81.630274738000082, 6.465044490000025 ], [ 81.630324932000065, 6.465041996000025 ], [ 81.630370744000061, 6.465036587000043 ], [ 81.630415025000048, 6.465027829000064 ], [ 81.630467055000054, 6.465012047000073 ], [ 81.630517386000065, 6.464989599000035 ], [ 81.63057395900006, 6.464957667000022 ], [ 81.630668176000086, 6.464899475000038 ], [ 81.630704327000046, 6.46487978600004 ], [ 81.630737814000042, 6.464864115000069 ], [ 81.630817085000047, 6.464835005000054 ], [ 81.630917336000039, 6.464805130000059 ], [ 81.630975156000034, 6.464786184000047 ], [ 81.631019250000065, 6.464768900000024 ], [ 81.631021359000044, 6.464768074000062 ], [ 81.631063951000044, 6.464747229000068 ], [ 81.631108413000049, 6.464719377000051 ], [ 81.631152196000073, 6.464685981000059 ], [ 81.63120133700005, 6.464643417000048 ], [ 81.631279633000077, 6.464571557000056 ], [ 81.631341958000064, 6.464520419000053 ], [ 81.63137167900004, 6.464499919000048 ], [ 81.631405648000054, 6.464478971000062 ], [ 81.631480598000053, 6.464440027000023 ], [ 81.631532310000068, 6.464416308000068 ], [ 81.631585370000039, 6.464394316000039 ], [ 81.631641436000052, 6.464373317000025 ], [ 81.63169872800006, 6.464353950000032 ], [ 81.631759676000058, 6.46433539800006 ], [ 81.63182256500005, 6.464318179000031 ], [ 81.631874465000067, 6.464306200000067 ], [ 81.631926067000052, 6.464296807000039 ], [ 81.63202446300005, 6.464284631000055 ], [ 81.632128544000068, 6.464277848000052 ], [ 81.632240176000039, 6.46427464900006 ], [ 81.632468567000046, 6.464270988000067 ], [ 81.632587236000063, 6.464265502000046 ], [ 81.632721322000066, 6.464259304000052 ], [ 81.632944186000032, 6.464251355000044 ], [ 81.633047579000049, 6.464248799000075 ], [ 81.633131837000064, 6.46424672400002 ], [ 81.633319292000067, 6.464244026000074 ], [ 81.633501109000065, 6.46424329000007 ], [ 81.633683547000032, 6.464244574000077 ], [ 81.633873608000044, 6.464248034000036 ], [ 81.634205975000043, 6.464256872000021 ], [ 81.634374090000051, 6.464264509000031 ], [ 81.634460791000038, 6.464271688000053 ], [ 81.634531751000054, 6.464280528000074 ], [ 81.634723233000045, 6.464311452000061 ], [ 81.634828034000066, 6.464326068000048 ], [ 81.634911987000066, 6.464333490000058 ], [ 81.634992564000072, 6.464334702000031 ], [ 81.635047770000085, 6.46433109000003 ], [ 81.635101414000076, 6.464323269000033 ], [ 81.63515586300008, 6.464310278000028 ], [ 81.635212833000082, 6.464292582000041 ], [ 81.635275206000074, 6.464269777000027 ], [ 81.635334811000064, 6.464243731000067 ], [ 81.635387714000046, 6.464216055000065 ], [ 81.635437404000072, 6.464184686000067 ], [ 81.63547120100003, 6.464160041000071 ], [ 81.63550405400008, 6.464133521000065 ], [ 81.635537555000042, 6.464103904000069 ], [ 81.635570123000036, 6.464072662000035 ], [ 81.635641042000032, 6.463996695000048 ], [ 81.635708516000079, 6.463915384000074 ], [ 81.635771777000059, 6.463833273000034 ], [ 81.63581540000007, 6.46376837300005 ], [ 81.635824525000032, 6.463754796000046 ], [ 81.635844626000051, 6.463719920000074 ], [ 81.635862021000037, 6.463685611000074 ], [ 81.63587638100006, 6.463652449000051 ], [ 81.635888216000069, 6.463619072000029 ], [ 81.63589617000008, 6.463589789000025 ], [ 81.635902153000075, 6.463559303000068 ], [ 81.635909242000082, 6.463492424000037 ], [ 81.635911373000056, 6.463422392000041 ], [ 81.635912390000044, 6.463274241000022 ], [ 81.635924583000076, 6.46308655100006 ], [ 81.635928605000061, 6.462976745000049 ], [ 81.635927249000076, 6.462905391000049 ], [ 81.635921254000039, 6.462837560000025 ], [ 81.635910275000072, 6.462775155000031 ], [ 81.635893698000075, 6.462713025000028 ], [ 81.635866089000046, 6.462635358000057 ], [ 81.635831644000064, 6.462557816000071 ], [ 81.635788124000044, 6.462474809000071 ], [ 81.635737907000077, 6.462390384000059 ], [ 81.635656031000053, 6.46226628900007 ], [ 81.63558366500007, 6.462163555000075 ], [ 81.635519802000033, 6.462081197000032 ], [ 81.635487212000044, 6.462043794000067 ], [ 81.635458305000043, 6.462013419000073 ], [ 81.635428436000041, 6.46198511700004 ], [ 81.635398876000068, 6.461960188000035 ], [ 81.635369601000036, 6.46193891300004 ], [ 81.635335894000036, 6.461917787000061 ], [ 81.635258874000044, 6.461877503000039 ], [ 81.635145009000041, 6.461826306000034 ], [ 81.635100547000036, 6.461804571000073 ], [ 81.635013447000063, 6.461755906000064 ], [ 81.634922043000074, 6.461700613000062 ], [ 81.634833095000033, 6.461644389000071 ], [ 81.634757762000049, 6.461593981000021 ], [ 81.634692406000056, 6.461547417000077 ], [ 81.634624170000052, 6.461495450000029 ], [ 81.63455004900004, 6.461435266000024 ], [ 81.634478870000066, 6.461373860000037 ], [ 81.63442494800006, 6.461322729000074 ], [ 81.634371202000068, 6.46126586400004 ], [ 81.634317858000031, 6.461204549000058 ], [ 81.634266807000074, 6.461139422000031 ], [ 81.634225049000065, 6.46107876800005 ], [ 81.634187998000073, 6.461015730000042 ], [ 81.634163233000038, 6.460965823000038 ], [ 81.634139564000066, 6.460911105000037 ], [ 81.634117796000055, 6.46085518600006 ], [ 81.634099553000055, 6.460800959000039 ], [ 81.634087519000047, 6.460756515000071 ], [ 81.634075757000062, 6.460704085000032 ], [ 81.634045637000042, 6.460534842000072 ], [ 81.634021252000082, 6.460426991000077 ], [ 81.634006150000062, 6.460376895000024 ], [ 81.633986582000034, 6.460320657000068 ], [ 81.63392497600006, 6.460163543000021 ], [ 81.633890378000046, 6.46006614700002 ], [ 81.633876967000049, 6.460020984000039 ], [ 81.63386508800005, 6.459973655000056 ], [ 81.633842723000043, 6.459864924000044 ], [ 81.633823430000064, 6.45973938000003 ], [ 81.633802289000073, 6.459554587000071 ], [ 81.633783149000067, 6.459356101000026 ], [ 81.633766491000074, 6.459145404000026 ], [ 81.633762607000051, 6.459041412000033 ], [ 81.633763745000067, 6.458942773000047 ], [ 81.63377009800007, 6.458854263000035 ], [ 81.633782393000047, 6.458768921000058 ], [ 81.633793020000041, 6.458719013000064 ], [ 81.63380631900003, 6.458670250000068 ], [ 81.63382247100003, 6.458622724000065 ], [ 81.63384183800008, 6.458574648000024 ], [ 81.633866588000046, 6.458520079000039 ], [ 81.633894233000035, 6.458465553000053 ], [ 81.633924461000049, 6.458411684000055 ], [ 81.63395659400004, 6.458359605000055 ], [ 81.633990268000048, 6.458309755000073 ], [ 81.634025981000036, 6.458261443000026 ], [ 81.63406253800008, 6.458216312000047 ], [ 81.634100983000053, 6.458173183000042 ], [ 81.634136467000076, 6.458137080000029 ], [ 81.634173221000083, 6.458103562000076 ], [ 81.634208495000053, 6.458076223000035 ], [ 81.63424586900004, 6.458051602000069 ], [ 81.63430014100004, 6.458021944000052 ], [ 81.634357743000066, 6.457996440000045 ], [ 81.634423076000076, 6.45797299000003 ], [ 81.634491264000076, 6.457953073000056 ], [ 81.634560004000036, 6.457936349000022 ], [ 81.634639539000034, 6.457919792000041 ], [ 81.634848354000042, 6.457882426000026 ], [ 81.634969843000079, 6.457858346000023 ], [ 81.635047727000085, 6.457839703000047 ], [ 81.635163962000036, 6.457806222000045 ], [ 81.63528001800006, 6.457769038000038 ], [ 81.635416393000071, 6.457721724000066 ], [ 81.635696361000043, 6.457620617000032 ], [ 81.635814736000043, 6.457574188000024 ], [ 81.635912293000047, 6.457531363000044 ], [ 81.636006605000034, 6.457484592000071 ], [ 81.636006798000039, 6.45748448300003 ], [ 81.636087879000058, 6.457438794000041 ], [ 81.636171921000084, 6.457384776000026 ], [ 81.636269724000044, 6.457314948000032 ], [ 81.636335606000046, 6.457265226000061 ], [ 81.634603943000059, 6.456839334000051 ], [ 81.634597480000082, 6.456889493000062 ], [ 81.634586995000063, 6.456938063000052 ], [ 81.634577683000032, 6.456967165000037 ], [ 81.634565760000044, 6.456992292000052 ], [ 81.634549690000085, 6.457016706000047 ], [ 81.634530425000037, 6.457039101000021 ], [ 81.634505441000044, 6.457062058000076 ], [ 81.63447829200004, 6.457082251000031 ], [ 81.63444620000007, 6.457102018000057 ], [ 81.634412367000039, 6.457119528000021 ], [ 81.634374617000049, 6.457136213000069 ], [ 81.634333365000032, 6.457151843000076 ], [ 81.634239821000051, 6.457180631000028 ], [ 81.63411927900006, 6.457209134000038 ], [ 81.633960187000071, 6.457240732000059 ], [ 81.633858301000032, 6.457258037000031 ], [ 81.633768812000085, 6.457269010000061 ], [ 81.633660574000032, 6.457273653000072 ], [ 81.63351625100006, 6.457275168000024 ], [ 81.633452244000068, 6.457279153000059 ], [ 81.633391028000062, 6.457286601000021 ], [ 81.633327533000056, 6.457299212000066 ] ] ], [ [ [ 81.666833759000042, 6.469202801000051 ], [ 81.666971829000033, 6.46928716900004 ], [ 81.667072880000035, 6.469354330000044 ], [ 81.667169114000046, 6.469426404000046 ], [ 81.667271226000082, 6.469512251000026 ], [ 81.667371961000072, 6.46960292600005 ], [ 81.667503808000049, 6.469727995000028 ], [ 81.667653152000071, 6.469874151000056 ], [ 81.667780004000065, 6.469995867000023 ], [ 81.667886061000047, 6.47009330700007 ], [ 81.667992930000082, 6.47018521800004 ], [ 81.66809371800008, 6.470264825000072 ], [ 81.668198775000064, 6.470339734000049 ], [ 81.668340402000069, 6.470430925000073 ], [ 81.668514899000058, 6.470536401000061 ], [ 81.668662064000046, 6.470629381000037 ], [ 81.668799394000075, 6.470724806000021 ], [ 81.668932771000073, 6.470825981000075 ], [ 81.669084251000072, 6.470949692000033 ], [ 81.669235181000033, 6.471080483000037 ], [ 81.669416682000076, 6.471244019000039 ], [ 81.66963142600008, 6.471440966000046 ], [ 81.669823208000082, 6.471611881000058 ], [ 81.669972030000054, 6.471738132000041 ], [ 81.670122889000083, 6.471857858000021 ], [ 81.670191320000072, 6.471908976000066 ], [ 81.670260474000031, 6.471958182000037 ], [ 81.67033015700008, 6.472004854000033 ], [ 81.670402600000045, 6.472050912000043 ], [ 81.670599186000061, 6.472168329000056 ], [ 81.670850231000031, 6.472312587000033 ], [ 81.670953820000079, 6.472375286000045 ], [ 81.671052406000058, 6.472438426000053 ], [ 81.671138393000035, 6.472497619000023 ], [ 81.671220897000069, 6.472559390000072 ], [ 81.671294899000031, 6.472620241000072 ], [ 81.671364369000059, 6.472683655000026 ], [ 81.671430010000051, 6.472750309000048 ], [ 81.671494332000066, 6.472821238000051 ], [ 81.671590198000047, 6.472933713000032 ], [ 81.671724876000042, 6.473096111000075 ], [ 81.671791241000051, 6.473171566000076 ], [ 81.67185812300005, 6.473242468000024 ], [ 81.671923290000052, 6.473305351000022 ], [ 81.671992454000076, 6.473365728000033 ], [ 81.672094776000051, 6.473448434000034 ], [ 81.67223927200007, 6.473561535000044 ], [ 81.672304154000074, 6.473615636000034 ], [ 81.672365980000052, 6.473671225000032 ], [ 81.672442071000035, 6.473746221000056 ], [ 81.672515648000058, 6.473824139000044 ], [ 81.672591626000042, 6.47391004800005 ], [ 81.672665578000078, 6.473998741000059 ], [ 81.672763743000075, 6.474123423000037 ], [ 81.67285748300003, 6.474248543000044 ], [ 81.672993004000034, 6.474434834000022 ], [ 81.673127814000054, 6.474626212000032 ], [ 81.673195796000073, 6.474729953000065 ], [ 81.673259143000053, 6.474832860000049 ], [ 81.673411283000064, 6.475094726000066 ], [ 81.673528458000078, 6.475288880000051 ], [ 81.673574443000064, 6.475360294000041 ], [ 81.673621243000071, 6.475429141000063 ], [ 81.673666508000053, 6.475491766000061 ], [ 81.673713315000043, 6.475552341000025 ], [ 81.673764278000078, 6.475614206000046 ], [ 81.673819421000076, 6.475677865000023 ], [ 81.67394224700007, 6.475811880000037 ], [ 81.674077045000047, 6.475953252000068 ], [ 81.674228013000061, 6.476105682000025 ], [ 81.674315622000051, 6.476197125000056 ], [ 81.674341570000081, 6.476227778000066 ], [ 81.67436391800004, 6.476257691000058 ], [ 81.674412931000063, 6.476331905000052 ], [ 81.674449494000044, 6.476383719000069 ], [ 81.67448199100005, 6.476424102000067 ], [ 81.674517295000044, 6.476463460000048 ], [ 81.674570346000053, 6.476516712000034 ], [ 81.674627605000069, 6.476569255000072 ], [ 81.674760801000048, 6.476682308000022 ], [ 81.674859940000033, 6.476770649000059 ], [ 81.674931289000085, 6.476842418000047 ], [ 81.674962354000058, 6.476877877000049 ], [ 81.674991290000037, 6.476914499000031 ], [ 81.675032842000064, 6.476975050000021 ], [ 81.675071600000081, 6.477037693000057 ], [ 81.675110612000083, 6.477106683000045 ], [ 81.675147027000037, 6.477177321000056 ], [ 81.675181935000069, 6.477251657000068 ], [ 81.675214210000036, 6.477327286000047 ], [ 81.67524449800004, 6.477405622000049 ], [ 81.675272140000061, 6.477484908000065 ], [ 81.675293886000077, 6.477553959000034 ], [ 81.675313741000082, 6.477623663000031 ], [ 81.675330541000051, 6.477689593000036 ], [ 81.675344934000066, 6.47775518900005 ], [ 81.675358348000032, 6.477827443000024 ], [ 81.675369783000065, 6.477900873000067 ], [ 81.675388815000076, 6.478059634000033 ], [ 81.675408176000076, 6.478278885000066 ], [ 81.675415117000057, 6.478381528000057 ], [ 81.675418290000039, 6.478461523000021 ], [ 81.675418483000044, 6.478527424000049 ], [ 81.675415842000064, 6.478592640000045 ], [ 81.67541041100003, 6.478652015000023 ], [ 81.675401751000038, 6.478709948000073 ], [ 81.675391289000061, 6.478759007000065 ], [ 81.67537784700005, 6.478806766000048 ], [ 81.675360003000037, 6.478858434000074 ], [ 81.67533926200008, 6.478910109000026 ], [ 81.675281181000059, 6.479035514000032 ], [ 81.675268960000039, 6.479060124000057 ], [ 81.675201087000062, 6.479196807000051 ], [ 81.675131633000035, 6.479350346000047 ], [ 81.675031716000035, 6.47956425700005 ], [ 81.674998688000073, 6.479640343000028 ], [ 81.674968755000066, 6.479714977000071 ], [ 81.674941327000056, 6.479790427000069 ], [ 81.674915909000049, 6.479867193000075 ], [ 81.674883384000054, 6.479976495000074 ], [ 81.674853101000053, 6.48009094400004 ], [ 81.674819997000043, 6.480230317000064 ], [ 81.674780505000058, 6.480408019000038 ], [ 81.674745816000041, 6.480569782000032 ], [ 81.674718155000051, 6.480706869000073 ], [ 81.674693589000071, 6.480837160000021 ], [ 81.674667792000037, 6.480989375000036 ], [ 81.674642197000082, 6.481117268000048 ], [ 81.674627574000056, 6.481174296000063 ], [ 81.674611579000043, 6.481225840000036 ], [ 81.67458939200003, 6.48128904400005 ], [ 81.674559919000046, 6.481365627000059 ], [ 81.674535632000072, 6.481422136000049 ], [ 81.674510588000032, 6.481474148000075 ], [ 81.674484629000062, 6.481521884000074 ], [ 81.674457501000063, 6.481565781000029 ], [ 81.674423736000051, 6.481614722000074 ], [ 81.674383953000074, 6.481667275000063 ], [ 81.674353522000047, 6.481701856000029 ], [ 81.674320923000039, 6.481731883000066 ], [ 81.674300177000077, 6.481745707000073 ], [ 81.674278147000052, 6.481756640000071 ], [ 81.674251839000078, 6.481766253000046 ], [ 81.674224743000082, 6.481773481000062 ], [ 81.674150217000033, 6.481786027000055 ], [ 81.674057765000043, 6.481796493000047 ], [ 81.674023634000037, 6.481802497000047 ], [ 81.673991068000078, 6.48181065700004 ], [ 81.673967107000067, 6.481819150000035 ], [ 81.673944488000075, 6.481830234000029 ], [ 81.673925462000057, 6.481843107000032 ], [ 81.673908553000047, 6.481858808000027 ], [ 81.673893958000065, 6.481876747000058 ], [ 81.673881360000053, 6.481896558000074 ], [ 81.673869467000031, 6.481920052000021 ], [ 81.673859051000079, 6.481945394000036 ], [ 81.673836581000046, 6.482016251000061 ], [ 81.673812478000059, 6.482106741000052 ], [ 81.673800559000085, 6.482142688000067 ], [ 81.673786770000049, 6.482176288000062 ], [ 81.673773591000042, 6.482201496000073 ], [ 81.673757832000035, 6.482224836000057 ], [ 81.673738109000055, 6.482247231000031 ], [ 81.673716173000059, 6.482267795000041 ], [ 81.673689587000069, 6.482288628000049 ], [ 81.673661208000055, 6.482307372000037 ], [ 81.673628636000046, 6.48232574900004 ], [ 81.673594008000066, 6.482342688000074 ], [ 81.673505592000083, 6.482378870000048 ], [ 81.67340465400008, 6.482414450000022 ], [ 81.673321505000047, 6.48244655600007 ], [ 81.673247858000082, 6.482480333000069 ], [ 81.673203560000047, 6.482502928000031 ], [ 81.673174078000045, 6.482519718000049 ], [ 81.673139761000073, 6.482543219000036 ], [ 81.673107213000037, 6.482573606000074 ], [ 81.673047951000058, 6.482641753000053 ], [ 81.672997928000029, 6.482709242000055 ], [ 81.672968382000079, 6.482755114000042 ], [ 81.672941356000081, 6.482802161000052 ], [ 81.672919243000081, 6.482846004000066 ], [ 81.672890340000038, 6.482908721000058 ], [ 81.672827361000031, 6.48306216800006 ], [ 81.672720544000072, 6.483304110000063 ], [ 81.672664191000081, 6.483437423000055 ], [ 81.672655982000038, 6.483456843000056 ], [ 81.672596963000046, 6.483606978000068 ], [ 81.672550296000054, 6.483739635000063 ], [ 81.672523100000035, 6.48382689500005 ], [ 81.672499832000085, 6.483911280000029 ], [ 81.67247708900004, 6.484008218000042 ], [ 81.672464201000082, 6.484075344000075 ], [ 81.672458125000048, 6.484120304000044 ], [ 81.672454405000053, 6.484171214000071 ], [ 81.672452502000056, 6.484281861000056 ], [ 81.672449051000058, 6.484355877000041 ], [ 81.672444810000059, 6.48439839100007 ], [ 81.672439344000054, 6.484432577000064 ], [ 81.672431074000031, 6.484467179000035 ], [ 81.672420533000036, 6.484498360000032 ], [ 81.672408100000041, 6.484524930000021 ], [ 81.672393089000082, 6.484549182000023 ], [ 81.672364277000042, 6.484584599000073 ], [ 81.672327965000079, 6.484619621000036 ], [ 81.672262179000086, 6.484672234000072 ], [ 81.672179707000055, 6.484731276000048 ], [ 81.672137871000075, 6.484764191000068 ], [ 81.672102410000036, 6.484795932000054 ], [ 81.672057240000072, 6.484843033000061 ], [ 81.672018225000045, 6.484876076000035 ], [ 81.671975454000062, 6.484906674000058 ], [ 81.671922899000037, 6.484939677000057 ], [ 81.671862169000065, 6.484974629000021 ], [ 81.67180597600003, 6.485002952000059 ], [ 81.671757686000035, 6.485024447000058 ], [ 81.671705753000083, 6.485045244000048 ], [ 81.671659502000068, 6.485061988000041 ], [ 81.671616171000039, 6.485075165000069 ], [ 81.67154972600008, 6.485091606000026 ], [ 81.671394044000067, 6.485124892000044 ], [ 81.671271543000046, 6.485155991000056 ], [ 81.670666484000037, 6.485317960000032 ], [ 81.67049062600006, 6.485367686000075 ], [ 81.670394078000072, 6.485397587000023 ], [ 81.670305438000071, 6.485427413000025 ], [ 81.670094986000038, 6.485503304000076 ], [ 81.669979457000068, 6.485547390000022 ], [ 81.669865415000061, 6.48559575400003 ], [ 81.669766282000069, 6.485644120000075 ], [ 81.669709344000069, 6.48567562900007 ], [ 81.669622866000054, 6.485727618000055 ], [ 81.66948486900003, 6.485802756000055 ], [ 81.669428024000069, 6.485837733000039 ], [ 81.669400047000067, 6.485857733000046 ], [ 81.669376111000076, 6.485877427000048 ], [ 81.669355855000049, 6.485897111000043 ], [ 81.669339121000064, 6.485916946000032 ], [ 81.669325783000033, 6.485937083000067 ], [ 81.669315803000075, 6.48595759400007 ], [ 81.669309184000042, 6.485978378000027 ], [ 81.669305646000055, 6.486000370000056 ], [ 81.669304757000077, 6.486028461000046 ], [ 81.669307137000033, 6.486060102000067 ], [ 81.669312797000032, 6.486095587000023 ], [ 81.669321908000029, 6.486135989000047 ], [ 81.669338449000065, 6.486195599000041 ], [ 81.669360798000071, 6.486268041000073 ], [ 81.669376238000041, 6.486309365000068 ], [ 81.669392, 6.486342853000053 ], [ 81.669404675000067, 6.486364034000076 ], [ 81.669417987000031, 6.486381523000034 ], [ 81.669431606000046, 6.486395042000026 ], [ 81.669447236000053, 6.486406271000021 ], [ 81.669465828000057, 6.486415713000042 ], [ 81.669486893000055, 6.486422936000054 ], [ 81.669510488000071, 6.48642796200005 ], [ 81.669536717000085, 6.486430812000037 ], [ 81.669565093000074, 6.486431510000045 ], [ 81.669596377000062, 6.486430144000053 ], [ 81.669669601000066, 6.486421095000026 ], [ 81.669865849000075, 6.48638319500003 ], [ 81.669928028000072, 6.486366752000038 ], [ 81.669981454000038, 6.486347785000021 ], [ 81.670039664000058, 6.486323027000026 ], [ 81.670099953000033, 6.486294168000029 ], [ 81.670268787000055, 6.486208970000064 ], [ 81.670321603000048, 6.486184950000052 ], [ 81.670369565000044, 6.486165677000031 ], [ 81.670533785000032, 6.486107154000024 ], [ 81.670690866000029, 6.48605567200002 ], [ 81.670842225000058, 6.486010769000075 ], [ 81.670988737000073, 6.485972188000062 ], [ 81.671104249000052, 6.485945385000036 ], [ 81.671222859000068, 6.485920978000024 ], [ 81.671344186000056, 6.485899045000053 ], [ 81.671468293000032, 6.485879569000076 ], [ 81.671593231000031, 6.485862793000024 ], [ 81.67172084300006, 6.48584840500007 ], [ 81.67189632700007, 6.485831072000053 ], [ 81.671999850000077, 6.485825182000042 ], [ 81.672100950000072, 6.485826462000034 ], [ 81.672206652000057, 6.485834182000076 ], [ 81.672312833000035, 6.485848063000049 ], [ 81.672419443000081, 6.48586804100006 ], [ 81.672433484000067, 6.485871475000067 ], [ 81.672528042000067, 6.485894605000055 ], [ 81.672635372000059, 6.485927163000042 ], [ 81.672743061000062, 6.485966361000067 ], [ 81.672787138000047, 6.485985051000057 ], [ 81.672823851000032, 6.486002861000031 ], [ 81.672867178000047, 6.486028120000071 ], [ 81.672903467000083, 6.486054783000043 ], [ 81.672933859000068, 6.486083557000029 ], [ 81.672957661000055, 6.486113964000026 ], [ 81.672972106000032, 6.486140549000027 ], [ 81.672985485000083, 6.486173756000028 ], [ 81.672996027000067, 6.48620642800006 ], [ 81.673020263000069, 6.486293270000033 ], [ 81.67303460200003, 6.486333763000061 ], [ 81.673051718000067, 6.486368278000043 ], [ 81.673071619000041, 6.486394693000022 ], [ 81.67308621400008, 6.486408649000055 ], [ 81.673107209000079, 6.486424782000029 ], [ 81.673130312000069, 6.486439376000021 ], [ 81.673152861000062, 6.486451258000045 ], [ 81.673178720000067, 6.486462740000036 ], [ 81.673207854000054, 6.486473464000028 ], [ 81.673269753000056, 6.486490361000051 ], [ 81.673338035000086, 6.486501880000048 ], [ 81.673408645000052, 6.486507270000061 ], [ 81.67344846900005, 6.486507636000056 ], [ 81.673479487000066, 6.486506160000033 ], [ 81.673503962000041, 6.486503458000072 ], [ 81.67352709000005, 6.486498531000052 ], [ 81.673567042000059, 6.486485481000045 ], [ 81.673613941000042, 6.486463936000064 ], [ 81.673675656000057, 6.486429317000045 ], [ 81.673756867000066, 6.48638014200003 ], [ 81.673795039000083, 6.486359952000043 ], [ 81.673828309000044, 6.486344881000036 ], [ 81.673858864000067, 6.486333856000044 ], [ 81.673902912000074, 6.486321901000053 ], [ 81.674004324000066, 6.486301328000025 ], [ 81.674085252000054, 6.48629022700004 ], [ 81.674120045000052, 6.486288420000051 ], [ 81.674152, 6.486289144000068 ], [ 81.674181830000066, 6.486292488000061 ], [ 81.674208505000081, 6.486298273000045 ], [ 81.674231382000073, 6.48630595700007 ], [ 81.67425664700005, 6.486317693000046 ], [ 81.67428454700007, 6.486334069000065 ], [ 81.674308961000065, 6.486350671000025 ], [ 81.674331689000041, 6.486368832000039 ], [ 81.674350877000052, 6.48638747800004 ], [ 81.674363788000051, 6.486403231000054 ], [ 81.67437379200004, 6.486420072000044 ], [ 81.674380332000055, 6.486437949000049 ], [ 81.674384014000054, 6.486457778000045 ], [ 81.674384903000032, 6.48647894800007 ], [ 81.674383178000085, 6.486502241000039 ], [ 81.674378984000043, 6.486527066000065 ], [ 81.674371609000048, 6.486556853000025 ], [ 81.674339532000033, 6.486654860000044 ], [ 81.674303566000049, 6.48674718500007 ], [ 81.674278910000055, 6.486797703000036 ], [ 81.674250897000036, 6.486841035000054 ], [ 81.674214904000053, 6.486884850000024 ], [ 81.674170375000074, 6.486929237000027 ], [ 81.674120809000044, 6.486971423000057 ], [ 81.674059940000063, 6.487017243000025 ], [ 81.673980583000059, 6.487072381000075 ], [ 81.673849072000053, 6.48715892000007 ], [ 81.673794387000044, 6.487198078000063 ], [ 81.673752918000048, 6.487230125000053 ], [ 81.673708751000049, 6.48726795500005 ], [ 81.673673175000033, 6.48730288400003 ], [ 81.673642301000029, 6.487338419000025 ], [ 81.673616860000038, 6.487373744000024 ], [ 81.673601606000034, 6.487399283000059 ], [ 81.673589052000068, 6.487424734000058 ], [ 81.673578299000042, 6.48745184400002 ], [ 81.673569358000066, 6.487480422000033 ], [ 81.673547088000078, 6.487583721000021 ], [ 81.673539798000036, 6.487633086000073 ], [ 81.673535517000062, 6.487674771000059 ], [ 81.673535323000067, 6.487731798000027 ], [ 81.67353814300003, 6.487756861000037 ], [ 81.673542868000084, 6.48777936700003 ], [ 81.673549758000036, 6.487800194000044 ], [ 81.673558942000057, 6.487820087000046 ], [ 81.673570763000043, 6.487839955000027 ], [ 81.673584786000049, 6.487859147000052 ], [ 81.673613859000056, 6.487890811000057 ], [ 81.673647135000067, 6.487919514000055 ], [ 81.673687469000072, 6.487948076000066 ], [ 81.673730194000029, 6.487973448000048 ], [ 81.67378130600008, 6.487999179000042 ], [ 81.673834144000068, 6.488021742000058 ], [ 81.67389071100007, 6.488042204000067 ], [ 81.673949189000041, 6.488059818000067 ], [ 81.67401329900008, 6.48807473100004 ], [ 81.674043564000044, 6.48807860200003 ], [ 81.674074696000048, 6.488080300000036 ], [ 81.67415499100008, 6.488078211000072 ], [ 81.674255602000073, 6.488070733000029 ], [ 81.674305020000077, 6.488070490000041 ], [ 81.674354348000065, 6.488072663000025 ], [ 81.674397861000045, 6.48807688900007 ], [ 81.674462740000081, 6.488085557000034 ], [ 81.674569553000083, 6.48810347400007 ], [ 81.674661789000083, 6.488122955000051 ], [ 81.674753534000047, 6.488145795000037 ], [ 81.674859873000059, 6.488177650000068 ], [ 81.674996170000043, 6.488222396000026 ], [ 81.675150397000039, 6.488261581000074 ], [ 81.675188382000044, 6.488273319000029 ], [ 81.675221685000054, 6.488285559000076 ], [ 81.67525016500008, 6.488298421000025 ], [ 81.675276378000035, 6.488313136000045 ], [ 81.675304140000037, 6.488333275000059 ], [ 81.675328630000081, 6.48835646200007 ], [ 81.675352732000079, 6.488385141000037 ], [ 81.675374960000056, 6.488417539000068 ], [ 81.675397012000076, 6.488455965000071 ], [ 81.675416814000073, 6.488495680000028 ], [ 81.675445980000063, 6.488559656000064 ], [ 81.675474611000084, 6.488628325000036 ], [ 81.675498927000035, 6.488699479000047 ], [ 81.675507306000043, 6.488734781000062 ], [ 81.675513776000059, 6.488771365000048 ], [ 81.675523220000059, 6.488867647000063 ], [ 81.675528142000076, 6.488963387000069 ], [ 81.675531522000085, 6.489003552000042 ], [ 81.675537783000038, 6.489053175000038 ], [ 81.675546953000037, 6.489098570000067 ], [ 81.675560501000064, 6.489141736000022 ], [ 81.675579147000064, 6.48918096400007 ], [ 81.675601860000086, 6.48921372500007 ], [ 81.675632264000058, 6.489244839000037 ], [ 81.675657769000054, 6.489266674000021 ], [ 81.675683657000036, 6.48928649000004 ], [ 81.675711427000067, 6.489305312000056 ], [ 81.67573554300003, 6.489319499000032 ], [ 81.675759081000081, 6.489330758000051 ], [ 81.675784094000051, 6.48934024700003 ], [ 81.675811227000054, 6.489348232000054 ], [ 81.67583962100008, 6.489354528000035 ], [ 81.675890153000068, 6.489361821000045 ], [ 81.675943480000058, 6.489365844000076 ], [ 81.676065958000038, 6.489368296000066 ], [ 81.67615274800005, 6.489373089000026 ], [ 81.676226037000049, 6.489373158000035 ], [ 81.676306163000049, 6.489369387000067 ], [ 81.676372858000036, 6.489370884000039 ], [ 81.67641519700004, 6.489376959000026 ], [ 81.67645490600006, 6.489386640000021 ], [ 81.676504557000044, 6.489402541000061 ], [ 81.676544455000055, 6.489420227000039 ], [ 81.676562300000057, 6.489432319000059 ], [ 81.676576035000039, 6.489446311000052 ], [ 81.676586175000068, 6.489463718000025 ], [ 81.67659268500006, 6.489482735000024 ], [ 81.676601514000083, 6.489533319000031 ], [ 81.676610737000033, 6.48960979800006 ], [ 81.67662316600007, 6.48967589800003 ], [ 81.676646887000061, 6.489780301000053 ], [ 81.67666074300007, 6.489829132000068 ], [ 81.676672936000045, 6.48986427400007 ], [ 81.676705006000077, 6.489934425000058 ], [ 81.676736497000036, 6.489991847000056 ], [ 81.676768031000051, 6.490038233000064 ], [ 81.676801113000067, 6.490075997000076 ], [ 81.676821878000055, 6.490095032000056 ], [ 81.676845612000079, 6.490113822000069 ], [ 81.676871471000084, 6.49013166800006 ], [ 81.676899338000055, 6.490148507000072 ], [ 81.676930881000033, 6.490165130000037 ], [ 81.676964420000047, 6.490180422000037 ], [ 81.676999878000061, 6.490194151000026 ], [ 81.677020807000076, 6.490200313000059 ], [ 81.677057815000069, 6.490204688000063 ], [ 81.677096942000048, 6.490203231000066 ], [ 81.677146225000058, 6.490196891000039 ], [ 81.677203647000056, 6.490187098000035 ], [ 81.677252788000033, 6.49018180500002 ], [ 81.677289076000079, 6.490182449000031 ], [ 81.677318249000052, 6.490188439000065 ], [ 81.677338955000039, 6.490197833000025 ], [ 81.677357708000045, 6.490212152000026 ], [ 81.677384618000076, 6.490240570000026 ], [ 81.677408927000045, 6.490273435000063 ], [ 81.67742438700003, 6.490301165000062 ], [ 81.677433466000082, 6.490325515000052 ], [ 81.67743673800004, 6.49034604700006 ], [ 81.677435019000029, 6.490368265000029 ], [ 81.677426658000059, 6.490395830000068 ], [ 81.67741116600007, 6.490426597000067 ], [ 81.677392522000048, 6.490451870000072 ], [ 81.677369114000044, 6.490475454000034 ], [ 81.677339506000067, 6.490499007000039 ], [ 81.67729225100004, 6.490530467000042 ], [ 81.677251825000042, 6.490553509000051 ], [ 81.677208249000046, 6.490574458000026 ], [ 81.677156965000052, 6.49059478700002 ], [ 81.677102223000077, 6.490613382000049 ], [ 81.677082139000049, 6.490620203000049 ], [ 81.677038171000049, 6.490631707000034 ], [ 81.676998688000083, 6.490638343000057 ], [ 81.67695081100004, 6.490639931000032 ], [ 81.676901883000085, 6.490635539000039 ], [ 81.676855541000066, 6.490625444000045 ], [ 81.676809392000052, 6.490609453000047 ], [ 81.67678249800008, 6.490597044000026 ], [ 81.676758241000073, 6.490582335000056 ], [ 81.676704289000043, 6.490542179000045 ], [ 81.676683857000057, 6.490528949000065 ], [ 81.67664764400007, 6.490509348000046 ], [ 81.676578201000041, 6.490474924000068 ], [ 81.676535495000053, 6.490445234000049 ], [ 81.676522324000075, 6.490436077000027 ], [ 81.676494223000077, 6.490422563000038 ], [ 81.676465823000058, 6.490416528000026 ], [ 81.676431725000043, 6.490415218000066 ], [ 81.676379080000061, 6.490416658000072 ], [ 81.676319272000057, 6.490412843000058 ], [ 81.676215419000073, 6.490402188000076 ], [ 81.676107887000057, 6.490388792000033 ], [ 81.676017737000052, 6.490381205000062 ], [ 81.675933934000057, 6.490377719000037 ], [ 81.675852027000076, 6.490378295000028 ], [ 81.675803278000046, 6.490381508000041 ], [ 81.675753177000047, 6.490387410000039 ], [ 81.67570502500007, 6.490395137000064 ], [ 81.675655833000064, 6.490405470000042 ], [ 81.675603333000083, 6.490418963000025 ], [ 81.675571190000085, 6.490428826000027 ], [ 81.675534900000059, 6.490443665000043 ], [ 81.675507573000061, 6.490458344000047 ], [ 81.675485298000069, 6.490475057000026 ], [ 81.675465710000083, 6.490496644000075 ], [ 81.675438254000085, 6.490536128000031 ], [ 81.675414019000073, 6.490575830000068 ], [ 81.67539329400006, 6.490614895000022 ], [ 81.675370283000063, 6.490664460000062 ], [ 81.675335821000033, 6.490743974000054 ], [ 81.675302676000058, 6.490825675000053 ], [ 81.675271488000078, 6.490890828000033 ], [ 81.675232538000046, 6.49095799600002 ], [ 81.675181173000055, 6.491028211000071 ], [ 81.675152798000056, 6.491071263000038 ], [ 81.67512418900003, 6.49112350300004 ], [ 81.675098417000072, 6.491177868000022 ], [ 81.675073143000077, 6.491239450000023 ], [ 81.675050876000057, 6.491301730000032 ], [ 81.675030781000032, 6.491365094000059 ], [ 81.675003088000039, 6.491461075000075 ], [ 81.67498781900008, 6.49153553900004 ], [ 81.674977778000084, 6.491632213000059 ], [ 81.674965972000052, 6.491691120000041 ], [ 81.674957594000034, 6.491714600000023 ], [ 81.67494457600003, 6.491743722000024 ], [ 81.674932067000043, 6.491767183000036 ], [ 81.674917232000041, 6.491790711000021 ], [ 81.674900859000047, 6.491806284000063 ], [ 81.674880206000068, 6.49181489700004 ], [ 81.674854055000083, 6.491818834000071 ], [ 81.674841711000056, 6.491818281000064 ], [ 81.674830354000051, 6.491815691000056 ], [ 81.674814036000043, 6.491806885000074 ], [ 81.67477923000007, 6.491783132000023 ], [ 81.674726336000049, 6.491762048000055 ], [ 81.674696335000078, 6.491746514000056 ], [ 81.674666727000044, 6.491725058000043 ], [ 81.674623280000048, 6.491688639000074 ], [ 81.674591451000083, 6.491667364000023 ], [ 81.674575018000041, 6.491659672000026 ], [ 81.674556978000055, 6.491653861000032 ], [ 81.674514273000057, 6.491646039000045 ], [ 81.674469982000062, 6.491643446000069 ], [ 81.674426584000059, 6.491643776000046 ], [ 81.674371604000044, 6.491646059000061 ], [ 81.67432916100006, 6.49165150400006 ], [ 81.674301621000041, 6.491658572000063 ], [ 81.674274990000072, 6.491669250000029 ], [ 81.674230209000029, 6.491693090000069 ], [ 81.674206795000032, 6.491707646000066 ], [ 81.674183212000059, 6.491726623000034 ], [ 81.674159459000066, 6.491748600000051 ], [ 81.674139886000034, 6.491769804000057 ], [ 81.67412323800005, 6.491791401000057 ], [ 81.674111936000031, 6.491809337000063 ], [ 81.674101792000044, 6.491829733000031 ], [ 81.674082198000065, 6.491886630000067 ], [ 81.674070802000074, 6.491928771000062 ], [ 81.674062311000057, 6.491975455000045 ], [ 81.674055788000032, 6.492032273000063 ], [ 81.674047087000076, 6.492133699000021 ], [ 81.674033137000038, 6.492243399000074 ], [ 81.674023399000077, 6.492298559000062 ], [ 81.674011246000077, 6.49233533000006 ], [ 81.673993819000032, 6.49236731000002 ], [ 81.673972552000066, 6.492397150000045 ], [ 81.673942992000036, 6.492429888000061 ], [ 81.673925917000076, 6.492445517000021 ], [ 81.673903690000031, 6.492462684000031 ], [ 81.673884343000054, 6.492483407000066 ], [ 81.67385528300008, 6.492521962000069 ], [ 81.673830647000045, 6.492562765000059 ], [ 81.673890913000037, 6.492561114000068 ], [ 81.673951167000041, 6.492554765000023 ], [ 81.674004319000062, 6.492544146000057 ], [ 81.674054772000034, 6.492528242000049 ], [ 81.674097705000065, 6.492508591000046 ], [ 81.674136934000046, 6.492483586000048 ], [ 81.674170588000038, 6.492454108000061 ], [ 81.67419912500003, 6.492419796000036 ], [ 81.674220454000078, 6.492384479000066 ], [ 81.674236422000035, 6.492345488000069 ], [ 81.674252650000085, 6.492285039000024 ], [ 81.674260063000077, 6.492243470000062 ], [ 81.674260880000077, 6.492211651000048 ], [ 81.674257624000063, 6.492176097000026 ], [ 81.674241018000032, 6.492087927000057 ], [ 81.674234571000056, 6.492040271000064 ], [ 81.674234077000051, 6.492003770000053 ], [ 81.674240153000085, 6.49196713200007 ], [ 81.67424759000005, 6.491943554000045 ], [ 81.67425884000005, 6.491916824000043 ], [ 81.674267741000051, 6.491899233000026 ], [ 81.674278793000042, 6.491882915000076 ], [ 81.674294248000081, 6.491866026000025 ], [ 81.674311647000081, 6.491851070000052 ], [ 81.674329658000033, 6.491838806000032 ], [ 81.674349216000053, 6.491828926000039 ], [ 81.67437121100005, 6.491821818000062 ], [ 81.674394748000054, 6.491817352000055 ], [ 81.674422680000077, 6.491814880000049 ], [ 81.674450852000064, 6.491814526000041 ], [ 81.674478990000068, 6.491816036000046 ], [ 81.674506267000083, 6.491819855000074 ], [ 81.674528705000057, 6.491825071000051 ], [ 81.674548393000066, 6.491833113000041 ], [ 81.674574035000035, 6.491850456000066 ], [ 81.674597568000081, 6.491873835000035 ], [ 81.674624357000084, 6.491907812000022 ], [ 81.67467010200005, 6.491972270000076 ], [ 81.674690334000047, 6.491996122000046 ], [ 81.674709510000071, 6.492014478000044 ], [ 81.674745513000062, 6.492038943000068 ], [ 81.674782955000069, 6.492060097000035 ], [ 81.674818075000076, 6.492076275000045 ], [ 81.674852417000068, 6.492087139000034 ], [ 81.67489192000005, 6.492093804000035 ], [ 81.674932786000056, 6.492096080000067 ], [ 81.674972728000057, 6.492094579000025 ], [ 81.675011973000039, 6.492088658000057 ], [ 81.675049227000045, 6.492077608000045 ], [ 81.675085482000043, 6.492061533000026 ], [ 81.675116316000071, 6.492043700000067 ], [ 81.675143133000063, 6.492022070000075 ], [ 81.675160564000066, 6.491998082000066 ], [ 81.675174042000037, 6.491967929000054 ], [ 81.675184482000077, 6.491934742000069 ], [ 81.675190134000047, 6.491899989000046 ], [ 81.675191780000034, 6.491848444000027 ], [ 81.675189885000066, 6.491810269000041 ], [ 81.675182047000078, 6.491769216000023 ], [ 81.675168272000064, 6.491730375000031 ], [ 81.675164034000034, 6.491713195000045 ], [ 81.675160783000081, 6.491685423000035 ], [ 81.675160505000065, 6.491652126000076 ], [ 81.675164811000059, 6.491580034000037 ], [ 81.675171334000083, 6.491533186000026 ], [ 81.67518109100007, 6.491496525000059 ], [ 81.67520440900006, 6.491432209000038 ], [ 81.675224287000049, 6.491383693000046 ], [ 81.675249213000029, 6.491329238000048 ], [ 81.675273075000064, 6.491281092000065 ], [ 81.675363993000076, 6.491097642000057 ], [ 81.675408263000065, 6.491020022000043 ], [ 81.675461764000033, 6.490943709000021 ], [ 81.675487932000067, 6.490900973000066 ], [ 81.675515953000058, 6.490846420000025 ], [ 81.675554982000051, 6.490763487000038 ], [ 81.675581342000044, 6.490713330000062 ], [ 81.675604398000075, 6.49067666600007 ], [ 81.675630023000053, 6.490644576000022 ], [ 81.675656350000054, 6.49062008900006 ], [ 81.675686127000063, 6.490600943000061 ], [ 81.675708394000083, 6.490590721000046 ], [ 81.675733165000054, 6.490581992000045 ], [ 81.675789942000051, 6.490569031000064 ], [ 81.675856294000084, 6.490561494000076 ], [ 81.675952574000064, 6.49055710600004 ], [ 81.676032835000058, 6.49055635600007 ], [ 81.676109324000038, 6.490559958000063 ], [ 81.676184893000084, 6.490568411000027 ], [ 81.676259438000045, 6.490581611000039 ], [ 81.676319139000043, 6.490595934000055 ], [ 81.676377947000049, 6.490613644000064 ], [ 81.676430113000038, 6.490633390000028 ], [ 81.676482071000066, 6.490657299000077 ], [ 81.676584534000085, 6.490711114000021 ], [ 81.676640061000057, 6.490741976000038 ], [ 81.676698396000063, 6.490778181000053 ], [ 81.676780417000032, 6.490834735000021 ], [ 81.676813103000029, 6.490853832000028 ], [ 81.676842782000051, 6.490867716000025 ], [ 81.676880966000056, 6.490879459000041 ], [ 81.676922991000083, 6.490885662000039 ], [ 81.676971941000033, 6.490887315000066 ], [ 81.677026205000061, 6.490884524000023 ], [ 81.677080566000029, 6.490878939000027 ], [ 81.677136676000032, 6.490870737000023 ], [ 81.67718681000008, 6.490860218000023 ], [ 81.677237044000037, 6.490846777000058 ], [ 81.677292679000061, 6.490828720000025 ], [ 81.677347883000039, 6.490807677000021 ], [ 81.677400879000061, 6.490784663000056 ], [ 81.677452471000038, 6.490759006000076 ], [ 81.677471092000076, 6.490748198000063 ], [ 81.677498777000039, 6.490732128000047 ], [ 81.677540453000063, 6.490702061000036 ], [ 81.677590354000074, 6.490658004000068 ], [ 81.677661038000053, 6.490587789000074 ], [ 81.677708740000071, 6.490544022000051 ], [ 81.677751925000052, 6.490511380000044 ], [ 81.67781936800003, 6.490466704000028 ], [ 81.677834008000048, 6.490455055000041 ], [ 81.677860085000077, 6.490434303000029 ], [ 81.677883855000061, 6.490408098000046 ], [ 81.67790061200003, 6.490378785000075 ], [ 81.677913010000054, 6.490342041000076 ], [ 81.677919664000058, 6.490303241000049 ], [ 81.677921588000061, 6.490255875000059 ], [ 81.677918127000055, 6.490208172000052 ], [ 81.67790941100003, 6.490157787000044 ], [ 81.677896265000072, 6.49010932300007 ], [ 81.677882603000057, 6.490071768000064 ], [ 81.677866077000033, 6.490035737000028 ], [ 81.677847983000049, 6.490004154000076 ], [ 81.677833166000084, 6.489983744000028 ], [ 81.677827249000075, 6.489975594000043 ], [ 81.677808756000047, 6.489957321000077 ], [ 81.677784860000031, 6.489939262000064 ], [ 81.677708334000044, 6.489893901000073 ], [ 81.677664476000075, 6.489861837000035 ], [ 81.677646100000061, 6.489842802000055 ], [ 81.677629452000076, 6.489821013000039 ], [ 81.677613492000035, 6.489795640000068 ], [ 81.677599324000084, 6.489768415000071 ], [ 81.677581245000056, 6.489725491000058 ], [ 81.677563561000056, 6.489673147000076 ], [ 81.677526731000057, 6.489540566000073 ], [ 81.677490724000052, 6.489429362000067 ], [ 81.677471856000068, 6.489363039000068 ], [ 81.67746293600004, 6.489319308000063 ], [ 81.677457926000045, 6.489275727000063 ], [ 81.677458770000044, 6.489241261000075 ], [ 81.677465095000059, 6.489208609000059 ], [ 81.677473400000054, 6.489184511000076 ], [ 81.677484588000084, 6.489160928000047 ], [ 81.677498911000043, 6.489137214000039 ], [ 81.677516222000065, 6.489113575000033 ], [ 81.677536091000036, 6.489090356000077 ], [ 81.677559847000055, 6.489065939000056 ], [ 81.677622602000042, 6.489010529000041 ], [ 81.67776377000007, 6.488901390000024 ], [ 81.677811120000058, 6.488860779000049 ], [ 81.677831125000068, 6.488841944000058 ], [ 81.677865335000035, 6.488809736000064 ], [ 81.677922448000061, 6.488764207000031 ], [ 81.678019781000046, 6.488698456000066 ], [ 81.678156694000052, 6.488615329000027 ], [ 81.67823981500004, 6.48856171500006 ], [ 81.678307503000042, 6.488511745000039 ], [ 81.678336744000035, 6.488486769000076 ], [ 81.678363094000076, 6.488461446000031 ], [ 81.678388494000046, 6.488433279000049 ], [ 81.678411087000029, 6.488403352000034 ], [ 81.678429159000075, 6.488373860000024 ], [ 81.678444603000059, 6.488341493000064 ], [ 81.678461467000034, 6.488295622000066 ], [ 81.678475547000062, 6.488248340000041 ], [ 81.678487648000043, 6.488197365000076 ], [ 81.678497054000047, 6.488145802000076 ], [ 81.678504538000084, 6.488087146000055 ], [ 81.678508666000084, 6.488028155000052 ], [ 81.678509274000078, 6.487971104000053 ], [ 81.67850625300008, 6.487914597000042 ], [ 81.678499980000083, 6.487863772000026 ], [ 81.678489955000032, 6.487814366000066 ], [ 81.678476791000037, 6.487770049000062 ], [ 81.678459530000055, 6.487728272000027 ], [ 81.678441011000075, 6.487694905000069 ], [ 81.678418298000054, 6.487663672000053 ], [ 81.678389838000044, 6.487632447000067 ], [ 81.67835781000008, 6.487603189000026 ], [ 81.678318087000036, 6.487572237000052 ], [ 81.67827528600003, 6.487543355000071 ], [ 81.678227003000075, 6.487514739000062 ], [ 81.678176627000084, 6.487488307000035 ], [ 81.678088779000063, 6.48744877300004 ], [ 81.678057528000068, 6.487436574000071 ], [ 81.678024963000041, 6.487426067000058 ], [ 81.677990811000029, 6.487417511000046 ], [ 81.677955679000036, 6.487410984000064 ], [ 81.677918272000056, 6.487406214000032 ], [ 81.677879837000035, 6.487403303000065 ], [ 81.67782855300004, 6.487402355000029 ], [ 81.677814838000074, 6.487402100000054 ], [ 81.677744724000036, 6.487404774000026 ], [ 81.677648791000081, 6.487412382000059 ], [ 81.677462708000064, 6.487430681000035 ], [ 81.677311820000057, 6.487438053000062 ], [ 81.677185522000059, 6.487440579000065 ], [ 81.677147760000082, 6.487440021000054 ], [ 81.67710123300003, 6.487436155000069 ], [ 81.677048459000048, 6.487427653000054 ], [ 81.676976014000047, 6.487410552000028 ], [ 81.676904897000043, 6.487387986000044 ], [ 81.676829242000053, 6.487357650000035 ], [ 81.676754865000078, 6.487322754000047 ], [ 81.676681623000036, 6.48728449400005 ], [ 81.676621659000034, 6.487247530000047 ], [ 81.676572214000032, 6.487209851000046 ], [ 81.676550964000057, 6.487190290000058 ], [ 81.676532025000085, 6.487170140000046 ], [ 81.676514807000046, 6.487148476000073 ], [ 81.676499878000072, 6.487125506000041 ], [ 81.676488382000059, 6.487102646000039 ], [ 81.676479183000083, 6.487077846000034 ], [ 81.676466344000062, 6.48702675100003 ], [ 81.676452737000034, 6.486947850000035 ], [ 81.676440973000069, 6.486896019000028 ], [ 81.676420518000043, 6.486832254000035 ], [ 81.676379888000042, 6.486717660000068 ], [ 81.676365777000058, 6.486669862000042 ], [ 81.676354700000047, 6.486623746000021 ], [ 81.67634253600005, 6.486558621000029 ], [ 81.676332023000043, 6.48648268900007 ], [ 81.676312988000063, 6.486283947000061 ], [ 81.676298668000072, 6.486168937000059 ], [ 81.676284629000065, 6.486091769000041 ], [ 81.676258294000036, 6.485976051000023 ], [ 81.676243517000046, 6.485900014000038 ], [ 81.676235865000081, 6.485840256000074 ], [ 81.676234458000067, 6.485779036000054 ], [ 81.676230535000059, 6.485744580000073 ], [ 81.676221274000056, 6.485709346000021 ], [ 81.676207463000082, 6.485676092000062 ], [ 81.676193719000082, 6.485652861000062 ], [ 81.676177017000043, 6.485630176000029 ], [ 81.676160695000078, 6.485611292000044 ], [ 81.676142479000077, 6.48559446400003 ], [ 81.676110643000072, 6.485571611000069 ], [ 81.676033674000053, 6.485521640000059 ], [ 81.675957194000034, 6.485465516000033 ], [ 81.67578388000004, 6.48533066300007 ], [ 81.67571995000003, 6.485277776000032 ], [ 81.675666341000067, 6.485231159000023 ], [ 81.675599985000076, 6.485169468000038 ], [ 81.675537607000081, 6.485106230000042 ], [ 81.675480653000079, 6.485042520000036 ], [ 81.675426557000037, 6.484975729000041 ], [ 81.675384387000065, 6.48491942000004 ], [ 81.675341830000036, 6.484858943000063 ], [ 81.675246594000043, 6.484712344000059 ], [ 81.675235728000075, 6.484694482000066 ], [ 81.675146937000079, 6.484548542000027 ], [ 81.675029926000036, 6.484345774000076 ], [ 81.674982701000033, 6.48425254700004 ], [ 81.674944336000067, 6.484162214000037 ], [ 81.674929257000031, 6.484119239000051 ], [ 81.674915369000075, 6.484073870000032 ], [ 81.674892886000066, 6.483981193000034 ], [ 81.674880319000067, 6.483914091000031 ], [ 81.674870976000079, 6.483846692000043 ], [ 81.67486567800006, 6.483785799000032 ], [ 81.674864246000084, 6.483724362000032 ], [ 81.674866677000068, 6.483658791000039 ], [ 81.674872750000077, 6.483591492000073 ], [ 81.674882827000033, 6.483517410000047 ], [ 81.674896359000059, 6.483439451000038 ], [ 81.674935812000058, 6.483245504000024 ], [ 81.674937126000032, 6.483239400000059 ], [ 81.674964832000057, 6.483110734000036 ], [ 81.674993513000061, 6.482987570000034 ], [ 81.675017666000031, 6.482898512000077 ], [ 81.675040381000031, 6.482827704000044 ], [ 81.675066144000084, 6.482759879000071 ], [ 81.675100741000051, 6.482684721000055 ], [ 81.675140170000077, 6.482614804000036 ], [ 81.675150891000044, 6.482588109000062 ], [ 81.675157796000065, 6.482561683000029 ], [ 81.675170164000065, 6.482475004000037 ], [ 81.67517728200005, 6.482399137000073 ], [ 81.675180110000042, 6.482317451000029 ], [ 81.675179318000062, 6.48217945500005 ], [ 81.675182570000061, 6.482125403000055 ], [ 81.675189009000064, 6.482078785000056 ], [ 81.675197839000077, 6.482040445000052 ], [ 81.675211169000079, 6.481997369000055 ], [ 81.675259723000067, 6.481870564000076 ], [ 81.675290629000074, 6.481774156000029 ], [ 81.675322091000055, 6.481657092000034 ], [ 81.675349475000075, 6.48153600400002 ], [ 81.675368497000079, 6.481439112000032 ], [ 81.675387891000071, 6.481329115000051 ], [ 81.675442300000043, 6.480983557000059 ], [ 81.675487061000069, 6.480729426000039 ], [ 81.675539382000068, 6.480464897000047 ], [ 81.675670758000081, 6.479833338000049 ], [ 81.675689485000078, 6.479733734000035 ], [ 81.675725906000082, 6.47952077900004 ], [ 81.675753723000071, 6.479379581000046 ], [ 81.675769847000083, 6.479312807000042 ], [ 81.675788021000074, 6.479249296000035 ], [ 81.675807536000036, 6.479191747000073 ], [ 81.675829660000034, 6.479137060000028 ], [ 81.675851481000052, 6.479091466000057 ], [ 81.675878861000058, 6.479040271000031 ], [ 81.675953595000067, 6.478912755000067 ], [ 81.675994072000037, 6.478839683000047 ], [ 81.676024233000078, 6.478777262000051 ], [ 81.676051611000048, 6.478709675000061 ], [ 81.676085915000044, 6.478613667000047 ], [ 81.676116040000068, 6.478515833000074 ], [ 81.676142681000044, 6.47841410500007 ], [ 81.676165192000042, 6.478311140000073 ], [ 81.676183433000062, 6.478208904000041 ], [ 81.676197907000073, 6.478106021000031 ], [ 81.676208858000052, 6.478001052000025 ], [ 81.676216115000045, 6.477895806000049 ], [ 81.676219698000068, 6.477793785000074 ], [ 81.676220880000074, 6.477661359000024 ], [ 81.676229529000068, 6.477522298000054 ], [ 81.676230537000038, 6.477492425000037 ], [ 81.676232222000067, 6.477442461000066 ], [ 81.676231525000048, 6.477403330000072 ], [ 81.676228875000049, 6.47736638300006 ], [ 81.676224307000041, 6.477333332000057 ], [ 81.676217388000055, 6.477301779000072 ], [ 81.676208854000038, 6.477274671000032 ], [ 81.676197845000047, 6.477248903000032 ], [ 81.676184766000063, 6.477225692000047 ], [ 81.67616915900004, 6.477204285000028 ], [ 81.676151102000063, 6.477185074000033 ], [ 81.676127938000036, 6.477164868000045 ], [ 81.676064060000044, 6.477117594000049 ], [ 81.676028706000068, 6.477088646000027 ], [ 81.675992159000032, 6.477053034000051 ], [ 81.675957296000036, 6.477015193000057 ], [ 81.675918142000057, 6.476968341000031 ], [ 81.675875009000038, 6.476912215000027 ], [ 81.675772553000058, 6.476768560000039 ], [ 81.675714142000061, 6.476690157000064 ], [ 81.675661865000052, 6.476626502000045 ], [ 81.675603145000082, 6.476561504000074 ], [ 81.675517139000078, 6.476473325000029 ], [ 81.675423814000055, 6.476384243000041 ], [ 81.675308249000068, 6.476279368000064 ], [ 81.675109959000054, 6.476103726000076 ], [ 81.674955005000072, 6.475958865000052 ], [ 81.674887736000073, 6.475891165000064 ], [ 81.674824554000054, 6.47582331600006 ], [ 81.674765022000031, 6.475754361000043 ], [ 81.67470557300004, 6.475680675000035 ], [ 81.674590310000042, 6.475527395000029 ], [ 81.674420844000053, 6.475289226000029 ], [ 81.674307260000035, 6.475135677000026 ], [ 81.674198837000063, 6.475001723000048 ], [ 81.674014591000059, 6.474786335000033 ], [ 81.673949244000084, 6.474704067000062 ], [ 81.673895689000062, 6.474630756000067 ], [ 81.673840424000048, 6.474545435000039 ], [ 81.673792268000057, 6.474456763000035 ], [ 81.673736776000055, 6.474335341000028 ], [ 81.67366172100003, 6.47415127000005 ], [ 81.67360973600006, 6.474033373000054 ], [ 81.673583009000083, 6.473979756000062 ], [ 81.673554325000055, 6.473926629000061 ], [ 81.673487223000052, 6.473815879000028 ], [ 81.673435165000058, 6.473736622000047 ], [ 81.673380403000067, 6.473658353000076 ], [ 81.673321438000073, 6.473578868000061 ], [ 81.673259882000082, 6.473500269000056 ], [ 81.67319271100007, 6.473418727000023 ], [ 81.673122817000035, 6.473337776000051 ], [ 81.673047611000072, 6.473254348000069 ], [ 81.67296962000006, 6.473171169000068 ], [ 81.672838932000047, 6.47303778600002 ], [ 81.672695645000033, 6.472897919000047 ], [ 81.672546956000076, 6.472757331000025 ], [ 81.672399677000044, 6.472623208000073 ], [ 81.672272282000051, 6.47251304100007 ], [ 81.672142244000042, 6.472405870000046 ], [ 81.672008567000034, 6.472300846000053 ], [ 81.67187245100007, 6.472198893000041 ], [ 81.671726113000034, 6.472094538000022 ], [ 81.671576104000053, 6.471992875000069 ], [ 81.671423377000053, 6.471894590000034 ], [ 81.671268201000032, 6.471799851000071 ], [ 81.67111890700005, 6.471713371000021 ], [ 81.670967226000073, 6.471630007000044 ], [ 81.67084789200004, 6.471567916000026 ], [ 81.670690706000073, 6.471491183000069 ], [ 81.670601088000069, 6.471443995000072 ], [ 81.670501931000047, 6.471387110000023 ], [ 81.670404727000061, 6.471326550000072 ], [ 81.670335224000041, 6.471280301000036 ], [ 81.670266672000082, 6.471232265000026 ], [ 81.670197678000079, 6.471181487000024 ], [ 81.67012955000007, 6.471128957000076 ], [ 81.670059672000036, 6.471072629000048 ], [ 81.669990323000036, 6.471014311000033 ], [ 81.669851780000045, 6.470890768000061 ], [ 81.669750331000046, 6.470794629000068 ], [ 81.669649310000068, 6.470694464000076 ], [ 81.669543290000036, 6.470585017000076 ], [ 81.66943477500007, 6.470468984000036 ], [ 81.669202706000078, 6.470210798000039 ], [ 81.668916993000039, 6.469883644000049 ], [ 81.668747547000066, 6.469692122000026 ], [ 81.668605676000084, 6.469536050000045 ], [ 81.668467862000057, 6.469390154000052 ], [ 81.668357527000069, 6.469278286000076 ], [ 81.668251328000053, 6.469176909000055 ], [ 81.668132650000075, 6.469069789000059 ], [ 81.667944698000042, 6.468904358000032 ], [ 81.667814905000057, 6.468785411000056 ], [ 81.667714256000068, 6.468686450000064 ], [ 81.667622600000072, 6.468587355000068 ], [ 81.667558900000074, 6.468510869000056 ], [ 81.667500092000068, 6.468432137000036 ], [ 81.667440233000036, 6.468341557000031 ], [ 81.667383656000084, 6.468248276000054 ], [ 81.667326006000053, 6.468144811000059 ], [ 81.66727228600007, 6.468039184000077 ], [ 81.66722248700006, 6.467931529000055 ], [ 81.667176286000085, 6.467821239000045 ], [ 81.66536381800006, 6.466931801000044 ], [ 81.665458657000045, 6.467122377000067 ], [ 81.665551379000078, 6.467313984000043 ], [ 81.665641874000073, 6.467506397000022 ], [ 81.66573038100006, 6.467700127000057 ], [ 81.665807034000068, 6.467871960000025 ], [ 81.665869215000043, 6.468015492000063 ], [ 81.665934863000075, 6.468172956000046 ], [ 81.666008464000072, 6.468359785000075 ], [ 81.666040216000056, 6.468434502000036 ], [ 81.666073854000047, 6.468507785000043 ], [ 81.666117343000053, 6.468592221000051 ], [ 81.66616588800008, 6.468672880000042 ], [ 81.666215408000085, 6.468742023000061 ], [ 81.666242446000069, 6.468774824000036 ], [ 81.66627124200005, 6.468806801000028 ], [ 81.666321308000079, 6.468856573000039 ], [ 81.666375207000044, 6.468904021000071 ], [ 81.666437005000034, 6.468952774000059 ], [ 81.666501265000079, 6.468998831000022 ], [ 81.666575156000079, 6.469047729000067 ], [ 81.666652929000065, 6.469096142000069 ], [ 81.666833759000042, 6.469202801000051 ] ] ] ] } }
]
}
