{
"type": "FeatureCollection",
"name": "lagoon_areas",
"crs": { "type": "name", "properties": { "name": "urn:ogc:def:crs:OGC:1.3:CRS84" } },
"xy_coordinate_resolution": 1e-15,
"features": [
{ "type": "Feature", "properties": { "objectid": 204, "lagoon_typ": "Lagoon", "lagoon_nam": null, "primary_in": null, "primary_ou": null, "length_in_": null, "width_in_k": null, "capacity_a": null, "area_in_sq": null, "depth_in_m": null, "hydro_area": 200075, "creation_m": "Digitalized from satellite images (geodatabase)", "year_of_cr": "2011", "revision_m": null, "year_of_re": null, "gfcode": "LGNNA", "descriptio": null, "st_area(sh": 0.0056766189473290004, "st_length(": 1.702192086275593 }, "geometry": { "type": "MultiPolygon", "coordinates": [ [ [ [ 79.814997450000078, 7.451870466000059 ], [ 79.81501370400008, 7.451837990000058 ], [ 79.815028028000029, 7.45180490100006 ], [ 79.815041540000038, 7.451767844000074 ], [ 79.815052514000058, 7.451730673000043 ], [ 79.815065102000062, 7.451653678000071 ], [ 79.815072103000034, 7.451625774000036 ], [ 79.815083757000082, 7.451599127000065 ], [ 79.81511547100007, 7.45154225400006 ], [ 79.815125498000043, 7.451517723000052 ], [ 79.815130372000056, 7.451494067000056 ], [ 79.815132003000031, 7.451465849000044 ], [ 79.815130327000077, 7.451434466000023 ], [ 79.815125246000036, 7.451396720000048 ], [ 79.815117158000078, 7.451351589000069 ], [ 79.815109138000082, 7.451318918000027 ], [ 79.815096726000036, 7.451279735000071 ], [ 79.815079067000056, 7.451232524000034 ], [ 79.815057769000077, 7.451179412000045 ], [ 79.815042624000057, 7.451146128000062 ], [ 79.814975713000081, 7.451020008000057 ], [ 79.814952186000085, 7.450970979000033 ], [ 79.814922132000049, 7.450894013000038 ], [ 79.814890998000067, 7.45080118900006 ], [ 79.814869591000047, 7.450729109000065 ], [ 79.814852325000061, 7.450655702000063 ], [ 79.814837325000042, 7.450575678000064 ], [ 79.814799639000057, 7.450346738000064 ], [ 79.814785381000036, 7.450278743000069 ], [ 79.814767343000085, 7.450207926000076 ], [ 79.814756987000067, 7.45017561800006 ], [ 79.814741320000053, 7.450137337000058 ], [ 79.81471745500005, 7.450088064000056 ], [ 79.81467119000007, 7.449999417000072 ], [ 79.814654386000029, 7.449962775000074 ], [ 79.814642164000077, 7.449931661000051 ], [ 79.814633981000043, 7.449905386000069 ], [ 79.814627816000041, 7.449876191000044 ], [ 79.814614323000058, 7.449779872000022 ], [ 79.814608073000045, 7.44975396600006 ], [ 79.814599797000085, 7.449731141000029 ], [ 79.814592527000059, 7.449716939000041 ], [ 79.814583696000057, 7.449703906000025 ], [ 79.814572911000084, 7.449691718000054 ], [ 79.814559737000081, 7.449679808000042 ], [ 79.814523266000037, 7.449654289000023 ], [ 79.814453952000065, 7.449613097000054 ], [ 79.81442837000003, 7.44959308600005 ], [ 79.814406623000082, 7.449572050000029 ], [ 79.814379164000059, 7.449540721000062 ], [ 79.814354240000057, 7.449506651000036 ], [ 79.814330960000063, 7.449468697000043 ], [ 79.814309638000054, 7.449427427000046 ], [ 79.814283045000082, 7.449365087000047 ], [ 79.814259831000072, 7.449298910000039 ], [ 79.814233434000073, 7.449210910000033 ], [ 79.814187098000048, 7.449044188000073 ], [ 79.814165475000038, 7.448976684000058 ], [ 79.814144216000045, 7.448919501000034 ], [ 79.814122944000076, 7.44887095100006 ], [ 79.814097323000055, 7.44882156400007 ], [ 79.814029486000038, 7.448709669000039 ], [ 79.813996555000074, 7.448651356000028 ], [ 79.813975348000042, 7.448607087000028 ], [ 79.813958167000067, 7.448561670000061 ], [ 79.813939197000082, 7.448495760000071 ], [ 79.813918528000045, 7.448401990000036 ], [ 79.813899131000085, 7.448298666000028 ], [ 79.813883575000034, 7.44818276500007 ], [ 79.813875113000051, 7.448143628000025 ], [ 79.813864361000071, 7.448110418000056 ], [ 79.81385332800005, 7.448085608000042 ], [ 79.813836569000046, 7.448054536000029 ], [ 79.813785366000047, 7.447972589000074 ], [ 79.813758187000076, 7.447925218000023 ], [ 79.81365912800004, 7.447734849000028 ], [ 79.81361516100003, 7.447662509000054 ], [ 79.813583415000039, 7.447619035000059 ], [ 79.813539881000054, 7.447567897000056 ], [ 79.813496002000079, 7.447521091000056 ], [ 79.813453998000057, 7.447481466000056 ], [ 79.813419368000041, 7.447452972000065 ], [ 79.813391771000056, 7.447434161000047 ], [ 79.813358186000073, 7.44741521100002 ], [ 79.813261499000077, 7.44736591000003 ], [ 79.813233647000061, 7.447348749000071 ], [ 79.813208839000083, 7.44733036100007 ], [ 79.813178096000058, 7.447304192000047 ], [ 79.813143269000079, 7.447271244000035 ], [ 79.813065713000071, 7.447193858000048 ], [ 79.81300243000004, 7.447124713000051 ], [ 79.812969772000031, 7.44709554800005 ], [ 79.812917840000068, 7.447061972000029 ], [ 79.812893307000081, 7.447049245000073 ], [ 79.812869986000067, 7.447039370000027 ], [ 79.812848765000069, 7.447032575000037 ], [ 79.812826194000081, 7.447027733000027 ], [ 79.81280189000006, 7.447024726000052 ], [ 79.812776580000047, 7.447023680000029 ], [ 79.812734558000045, 7.447026208000068 ], [ 79.812693504000038, 7.447033834000024 ], [ 79.812655547000077, 7.447046162000049 ], [ 79.812622512000075, 7.447062594000045 ], [ 79.81260448300003, 7.447075488000053 ], [ 79.812584387000072, 7.447093343000063 ], [ 79.812526023000032, 7.447149870000032 ], [ 79.812464175000059, 7.447213963000024 ], [ 79.812443127000051, 7.447230767000065 ], [ 79.812422580000032, 7.447242662000065 ], [ 79.812405203000083, 7.447249390000025 ], [ 79.812384526000073, 7.447254789000056 ], [ 79.812319857000034, 7.447265677000075 ], [ 79.812225767000029, 7.447284792000062 ], [ 79.812205033000055, 7.44729090800007 ], [ 79.812188577000029, 7.447298462000049 ], [ 79.812178584000037, 7.447305233000066 ], [ 79.812169390000065, 7.447313852000036 ], [ 79.812150424000038, 7.44733867900004 ], [ 79.812135950000084, 7.447367372000031 ], [ 79.812127996000072, 7.447395692000043 ], [ 79.812127259000079, 7.44741674100004 ], [ 79.812132466000037, 7.447440822000033 ], [ 79.812177390000045, 7.447553755000058 ], [ 79.812198960000046, 7.447593796000035 ], [ 79.812234414000045, 7.447636413000055 ], [ 79.812244872000065, 7.447650872000054 ], [ 79.812252208000075, 7.447664829000075 ], [ 79.812258361000033, 7.447682320000069 ], [ 79.812265727000067, 7.447722532000057 ], [ 79.81227240100003, 7.447810017000052 ], [ 79.81227339600008, 7.447856882000053 ], [ 79.812270474000059, 7.447896663000051 ], [ 79.81226668000005, 7.447918025000035 ], [ 79.812260365000043, 7.447941431000061 ], [ 79.812233982000066, 7.44801693200003 ], [ 79.812188907000063, 7.448161287000062 ], [ 79.812176124000075, 7.448207565000075 ], [ 79.81216663500004, 7.448248812000031 ], [ 79.812157400000046, 7.44830756500005 ], [ 79.812146302000031, 7.448436006000065 ], [ 79.812128496000071, 7.448583497000072 ], [ 79.812117805000071, 7.448651936000033 ], [ 79.812105207000059, 7.448709270000052 ], [ 79.812092320000033, 7.448752553000077 ], [ 79.81207609300003, 7.448793991000059 ], [ 79.812057328000037, 7.448834208000051 ], [ 79.812001950000081, 7.448944433000065 ], [ 79.811959344000059, 7.449044727000057 ], [ 79.811922720000041, 7.449136528000054 ], [ 79.811896823000041, 7.449211115000026 ], [ 79.811876612000049, 7.449284663000071 ], [ 79.811860851000063, 7.449366500000053 ], [ 79.811850043000049, 7.449451820000036 ], [ 79.811844811000071, 7.449537077000059 ], [ 79.811845611000081, 7.449616822000053 ], [ 79.811856977000048, 7.44977547600007 ], [ 79.811866673000054, 7.44988367600007 ], [ 79.811900360000038, 7.450215795000076 ], [ 79.811919181000064, 7.450451367000028 ], [ 79.811936714000069, 7.450704289000043 ], [ 79.811975636000057, 7.451367853000022 ], [ 79.811983034000036, 7.451550078000025 ], [ 79.811986047000062, 7.451745552000034 ], [ 79.811991841000065, 7.451840963000052 ], [ 79.811999265000054, 7.451927169000044 ], [ 79.812006846000031, 7.452004050000028 ], [ 79.812016755000059, 7.452080694000074 ], [ 79.812028893000047, 7.452156205000051 ], [ 79.812043360000075, 7.452231180000069 ], [ 79.812060028000076, 7.452304953000066 ], [ 79.812079002000075, 7.452378021000072 ], [ 79.812100230000055, 7.452450162000048 ], [ 79.812123745000065, 7.452521489000048 ], [ 79.812165830000083, 7.452633147000029 ], [ 79.812190219000058, 7.452690902000029 ], [ 79.81220684300007, 7.452725838000049 ], [ 79.812242620000063, 7.452789145000054 ], [ 79.812333452000075, 7.452933475000066 ], [ 79.812354604000063, 7.452971341000023 ], [ 79.812371847000065, 7.453006455000036 ], [ 79.812407065000059, 7.453088617000049 ], [ 79.812435239000081, 7.453162116000044 ], [ 79.812457728000084, 7.453230516000076 ], [ 79.812474900000041, 7.453294998000047 ], [ 79.812483237000038, 7.453334769000037 ], [ 79.812489318000075, 7.453372426000044 ], [ 79.812492517000067, 7.45340550100002 ], [ 79.812493840000059, 7.453441099000031 ], [ 79.812491881000085, 7.453510627000071 ], [ 79.812480163000032, 7.453672270000027 ], [ 79.812479796000048, 7.453748436000069 ], [ 79.812486130000082, 7.45383711900007 ], [ 79.812504156000045, 7.454015496000068 ], [ 79.812514821000036, 7.454171454000061 ], [ 79.812522590000071, 7.454234629000041 ], [ 79.812533753000082, 7.454288622000036 ], [ 79.812551962000043, 7.454348733000074 ], [ 79.812577254000075, 7.454414428000064 ], [ 79.812604638000039, 7.454476008000029 ], [ 79.81264447500007, 7.454558904000066 ], [ 79.812668920000078, 7.454604870000026 ], [ 79.812697259000061, 7.454653184000051 ], [ 79.812748574000068, 7.454732777000061 ], [ 79.812889107000046, 7.454938601000038 ], [ 79.812933853000061, 7.455009988000029 ], [ 79.813067123000053, 7.455230006000022 ], [ 79.81311197000008, 7.455298485000071 ], [ 79.81315446800005, 7.455358208000064 ], [ 79.813219208000078, 7.455441489000066 ], [ 79.813288321000073, 7.455524204000028 ], [ 79.813388460000056, 7.455635632000053 ], [ 79.813452730000051, 7.455703011000026 ], [ 79.813506931000063, 7.455753617000028 ], [ 79.813569123000036, 7.455803907000075 ], [ 79.813597700000059, 7.455824025000027 ], [ 79.813619225000082, 7.455837029000065 ], [ 79.813636974000076, 7.455844883000054 ], [ 79.813644957000065, 7.455846726000061 ], [ 79.813652264000041, 7.455845325000041 ], [ 79.813656380000054, 7.455841405000058 ], [ 79.813658887000031, 7.455835638000053 ], [ 79.813660064000032, 7.455825483000069 ], [ 79.813657316000047, 7.455799541000033 ], [ 79.813645286000053, 7.45575290000005 ], [ 79.813629401000071, 7.455704880000042 ], [ 79.813598461000083, 7.455622514000027 ], [ 79.81352596000005, 7.455441914000062 ], [ 79.813468761000081, 7.455286188000059 ], [ 79.81340358500006, 7.455125477000024 ], [ 79.813364057000058, 7.455019837000066 ], [ 79.813344999000037, 7.454959323000026 ], [ 79.813328647000048, 7.454896681000037 ], [ 79.813309896000078, 7.454812633000074 ], [ 79.813294540000072, 7.454729363000069 ], [ 79.813281045000053, 7.454632199000059 ], [ 79.81327131300003, 7.45453479400004 ], [ 79.813263473000063, 7.454419165000047 ], [ 79.813264244000038, 7.454359261000036 ], [ 79.81327299600008, 7.45428613200005 ], [ 79.813291779000053, 7.454191796000032 ], [ 79.813315110000076, 7.454093817000057 ], [ 79.813343471000053, 7.454000182000073 ], [ 79.813380423000069, 7.453900379000061 ], [ 79.81342432100007, 7.453800372000046 ], [ 79.813474932000076, 7.453700694000077 ], [ 79.813531925000063, 7.453601998000067 ], [ 79.81356861200004, 7.453544165000039 ], [ 79.813607292000029, 7.453487102000054 ], [ 79.813736281000047, 7.453310116000068 ], [ 79.813782408000066, 7.453254271000048 ], [ 79.813804116000085, 7.453232297000056 ], [ 79.813825707000035, 7.453213463000054 ], [ 79.813847527000064, 7.453197469000031 ], [ 79.813871690000042, 7.453182908000031 ], [ 79.813899630000037, 7.453168740000024 ], [ 79.813930069000037, 7.453155753000033 ], [ 79.813963684000043, 7.453143742000066 ], [ 79.813999443000057, 7.453133157000025 ], [ 79.814041923000048, 7.453123063000021 ], [ 79.814067133000037, 7.453119035000043 ], [ 79.814102022000043, 7.453118744000051 ], [ 79.814142297000046, 7.45312384500005 ], [ 79.81418160100003, 7.453132303000075 ], [ 79.814272367000058, 7.453155491000075 ], [ 79.814314386000035, 7.453163480000057 ], [ 79.814351424000051, 7.453166142000043 ], [ 79.814383025000041, 7.453162935000023 ], [ 79.81439763000003, 7.453158950000045 ], [ 79.814411183000061, 7.453153351000026 ], [ 79.814439759000038, 7.453135046000057 ], [ 79.814469275000079, 7.453108129000043 ], [ 79.814500535000036, 7.453071655000031 ], [ 79.814572951000059, 7.452970453000034 ], [ 79.814601148000065, 7.452926082000033 ], [ 79.814635865000071, 7.45286032100006 ], [ 79.814669990000084, 7.452782209000077 ], [ 79.814792499000077, 7.452456930000039 ], [ 79.814844134000055, 7.45231139200007 ], [ 79.814904753000064, 7.452123490000076 ], [ 79.814959153000075, 7.451933578000023 ], [ 79.814979267000069, 7.451902328000074 ], [ 79.814997450000078, 7.451870466000059 ] ] ], [ [ [ 79.811243855000043, 7.457150954000042 ], [ 79.811233112000082, 7.457130971000026 ], [ 79.811223544000029, 7.457108214000073 ], [ 79.811208122000039, 7.457054525000046 ], [ 79.811198989000047, 7.457009886000037 ], [ 79.811193096000068, 7.456970009000031 ], [ 79.811189728000045, 7.456931216000044 ], [ 79.811188918000084, 7.456892211000024 ], [ 79.811190987000032, 7.456854932000056 ], [ 79.811195818000044, 7.456821194000042 ], [ 79.811202942000079, 7.45679192800003 ], [ 79.811213314000042, 7.456762957000024 ], [ 79.811231398000075, 7.45672670700003 ], [ 79.81125441100005, 7.456691070000034 ], [ 79.811282750000032, 7.456655152000053 ], [ 79.811315753000031, 7.456619756000066 ], [ 79.811353676000067, 7.456584697000039 ], [ 79.811395768000068, 7.456550858000071 ], [ 79.811440431000051, 7.456519600000036 ], [ 79.811485577000042, 7.45649239200003 ], [ 79.811525792000054, 7.456473535000043 ], [ 79.811571517000061, 7.456457307000051 ], [ 79.811621092000053, 7.45644408000004 ], [ 79.811694229000068, 7.456428477000031 ], [ 79.811787941000034, 7.456411541000023 ], [ 79.811854874000062, 7.456402463000074 ], [ 79.811904409000078, 7.456397865000042 ], [ 79.812000655000077, 7.456393047000063 ], [ 79.812056734000066, 7.456387626000037 ], [ 79.812099768000053, 7.456379346000062 ], [ 79.812137205000056, 7.45636741900006 ], [ 79.812192400000072, 7.456342483000071 ], [ 79.81224947700008, 7.456311408000033 ], [ 79.812298240000075, 7.456279919000053 ], [ 79.812338841000042, 7.456248229000039 ], [ 79.812370871000041, 7.456216897000047 ], [ 79.812394728000072, 7.456185697000024 ], [ 79.81241003100007, 7.456154989000026 ], [ 79.812414438000076, 7.456139814000039 ], [ 79.81241663600008, 7.456124680000073 ], [ 79.812413398000047, 7.456057502000021 ], [ 79.812404336000043, 7.455983076000052 ], [ 79.812387985000043, 7.455889822000074 ], [ 79.812369241000056, 7.455811607000044 ], [ 79.812348084000064, 7.455738491000034 ], [ 79.812238556000068, 7.455382211000028 ], [ 79.812198030000047, 7.455264390000025 ], [ 79.812152885000046, 7.455147586000066 ], [ 79.81211705100003, 7.455068329000028 ], [ 79.812077343000055, 7.454990957000064 ], [ 79.81203395600005, 7.454915852000056 ], [ 79.811987215000045, 7.454843562000065 ], [ 79.811941218000072, 7.454779536000046 ], [ 79.811893188000056, 7.454719006000062 ], [ 79.811834439000052, 7.454652470000042 ], [ 79.811783007000031, 7.454601288000049 ], [ 79.811766979000083, 7.454582133000031 ], [ 79.811754986000039, 7.454564972000071 ], [ 79.81174076800005, 7.454539903000068 ], [ 79.811727996000059, 7.454511420000074 ], [ 79.811716893000039, 7.454479820000074 ], [ 79.811707320000039, 7.454444908000028 ], [ 79.81168920600004, 7.454350536000049 ], [ 79.811677241000041, 7.454267878000053 ], [ 79.811670886000059, 7.454193125000074 ], [ 79.811670264000043, 7.454120881000051 ], [ 79.811677456000041, 7.45399976300007 ], [ 79.811688305000075, 7.453884764000065 ], [ 79.811700029000065, 7.453796358000034 ], [ 79.811718068000062, 7.45369383000002 ], [ 79.811726536000037, 7.453630064000038 ], [ 79.811729223000043, 7.453569840000057 ], [ 79.811726614000065, 7.453506455000024 ], [ 79.811716334000039, 7.453406308000069 ], [ 79.811702859000036, 7.453299841000046 ], [ 79.811684848000084, 7.453171368000028 ], [ 79.811667930000056, 7.453072107000025 ], [ 79.81164919500003, 7.45297793800006 ], [ 79.811625522000043, 7.45287120100005 ], [ 79.81160931900007, 7.452814914000044 ], [ 79.811588887000084, 7.45276302000002 ], [ 79.811568399000066, 7.452723819000028 ], [ 79.811544389000062, 7.452685888000076 ], [ 79.811515497000073, 7.452646866000066 ], [ 79.81148356500006, 7.452609040000027 ], [ 79.811443803000031, 7.452567006000038 ], [ 79.81140014600004, 7.45252518500007 ], [ 79.811353141000041, 7.452483479000023 ], [ 79.811304756000084, 7.452443963000064 ], [ 79.811251024000057, 7.452407349000055 ], [ 79.811192191000032, 7.452373345000069 ], [ 79.811121135000064, 7.452336846000037 ], [ 79.810996831000068, 7.452276266000069 ], [ 79.810895189000064, 7.452221131000044 ], [ 79.810808235000081, 7.452184196000076 ], [ 79.810662107000041, 7.452131554000061 ], [ 79.810612027000047, 7.452109472000075 ], [ 79.81057188300008, 7.452087599000038 ], [ 79.810548517000029, 7.452071815000068 ], [ 79.810527585000045, 7.452054498000052 ], [ 79.810510272000045, 7.452036468000074 ], [ 79.81049577400006, 7.452016795000077 ], [ 79.81048499700006, 7.451996854000072 ], [ 79.810477157000037, 7.451975660000073 ], [ 79.810471627000084, 7.451949956000021 ], [ 79.810468442000058, 7.451923847000046 ], [ 79.810457650000046, 7.451908163000041 ], [ 79.81044531200007, 7.451894654000057 ], [ 79.810431073000075, 7.451883070000065 ], [ 79.810416629000031, 7.451874750000059 ], [ 79.810389649000058, 7.451864085000068 ], [ 79.810367858000063, 7.451857442000062 ], [ 79.810334160000082, 7.451849609000021 ], [ 79.810294605000081, 7.45184252100006 ], [ 79.810276550000083, 7.451835213000038 ], [ 79.810258316000045, 7.451824897000051 ], [ 79.810236947000078, 7.451808844000027 ], [ 79.810218891000034, 7.451790404000064 ], [ 79.81020217400004, 7.451767613000072 ], [ 79.810188913000047, 7.451743048000026 ], [ 79.810182012000041, 7.451722006000068 ], [ 79.810177268000075, 7.451695031000042 ], [ 79.810168540000063, 7.451623280000035 ], [ 79.810163388000035, 7.451546650000068 ], [ 79.810159610000085, 7.451514049000025 ], [ 79.810153558000081, 7.451485547000061 ], [ 79.810142084000063, 7.451448453000069 ], [ 79.810129550000056, 7.451418334000039 ], [ 79.810112226000058, 7.451383237000073 ], [ 79.810057573000051, 7.451287500000035 ], [ 79.81002703200005, 7.451227270000061 ], [ 79.810006894000082, 7.451174249000076 ], [ 79.809983378000084, 7.45109466100007 ], [ 79.80996295500006, 7.451044297000067 ], [ 79.809921946000031, 7.45096976800005 ], [ 79.809879031000037, 7.450899403000051 ], [ 79.809864437000044, 7.450868890000038 ], [ 79.809856044000071, 7.450842436000073 ], [ 79.809852391000049, 7.450813484000037 ], [ 79.80985299200006, 7.450771993000046 ], [ 79.809856910000065, 7.450706618000027 ], [ 79.809866735000071, 7.450592927000059 ], [ 79.809869590000062, 7.450529593000056 ], [ 79.809870145000048, 7.450479336000058 ], [ 79.809867335000035, 7.450403566000034 ], [ 79.809856915000069, 7.450269030000072 ], [ 79.809854318000077, 7.450247373000025 ], [ 79.809850170000061, 7.45022967400007 ], [ 79.809839926000052, 7.450206191000063 ], [ 79.809823987000073, 7.450181110000074 ], [ 79.809806090000052, 7.450160374000063 ], [ 79.809787019000055, 7.45014459500004 ], [ 79.809769539000058, 7.450135190000026 ], [ 79.80974760600003, 7.450128125000049 ], [ 79.809713892000048, 7.450122058000034 ], [ 79.809687107000059, 7.450119968000024 ], [ 79.809663575000059, 7.450121267000043 ], [ 79.809636825000041, 7.450125340000056 ], [ 79.809505822000062, 7.450154574000067 ], [ 79.809446162000029, 7.450170967000076 ], [ 79.809396982000067, 7.450189199000022 ], [ 79.809361313000068, 7.450208592000024 ], [ 79.809324769000057, 7.450236905000054 ], [ 79.809290719000046, 7.450271846000021 ], [ 79.809261627000069, 7.45031052500002 ], [ 79.809245733000068, 7.450337399000034 ], [ 79.809235118000061, 7.450360962000047 ], [ 79.80922733400007, 7.450385404000031 ], [ 79.80921720300006, 7.450429558000053 ], [ 79.809207971000035, 7.45048226800003 ], [ 79.809194732000037, 7.450576862000048 ], [ 79.80917734600007, 7.450726217000067 ], [ 79.809168003000082, 7.450779502000046 ], [ 79.809157464000066, 7.450821870000027 ], [ 79.809142933000032, 7.450862456000038 ], [ 79.809122590000072, 7.450907033000021 ], [ 79.809065959000066, 7.451011228000027 ], [ 79.809038657000031, 7.451065725000035 ], [ 79.809021848000043, 7.451106456000048 ], [ 79.809009622000076, 7.451147038000045 ], [ 79.809005703000082, 7.45117065900007 ], [ 79.809004132000041, 7.451196558000049 ], [ 79.809004852000044, 7.451225256000043 ], [ 79.809007919000067, 7.451259067000024 ], [ 79.809014149000063, 7.451306546000069 ], [ 79.809020648000057, 7.451342674000045 ], [ 79.80902950400008, 7.451379448000068 ], [ 79.809040266000068, 7.451414080000063 ], [ 79.809058298000082, 7.451457788000027 ], [ 79.809084855000037, 7.451506250000023 ], [ 79.809126970000079, 7.451573278000069 ], [ 79.809211436000055, 7.451697377000073 ], [ 79.809233261000031, 7.451735744000075 ], [ 79.809246736000034, 7.45177048100004 ], [ 79.809262391000061, 7.451824954000074 ], [ 79.809272760000056, 7.451872698000045 ], [ 79.809280010000066, 7.451921264000021 ], [ 79.809257669000033, 7.451972845000057 ], [ 79.809245228000066, 7.451995722000049 ], [ 79.809231644000079, 7.45201658700006 ], [ 79.809210219000079, 7.45204291400006 ], [ 79.809171412000069, 7.452084673000059 ], [ 79.809135920000074, 7.45212781500004 ], [ 79.809096649000082, 7.45217135200005 ], [ 79.809078152000041, 7.452195337000035 ], [ 79.809066459000064, 7.452215594000052 ], [ 79.809061349000046, 7.452229336000073 ], [ 79.809059069000057, 7.452241681000032 ], [ 79.809058901000071, 7.452253691000067 ], [ 79.809061170000064, 7.452270103000046 ], [ 79.809066079000047, 7.452289350000058 ], [ 79.809072621000041, 7.452306933000045 ], [ 79.809080030000075, 7.452321726000037 ], [ 79.809089590000042, 7.452335405000042 ], [ 79.809103155000059, 7.452346060000025 ], [ 79.80912237800004, 7.452350856000066 ], [ 79.809151160000056, 7.452350153000054 ], [ 79.80920117900007, 7.452341189000038 ], [ 79.809231838000073, 7.452338391000069 ], [ 79.809256686000083, 7.452340866000043 ], [ 79.809283952000044, 7.452348765000067 ], [ 79.809313221000082, 7.452361627000073 ], [ 79.809344258000067, 7.452379592000057 ], [ 79.80938203900007, 7.452405523000039 ], [ 79.809445928000059, 7.452452884000024 ], [ 79.809490265000079, 7.452480736000041 ], [ 79.809530902000063, 7.452499361000037 ], [ 79.809598631000085, 7.452521157000035 ], [ 79.809657729000037, 7.452535325000042 ], [ 79.809694765000074, 7.452541060000044 ], [ 79.809737533000032, 7.452544328000045 ], [ 79.809838070000069, 7.452548174000071 ], [ 79.809884467000074, 7.452552810000043 ], [ 79.80992511900007, 7.452561548000062 ], [ 79.809958808000033, 7.452574776000063 ], [ 79.809985852000068, 7.452592207000066 ], [ 79.810016018000056, 7.452620445000036 ], [ 79.810044555000047, 7.452655168000035 ], [ 79.810071290000053, 7.452695825000035 ], [ 79.810093829000039, 7.452738144000023 ], [ 79.810110186000031, 7.452777292000064 ], [ 79.810122282000066, 7.45281929500004 ], [ 79.810130769000068, 7.452865843000041 ], [ 79.810134534000042, 7.452900699000054 ], [ 79.810136604000036, 7.452937896000037 ], [ 79.810135691000085, 7.453020217000073 ], [ 79.810129062000044, 7.453093074000037 ], [ 79.810116430000051, 7.453162717000055 ], [ 79.81009917800003, 7.453224097000032 ], [ 79.81007713300005, 7.453279608000059 ], [ 79.810045401000082, 7.453339052000047 ], [ 79.810009163000075, 7.453393205000054 ], [ 79.809976586000062, 7.453432586000076 ], [ 79.809942517000081, 7.453465883000035 ], [ 79.809908300000075, 7.453492077000021 ], [ 79.809867668000038, 7.453516068000056 ], [ 79.809811898000078, 7.453541881000035 ], [ 79.80973997500007, 7.453568981000046 ], [ 79.809680746000083, 7.453586319000067 ], [ 79.809578989000045, 7.453612398000075 ], [ 79.809540061000064, 7.45362446300004 ], [ 79.809507051000082, 7.453637024000045 ], [ 79.809477696000044, 7.453651008000065 ], [ 79.809452742000076, 7.453665994000062 ], [ 79.809421211000085, 7.453689162000046 ], [ 79.809382320000054, 7.453721618000031 ], [ 79.809334890000059, 7.453767250000055 ], [ 79.809294873000056, 7.453813105000052 ], [ 79.809261502000084, 7.45385993900004 ], [ 79.809236991000034, 7.453904248000072 ], [ 79.809219772000063, 7.453947526000036 ], [ 79.809206715000073, 7.453997847000039 ], [ 79.809198666000043, 7.454052906000072 ], [ 79.809195739000074, 7.454112939000026 ], [ 79.809198455000057, 7.454176742000072 ], [ 79.809206724000035, 7.454238180000061 ], [ 79.809217932000081, 7.45428217500006 ], [ 79.809235293000029, 7.454326671000047 ], [ 79.809254005000071, 7.454364077000037 ], [ 79.809277063000081, 7.454403576000061 ], [ 79.809399712000072, 7.454587491000041 ], [ 79.80944614200007, 7.454662168000027 ], [ 79.809482891000073, 7.454725968000048 ], [ 79.809505374000082, 7.454770057000076 ], [ 79.809525440000073, 7.45481634500004 ], [ 79.809543197000039, 7.454865075000043 ], [ 79.809558730000049, 7.454916486000059 ], [ 79.809571740000081, 7.454969111000025 ], [ 79.809582869000053, 7.455025001000024 ], [ 79.80959223800005, 7.455084743000043 ], [ 79.809600031000059, 7.455149510000069 ], [ 79.809609975000058, 7.455270865000045 ], [ 79.809626741000045, 7.455565724000053 ], [ 79.809633587000064, 7.455644067000037 ], [ 79.809641942000042, 7.455714070000056 ], [ 79.80965350300005, 7.455785999000057 ], [ 79.809667639000054, 7.455852553000057 ], [ 79.809684580000066, 7.455914800000073 ], [ 79.80970448000005, 7.455973302000075 ], [ 79.809737079000058, 7.456050008000034 ], [ 79.80974939400005, 7.456072093000046 ], [ 79.809766208000042, 7.456097879000026 ], [ 79.809810918000039, 7.456155757000033 ], [ 79.810048933000076, 7.456436339000049 ], [ 79.810134382000058, 7.456819292000034 ], [ 79.810133338000071, 7.457297750000066 ], [ 79.810104200000069, 7.458085579000056 ], [ 79.810093609000035, 7.458133892000035 ], [ 79.810081414000081, 7.458177654000053 ], [ 79.810068056000034, 7.458215114000041 ], [ 79.810052141000085, 7.458249751000039 ], [ 79.810034873000063, 7.458278605000032 ], [ 79.810015204000081, 7.458303558000068 ], [ 79.809994923000033, 7.458322508000037 ], [ 79.809980650000057, 7.458332778000056 ], [ 79.809964487000059, 7.458341976000042 ], [ 79.809924131000059, 7.458358880000048 ], [ 79.809871187000056, 7.458374208000066 ], [ 79.809781592000036, 7.458395753000048 ], [ 79.80973687200003, 7.458410033000064 ], [ 79.809697689000075, 7.458424500000035 ], [ 79.809535913000047, 7.458493425000029 ], [ 79.809478400000046, 7.458520462000024 ], [ 79.809421919000044, 7.458549561000041 ], [ 79.809364902000084, 7.458582314000068 ], [ 79.809314631000063, 7.458615545000043 ], [ 79.809258756000077, 7.458657917000039 ], [ 79.809175813000081, 7.458725792000052 ], [ 79.809119224000085, 7.45876961700003 ], [ 79.809040484000036, 7.458823979000044 ], [ 79.808957870000029, 7.458877469000072 ], [ 79.808864675000052, 7.458934017000047 ], [ 79.808787004000067, 7.45897805200002 ], [ 79.808721209000055, 7.459011262000047 ], [ 79.808624161000068, 7.459056087000022 ], [ 79.808564235000063, 7.459087375000024 ], [ 79.808507872000064, 7.459121625000023 ], [ 79.808444486000042, 7.459163832000058 ], [ 79.808361183000045, 7.459225566000043 ], [ 79.808283193000079, 7.459291231000066 ], [ 79.808212060000074, 7.459359717000041 ], [ 79.808179193000058, 7.459394906000057 ], [ 79.808149590000085, 7.459429208000074 ], [ 79.808110187000068, 7.459478658000023 ], [ 79.808074293000061, 7.459526977000053 ], [ 79.808041, 7.459575168000072 ], [ 79.80800423800008, 7.459632154000076 ], [ 79.807990979000067, 7.459658168000033 ], [ 79.807982455000058, 7.459681572000022 ], [ 79.807978084000069, 7.459704278000061 ], [ 79.807977408000056, 7.459727287000021 ], [ 79.807980997000072, 7.459759530000042 ], [ 79.807988677000083, 7.459791490000043 ], [ 79.80800055900005, 7.459825035000051 ], [ 79.808015625000053, 7.459857269000054 ], [ 79.808033168000065, 7.459887058000049 ], [ 79.808053557000051, 7.459914565000076 ], [ 79.808073873000069, 7.459935883000071 ], [ 79.808095803000072, 7.459951635000039 ], [ 79.808125272000041, 7.459964410000055 ], [ 79.808159903000046, 7.459972984000046 ], [ 79.808204269000043, 7.459979067000063 ], [ 79.808311160000073, 7.459989114000052 ], [ 79.808341824000081, 7.459994923000068 ], [ 79.808350545000053, 7.459997111000064 ], [ 79.80837852600007, 7.460004131000062 ], [ 79.808483280000075, 7.460035204000064 ], [ 79.808566800000051, 7.460062820000076 ], [ 79.808661842000049, 7.460097468000072 ], [ 79.808767645000046, 7.460139629000025 ], [ 79.808848304000037, 7.460173255000029 ], [ 79.808882058000052, 7.460188818000063 ], [ 79.808918560000052, 7.460208510000029 ], [ 79.808948674000078, 7.46022836800006 ], [ 79.808976159000053, 7.460251237000023 ], [ 79.809000152000067, 7.460276924000027 ], [ 79.809022654000046, 7.460307202000024 ], [ 79.809043473000031, 7.460341946000028 ], [ 79.809065329000077, 7.460387398000023 ], [ 79.80908561800004, 7.460440368000036 ], [ 79.809103607000054, 7.460498539000071 ], [ 79.809123148000083, 7.460575125000048 ], [ 79.809138572000052, 7.460647227000038 ], [ 79.809148160000063, 7.460704339000074 ], [ 79.809155068000052, 7.460766850000027 ], [ 79.809158546000049, 7.460829974000035 ], [ 79.809157475000063, 7.460921388000031 ], [ 79.809154086000035, 7.460967588000074 ], [ 79.809149774000048, 7.461002886000074 ], [ 79.809143462000065, 7.461035853000055 ], [ 79.809133572000064, 7.46107571400006 ], [ 79.809096221000061, 7.461197123000034 ], [ 79.809076770000047, 7.46127530800004 ], [ 79.809063201000072, 7.461369902000058 ], [ 79.809054678000052, 7.461477476000027 ], [ 79.809052008000037, 7.461556070000029 ], [ 79.80905176400006, 7.461645838000038 ], [ 79.80905470700003, 7.461775370000055 ], [ 79.809059539000032, 7.461878110000043 ], [ 79.809064823000085, 7.461946345000058 ], [ 79.809071948000053, 7.462007897000035 ], [ 79.809080822000055, 7.462063014000023 ], [ 79.809093019000045, 7.462119864000044 ], [ 79.809111703000042, 7.462190638000038 ], [ 79.809132658000067, 7.462258434000034 ], [ 79.809155032000035, 7.462319849000039 ], [ 79.809180522000077, 7.462379032000058 ], [ 79.809205958000064, 7.462429083000075 ], [ 79.809233893000055, 7.462476003000063 ], [ 79.809274560000063, 7.462536410000041 ], [ 79.809313333000034, 7.462587785000039 ], [ 79.809346145000063, 7.462626621000027 ], [ 79.809374525000067, 7.462654799000063 ], [ 79.809408876000077, 7.462683123000033 ], [ 79.809445858000061, 7.462708107000026 ], [ 79.809485530000075, 7.462729782000054 ], [ 79.80952784200008, 7.462748107000039 ], [ 79.809572791000051, 7.462763084000073 ], [ 79.809620382000048, 7.462774712000055 ], [ 79.809667090000062, 7.462780323000061 ], [ 79.809713732000034, 7.462782873000037 ], [ 79.809762216000081, 7.462782506000053 ], [ 79.809810945000038, 7.46277912000005 ], [ 79.809863418000077, 7.462772006000023 ], [ 79.809914348000063, 7.462761468000053 ], [ 79.809950357000048, 7.462751252000032 ], [ 79.809980211000038, 7.462738547000072 ], [ 79.810008019000065, 7.462723289000053 ], [ 79.810075548000043, 7.462682139000037 ], [ 79.810186341000076, 7.46262256600005 ], [ 79.810215052000046, 7.46260471100004 ], [ 79.81023992300004, 7.46258683800005 ], [ 79.810283736000031, 7.462548986000058 ], [ 79.810381538000058, 7.46245054700006 ], [ 79.810458530000062, 7.462380331000077 ], [ 79.810478831000069, 7.46235953300004 ], [ 79.810495410000044, 7.462339888000031 ], [ 79.810521652000034, 7.462299835000067 ], [ 79.810547622000058, 7.46224763400005 ], [ 79.810590790000049, 7.462145427000053 ], [ 79.810599356000068, 7.462119487000052 ], [ 79.810604392000073, 7.462096409000026 ], [ 79.810606499000073, 7.462071240000057 ], [ 79.81060565000007, 7.462042032000056 ], [ 79.810570807000033, 7.461694371000021 ], [ 79.810568492000073, 7.461651415000063 ], [ 79.810569436000037, 7.461613233000037 ], [ 79.810572622000052, 7.461578434000046 ], [ 79.810577888000068, 7.461542416000043 ], [ 79.810594753000032, 7.461466163000068 ], [ 79.810621302000072, 7.461380121000047 ], [ 79.810640517000081, 7.461327419000042 ], [ 79.810654888000045, 7.461292436000065 ], [ 79.810681973000044, 7.461238557000058 ], [ 79.810712079000041, 7.461192070000038 ], [ 79.810754186000054, 7.461140324000041 ], [ 79.81079913700006, 7.461094458000048 ], [ 79.810842690000072, 7.461057186000062 ], [ 79.810916984000073, 7.461000514000034 ], [ 79.811021331000063, 7.460924580000039 ], [ 79.811110463000034, 7.460865005000073 ], [ 79.811143341000047, 7.460839562000046 ], [ 79.81116335300004, 7.460820796000064 ], [ 79.811181972000043, 7.460798332000024 ], [ 79.811198156000046, 7.460771636000061 ], [ 79.811211752000077, 7.460740892000047 ], [ 79.811224177000042, 7.460702175000051 ], [ 79.811241586000051, 7.460627570000042 ], [ 79.811256181000033, 7.46054923500003 ], [ 79.811266513000078, 7.460482246000026 ], [ 79.811272660000043, 7.460414770000057 ], [ 79.811276614000064, 7.46031203900003 ], [ 79.811278161000075, 7.460126799000022 ], [ 79.811286795000058, 7.459887730000048 ], [ 79.811289001000034, 7.459732532000032 ], [ 79.811291287000074, 7.459667644000035 ], [ 79.811300729000038, 7.459555945000034 ], [ 79.811326141000052, 7.459372522000024 ], [ 79.811333138000066, 7.459288997000044 ], [ 79.811333568000066, 7.45924689900005 ], [ 79.811331603000042, 7.459210562000067 ], [ 79.81132720200003, 7.45917582200002 ], [ 79.811320519000049, 7.459144038000034 ], [ 79.811311618000047, 7.459114709000062 ], [ 79.811298700000066, 7.459083064000026 ], [ 79.811282777000031, 7.459051840000029 ], [ 79.811258075000069, 7.459008711000024 ], [ 79.81124217100006, 7.458986334000031 ], [ 79.811227791000078, 7.458970412000042 ], [ 79.811211652000054, 7.45895645500002 ], [ 79.81119086800004, 7.458942862000072 ], [ 79.811166317000072, 7.458929053000077 ], [ 79.811139077000064, 7.458916174000024 ], [ 79.811108421000085, 7.458903951000025 ], [ 79.811081363000085, 7.458895276000021 ], [ 79.811021756000059, 7.458882452000068 ], [ 79.81090216900003, 7.458863905000044 ], [ 79.810870467000029, 7.458856542000035 ], [ 79.810841761000063, 7.458847921000029 ], [ 79.810815780000041, 7.458837932000051 ], [ 79.810794003000069, 7.458827091000046 ], [ 79.810774527000035, 7.458813686000042 ], [ 79.810758047000036, 7.458798247000061 ], [ 79.810735240000042, 7.458769754000059 ], [ 79.810714671000085, 7.458735271000023 ], [ 79.810695813000052, 7.458693554000035 ], [ 79.810679413000059, 7.458646342000065 ], [ 79.810664690000067, 7.458590423000032 ], [ 79.810651523000047, 7.458524342000032 ], [ 79.81064544700007, 7.458474442000067 ], [ 79.810643227000071, 7.458423541000059 ], [ 79.810644226000079, 7.458386184000062 ], [ 79.810647385000038, 7.458346366000058 ], [ 79.810652643000083, 7.458306582000034 ], [ 79.810659902000054, 7.458266510000044 ], [ 79.810669401000041, 7.458225496000068 ], [ 79.81068046300004, 7.458186112000021 ], [ 79.810693625000056, 7.458146461000069 ], [ 79.810708323000085, 7.45810825600006 ], [ 79.810724083000082, 7.458072546000039 ], [ 79.810740793000036, 7.458039109000026 ], [ 79.810780247000082, 7.457973104000075 ], [ 79.810803227000065, 7.457940144000077 ], [ 79.810828221000065, 7.457907514000055 ], [ 79.81085399400007, 7.457876835000036 ], [ 79.81088152600006, 7.457846897000024 ], [ 79.810932783000055, 7.457798050000065 ], [ 79.810984662000067, 7.457756816000028 ], [ 79.811038179000036, 7.457722358000069 ], [ 79.81109157800006, 7.457695823000051 ], [ 79.811126457000057, 7.457684922000055 ], [ 79.811163596000085, 7.457680061000076 ], [ 79.811217425000052, 7.457679252000048 ], [ 79.811294562000057, 7.457681851000075 ], [ 79.811325813000053, 7.457680650000043 ], [ 79.81135362100008, 7.457676702000072 ], [ 79.811373715000059, 7.457670352000036 ], [ 79.811390973000073, 7.457659721000027 ], [ 79.811403779000045, 7.457644305000031 ], [ 79.811413252000079, 7.457623785000067 ], [ 79.811418963000051, 7.457601892000071 ], [ 79.811422339000046, 7.45757612400007 ], [ 79.811423336000075, 7.457546729000057 ], [ 79.81142197500003, 7.45751451600006 ], [ 79.811417944000084, 7.457476670000062 ], [ 79.811411430000078, 7.457436727000072 ], [ 79.811401270000033, 7.457389874000057 ], [ 79.811394282000037, 7.457365739000068 ], [ 79.811378933000071, 7.45733160900005 ], [ 79.811357878000081, 7.457298425000033 ], [ 79.811326231000066, 7.457257483000035 ], [ 79.811278525000034, 7.457200570000055 ], [ 79.81125796300006, 7.457172853000031 ], [ 79.811243855000043, 7.457150954000042 ] ] ], [ [ [ 79.801440570000068, 7.725337078000052 ], [ 79.801284625000051, 7.725194607000049 ], [ 79.801253021000036, 7.725161720000074 ], [ 79.80122220700008, 7.725125748000039 ], [ 79.801164621000055, 7.725050803000045 ], [ 79.801109001000043, 7.724968388000036 ], [ 79.801055212000051, 7.724878304000072 ], [ 79.801002990000029, 7.724780117000023 ], [ 79.800949905000039, 7.724670307000054 ], [ 79.800913354000045, 7.724586853000062 ], [ 79.800885235000067, 7.724511196000037 ], [ 79.800864928000067, 7.724441177000074 ], [ 79.800851282000053, 7.724372207000044 ], [ 79.800842388000035, 7.724295443000074 ], [ 79.800837969000042, 7.724208882000028 ], [ 79.800837580000064, 7.724104447000059 ], [ 79.800841354000056, 7.724012095000035 ], [ 79.800849496000069, 7.723928988000068 ], [ 79.800861845000043, 7.723854989000074 ], [ 79.800878383000054, 7.723793112000067 ], [ 79.800906806000057, 7.72371591600006 ], [ 79.800981836000062, 7.723545399000045 ], [ 79.801011620000054, 7.723468488000037 ], [ 79.801029441000082, 7.723406890000035 ], [ 79.801061243000049, 7.723263660000043 ], [ 79.801070809000066, 7.723230512000043 ], [ 79.801081195000052, 7.723201519000042 ], [ 79.801096028000075, 7.723169314000074 ], [ 79.80110406600005, 7.723156114000062 ], [ 79.801105654000082, 7.723153508000053 ], [ 79.801113196000074, 7.723141117000068 ], [ 79.801134742000045, 7.723113745000035 ], [ 79.801161160000049, 7.723086628000033 ], [ 79.801208362000068, 7.723047097000062 ], [ 79.801332178000052, 7.722958566000045 ], [ 79.801385216000085, 7.722915431000047 ], [ 79.801407405000077, 7.722893900000031 ], [ 79.801429856000084, 7.722869019000029 ], [ 79.801505818000066, 7.722773286000063 ], [ 79.801537620000033, 7.722736849000057 ], [ 79.801573371000075, 7.722703658000057 ], [ 79.801610338000046, 7.722678594000058 ], [ 79.80165162000003, 7.722658411000054 ], [ 79.801700836000066, 7.722640783000031 ], [ 79.801749681000047, 7.72262723700004 ], [ 79.801866804000042, 7.722598861000051 ], [ 79.801922773000058, 7.722582012000032 ], [ 79.802029739000034, 7.722543888000075 ], [ 79.802288420000082, 7.722447185000021 ], [ 79.802423827000041, 7.722401020000063 ], [ 79.802484852000077, 7.722383122000053 ], [ 79.802597173000038, 7.722365870000033 ], [ 79.802621642000076, 7.722359949000065 ], [ 79.802640978000056, 7.72235265300003 ], [ 79.80265526900007, 7.72234424800007 ], [ 79.802666063000061, 7.722334185000022 ], [ 79.80267251500004, 7.722323638000034 ], [ 79.802676296000072, 7.722310203000063 ], [ 79.802677502000051, 7.722293991000072 ], [ 79.802676287000054, 7.722274111000047 ], [ 79.802661852000085, 7.72218988700007 ], [ 79.80265939800006, 7.722156958000028 ], [ 79.802660951000064, 7.722141828000076 ], [ 79.802664819000086, 7.722129533000043 ], [ 79.802671575000033, 7.722118974000068 ], [ 79.802681294000081, 7.722109375000059 ], [ 79.802691662000029, 7.722102283000027 ], [ 79.802704023000047, 7.722096143000044 ], [ 79.80273532700005, 7.722086447000038 ], [ 79.802771147000044, 7.722080333000065 ], [ 79.802856055000063, 7.722071409000023 ], [ 79.80289231900008, 7.722065985000029 ], [ 79.803019918000075, 7.722035069000071 ], [ 79.803051272000062, 7.722026113000027 ], [ 79.80308020700005, 7.722014283000021 ], [ 79.803100993000044, 7.722000580000042 ], [ 79.803114899000036, 7.721984142000053 ], [ 79.803124963000073, 7.72196199800004 ], [ 79.803129580000075, 7.721943545000045 ], [ 79.803132210000058, 7.721922780000057 ], [ 79.803132814000037, 7.721899995000058 ], [ 79.80313138300005, 7.721875596000075 ], [ 79.803127926000059, 7.721849954000049 ], [ 79.803122524000059, 7.721823777000054 ], [ 79.803106484000068, 7.721772482000063 ], [ 79.803087076000054, 7.721730835000074 ], [ 79.803064627000083, 7.72169731200006 ], [ 79.803047535000076, 7.721680587000037 ], [ 79.802997687000072, 7.721641912000052 ], [ 79.802986941000086, 7.721630241000071 ], [ 79.80297594700005, 7.721614123000052 ], [ 79.802964368000062, 7.721590730000059 ], [ 79.802955585000063, 7.721564301000058 ], [ 79.802949685000044, 7.72153508100007 ], [ 79.802946739000049, 7.72150343800007 ], [ 79.802947845000062, 7.721453729000075 ], [ 79.802955323000049, 7.721401959000048 ], [ 79.802968794000037, 7.721350820000055 ], [ 79.802987370000039, 7.721303717000069 ], [ 79.803001427000083, 7.721277180000072 ], [ 79.803015265000056, 7.721259166000038 ], [ 79.803033423000045, 7.721241188000022 ], [ 79.803077841000061, 7.721202337000022 ], [ 79.803094999000052, 7.72118437000006 ], [ 79.803105925000068, 7.721168441000032 ], [ 79.803112248000048, 7.721152361000065 ], [ 79.803115091000052, 7.721138131000032 ], [ 79.803116061000082, 7.721122809000065 ], [ 79.803112370000065, 7.721089062000033 ], [ 79.803101216000073, 7.721051550000027 ], [ 79.803082843000084, 7.721011131000068 ], [ 79.803062477000083, 7.720976212000039 ], [ 79.803038247000075, 7.720941415000027 ], [ 79.803010951000033, 7.720908 ], [ 79.802984104000075, 7.720880257000033 ], [ 79.80296872100007, 7.720868518000032 ], [ 79.802949653000042, 7.720857126000055 ], [ 79.802881166000077, 7.72082481700005 ], [ 79.802857329000062, 7.720811984000022 ], [ 79.802836457000069, 7.720797298000036 ], [ 79.802820892000057, 7.72078160500007 ], [ 79.802808749000064, 7.720761666000044 ], [ 79.802798390000078, 7.720734940000057 ], [ 79.802790590000029, 7.720706236000069 ], [ 79.802775893000046, 7.720640568000022 ], [ 79.802767940000081, 7.720614170000033 ], [ 79.802758147000077, 7.720594060000053 ], [ 79.802746483000078, 7.720581730000049 ], [ 79.802738205000082, 7.720577767000066 ], [ 79.802729334000048, 7.72057658500006 ], [ 79.802718937000066, 7.720578078000074 ], [ 79.802706898000054, 7.720582307000029 ], [ 79.80268249900007, 7.720595581000055 ], [ 79.802616020000073, 7.720639121000033 ], [ 79.802597850000041, 7.720648149000056 ], [ 79.802582438000059, 7.720652958000073 ], [ 79.802566256000034, 7.720653514000048 ], [ 79.802549042000066, 7.720649148000064 ], [ 79.802532566000082, 7.720640253000056 ], [ 79.802516216000072, 7.720626669000069 ], [ 79.802499177000072, 7.720607499000039 ], [ 79.802481287000035, 7.720582328000035 ], [ 79.802413296000054, 7.720465467000054 ], [ 79.802396979000036, 7.720440447000044 ], [ 79.802381637000053, 7.720420185000023 ], [ 79.802364742000066, 7.720401657000025 ], [ 79.802343240000084, 7.720381049000025 ], [ 79.802242844000034, 7.720294023000065 ], [ 79.802219732000083, 7.720269954000059 ], [ 79.80220140800003, 7.720246732000021 ], [ 79.80218357900003, 7.720216566000033 ], [ 79.802165488000071, 7.720175884000071 ], [ 79.802151442000081, 7.720134165000047 ], [ 79.802141167000059, 7.720091378000063 ], [ 79.802135558000032, 7.720054254000047 ], [ 79.802133242000082, 7.720018328000037 ], [ 79.802134190000061, 7.71998566000002 ], [ 79.80213862800008, 7.719953447000023 ], [ 79.802147004000062, 7.719918269000061 ], [ 79.802159378000056, 7.719880297000032 ], [ 79.802175911000063, 7.719838933000062 ], [ 79.802198062000059, 7.719790502000023 ], [ 79.802219248000085, 7.719752505000031 ], [ 79.802248306000081, 7.719713566000053 ], [ 79.802280941000049, 7.71967729000005 ], [ 79.802369682000062, 7.719586519000075 ], [ 79.80239335300007, 7.719559003000029 ], [ 79.802412606000075, 7.719533177000073 ], [ 79.802430227000059, 7.719504353000048 ], [ 79.802451589000043, 7.719460687000037 ], [ 79.802470582000069, 7.719415164000054 ], [ 79.802487578000068, 7.719367144000046 ], [ 79.802505182000061, 7.719306697000036 ], [ 79.802519558000085, 7.71924380400003 ], [ 79.802535630000079, 7.719146262000038 ], [ 79.802554818000033, 7.719044638000071 ], [ 79.802561547000039, 7.718995157000052 ], [ 79.80256292200005, 7.718954634000056 ], [ 79.802558551000061, 7.718923618000076 ], [ 79.802554171000054, 7.718911380000065 ], [ 79.802548310000077, 7.718901285000072 ], [ 79.802540951000083, 7.718893308000077 ], [ 79.80253207800007, 7.718887429000063 ], [ 79.802516541000045, 7.718882397000073 ], [ 79.802495832000034, 7.718880413000022 ], [ 79.802388248000057, 7.718887097000049 ], [ 79.802307097000039, 7.718884955000021 ], [ 79.802095251000082, 7.718875405000063 ], [ 79.802032849000057, 7.718874452000023 ], [ 79.801977215000079, 7.718875389000061 ], [ 79.801937182000074, 7.71887834100005 ], [ 79.801892398000064, 7.718884217000038 ], [ 79.801749254000072, 7.718910503000075 ], [ 79.801699962000043, 7.71891830900006 ], [ 79.801654383000084, 7.718923135000068 ], [ 79.801613302000078, 7.718924601000026 ], [ 79.801562129000047, 7.718921291000072 ], [ 79.801494220000052, 7.718909063000069 ], [ 79.801439830000049, 7.718896378000068 ], [ 79.801399484000058, 7.718882208000025 ], [ 79.80138183300005, 7.718873324000072 ], [ 79.801367160000041, 7.718863556000031 ], [ 79.801355698000066, 7.718853107000029 ], [ 79.801345931000071, 7.718840751000073 ], [ 79.80133754700006, 7.718825866000032 ], [ 79.801330903000064, 7.718808802000069 ], [ 79.801325960000042, 7.718789456000025 ], [ 79.801322670000047, 7.718767645000071 ], [ 79.801320881000038, 7.718739494000033 ], [ 79.801321123000037, 7.718706933000021 ], [ 79.801333915000043, 7.718542457000069 ], [ 79.801334312000051, 7.718439945000057 ], [ 79.801347127000042, 7.718300955000075 ], [ 79.801349369000036, 7.718249831000037 ], [ 79.801347535000048, 7.718215601000054 ], [ 79.801342220000038, 7.718187302000047 ], [ 79.801333268000064, 7.718164110000032 ], [ 79.801320523000072, 7.718145655000058 ], [ 79.801301604000059, 7.718129516000033 ], [ 79.801276905000066, 7.718116677000069 ], [ 79.801246201000083, 7.718107016000033 ], [ 79.801208926000072, 7.718100352000022 ], [ 79.801176155000064, 7.718097214000068 ], [ 79.801137913000048, 7.71809552700006 ], [ 79.800993317000064, 7.718095780000056 ], [ 79.800939046000053, 7.718093877000058 ], [ 79.80088749500004, 7.718087916000059 ], [ 79.80073929100007, 7.718064100000049 ], [ 79.800695957000073, 7.718060571000024 ], [ 79.800658898000052, 7.718061 ], [ 79.800620465000065, 7.71806680800006 ], [ 79.800603527000078, 7.71807192600005 ], [ 79.800588, 7.718078551000076 ], [ 79.800574174000076, 7.718086479000021 ], [ 79.800561580000078, 7.718095895000033 ], [ 79.800537078000048, 7.718121625000038 ], [ 79.800512131000062, 7.718157714000029 ], [ 79.800447886000029, 7.718265503000055 ], [ 79.800427300000081, 7.718305971000063 ], [ 79.800381120000054, 7.718405354000026 ], [ 79.800355054000079, 7.71845296500004 ], [ 79.80033850600006, 7.718477566000047 ], [ 79.800321347000079, 7.718498701000044 ], [ 79.800303334000034, 7.718516714000032 ], [ 79.800283010000044, 7.71853309100004 ], [ 79.800244851000059, 7.718556523000075 ], [ 79.800198825000052, 7.718577025000059 ], [ 79.800140691000081, 7.718596257000058 ], [ 79.800006925000048, 7.718631737000067 ], [ 79.799949138000045, 7.718649667000022 ], [ 79.799899283000059, 7.718669877000025 ], [ 79.799823612000068, 7.718708784000057 ], [ 79.799755160000075, 7.718747217000043 ], [ 79.79967926900008, 7.718792571000051 ], [ 79.799472693000041, 7.718923726000071 ], [ 79.799326253000061, 7.719023942000035 ], [ 79.799261148000085, 7.719071715000041 ], [ 79.799200277000068, 7.719118784000045 ], [ 79.799096562000045, 7.719204848000061 ], [ 79.799008814000047, 7.719281225000032 ], [ 79.798943429000076, 7.719342750000067 ], [ 79.798888070000032, 7.71940046800006 ], [ 79.798834271000032, 7.719464518000052 ], [ 79.79877567300008, 7.719543182000052 ], [ 79.798728287000074, 7.719615222000073 ], [ 79.798688414000083, 7.719685385000048 ], [ 79.798656523000034, 7.719753326000045 ], [ 79.798643494000032, 7.719788149000067 ], [ 79.798631423000074, 7.719826004000026 ], [ 79.798611047000065, 7.719905219000054 ], [ 79.798568128000056, 7.720103810000069 ], [ 79.798508767000044, 7.720322766000038 ], [ 79.798462441000083, 7.720480401000032 ], [ 79.798403628000074, 7.720651867000072 ], [ 79.798369986000068, 7.720741144000044 ], [ 79.798337915000047, 7.72080954200004 ], [ 79.798319552000066, 7.720841680000035 ], [ 79.798297280000043, 7.720876616000055 ], [ 79.798247964000041, 7.720943919000035 ], [ 79.798190865000038, 7.721009775000027 ], [ 79.798128188000078, 7.721071362000032 ], [ 79.798094417000073, 7.721100754000076 ], [ 79.798059828000078, 7.72112841400002 ], [ 79.798020969000049, 7.721156710000059 ], [ 79.797995704000073, 7.721172761000048 ], [ 79.797953471000085, 7.72119359900006 ], [ 79.79790308500003, 7.721212197000057 ], [ 79.79785227800005, 7.721227012000043 ], [ 79.797726438000041, 7.721259460000056 ], [ 79.797663863000082, 7.721279753000033 ], [ 79.797633709000081, 7.721292345000052 ], [ 79.797606879000057, 7.721306010000035 ], [ 79.797582944000055, 7.721320960000071 ], [ 79.797561469000073, 7.721337473000062 ], [ 79.797534212000073, 7.721362950000071 ], [ 79.797508003000075, 7.721392425000033 ], [ 79.797482544000047, 7.721426221000058 ], [ 79.797457286000054, 7.721465073000047 ], [ 79.797417284000062, 7.721536849000074 ], [ 79.797333915000081, 7.721702918000062 ], [ 79.797278566000045, 7.721800145000032 ], [ 79.797210784000072, 7.721929291000038 ], [ 79.797175270000082, 7.721986384000047 ], [ 79.797157688000084, 7.722009769000067 ], [ 79.797139706000053, 7.722030433000043 ], [ 79.797120799000083, 7.722048402000041 ], [ 79.797098755000036, 7.722064699000043 ], [ 79.797073018000049, 7.722079743000052 ], [ 79.797043183000085, 7.722093760000064 ], [ 79.796983278000084, 7.72211554200004 ], [ 79.796839625000075, 7.72215863200006 ], [ 79.796805978000066, 7.722171110000033 ], [ 79.796777729000041, 7.722183918000042 ], [ 79.796751577000066, 7.722198981000076 ], [ 79.796729987000049, 7.722215411000036 ], [ 79.796712756000034, 7.722233288000041 ], [ 79.796698868000078, 7.72225370700005 ], [ 79.796686412000042, 7.722279601000025 ], [ 79.796677, 7.722308851000037 ], [ 79.796670548000066, 7.722341709000034 ], [ 79.79666695700007, 7.722378674000026 ], [ 79.79666609800006, 7.722415258000069 ], [ 79.796667373000048, 7.722456874000045 ], [ 79.796683789000042, 7.722651061000022 ], [ 79.796685862000061, 7.722696274000043 ], [ 79.796685684000067, 7.722735542000066 ], [ 79.79667395000007, 7.722942369000066 ], [ 79.796660496000072, 7.723143390000075 ], [ 79.796660321000047, 7.723146 ], [ 79.796659537000039, 7.723157736000076 ], [ 79.796643156000073, 7.723370809000073 ], [ 79.796624677000068, 7.723583764000068 ], [ 79.796472291000043, 7.723544437000044 ], [ 79.796320684000079, 7.723502438000025 ], [ 79.796240893000061, 7.723478732000046 ], [ 79.796069472000056, 7.723423406000052 ], [ 79.795979183000043, 7.723398780000025 ], [ 79.795893024000065, 7.723380159000044 ], [ 79.795713919000036, 7.723346273000061 ], [ 79.795673176000037, 7.723340244000042 ], [ 79.795550840000033, 7.723326030000067 ], [ 79.795513312000082, 7.723318986000038 ], [ 79.795480872000041, 7.723310175000051 ], [ 79.795439735000059, 7.723293302000059 ], [ 79.795410118000063, 7.723273846000041 ], [ 79.795382281000059, 7.723248382000065 ], [ 79.795321588000036, 7.723184127000025 ], [ 79.795291495000072, 7.72315866100007 ], [ 79.795277381000062, 7.723149732000024 ], [ 79.795263160000047, 7.723142875000065 ], [ 79.795255295000061, 7.723140182000066 ], [ 79.795247805000031, 7.72313761700002 ], [ 79.795230977000074, 7.723133860000075 ], [ 79.795207154000082, 7.723131267000042 ], [ 79.795180111000036, 7.723131112000033 ], [ 79.79509201500008, 7.723139809000031 ], [ 79.795066170000041, 7.723142360000054 ], [ 79.795048997000038, 7.723144055000034 ], [ 79.795017808000068, 7.723144701000024 ], [ 79.79498968300004, 7.723142365000058 ], [ 79.794975847000046, 7.723139542000069 ], [ 79.794963103000043, 7.723136943000043 ], [ 79.794932740000036, 7.723127282000064 ], [ 79.794829511000046, 7.723083177000035 ], [ 79.794789926000078, 7.723069114000054 ], [ 79.794769197000051, 7.723063999000033 ], [ 79.794749796000076, 7.723061113000028 ], [ 79.794731872000057, 7.723060392000036 ], [ 79.794712600000082, 7.723061758000028 ], [ 79.794669462000059, 7.723069037000073 ], [ 79.794625305000068, 7.723081535000063 ], [ 79.794583303000081, 7.723098348000065 ], [ 79.794546060000073, 7.723118428000021 ], [ 79.794518211000081, 7.723138497000036 ], [ 79.794517838000047, 7.723138765000044 ], [ 79.794515521000051, 7.723141101000067 ], [ 79.794498052000051, 7.723158710000064 ], [ 79.794480610000051, 7.723184526000068 ], [ 79.794466108000051, 7.723215929000048 ], [ 79.794455514000049, 7.723248738000052 ], [ 79.794446511000046, 7.723287741000036 ], [ 79.79442197000003, 7.723445405000064 ], [ 79.794401176000065, 7.723543064000069 ], [ 79.794371094000041, 7.723709442000029 ], [ 79.794356429000061, 7.723775590000059 ], [ 79.794329899000047, 7.723876713000038 ], [ 79.794292509000059, 7.724005384000066 ], [ 79.794278810000037, 7.724046866000037 ], [ 79.794235540000045, 7.724166497000056 ], [ 79.794224321000058, 7.724204461000056 ], [ 79.794216585000072, 7.724238889000048 ], [ 79.794211829000062, 7.724273474000029 ], [ 79.794209865000084, 7.724311795000062 ], [ 79.79421052500004, 7.724355562000028 ], [ 79.794216864000077, 7.72448858100006 ], [ 79.794215817000065, 7.724528851000059 ], [ 79.794211548000078, 7.724572478000027 ], [ 79.794198646000041, 7.72465666100004 ], [ 79.794167791000064, 7.724817052000049 ], [ 79.794133467000051, 7.724968367000031 ], [ 79.794122878000053, 7.725020995000023 ], [ 79.794116521000035, 7.725062272000059 ], [ 79.794100495000066, 7.725196439000058 ], [ 79.794096553000031, 7.725255689000051 ], [ 79.794098057000042, 7.725304612000059 ], [ 79.79410518800006, 7.725347143000022 ], [ 79.794111086000044, 7.725366597000061 ], [ 79.794117924000034, 7.725382879000051 ], [ 79.794133325000075, 7.725406473000021 ], [ 79.794156021000049, 7.725430667000069 ], [ 79.794182481000064, 7.725453231000074 ], [ 79.79425490400007, 7.725509221000038 ], [ 79.794273686000054, 7.72552616300004 ], [ 79.794288419000054, 7.725542052000037 ], [ 79.794301339000071, 7.72556019700005 ], [ 79.794309928000075, 7.725578322000047 ], [ 79.794315225000048, 7.725599593000027 ], [ 79.794317301000035, 7.725623234000068 ], [ 79.79431493800007, 7.725659274000066 ], [ 79.794306465000034, 7.725701344000072 ], [ 79.794295376000036, 7.725740094000059 ], [ 79.794264625000039, 7.725835461000031 ], [ 79.794242696000083, 7.725917261000063 ], [ 79.794219035000083, 7.72598709500005 ], [ 79.794149865000065, 7.726169093000067 ], [ 79.794132977000061, 7.726223105000031 ], [ 79.794121243000063, 7.72627183700007 ], [ 79.794115822000037, 7.726303832000042 ], [ 79.794112596000048, 7.726334615000042 ], [ 79.794111193000049, 7.726414044000023 ], [ 79.794115594000061, 7.726500292000026 ], [ 79.794125990000055, 7.726580790000071 ], [ 79.794134889000077, 7.726625114000058 ], [ 79.794145792000052, 7.726666825000052 ], [ 79.794158670000058, 7.726705796000033 ], [ 79.794173491000038, 7.726741939000021 ], [ 79.79418964100006, 7.726774125000077 ], [ 79.794207073000052, 7.726802677000023 ], [ 79.794227110000065, 7.72682926300007 ], [ 79.794251172000031, 7.726856028000043 ], [ 79.794302944000037, 7.726903751000066 ], [ 79.794438455000034, 7.727011343000072 ], [ 79.794522295000036, 7.727083838000055 ], [ 79.794671856000036, 7.727208522000069 ], [ 79.794732387000067, 7.727261529000032 ], [ 79.794797885000037, 7.727324303000046 ], [ 79.79491107900003, 7.727450083000065 ], [ 79.794938813000044, 7.727478551000047 ], [ 79.794964851000032, 7.727502766000043 ], [ 79.795005643000081, 7.727534307000042 ], [ 79.795096146000049, 7.727592413000025 ], [ 79.795133106000037, 7.727619085000072 ], [ 79.79516258700005, 7.72764557000005 ], [ 79.795211303000031, 7.727699339000026 ], [ 79.795236013000078, 7.727731154000026 ], [ 79.795255304000079, 7.72776101900007 ], [ 79.795269584000039, 7.727789488000042 ], [ 79.795279583000081, 7.727818076000062 ], [ 79.795287398000085, 7.727853697000057 ], [ 79.795291665000036, 7.727892606000069 ], [ 79.795292216000064, 7.727933330000042 ], [ 79.795289014000048, 7.72797365100007 ], [ 79.79528451200008, 7.728000893000058 ], [ 79.795278956000061, 7.728021770000055 ], [ 79.79527037500003, 7.728044028000056 ], [ 79.795259069000053, 7.728066187000024 ], [ 79.79524476000006, 7.728088653000043 ], [ 79.795227584000031, 7.728111099000046 ], [ 79.79520750000006, 7.728133583000044 ], [ 79.79518442400007, 7.728156196000043 ], [ 79.795157737000068, 7.728179472000022 ], [ 79.795127574000048, 7.728203221000058 ], [ 79.79505458400007, 7.728253855000048 ], [ 79.79493857600005, 7.728325848000054 ], [ 79.794905730000039, 7.728343548000055 ], [ 79.794870110000033, 7.72836032500004 ], [ 79.794817323000075, 7.728381701000046 ], [ 79.79475621000006, 7.728402829000061 ], [ 79.794560184000034, 7.728461442000025 ], [ 79.794359704000044, 7.728527820000068 ], [ 79.794264044000045, 7.72855590100005 ], [ 79.794197290000056, 7.728571488000057 ], [ 79.79414016000004, 7.728580952000073 ], [ 79.794094544000075, 7.728584115000046 ], [ 79.79398079200007, 7.728586802000052 ], [ 79.793949561000034, 7.72858947800006 ], [ 79.793921866000062, 7.728593706000026 ], [ 79.793854150000072, 7.728611272000023 ], [ 79.793803886000035, 7.728626681000037 ], [ 79.793767507000041, 7.728641227000026 ], [ 79.793741057000034, 7.728656322000063 ], [ 79.793725684000037, 7.728670070000021 ], [ 79.79371761200008, 7.728683958000033 ], [ 79.793716188000076, 7.728700343000071 ], [ 79.793721162000054, 7.728720124000063 ], [ 79.793729989000042, 7.728739077000057 ], [ 79.793743531000075, 7.728761547000033 ], [ 79.793799843000045, 7.728840381000055 ], [ 79.793818910000084, 7.728869486000065 ], [ 79.793832965000036, 7.72889621500002 ], [ 79.793840540000076, 7.728918969000063 ], [ 79.793841997000072, 7.728937517000077 ], [ 79.793837591000056, 7.728958316000046 ], [ 79.793828132000044, 7.728978694000034 ], [ 79.793813508000085, 7.728999010000052 ], [ 79.793791941000052, 7.729020994000052 ], [ 79.793763427000044, 7.729044094000074 ], [ 79.793728223000073, 7.729068459000075 ], [ 79.793615292000084, 7.729141214000038 ], [ 79.793582844000071, 7.729165729000044 ], [ 79.793557316000033, 7.729188928000042 ], [ 79.793535212000052, 7.729214265000053 ], [ 79.793512596000085, 7.729245925000043 ], [ 79.793445293000048, 7.72935891700007 ], [ 79.793420276000063, 7.729397005000067 ], [ 79.793393707000064, 7.729429682000045 ], [ 79.793366982000066, 7.729453723000063 ], [ 79.793351008000059, 7.729464103000055 ], [ 79.793334515000083, 7.729471992000072 ], [ 79.793318192000072, 7.72947720600007 ], [ 79.793300926000029, 7.72947993300005 ], [ 79.793266826000036, 7.729479864000041 ], [ 79.793183560000045, 7.729471644000057 ], [ 79.793170515000043, 7.729532423000023 ], [ 79.793134530000032, 7.729674609000028 ], [ 79.793217374000051, 7.72982892400006 ], [ 79.793360483000072, 7.729920425000046 ], [ 79.793412107000051, 7.729920089000075 ], [ 79.79345664300007, 7.729921531000059 ], [ 79.793496954000034, 7.729924847000063 ], [ 79.793523145000051, 7.729928590000043 ], [ 79.793533853000042, 7.729930121000052 ], [ 79.79357956900003, 7.729940572000032 ], [ 79.793620872000076, 7.729954976000045 ], [ 79.793650051000043, 7.729968902000053 ], [ 79.793715257000031, 7.730006030000027 ], [ 79.793749847000072, 7.73002966100006 ], [ 79.793775083000071, 7.730052018000038 ], [ 79.793791984000052, 7.730074106000075 ], [ 79.793796969000084, 7.730084447000024 ], [ 79.793799900000067, 7.730095075000065 ], [ 79.793801005000034, 7.730107580000038 ], [ 79.793799974000081, 7.730121246000067 ], [ 79.793791407000072, 7.730152862000068 ], [ 79.793777786000078, 7.730184173000055 ], [ 79.793739175000042, 7.730260819000023 ], [ 79.793724532000056, 7.730297900000039 ], [ 79.793718163000051, 7.730326671000057 ], [ 79.793717276000052, 7.730359859000032 ], [ 79.793721402000074, 7.730398962000038 ], [ 79.793730950000054, 7.730441757000051 ], [ 79.793746660000068, 7.730491293000057 ], [ 79.793788205000055, 7.730601347000061 ], [ 79.793804615000056, 7.730650405000063 ], [ 79.79381406300007, 7.730686545000026 ], [ 79.793838253000047, 7.73080230100004 ], [ 79.793846207000058, 7.730856767000034 ], [ 79.793848346000061, 7.730903515000023 ], [ 79.793844866000029, 7.730952196000032 ], [ 79.793835614000045, 7.731004055000028 ], [ 79.793821432000072, 7.731056885000044 ], [ 79.793801230000042, 7.731116222000026 ], [ 79.793689290000032, 7.731399904000057 ], [ 79.793669257000033, 7.731446796000057 ], [ 79.793649954000045, 7.731487341000047 ], [ 79.793630386000075, 7.73152361800004 ], [ 79.793610191000084, 7.731556277000038 ], [ 79.793591844000048, 7.731582170000024 ], [ 79.793573106000053, 7.731605278000075 ], [ 79.793552203000047, 7.731627569000068 ], [ 79.793527727000082, 7.73165063600004 ], [ 79.793413774000044, 7.731743544000039 ], [ 79.793367696000075, 7.731783149000023 ], [ 79.79329754400004, 7.731836833000045 ], [ 79.79326827400007, 7.731862009000054 ], [ 79.793253235000066, 7.731877589000021 ], [ 79.793241067000054, 7.731892918000028 ], [ 79.793231827000056, 7.731907741000043 ], [ 79.79322359300005, 7.731925223000076 ], [ 79.793215675000056, 7.731947018000028 ], [ 79.793209326000067, 7.731970619000037 ], [ 79.79320467000008, 7.731995573000063 ], [ 79.793201805000081, 7.732021349000036 ], [ 79.793200794000029, 7.732047378000061 ], [ 79.793201657000054, 7.73207310500004 ], [ 79.793204377000052, 7.732097990000057 ], [ 79.79320890200006, 7.732121563000021 ], [ 79.793214688000035, 7.732142040000042 ], [ 79.793222102000072, 7.732161337000036 ], [ 79.79323183300005, 7.732181489000027 ], [ 79.793243345000064, 7.732201111000052 ], [ 79.793271296000057, 7.732238295000059 ], [ 79.793306189000077, 7.732273415000066 ], [ 79.793367450000062, 7.732251277000046 ], [ 79.793429254000046, 7.732232404000058 ], [ 79.793491768000081, 7.73221675800005 ], [ 79.793554160000042, 7.732204545000059 ], [ 79.793583321000085, 7.732201193000037 ], [ 79.793616303000078, 7.732199745000059 ], [ 79.793728688000044, 7.732202033000021 ], [ 79.793770514000073, 7.732201252000038 ], [ 79.793811486000038, 7.732196934000058 ], [ 79.793847153000058, 7.732188592000057 ], [ 79.793880614000045, 7.732175553000047 ], [ 79.793915945000037, 7.73215659300007 ], [ 79.793952711000031, 7.732132447000026 ], [ 79.794058073000031, 7.732056822000061 ], [ 79.794092345000081, 7.732036488000062 ], [ 79.794124965000037, 7.732021172000032 ], [ 79.794158812000035, 7.732008275000055 ], [ 79.794197199000052, 7.731995917000063 ], [ 79.794342620000066, 7.731957006000073 ], [ 79.794416932000047, 7.731934144000036 ], [ 79.794532629000059, 7.731907203000048 ], [ 79.79457233800008, 7.731896279000068 ], [ 79.794597162000059, 7.73188738500005 ], [ 79.794617705000064, 7.731877762000067 ], [ 79.794634467000037, 7.731867174000058 ], [ 79.794647644000065, 7.731855489000054 ], [ 79.794656109000073, 7.731844634000026 ], [ 79.794662378000055, 7.731832459000032 ], [ 79.794666997000036, 7.73181801100003 ], [ 79.794669800000065, 7.731801568000037 ], [ 79.794670791000044, 7.731783111000027 ], [ 79.794669967000061, 7.731762635000052 ], [ 79.794662870000082, 7.731715494000071 ], [ 79.794654659000059, 7.731681450000053 ], [ 79.794643422000036, 7.731643431000066 ], [ 79.794606447000035, 7.73153829000006 ], [ 79.794584287000077, 7.731485183000075 ], [ 79.79456183700006, 7.731445282000038 ], [ 79.794543007000073, 7.731420983000021 ], [ 79.794522423000046, 7.731401720000065 ], [ 79.794497443000068, 7.731385408000051 ], [ 79.794463971000084, 7.73136882700004 ], [ 79.794447130000037, 7.73136346800004 ], [ 79.794427047000056, 7.731359803000032 ], [ 79.794339216000083, 7.731352418000029 ], [ 79.794320974000073, 7.731348021000031 ], [ 79.794306211000048, 7.731341644000054 ], [ 79.794292508000069, 7.731331388000058 ], [ 79.794279634000077, 7.731316443000026 ], [ 79.794268345000035, 7.731297656000038 ], [ 79.794258267000032, 7.731274536000058 ], [ 79.794243804000075, 7.731226500000048 ], [ 79.794223051000074, 7.731133336000028 ], [ 79.794215505000068, 7.731077263000032 ], [ 79.794212781000056, 7.731020676000071 ], [ 79.794215414000064, 7.730960567000068 ], [ 79.794223808000083, 7.730904164000037 ], [ 79.794236557000033, 7.730857069000024 ], [ 79.794256060000066, 7.730812216000061 ], [ 79.79427524700003, 7.730778752000049 ], [ 79.794299084000045, 7.730743725000025 ], [ 79.794328061000044, 7.730706364000071 ], [ 79.794364739000059, 7.730663355000047 ], [ 79.794483853000031, 7.730531202000066 ], [ 79.794528156000069, 7.730489140000032 ], [ 79.794577408000066, 7.73044778600007 ], [ 79.794643433000033, 7.730398681000054 ], [ 79.794720060000031, 7.730347819000031 ], [ 79.794800259000056, 7.730298884000035 ], [ 79.795020574000034, 7.73016975400003 ], [ 79.795085523000068, 7.730128932000071 ], [ 79.795142282000029, 7.730090524000047 ], [ 79.795203138000034, 7.73004519400007 ], [ 79.795257846000084, 7.729999307000071 ], [ 79.795311502000061, 7.729949414000032 ], [ 79.795454913000071, 7.729809356000032 ], [ 79.795500210000057, 7.729768879000062 ], [ 79.795542509000029, 7.72973459800005 ], [ 79.795622640000033, 7.729676642000072 ], [ 79.795686413000055, 7.729635547000044 ], [ 79.795764189000067, 7.729593031000036 ], [ 79.795831591000081, 7.72956288000006 ], [ 79.795873283000049, 7.729548333000025 ], [ 79.795920385000045, 7.729535098000042 ], [ 79.795987618000083, 7.729519884000069 ], [ 79.796032909000076, 7.729511898000055 ], [ 79.796111797000037, 7.729504721000069 ], [ 79.796283378000055, 7.729500436000023 ], [ 79.796358037000061, 7.729495241000052 ], [ 79.796467119000056, 7.729482288000042 ], [ 79.796566323000036, 7.729468156000053 ], [ 79.796658801000035, 7.729452396000056 ], [ 79.79674581900008, 7.729434785000024 ], [ 79.79686463400003, 7.729406220000044 ], [ 79.796939586000065, 7.729384157000027 ], [ 79.796997902000044, 7.729360568000061 ], [ 79.797115009000038, 7.729303897000023 ], [ 79.797165938000035, 7.729281773000025 ], [ 79.797262563000061, 7.729249 ], [ 79.797290480000072, 7.729241462000061 ], [ 79.797315205000075, 7.729236749000052 ], [ 79.797342968000066, 7.729233979000071 ], [ 79.797371924000061, 7.729233116000046 ], [ 79.797401567000065, 7.729234260000055 ], [ 79.797427256000049, 7.729237195000053 ], [ 79.797463769000046, 7.729247628000053 ], [ 79.797536560000083, 7.729279032000022 ], [ 79.797568154000032, 7.729289853000068 ], [ 79.797626549000086, 7.729299669000056 ], [ 79.797643898000047, 7.729300469000066 ], [ 79.797658596000076, 7.729298994000033 ], [ 79.797672798000065, 7.729294932000073 ], [ 79.797688615000084, 7.729287807000048 ], [ 79.797737636000079, 7.729258092000066 ], [ 79.797762181000053, 7.729236717000049 ], [ 79.797817351000049, 7.729180188000043 ], [ 79.797833171000036, 7.729166882000072 ], [ 79.797848483000053, 7.729156502000023 ], [ 79.797872348000055, 7.72914449600006 ], [ 79.797905208000032, 7.729131337000069 ], [ 79.797945741000035, 7.729116794000049 ], [ 79.797983152000029, 7.72910618800006 ], [ 79.798044889000039, 7.729094131000068 ], [ 79.798114973000054, 7.729086515000063 ], [ 79.798184300000059, 7.729083071000048 ], [ 79.798361068000077, 7.72907901800005 ], [ 79.798411191000071, 7.729075926000064 ], [ 79.79845589200005, 7.729071307000027 ], [ 79.798555975000056, 7.729054315000042 ], [ 79.798733451000032, 7.729015427000036 ], [ 79.798800785000083, 7.729002019000063 ], [ 79.798868417000051, 7.728991423000025 ], [ 79.798929668000085, 7.728985421000061 ], [ 79.798972211000034, 7.728983798000058 ], [ 79.799019361000035, 7.728984281000066 ], [ 79.799196043000052, 7.728994383000042 ], [ 79.799269581000033, 7.728995760000032 ], [ 79.799316518000069, 7.728992441000059 ], [ 79.799436808000053, 7.728975371000047 ], [ 79.799471016000041, 7.728974219000065 ], [ 79.799501255000052, 7.728976799000066 ], [ 79.799521533000075, 7.72898108000004 ], [ 79.799553524000032, 7.728990933000034 ], [ 79.799576784000067, 7.729000245000066 ], [ 79.799595400000044, 7.729010033000066 ], [ 79.799608295000041, 7.729019739000023 ], [ 79.799621176000073, 7.729032422000046 ], [ 79.799668749000034, 7.729093207000062 ], [ 79.79969223300003, 7.729116326000053 ], [ 79.799711468000055, 7.729128716000048 ], [ 79.799737357000083, 7.729141927000057 ], [ 79.799768761000053, 7.729154924000056 ], [ 79.799789962000034, 7.729161336000061 ], [ 79.799819620000051, 7.729166373000055 ], [ 79.799853408000047, 7.729168087000062 ], [ 79.799888016000068, 7.729167009000037 ], [ 79.799981584000079, 7.729160602000036 ], [ 79.800009290000048, 7.729160463000028 ], [ 79.800033831000064, 7.729162059000032 ], [ 79.800072774000057, 7.729167894000057 ], [ 79.800115378000044, 7.729177199000048 ], [ 79.800296072000037, 7.729229832000044 ], [ 79.800338786000054, 7.729240168000047 ], [ 79.800377423000043, 7.729247190000024 ], [ 79.800459391000061, 7.729256425000074 ], [ 79.800520814000038, 7.729259914000068 ], [ 79.800599940000041, 7.729257891000032 ], [ 79.800623287000064, 7.729255617000035 ], [ 79.800643244000071, 7.72925196500006 ], [ 79.800667279000038, 7.729244593000033 ], [ 79.800693244000058, 7.729233385000043 ], [ 79.800725279000062, 7.729216067000038 ], [ 79.800751204000051, 7.72919941400005 ], [ 79.80077056600004, 7.729183549000027 ], [ 79.800790648000032, 7.729163921000065 ], [ 79.800855837000086, 7.72908904600007 ], [ 79.800882846000036, 7.729061216000048 ], [ 79.800933984000039, 7.729017243000044 ], [ 79.801017011000056, 7.72895096700006 ], [ 79.801059007000049, 7.728919934000032 ], [ 79.801107404000049, 7.728887265000026 ], [ 79.801270260000081, 7.728786365000076 ], [ 79.801328196000043, 7.72874876000003 ], [ 79.801382356000033, 7.728710063000051 ], [ 79.801428870000052, 7.728672304000042 ], [ 79.801460515000031, 7.728643059000035 ], [ 79.801492034000034, 7.728610282000034 ], [ 79.801532252000072, 7.728564994000067 ], [ 79.801563379000072, 7.728526789000057 ], [ 79.801597807000064, 7.728474657000049 ], [ 79.801674999000056, 7.728340242000058 ], [ 79.801699132000067, 7.728305371000033 ], [ 79.801723430000038, 7.728276248000043 ], [ 79.801772053000036, 7.728230455000073 ], [ 79.801822611000034, 7.728190492000067 ], [ 79.801908766000054, 7.728134594000039 ], [ 79.801923728000077, 7.728127260000065 ], [ 79.801936949000037, 7.728123850000031 ], [ 79.801949551000064, 7.728124193000042 ], [ 79.801966271000083, 7.728128462000029 ], [ 79.801978802000065, 7.728134546000035 ], [ 79.801986723000084, 7.728141882000045 ], [ 79.801994518000072, 7.728157259000056 ], [ 79.80201908600003, 7.728232045000027 ], [ 79.802028137000036, 7.728273521000062 ], [ 79.802034430000049, 7.728320692000068 ], [ 79.802043889000061, 7.728485971000055 ], [ 79.802050617000077, 7.728549372000032 ], [ 79.802057934000061, 7.728588296000055 ], [ 79.802073246000077, 7.728647969000065 ], [ 79.802079459000083, 7.728666919000034 ], [ 79.80208685100007, 7.728681820000077 ], [ 79.802097256000081, 7.728696899000056 ], [ 79.80211076300003, 7.728712542000039 ], [ 79.802128191000065, 7.728729591000047 ], [ 79.802144963000046, 7.728743351000048 ], [ 79.802180854000085, 7.728766097000062 ], [ 79.802228745000036, 7.728788107000071 ], [ 79.802251602000069, 7.728794103000041 ], [ 79.802271933000043, 7.728793325000026 ], [ 79.802299414000061, 7.728784849000021 ], [ 79.802324794000072, 7.72877107100004 ], [ 79.802342153000041, 7.728755793000062 ], [ 79.802358779000031, 7.728735666000034 ], [ 79.802374715000042, 7.72871064800006 ], [ 79.802390206000041, 7.728680360000055 ], [ 79.80240006300005, 7.728655085000071 ], [ 79.802407629000072, 7.728627703000029 ], [ 79.802412613000058, 7.728598417000057 ], [ 79.802413490000049, 7.72857658700002 ], [ 79.802408519000039, 7.728548509000063 ], [ 79.80239651200003, 7.728518412000028 ], [ 79.802377721000084, 7.728485879000061 ], [ 79.802330924000046, 7.728417963000027 ], [ 79.80231236700007, 7.728387928000075 ], [ 79.802297420000059, 7.728356366000071 ], [ 79.802287986000067, 7.72832380400007 ], [ 79.802279509000073, 7.728285461000041 ], [ 79.80227337000008, 7.72824933000004 ], [ 79.802269521000085, 7.728215092000028 ], [ 79.802267947000075, 7.728182617000073 ], [ 79.802268985000069, 7.728132469000059 ], [ 79.802271498000039, 7.728099465000071 ], [ 79.802276446000064, 7.728071378000038 ], [ 79.802284145000044, 7.728047487000026 ], [ 79.802301839000052, 7.728015293000055 ], [ 79.802342790000068, 7.727958155000067 ], [ 79.80237388200004, 7.727924052000049 ], [ 79.802439532000051, 7.727860749000058 ], [ 79.802465591000043, 7.727833777000058 ], [ 79.802490163000073, 7.727803997000024 ], [ 79.802509275000034, 7.727774569000076 ], [ 79.802527289000068, 7.727738098000032 ], [ 79.802543266000043, 7.727695318000031 ], [ 79.802556286000083, 7.727651183000035 ], [ 79.802587059000075, 7.727533017000042 ], [ 79.802597847000072, 7.727498941000022 ], [ 79.802609164000046, 7.72746916400007 ], [ 79.802623811000046, 7.727437924000071 ], [ 79.802647381000043, 7.727396517000045 ], [ 79.802674337000042, 7.727353470000025 ], [ 79.802702172000068, 7.72731323000005 ], [ 79.802743685000053, 7.727259790000062 ], [ 79.802785087000075, 7.727211892000071 ], [ 79.80282477600008, 7.72717145200005 ], [ 79.802864108000051, 7.727136962000031 ], [ 79.802889151000045, 7.727117945000032 ], [ 79.802905387000067, 7.727107996000029 ], [ 79.802928658000042, 7.727097012000058 ], [ 79.803000240000074, 7.727068074000044 ], [ 79.803020615000037, 7.727056556000036 ], [ 79.80303665100007, 7.727043902000048 ], [ 79.803055801000085, 7.727020535000065 ], [ 79.803071221000039, 7.726995068000065 ], [ 79.803078121000055, 7.726975573000061 ], [ 79.803079374000049, 7.726955360000034 ], [ 79.80307543300006, 7.726932370000043 ], [ 79.803066238000042, 7.726906095000061 ], [ 79.803052929000046, 7.726878252000063 ], [ 79.803026622000061, 7.726830439000025 ], [ 79.803012840000065, 7.726808637000033 ], [ 79.803000031000067, 7.726792669000076 ], [ 79.802987414000029, 7.726781569000025 ], [ 79.802974842000083, 7.726775248000024 ], [ 79.802960959000075, 7.726773598000023 ], [ 79.802943335000066, 7.726776750000056 ], [ 79.802898063000043, 7.726793432000022 ], [ 79.802881522000064, 7.726801396000042 ], [ 79.802851040000064, 7.726822696000056 ], [ 79.802785741000037, 7.726879691000022 ], [ 79.802769116000036, 7.72689133800003 ], [ 79.802753240000072, 7.726900062000027 ], [ 79.802737617000048, 7.726906160000055 ], [ 79.802706028000046, 7.726914708000038 ], [ 79.802687063000064, 7.726917831000037 ], [ 79.802670958000078, 7.72691816300005 ], [ 79.802649720000034, 7.726913884000055 ], [ 79.802626073000056, 7.726903786000037 ], [ 79.802568963000056, 7.726869437000062 ], [ 79.802465200000086, 7.726811379000026 ], [ 79.802434015000074, 7.726791138000067 ], [ 79.802407389000052, 7.726771328000041 ], [ 79.802388814000039, 7.726755106000041 ], [ 79.802384478000079, 7.726751319000073 ], [ 79.802364996000051, 7.726730853000049 ], [ 79.802351030000068, 7.726713010000026 ], [ 79.80233931500004, 7.72669460700007 ], [ 79.802324852000083, 7.726666752000028 ], [ 79.802314111000044, 7.726641089000054 ], [ 79.802307821000056, 7.726620824000065 ], [ 79.802303742000049, 7.726600509000036 ], [ 79.802301403000058, 7.726577945000031 ], [ 79.802300946000059, 7.726553821000039 ], [ 79.802304326000069, 7.726511684000059 ], [ 79.802311759000077, 7.726485062000052 ], [ 79.802325474000043, 7.726456857000073 ], [ 79.802366259000053, 7.726388523000026 ], [ 79.802375036000058, 7.726368981000064 ], [ 79.80238051200007, 7.726350897000032 ], [ 79.802384042000085, 7.72632161000007 ], [ 79.802384303000053, 7.726287454000044 ], [ 79.802381146000073, 7.72625249500004 ], [ 79.802375045000076, 7.726220655000077 ], [ 79.802359760000058, 7.726175374000036 ], [ 79.802327769000044, 7.726103215000023 ], [ 79.802300308000042, 7.726050924000049 ], [ 79.802267875000041, 7.725997884000037 ], [ 79.802220031000047, 7.725927407000029 ], [ 79.802202134000083, 7.72590509500003 ], [ 79.802190840000037, 7.725894464000021 ], [ 79.80217526000007, 7.725882751000029 ], [ 79.802158890000044, 7.725873682000042 ], [ 79.802142178000054, 7.725864422000029 ], [ 79.802006209000069, 7.725928095000029 ], [ 79.801984259000051, 7.725942581000027 ], [ 79.801958981000041, 7.725955029000033 ], [ 79.801936261000037, 7.725962014000061 ], [ 79.80190239500007, 7.725967066000067 ], [ 79.801870955000084, 7.725969981000048 ], [ 79.801843297000062, 7.725970626000048 ], [ 79.801819313000067, 7.725969027000076 ], [ 79.801799869000035, 7.725965398000028 ], [ 79.801784323000049, 7.725959828000043 ], [ 79.801771960000053, 7.725951730000077 ], [ 79.801761472000067, 7.725940527000034 ], [ 79.801754042000084, 7.725928648000036 ], [ 79.80174779500004, 7.725914396000064 ], [ 79.801738510000064, 7.725877917000048 ], [ 79.801733584000033, 7.725838554000063 ], [ 79.801725568000052, 7.725734293000073 ], [ 79.80171696900004, 7.725683360000062 ], [ 79.801711280000063, 7.725664072000029 ], [ 79.801704398000084, 7.725647249000076 ], [ 79.801676654000062, 7.72559921800007 ], [ 79.801654984000038, 7.725568255000042 ], [ 79.801629663000085, 7.725536135000027 ], [ 79.801564063000058, 7.725463504000061 ], [ 79.801440570000068, 7.725337078000052 ] ], [ [ 79.795936378000079, 7.727353157000039 ], [ 79.795906159000083, 7.727338111000051 ], [ 79.795875835000061, 7.727320875000032 ], [ 79.795845817000043, 7.727301688000068 ], [ 79.795816589000083, 7.72728085600005 ], [ 79.795790166000074, 7.727259994000065 ], [ 79.795765361000065, 7.72723835100004 ], [ 79.795742625000059, 7.727216318000046 ], [ 79.795722328000068, 7.727194255000029 ], [ 79.795702700000049, 7.727170125000043 ], [ 79.79568392200008, 7.727144138000028 ], [ 79.795666367000081, 7.727116808000062 ], [ 79.795650376000083, 7.727088668000022 ], [ 79.795631746000083, 7.727050218000045 ], [ 79.795617116000074, 7.727012452000054 ], [ 79.795611972000074, 7.726991475000034 ], [ 79.795609832000082, 7.726967945000069 ], [ 79.795611264000058, 7.726935268000034 ], [ 79.79561721500005, 7.72689723600007 ], [ 79.79562665800006, 7.726856660000067 ], [ 79.795654893000062, 7.726751377000028 ], [ 79.795660916000031, 7.726722062000022 ], [ 79.795664103000036, 7.726697302000048 ], [ 79.795664275000036, 7.726670492000039 ], [ 79.795662720000053, 7.72665885300006 ], [ 79.795660062000081, 7.726648290000071 ], [ 79.795656281000049, 7.726638740000055 ], [ 79.795651367000062, 7.726630183000054 ], [ 79.795645316000048, 7.72662260200002 ], [ 79.795638050000036, 7.726615901000059 ], [ 79.795624477000047, 7.726606666000066 ], [ 79.795607914000072, 7.72659843200006 ], [ 79.795588225000074, 7.726591128000052 ], [ 79.795565081000063, 7.726584635000052 ], [ 79.795513321000044, 7.726574500000027 ], [ 79.795406835000051, 7.72655919500005 ], [ 79.795374038000034, 7.726557957000068 ], [ 79.795336961000032, 7.72655942800003 ], [ 79.795300884000085, 7.72656276500004 ], [ 79.795212997000078, 7.726573016000032 ], [ 79.795167979000041, 7.726576164000051 ], [ 79.795145383000033, 7.726576369000043 ], [ 79.795124469000029, 7.726575405000062 ], [ 79.795104869000056, 7.726573255000062 ], [ 79.795086393000076, 7.726569896000058 ], [ 79.79506131200003, 7.72656282500003 ], [ 79.795026703000076, 7.726549148000061 ], [ 79.79499269400003, 7.726533309000047 ], [ 79.794961686000079, 7.726516333000063 ], [ 79.794935466000084, 7.726499367000031 ], [ 79.79491304700008, 7.726481962000037 ], [ 79.79489649900006, 7.726466089000041 ], [ 79.794883458000072, 7.726449104000039 ], [ 79.794872293000083, 7.726428592000048 ], [ 79.794863746000033, 7.726405298000032 ], [ 79.794857728000068, 7.726378985000053 ], [ 79.794854122000061, 7.726349169000059 ], [ 79.794852881000054, 7.726320491000024 ], [ 79.79485326300005, 7.72628751600007 ], [ 79.79486091800004, 7.726161337000065 ], [ 79.794862096000031, 7.726109547000021 ], [ 79.794861128000036, 7.726082667000071 ], [ 79.794858858000055, 7.726058201000058 ], [ 79.794855245000065, 7.726035699000022 ], [ 79.794850249000035, 7.726014945000031 ], [ 79.794840151000074, 7.725983292000024 ], [ 79.79482794300003, 7.725950046000037 ], [ 79.794813542000043, 7.725914977000059 ], [ 79.794796425000072, 7.725876796000023 ], [ 79.794722614000079, 7.725726241000075 ], [ 79.794670168000039, 7.725616061000039 ], [ 79.794579267000074, 7.72543096000004 ], [ 79.794535057000076, 7.725336199000026 ], [ 79.79449620500003, 7.725256800000068 ], [ 79.794477415000074, 7.725212373000033 ], [ 79.794468126000083, 7.72518393200005 ], [ 79.794460160000085, 7.725150685000074 ], [ 79.794453544000078, 7.725113945000032 ], [ 79.79444893200008, 7.725076499000068 ], [ 79.794446451000056, 7.725040088000071 ], [ 79.794445987000074, 7.725004269000067 ], [ 79.79444754900004, 7.72496955500003 ], [ 79.794451115000072, 7.724936347000039 ], [ 79.794455145000029, 7.724912326000037 ], [ 79.794460292000053, 7.724889489000077 ], [ 79.794466535000083, 7.72486794200006 ], [ 79.794473849000042, 7.724847763000071 ], [ 79.794480927000052, 7.724831780000045 ], [ 79.794488854000065, 7.724817644000041 ], [ 79.794498666000038, 7.72480347000004 ], [ 79.794510242000058, 7.724789525000062 ], [ 79.794534356000042, 7.724765937000029 ], [ 79.794564903000037, 7.724741729000073 ], [ 79.794597959000043, 7.724719055000037 ], [ 79.794690388000049, 7.724659685000063 ], [ 79.794716680000079, 7.724640864000037 ], [ 79.794738925000047, 7.724622986000043 ], [ 79.794757300000072, 7.72460605200007 ], [ 79.794773122000038, 7.724589011000035 ], [ 79.794808532000047, 7.724545326000055 ], [ 79.794834134000041, 7.724511159000031 ], [ 79.794851122000068, 7.724485960000038 ], [ 79.794865413000082, 7.724462007000056 ], [ 79.794876908000049, 7.724439603000064 ], [ 79.794885223000051, 7.72441914500007 ], [ 79.794891643000085, 7.724398876000066 ], [ 79.79489737800003, 7.724375890000033 ], [ 79.794914825000035, 7.724281921000056 ], [ 79.794924590000051, 7.72424213100004 ], [ 79.794958136000048, 7.724148590000027 ], [ 79.79496978700007, 7.72412113300004 ], [ 79.794981416000041, 7.724098067000057 ], [ 79.794993064000039, 7.724079037000024 ], [ 79.795005411000034, 7.724062697000022 ], [ 79.795019407000041, 7.724047917000064 ], [ 79.795035660000053, 7.724033943000052 ], [ 79.795054711000034, 7.724020431000042 ], [ 79.795076133000066, 7.724007788000051 ], [ 79.795099935000053, 7.723996011000054 ], [ 79.795126140000036, 7.723985085000038 ], [ 79.795174860000031, 7.723968845000059 ], [ 79.795230931000049, 7.723954672000048 ], [ 79.795278770000039, 7.723945664000041 ], [ 79.795326982000063, 7.72394083100005 ], [ 79.795378318000076, 7.723939916000063 ], [ 79.795430577000047, 7.723943089000045 ], [ 79.79548244700004, 7.723950270000046 ], [ 79.795532501000082, 7.723961262000046 ], [ 79.795550910000031, 7.723966654000037 ], [ 79.795569507000039, 7.723973424000064 ], [ 79.795608775000062, 7.723991651000063 ], [ 79.795649002000062, 7.724014675000035 ], [ 79.795730548000051, 7.724066744000027 ], [ 79.795765992000042, 7.724087926000038 ], [ 79.795797044000039, 7.72410416200006 ], [ 79.795859239000038, 7.724132603000044 ], [ 79.795955983000056, 7.724173035000035 ], [ 79.796069852000073, 7.724215445000027 ], [ 79.79618269000008, 7.724262744000043 ], [ 79.796225762000063, 7.724276787000065 ], [ 79.796244872000045, 7.724281245000043 ], [ 79.796262791000061, 7.724284101000023 ], [ 79.796287044000053, 7.724285451000071 ], [ 79.796309486000041, 7.724283503000038 ], [ 79.796327495000071, 7.724278908000031 ], [ 79.796346407000044, 7.724270166000053 ], [ 79.796365430000037, 7.724258131000056 ], [ 79.796386644000052, 7.724241859000074 ], [ 79.796452288000069, 7.724183129000039 ], [ 79.796472228000084, 7.724166641000068 ], [ 79.796490998000081, 7.724154403000057 ], [ 79.796498930000041, 7.72415092500006 ], [ 79.796506056000055, 7.724149128000022 ], [ 79.79651566800004, 7.72414900900003 ], [ 79.796524051000063, 7.724151578000033 ], [ 79.79653122700006, 7.724156841000024 ], [ 79.796537218000083, 7.724164816000041 ], [ 79.796542042000056, 7.724175511000055 ], [ 79.796545729000059, 7.724188989000027 ], [ 79.79654830100003, 7.724205321000056 ], [ 79.796549775000074, 7.724224632000073 ], [ 79.796549901000049, 7.724261914000067 ], [ 79.796547291000081, 7.724308861000054 ], [ 79.796528131000059, 7.724501196000062 ], [ 79.796522871000036, 7.724578113000064 ], [ 79.796522263000043, 7.724611837000054 ], [ 79.796523195000077, 7.724641133000034 ], [ 79.796531196000046, 7.724711136000053 ], [ 79.796544469000082, 7.724792108000031 ], [ 79.796562795000057, 7.724881675000063 ], [ 79.79658317500008, 7.724968920000038 ], [ 79.796637845000078, 7.725190128000065 ], [ 79.796652316000063, 7.725253783000028 ], [ 79.796664179000061, 7.725311226000031 ], [ 79.796675586000049, 7.725374849000048 ], [ 79.796707894000065, 7.725579719000052 ], [ 79.796718345000045, 7.725651021000033 ], [ 79.796726079000052, 7.725712411000075 ], [ 79.796731150000085, 7.725762329000077 ], [ 79.79673465500008, 7.725809162000076 ], [ 79.796736650000071, 7.725853666000035 ], [ 79.796737151000059, 7.725896239000065 ], [ 79.796736164000038, 7.725937308000027 ], [ 79.79673364000007, 7.72597963100003 ], [ 79.796729594000055, 7.726022918000069 ], [ 79.796724012000084, 7.726067382000053 ], [ 79.796712654000032, 7.72613694000006 ], [ 79.796697625000036, 7.726210360000039 ], [ 79.79667870600008, 7.726288759000056 ], [ 79.796655204000047, 7.726375021000024 ], [ 79.796628733000034, 7.726464513000053 ], [ 79.796569204000036, 7.726657792000026 ], [ 79.79651687300003, 7.726853348000077 ], [ 79.796495408000055, 7.726927092000039 ], [ 79.796480814000063, 7.726971301000049 ], [ 79.796465912000031, 7.727011444000027 ], [ 79.796450381000056, 7.727048395000054 ], [ 79.796434043000033, 7.727082562000021 ], [ 79.796418299000038, 7.727111588000071 ], [ 79.796401683000056, 7.72713869100005 ], [ 79.796384121000074, 7.727163991000054 ], [ 79.796365563000052, 7.727187561000051 ], [ 79.796322145000033, 7.727237392000063 ], [ 79.796286889000044, 7.727275238000061 ], [ 79.796254092000083, 7.727307217000032 ], [ 79.796223362000035, 7.727333613000042 ], [ 79.796200449000082, 7.727350647000037 ], [ 79.796178417000078, 7.727364585000032 ], [ 79.79615719800006, 7.727375468000048 ], [ 79.796136754000031, 7.727383317000033 ], [ 79.796117050000078, 7.727388174000055 ], [ 79.796095919000038, 7.727390661000072 ], [ 79.796073351000075, 7.727390778000029 ], [ 79.796049451000044, 7.727388522000069 ], [ 79.796022793000077, 7.727383553000038 ], [ 79.79599492400007, 7.727375962000053 ], [ 79.79596603300007, 7.727365801000076 ], [ 79.795936378000079, 7.727353157000039 ] ] ], [ [ [ 79.807587123000076, 7.845847441000046 ], [ 79.807587088000048, 7.845765658000062 ], [ 79.807585043000074, 7.845692664000069 ], [ 79.807581087000074, 7.84561123900005 ], [ 79.807563344000073, 7.845348369000021 ], [ 79.807557959000064, 7.845255320000035 ], [ 79.80755462500008, 7.845167094000033 ], [ 79.807553762000055, 7.845087310000054 ], [ 79.807555659000059, 7.845005150000077 ], [ 79.807564190000051, 7.844865861000073 ], [ 79.807572092000044, 7.844660072000067 ], [ 79.807575882000037, 7.844598021000024 ], [ 79.80758078000008, 7.844543398000042 ], [ 79.807590299000083, 7.844472417000077 ], [ 79.807603020000045, 7.844408686000065 ], [ 79.807610687000079, 7.844378997000035 ], [ 79.807619258000045, 7.844350641000062 ], [ 79.807628761000046, 7.844323532000033 ], [ 79.807639216000041, 7.844297606000055 ], [ 79.807652156000074, 7.844269758000053 ], [ 79.807666361000031, 7.844243281000047 ], [ 79.807724635000056, 7.844149106000032 ], [ 79.807757436000031, 7.84410121600007 ], [ 79.807772137000029, 7.844082755000045 ], [ 79.807786168000064, 7.844067343000063 ], [ 79.80779990700006, 7.844054622000044 ], [ 79.807813208000084, 7.844044789000066 ], [ 79.807826137000063, 7.844037797000055 ], [ 79.80783873200005, 7.844033626000055 ], [ 79.80785079900005, 7.844032284000036 ], [ 79.807863557000076, 7.844033542000034 ], [ 79.807877101000031, 7.844037406000041 ], [ 79.807891552000058, 7.844043914000054 ], [ 79.807913277000068, 7.844057355000075 ], [ 79.807938024000066, 7.844076572000063 ], [ 79.807962033000081, 7.844097745000056 ], [ 79.808021386000064, 7.844152879000035 ], [ 79.808052136000072, 7.844178732000046 ], [ 79.808074787000066, 7.844194721000065 ], [ 79.808127615000046, 7.844226427000024 ], [ 79.808185737000031, 7.844258188000026 ], [ 79.808251152000082, 7.844291079000072 ], [ 79.808321346000071, 7.844324158000063 ], [ 79.808521633000055, 7.844415565000077 ], [ 79.808583010000063, 7.844445399000051 ], [ 79.808637265000073, 7.844473574000062 ], [ 79.808688830000051, 7.844502522000028 ], [ 79.808757262000086, 7.844543894000026 ], [ 79.808924026000057, 7.844647907000024 ], [ 79.809111917000052, 7.844768901000066 ], [ 79.809205301000077, 7.844825007000054 ], [ 79.809271486000057, 7.84486075600006 ], [ 79.809396537000055, 7.844922421000035 ], [ 79.809484222000037, 7.844964287000039 ], [ 79.809557859000051, 7.844997165000052 ], [ 79.809602452000036, 7.845015609000029 ], [ 79.809644698000056, 7.845031817000063 ], [ 79.809685049000052, 7.845045959000061 ], [ 79.809723752000082, 7.845058122000069 ], [ 79.809761088000073, 7.845068388000072 ], [ 79.809797098000047, 7.845076763000066 ], [ 79.809831891000044, 7.845083275000036 ], [ 79.809865538000054, 7.845087934000048 ], [ 79.809897345000081, 7.845090705000075 ], [ 79.809928167000066, 7.845091724000042 ], [ 79.809957629000053, 7.845091006000075 ], [ 79.809986212000069, 7.845088501000021 ], [ 79.810015621000048, 7.845084056000076 ], [ 79.810045481000031, 7.845077690000039 ], [ 79.810075841000071, 7.845069390000049 ], [ 79.81010677200004, 7.845059139000057 ], [ 79.810157802000049, 7.84503853800004 ], [ 79.810210951000045, 7.845012657000041 ], [ 79.810266813000055, 7.844981216000065 ], [ 79.810326629000031, 7.844943515000068 ], [ 79.810372148000056, 7.844912578000049 ], [ 79.810422524000046, 7.844876628000065 ], [ 79.81059358300007, 7.844749017000026 ], [ 79.810658913000054, 7.844701666000049 ], [ 79.810704297000029, 7.844670439000026 ], [ 79.81084501600003, 7.844577252000022 ], [ 79.810976476000064, 7.844484892000025 ], [ 79.811116180000056, 7.844381620000036 ], [ 79.811271355000031, 7.844262094000044 ], [ 79.811409164000054, 7.844153088000041 ], [ 79.811842054000067, 7.843807100000049 ], [ 79.811940259000039, 7.843725655000071 ], [ 79.812025909000056, 7.843651403000024 ], [ 79.812105035000059, 7.843578986000068 ], [ 79.812170722000076, 7.843514756000047 ], [ 79.81221722600003, 7.843465260000073 ], [ 79.812267452000071, 7.843408363000037 ], [ 79.812423968000076, 7.843220605000056 ], [ 79.812479710000048, 7.843155618000026 ], [ 79.812533763000033, 7.843096225000068 ], [ 79.812584685000047, 7.843044517000067 ], [ 79.812647968000078, 7.84298616600006 ], [ 79.812719719000029, 7.842924733000075 ], [ 79.812794956000062, 7.842864513000052 ], [ 79.812875123000083, 7.842804261000026 ], [ 79.812940452000078, 7.84275765700005 ], [ 79.813009405000059, 7.842710516000068 ], [ 79.813082464000047, 7.842662504000032 ], [ 79.813160499000048, 7.842613052000047 ], [ 79.813244649000069, 7.842561432000025 ], [ 79.813337748000038, 7.842505904000063 ], [ 79.813467578000029, 7.842430310000054 ], [ 79.813555227000052, 7.842380443000025 ], [ 79.813635909000084, 7.84233716600005 ], [ 79.813727519000054, 7.842290478000052 ], [ 79.81402466000003, 7.842145587000061 ], [ 79.814103974000034, 7.842105845000049 ], [ 79.814232739000033, 7.842039490000047 ], [ 79.814469905000067, 7.841924068000026 ], [ 79.814491535000059, 7.841912610000065 ], [ 79.814550113000053, 7.841881661000059 ], [ 79.814618899000038, 7.84184136500005 ], [ 79.814671073000056, 7.84180722800005 ], [ 79.814718602000085, 7.841772470000024 ], [ 79.81481522200005, 7.841695031000029 ], [ 79.81488545600007, 7.841634658000032 ], [ 79.81493469000003, 7.841588227000045 ], [ 79.814977402000068, 7.841543522000052 ], [ 79.815014431000066, 7.841499664000025 ], [ 79.815046107000057, 7.841456248000043 ], [ 79.815071956000054, 7.841414231000044 ], [ 79.815093292000086, 7.841371793000064 ], [ 79.815112377000048, 7.841324354000051 ], [ 79.815135018000035, 7.841252964000034 ], [ 79.815143487000057, 7.841215731000034 ], [ 79.815156568000077, 7.841151905000061 ], [ 79.815169573000048, 7.841074906000074 ], [ 79.815185796000037, 7.840965775000029 ], [ 79.815189304000057, 7.840924005000034 ], [ 79.815190571000073, 7.840880189000075 ], [ 79.815189607000036, 7.840833944000053 ], [ 79.815186404000031, 7.840784542000051 ], [ 79.815181512000038, 7.840736174000028 ], [ 79.815174530000036, 7.840682437000055 ], [ 79.81514240000007, 7.840478960000041 ], [ 79.815131010000073, 7.840394111000023 ], [ 79.815126507000059, 7.840348358000028 ], [ 79.815123752000034, 7.84030584900006 ], [ 79.815122688000031, 7.840265745000067 ], [ 79.815123308000068, 7.840227624000022 ], [ 79.815126259000067, 7.840184306000026 ], [ 79.815131636000046, 7.840142983000021 ], [ 79.815138740000066, 7.84010657500005 ], [ 79.815151001000061, 7.840058093000039 ], [ 79.815167483000039, 7.840001556000061 ], [ 79.815186288000064, 7.839944919000061 ], [ 79.815207280000038, 7.839888591000033 ], [ 79.815230306000046, 7.839832988000069 ], [ 79.815257599000063, 7.839773526000045 ], [ 79.815286885000035, 7.83971592100005 ], [ 79.815318757000057, 7.839659247000043 ], [ 79.815347478000035, 7.839613754000027 ], [ 79.815380609000044, 7.839567010000053 ], [ 79.815417663000062, 7.839519899000038 ], [ 79.815458918000047, 7.839472062000027 ], [ 79.815504919000034, 7.839422870000021 ], [ 79.815559071000052, 7.839368938000064 ], [ 79.815621719000035, 7.839310173000058 ], [ 79.81583253000008, 7.839122986000064 ], [ 79.815862663000075, 7.839098713000055 ], [ 79.815897409000058, 7.839072956000052 ], [ 79.816034160000072, 7.83897958600005 ], [ 79.816089469000076, 7.838939070000038 ], [ 79.816117913000085, 7.838915912000061 ], [ 79.816143088000047, 7.83889328600003 ], [ 79.816165497000043, 7.838870741000051 ], [ 79.816185372000064, 7.838848039000027 ], [ 79.816210812000065, 7.838813600000037 ], [ 79.816236016000062, 7.83877336200004 ], [ 79.816259111000079, 7.838730267000074 ], [ 79.816280480000046, 7.838683752000065 ], [ 79.816300047000084, 7.838634020000029 ], [ 79.816317899000069, 7.838580901000057 ], [ 79.816334035000068, 7.838524393000057 ], [ 79.816348462000065, 7.838464471000066 ], [ 79.816365454000049, 7.838376881000045 ], [ 79.816378953000083, 7.83828472700003 ], [ 79.816385103000073, 7.838211725000065 ], [ 79.816386976000047, 7.838134662000073 ], [ 79.816386218000048, 7.83809152200007 ], [ 79.816384226000082, 7.838047104000054 ], [ 79.816376527000045, 7.837954182000033 ], [ 79.816363724000041, 7.837854525000068 ], [ 79.816346080000073, 7.83775004000006 ], [ 79.816336238000076, 7.837708551000048 ], [ 79.816323228000044, 7.837665642000047 ], [ 79.81630692300007, 7.837620882000067 ], [ 79.816287017000036, 7.837573432000056 ], [ 79.81626768700005, 7.837531723000041 ], [ 79.816244766000068, 7.837485574000027 ], [ 79.816163303000053, 7.837331320000033 ], [ 79.816133655000044, 7.837273058000051 ], [ 79.816106207000075, 7.837214393000068 ], [ 79.816084354000054, 7.837161245000061 ], [ 79.816064813000082, 7.83710353500004 ], [ 79.816057259000047, 7.837075889000062 ], [ 79.816051134000077, 7.837048871000036 ], [ 79.816046520000043, 7.837023084000066 ], [ 79.816043226000033, 7.836997728000028 ], [ 79.816039947000036, 7.836942191000048 ], [ 79.816040848000057, 7.836886449000076 ], [ 79.816045695000071, 7.836827998000047 ], [ 79.816054529000041, 7.836766311000076 ], [ 79.816067493000048, 7.836700388000054 ], [ 79.816082382000047, 7.836638312000048 ], [ 79.816101194000055, 7.836569535000024 ], [ 79.816122625000048, 7.836497697000027 ], [ 79.816184495000073, 7.83629821300002 ], [ 79.816202066000074, 7.836237131000075 ], [ 79.816216428000075, 7.836182514000029 ], [ 79.816225564000035, 7.836143084000071 ], [ 79.816233648000036, 7.836100220000048 ], [ 79.816256385000031, 7.835947404000024 ], [ 79.816266616000064, 7.835888836000038 ], [ 79.816279984000062, 7.835831324000026 ], [ 79.816287598000031, 7.835805824000033 ], [ 79.816295887000081, 7.83578207000005 ], [ 79.816310956000052, 7.835746893000021 ], [ 79.816328254000041, 7.835715313000037 ], [ 79.816347058000076, 7.835688266000034 ], [ 79.81636943400008, 7.835663042000022 ], [ 79.816397065000046, 7.835637790000021 ], [ 79.816430582000066, 7.835612069000035 ], [ 79.81646941300005, 7.835585943000069 ], [ 79.816552007000041, 7.835534539000037 ], [ 79.81658662500007, 7.835511954000026 ], [ 79.816621293000082, 7.835486930000059 ], [ 79.816650165000055, 7.835462818000053 ], [ 79.816668827000058, 7.835444774000052 ], [ 79.816690273000063, 7.835422175000076 ], [ 79.816730134000068, 7.835375250000027 ], [ 79.816768097000079, 7.835323962000075 ], [ 79.816805024000075, 7.835267247000047 ], [ 79.816845155000067, 7.835197519000076 ], [ 79.816886410000052, 7.835117242000024 ], [ 79.816924881000034, 7.83503584400006 ], [ 79.817021959000044, 7.834822041000052 ], [ 79.817051701000082, 7.834760497000048 ], [ 79.81707969200005, 7.834706212000071 ], [ 79.817331423000041, 7.834260649000043 ], [ 79.81740037700007, 7.834141698000053 ], [ 79.817462908000039, 7.834037014000046 ], [ 79.817515487000037, 7.833951909000064 ], [ 79.817566501000044, 7.833872222000025 ], [ 79.817604700000061, 7.833815026000025 ], [ 79.817646355000079, 7.833755852000024 ], [ 79.81773309600004, 7.833639736000066 ], [ 79.817944971000031, 7.833367357000043 ], [ 79.817999052000062, 7.833294439000042 ], [ 79.81804624800003, 7.833227577000059 ], [ 79.818088274000047, 7.833164362000048 ], [ 79.818126679000045, 7.833102450000069 ], [ 79.818191948000049, 7.832992159000071 ], [ 79.81825118200004, 7.832887718000052 ], [ 79.818312318000039, 7.832774122000046 ], [ 79.818367584000043, 7.832664640000075 ], [ 79.81841744500008, 7.832558338000069 ], [ 79.81846216200006, 7.832454666000046 ], [ 79.818504472000029, 7.832346291000022 ], [ 79.818555823000054, 7.832200557000021 ], [ 79.818593379000049, 7.832085960000029 ], [ 79.818622154000082, 7.831986805000042 ], [ 79.818642454000042, 7.831904078000036 ], [ 79.81865765200007, 7.831826474000025 ], [ 79.818667739000034, 7.831754944000068 ], [ 79.81867427800006, 7.831677899000056 ], [ 79.818677123000043, 7.831594806000055 ], [ 79.818675871000039, 7.831509550000021 ], [ 79.818670527000052, 7.831422555000074 ], [ 79.818661122000037, 7.831334308000066 ], [ 79.818647251000073, 7.831242667000026 ], [ 79.818629227000031, 7.831150901000058 ], [ 79.818607186000065, 7.83105968700005 ], [ 79.81858130300003, 7.830969758000037 ], [ 79.81854966700007, 7.830875993000063 ], [ 79.818532395000034, 7.830830266000021 ], [ 79.818514207000078, 7.830785461000062 ], [ 79.81850058100008, 7.830754614000057 ], [ 79.818485612000075, 7.83072370800005 ], [ 79.818451545000073, 7.830661500000076 ], [ 79.818419901000084, 7.830610660000048 ], [ 79.818384261000062, 7.830558777000022 ], [ 79.818344278000041, 7.830505339000069 ], [ 79.81829923600003, 7.830449391000059 ], [ 79.818256271000052, 7.830398968000054 ], [ 79.818207073000053, 7.830343629000026 ], [ 79.818025959000067, 7.830147853000028 ], [ 79.817954273000055, 7.830068075000042 ], [ 79.817883777000077, 7.829984454000055 ], [ 79.817853432000049, 7.829945939000027 ], [ 79.817823498000052, 7.829905993000068 ], [ 79.817744915000048, 7.82979511000002 ], [ 79.817661079000061, 7.829668795000032 ], [ 79.817581879000045, 7.829543727000043 ], [ 79.817385809000029, 7.829227199000059 ], [ 79.817329013000062, 7.829138338000064 ], [ 79.817276822000053, 7.829059310000048 ], [ 79.817217634000031, 7.828973435000023 ], [ 79.817160351000041, 7.828894616000071 ], [ 79.817103925000083, 7.828821420000054 ], [ 79.817047793000029, 7.828753121000034 ], [ 79.816994624000074, 7.828692597000042 ], [ 79.816941780000036, 7.828636451000023 ], [ 79.816892405000033, 7.828588330000059 ], [ 79.816837486000054, 7.82853893500004 ], [ 79.816785762000052, 7.828495296000028 ], [ 79.81672678700005, 7.828447901000061 ], [ 79.81652988500008, 7.828296636000061 ], [ 79.816459196000039, 7.82824099000004 ], [ 79.816392332000078, 7.828185604000055 ], [ 79.816333836000069, 7.828133685000068 ], [ 79.816300652000052, 7.828102243000046 ], [ 79.81626957800006, 7.828071133000037 ], [ 79.816193471000076, 7.82798867300005 ], [ 79.816096852000044, 7.827889400000061 ], [ 79.816061450000063, 7.827850653000041 ], [ 79.816032790000065, 7.827816068000061 ], [ 79.816004630000066, 7.827776758000027 ], [ 79.815982831000042, 7.827739099000041 ], [ 79.815974206000078, 7.827720734000025 ], [ 79.815967010000065, 7.827702524000074 ], [ 79.815961364000032, 7.827684914000031 ], [ 79.815956466000046, 7.827665342000046 ], [ 79.815952245000062, 7.827643100000046 ], [ 79.815949144000058, 7.82761976200004 ], [ 79.815947166000058, 7.827595365000036 ], [ 79.815946317000055, 7.827569957000037 ], [ 79.815948009000067, 7.827516308000042 ], [ 79.815954202000057, 7.827459452000028 ], [ 79.815961790000074, 7.827414997000062 ], [ 79.81597178700008, 7.827369776000069 ], [ 79.815984488000083, 7.827322971000058 ], [ 79.815997558000049, 7.827283066000064 ], [ 79.816010912000081, 7.827251119000039 ], [ 79.816027224000038, 7.827218781000056 ], [ 79.816046610000058, 7.827185814000075 ], [ 79.816069307000078, 7.827151814000047 ], [ 79.816100668000047, 7.827109842000027 ], [ 79.816138680000051, 7.827063575000068 ], [ 79.816259245000083, 7.826927198000021 ], [ 79.816325551000034, 7.826848177000045 ], [ 79.81636147100005, 7.826809099000059 ], [ 79.816401295000048, 7.826769318000061 ], [ 79.816447443000072, 7.826726318000055 ], [ 79.816613019000044, 7.826581711000074 ], [ 79.816675832000044, 7.826524422000034 ], [ 79.816707625000049, 7.826493443000061 ], [ 79.816736250000076, 7.826463803000024 ], [ 79.81676224000006, 7.826434947000052 ], [ 79.81678585800006, 7.826406582000061 ], [ 79.816811800000039, 7.826372217000028 ], [ 79.81683470300004, 7.82633794700007 ], [ 79.816854721000084, 7.826303540000026 ], [ 79.816871945000059, 7.826268835000064 ], [ 79.816893948000029, 7.82621677800006 ], [ 79.816913964000037, 7.826162778000025 ], [ 79.816931715000067, 7.826107586000035 ], [ 79.816947023000068, 7.826051753000058 ], [ 79.816963294000061, 7.825977690000059 ], [ 79.816974728000048, 7.825904731000037 ], [ 79.816981382000051, 7.825832095000067 ], [ 79.816983604000029, 7.825757328000066 ], [ 79.816981252000062, 7.82567986600003 ], [ 79.816974259000062, 7.825602719000074 ], [ 79.816969044000075, 7.825564588000077 ], [ 79.816962714000056, 7.825527015000034 ], [ 79.816955223000036, 7.825489837000021 ], [ 79.81694692800005, 7.82545478000003 ], [ 79.816936985000041, 7.825423168000043 ], [ 79.816923799000051, 7.825390902000038 ], [ 79.816907238000056, 7.825357643000075 ], [ 79.816886974000056, 7.825322739000057 ], [ 79.816867632000083, 7.825292838000053 ], [ 79.816844684000046, 7.825259922000043 ], [ 79.816737741000054, 7.825114984000038 ], [ 79.816712505000055, 7.825077067000052 ], [ 79.816691786000035, 7.825042242000052 ], [ 79.816673639000044, 7.825006712000061 ], [ 79.816659411000046, 7.824972457000058 ], [ 79.816648891000057, 7.824938960000054 ], [ 79.816641992000029, 7.824905928000021 ], [ 79.816637750000041, 7.824874102000024 ], [ 79.816634595000039, 7.824841254000034 ], [ 79.816631692000044, 7.824774126000023 ], [ 79.816633416000059, 7.82470762500003 ], [ 79.81663599500007, 7.824675502000048 ], [ 79.816639690000045, 7.824644559000035 ], [ 79.816643515000067, 7.824620473000039 ], [ 79.816647901000067, 7.824599926000076 ], [ 79.816653691000056, 7.824578858000052 ], [ 79.816660744000046, 7.824558053000032 ], [ 79.816669148000074, 7.824537297000063 ], [ 79.816678854000031, 7.824516768000024 ], [ 79.81668987200004, 7.824496443000044 ], [ 79.816702216000067, 7.824476296000057 ], [ 79.816716619000033, 7.824455305000072 ], [ 79.816732530000081, 7.824434438000026 ], [ 79.816749984000069, 7.824413651000043 ], [ 79.816769025000042, 7.824392885000066 ], [ 79.816812070000083, 7.824351206000074 ], [ 79.81686247500005, 7.824308615000064 ], [ 79.816910721000056, 7.824271851000049 ], [ 79.816966997000065, 7.824232104000032 ], [ 79.817172503000052, 7.824096806000057 ], [ 79.817251767000073, 7.824042069000029 ], [ 79.817291794000084, 7.824012369000059 ], [ 79.817327814000066, 7.823983826000074 ], [ 79.817360479000058, 7.823955921000049 ], [ 79.817390112000055, 7.823928377000072 ], [ 79.81745903500007, 7.823856802000023 ], [ 79.817542157000048, 7.823766095000053 ], [ 79.817627816000083, 7.823669307000046 ], [ 79.817872691000048, 7.823387963000073 ], [ 79.817949876000057, 7.823302278000028 ], [ 79.818024632000061, 7.823222221000037 ], [ 79.818113847000063, 7.823129677000054 ], [ 79.818214660000081, 7.823027921000062 ], [ 79.818550052000035, 7.822697825000034 ], [ 79.818671743000039, 7.822576381000033 ], [ 79.818787775000033, 7.822457151000037 ], [ 79.818893752000065, 7.822343901000067 ], [ 79.819013011000038, 7.822211932000073 ], [ 79.819143289000067, 7.822063484000068 ], [ 79.819271057000037, 7.821914806000052 ], [ 79.819601814000066, 7.821526120000044 ], [ 79.819700539000053, 7.821411897000075 ], [ 79.819786982000039, 7.821313568000051 ], [ 79.81984106200008, 7.821254425000063 ], [ 79.819902599000045, 7.821189640000057 ], [ 79.820118884000067, 7.820969883000032 ], [ 79.820201780000048, 7.820883671000047 ], [ 79.820283449000044, 7.82079434700006 ], [ 79.820353742000066, 7.820711733000053 ], [ 79.820406140000046, 7.82064501900004 ], [ 79.820453316000055, 7.820579681000027 ], [ 79.820503725000037, 7.820502986000065 ], [ 79.820562499000062, 7.820408975000021 ], [ 79.820612900000071, 7.82032377400003 ], [ 79.820657322000045, 7.820243437000045 ], [ 79.820696611000074, 7.820166439000047 ], [ 79.820731122000041, 7.820092067000076 ], [ 79.820765875000063, 7.820007392000036 ], [ 79.820781005000072, 7.819965904000071 ], [ 79.820794586000034, 7.819925125000054 ], [ 79.820806925000056, 7.819884060000049 ], [ 79.820818476000056, 7.819841298000028 ], [ 79.82083943300006, 7.819749882000053 ], [ 79.820853440000064, 7.819675583000048 ], [ 79.820866556000055, 7.81959349400006 ], [ 79.820877444000075, 7.819515009000042 ], [ 79.820898657000043, 7.819348689000037 ], [ 79.820930304000058, 7.819169909000038 ], [ 79.820936262000032, 7.819121444000075 ], [ 79.820938851000051, 7.819078660000059 ], [ 79.82093821400008, 7.819040180000059 ], [ 79.821006319000048, 7.818329175000031 ], [ 79.821017641000083, 7.818276110000056 ], [ 79.821028397000077, 7.818214021000074 ], [ 79.821032545000037, 7.818181339000034 ], [ 79.821034983000061, 7.818146838000075 ], [ 79.821035692000066, 7.818101439000031 ], [ 79.821033916000033, 7.81805081300007 ], [ 79.821030265000047, 7.817999632000067 ], [ 79.821018156000036, 7.817862439000066 ], [ 79.821015716000034, 7.817821410000022 ], [ 79.821014670000068, 7.81778465900004 ], [ 79.821015007000085, 7.817734021000035 ], [ 79.821016675000067, 7.817676865000067 ], [ 79.82102764900003, 7.817461672000036 ], [ 79.821030592000056, 7.817371422000065 ], [ 79.821030044000054, 7.81728047200005 ], [ 79.821024768000029, 7.817171650000034 ], [ 79.821018183000035, 7.817087216000061 ], [ 79.821008992000031, 7.816993928000045 ], [ 79.820970241000055, 7.816668889000027 ], [ 79.820943214000067, 7.816410473000076 ], [ 79.82093523900005, 7.816350922000026 ], [ 79.820926547000056, 7.816297116000044 ], [ 79.820916838000073, 7.816247178000026 ], [ 79.820905953000079, 7.816200349000042 ], [ 79.820877981000081, 7.816100396000024 ], [ 79.820848686000033, 7.816007748000061 ], [ 79.82081856800005, 7.815924068000072 ], [ 79.820786921000035, 7.815847253000072 ], [ 79.820753272000047, 7.815776227000072 ], [ 79.820717592000051, 7.815711015000034 ], [ 79.820698943000082, 7.815680500000042 ], [ 79.82067973900007, 7.815651351000042 ], [ 79.820659966000051, 7.815623554000069 ], [ 79.82063961700004, 7.815597092000075 ], [ 79.820617080000034, 7.815570402000048 ], [ 79.82059199400004, 7.815543602000048 ], [ 79.820564065000042, 7.815516373000037 ], [ 79.820532700000058, 7.815488139000024 ], [ 79.82047947600006, 7.815443874000039 ], [ 79.820363775000033, 7.815353221000066 ], [ 79.820314652000036, 7.815313209000067 ], [ 79.820252544000084, 7.815258543000027 ], [ 79.820117331000063, 7.815132955000024 ], [ 79.820056795000085, 7.815078812000024 ], [ 79.819990907000033, 7.815024555000036 ], [ 79.819959816000051, 7.815001160000065 ], [ 79.819929413000068, 7.814979831000073 ], [ 79.819886065000048, 7.81495220100004 ], [ 79.819839040000033, 7.814925472000027 ], [ 79.819787844000075, 7.814899359000037 ], [ 79.819731206000085, 7.814873208000051 ], [ 79.81964150400006, 7.814835746000028 ], [ 79.819418581000036, 7.814748462000068 ], [ 79.81936029600007, 7.814723725000022 ], [ 79.819194823000032, 7.814650846000063 ], [ 79.819142843000066, 7.814629627000045 ], [ 79.819095868000034, 7.814612073000035 ], [ 79.819046859000082, 7.814595882000049 ], [ 79.819000348000031, 7.814582914000027 ], [ 79.818966108000041, 7.814575553000054 ], [ 79.818929187000037, 7.81457021500006 ], [ 79.818890998000029, 7.814566908000074 ], [ 79.818848111000079, 7.814565172000073 ], [ 79.818692447000046, 7.814565581000068 ], [ 79.818630166000048, 7.814563741000029 ], [ 79.818597276000048, 7.814561146000074 ], [ 79.818566929000042, 7.814557336000064 ], [ 79.818538541000066, 7.814552241000058 ], [ 79.818511818000047, 7.814545804000034 ], [ 79.818490392000058, 7.814539287000059 ], [ 79.818459559000075, 7.814528280000047 ], [ 79.818388522000078, 7.814500661000068 ], [ 79.818334217000086, 7.814476564000074 ], [ 79.818287937000036, 7.814452743000061 ], [ 79.818250225000043, 7.814429590000032 ], [ 79.818220120000035, 7.814406646000066 ], [ 79.818207888000074, 7.814395219000062 ], [ 79.818197575000056, 7.81438385000007 ], [ 79.818189332000031, 7.814372751000064 ], [ 79.818182947000082, 7.814361570000074 ], [ 79.818175645000053, 7.814341634000073 ], [ 79.818172409000056, 7.814319891000025 ], [ 79.818173232000049, 7.814296288000037 ], [ 79.81817811600007, 7.814270757000031 ], [ 79.818187056000056, 7.814243262000048 ], [ 79.818200101000059, 7.814213617000064 ], [ 79.818217329000049, 7.814181642000051 ], [ 79.818238909000058, 7.814147019000075 ], [ 79.81826927600008, 7.814103610000075 ], [ 79.818306803000041, 7.814054574000068 ], [ 79.818348039000057, 7.814003782000043 ], [ 79.81845781100003, 7.813872140000058 ], [ 79.818487796000056, 7.813834463000035 ], [ 79.818512441000053, 7.813801685000044 ], [ 79.818531199000063, 7.813774830000057 ], [ 79.818556171000068, 7.813736509000023 ], [ 79.818633412000054, 7.813612306000039 ], [ 79.81863523800007, 7.813609369000062 ], [ 79.818662621000044, 7.813565338000046 ], [ 79.818691736000062, 7.813522251000052 ], [ 79.818719243000032, 7.813484782000046 ], [ 79.818750453000064, 7.813446556000031 ], [ 79.818781599000033, 7.813413122000043 ], [ 79.818813182000042, 7.81338394900007 ], [ 79.818845484000065, 7.81335877600003 ], [ 79.81890190200005, 7.813321768000037 ], [ 79.818956645000071, 7.813289565000048 ], [ 79.819007299000077, 7.813263606000021 ], [ 79.81905402600006, 7.813243758000056 ], [ 79.819096875000071, 7.813230041000054 ], [ 79.819116697000084, 7.813225545000023 ], [ 79.819135432000053, 7.813222630000041 ], [ 79.819153726000081, 7.813221277000025 ], [ 79.819170830000076, 7.813221630000044 ], [ 79.819184082000049, 7.813223377000043 ], [ 79.819196612000042, 7.813227103000031 ], [ 79.819206618000067, 7.813231626000061 ], [ 79.819216595000057, 7.813237523000055 ], [ 79.819236541000066, 7.813253488000043 ], [ 79.81925663100003, 7.813275136000073 ], [ 79.819277216000046, 7.813302842000041 ], [ 79.819294763000073, 7.813330449000034 ], [ 79.819313715000078, 7.81336370300005 ], [ 79.819372411000074, 7.813477207000062 ], [ 79.819392724000068, 7.813514565000048 ], [ 79.819412731000057, 7.81354738400006 ], [ 79.819431188000067, 7.813572818000068 ], [ 79.819441237000035, 7.813584352000021 ], [ 79.819451103000063, 7.813593948000062 ], [ 79.819460847000073, 7.813601662000053 ], [ 79.819470513000056, 7.813607529000024 ], [ 79.819479394000041, 7.813611273000049 ], [ 79.819479990000048, 7.813611524000066 ], [ 79.819489454000063, 7.813613760000067 ], [ 79.819498300000078, 7.81361425800003 ], [ 79.819509706000076, 7.813613153000063 ], [ 79.819518023000057, 7.813611359000049 ], [ 79.819521468000062, 7.813610616000062 ], [ 79.81953393200007, 7.813606647000029 ], [ 79.819560791000072, 7.81359447400007 ], [ 79.819589879000034, 7.813576813000054 ], [ 79.819620585000052, 7.81355403200007 ], [ 79.819652431000065, 7.813526437000064 ], [ 79.819684151000047, 7.813495071000034 ], [ 79.819714631000068, 7.813461035000046 ], [ 79.819742670000039, 7.813425670000072 ], [ 79.819764745000043, 7.813394094000046 ], [ 79.819783332000043, 7.813363507000076 ], [ 79.819797925000046, 7.813334740000073 ], [ 79.819808182000031, 7.813308479000057 ], [ 79.819814079000082, 7.813284638000027 ], [ 79.819816939000077, 7.813259388000063 ], [ 79.819816770000045, 7.813232665000044 ], [ 79.819813573000033, 7.81320437200003 ], [ 79.819805181000049, 7.81316619200004 ], [ 79.819791847000033, 7.813124918000028 ], [ 79.819773405000035, 7.813080017000061 ], [ 79.819749327000068, 7.813030182000034 ], [ 79.819714065000085, 7.812965211000062 ], [ 79.819620678000035, 7.81280287900006 ], [ 79.819600491000074, 7.812764756000036 ], [ 79.819570635000048, 7.812704441000051 ], [ 79.819546091000063, 7.812659300000064 ], [ 79.819515102000082, 7.812606346000052 ], [ 79.819441533000031, 7.812485331000062 ], [ 79.81940830700006, 7.812427367000055 ], [ 79.819390080000062, 7.812392940000052 ], [ 79.819374155000048, 7.812360345000059 ], [ 79.819360423000035, 7.812329419000037 ], [ 79.819347643000071, 7.812297338000064 ], [ 79.819321315000082, 7.812221451000028 ], [ 79.819296356000052, 7.812135484000066 ], [ 79.819272955000031, 7.812041911000051 ], [ 79.819235298000081, 7.81187724800003 ], [ 79.819227828000066, 7.811837896000043 ], [ 79.81922112500007, 7.811793489000024 ], [ 79.81920421500007, 7.811647704000052 ], [ 79.819197256000052, 7.811595875000023 ], [ 79.819188728000086, 7.811546745000044 ], [ 79.819178768000029, 7.811503166000023 ], [ 79.819165457000054, 7.811458947000062 ], [ 79.819149500000037, 7.811418398000058 ], [ 79.819116532000066, 7.811347459000046 ], [ 79.819083811000041, 7.81128615800003 ], [ 79.819052989000056, 7.811236532000066 ], [ 79.819021271000054, 7.811193093000043 ], [ 79.819004954000036, 7.811173542000063 ], [ 79.818988353000066, 7.811155473000042 ], [ 79.818971210000029, 7.811138645000028 ], [ 79.818954741000084, 7.811124235000023 ], [ 79.81894082000008, 7.811113836000061 ], [ 79.818925519000061, 7.811103954000032 ], [ 79.81889011700008, 7.811085333000051 ], [ 79.818849263000061, 7.811068273000046 ], [ 79.818762944000071, 7.811037227000043 ], [ 79.818726926000068, 7.811023040000066 ], [ 79.818690858000082, 7.81100598200004 ], [ 79.818660820000048, 7.810987898000064 ], [ 79.818636731000083, 7.810969907000072 ], [ 79.818611449000059, 7.810949008000023 ], [ 79.818586813000081, 7.810926705000043 ], [ 79.818562473000043, 7.810902725000062 ], [ 79.818538536000062, 7.810877181000023 ], [ 79.818514937000032, 7.810850021000022 ], [ 79.818491706000032, 7.810821273000045 ], [ 79.818468875000065, 7.810790979000046 ], [ 79.818443405000039, 7.810754652000071 ], [ 79.81841856300008, 7.810716470000045 ], [ 79.818394415000057, 7.810676536000074 ], [ 79.818371056000046, 7.810635002000026 ], [ 79.818352940000068, 7.810600424000029 ], [ 79.818336963000036, 7.810566714000061 ], [ 79.818321501000071, 7.810530485000072 ], [ 79.818306819000043, 7.810492245000034 ], [ 79.818290689000037, 7.810445172000072 ], [ 79.818275369000048, 7.810394731000031 ], [ 79.818260674000044, 7.810340333000056 ], [ 79.817362053000068, 7.809179812000025 ], [ 79.816887314000041, 7.808727993000048 ], [ 79.815865019000057, 7.808464725000022 ], [ 79.815104448000056, 7.80817832300005 ], [ 79.814249698000083, 7.807464681000056 ], [ 79.813784326000075, 7.807502076000048 ], [ 79.813719564000053, 7.807529260000024 ], [ 79.813676074000057, 7.807545172000061 ], [ 79.813635342000055, 7.807557786000075 ], [ 79.813579106000077, 7.80757181000007 ], [ 79.813518875000057, 7.807585281000058 ], [ 79.813446412000076, 7.807598894000023 ], [ 79.813380640000048, 7.807607897000025 ], [ 79.813319779000039, 7.807612531000075 ], [ 79.813263207000034, 7.807612833000064 ], [ 79.813212024000052, 7.807608993000031 ], [ 79.813187708000044, 7.807605538000075 ], [ 79.813165130000073, 7.807601171000044 ], [ 79.813117716000079, 7.80758830000002 ], [ 79.813067768000053, 7.807569913000066 ], [ 79.813021799000069, 7.807549322000057 ], [ 79.812971133000076, 7.807523450000076 ], [ 79.812791323000056, 7.807421126000065 ], [ 79.812635804000081, 7.807339594000041 ], [ 79.812571357000081, 7.807303374000071 ], [ 79.812524542000062, 7.807273746000021 ], [ 79.81248385400005, 7.807244281000067 ], [ 79.812450603000059, 7.807216395000069 ], [ 79.812410554000053, 7.807177955000043 ], [ 79.812381277000043, 7.807147775000033 ], [ 79.812354534000065, 7.807118241000069 ], [ 79.812330296000084, 7.807089315000042 ], [ 79.812308556000062, 7.80706099300005 ], [ 79.812289306000082, 7.807033262000061 ], [ 79.812272560000054, 7.80700613700003 ], [ 79.812258322000048, 7.806979627000032 ], [ 79.812246593000054, 7.80695374000004 ], [ 79.812237725000045, 7.806929559000025 ], [ 79.812231069000063, 7.806905619000077 ], [ 79.812226044000056, 7.806879904000027 ], [ 79.81222278000007, 7.806852826000068 ], [ 79.812221278000038, 7.806824275000054 ], [ 79.812221560000069, 7.806794395000054 ], [ 79.812223621000044, 7.806763214000057 ], [ 79.812227462000067, 7.806730769000069 ], [ 79.812234360000048, 7.806690497000034 ], [ 79.812243761000047, 7.806648589000076 ], [ 79.812255641000036, 7.806605162000039 ], [ 79.812269950000029, 7.80656039400003 ], [ 79.812287453000067, 7.806512346000034 ], [ 79.812307394000072, 7.806463473000065 ], [ 79.812329569000042, 7.806414322000023 ], [ 79.812346972000057, 7.806381041000066 ], [ 79.812365329000045, 7.806350720000069 ], [ 79.81238606200003, 7.806320440000036 ], [ 79.812409227000046, 7.806290115000024 ], [ 79.81243491400005, 7.806259627000031 ], [ 79.812463148000063, 7.806228932000067 ], [ 79.812494199000071, 7.806197728000029 ], [ 79.812528322000048, 7.806165751000037 ], [ 79.812566036000078, 7.806132516000048 ], [ 79.812648946000081, 7.806064540000023 ], [ 79.812825205000081, 7.805927465000025 ], [ 79.812867550000078, 7.805895960000043 ], [ 79.812913205000029, 7.805864324000026 ], [ 79.812971383000047, 7.805826735000039 ], [ 79.813037231000067, 7.805786875000024 ], [ 79.813289286000042, 7.805643890000056 ], [ 79.813392916000055, 7.805581844000073 ], [ 79.813462084000037, 7.805536971000038 ], [ 79.813555011000062, 7.805474613000058 ], [ 79.813645113000064, 7.805412558000057 ], [ 79.813738698000066, 7.805346608000036 ], [ 79.813925230000052, 7.805211346000021 ], [ 79.814146154000071, 7.805046461000074 ], [ 79.814657650000072, 7.804658971000038 ], [ 79.814798694000046, 7.804550714000072 ], [ 79.814923217000057, 7.804453684000066 ], [ 79.815045054000052, 7.804356925000036 ], [ 79.815158298000085, 7.804264937000028 ], [ 79.815263892000075, 7.804176974000029 ], [ 79.815354213000035, 7.804099251000025 ], [ 79.815446656000063, 7.804017213000066 ], [ 79.81554742600008, 7.803925466000067 ], [ 79.815961119000065, 7.803538807000052 ], [ 79.816057753000052, 7.803449991000036 ], [ 79.816145230000075, 7.803371256000048 ], [ 79.816220749000081, 7.803305009000042 ], [ 79.816305099000033, 7.803232993000051 ], [ 79.816590118000079, 7.802995743000054 ], [ 79.816695965000065, 7.802906312000061 ], [ 79.816799481000032, 7.802816037000071 ], [ 79.816890986000033, 7.802732674000026 ], [ 79.816965214000049, 7.802661671000067 ], [ 79.817038662000073, 7.802587794000033 ], [ 79.817114643000082, 7.802507730000059 ], [ 79.817194036000046, 7.802420516000041 ], [ 79.817264459000057, 7.802340556000047 ], [ 79.81734167500008, 7.802250655000023 ], [ 79.817608349000068, 7.801932696000051 ], [ 79.817714761000047, 7.801807886000063 ], [ 79.817825135000078, 7.801682895000056 ], [ 79.817930034000085, 7.801569746000041 ], [ 79.818046477000053, 7.801448285000049 ], [ 79.818176132000076, 7.801316159000066 ], [ 79.81831679000004, 7.801175343000068 ], [ 79.818759731000057, 7.80073567900007 ], [ 79.81896953200004, 7.800521581000055 ], [ 79.819295493000084, 7.800191923000057 ], [ 79.819440680000071, 7.800042443000052 ], [ 79.819567887000062, 7.79990916600002 ], [ 79.81968263300007, 7.799786367000024 ], [ 79.819800380000061, 7.79965750100007 ], [ 79.819921616000045, 7.799522097000022 ], [ 79.820050236000043, 7.799375859000065 ], [ 79.820189280000079, 7.799215352000033 ], [ 79.820350427000051, 7.799027101000036 ], [ 79.820764266000083, 7.798540040000034 ], [ 79.821196015000055, 7.798020559000065 ], [ 79.821296842000038, 7.79790091700005 ], [ 79.821388179000053, 7.797794391000025 ], [ 79.821469050000076, 7.797702026000024 ], [ 79.821556438000073, 7.797604638000053 ], [ 79.821701189000066, 7.797447074000047 ], [ 79.821704602000068, 7.797443360000045 ], [ 79.821857008000052, 7.797277463000057 ], [ 79.821969760000059, 7.797152964000077 ], [ 79.822070304000079, 7.797038708000059 ], [ 79.822204730000067, 7.796881115000076 ], [ 79.822313099000041, 7.796751319000066 ], [ 79.822423883000056, 7.796616250000056 ], [ 79.822537690000047, 7.796475170000065 ], [ 79.822655471000076, 7.796326897000029 ], [ 79.82279296300004, 7.796151232000057 ], [ 79.822940181000035, 7.795960548000039 ], [ 79.823041282000077, 7.795827748000022 ], [ 79.823147971000083, 7.795685112000058 ], [ 79.823246024000071, 7.795551655000054 ], [ 79.82331656000008, 7.79545573200005 ], [ 79.823683238000058, 7.794951059000027 ], [ 79.823780921000036, 7.794820615000049 ], [ 79.82401636700007, 7.794510643000024 ], [ 79.824133154000037, 7.794352976000027 ], [ 79.824201851000055, 7.794257004000031 ], [ 79.824264249000066, 7.794166737000069 ], [ 79.824321782000084, 7.794080256000029 ], [ 79.824374989000034, 7.793996582000034 ], [ 79.824426494000079, 7.793911379000065 ], [ 79.824479301000054, 7.793819146000033 ], [ 79.824532353000052, 7.79372173400003 ], [ 79.824586663000048, 7.793617320000067 ], [ 79.82464198100007, 7.793506540000067 ], [ 79.82470181900004, 7.79338251300004 ], [ 79.82492073700007, 7.792914759000041 ], [ 79.824973684000042, 7.792812183000024 ], [ 79.825077648000047, 7.792621473000054 ], [ 79.825118377000081, 7.792544735000035 ], [ 79.825158280000039, 7.79246523200004 ], [ 79.825191428000039, 7.792393138000023 ], [ 79.825222942000039, 7.792315722000069 ], [ 79.825248230000057, 7.792242132000069 ], [ 79.825258691000045, 7.792206339000074 ], [ 79.825267730000064, 7.79217109800004 ], [ 79.825275368000064, 7.792136320000054 ], [ 79.825281620000055, 7.792101940000066 ], [ 79.825292051000076, 7.792033134000064 ], [ 79.825299690000065, 7.791975021000042 ], [ 79.825305268000079, 7.791922004000071 ], [ 79.825308896000081, 7.791872845000057 ], [ 79.825310658000035, 7.791825826000036 ], [ 79.825310487000081, 7.791781382000067 ], [ 79.825308384000039, 7.791739174000043 ], [ 79.825304335000055, 7.791699010000059 ], [ 79.825296402000049, 7.791650934000074 ], [ 79.825284989000068, 7.791605280000056 ], [ 79.825268498000071, 7.791555333000076 ], [ 79.825246216000039, 7.791499354000052 ], [ 79.82522268300005, 7.791446908000069 ], [ 79.825139600000057, 7.791261444000043 ], [ 79.825108754000041, 7.79119838400004 ], [ 79.825016076000054, 7.791016540000044 ], [ 79.82498909800006, 7.790958713000066 ], [ 79.824967001000061, 7.790906178000057 ], [ 79.824948824000046, 7.790856666000025 ], [ 79.824925510000071, 7.790783493000049 ], [ 79.824905657000045, 7.790713882000034 ], [ 79.824888075000047, 7.790644333000046 ], [ 79.824876437000057, 7.790592452000055 ], [ 79.824866120000081, 7.79054080800006 ], [ 79.824857142000042, 7.790489480000076 ], [ 79.824849513000061, 7.790438536000067 ], [ 79.824843243000032, 7.790388049000057 ], [ 79.824838341000032, 7.790338071000065 ], [ 79.824834808000048, 7.79028865500004 ], [ 79.824832652000055, 7.79023985300006 ], [ 79.824831869000036, 7.790190718000076 ], [ 79.824832474000061, 7.790137713000036 ], [ 79.824834422000038, 7.790085679000072 ], [ 79.824837701000035, 7.790033941000047 ], [ 79.824842282000077, 7.789982886000075 ], [ 79.824848153000062, 7.78993256900003 ], [ 79.824855347000039, 7.789882844000033 ], [ 79.824863582000035, 7.789835624000034 ], [ 79.824874249000061, 7.789790779000043 ], [ 79.82488870800006, 7.789744914000039 ], [ 79.824907081000049, 7.789697628000056 ], [ 79.824929648000079, 7.789648197000076 ], [ 79.824954490000039, 7.789599984000063 ], [ 79.824984241000038, 7.789547203000041 ], [ 79.825106412000082, 7.78934772100007 ], [ 79.825132533000044, 7.789303134000022 ], [ 79.825154790000056, 7.789262846000042 ], [ 79.825178510000057, 7.789216147000047 ], [ 79.825198435000061, 7.78917202100007 ], [ 79.825214964000054, 7.789129595000077 ], [ 79.825228264000032, 7.789088420000041 ], [ 79.825237203000029, 7.789053767000041 ], [ 79.825243883000041, 7.789019622000069 ], [ 79.825247212000079, 7.788993621000031 ], [ 79.82524834000003, 7.788965900000051 ], [ 79.825247148000074, 7.788931920000039 ], [ 79.825243362000037, 7.78889308600003 ], [ 79.825237443000049, 7.788851252000029 ], [ 79.825218796000058, 7.78873618800003 ], [ 79.825214653000046, 7.788702295000064 ], [ 79.825212441000076, 7.788673015000029 ], [ 79.825212265000062, 7.788640564000048 ], [ 79.82521502000003, 7.788612332000071 ], [ 79.825220767000076, 7.788587710000058 ], [ 79.825229579000052, 7.788566417000027 ], [ 79.825241306000066, 7.788548534000029 ], [ 79.825255785000081, 7.788534010000035 ], [ 79.825274315000058, 7.788521805000073 ], [ 79.82529749400004, 7.78851147000006 ], [ 79.825320996000073, 7.788504028000034 ], [ 79.82534922800005, 7.788497386000074 ], [ 79.825457660000041, 7.788479083000027 ], [ 79.82550008700008, 7.788469941000074 ], [ 79.825521074000051, 7.788463807000028 ], [ 79.82553950700003, 7.788456962000055 ], [ 79.825555712000039, 7.788449283000034 ], [ 79.825569852000058, 7.788440691000062 ], [ 79.825590758000033, 7.78842469500006 ], [ 79.825610304000065, 7.788406322000071 ], [ 79.825628539000036, 7.78838552600007 ], [ 79.825645518000044, 7.788362244000041 ], [ 79.825661277000052, 7.788336441000069 ], [ 79.825675929000056, 7.788307947000021 ], [ 79.825689556000043, 7.78827659600006 ], [ 79.825702288000059, 7.788242096000033 ], [ 79.825717914000052, 7.788191291000032 ], [ 79.825732922000043, 7.788132173000065 ], [ 79.825745590000054, 7.788074376000054 ], [ 79.825772925000081, 7.787940153000022 ], [ 79.825787088000084, 7.787878104000072 ], [ 79.825799393000068, 7.787832121000065 ], [ 79.825835882000035, 7.787710435000065 ], [ 79.825861711000073, 7.787614812000072 ], [ 79.825891117000083, 7.787494017000029 ], [ 79.825919922000082, 7.787362205000022 ], [ 79.825958018000051, 7.787167777000036 ], [ 79.826028273000077, 7.786780045000057 ], [ 79.826088079000044, 7.786468295000077 ], [ 79.826178336000055, 7.785976306000066 ], [ 79.826232332000075, 7.785707180000031 ], [ 79.82627986500006, 7.785446730000047 ], [ 79.826295353000035, 7.785374469000033 ], [ 79.826311372000077, 7.785310430000038 ], [ 79.826328987000068, 7.785250662000067 ], [ 79.826348238000037, 7.785195368000075 ], [ 79.826367246000075, 7.785149131000026 ], [ 79.826390113000059, 7.785102105000021 ], [ 79.826415333000057, 7.78505651100005 ], [ 79.826445527000033, 7.78500695300005 ], [ 79.82647802200006, 7.784957081000073 ], [ 79.826568718000033, 7.784822102000021 ], [ 79.826595093000037, 7.784780616000035 ], [ 79.82661765000006, 7.784742874000074 ], [ 79.826638881000065, 7.784704376000036 ], [ 79.826657259000058, 7.784667482000032 ], [ 79.826683038000056, 7.784609697000064 ], [ 79.826708519000078, 7.784549526000035 ], [ 79.826739108000083, 7.784472211000036 ], [ 79.826765877000071, 7.784398053000075 ], [ 79.826789034000058, 7.784326458000066 ], [ 79.826808687000039, 7.784257095000044 ], [ 79.826824558000055, 7.784191313000065 ], [ 79.826836814000046, 7.784129017000055 ], [ 79.82684714800007, 7.784061637000036 ], [ 79.826855400000056, 7.78398965100007 ], [ 79.826863287000037, 7.78388652700005 ], [ 79.826868427000079, 7.783765685000049 ], [ 79.826870994000046, 7.783642477000058 ], [ 79.826868646000037, 7.783547375000069 ], [ 79.826863443000036, 7.783467553000037 ], [ 79.826855049000073, 7.783378683000024 ], [ 79.826819099000033, 7.783083026000043 ], [ 79.826807427000062, 7.782972748000077 ], [ 79.82679991100008, 7.782871037000064 ], [ 79.826795275000052, 7.782747092000022 ], [ 79.826793574000078, 7.782638772000041 ], [ 79.826793614000053, 7.782518866000032 ], [ 79.826801113000045, 7.782055573000036 ], [ 79.826801538000041, 7.781858736000061 ], [ 79.826799840000035, 7.781757095000046 ], [ 79.826796689000048, 7.781644082000071 ], [ 79.826781263000044, 7.781243461000031 ], [ 79.826776313000039, 7.781083100000046 ], [ 79.826773937000041, 7.780917743000032 ], [ 79.826775294000072, 7.780769786000064 ], [ 79.82677900200008, 7.780656180000051 ], [ 79.826785234000056, 7.780531427000028 ], [ 79.826794089000032, 7.780391913000074 ], [ 79.826823172000047, 7.779977421000069 ], [ 79.826830441000084, 7.779845868000052 ], [ 79.826835035000045, 7.779727885000057 ], [ 79.826836799000034, 7.779632892000052 ], [ 79.826836462000074, 7.779527654000049 ], [ 79.826828426000077, 7.779183079000063 ], [ 79.826826870000048, 7.779058397000028 ], [ 79.826828120000073, 7.778937855000038 ], [ 79.826832639000031, 7.778829087000076 ], [ 79.826840262000076, 7.778731502000028 ], [ 79.826852301000031, 7.778629786000067 ], [ 79.826867126000081, 7.778529617000061 ], [ 79.826907919000064, 7.778277702000025 ], [ 79.826918117000048, 7.778205934000027 ], [ 79.826925963000065, 7.778141223000034 ], [ 79.826936640000042, 7.778031780000049 ], [ 79.826945766000051, 7.777916890000029 ], [ 79.826953357000036, 7.777796339000076 ], [ 79.826959546000069, 7.777668099000039 ], [ 79.826964340000075, 7.777533692000077 ], [ 79.826968160000035, 7.777383241000052 ], [ 79.826974060000055, 7.776983106000046 ], [ 79.826971893000064, 7.776793987000076 ], [ 79.82696244300007, 7.776449114000059 ], [ 79.826959703000057, 7.776314182000021 ], [ 79.826959013000078, 7.776176697000039 ], [ 79.826961061000077, 7.776053061000027 ], [ 79.826966173000073, 7.775936759000047 ], [ 79.826975237000056, 7.775807137000072 ], [ 79.826986050000073, 7.775684092000063 ], [ 79.827013711000063, 7.775396564000062 ], [ 79.82702529200003, 7.775256461000026 ], [ 79.827032975000066, 7.775128908000056 ], [ 79.827036578000047, 7.77501288600007 ], [ 79.827036505000081, 7.774918551000042 ], [ 79.82703353800008, 7.774813477000066 ], [ 79.827028794000057, 7.774713177000024 ], [ 79.827015399000061, 7.774474407000071 ], [ 79.827010518000066, 7.774354409000068 ], [ 79.827008914000032, 7.774243858000034 ], [ 79.827010943000062, 7.774130698000022 ], [ 79.827017948000048, 7.773975043000064 ], [ 79.82703033100006, 7.773795282000037 ], [ 79.827060677000077, 7.773435048000067 ], [ 79.827074720000041, 7.773257272000023 ], [ 79.827099276000069, 7.772995077000076 ], [ 79.827108387000067, 7.772881145000042 ], [ 79.827112482000075, 7.772811102000048 ], [ 79.827114858000073, 7.772746129000041 ], [ 79.827115818000038, 7.772672904000046 ], [ 79.827115341000081, 7.772597371000074 ], [ 79.827111040000034, 7.772460356000067 ], [ 79.827102281000066, 7.772315776000028 ], [ 79.827088954000033, 7.772161612000048 ], [ 79.82707063600003, 7.771992957000066 ], [ 79.82704392800008, 7.771782474000076 ], [ 79.827029809000067, 7.771688223000069 ], [ 79.827009184000076, 7.771571799000071 ], [ 79.826953243000048, 7.771280447000038 ], [ 79.826939087000085, 7.771197720000032 ], [ 79.826927939000029, 7.771123031000059 ], [ 79.826920646000076, 7.771062821000044 ], [ 79.82691428000004, 7.770995430000028 ], [ 79.826898830000061, 7.770774912000036 ], [ 79.826892238000084, 7.770695556000021 ], [ 79.826883809000037, 7.770619332000024 ], [ 79.826873652000074, 7.770550876000073 ], [ 79.826865983000062, 7.770509484000058 ], [ 79.82685706400008, 7.770468372000039 ], [ 79.82683376500006, 7.770379150000053 ], [ 79.826806164000061, 7.770289032000051 ], [ 79.826746035000042, 7.770108090000065 ], [ 79.826721646000067, 7.770031131000053 ], [ 79.82670390100003, 7.769969790000061 ], [ 79.826662580000061, 7.769815167000047 ], [ 79.826631190000057, 7.769692236000026 ], [ 79.826606752000032, 7.769587690000037 ], [ 79.826586704000078, 7.769490296000072 ], [ 79.826572072000033, 7.769404973000064 ], [ 79.82656107400004, 7.769315255000038 ], [ 79.826553076000039, 7.769214771000065 ], [ 79.826548213000081, 7.769117080000058 ], [ 79.826539444000048, 7.768873962000043 ], [ 79.826535723000063, 7.768806040000072 ], [ 79.82653117600006, 7.768745031000037 ], [ 79.826524310000082, 7.768676954000057 ], [ 79.826508957000044, 7.768555264000042 ], [ 79.826495692000037, 7.768421543000045 ], [ 79.826495417000046, 7.768418765000035 ], [ 79.82648811100006, 7.768345125000053 ], [ 79.826480257000071, 7.768285332000062 ], [ 79.826471384000058, 7.768232456000021 ], [ 79.826458068000079, 7.768171826000071 ], [ 79.82644209700004, 7.768116894000059 ], [ 79.826423153000064, 7.768066576000024 ], [ 79.82640103500006, 7.768020350000029 ], [ 79.826384154000039, 7.767991559000052 ], [ 79.826363040000047, 7.76796151800005 ], [ 79.826340858000037, 7.767933466000045 ], [ 79.82628591100007, 7.767867541000044 ], [ 79.826260115000082, 7.767833540000026 ], [ 79.826239550000082, 7.767801415000065 ], [ 79.826219195000078, 7.767762241000071 ], [ 79.826201802000071, 7.767720889000032 ], [ 79.826187168000047, 7.767676954000024 ], [ 79.826175216000081, 7.767630211000039 ], [ 79.826165853000077, 7.767580293000037 ], [ 79.826160577000053, 7.767541385000072 ], [ 79.826156600000047, 7.767500187000053 ], [ 79.826153880000049, 7.767456294000056 ], [ 79.826152367000077, 7.767408909000039 ], [ 79.82615244200008, 7.767316850000043 ], [ 79.826157822000084, 7.767074991000072 ], [ 79.826157, 7.767004839000037 ], [ 79.826153956000041, 7.766942630000074 ], [ 79.826150127000062, 7.76689943100007 ], [ 79.826138813000057, 7.766801919000045 ], [ 79.826086642000064, 7.766385614000058 ], [ 79.826075930000059, 7.766289434000043 ], [ 79.82606729400004, 7.766201556000055 ], [ 79.826058105000072, 7.766093385000033 ], [ 79.82604899100005, 7.76597023100004 ], [ 79.826027091000071, 7.765637556000058 ], [ 79.826015884000071, 7.765440530000035 ], [ 79.826006567000036, 7.765330077000044 ], [ 79.825994755000067, 7.765225509000061 ], [ 79.825981201000047, 7.765125030000036 ], [ 79.825965844000052, 7.765028205000021 ], [ 79.825948642000071, 7.764934753000034 ], [ 79.825929838000036, 7.764845717000071 ], [ 79.825908556000059, 7.764756873000067 ], [ 79.82588432700004, 7.764666183000031 ], [ 79.825857291000034, 7.764574261000064 ], [ 79.825833364000061, 7.764498991000039 ], [ 79.82580760500008, 7.764422935000027 ], [ 79.825777827000081, 7.764340180000033 ], [ 79.825754399000061, 7.764279380000062 ], [ 79.825712795000072, 7.764181723000036 ], [ 79.82562977300006, 7.763999861000059 ], [ 79.825597238000057, 7.763926163000065 ], [ 79.825537152000038, 7.763781231000053 ], [ 79.825484880000033, 7.763650110000071 ], [ 79.825410844000032, 7.763454804000048 ], [ 79.825332815000081, 7.763241424000057 ], [ 79.82527605000007, 7.763090563000048 ], [ 79.825249404000033, 7.763014387000055 ], [ 79.825235792000058, 7.762971076000042 ], [ 79.825225291000038, 7.762933528000076 ], [ 79.825219287000039, 7.762904744000025 ], [ 79.82521474300006, 7.76287319100004 ], [ 79.825211813000067, 7.76284180500005 ], [ 79.825209854000036, 7.762806219000026 ], [ 79.825205975000074, 7.762651849000065 ], [ 79.825203352000074, 7.762615830000072 ], [ 79.825199468000051, 7.762584073000028 ], [ 79.825194162000059, 7.762555305000035 ], [ 79.825187347000053, 7.762529113000028 ], [ 79.82517892900006, 7.762505144000045 ], [ 79.825168839000071, 7.762483204000034 ], [ 79.825157603000036, 7.762464047000037 ], [ 79.825144753000075, 7.76244653200007 ], [ 79.825130497000032, 7.762430988000062 ], [ 79.825113327000054, 7.762415581000027 ], [ 79.82507705900008, 7.762389085000052 ], [ 79.824986667000076, 7.762331525000036 ], [ 79.824965622000036, 7.762316059000057 ], [ 79.824947953000049, 7.762301094000065 ], [ 79.824933110000075, 7.762286198000027 ], [ 79.824919460000046, 7.762269764000052 ], [ 79.82490681400003, 7.762251572000025 ], [ 79.824895165000044, 7.762231596000049 ], [ 79.824882413000068, 7.76220511300005 ], [ 79.824870938000061, 7.762175735000028 ], [ 79.824860622000074, 7.762143179000077 ], [ 79.824851276000061, 7.762106843000026 ], [ 79.824837338000066, 7.762036330000058 ], [ 79.824810441000068, 7.761868206000031 ], [ 79.824801963000084, 7.761826692000056 ], [ 79.824792886000068, 7.76179092700005 ], [ 79.824781426000072, 7.761755557000072 ], [ 79.82476844100006, 7.761724836000042 ], [ 79.82475370700007, 7.76169823400005 ], [ 79.824737077000066, 7.761675492000052 ], [ 79.824719667000068, 7.761657532000072 ], [ 79.824700385000085, 7.761642700000039 ], [ 79.824679395000032, 7.761631053000031 ], [ 79.824656324000046, 7.76162247600007 ], [ 79.824630975000048, 7.761616415000049 ], [ 79.824601033000079, 7.761612031000027 ], [ 79.824568722000038, 7.761609269000076 ], [ 79.824478020000072, 7.761603974000025 ], [ 79.824451387000067, 7.761601066000026 ], [ 79.824428526000077, 7.761597198000061 ], [ 79.824405698000078, 7.761591373000044 ], [ 79.824385939000081, 7.761583919000032 ], [ 79.824363427000037, 7.761572154000021 ], [ 79.824340633000077, 7.76155738500006 ], [ 79.824308494000036, 7.761531804000072 ], [ 79.824276487000077, 7.761500808000051 ], [ 79.824245026000085, 7.761464798000077 ], [ 79.824214596000047, 7.761424329000022 ], [ 79.824185644000067, 7.761379971000054 ], [ 79.824158781000051, 7.76133264200007 ], [ 79.824134530000038, 7.761283257000059 ], [ 79.824113369000031, 7.761232797000048 ], [ 79.824097637000079, 7.761188291000053 ], [ 79.824084838000033, 7.761144337000076 ], [ 79.824075143000073, 7.761101525000072 ], [ 79.824068666000073, 7.761060355000041 ], [ 79.824065480000058, 7.761021356000072 ], [ 79.824065596000082, 7.760984796000059 ], [ 79.824069014000031, 7.76095097700005 ], [ 79.824075708000066, 7.760920131000034 ], [ 79.824085035000053, 7.760893825000039 ], [ 79.824097223000081, 7.760870477000026 ], [ 79.824112798000044, 7.760849531000076 ], [ 79.824120334000042, 7.760841741000036 ], [ 79.824129059000029, 7.76083449600003 ], [ 79.824147376000042, 7.760822615000052 ], [ 79.824171092000086, 7.760810562000074 ], [ 79.824262870000041, 7.760773104000066 ], [ 79.824295378000045, 7.760757816000023 ], [ 79.824310266000055, 7.760749086000033 ], [ 79.824322369000072, 7.760740315000021 ], [ 79.824331911000058, 7.760731341000053 ], [ 79.824338987000033, 7.760722070000043 ], [ 79.824345645000051, 7.760707341000057 ], [ 79.824349347000066, 7.760690064000073 ], [ 79.824350019000065, 7.760670559000062 ], [ 79.824347669000076, 7.76064890300006 ], [ 79.824342299000079, 7.760625194000056 ], [ 79.824333962000082, 7.760599711000054 ], [ 79.824322748000043, 7.760572737000075 ], [ 79.824308829000074, 7.760544682000045 ], [ 79.824293192000084, 7.760517267000068 ], [ 79.824275618000058, 7.760489872000051 ], [ 79.824256510000055, 7.760463128000026 ], [ 79.824236387000042, 7.760437763000027 ], [ 79.824215343000049, 7.760413994000032 ], [ 79.824194500000033, 7.760393177000026 ], [ 79.824176105000049, 7.760377279000068 ], [ 79.824159225000074, 7.760365897000042 ], [ 79.824144576000037, 7.760358146000044 ], [ 79.824128361000078, 7.760351210000067 ], [ 79.824110413000085, 7.760345015000041 ], [ 79.82409038600008, 7.760339440000052 ], [ 79.82405089000008, 7.760331099000041 ], [ 79.823945681000055, 7.760313215000053 ], [ 79.823916208000071, 7.760306393000064 ], [ 79.823890702000085, 7.760298706000071 ], [ 79.823866567000039, 7.760289142000033 ], [ 79.823845154000082, 7.76027795400006 ], [ 79.823816482000041, 7.760259630000064 ], [ 79.82378701500005, 7.76023783100004 ], [ 79.823758854000062, 7.760214490000067 ], [ 79.823727991000055, 7.760186631000067 ], [ 79.823610874000053, 7.760073361000025 ], [ 79.823592986000051, 7.760053691000053 ], [ 79.823469666000051, 7.759952801000054 ], [ 79.823343019000049, 7.759858045000044 ], [ 79.823213042000077, 7.759769423000023 ], [ 79.82307863300008, 7.759686285000043 ], [ 79.822997073000067, 7.759639793000076 ], [ 79.822895662000064, 7.759585446000074 ], [ 79.822797315000059, 7.759534349000035 ], [ 79.822716073000038, 7.75949446900006 ], [ 79.822649649000084, 7.759463928000059 ], [ 79.822604144000081, 7.759445473000028 ], [ 79.822557763000077, 7.759429908000072 ], [ 79.822512606000032, 7.759418524000068 ], [ 79.82247088500003, 7.759411262000071 ], [ 79.822428101000071, 7.759406417000037 ], [ 79.822382032000064, 7.759403676000034 ], [ 79.822334992000037, 7.759403108000072 ], [ 79.822281051000061, 7.759404740000036 ], [ 79.822225226000057, 7.759408502000042 ], [ 79.822106744000052, 7.759421737000025 ], [ 79.822034387000031, 7.759437612000056 ], [ 79.821961142000077, 7.759460900000022 ], [ 79.821870612000055, 7.759496569000021 ], [ 79.821789906000049, 7.759531978000041 ], [ 79.821744574000036, 7.759551867000027 ], [ 79.821663519000083, 7.759585188000074 ], [ 79.821591793000039, 7.759610450000025 ], [ 79.821520797000062, 7.75962940900007 ], [ 79.821455531000083, 7.759641610000074 ], [ 79.821390249000046, 7.759651647000055 ], [ 79.821322519000034, 7.759659992000024 ], [ 79.821254363000037, 7.75966635900005 ], [ 79.821184631000051, 7.759670860000028 ], [ 79.821114694000073, 7.759673403000022 ], [ 79.821043853000049, 7.759674026000027 ], [ 79.820972995000034, 7.759672731000023 ], [ 79.820844821000037, 7.759665617000053 ], [ 79.820717116000083, 7.759652460000041 ], [ 79.820590808000077, 7.759633436000058 ], [ 79.820534932000044, 7.759622758000035 ], [ 79.820480548000035, 7.759610290000069 ], [ 79.820335622000073, 7.759569548000059 ], [ 79.820149670000035, 7.759509928000057 ], [ 79.819990223000048, 7.759461532000046 ], [ 79.81972770200008, 7.759372626000072 ], [ 79.819585123000081, 7.75932728600003 ], [ 79.81951491500007, 7.759307547000049 ], [ 79.819445499000039, 7.759290530000044 ], [ 79.819382322000081, 7.75927762300006 ], [ 79.819316428000036, 7.759267110000053 ], [ 79.81921585300006, 7.759255548000056 ], [ 79.819114846000048, 7.759247869000035 ], [ 79.819009095000069, 7.759243659000049 ], [ 79.818902321000053, 7.759242974000074 ], [ 79.818834413000047, 7.759244853000041 ], [ 79.818764842000064, 7.75925079600006 ], [ 79.818575361000057, 7.759277649000069 ], [ 79.818462363000037, 7.759288902000037 ], [ 79.818391084000041, 7.759290733000057 ], [ 79.818317696000065, 7.759290140000076 ], [ 79.818242432000034, 7.759287341000061 ], [ 79.818194895000033, 7.759282497000072 ], [ 79.818157606000057, 7.75927527500005 ], [ 79.818122716000062, 7.759264375000043 ], [ 79.818092308000075, 7.759249615000044 ], [ 79.818063896000069, 7.759230514000024 ], [ 79.818036286000051, 7.759207126000035 ], [ 79.818005945000039, 7.759176737000075 ], [ 79.817925811000066, 7.759083685000064 ], [ 79.817873496000061, 7.75902990000003 ], [ 79.817848451000032, 7.759008857000026 ], [ 79.817820795000046, 7.758989240000062 ], [ 79.81774566200005, 7.758943018000025 ], [ 79.817657925000049, 7.758897486000023 ], [ 79.817460326000059, 7.758806302000039 ], [ 79.817169321000051, 7.758679801000028 ], [ 79.817037004000042, 7.758628246000058 ], [ 79.816968160000044, 7.758605112000055 ], [ 79.816900113000031, 7.758585383000025 ], [ 79.816830967000044, 7.758568955000044 ], [ 79.81675918500008, 7.758555103000049 ], [ 79.816618721000054, 7.758534334000046 ], [ 79.816415164000034, 7.758510796000053 ], [ 79.816282585000067, 7.758492704000048 ], [ 79.816129920000037, 7.75846664900007 ], [ 79.815867308000065, 7.758417512000051 ], [ 79.815765785000053, 7.758400987000073 ], [ 79.815678063000064, 7.758389071000067 ], [ 79.815570650000041, 7.758378694000044 ], [ 79.815465033000066, 7.758374288000027 ], [ 79.815350459000058, 7.758376677000058 ], [ 79.815235693000034, 7.758383947000027 ], [ 79.815112818000046, 7.75839680100006 ], [ 79.814990758000079, 7.758414986000048 ], [ 79.814875795000034, 7.758437364000031 ], [ 79.814765781000062, 7.758465005000062 ], [ 79.814707246000069, 7.758483108000064 ], [ 79.814647626000067, 7.758503750000045 ], [ 79.814521926000054, 7.758553319000043 ], [ 79.814386364000029, 7.758613020000041 ], [ 79.81417719500007, 7.758709300000021 ], [ 79.814036240000064, 7.758770667000022 ], [ 79.813970363000067, 7.758802161000062 ], [ 79.813900758000045, 7.758838205000075 ], [ 79.81372930200007, 7.758932851000054 ], [ 79.813636885000051, 7.758982160000073 ], [ 79.813565075000042, 7.759017580000034 ], [ 79.813495110000076, 7.759048285000063 ], [ 79.813451687000054, 7.759064995000074 ], [ 79.813408452000033, 7.759079564000047 ], [ 79.813367006000078, 7.759091390000037 ], [ 79.813325534000057, 7.759100948000025 ], [ 79.813286094000034, 7.759107780000022 ], [ 79.813246458000037, 7.759112309000045 ], [ 79.813204471000063, 7.759114796000063 ], [ 79.813162243000079, 7.759115201000043 ], [ 79.813105334000056, 7.759112805000029 ], [ 79.813048717000072, 7.759107509000046 ], [ 79.812986815000045, 7.759098928000071 ], [ 79.812923664000039, 7.759087696000051 ], [ 79.812861431000044, 7.759074640000051 ], [ 79.812697331000038, 7.759036689000027 ], [ 79.812480809000078, 7.758983148000027 ], [ 79.812349539000081, 7.758947827000043 ], [ 79.812213539000084, 7.75890892700005 ], [ 79.811953874000039, 7.758829314000025 ], [ 79.811660472000085, 7.75874351300007 ], [ 79.811303420000058, 7.758632641000077 ], [ 79.811074229000042, 7.758564396000054 ], [ 79.810957057000053, 7.758532002000038 ], [ 79.810842828000034, 7.758502864000036 ], [ 79.810736809000048, 7.758478436000075 ], [ 79.81063178200003, 7.758457136000061 ], [ 79.810488002000056, 7.758433222000065 ], [ 79.810335843000075, 7.758413009000037 ], [ 79.81017416800006, 7.758395433000032 ], [ 79.810013859000037, 7.758382463000032 ], [ 79.809889491000035, 7.758375735000072 ], [ 79.809765563000042, 7.758372153000039 ], [ 79.80963753900005, 7.758371901000032 ], [ 79.809457679000047, 7.758375594000029 ], [ 79.80938038100004, 7.758374249000042 ], [ 79.809339198000032, 7.758372030000032 ], [ 79.80926022500006, 7.758362049000027 ], [ 79.809157316000039, 7.758343868000054 ], [ 79.809071548000077, 7.758331173000045 ], [ 79.808990480000034, 7.758321591000026 ], [ 79.808887004000042, 7.75831353600006 ], [ 79.808819424000035, 7.758302418000028 ], [ 79.808781409000062, 7.758292558000051 ], [ 79.808746492000068, 7.758279819000052 ], [ 79.808696946000055, 7.758255253000073 ], [ 79.80865859000005, 7.758232219000035 ], [ 79.808622440000079, 7.758206038000026 ], [ 79.808587524000075, 7.758176161000051 ], [ 79.808553696000047, 7.758142461000034 ], [ 79.808520750000071, 7.758104734000028 ], [ 79.808493392000059, 7.758069478000039 ], [ 79.808466266000039, 7.758030855000072 ], [ 79.808439105000048, 7.75798848900007 ], [ 79.808411418000048, 7.757941617000029 ], [ 79.808361294000065, 7.757848553000031 ], [ 79.808237787000053, 7.757604352000044 ], [ 79.80819996300005, 7.757536395000045 ], [ 79.808164009000052, 7.757477992000076 ], [ 79.808120624000082, 7.757416312000032 ], [ 79.808076529000061, 7.757363386000065 ], [ 79.808030882000082, 7.757318210000051 ], [ 79.807983204000038, 7.757280319000074 ], [ 79.807939912000052, 7.757253115000026 ], [ 79.807881042000076, 7.75722348100004 ], [ 79.807809527000074, 7.757191684000077 ], [ 79.807736840000075, 7.757163512000034 ], [ 79.807668769000031, 7.757140827000057 ], [ 79.807601448000071, 7.757121967000046 ], [ 79.807535552000047, 7.757107118000022 ], [ 79.807471596000084, 7.757096396000065 ], [ 79.807438068000067, 7.757092704000058 ], [ 79.807403953000062, 7.757091390000028 ], [ 79.807367611000075, 7.757092380000074 ], [ 79.807328663000078, 7.757095708000065 ], [ 79.807252033000054, 7.757107251000036 ], [ 79.807105296000032, 7.757136796000054 ], [ 79.807045548000076, 7.757147291000024 ], [ 79.806983868000032, 7.757154692000029 ], [ 79.806928792000065, 7.757156870000074 ], [ 79.806891849000067, 7.757155272000034 ], [ 79.806848018000039, 7.757150292000063 ], [ 79.806785963000038, 7.757141635000039 ], [ 79.806733999000073, 7.757132389000049 ], [ 79.806694678000042, 7.757123518000071 ], [ 79.806659239000055, 7.757113580000066 ], [ 79.806627122000066, 7.75710239700004 ], [ 79.806598915000052, 7.757090180000034 ], [ 79.806580161000056, 7.757079569000041 ], [ 79.806562416000077, 7.757066905000045 ], [ 79.806545646000075, 7.757052162000036 ], [ 79.806529812000065, 7.757035307000024 ], [ 79.806514887000048, 7.757016317000023 ], [ 79.806500798000059, 7.756995103000065 ], [ 79.806474867000077, 7.75694560200003 ], [ 79.806454715000029, 7.756895155000052 ], [ 79.806435520000036, 7.75683502000004 ], [ 79.806418780000058, 7.756772629000068 ], [ 79.806378616000075, 7.756609378000064 ], [ 79.806353137000031, 7.756524297000055 ], [ 79.806337140000039, 7.756482248000054 ], [ 79.806320139000036, 7.756445842000062 ], [ 79.806301802000064, 7.756414378000045 ], [ 79.806281936000062, 7.75638753000004 ], [ 79.806257707000043, 7.756362698000032 ], [ 79.806231174000061, 7.756343167000068 ], [ 79.80618374200003, 7.75631760400006 ], [ 79.806128458000046, 7.756293915000072 ], [ 79.806070021000039, 7.756273748000069 ], [ 79.806007677000082, 7.756256517000054 ], [ 79.805943252000077, 7.756242727000028 ], [ 79.805878492000033, 7.756232751000027 ], [ 79.805814879000081, 7.756226831000049 ], [ 79.805753904000085, 7.756225116000053 ], [ 79.80569670400007, 7.756227638000041 ], [ 79.80564409200008, 7.756234360000064 ], [ 79.805596865000041, 7.756245155000045 ], [ 79.805555292000065, 7.756259936000049 ], [ 79.805519626000034, 7.756278634000068 ], [ 79.805490547000034, 7.75630088500003 ], [ 79.80547578900007, 7.756317956000032 ], [ 79.805462763000037, 7.756339065000077 ], [ 79.805451321000078, 7.756364441000073 ], [ 79.805441226000084, 7.756394602000057 ], [ 79.805426906000037, 7.756456076000063 ], [ 79.805398423000042, 7.756617887000061 ], [ 79.805388106000066, 7.756659451000075 ], [ 79.805376497000054, 7.756694243000027 ], [ 79.805361708000078, 7.756726270000058 ], [ 79.805344498000068, 7.756752402000075 ], [ 79.805325556000071, 7.756772223000041 ], [ 79.805300136000085, 7.756790503000047 ], [ 79.805269572000043, 7.756807658000071 ], [ 79.805235114000084, 7.756822908000061 ], [ 79.805197078000049, 7.756836113000077 ], [ 79.805155931000058, 7.756847109000034 ], [ 79.805096656000046, 7.756858153000053 ], [ 79.805034784000043, 7.756864547000021 ], [ 79.804971722000062, 7.75686601600006 ], [ 79.804914176000068, 7.756862382000065 ], [ 79.804889368000033, 7.756864076000056 ], [ 79.804869695000036, 7.756869029000029 ], [ 79.804852210000035, 7.756876827000042 ], [ 79.804836745000046, 7.756887281000047 ], [ 79.804823026000065, 7.756900916000063 ], [ 79.804810243000077, 7.756917661000045 ], [ 79.804799228000036, 7.756936457000052 ], [ 79.804788046000056, 7.756960376000052 ], [ 79.804779674000031, 7.756984273000057 ], [ 79.804771423000034, 7.757028078000076 ], [ 79.804767469000069, 7.757093442000041 ], [ 79.804768630000069, 7.757129196000051 ], [ 79.804776049000054, 7.757184540000026 ], [ 79.804792365000083, 7.757265596000025 ], [ 79.804810453000073, 7.757341091000058 ], [ 79.804818242000067, 7.757390782000073 ], [ 79.804819897000073, 7.757431676000067 ], [ 79.804819235000082, 7.757468662000065 ], [ 79.804815878000056, 7.757500377000042 ], [ 79.804809480000074, 7.75753037100003 ], [ 79.804797171000075, 7.757561978000069 ], [ 79.804776998000079, 7.757593855000039 ], [ 79.804749598000058, 7.757625439000037 ], [ 79.804717864000054, 7.757653294000022 ], [ 79.804683090000083, 7.757676113000059 ], [ 79.804646060000039, 7.757692969000061 ], [ 79.804614937000053, 7.757700358000022 ], [ 79.804589167000074, 7.757699668000043 ], [ 79.804570794000085, 7.757693520000032 ], [ 79.804553499000065, 7.757682187000057 ], [ 79.804533062000075, 7.757662215000039 ], [ 79.804511154000068, 7.757633866000049 ], [ 79.804479764000064, 7.75758170000006 ], [ 79.804444668000031, 7.757515370000021 ], [ 79.80442210800004, 7.757469044000061 ], [ 79.804401318000032, 7.757419692000042 ], [ 79.804388075000077, 7.757382499000073 ], [ 79.80437672000005, 7.757344972000055 ], [ 79.804359479000084, 7.757268207000038 ], [ 79.804344588000049, 7.757168898000032 ], [ 79.804326447000051, 7.757012985000074 ], [ 79.804316158000063, 7.756950676000031 ], [ 79.804309421000085, 7.756921268000042 ], [ 79.804280088000041, 7.756830724000054 ], [ 79.804245305000052, 7.756743312000026 ], [ 79.804229182000086, 7.756709791000048 ], [ 79.804214801000057, 7.756683771000041 ], [ 79.80419996300003, 7.756660908000072 ], [ 79.804182719000039, 7.756638889000044 ], [ 79.804165039000054, 7.756620574000067 ], [ 79.804146376000062, 7.756604781000021 ], [ 79.804124773000069, 7.756589229000042 ], [ 79.804088561000071, 7.75656626600005 ], [ 79.80404128400005, 7.756540444000052 ], [ 79.804017516000044, 7.756531101000064 ], [ 79.804001234000054, 7.756527049000056 ], [ 79.803960438000047, 7.75652107600007 ], [ 79.803918012000054, 7.756517750000057 ], [ 79.803771415000085, 7.756517068000051 ], [ 79.803676323000047, 7.756513435000045 ], [ 79.80364043000003, 7.756514593000077 ], [ 79.803614233000076, 7.756517162000023 ], [ 79.803590129000042, 7.756521471000042 ], [ 79.803568061000078, 7.756527727000048 ], [ 79.803527229000053, 7.756546628000024 ], [ 79.803446487000031, 7.756593363000036 ], [ 79.803303988000039, 7.756683618000068 ], [ 79.803230682000049, 7.756727676000025 ], [ 79.803189853000049, 7.756755363000025 ], [ 79.803149809000047, 7.756790392000028 ], [ 79.803118055000084, 7.75682617800004 ], [ 79.803089662000048, 7.756867157000045 ], [ 79.803072669000073, 7.756896404000031 ], [ 79.803062087000058, 7.756917895000072 ], [ 79.803053336000062, 7.756940918000055 ], [ 79.803046669000082, 7.756967272000054 ], [ 79.803042455000082, 7.756995753000069 ], [ 79.803040272000032, 7.757030248000035 ], [ 79.80304129600006, 7.757125948000066 ], [ 79.803048286000035, 7.757233464000024 ], [ 79.803058386000032, 7.75731864200003 ], [ 79.803072670000063, 7.75739495800002 ], [ 79.803097985000079, 7.757492385000035 ], [ 79.803105506000065, 7.75751324600003 ], [ 79.803116811000052, 7.757537454000044 ], [ 79.803147008000053, 7.757586809000031 ], [ 79.80317455900007, 7.757627845000059 ], [ 79.803276335000078, 7.757765222000046 ], [ 79.803311589000032, 7.757815392000055 ], [ 79.803350574000035, 7.757877199000063 ], [ 79.803392192000047, 7.757952312000043 ], [ 79.803416657000071, 7.757992456000068 ], [ 79.803445931000056, 7.758035396000025 ], [ 79.803460459000064, 7.75805097500006 ], [ 79.803479664000065, 7.758063458000038 ], [ 79.803514736000068, 7.758080853000024 ], [ 79.803573783000047, 7.758115210000028 ], [ 79.803637140000035, 7.758149077000041 ], [ 79.803690364000033, 7.758174885000074 ], [ 79.803837170000065, 7.758242185000029 ], [ 79.803969476000077, 7.758310191000021 ], [ 79.804040809000071, 7.758350478000068 ], [ 79.80421851300008, 7.758456843000033 ], [ 79.804367839000065, 7.758542835000071 ], [ 79.804405746000043, 7.758568913000033 ], [ 79.804443999000057, 7.758603158000028 ], [ 79.804480209000076, 7.758644746000073 ], [ 79.804516033000084, 7.758692637000024 ], [ 79.80455806100008, 7.758756105000032 ], [ 79.804608557000051, 7.758837910000068 ], [ 79.804648990000032, 7.758908009000038 ], [ 79.804672427000071, 7.758954878000054 ], [ 79.804689007000036, 7.758996416000059 ], [ 79.804699823000078, 7.759033760000023 ], [ 79.804709747000061, 7.759084548000033 ], [ 79.804715184000031, 7.759134466000035 ], [ 79.804717880000055, 7.759204289000024 ], [ 79.804718169000068, 7.759322436000048 ], [ 79.804715067000075, 7.75938252100002 ], [ 79.804710716000045, 7.759417777000067 ], [ 79.804697472000043, 7.759467654000048 ], [ 79.804680113000074, 7.759507968000037 ], [ 79.804655607000029, 7.759548133000067 ], [ 79.804624641000032, 7.759585779000076 ], [ 79.804611134000083, 7.759604999000032 ], [ 79.80459812600003, 7.759628951000025 ], [ 79.804588299000045, 7.759654284000021 ], [ 79.804580341000076, 7.75968875500007 ], [ 79.80457752500007, 7.759725685000035 ], [ 79.804579838000052, 7.759765236000021 ], [ 79.804587292000065, 7.759807669000054 ], [ 79.804595984000059, 7.759840564000058 ], [ 79.804607492000059, 7.759875403000024 ], [ 79.804621908000058, 7.759912477000057 ], [ 79.804639450000082, 7.759952343000066 ], [ 79.804679013000055, 7.760031837000042 ], [ 79.804769124000074, 7.760197291000054 ], [ 79.804804469000032, 7.760266071000046 ], [ 79.804826390000073, 7.76031389000002 ], [ 79.804892988000063, 7.760473364000063 ], [ 79.804920295000045, 7.760532166000075 ], [ 79.804949097000076, 7.760589474000028 ], [ 79.804986629000041, 7.760649965000027 ], [ 79.805034190000072, 7.76071870800007 ], [ 79.805074514000069, 7.760771950000048 ], [ 79.805102843000043, 7.760804112000073 ], [ 79.805131591000077, 7.76083254100007 ], [ 79.805173508000053, 7.760869779000075 ], [ 79.805271877000052, 7.76095151800007 ], [ 79.805383905000042, 7.76105719100002 ], [ 79.805457998000065, 7.761120780000056 ], [ 79.80549859100006, 7.76114840200006 ], [ 79.805542255000034, 7.761172860000045 ], [ 79.805609834000052, 7.761206767000033 ], [ 79.805794325000079, 7.761294068000041 ], [ 79.805891063000047, 7.761341668000057 ], [ 79.805997669000078, 7.761396367000032 ], [ 79.80609309700003, 7.761448438000059 ], [ 79.806151526000065, 7.761488277000069 ], [ 79.80621702500008, 7.761539344000028 ], [ 79.806279749000055, 7.76159750000005 ], [ 79.806322349000084, 7.761643438000021 ], [ 79.806345764000071, 7.761674271000061 ], [ 79.806373006000058, 7.761715596000045 ], [ 79.80640076800006, 7.761761813000021 ], [ 79.806434947000071, 7.761823106000065 ], [ 79.806522517000076, 7.761991082000065 ], [ 79.806640891000029, 7.762210712000069 ], [ 79.806685426000058, 7.762299823000035 ], [ 79.806724322000036, 7.762385237000046 ], [ 79.806749628000034, 7.762447225000074 ], [ 79.80677447000005, 7.762514853000027 ], [ 79.806806956000059, 7.762612311000055 ], [ 79.806834197000057, 7.762700857000027 ], [ 79.806859126000063, 7.762790391000067 ], [ 79.806876842000065, 7.762861831000066 ], [ 79.806888044000061, 7.762915665000037 ], [ 79.806897812000045, 7.762976347000063 ], [ 79.806904693000035, 7.763033150000069 ], [ 79.806909498000039, 7.763089782000065 ], [ 79.806912357000044, 7.763147248000053 ], [ 79.806913389000044, 7.763207169000054 ], [ 79.806906102000085, 7.763524718000042 ], [ 79.806900173000031, 7.763684385000033 ], [ 79.806896054000049, 7.763736863000076 ], [ 79.80687305500004, 7.763884483000027 ], [ 79.806847644000072, 7.764014895000059 ], [ 79.806813654000052, 7.764155741000025 ], [ 79.806770715000084, 7.764315986000042 ], [ 79.806742464000081, 7.764457306000054 ], [ 79.806712766000032, 7.764579187000038 ], [ 79.806689242000061, 7.764661254000032 ], [ 79.806659454000055, 7.764750379000077 ], [ 79.806608354000048, 7.76488413900006 ], [ 79.806566387000032, 7.764986977000035 ], [ 79.806520635000084, 7.765089882000041 ], [ 79.806471232000035, 7.765194005000069 ], [ 79.806415747000074, 7.765304552000032 ], [ 79.806349619000059, 7.765430432000073 ], [ 79.806310673000041, 7.765510859000074 ], [ 79.806251105000058, 7.765651559000048 ], [ 79.806155002000082, 7.765890902000024 ], [ 79.806118314000059, 7.765976740000042 ], [ 79.80608475400004, 7.766048653000041 ], [ 79.806046542000047, 7.766120004000072 ], [ 79.806003651000083, 7.766189036000071 ], [ 79.805956990000084, 7.766254385000025 ], [ 79.805906189000041, 7.76631646900006 ], [ 79.805851852000046, 7.766374551000069 ], [ 79.805793666000056, 7.766429025000036 ], [ 79.805731567000066, 7.766479936000053 ], [ 79.805666021000036, 7.76652694400002 ], [ 79.805595708000055, 7.766570927000032 ], [ 79.80552236300008, 7.766610774000071 ], [ 79.80544466300006, 7.766647247000037 ], [ 79.805364497000085, 7.766679538000062 ], [ 79.805278531000056, 7.766708938000022 ], [ 79.805190587000084, 7.76673412100007 ], [ 79.805097575000048, 7.766756025000063 ], [ 79.805003799000076, 7.766773753000052 ], [ 79.804549082000051, 7.766845555000032 ], [ 79.80449073300008, 7.76685476800003 ], [ 79.804460748000054, 7.766897653000058 ], [ 79.804429811000034, 7.766937809000069 ], [ 79.804397921000032, 7.766975241000068 ], [ 79.804365079000036, 7.767009949000055 ], [ 79.804331283000067, 7.767041930000062 ], [ 79.804296534000059, 7.76707118500002 ], [ 79.804260832000068, 7.767097713000055 ], [ 79.804224179000073, 7.767121518000067 ], [ 79.804186711000057, 7.767142524000064 ], [ 79.80414829700004, 7.76716082300004 ], [ 79.804108935000045, 7.767176419000066 ], [ 79.804068635000078, 7.767189305000045 ], [ 79.80402828900003, 7.767199177000066 ], [ 79.803985637000039, 7.767206678000036 ], [ 79.803941333000068, 7.76721169800004 ], [ 79.803896096000074, 7.767214152000065 ], [ 79.803840887000035, 7.767213625000068 ], [ 79.80378668000003, 7.767209260000072 ], [ 79.803734687000031, 7.767201157000045 ], [ 79.803685914000084, 7.767189471000052 ], [ 79.803636046000065, 7.767172858000038 ], [ 79.803585885000075, 7.767151661000071 ], [ 79.803536937000047, 7.76712651400004 ], [ 79.803490501000056, 7.767098089000058 ], [ 79.803451088000031, 7.767069724000066 ], [ 79.803415475000065, 7.767039702000034 ], [ 79.803384506000043, 7.76700876600006 ], [ 79.803374944000041, 7.766997057000026 ], [ 79.803365898000038, 7.766983992000064 ], [ 79.803351078000048, 7.766957507000029 ], [ 79.803337053000064, 7.76692547600004 ], [ 79.803325157000074, 7.76689274000006 ], [ 79.803298167000037, 7.766811242000074 ], [ 79.803282207000052, 7.766771025000025 ], [ 79.803272691000075, 7.766751733000035 ], [ 79.803262725000081, 7.766734917000065 ], [ 79.803252120000082, 7.766720271000054 ], [ 79.80324076900007, 7.766707647000032 ], [ 79.803223295000066, 7.766692882000029 ], [ 79.803201680000029, 7.766678746000025 ], [ 79.803177761000029, 7.766666469000029 ], [ 79.803151128000081, 7.766655760000049 ], [ 79.803121915000077, 7.766646647000073 ], [ 79.803089829000044, 7.766639013000031 ], [ 79.803054699000029, 7.766632817000072 ], [ 79.803016157000059, 7.766627992000053 ], [ 79.802978499000062, 7.766624790000037 ], [ 79.80293654500008, 7.766622520000055 ], [ 79.802825303000077, 7.766620127000067 ], [ 79.802771071000052, 7.766623116000062 ], [ 79.80271261200005, 7.766631079000035 ], [ 79.802672677000032, 7.766638775000047 ], [ 79.802628926000068, 7.76664880800007 ], [ 79.802416099000084, 7.766706031000069 ], [ 79.802257809000082, 7.766742519000047 ], [ 79.801988157000039, 7.766808554000022 ], [ 79.80188172000004, 7.766832546000046 ], [ 79.80176614100003, 7.766855210000074 ], [ 79.801726855000084, 7.766864057000021 ], [ 79.801666011000066, 7.76688020000006 ], [ 79.801510199000063, 7.76692508800005 ], [ 79.801467102000061, 7.766936181000062 ], [ 79.801428970000075, 7.766944735000038 ], [ 79.801394076000065, 7.766951124000059 ], [ 79.801362033000032, 7.766955403000054 ], [ 79.801332412000079, 7.766957627000068 ], [ 79.801304979000065, 7.766957812000044 ], [ 79.801279489000081, 7.766955954000025 ], [ 79.801255905000062, 7.766952038000056 ], [ 79.801234137000051, 7.766946049000069 ], [ 79.801214123000079, 7.766937970000072 ], [ 79.801198441000054, 7.766929438000034 ], [ 79.801183285000036, 7.766918944000054 ], [ 79.801168468000071, 7.766906376000065 ], [ 79.801154030000077, 7.766891753000039 ], [ 79.801139959000068, 7.766875066000068 ], [ 79.801126195000052, 7.766856251000036 ], [ 79.801112691000071, 7.766835245000038 ], [ 79.801099380000039, 7.766811940000025 ], [ 79.801076223000052, 7.766765028000066 ], [ 79.801052502000061, 7.766708742000048 ], [ 79.801033665000034, 7.766658998000025 ], [ 79.800973395000085, 7.766492607000032 ], [ 79.800962351000067, 7.766457728000034 ], [ 79.800952391000067, 7.766420758000038 ], [ 79.800943416000052, 7.766381332000037 ], [ 79.800935259000084, 7.766338730000029 ], [ 79.800922728000046, 7.766256448000036 ], [ 79.800895738000065, 7.766043289000038 ], [ 79.800885618000052, 7.76598225500004 ], [ 79.800874329000067, 7.765928159000055 ], [ 79.800859653000032, 7.765872822000063 ], [ 79.800842164000073, 7.765820788000042 ], [ 79.800814588000037, 7.765750281000066 ], [ 79.800782966000043, 7.765678452000031 ], [ 79.80074460700007, 7.765600003000031 ], [ 79.800701245000084, 7.765519211000026 ], [ 79.800652533000061, 7.765435424000032 ], [ 79.800597737000032, 7.765347378000058 ], [ 79.800522397000066, 7.765233571000067 ], [ 79.800412098000038, 7.765074643000048 ], [ 79.800307939000049, 7.764917848000039 ], [ 79.800266429000033, 7.764860431000045 ], [ 79.80022770000005, 7.764812469000049 ], [ 79.800201345000062, 7.764783331000046 ], [ 79.800174999000035, 7.764757122000049 ], [ 79.800148421000074, 7.764733598000021 ], [ 79.800121454000077, 7.764712621000058 ], [ 79.800080989000037, 7.764685449000069 ], [ 79.800038442000073, 7.76465937200004 ], [ 79.799999584000034, 7.764637974000038 ], [ 79.799962459000085, 7.764620052000055 ], [ 79.799930978000077, 7.76460703500004 ], [ 79.799900497000067, 7.764596554000036 ], [ 79.799871268000061, 7.764588656000058 ], [ 79.799841592000064, 7.764582895000046 ], [ 79.799801204000062, 7.764577240000051 ], [ 79.799763480000081, 7.764574172000039 ], [ 79.799728987000037, 7.764573735000056 ], [ 79.799697976000061, 7.764575931000024 ], [ 79.799680058000035, 7.764578709000034 ], [ 79.799663668000051, 7.764582552000036 ], [ 79.799651439000058, 7.764586609000048 ], [ 79.79964052400004, 7.764592028000038 ], [ 79.799629515000049, 7.764599587000021 ], [ 79.799618965000036, 7.764609075000067 ], [ 79.799608831000057, 7.764620528000023 ], [ 79.79959905700008, 7.76463400800003 ], [ 79.799582934000057, 7.764662126000076 ], [ 79.799567048000085, 7.76469759400004 ], [ 79.799553176000074, 7.764734480000072 ], [ 79.799522857000056, 7.764822210000034 ], [ 79.799507063000078, 7.764861648000021 ], [ 79.79949844500004, 7.764879468000061 ], [ 79.79948980100005, 7.76489454600005 ], [ 79.799480975000051, 7.764907153000024 ], [ 79.799471875000052, 7.76491741500007 ], [ 79.799461029000042, 7.764926394000042 ], [ 79.799449639000045, 7.764932489000046 ], [ 79.799437305000083, 7.764935846000071 ], [ 79.799422692000064, 7.764937064000037 ], [ 79.799406683000029, 7.764935904000026 ], [ 79.799389442000063, 7.76493232200005 ], [ 79.799370882000062, 7.764926304000028 ], [ 79.79935086100005, 7.764917801000024 ], [ 79.799320414000078, 7.764901803000043 ], [ 79.799285677000057, 7.764880302000051 ], [ 79.799249453000073, 7.764855531000023 ], [ 79.799153533000037, 7.764787041000034 ], [ 79.799125871000058, 7.764768752000066 ], [ 79.799101528000051, 7.764754132000064 ], [ 79.799072789000036, 7.764738622000039 ], [ 79.799038636000034, 7.764721727000051 ], [ 79.798879714000066, 7.764648172000022 ], [ 79.798842549000085, 7.764629025000033 ], [ 79.798810962000061, 7.764610922000031 ], [ 79.798781695000059, 7.764591712000026 ], [ 79.798757146000071, 7.764572617000056 ], [ 79.798736976000043, 7.764553372000023 ], [ 79.798721029000035, 7.764533825000058 ], [ 79.798713403000079, 7.764521830000035 ], [ 79.798707266000065, 7.764509658000065 ], [ 79.798702608000042, 7.764497292000044 ], [ 79.798699419000059, 7.764484714000048 ], [ 79.798698141000045, 7.764474141000051 ], [ 79.798698175000084, 7.764462422000065 ], [ 79.798702189000039, 7.764435461000062 ], [ 79.798712463000072, 7.764400809000051 ], [ 79.798729187000049, 7.764359462000073 ], [ 79.798749699000041, 7.76431623700006 ], [ 79.798796707000065, 7.764223787000049 ], [ 79.79881277800007, 7.764187228000026 ], [ 79.798817819000078, 7.764170518000071 ], [ 79.798818843000049, 7.764158541000029 ], [ 79.798817854000049, 7.764154186000042 ], [ 79.798815713000067, 7.764150556000061 ], [ 79.79881266700005, 7.764147940000043 ], [ 79.798808733000044, 7.764146362000076 ], [ 79.798802423000041, 7.764145854000049 ], [ 79.798794650000048, 7.764147027000035 ], [ 79.798774648000062, 7.764154440000027 ], [ 79.798748534000083, 7.764168666000046 ], [ 79.79871582700008, 7.76418996600006 ], [ 79.798649872000055, 7.764238410000075 ], [ 79.798494543000061, 7.764360519000036 ], [ 79.798431832000063, 7.764407693000067 ], [ 79.798382439000079, 7.764441377000026 ], [ 79.798219734000043, 7.764547631000028 ], [ 79.798147547000042, 7.764596034000022 ], [ 79.798075005000044, 7.764647414000024 ], [ 79.798011310000049, 7.764696108000066 ], [ 79.797960683000042, 7.764737590000038 ], [ 79.797904910000057, 7.764785576000065 ], [ 79.79770026500006, 7.764969042000075 ], [ 79.797644906000073, 7.765024416000074 ], [ 79.797540735000041, 7.765137826000057 ], [ 79.797496933000048, 7.765183394000076 ], [ 79.797449551000057, 7.76522798600007 ], [ 79.797427015000039, 7.765247012000032 ], [ 79.797404866000079, 7.765264190000039 ], [ 79.797380929000042, 7.765280988000029 ], [ 79.79735706200006, 7.765295876000039 ], [ 79.797333131000073, 7.765308939000022 ], [ 79.797309039000083, 7.765320228000064 ], [ 79.797260061000031, 7.765340553000044 ], [ 79.797219477000056, 7.765355524000029 ], [ 79.797183114000063, 7.765366679000067 ], [ 79.797150584000065, 7.765374097000063 ], [ 79.797119879000036, 7.765377977000071 ], [ 79.797093765000056, 7.765377731000058 ], [ 79.79706785500008, 7.765373179000051 ], [ 79.797042340000075, 7.765364260000069 ], [ 79.797016767000059, 7.765350718000036 ], [ 79.796991387000048, 7.765332584000021 ], [ 79.796966051000084, 7.765309755000033 ], [ 79.796940523000046, 7.765282016000072 ], [ 79.796923655000057, 7.765261167000062 ], [ 79.796906426000078, 7.765237915000057 ], [ 79.79686997500005, 7.765182941000035 ], [ 79.796840626000062, 7.765134228000022 ], [ 79.796753279000029, 7.76498354000006 ], [ 79.796725468000034, 7.764939957000024 ], [ 79.796682110000063, 7.764878988000021 ], [ 79.796653140000046, 7.764834547000021 ], [ 79.796620168000061, 7.764779253000029 ], [ 79.796532263000074, 7.764624611000045 ], [ 79.796503770000072, 7.764578722000067 ], [ 79.796476631000075, 7.764538903000073 ], [ 79.796454425000036, 7.764509378000071 ], [ 79.796432023000079, 7.76448238100005 ], [ 79.796390214000041, 7.764437061000024 ], [ 79.796329522000065, 7.764368490000038 ], [ 79.796303302000069, 7.764340602000061 ], [ 79.796279025000047, 7.764317188000064 ], [ 79.796256760000063, 7.764298501000042 ], [ 79.796235872000068, 7.764284016000033 ], [ 79.79621611500005, 7.764273563000074 ], [ 79.796200128000066, 7.764267793000045 ], [ 79.796184751000055, 7.764264823000076 ], [ 79.79617005700004, 7.764264626000056 ], [ 79.796154835000038, 7.764267166000025 ], [ 79.796138538000037, 7.764272614000049 ], [ 79.796121371000083, 7.764280982000059 ], [ 79.796103181000035, 7.764292344000069 ], [ 79.796083663000047, 7.764306891000047 ], [ 79.796045346000085, 7.764340603000051 ], [ 79.795961424000041, 7.764422373000059 ], [ 79.795882335000044, 7.764491503000045 ], [ 79.795817104000037, 7.764552564000041 ], [ 79.795738450000044, 7.764632084000027 ], [ 79.795659617000069, 7.764718228000049 ], [ 79.795621782000069, 7.764761982000039 ], [ 79.795584658000053, 7.764806875000033 ], [ 79.795547640000052, 7.764853637000044 ], [ 79.79551082100005, 7.764902160000076 ], [ 79.795474126000045, 7.764952544000039 ], [ 79.795437567000079, 7.765004782000062 ], [ 79.795364870000071, 7.765114785000037 ], [ 79.795302439000068, 7.765217366000059 ], [ 79.795241209000039, 7.765326670000036 ], [ 79.795177662000071, 7.765449716000035 ], [ 79.79515000400005, 7.765506534000053 ], [ 79.795127371000035, 7.765556098000047 ], [ 79.795100857000079, 7.765618392000022 ], [ 79.795072960000084, 7.765688449000038 ], [ 79.794983338000065, 7.76592865300006 ], [ 79.794947810000053, 7.766020043000026 ], [ 79.794908525000039, 7.76611405500006 ], [ 79.794796212000051, 7.76637291000003 ], [ 79.794763945000057, 7.766452703000027 ], [ 79.794736717000035, 7.766525656000056 ], [ 79.794709976000036, 7.76660361200004 ], [ 79.79468203600004, 7.766691249000075 ], [ 79.794577445000073, 7.767041179000046 ], [ 79.794503685000052, 7.767261056000052 ], [ 79.794481142000052, 7.767330966000031 ], [ 79.794458788000043, 7.767407323000043 ], [ 79.794441486000039, 7.767476440000053 ], [ 79.794430495000086, 7.767530065000074 ], [ 79.794421233000037, 7.767587266000021 ], [ 79.794413820000045, 7.767646957000068 ], [ 79.79440829400005, 7.767708977000041 ], [ 79.794404649000057, 7.767773075000036 ], [ 79.79440280700004, 7.76784021900005 ], [ 79.794402747000049, 7.767910989000029 ], [ 79.794404470000075, 7.767986479000058 ], [ 79.794407775000082, 7.768063768000047 ], [ 79.794412857000054, 7.768150228000025 ], [ 79.79442756900005, 7.768346230000077 ], [ 79.794427778000056, 7.768349005000061 ], [ 79.79443077600007, 7.76838893200005 ], [ 79.794442151000055, 7.768487181000069 ], [ 79.794473466000056, 7.768713231000049 ], [ 79.794479924000029, 7.768769438000049 ], [ 79.794484594000039, 7.768820421000044 ], [ 79.794490633000066, 7.768910432000041 ], [ 79.794495034000079, 7.769002391000072 ], [ 79.794497794000051, 7.769096202000071 ], [ 79.794498916000066, 7.769192017000023 ], [ 79.794498154000053, 7.769306795000034 ], [ 79.794495157000085, 7.76942477700004 ], [ 79.794489874000078, 7.769547013000022 ], [ 79.794482447000064, 7.769670459000054 ], [ 79.794479035000052, 7.769702450000068 ], [ 79.794473555000081, 7.769738627000038 ], [ 79.794444775000045, 7.769892580000032 ], [ 79.794440117000079, 7.769926872000042 ], [ 79.794437497000047, 7.769957475000069 ], [ 79.794436872000063, 7.769988617000024 ], [ 79.794438669000044, 7.770017141000039 ], [ 79.794442920000051, 7.77004349300006 ], [ 79.794449652000083, 7.770067833000041 ], [ 79.794455596000034, 7.770083372000045 ], [ 79.794462802000055, 7.77009875300007 ], [ 79.794481069000085, 7.770129171000065 ], [ 79.794504627000038, 7.770159396000054 ], [ 79.794533895000029, 7.770189965000043 ], [ 79.794564170000058, 7.770217102000061 ], [ 79.794600450000075, 7.770246180000072 ], [ 79.794638964000058, 7.770274735000044 ], [ 79.794746137000061, 7.770351408000067 ], [ 79.794777399000054, 7.770375194000053 ], [ 79.794804373000034, 7.770397138000021 ], [ 79.794831997000074, 7.770421705000047 ], [ 79.794856, 7.770445637000023 ], [ 79.79487583000008, 7.770468127000072 ], [ 79.794903657000077, 7.77050272200006 ], [ 79.794952400000057, 7.770569482000042 ], [ 79.795002491000048, 7.770646012000043 ], [ 79.795051726000054, 7.770727830000055 ], [ 79.795154030000049, 7.770906738000065 ], [ 79.795199917000048, 7.770984252000062 ], [ 79.795244658000058, 7.771054905000028 ], [ 79.795309566000071, 7.771150265000074 ], [ 79.795396500000038, 7.771292110000047 ], [ 79.79542026200005, 7.771327254000028 ], [ 79.795442715000036, 7.771357051000052 ], [ 79.795464823000032, 7.771382776000053 ], [ 79.795486968000034, 7.771404860000075 ], [ 79.795513668000069, 7.771426721000068 ], [ 79.795540966000033, 7.77144400800006 ], [ 79.795568539000044, 7.771456267000076 ], [ 79.795599956000046, 7.771465480000074 ], [ 79.795632667000064, 7.771471418000033 ], [ 79.795670484000084, 7.771475210000062 ], [ 79.795710170000063, 7.771477011000059 ], [ 79.795820386000059, 7.771479289000069 ], [ 79.795853196000053, 7.771481428000072 ], [ 79.795881953000048, 7.771484749000024 ], [ 79.795911118000049, 7.771490106000044 ], [ 79.795937374000061, 7.771497288000035 ], [ 79.795969335000052, 7.771509308000077 ], [ 79.796002704000045, 7.771524100000022 ], [ 79.79604719200006, 7.771547223000027 ], [ 79.796091857000079, 7.771574312000041 ], [ 79.79613678000004, 7.771605418000036 ], [ 79.796182090000059, 7.771640629000046 ], [ 79.796227800000054, 7.771679939000023 ], [ 79.79627430000005, 7.771723663000046 ], [ 79.796321909000085, 7.771772098000042 ], [ 79.796371300000033, 7.771825928000055 ], [ 79.796427728000083, 7.771891284000048 ], [ 79.796491915000047, 7.771969427000045 ], [ 79.796517743000038, 7.772003040000072 ], [ 79.796543501000031, 7.772039763000066 ], [ 79.796570292000069, 7.772081284000024 ], [ 79.796598482000036, 7.772128294000026 ], [ 79.796705858000053, 7.772321430000034 ], [ 79.796754799000041, 7.772403346000033 ], [ 79.796852110000032, 7.772552386000029 ], [ 79.796915088000048, 7.772646338000072 ], [ 79.796973800000046, 7.772730060000072 ], [ 79.797028857000043, 7.77280406400007 ], [ 79.797094341000047, 7.77288552400006 ], [ 79.79711456800004, 7.772908642000061 ], [ 79.797136805000036, 7.772932160000039 ], [ 79.797164377000058, 7.772959300000025 ], [ 79.797195953000085, 7.772988465000026 ], [ 79.797324278000076, 7.773099740000021 ], [ 79.79737741100007, 7.773148572000025 ], [ 79.79740494400005, 7.773176202000059 ], [ 79.797429390000048, 7.773202862000062 ], [ 79.797451236000029, 7.77322908900004 ], [ 79.797470713000052, 7.773255161000066 ], [ 79.797486254000034, 7.773278516000062 ], [ 79.797498706000056, 7.773299791000056 ], [ 79.797511099000076, 7.773324076000051 ], [ 79.797523066000053, 7.773350875000062 ], [ 79.797543284000085, 7.773404050000067 ], [ 79.797589870000081, 7.773541777000048 ], [ 79.797605111000053, 7.773579842000061 ], [ 79.797620636000033, 7.773612779000075 ], [ 79.797639943000036, 7.773646510000049 ], [ 79.797664335000036, 7.773681202000034 ], [ 79.797692461000054, 7.773715085000049 ], [ 79.797724610000046, 7.773748514000033 ], [ 79.797770859000082, 7.773790129000076 ], [ 79.797825684000031, 7.773833229000047 ], [ 79.797886425000058, 7.773876418000043 ], [ 79.79801115500004, 7.773960098000032 ], [ 79.798062974000061, 7.773996042000022 ], [ 79.798115485000039, 7.774035166000033 ], [ 79.798160296000049, 7.774072162000039 ], [ 79.798220649000029, 7.774127871000076 ], [ 79.798286260000054, 7.774192783000046 ], [ 79.798351381000032, 7.774260508000054 ], [ 79.798526105000064, 7.774446549000061 ], [ 79.798580118000075, 7.774501706000024 ], [ 79.798629662000053, 7.77455006100007 ], [ 79.798690084000043, 7.774605442000052 ], [ 79.798831934000077, 7.774728201000073 ], [ 79.798885841000072, 7.774772203000055 ], [ 79.798933677000036, 7.774807519000035 ], [ 79.798967822000066, 7.774829983000075 ], [ 79.798998596000047, 7.774847841000053 ], [ 79.799025664000055, 7.774860122000064 ], [ 79.79905631500003, 7.774870844000077 ], [ 79.799096051000049, 7.77488132600007 ], [ 79.79914231500004, 7.774890331000051 ], [ 79.79919251900003, 7.774897736000071 ], [ 79.799327146000053, 7.774914650000028 ], [ 79.799365444000045, 7.774921040000038 ], [ 79.799397802000044, 7.774928073000069 ], [ 79.799432785000079, 7.774938488000032 ], [ 79.799461741000073, 7.774950842000067 ], [ 79.799485331000085, 7.774965418000022 ], [ 79.799495206000074, 7.77497359900002 ], [ 79.799503840000057, 7.77498240400007 ], [ 79.799515030000066, 7.77499769700006 ], [ 79.799524253000072, 7.775016441000048 ], [ 79.799531151000053, 7.775037763000057 ], [ 79.799535734000074, 7.775061688000051 ], [ 79.799538004000055, 7.775088066000023 ], [ 79.799538009000059, 7.775117142000056 ], [ 79.799535751000064, 7.775149028000044 ], [ 79.799531215000059, 7.775183928000047 ], [ 79.799519111000052, 7.775246840000023 ], [ 79.799500370000032, 7.775321772000041 ], [ 79.799423046000072, 7.775596556000039 ], [ 79.799393251000083, 7.775692289000062 ], [ 79.799371403000066, 7.775752153000042 ], [ 79.799349032000066, 7.775804489000052 ], [ 79.799325735000082, 7.775850225000056 ], [ 79.799301337000031, 7.775889708000022 ], [ 79.799288423000064, 7.775907510000025 ], [ 79.79927517200008, 7.775923766000062 ], [ 79.799261571000045, 7.775938491000034 ], [ 79.799247612000045, 7.775951693000025 ], [ 79.799233388000061, 7.775963305000062 ], [ 79.79921918000008, 7.775973140000076 ], [ 79.799205900000061, 7.775980378000042 ], [ 79.799191475000043, 7.775986384000021 ], [ 79.799165298000048, 7.77599359200002 ], [ 79.799135743000079, 7.775997593000056 ], [ 79.799102514000083, 7.77599843400003 ], [ 79.799064979000036, 7.775996130000067 ], [ 79.799030351000056, 7.775991867000073 ], [ 79.798990668000044, 7.775985278000064 ], [ 79.798852237000062, 7.775957032000065 ], [ 79.798800120000067, 7.775947625000072 ], [ 79.798749543000042, 7.775941190000026 ], [ 79.798706375000052, 7.775939220000055 ], [ 79.798684216000083, 7.775940063000064 ], [ 79.798663764000082, 7.775942353000062 ], [ 79.798644897000031, 7.775946102000034 ], [ 79.798627539000051, 7.775951328000076 ], [ 79.798611808000032, 7.775957961000074 ], [ 79.79859612100006, 7.775966720000042 ], [ 79.798580603000062, 7.775977398000066 ], [ 79.798565790000055, 7.77598970300005 ], [ 79.798553463000076, 7.776001744000041 ], [ 79.798541621000084, 7.776015059000031 ], [ 79.798519287000033, 7.776045641000053 ], [ 79.798498550000033, 7.776081760000068 ], [ 79.798479024000073, 7.776124091000042 ], [ 79.798462971000049, 7.77616583300005 ], [ 79.798446742000067, 7.77621464200007 ], [ 79.798391534000075, 7.776406851000047 ], [ 79.798365994000051, 7.776485955000055 ], [ 79.798350661000029, 7.776526385000068 ], [ 79.798334883000052, 7.776562625000054 ], [ 79.798318373000029, 7.776595333000046 ], [ 79.79830097100006, 7.776624813000069 ], [ 79.798287327000082, 7.776644846000067 ], [ 79.798243742000068, 7.77670370200002 ], [ 79.798178738000047, 7.776788026000077 ], [ 79.798125234000054, 7.776852424000026 ], [ 79.798074260000078, 7.776908463000041 ], [ 79.798023733000036, 7.776958323000031 ], [ 79.797973693000074, 7.777001840000025 ], [ 79.79794869400007, 7.777021362000028 ], [ 79.797923666000031, 7.777039425000055 ], [ 79.797898574000044, 7.777056056000049 ], [ 79.797873391000053, 7.777071273000047 ], [ 79.797829185000069, 7.777094464000072 ], [ 79.79777624500008, 7.777117382000029 ], [ 79.79772409800006, 7.777136447000032 ], [ 79.797676773000035, 7.777150001000052 ], [ 79.797646741000051, 7.777154765000034 ], [ 79.797615561000043, 7.777155583000024 ], [ 79.797583151000083, 7.777152454000031 ], [ 79.797549379000031, 7.77714536700006 ], [ 79.797513751000054, 7.777134168000032 ], [ 79.797476320000044, 7.777118826000049 ], [ 79.797436755000035, 7.777099204000024 ], [ 79.797394397000062, 7.777074982000045 ], [ 79.797356102000037, 7.777050781000071 ], [ 79.797313602000031, 7.777021987000069 ], [ 79.797173706000081, 7.776921166000022 ], [ 79.797123355000053, 7.776886196000021 ], [ 79.797073336000039, 7.776854421000053 ], [ 79.797029529000042, 7.776830432000054 ], [ 79.797004731000072, 7.776819027000045 ], [ 79.796981330000051, 7.776810067000042 ], [ 79.796959151000067, 7.776803483000037 ], [ 79.796938079000086, 7.776799246000053 ], [ 79.79691800300003, 7.776797334000037 ], [ 79.796898869000074, 7.776797744000021 ], [ 79.79688066500006, 7.776800467000044 ], [ 79.796863100000053, 7.776805551000052 ], [ 79.796846064000079, 7.776812828000061 ], [ 79.796829569000067, 7.776822243000026 ], [ 79.796813579000059, 7.776833814000042 ], [ 79.796798051000053, 7.776847574000044 ], [ 79.796782955000083, 7.776863544000037 ], [ 79.796768212000075, 7.776881802000048 ], [ 79.796753762000037, 7.776902426000049 ], [ 79.79673951400008, 7.776925542000072 ], [ 79.796714351000048, 7.77697334000004 ], [ 79.79668848700004, 7.777031503000046 ], [ 79.796663108000075, 7.777095986000063 ], [ 79.796589959000073, 7.777292684000031 ], [ 79.79656510600006, 7.777352491000045 ], [ 79.796541122000065, 7.777403903000049 ], [ 79.79651158300004, 7.777458337000041 ], [ 79.79649650500005, 7.777482470000052 ], [ 79.796481131000064, 7.777504704000023 ], [ 79.796465384000044, 7.777525139000034 ], [ 79.796449242000051, 7.777543802000025 ], [ 79.796432667000033, 7.777560739000023 ], [ 79.796415628000034, 7.777575974000058 ], [ 79.796393590000037, 7.777592791000075 ], [ 79.796363447000033, 7.777613167000027 ], [ 79.796332927000037, 7.777631829000029 ], [ 79.796300412000051, 7.77764991500004 ], [ 79.79626634300007, 7.777667220000069 ], [ 79.796230139000045, 7.777684072000056 ], [ 79.796191652000061, 7.777700543000037 ], [ 79.796150629000067, 7.777716738000038 ], [ 79.796099079000044, 7.777735477000022 ], [ 79.796042521000061, 7.777754421000054 ], [ 79.795848885000055, 7.777812932000074 ], [ 79.795657405000043, 7.777875879000021 ], [ 79.795594252000058, 7.777894701000037 ], [ 79.79553876500006, 7.777908984000021 ], [ 79.795485654000061, 7.777919890000021 ], [ 79.795436851000034, 7.777926784000044 ], [ 79.795391617000064, 7.777929767000046 ], [ 79.795349593000083, 7.777928860000031 ], [ 79.795310440000037, 7.777924048000045 ], [ 79.795274062000033, 7.777915303000043 ], [ 79.795240524000064, 7.77790268800004 ], [ 79.795208716000047, 7.777885765000065 ], [ 79.795188478000057, 7.777872495000054 ], [ 79.795167738000032, 7.777857040000072 ], [ 79.79514634800006, 7.777839290000031 ], [ 79.795124032000047, 7.777819021000028 ], [ 79.795077861000038, 7.777772500000026 ], [ 79.795008750000079, 7.777696801000047 ], [ 79.794990136000081, 7.777674327000057 ], [ 79.79497071600008, 7.77764791900006 ], [ 79.794910059000074, 7.77755561400005 ], [ 79.79488662600005, 7.777522265000073 ], [ 79.794861457000081, 7.777491195000039 ], [ 79.794836496000073, 7.777465918000075 ], [ 79.79481512600006, 7.77744786300002 ], [ 79.794792022000081, 7.777430729000059 ], [ 79.794767126000067, 7.777414473000022 ], [ 79.79474035100003, 7.777399039000045 ], [ 79.794711661000065, 7.777384398000038 ], [ 79.794680823000078, 7.777370422000047 ], [ 79.794647618000056, 7.777357015000064 ], [ 79.794611639000038, 7.777344011000025 ], [ 79.794561603000034, 7.777327912000032 ], [ 79.794503041000041, 7.777311080000061 ], [ 79.794311682000057, 7.777259914000069 ], [ 79.794245878000083, 7.777243616000021 ], [ 79.79417996400008, 7.777229232000025 ], [ 79.79411450300006, 7.777216898000063 ], [ 79.794046795000042, 7.777206241000044 ], [ 79.793991623000068, 7.777199543000052 ], [ 79.793959306000033, 7.777197776000037 ], [ 79.793925223000031, 7.777197692000072 ], [ 79.793889024000066, 7.777199286000041 ], [ 79.793850014000043, 7.777202591000048 ], [ 79.79377736400005, 7.777211894000061 ], [ 79.793605294000031, 7.777238889000046 ], [ 79.793560662000061, 7.777244382000049 ], [ 79.793520729000079, 7.777247894000027 ], [ 79.793479896000065, 7.777249640000036 ], [ 79.793441993000044, 7.777249142000073 ], [ 79.793406404000052, 7.777246391000062 ], [ 79.793372798000064, 7.777241356000047 ], [ 79.793345740000063, 7.777235292000057 ], [ 79.793319813000039, 7.777227546000063 ], [ 79.793298952000043, 7.777219570000057 ], [ 79.793278087000033, 7.777209293000055 ], [ 79.793255197000065, 7.777195607000067 ], [ 79.793230329000039, 7.777178394000032 ], [ 79.793133325000042, 7.777101706000053 ], [ 79.793111260000046, 7.777085561000035 ], [ 79.79309130200005, 7.777072418000046 ], [ 79.793067889000042, 7.777059294000026 ], [ 79.793045686000085, 7.777049589000057 ], [ 79.793024235000075, 7.777043108000044 ], [ 79.793003294000073, 7.777039780000052 ], [ 79.792986383000084, 7.777039069000068 ], [ 79.792968744000063, 7.77703981600007 ], [ 79.792950297000061, 7.777042026000061 ], [ 79.792930922000039, 7.777045711000028 ], [ 79.792889011000057, 7.777057547000027 ], [ 79.792839841000045, 7.77707620800004 ], [ 79.792736226000045, 7.777121606000037 ], [ 79.792663325000035, 7.777150363000032 ], [ 79.792617270000051, 7.777170622000028 ], [ 79.792547164000041, 7.777205476000063 ], [ 79.792402745000061, 7.777283536000027 ], [ 79.792340159000048, 7.777315620000024 ], [ 79.792273127000044, 7.777346024000053 ], [ 79.792241957000044, 7.777358265000032 ], [ 79.792211800000075, 7.777368757000033 ], [ 79.79217665200008, 7.777379147000033 ], [ 79.792145761000029, 7.777386321000051 ], [ 79.792113392000033, 7.777391389000059 ], [ 79.792078322000066, 7.777394573000038 ], [ 79.792043410000076, 7.77739589600003 ], [ 79.792004242000075, 7.777395769000066 ], [ 79.791858163000029, 7.777389604000064 ], [ 79.791798687000039, 7.777388952000024 ], [ 79.791767094000079, 7.777390130000072 ], [ 79.791738038000062, 7.777392553000027 ], [ 79.791710950000038, 7.777396268000075 ], [ 79.791685544000075, 7.777401318000045 ], [ 79.791657489000045, 7.777409034000073 ], [ 79.791631238000036, 7.777418724000029 ], [ 79.791598471000043, 7.777433932000065 ], [ 79.791565038000044, 7.777452050000022 ], [ 79.791531925000072, 7.777472430000046 ], [ 79.791497991000085, 7.77749566600005 ], [ 79.79146305300003, 7.777521878000073 ], [ 79.791426761000082, 7.777551328000072 ], [ 79.791383966000069, 7.777588586000036 ], [ 79.79133682500003, 7.777632164000067 ], [ 79.791301712000063, 7.777666470000042 ], [ 79.791267907000076, 7.77770173600004 ], [ 79.791233952000084, 7.777739662000045 ], [ 79.79120182500003, 7.777778239000043 ], [ 79.79117168700003, 7.77781727200005 ], [ 79.791143667000085, 7.777856593000024 ], [ 79.79111623700004, 7.777898677000053 ], [ 79.791090291000046, 7.777942616000075 ], [ 79.791060508000044, 7.777996925000025 ], [ 79.791034332000038, 7.778048811000076 ], [ 79.791013038000074, 7.778095258000064 ], [ 79.790994601000079, 7.778140145000066 ], [ 79.790978976000076, 7.778183578000039 ], [ 79.790966144000038, 7.778225612000028 ], [ 79.790953813000044, 7.778277256000024 ], [ 79.790945996000062, 7.77832673100005 ], [ 79.790942667000081, 7.778375093000022 ], [ 79.790942760000064, 7.77839756700007 ], [ 79.790944134000085, 7.77841716100005 ], [ 79.790949912000031, 7.778453269000067 ], [ 79.790960202000065, 7.778493146000073 ], [ 79.790974173000052, 7.778535337000051 ], [ 79.791018351000048, 7.778655962000073 ], [ 79.791029525000056, 7.778693660000044 ], [ 79.791037017000065, 7.778727571000047 ], [ 79.791044199000055, 7.778786755000056 ], [ 79.791048224000065, 7.778853171000037 ], [ 79.791048654000065, 7.778920147000065 ], [ 79.79104559600006, 7.778988421000065 ], [ 79.791037656000071, 7.779068933000076 ], [ 79.791025104000084, 7.779149465000046 ], [ 79.791008103000081, 7.779228968000041 ], [ 79.790986890000056, 7.779306324000061 ], [ 79.790966479000076, 7.779366540000069 ], [ 79.790941414000031, 7.779425854000067 ], [ 79.790910544000042, 7.779487058000029 ], [ 79.790873675000057, 7.779550414000028 ], [ 79.79084763700007, 7.779591090000054 ], [ 79.790818787000035, 7.779633443000023 ], [ 79.790786731000082, 7.779678053000055 ], [ 79.790750483000068, 7.779726305000054 ], [ 79.790569604000041, 7.77995521500003 ], [ 79.790502365000066, 7.780035454000028 ], [ 79.790444080000043, 7.780100510000068 ], [ 79.790377250000063, 7.78017165600005 ], [ 79.790160972000081, 7.780392214000074 ], [ 79.790088781000065, 7.780467283000064 ], [ 79.789895687000069, 7.780677509000043 ], [ 79.789832582000031, 7.780744808000065 ], [ 79.789781879000031, 7.780796821000024 ], [ 79.789734298000042, 7.780843443000037 ], [ 79.78968763000006, 7.780886769000062 ], [ 79.789645279000069, 7.780923658000063 ], [ 79.789608356000031, 7.780953279000073 ], [ 79.789566444000059, 7.780984742000044 ], [ 79.789411918000042, 7.781093146000046 ], [ 79.789394686000037, 7.781105233000062 ], [ 79.789322359000039, 7.781159331000026 ], [ 79.789272956000048, 7.781200472000023 ], [ 79.789108807000048, 7.781347664000066 ], [ 79.789074759000073, 7.781380266000042 ], [ 79.789045528000031, 7.78141038800004 ], [ 79.789019975000031, 7.781439206000073 ], [ 79.788997710000046, 7.781467171000031 ], [ 79.788978328000042, 7.781494825000038 ], [ 79.788961851000067, 7.781522177000056 ], [ 79.788948219000076, 7.781549318000032 ], [ 79.788937182000041, 7.781576746000042 ], [ 79.788924584000085, 7.781618052000056 ], [ 79.788915032000034, 7.781663007000077 ], [ 79.788908556000081, 7.781711458000075 ], [ 79.788905190000037, 7.781763179000052 ], [ 79.788904964000039, 7.781818436000037 ], [ 79.78890793100004, 7.781876255000043 ], [ 79.788914245000058, 7.781937451000033 ], [ 79.788923040000043, 7.781993966000073 ], [ 79.788929368000083, 7.78202045300003 ], [ 79.78893766300007, 7.782047727000077 ], [ 79.78894800900008, 7.782076051000047 ], [ 79.788960580000037, 7.782105914000056 ], [ 79.78898883200003, 7.782164055000067 ], [ 79.789048752000042, 7.782275335000065 ], [ 79.789072352000062, 7.782321542000034 ], [ 79.789094361000082, 7.782370207000042 ], [ 79.789110870000059, 7.782414708000033 ], [ 79.789131312000052, 7.78248331900005 ], [ 79.789148198000078, 7.782544142000063 ], [ 79.789161508000063, 7.782597223000039 ], [ 79.789172172000065, 7.782646106000072 ], [ 79.789180601000055, 7.782692901000075 ], [ 79.789186659000052, 7.782737194000049 ], [ 79.78919041000006, 7.782779429000072 ], [ 79.789191863000042, 7.782819768000024 ], [ 79.789190911000048, 7.78285312600002 ], [ 79.789187664000053, 7.782887703000029 ], [ 79.789182094000068, 7.782923782000069 ], [ 79.78917412900006, 7.782961862000036 ], [ 79.789163985000073, 7.783001345000059 ], [ 79.789151076000053, 7.783044841000049 ], [ 79.789090657000031, 7.783223808000059 ], [ 79.789077694000071, 7.783265352000058 ], [ 79.789067220000049, 7.783302724000066 ], [ 79.789057916000047, 7.783341475000043 ], [ 79.789050062000058, 7.783381954000049 ], [ 79.789038472000072, 7.783449506000068 ], [ 79.789027451000038, 7.783521557000029 ], [ 79.789012107000076, 7.783636251000075 ], [ 79.788995293000085, 7.78377983300004 ], [ 79.788974900000085, 7.783966829000065 ], [ 79.788963310000042, 7.784094302000028 ], [ 79.788957541000059, 7.784181542000056 ], [ 79.788954343000057, 7.784262340000055 ], [ 79.788953254000035, 7.784370281000065 ], [ 79.788954125000032, 7.784463945000027 ], [ 79.788955935000047, 7.78452152400007 ], [ 79.788958790000038, 7.784575180000047 ], [ 79.788962745000049, 7.784625888000051 ], [ 79.788967839000065, 7.784674135000046 ], [ 79.788975668000035, 7.784731101000034 ], [ 79.788986327000032, 7.784798287000058 ], [ 79.788996796000049, 7.784856388000037 ], [ 79.789007929000036, 7.78491090600005 ], [ 79.789019394000036, 7.784960584000032 ], [ 79.789031667000074, 7.785007844000063 ], [ 79.789044810000064, 7.785052923000023 ], [ 79.789058865000072, 7.785095965000039 ], [ 79.789073888000075, 7.785137131000056 ], [ 79.789089896000064, 7.78517645900007 ], [ 79.789106916000037, 7.785214017000044 ], [ 79.789124969000056, 7.785249855000075 ], [ 79.789143979000073, 7.785283517000039 ], [ 79.78916593100007, 7.785318112000027 ], [ 79.789191254000059, 7.785354335000022 ], [ 79.789220964000037, 7.785393631000034 ], [ 79.78933788900008, 7.785537230000045 ], [ 79.789452659000062, 7.785683328000061 ], [ 79.789631431000032, 7.78590530300005 ], [ 79.789878664000071, 7.786214898000026 ], [ 79.789974463000078, 7.786336442000049 ], [ 79.790054394000038, 7.786440667000022 ], [ 79.790176483000039, 7.786606251000023 ], [ 79.790261180000073, 7.786725431000036 ], [ 79.790329554000039, 7.786827775000063 ], [ 79.790397737000035, 7.786937545000058 ], [ 79.790454055000055, 7.787033600000029 ], [ 79.790515538000079, 7.787143012000058 ], [ 79.790750549000052, 7.787576396000077 ], [ 79.790828260000069, 7.787725178000073 ], [ 79.790858945000082, 7.78778754700005 ], [ 79.790890828000045, 7.787855399000023 ], [ 79.790928475000044, 7.787939237000046 ], [ 79.790965917000051, 7.788026695000042 ], [ 79.791003362000083, 7.788118256000075 ], [ 79.791041132000032, 7.788214708000055 ], [ 79.791110992000085, 7.788402081000072 ], [ 79.79117124000004, 7.78855764900004 ], [ 79.791196228000047, 7.788624559000027 ], [ 79.791224041000078, 7.788706189000038 ], [ 79.791245133000075, 7.788779023000075 ], [ 79.791254406000064, 7.788817263000055 ], [ 79.79126199600006, 7.788854196000045 ], [ 79.791267916000038, 7.788889841000071 ], [ 79.791272374000073, 7.788925455000026 ], [ 79.791275776000077, 7.788964293000049 ], [ 79.791277845000081, 7.789004286000022 ], [ 79.791278584000054, 7.789045507000026 ], [ 79.791277996000076, 7.789088049000043 ], [ 79.791276113000038, 7.789131421000036 ], [ 79.791272930000048, 7.789176351000037 ], [ 79.791262592000066, 7.789271765000024 ], [ 79.791246821000072, 7.789376234000031 ], [ 79.791224277000083, 7.789498698000045 ], [ 79.791207389000078, 7.789582396000071 ], [ 79.791195491000053, 7.789631948000022 ], [ 79.791178136000042, 7.789691850000054 ], [ 79.79115674600007, 7.789755018000051 ], [ 79.791134501000045, 7.789813706000075 ], [ 79.791107887000067, 7.789878488000056 ], [ 79.791008368000064, 7.790103999000053 ], [ 79.790970663000053, 7.790193740000063 ], [ 79.790952066000045, 7.790241564000041 ], [ 79.790935811000054, 7.790286606000052 ], [ 79.790921597000079, 7.790329705000033 ], [ 79.790909283000076, 7.790371293000021 ], [ 79.790896309000061, 7.790422116000059 ], [ 79.79087991800003, 7.790498160000027 ], [ 79.790865408000059, 7.790574102000051 ], [ 79.790852387000029, 7.790651608000076 ], [ 79.790841233000037, 7.790727907000075 ], [ 79.790831491000063, 7.790805525000053 ], [ 79.790823172000046, 7.790884381000069 ], [ 79.790816284000073, 7.790964377000023 ], [ 79.79080958000003, 7.791067390000023 ], [ 79.790805439000053, 7.791167469000072 ], [ 79.790803858000061, 7.791264752000075 ], [ 79.790804834000085, 7.791359362000037 ], [ 79.790807908000033, 7.791442508000046 ], [ 79.790813065000066, 7.791523613000038 ], [ 79.79082457800007, 7.791655900000023 ], [ 79.790835340000058, 7.791753440000036 ], [ 79.790845194000042, 7.791823043000022 ], [ 79.790856450000035, 7.791886916000067 ], [ 79.790869366000038, 7.791946500000051 ], [ 79.790884089000031, 7.792002452000077 ], [ 79.790904067000042, 7.792065733000072 ], [ 79.790927254000053, 7.79213031300003 ], [ 79.790952248000053, 7.792192243000045 ], [ 79.790979170000071, 7.792251939000039 ], [ 79.791006122000056, 7.792305770000041 ], [ 79.791034582000066, 7.792357215000038 ], [ 79.791067560000045, 7.792411250000043 ], [ 79.791102075000083, 7.79246334000004 ], [ 79.791136840000036, 7.792511502000025 ], [ 79.791171998000038, 7.792555965000076 ], [ 79.791208696000069, 7.792597975000035 ], [ 79.791241194000065, 7.792631026000038 ], [ 79.791264499000079, 7.792651436000028 ], [ 79.791289994000067, 7.792671299000062 ], [ 79.791317896000066, 7.792690790000051 ], [ 79.791348625000069, 7.792710200000045 ], [ 79.791380364000076, 7.792728571000055 ], [ 79.791416337000044, 7.792747932000054 ], [ 79.791559610000036, 7.792819553000072 ], [ 79.791619584000046, 7.792851588000076 ], [ 79.791651191000085, 7.792870168000036 ], [ 79.791679843000054, 7.792888530000027 ], [ 79.791706103000081, 7.792907036000031 ], [ 79.791730243000075, 7.792925880000041 ], [ 79.791756345000067, 7.792948186000046 ], [ 79.791782804000036, 7.792972409000072 ], [ 79.791838078000069, 7.793027808000033 ], [ 79.791890410000065, 7.793085049000069 ], [ 79.792023182000037, 7.79323628800006 ], [ 79.792063151000036, 7.793279053000049 ], [ 79.792100249000043, 7.793316185000037 ], [ 79.792212315000029, 7.793421967000029 ], [ 79.792317018000062, 7.793516554000064 ], [ 79.792417406000084, 7.793602689000068 ], [ 79.792514780000033, 7.793681483000057 ], [ 79.792587644000037, 7.793737152000062 ], [ 79.79275214200004, 7.793858065000052 ], [ 79.79285098500003, 7.793928350000044 ], [ 79.792900959000065, 7.793961153000055 ], [ 79.792947771000058, 7.793989517000057 ], [ 79.792992649000041, 7.794014184000048 ], [ 79.79303615300006, 7.794035456000074 ], [ 79.793067982000082, 7.794049247000032 ], [ 79.793099211000083, 7.79406123800004 ], [ 79.793120300000055, 7.794067769000037 ], [ 79.793143254000086, 7.794073161000028 ], [ 79.793171965000056, 7.794077996000055 ], [ 79.793204549000052, 7.794081639000069 ], [ 79.793336485000054, 7.794089266000071 ], [ 79.793391131000078, 7.794095200000072 ], [ 79.793419698000037, 7.794100651000065 ], [ 79.793445181000038, 7.794107664000023 ], [ 79.793468103000066, 7.794116386000042 ], [ 79.79348871500008, 7.794126912000024 ], [ 79.793513049000069, 7.794143918000032 ], [ 79.793543062000083, 7.794170386000076 ], [ 79.79357144100004, 7.794199955000067 ], [ 79.793597938000062, 7.794232083000054 ], [ 79.793620841000063, 7.794264546000022 ], [ 79.79363978400005, 7.794296673000076 ], [ 79.793654119000053, 7.794327351000049 ], [ 79.793663480000077, 7.794355791000044 ], [ 79.793666200000075, 7.794370559000072 ], [ 79.793667151000079, 7.794385637000062 ], [ 79.793666334000079, 7.794401060000041 ], [ 79.793663748000085, 7.79441687000002 ], [ 79.793659389000084, 7.794433090000041 ], [ 79.793653242000062, 7.794449806000046 ], [ 79.793645275000074, 7.794467092000048 ], [ 79.793635441000049, 7.794485055000052 ], [ 79.793614461000061, 7.794517209000048 ], [ 79.793587130000049, 7.794552958000054 ], [ 79.793556140000078, 7.794589612000038 ], [ 79.793465533000074, 7.794692194000049 ], [ 79.793439726000031, 7.794723887000032 ], [ 79.79341854200004, 7.794752484000071 ], [ 79.793402279000077, 7.794777235000026 ], [ 79.793388938000078, 7.794800777000034 ], [ 79.793360829000051, 7.79485747800004 ], [ 79.793332343000031, 7.79491882800005 ], [ 79.79328126300004, 7.795037617000048 ], [ 79.793197297000063, 7.795245359000035 ], [ 79.793122995000033, 7.795417044000033 ], [ 79.793091884000034, 7.795497216000058 ], [ 79.793071918000066, 7.795559574000038 ], [ 79.793057919000034, 7.795617378000031 ], [ 79.793053152000084, 7.795644265000021 ], [ 79.793049783000072, 7.795670184000073 ], [ 79.793047496000042, 7.795697500000074 ], [ 79.79304634500005, 7.795725918000073 ], [ 79.793047166000065, 7.795781601000044 ], [ 79.793051840000032, 7.795843816000058 ], [ 79.793059305000043, 7.795906991000038 ], [ 79.793082868000056, 7.796077509000042 ], [ 79.793088171000079, 7.796128673000055 ], [ 79.793091205000053, 7.796174462000067 ], [ 79.793092308000041, 7.796223294000072 ], [ 79.793091614000048, 7.796278225000037 ], [ 79.793083008000053, 7.796468062000031 ], [ 79.793081262000044, 7.796541786000034 ], [ 79.793083007000064, 7.796616388000075 ], [ 79.793085479000069, 7.796650460000023 ], [ 79.793089050000049, 7.796682941000029 ], [ 79.793093461000069, 7.796712335000052 ], [ 79.793099228000074, 7.796742515000062 ], [ 79.79311522200004, 7.796807257000069 ], [ 79.793136514000082, 7.796876774000054 ], [ 79.793184993000068, 7.797018493000053 ], [ 79.793204477000074, 7.797079345000043 ], [ 79.793221397000082, 7.79714087800005 ], [ 79.793236409000031, 7.797209524000039 ], [ 79.793258153000068, 7.797328576000041 ], [ 79.793278176000058, 7.797463526000058 ], [ 79.793304505000037, 7.797679327000026 ], [ 79.793316477000076, 7.79780418100006 ], [ 79.793322532000047, 7.797889818000044 ], [ 79.79332729500004, 7.797979977000068 ], [ 79.793330834000074, 7.798075863000065 ], [ 79.793333250000046, 7.798180173000048 ], [ 79.793334852000044, 7.798326183000029 ], [ 79.793336295000074, 7.798694015000024 ], [ 79.793340503000081, 7.798938186000044 ], [ 79.793339654000079, 7.799016031000065 ], [ 79.793335228000046, 7.799192309000034 ], [ 79.793334807000065, 7.799271548000036 ], [ 79.793337658000041, 7.799361273000045 ], [ 79.793340618000059, 7.799402093000026 ], [ 79.793344648000073, 7.799440927000035 ], [ 79.793351657000073, 7.799489680000022 ], [ 79.793360533000055, 7.799535288000072 ], [ 79.793371380000053, 7.799577276000036 ], [ 79.793385490000048, 7.799621591000061 ], [ 79.793400218000045, 7.799661693000076 ], [ 79.793418176000046, 7.799706022000066 ], [ 79.793483173000084, 7.799853512000027 ], [ 79.793506560000083, 7.799909267000032 ], [ 79.793527540000071, 7.799965220000047 ], [ 79.793543612000065, 7.800016323000023 ], [ 79.793551430000036, 7.800046567000038 ], [ 79.793564616000083, 7.800105457000029 ], [ 79.793584281000051, 7.800205640000058 ], [ 79.79359772600003, 7.800292618000071 ], [ 79.793606470000043, 7.800373971000056 ], [ 79.793610321000074, 7.800440472000048 ], [ 79.793610773000069, 7.800503885000069 ], [ 79.793608254000048, 7.800556172000029 ], [ 79.793601809000052, 7.800605046000044 ], [ 79.793592756000066, 7.800649469000064 ], [ 79.793579997000052, 7.800698751000027 ], [ 79.793528905000073, 7.800863296000045 ], [ 79.793511530000046, 7.80092540000004 ], [ 79.793504037000048, 7.800957378000021 ], [ 79.793498188000058, 7.800987471000042 ], [ 79.793493880000085, 7.801016204000064 ], [ 79.793491075000077, 7.801043849000052 ], [ 79.793488367000066, 7.80109206000003 ], [ 79.793487398000082, 7.801142469000069 ], [ 79.793488160000038, 7.801195403000065 ], [ 79.793490664000046, 7.801251449000063 ], [ 79.793495198000073, 7.801314494000053 ], [ 79.793501847000073, 7.801384079000059 ], [ 79.793510963000074, 7.801463941000065 ], [ 79.793518817000063, 7.801518346000023 ], [ 79.793529252000042, 7.801577236000071 ], [ 79.793542646000049, 7.801642582000056 ], [ 79.793592692000061, 7.801859261000061 ], [ 79.793610037000064, 7.801939630000049 ], [ 79.793624837000038, 7.802018144000044 ], [ 79.793658669000081, 7.802212828000052 ], [ 79.793679385000075, 7.802314720000027 ], [ 79.793694773000084, 7.80237740900003 ], [ 79.793711393000081, 7.802434796000057 ], [ 79.793729078000069, 7.802486659000067 ], [ 79.793749780000041, 7.802538514000048 ], [ 79.793773940000051, 7.802591891000077 ], [ 79.793802987000049, 7.802650177000032 ], [ 79.793834304000029, 7.802708991000031 ], [ 79.793921690000047, 7.802868209000053 ], [ 79.793947030000083, 7.802916953000022 ], [ 79.793968651000057, 7.802961155000048 ], [ 79.79399176000004, 7.803012208000041 ], [ 79.794016253000052, 7.803070113000047 ], [ 79.794104076000053, 7.803292620000036 ], [ 79.794143, 7.803385522000042 ], [ 79.794163284000035, 7.803430160000062 ], [ 79.794183394000072, 7.803471571000046 ], [ 79.794244917000071, 7.803588174000026 ], [ 79.794279268000082, 7.803649178000057 ], [ 79.794312858000069, 7.803705614000023 ], [ 79.794347157000061, 7.803759789000026 ], [ 79.794369458000062, 7.803791290000049 ], [ 79.794392494000078, 7.803820382000026 ], [ 79.794419682000068, 7.803851953000049 ], [ 79.794512308000037, 7.803951704000042 ], [ 79.794544450000046, 7.803987706000044 ], [ 79.794573554000067, 7.804023185000062 ], [ 79.794597680000038, 7.804056346000039 ], [ 79.794618246000084, 7.804089310000052 ], [ 79.794634937000069, 7.804121810000026 ], [ 79.794654554000033, 7.804169219000073 ], [ 79.794672010000056, 7.804218737000042 ], [ 79.794683473000077, 7.804256792000047 ], [ 79.794693282000082, 7.80429489900007 ], [ 79.794701364000048, 7.804332769000041 ], [ 79.794707670000037, 7.804370160000076 ], [ 79.794712175000029, 7.804406999000037 ], [ 79.794714829000043, 7.80444294800003 ], [ 79.794715616000076, 7.80447855400007 ], [ 79.794714474000045, 7.804510127000071 ], [ 79.794712253000057, 7.804528479000055 ], [ 79.794708648000039, 7.804547620000051 ], [ 79.794697087000031, 7.804589251000039 ], [ 79.794682635000072, 7.804629028000022 ], [ 79.794644095000081, 7.80472463600006 ], [ 79.794627921000085, 7.804773616000034 ], [ 79.794622082000046, 7.804797932000042 ], [ 79.794618354000079, 7.804820831000029 ], [ 79.794616694000069, 7.804842088000044 ], [ 79.794616876000077, 7.804864972000075 ], [ 79.794619161000071, 7.80489553600006 ], [ 79.794623689000048, 7.804927694000071 ], [ 79.794630497000071, 7.804961748000039 ], [ 79.794639708000034, 7.804998313000056 ], [ 79.794650911000076, 7.805036286000075 ], [ 79.794665254000051, 7.805079930000034 ], [ 79.79469698500003, 7.805170302000022 ], [ 79.794710806000069, 7.805206473000055 ], [ 79.794737141000041, 7.805266886000027 ], [ 79.794770027000084, 7.805333546000043 ], [ 79.794890424000073, 7.805555857000058 ], [ 79.794977011000071, 7.805730106000055 ], [ 79.795004831000085, 7.805784276000054 ], [ 79.795031179000034, 7.805832313000053 ], [ 79.795056625000029, 7.805875058000026 ], [ 79.795075697000073, 7.805904612000063 ], [ 79.795094920000054, 7.805932263000045 ], [ 79.795111302000066, 7.805954034000024 ], [ 79.79512881200003, 7.805974942000034 ], [ 79.79516490900005, 7.806013215000064 ], [ 79.795251711000049, 7.806098195000061 ], [ 79.795289475000061, 7.806139924000036 ], [ 79.795304449000071, 7.806159012000023 ], [ 79.795317558000079, 7.806177768000055 ], [ 79.795330943000067, 7.806199461000062 ], [ 79.795343606000074, 7.806222582000032 ], [ 79.795366545000036, 7.806272399000022 ], [ 79.795388, 7.806330368000033 ], [ 79.795405767000034, 7.806387350000023 ], [ 79.795445348000044, 7.806525754000063 ], [ 79.795468196000058, 7.806594458000063 ], [ 79.79556169600005, 7.80683526100006 ], [ 79.79559478300007, 7.806915702000026 ], [ 79.795625994000034, 7.80698742800007 ], [ 79.795666173000029, 7.807073069000069 ], [ 79.795699334000062, 7.807136680000042 ], [ 79.795737752000036, 7.807203754000057 ], [ 79.795822326000064, 7.807343598000045 ], [ 79.79585802500003, 7.807404750000046 ], [ 79.795883857000035, 7.807451915000058 ], [ 79.79592468900006, 7.807531055000027 ], [ 79.796004055000083, 7.807675218000043 ], [ 79.796026631000075, 7.807720777000043 ], [ 79.796044343000062, 7.807761624000022 ], [ 79.796058008000045, 7.807799655000053 ], [ 79.796067854000057, 7.807835535000038 ], [ 79.796074107000038, 7.807870473000037 ], [ 79.796076532000029, 7.807903664000037 ], [ 79.796074831000055, 7.807934070000044 ], [ 79.796069125000031, 7.807966089000047 ], [ 79.796058598000059, 7.808002397000052 ], [ 79.796043074000067, 7.808042430000057 ], [ 79.796023115000082, 7.808085657000049 ], [ 79.795978242000047, 7.808174441000062 ], [ 79.795959943000071, 7.808212641000068 ], [ 79.795942925000077, 7.808252908000043 ], [ 79.795930506000047, 7.808289212000034 ], [ 79.795925068000031, 7.808309582000049 ], [ 79.795921021000083, 7.808329257000025 ], [ 79.795916050000073, 7.80837252300006 ], [ 79.79591415200008, 7.808425552000074 ], [ 79.795916057000056, 7.808483204000026 ], [ 79.795920150000029, 7.808531921000053 ], [ 79.795926734000034, 7.808586925000043 ], [ 79.795967063000035, 7.808863557000052 ], [ 79.795984392000037, 7.808961140000065 ], [ 79.796032917000048, 7.809207359000027 ], [ 79.79604484500004, 7.809277991000044 ], [ 79.796053734000054, 7.809341804000042 ], [ 79.796061212000041, 7.809410102000072 ], [ 79.796067831000073, 7.809486528000036 ], [ 79.796089232000043, 7.809801553000057 ], [ 79.796113113000047, 7.81006439600003 ], [ 79.796126699000069, 7.810199834000059 ], [ 79.796140164000064, 7.810321458000033 ], [ 79.796153884000034, 7.810432951000053 ], [ 79.796169559000077, 7.810548123000046 ], [ 79.796187481000061, 7.810669395000048 ], [ 79.796208372000081, 7.810801808000065 ], [ 79.796266407000076, 7.811145732000057 ], [ 79.796286657000053, 7.811250855000026 ], [ 79.796331250000037, 7.811458953000056 ], [ 79.796348893000072, 7.811546316000033 ], [ 79.796364991000075, 7.811638096000024 ], [ 79.796376337000083, 7.811720730000047 ], [ 79.796381086000054, 7.811767502000066 ], [ 79.796384241000055, 7.811812515000042 ], [ 79.796386185000074, 7.811860986000056 ], [ 79.796386875000053, 7.811912900000038 ], [ 79.796385296000039, 7.812011167000037 ], [ 79.796376519000034, 7.812257455000065 ], [ 79.796375942000054, 7.812326885000061 ], [ 79.796377224000082, 7.81238926900005 ], [ 79.796382960000074, 7.812487646000022 ], [ 79.796392008000055, 7.812598406000063 ], [ 79.796403378000036, 7.812709064000046 ], [ 79.796417269000074, 7.812822351000023 ], [ 79.796430827000052, 7.812919185000055 ], [ 79.79644619100003, 7.813018210000052 ], [ 79.796464688000071, 7.813126938000039 ], [ 79.79648033400008, 7.813210516000026 ], [ 79.796490986000038, 7.813256208000041 ], [ 79.79650455400008, 7.813306781000051 ], [ 79.79656046100007, 7.813491642000031 ], [ 79.796579033000057, 7.813559048000059 ], [ 79.796579842000085, 7.813561986000025 ], [ 79.796581346000039, 7.81356745000005 ], [ 79.796590957000035, 7.813608315000067 ], [ 79.796598519000042, 7.813646513000037 ], [ 79.796604175000084, 7.813682788000051 ], [ 79.796607989000051, 7.813717521000058 ], [ 79.796610317000045, 7.813768029000073 ], [ 79.796608509000066, 7.813815350000027 ], [ 79.796602381000071, 7.81386647000005 ], [ 79.796591804000059, 7.81392106100003 ], [ 79.796579779000069, 7.813968885000065 ], [ 79.796564114000034, 7.814022108000074 ], [ 79.796504989000084, 7.814199074000044 ], [ 79.796484389000057, 7.814265268000042 ], [ 79.796467174000043, 7.814330700000028 ], [ 79.796455454000068, 7.814390053000068 ], [ 79.79644907900007, 7.814437385000076 ], [ 79.796442393000063, 7.814497798000048 ], [ 79.796433077000074, 7.814613277000035 ], [ 79.796428221000042, 7.814728027000058 ], [ 79.796427699000049, 7.814842861000045 ], [ 79.796429571000033, 7.814914205000036 ], [ 79.796432953000078, 7.814980533000039 ], [ 79.796437965000052, 7.815036904000067 ], [ 79.796445382000059, 7.815096493000055 ], [ 79.796454596000046, 7.815156028000047 ], [ 79.796466373000044, 7.815221614000052 ], [ 79.796520874000066, 7.815487681000036 ], [ 79.79654182400003, 7.815603959000043 ], [ 79.796559648000084, 7.815728773000046 ], [ 79.796577745000036, 7.815865792000068 ], [ 79.796591582000076, 7.815981140000076 ], [ 79.796602925000059, 7.816088266000065 ], [ 79.796609824000029, 7.816168523000044 ], [ 79.796614792000071, 7.816256116000034 ], [ 79.796623243000056, 7.816542558000037 ], [ 79.796627723000086, 7.816644945000064 ], [ 79.796633700000029, 7.816729058000021 ], [ 79.796644306000076, 7.816828217000023 ], [ 79.796647115000042, 7.81686753300005 ], [ 79.796648761000085, 7.816922653000063 ], [ 79.796650367000041, 7.817093944000021 ], [ 79.796653176000063, 7.817145682000046 ], [ 79.796657931000084, 7.817189331000066 ], [ 79.796663103000071, 7.817218917000048 ], [ 79.796669631000043, 7.817245061000051 ], [ 79.796677578000072, 7.817268001000059 ], [ 79.796686989000079, 7.817287875000034 ], [ 79.796697938000079, 7.817304808000074 ], [ 79.796710442000062, 7.817318819000036 ], [ 79.796724548000043, 7.817329953000069 ], [ 79.796740259000046, 7.817338215000063 ], [ 79.796752213000048, 7.817341895000027 ], [ 79.796765938000078, 7.817343943000026 ], [ 79.796781577000047, 7.817344382000044 ], [ 79.796799416000056, 7.817343223000023 ], [ 79.796836493000058, 7.817337433000034 ], [ 79.796912494000082, 7.817320792000032 ], [ 79.796943543000054, 7.81731497800007 ], [ 79.796974154000054, 7.817311455000038 ], [ 79.796999732000074, 7.817311479000068 ], [ 79.797012792000032, 7.817313127000034 ], [ 79.797024582000063, 7.817315993000022 ], [ 79.797035324000035, 7.817320141000039 ], [ 79.797046890000047, 7.817326166000043 ], [ 79.797058321000065, 7.817333700000063 ], [ 79.797069367000063, 7.817342635000045 ], [ 79.797080054000048, 7.817352991000064 ], [ 79.797090415000071, 7.817364800000064 ], [ 79.797103793000076, 7.817382892000069 ], [ 79.797116779000078, 7.817403812000066 ], [ 79.797129519000066, 7.817427790000067 ], [ 79.797142306000069, 7.817455374000076 ], [ 79.797159230000034, 7.81749687100006 ], [ 79.797197047000054, 7.81759923900006 ], [ 79.797214742000051, 7.817643352000061 ], [ 79.79729743300004, 7.817818189000036 ], [ 79.797327807000045, 7.817885844000045 ], [ 79.797355616000061, 7.817950704000054 ], [ 79.797392932000037, 7.818043676000059 ], [ 79.797425539000074, 7.818132854000055 ], [ 79.797453703000031, 7.818218954000031 ], [ 79.797477609000055, 7.818302533000065 ], [ 79.797498661000077, 7.818389890000049 ], [ 79.79751004600007, 7.818452216000026 ], [ 79.797517284000037, 7.81851031900004 ], [ 79.797522575000073, 7.818575600000031 ], [ 79.797525823000058, 7.818639235000035 ], [ 79.797531736000053, 7.818797865000022 ], [ 79.797537242000033, 7.818881876000034 ], [ 79.797541642000056, 7.818924889000073 ], [ 79.797547067000039, 7.818964935000054 ], [ 79.797553555000036, 7.819002426000054 ], [ 79.797561439000049, 7.819039237000027 ], [ 79.797571117000075, 7.819077594000021 ], [ 79.797582563000049, 7.819117347000031 ], [ 79.79759589300005, 7.819158896000033 ], [ 79.797611354000082, 7.819203017000063 ], [ 79.797643116000074, 7.81928584800005 ], [ 79.79772788300005, 7.819494745000043 ], [ 79.797750369000084, 7.819554956000047 ], [ 79.797768912000038, 7.819609535000041 ], [ 79.797786305000045, 7.819668087000025 ], [ 79.797805058000051, 7.819742430000076 ], [ 79.797823580000056, 7.819824665000056 ], [ 79.797840608000058, 7.819909927000026 ], [ 79.79785686200006, 7.820002524000074 ], [ 79.79787166300008, 7.820099365000033 ], [ 79.797885124000061, 7.820201173000044 ], [ 79.797897421000073, 7.820309269000063 ], [ 79.797907685000041, 7.820413644000041 ], [ 79.797917483000049, 7.820527761000051 ], [ 79.797938155000054, 7.820795085000043 ], [ 79.797945148000053, 7.820902059000048 ], [ 79.79794950400003, 7.821021981000058 ], [ 79.797949687000084, 7.821076213000026 ], [ 79.797948552000037, 7.821127743000034 ], [ 79.797945952000077, 7.821179181000048 ], [ 79.79793821700008, 7.821275778000029 ], [ 79.797928959000046, 7.821433338000077 ], [ 79.79792369900008, 7.821503699000061 ], [ 79.79791470300006, 7.821583983000039 ], [ 79.797909167000057, 7.821619530000021 ], [ 79.797902843000031, 7.821652632000053 ], [ 79.797895651000033, 7.821683691000032 ], [ 79.797887576000051, 7.821712725000054 ], [ 79.797878583000056, 7.821739859000047 ], [ 79.797868643000072, 7.821765180000057 ], [ 79.797858354000084, 7.821787510000036 ], [ 79.797847174000083, 7.821808320000059 ], [ 79.797835089000046, 7.821827642000073 ], [ 79.797822082000039, 7.821845501000041 ], [ 79.797807740000053, 7.821862349000071 ], [ 79.797792394000055, 7.821877692000044 ], [ 79.797777726000049, 7.821890105000023 ], [ 79.797761971000057, 7.821900841000058 ], [ 79.797732862000032, 7.82191597800005 ], [ 79.797697071000073, 7.821929709000074 ], [ 79.797660688000065, 7.821940748000031 ], [ 79.797569285000066, 7.821965411000065 ], [ 79.797523989000069, 7.821980488000065 ], [ 79.797502916000042, 7.821989320000057 ], [ 79.797484118000057, 7.821998746000077 ], [ 79.79746730100004, 7.822008917000062 ], [ 79.797452319000058, 7.822019921000049 ], [ 79.797430575000078, 7.822038955000039 ], [ 79.797409215000073, 7.822060287000056 ], [ 79.797388285000068, 7.822083870000029 ], [ 79.797367823000059, 7.822109662000059 ], [ 79.79734785900007, 7.822137629000053 ], [ 79.797328470000082, 7.822167666000041 ], [ 79.797309719000054, 7.822199676000025 ], [ 79.797291695000069, 7.822233508000068 ], [ 79.797270319000063, 7.822278119000032 ], [ 79.797251452000069, 7.822322634000045 ], [ 79.797240259000034, 7.822356106000029 ], [ 79.797231149000083, 7.822392377000028 ], [ 79.79722328500003, 7.822436669000069 ], [ 79.797217467000053, 7.822487058000036 ], [ 79.797213831000079, 7.822536456000023 ], [ 79.797207084000036, 7.822659828000042 ], [ 79.797201065000081, 7.822724544000039 ], [ 79.797195844000044, 7.822760429000027 ], [ 79.797161907000032, 7.822954788000061 ], [ 79.797137474000067, 7.823074517000066 ], [ 79.797124964000034, 7.823127482000075 ], [ 79.797111935000032, 7.823177259000033 ], [ 79.797098390000031, 7.823223920000032 ], [ 79.797083917000066, 7.823268939000059 ], [ 79.797067645000084, 7.823315034000075 ], [ 79.797049670000035, 7.823361870000042 ], [ 79.797013380000067, 7.823447309000073 ], [ 79.796971046000067, 7.823536706000027 ], [ 79.796921939000072, 7.823631633000048 ], [ 79.79686378100007, 7.823736513000028 ], [ 79.796803397000076, 7.823840442000062 ], [ 79.796687783000039, 7.824035009000056 ], [ 79.796640919000083, 7.824109694000072 ], [ 79.79653765200004, 7.824267462000023 ], [ 79.796493533000046, 7.824336792000054 ], [ 79.796454213000061, 7.824402465000048 ], [ 79.796420454000042, 7.824465621000058 ], [ 79.796400051000035, 7.82450749700007 ], [ 79.79637979000006, 7.824551968000037 ], [ 79.796338683000045, 7.824650956000028 ], [ 79.79630185700006, 7.824748324000041 ], [ 79.796215103000065, 7.82498831700002 ], [ 79.796190125000066, 7.82505345800007 ], [ 79.796166571000072, 7.82511134300006 ], [ 79.796139670000059, 7.825172704000067 ], [ 79.796112719000064, 7.82522896200004 ], [ 79.796085245000029, 7.82528110100003 ], [ 79.796056977000035, 7.825329627000031 ], [ 79.796035581000069, 7.825363192000054 ], [ 79.796013570000071, 7.825395118000074 ], [ 79.795990886000084, 7.825425494000058 ], [ 79.795967476000044, 7.825454386000047 ], [ 79.79593131200005, 7.825494638000066 ], [ 79.79583253900006, 7.825595425000074 ], [ 79.79578461400007, 7.825640701000054 ], [ 79.795742005000079, 7.825675543000045 ], [ 79.79572143200005, 7.825690089000034 ], [ 79.795701221000058, 7.825702790000037 ], [ 79.795681230000071, 7.825713733000043 ], [ 79.795661437000035, 7.825722932000076 ], [ 79.79564595800008, 7.825728680000054 ], [ 79.79562936800005, 7.825733422000042 ], [ 79.795592236000061, 7.825740045000032 ], [ 79.795546763000061, 7.825743230000057 ], [ 79.795446594000055, 7.825743789000057 ], [ 79.795403494000084, 7.825745878000021 ], [ 79.795380549000072, 7.825748511000029 ], [ 79.795359647000055, 7.825752271000056 ], [ 79.795340382000063, 7.825757230000022 ], [ 79.795322522000049, 7.825763450000068 ], [ 79.795304006000038, 7.825771779000036 ], [ 79.795285236000041, 7.825782141000047 ], [ 79.795266020000042, 7.825794636000069 ], [ 79.795246003000045, 7.825809496000034 ], [ 79.795209464000038, 7.825840524000057 ], [ 79.795121102000053, 7.825922207000076 ], [ 79.795095835000041, 7.825942975000032 ], [ 79.795072515000072, 7.825959756000032 ], [ 79.795046634000073, 7.825975133000043 ], [ 79.795021410000061, 7.825986466000074 ], [ 79.794998556000053, 7.825993456000049 ], [ 79.794966585000054, 7.82599945100003 ], [ 79.794922786000029, 7.826003524000043 ], [ 79.794875384000079, 7.826003667000066 ], [ 79.794824556000037, 7.825999875000036 ], [ 79.794770600000049, 7.825992171000053 ], [ 79.794710595000083, 7.825979834000066 ], [ 79.794682023000064, 7.825972689000025 ], [ 79.794665172000066, 7.825967312000046 ], [ 79.794631472000049, 7.82595303100004 ], [ 79.794551523000052, 7.825913245000038 ], [ 79.794530083000041, 7.82590459100004 ], [ 79.794510810000077, 7.825898705000043 ], [ 79.794489121000083, 7.825894935000065 ], [ 79.794463707000034, 7.825894307000056 ], [ 79.794438064000076, 7.82589695300004 ], [ 79.794411484000079, 7.825902810000059 ], [ 79.794393422000041, 7.825908436000077 ], [ 79.794374939000079, 7.825915465000037 ], [ 79.794336679000082, 7.825933740000039 ], [ 79.794296617000043, 7.825957679000055 ], [ 79.79425453500005, 7.825987407000071 ], [ 79.794205717000068, 7.826026889000048 ], [ 79.794152337000071, 7.826075006000053 ], [ 79.794104081000057, 7.826121965000027 ], [ 79.794068430000038, 7.826162451000073 ], [ 79.794049068000049, 7.826187322000067 ], [ 79.794029776000059, 7.826214171000061 ], [ 79.793990840000049, 7.826274607000073 ], [ 79.793949249000036, 7.826347571000042 ], [ 79.793902853000077, 7.826436662000049 ], [ 79.793870970000057, 7.826505677000057 ], [ 79.793842357000074, 7.82657600400006 ], [ 79.793817277000073, 7.826646995000033 ], [ 79.793795938000073, 7.826718055000072 ], [ 79.793780101000038, 7.82678147300004 ], [ 79.793767506000052, 7.826844144000063 ], [ 79.793760432000056, 7.826891357000022 ], [ 79.793757304000053, 7.826937435000048 ], [ 79.793757429000038, 7.826983484000039 ], [ 79.793760430000077, 7.827034956000034 ], [ 79.793765521000068, 7.827086975000043 ], [ 79.793781661000082, 7.827225794000071 ], [ 79.793785183000068, 7.827267093000046 ], [ 79.793787088000045, 7.827304015000038 ], [ 79.793787347000034, 7.827344998000058 ], [ 79.793785369000034, 7.827383024000028 ], [ 79.793781383000066, 7.827417104000062 ], [ 79.793774044000031, 7.827458681000053 ], [ 79.79376648300007, 7.827492733000042 ], [ 79.79375729700007, 7.827528155000039 ], [ 79.793733556000063, 7.827604955000027 ], [ 79.79370975300003, 7.827671874000032 ], [ 79.793654877000051, 7.827816020000057 ], [ 79.793631876000063, 7.82787929400007 ], [ 79.793604870000081, 7.827960793000045 ], [ 79.793544532000055, 7.82815307900006 ], [ 79.793516759000056, 7.82823819400005 ], [ 79.793485384000064, 7.828326931000049 ], [ 79.793454539000038, 7.828405178000025 ], [ 79.793429501000048, 7.82846220600004 ], [ 79.793392123000046, 7.828540449000059 ], [ 79.793355895000047, 7.828611898000077 ], [ 79.793319145000055, 7.82868015300005 ], [ 79.793282941000029, 7.828743413000041 ], [ 79.793246130000057, 7.828803881000056 ], [ 79.793208671000059, 7.828861626000048 ], [ 79.79317053300008, 7.828916689000039 ], [ 79.793138665000072, 7.828959962000056 ], [ 79.79310752300006, 7.828999864000025 ], [ 79.793085334000068, 7.829025280000053 ], [ 79.793060088000061, 7.829051185000026 ], [ 79.793032933000063, 7.829076616000066 ], [ 79.793001433000029, 7.829104037000036 ], [ 79.792889997000032, 7.82919466900006 ], [ 79.792848398000046, 7.829230007000035 ], [ 79.792808631000071, 7.829267162000065 ], [ 79.792775859000074, 7.829302313000028 ], [ 79.79276001900007, 7.829321690000029 ], [ 79.792745832000037, 7.829341027000055 ], [ 79.792733215000055, 7.829360440000073 ], [ 79.79272211600005, 7.829380007000054 ], [ 79.792709222000042, 7.829406151000057 ], [ 79.792697138000051, 7.82943373300003 ], [ 79.792685913000071, 7.829462639000042 ], [ 79.79267554900008, 7.829492859000027 ], [ 79.792665258000056, 7.829527220000045 ], [ 79.792656019000049, 7.829563048000068 ], [ 79.792647847000069, 7.829600282000058 ], [ 79.792640758000061, 7.829638849000048 ], [ 79.792634765000059, 7.829678686000022 ], [ 79.792629892000036, 7.829719650000072 ], [ 79.792626152000082, 7.829761607000023 ], [ 79.792623565000042, 7.829804378000063 ], [ 79.79262202600006, 7.82987726600004 ], [ 79.792625288000067, 7.829946254000049 ], [ 79.792633721000072, 7.830020553000054 ], [ 79.792647341000077, 7.830098741000029 ], [ 79.79266291600004, 7.830168031000028 ], [ 79.792682358000036, 7.830240960000026 ], [ 79.792708247000064, 7.830325682000023 ], [ 79.792730439000081, 7.830389435000029 ], [ 79.792747423000037, 7.830429135000031 ], [ 79.792768538000075, 7.830472587000031 ], [ 79.792847316000064, 7.830617917000041 ], [ 79.792875793000064, 7.830674128000055 ], [ 79.792889234000029, 7.830703672000027 ], [ 79.792900736000036, 7.830731719000028 ], [ 79.792910371000062, 7.830758364000076 ], [ 79.79291895800003, 7.830785925000043 ], [ 79.79293203800006, 7.830836749000071 ], [ 79.792943501000082, 7.83089381000002 ], [ 79.792953189000059, 7.830954305000034 ], [ 79.792977267000083, 7.831125089000068 ], [ 79.792986647000077, 7.831177694000075 ], [ 79.792996611000035, 7.831222849000028 ], [ 79.793009385000062, 7.83126997200003 ], [ 79.793025843000066, 7.831322413000066 ], [ 79.793084382000075, 7.83148813300005 ], [ 79.793103255000062, 7.831544497000039 ], [ 79.793118570000047, 7.831596029000025 ], [ 79.793130174000055, 7.831642829000032 ], [ 79.793138678000048, 7.831687818000034 ], [ 79.793143842000063, 7.831730377000042 ], [ 79.793145730000049, 7.831770864000021 ], [ 79.793144401000063, 7.831810732000065 ], [ 79.793140258000051, 7.831849374000058 ], [ 79.793133282000042, 7.831889636000028 ], [ 79.793123404000085, 7.831931921000034 ], [ 79.793110447000061, 7.831976999000062 ], [ 79.793097020000062, 7.832017649000022 ], [ 79.793080650000036, 7.832062761000032 ], [ 79.793017167000073, 7.832223913000064 ], [ 79.792992992000052, 7.832289040000035 ], [ 79.792972709000082, 7.832351487000039 ], [ 79.792951622000032, 7.83242929000005 ], [ 79.792927804000044, 7.832527225000035 ], [ 79.792903737000074, 7.832636944000058 ], [ 79.792830615000071, 7.833007297000051 ], [ 79.792801327000063, 7.833146372000044 ], [ 79.792784918000052, 7.833217590000061 ], [ 79.792768426000066, 7.833284031000062 ], [ 79.792751563000081, 7.833346873000039 ], [ 79.792734162000045, 7.833406721000074 ], [ 79.79271654300004, 7.833462651000048 ], [ 79.792699104000064, 7.833513692000054 ], [ 79.792679587000066, 7.833566219000033 ], [ 79.792657521000081, 7.833621504000064 ], [ 79.792607543000031, 7.833736965000071 ], [ 79.792501372000061, 7.833967082000072 ], [ 79.792457917000036, 7.834064815000033 ], [ 79.792415522000056, 7.834168474000023 ], [ 79.792397652000034, 7.834216493000042 ], [ 79.792381683000031, 7.834262805000037 ], [ 79.792366284000082, 7.834311540000044 ], [ 79.792351265000036, 7.834363211000039 ], [ 79.792321937000054, 7.834476907000067 ], [ 79.792297228000052, 7.834585458000049 ], [ 79.792243561000078, 7.834836488000064 ], [ 79.79221586500006, 7.834954398000036 ], [ 79.79218377400008, 7.835074174000056 ], [ 79.792137650000029, 7.835236726000062 ], [ 79.79208699600008, 7.835404815000061 ], [ 79.792060408000054, 7.83548825500003 ], [ 79.792046560000074, 7.835528355000065 ], [ 79.792014322000057, 7.83561105900003 ], [ 79.79193521600007, 7.835798516000068 ], [ 79.791917315000035, 7.835844462000068 ], [ 79.791902305000065, 7.835886366000068 ], [ 79.791888731000085, 7.835928765000062 ], [ 79.791877598000042, 7.835969122000051 ], [ 79.791868783000041, 7.836007830000028 ], [ 79.791861988000051, 7.836046231000068 ], [ 79.791853592000052, 7.836114350000059 ], [ 79.791848239000046, 7.836190974000033 ], [ 79.791845632000047, 7.836273194000057 ], [ 79.79184383200004, 7.836424071000067 ], [ 79.791844547000039, 7.836473441000066 ], [ 79.791846729000042, 7.836528446000045 ], [ 79.791858184000034, 7.836710296000035 ], [ 79.791861526000048, 7.836777399000027 ], [ 79.791862963000085, 7.836843263000048 ], [ 79.79186197100006, 7.836902859000077 ], [ 79.791859369000065, 7.836951989000056 ], [ 79.79185504700007, 7.837006042000041 ], [ 79.791829201000041, 7.837246267000069 ], [ 79.791817460000061, 7.837404677000052 ], [ 79.79180057700006, 7.837570954000057 ], [ 79.791795080000043, 7.83763460800003 ], [ 79.791792056000077, 7.837687450000033 ], [ 79.791791083000078, 7.837735169000041 ], [ 79.791792132000069, 7.837779351000052 ], [ 79.791795223000065, 7.837820640000075 ], [ 79.791801933000045, 7.837868448000052 ], [ 79.791811903000053, 7.837913092000065 ], [ 79.791824571000063, 7.837953033000076 ], [ 79.791840819000072, 7.837990028000036 ], [ 79.791858681000065, 7.838022602000024 ], [ 79.791881191000073, 7.838058019000073 ], [ 79.791904969000029, 7.838092016000076 ], [ 79.791967698000065, 7.838177979000022 ], [ 79.791999486000066, 7.838225830000056 ], [ 79.792013774000054, 7.838250266000045 ], [ 79.792025916000057, 7.83827367300006 ], [ 79.792049287000054, 7.838328769000043 ], [ 79.79206780100003, 7.838377432000073 ], [ 79.792083916000081, 7.838424127000053 ], [ 79.792097698000077, 7.838469048000036 ], [ 79.792109173000085, 7.838512286000025 ], [ 79.792118373000051, 7.838553967000053 ], [ 79.792125286000044, 7.838594062000027 ], [ 79.792129922000072, 7.838632680000046 ], [ 79.792132239000068, 7.838669424000045 ], [ 79.792131046000065, 7.838704181000026 ], [ 79.79212573500007, 7.838740323000025 ], [ 79.792116258000078, 7.838778199000046 ], [ 79.792102450000073, 7.838818475000039 ], [ 79.792087055000081, 7.838855347000049 ], [ 79.792067651000082, 7.838896203000047 ], [ 79.791990663000036, 7.83904145200006 ], [ 79.791962074000082, 7.839099822000037 ], [ 79.791948673000036, 7.839131019000035 ], [ 79.791937731000075, 7.839160231000051 ], [ 79.79192904100006, 7.839188010000044 ], [ 79.791922515000067, 7.839214643000048 ], [ 79.791917519000037, 7.839244961000077 ], [ 79.791915435000078, 7.839274227000033 ], [ 79.791916352000044, 7.839311354000074 ], [ 79.791919377000056, 7.839357083000039 ], [ 79.791924420000043, 7.839405241000065 ], [ 79.791931275000081, 7.839452192000067 ], [ 79.791939867000053, 7.839497417000075 ], [ 79.791950130000032, 7.839540586000055 ], [ 79.791963778000081, 7.83958691600003 ], [ 79.791979432000062, 7.839629959000035 ], [ 79.791997017000085, 7.839669507000053 ], [ 79.792016471000068, 7.839705422000065 ], [ 79.792037773000061, 7.83973764600006 ], [ 79.792060843000058, 7.839766042000065 ], [ 79.792084240000065, 7.839789193000058 ], [ 79.792111592000083, 7.839810572000033 ], [ 79.792145514000083, 7.839831967000066 ], [ 79.792186498000035, 7.839853416000039 ], [ 79.792224923000049, 7.839871087000063 ], [ 79.792323765000049, 7.839913982000041 ], [ 79.79238558600008, 7.839944059000061 ], [ 79.792415540000036, 7.839957622000043 ], [ 79.792487834000042, 7.839986277000037 ], [ 79.792670280000038, 7.840051594000045 ], [ 79.79271856500003, 7.840071370000032 ], [ 79.792760060000035, 7.840090813000074 ], [ 79.79278557300006, 7.840104413000063 ], [ 79.792808935000039, 7.840118363000045 ], [ 79.79283033400003, 7.840132777000065 ], [ 79.792849884000077, 7.840147731000059 ], [ 79.792867651000051, 7.840163275000066 ], [ 79.792883721000067, 7.840179478000039 ], [ 79.792898070000035, 7.840196295000055 ], [ 79.792911300000071, 7.840214427000035 ], [ 79.792931127000031, 7.840247937000072 ], [ 79.792948274000082, 7.840285763000054 ], [ 79.792962937000084, 7.840328310000075 ], [ 79.792975417000036, 7.840376451000054 ], [ 79.792984038000043, 7.840419693000058 ], [ 79.792991903000029, 7.840469324000026 ], [ 79.793012202000057, 7.840634415000068 ], [ 79.793020435000074, 7.84069284800006 ], [ 79.79303012400004, 7.840746887000023 ], [ 79.793041192000032, 7.840794247000076 ], [ 79.793075988000055, 7.840911018000043 ], [ 79.793113083000037, 7.841029099000025 ], [ 79.793147140000031, 7.841131327000028 ], [ 79.793180745000029, 7.841225865000069 ], [ 79.79320834400005, 7.841298739000024 ], [ 79.793254928000067, 7.841414018000023 ], [ 79.793310542000029, 7.841558623000026 ], [ 79.793333238000059, 7.841611577000037 ], [ 79.793355359000032, 7.841656706000038 ], [ 79.793381884000041, 7.841702500000054 ], [ 79.793410087000041, 7.841742511000064 ], [ 79.793472038000061, 7.841817029000026 ], [ 79.793496381000068, 7.841843614000027 ], [ 79.793518977000076, 7.841866085000049 ], [ 79.793542678000051, 7.841886870000053 ], [ 79.793565135000051, 7.841903450000075 ], [ 79.793586522000055, 7.841915951000033 ], [ 79.793606920000059, 7.841924418000076 ], [ 79.793625353000039, 7.84192863100003 ], [ 79.79364460000005, 7.841929353000069 ], [ 79.793664862000071, 7.841926593000039 ], [ 79.793686269000034, 7.841920329000061 ], [ 79.793703721000043, 7.841913052000052 ], [ 79.793722125000045, 7.841903588000037 ], [ 79.793741671000078, 7.841891841000063 ], [ 79.793762729000036, 7.841877589000035 ], [ 79.793803032000085, 7.841847002000065 ], [ 79.793908472000055, 7.841761316000031 ], [ 79.793939148000049, 7.84173888600003 ], [ 79.793966631000046, 7.841721179000047 ], [ 79.79400015300007, 7.84170315800003 ], [ 79.794052367000063, 7.84167749900007 ], [ 79.794288987000073, 7.841570457000046 ], [ 79.794345513000053, 7.841543201000036 ], [ 79.79439534200003, 7.841517306000071 ], [ 79.794421086000057, 7.841502118000051 ], [ 79.794449793000069, 7.841482930000041 ], [ 79.794541411000068, 7.841415080000047 ], [ 79.79457294000008, 7.841392861000031 ], [ 79.794602509000072, 7.841374264000024 ], [ 79.794629041000064, 7.841360313000052 ], [ 79.794654157000082, 7.841350276000071 ], [ 79.794677622000052, 7.841344378000031 ], [ 79.794699986000069, 7.841342496000038 ], [ 79.794722558000046, 7.841344441000047 ], [ 79.79474583700005, 7.841350376000037 ], [ 79.794769483000039, 7.841360326000029 ], [ 79.794793619000075, 7.841374346000066 ], [ 79.794818448000058, 7.841392549000034 ], [ 79.794836658000065, 7.841408134000062 ], [ 79.794855497000071, 7.841426056000046 ], [ 79.794895967000059, 7.841469797000059 ], [ 79.794935602000066, 7.841517765000049 ], [ 79.795038102000035, 7.841648127000042 ], [ 79.795068441000069, 7.841683778000061 ], [ 79.795095964000041, 7.841713327000036 ], [ 79.795115534000047, 7.841732318000027 ], [ 79.79515768300007, 7.841770273000066 ], [ 79.795363706000046, 7.841949225000064 ], [ 79.795456116000082, 7.84203315600007 ], [ 79.795502447000047, 7.842078016000073 ], [ 79.79554452800005, 7.842121174000056 ], [ 79.795585949000042, 7.842166474000067 ], [ 79.795630336000045, 7.842217570000059 ], [ 79.79569011500007, 7.842290185000024 ], [ 79.795751529000086, 7.842369064000025 ], [ 79.795818832000066, 7.842459971000039 ], [ 79.795879124000066, 7.842545374000053 ], [ 79.79590978400006, 7.842592854000031 ], [ 79.795942382000078, 7.84264679100005 ], [ 79.79604697700006, 7.842831171000057 ], [ 79.796087481000029, 7.842899892000048 ], [ 79.796130194000057, 7.842966802000035 ], [ 79.796171566000055, 7.843025025000031 ], [ 79.796209549000082, 7.843071826000028 ], [ 79.796255269000085, 7.843121713000073 ], [ 79.796300870000039, 7.843167552000068 ], [ 79.796409169000071, 7.843272398000067 ], [ 79.796459539000068, 7.843324192000068 ], [ 79.796502174000068, 7.843372696000074 ], [ 79.796537690000036, 7.843418945000053 ], [ 79.796553589000041, 7.843442363000065 ], [ 79.796568542000045, 7.843466533000026 ], [ 79.796598913000082, 7.843522170000028 ], [ 79.796627760000035, 7.843583944000045 ], [ 79.796657082000081, 7.843655965000039 ], [ 79.796725941000034, 7.843845825000074 ], [ 79.796758877000059, 7.843931409000049 ], [ 79.796767263000049, 7.843955987000072 ], [ 79.79678255500005, 7.844013372000063 ], [ 79.796812455000065, 7.844149640000069 ], [ 79.796820385000046, 7.844179760000031 ], [ 79.796828424000068, 7.844205677000048 ], [ 79.796837806000042, 7.844230595000056 ], [ 79.796847865000075, 7.844251988000053 ], [ 79.796858753000038, 7.844270178000045 ], [ 79.796870566000052, 7.844285319000051 ], [ 79.796886421000067, 7.844299867000075 ], [ 79.796903909000036, 7.844310108000059 ], [ 79.796921785000052, 7.844315664000021 ], [ 79.796942500000057, 7.844317133000061 ], [ 79.796962639000071, 7.844315334000044 ], [ 79.796986330000038, 7.844310704000065 ], [ 79.797078432000035, 7.844284425000069 ], [ 79.797116449000043, 7.844276082000022 ], [ 79.797135141000069, 7.844273852000072 ], [ 79.79715212800005, 7.844273418000057 ], [ 79.797166269000058, 7.84427456800006 ], [ 79.797186906000036, 7.844278082000073 ], [ 79.797213689000046, 7.844284726000069 ], [ 79.79724137200003, 7.844293841000024 ], [ 79.797269903000085, 7.844305410000061 ], [ 79.797299216000056, 7.844319408000047 ], [ 79.797329279000053, 7.844335822000062 ], [ 79.797359922000055, 7.84435456600005 ], [ 79.797390995000058, 7.844375549000063 ], [ 79.797422251000057, 7.844398605000038 ], [ 79.79745164600007, 7.844422766000037 ], [ 79.797463537000056, 7.844434819000071 ], [ 79.797474818000069, 7.844448037000063 ], [ 79.797485889000029, 7.844462994000025 ], [ 79.797496375000037, 7.844479290000038 ], [ 79.79751576700005, 7.84451619500004 ], [ 79.797531406000076, 7.844554018000053 ], [ 79.797546344000068, 7.844598392000023 ], [ 79.797559566000075, 7.844644556000048 ], [ 79.797592078000037, 7.844767704000049 ], [ 79.797602711000081, 7.844803006000063 ], [ 79.797613240000032, 7.844833630000039 ], [ 79.797626733000072, 7.844866843000034 ], [ 79.797641153000029, 7.844895910000048 ], [ 79.798293560000047, 7.845349209000062 ], [ 79.798325842000054, 7.845355917000063 ], [ 79.79835563000006, 7.845360433000053 ], [ 79.798389675000067, 7.845364248000067 ], [ 79.798511501000064, 7.845373607000056 ], [ 79.798559131000047, 7.845378384000071 ], [ 79.798606119000056, 7.845385552000039 ], [ 79.798646599000051, 7.845394931000044 ], [ 79.798726259000034, 7.84542020300006 ], [ 79.798886996000078, 7.845466189000035 ], [ 79.798926840000036, 7.845479 ], [ 79.798961701000053, 7.845491514000059 ], [ 79.799002944000051, 7.845508692000067 ], [ 79.799038412000073, 7.845526590000077 ], [ 79.799068743000078, 7.845545533000063 ], [ 79.799094210000078, 7.845565693000026 ], [ 79.79910650100004, 7.845577658000025 ], [ 79.799117324000065, 7.845590077000054 ], [ 79.799126698000066, 7.845602968000037 ], [ 79.799134632000062, 7.845616349000068 ], [ 79.79914063700005, 7.84562913700006 ], [ 79.79914533200008, 7.845642674000032 ], [ 79.799148899000045, 7.845657474000063 ], [ 79.79915132800005, 7.845673556000065 ], [ 79.799152907000064, 7.84570317400005 ], [ 79.799151531000064, 7.845737955000061 ], [ 79.799148066000043, 7.84577292900002 ], [ 79.79913657700007, 7.845865014000026 ], [ 79.799133190000077, 7.845914648000075 ], [ 79.799133330000075, 7.845938 ], [ 79.799134885000058, 7.845959379000021 ], [ 79.799143629000071, 7.846009048000042 ], [ 79.799151788000074, 7.846044319000043 ], [ 79.799161428000048, 7.846079922000058 ], [ 79.799172514000077, 7.846115732000044 ], [ 79.799185005000083, 7.846151610000049 ], [ 79.799198853000064, 7.846187420000035 ], [ 79.799213991000045, 7.846222990000058 ], [ 79.799230349000084, 7.846258147000071 ], [ 79.799247844000035, 7.846292719000076 ], [ 79.799273371000083, 7.846338598000045 ], [ 79.799296960000049, 7.84637641300003 ], [ 79.799322600000039, 7.846411660000058 ], [ 79.799352379000084, 7.846447538000064 ], [ 79.799382699000034, 7.846480447000033 ], [ 79.799417954000035, 7.846515756000031 ], [ 79.799561492000066, 7.846648691000041 ], [ 79.799620170000082, 7.84670697100006 ], [ 79.799638800000082, 7.846727822000048 ], [ 79.799659109000061, 7.84675268500007 ], [ 79.799730813000053, 7.846847965000052 ], [ 79.79976020600003, 7.846884717000023 ], [ 79.799791491000065, 7.846918741000025 ], [ 79.799806252000053, 7.846932416000072 ], [ 79.799820674000046, 7.84694410700007 ], [ 79.799838641000065, 7.846956218000059 ], [ 79.799856419000037, 7.846965410000053 ], [ 79.799873977000061, 7.846971703000065 ], [ 79.799892217000036, 7.846975413000052 ], [ 79.799911743000052, 7.846976611000059 ], [ 79.799932345000059, 7.846975220000047 ], [ 79.799954125000056, 7.846971236000059 ], [ 79.799977235000085, 7.846964631000048 ], [ 79.800016632000052, 7.84694885600004 ], [ 79.800061360000029, 7.846925859000066 ], [ 79.800107906000051, 7.846898230000022 ], [ 79.800238597000032, 7.846815917000072 ], [ 79.800278356000035, 7.846793516000048 ], [ 79.800313709000079, 7.846776178000027 ], [ 79.800371030000065, 7.846752455000058 ], [ 79.800468213000045, 7.846707608000031 ], [ 79.800512961000038, 7.846690575000025 ], [ 79.800539904000061, 7.84668328500004 ], [ 79.800564490000056, 7.846679438000024 ], [ 79.800586969000051, 7.84667894100005 ], [ 79.800608916000044, 7.846681785000044 ], [ 79.800634495000054, 7.846689217000062 ], [ 79.800660722000032, 7.846701160000066 ], [ 79.80068785900005, 7.846717732000059 ], [ 79.800716428000044, 7.846739246000027 ], [ 79.800738331000048, 7.846758125000065 ], [ 79.80076216100008, 7.846780540000054 ], [ 79.80085927500005, 7.84687996200006 ], [ 79.800911882000037, 7.846929676000059 ], [ 79.800937275000081, 7.846957554000028 ], [ 79.800964290000081, 7.84699174800005 ], [ 79.800989324000057, 7.847026609000068 ], [ 79.801047464000078, 7.847111196000071 ], [ 79.801077249000059, 7.847151251000071 ], [ 79.801107211000044, 7.84718606000007 ], [ 79.801121571000067, 7.847200323000038 ], [ 79.801135739000074, 7.847212719000026 ], [ 79.801153518000035, 7.84722584900004 ], [ 79.801171323000062, 7.847236273000021 ], [ 79.801189278000038, 7.847244064000051 ], [ 79.801207470000065, 7.847249260000069 ], [ 79.801228218000062, 7.847252193000031 ], [ 79.80125210500006, 7.847253109000064 ], [ 79.801277622000043, 7.847251935000031 ], [ 79.801304691000041, 7.847248707000062 ], [ 79.801339324000082, 7.84724204500003 ], [ 79.801374806000069, 7.847232556000051 ], [ 79.801410116000056, 7.84722051500006 ], [ 79.801444090000075, 7.84720631700003 ], [ 79.801474640000038, 7.847190959000045 ], [ 79.80150139300008, 7.847174791000043 ], [ 79.801521566000076, 7.847159120000072 ], [ 79.801540965000072, 7.847140166000031 ], [ 79.80156123200004, 7.847115874000053 ], [ 79.801581587000044, 7.847086704000048 ], [ 79.801602795000065, 7.847051700000065 ], [ 79.801650318000043, 7.846965666000074 ], [ 79.801672819000032, 7.846927806000053 ], [ 79.801689183000065, 7.846903337000072 ], [ 79.801718635000043, 7.846864223000068 ], [ 79.80174154000008, 7.846831166000072 ], [ 79.801823557000034, 7.846701610000025 ], [ 79.801854844000047, 7.846654626000031 ], [ 79.80188269100006, 7.846616807000032 ], [ 79.801908969000067, 7.846585582000046 ], [ 79.801934537000079, 7.846559936000062 ], [ 79.801959757000077, 7.846539522000057 ], [ 79.801973672000031, 7.846530383000072 ], [ 79.801987598000039, 7.846522754000034 ], [ 79.802001565000069, 7.84651662300007 ], [ 79.802015593000078, 7.846511975000055 ], [ 79.802029539000046, 7.846508836000055 ], [ 79.802043583000057, 7.84650713700006 ], [ 79.802057590000061, 7.846506867000073 ], [ 79.802073418000077, 7.846507959000064 ], [ 79.802091377000067, 7.846510564000027 ], [ 79.802110666000033, 7.846514662000061 ], [ 79.802153345000079, 7.846527374000061 ], [ 79.802202608000073, 7.846546514000067 ], [ 79.802256871000054, 7.846571428000061 ], [ 79.802276852000034, 7.846582784000077 ], [ 79.80229621400008, 7.846595716000024 ], [ 79.802314998000043, 7.846610256000076 ], [ 79.802333259000079, 7.846626438000044 ], [ 79.802351029000079, 7.846644292000065 ], [ 79.802368407000074, 7.846663913000043 ], [ 79.802385482000034, 7.846685395000065 ], [ 79.802402372000074, 7.846708892000038 ], [ 79.802429503000042, 7.846751394000023 ], [ 79.80245770700003, 7.846801471000049 ], [ 79.80248350800008, 7.846851524000044 ], [ 79.802545784000074, 7.846977419000041 ], [ 79.802580392000039, 7.847041950000062 ], [ 79.80259909800003, 7.847073504000036 ], [ 79.802617553000061, 7.84710205500005 ], [ 79.802636073000031, 7.847128090000069 ], [ 79.802654829000062, 7.847151846000031 ], [ 79.802680400000042, 7.847181491000072 ], [ 79.802708112000062, 7.847211677000075 ], [ 79.802771406000033, 7.847275239000055 ], [ 79.802834215000075, 7.847333668000033 ], [ 79.802985013000068, 7.847469089000072 ], [ 79.803057253000077, 7.847537944000067 ], [ 79.803090508000082, 7.84757201900004 ], [ 79.803120766000063, 7.847604975000024 ], [ 79.803148491000059, 7.847637317000022 ], [ 79.803173924000077, 7.847669328000052 ], [ 79.803188670000054, 7.84768933600003 ], [ 79.803667832000031, 7.848185777000026 ], [ 79.803688599000054, 7.848199181000041 ], [ 79.803709846000061, 7.848215605000064 ], [ 79.803730216000076, 7.848234020000064 ], [ 79.803750161000039, 7.848254778000069 ], [ 79.803778965000049, 7.848289762000036 ], [ 79.803808373000038, 7.848331528000074 ], [ 79.803836869000065, 7.848376962000032 ], [ 79.803913613000077, 7.848506300000054 ], [ 79.803938638000034, 7.848544357000037 ], [ 79.803962514000034, 7.848576903000037 ], [ 79.804000430000031, 7.848622405000071 ], [ 79.804046265000068, 7.848673749000056 ], [ 79.804101160000073, 7.84873207000004 ], [ 79.804272431000072, 7.848909243000037 ], [ 79.804325383000048, 7.848967650000077 ], [ 79.804371423000077, 7.84902214400006 ], [ 79.804415087000052, 7.849077280000074 ], [ 79.804516810000052, 7.849209833000032 ], [ 79.804587795000032, 7.849297040000067 ], [ 79.804617433000033, 7.849336005000055 ], [ 79.804666525000073, 7.849406894000026 ], [ 79.80477871800008, 7.849578432000044 ], [ 79.804831705000083, 7.849653240000066 ], [ 79.804856690000065, 7.849685366000074 ], [ 79.804880805000039, 7.849714048000067 ], [ 79.804904358000044, 7.849739654000075 ], [ 79.804927528000064, 7.849762375000068 ], [ 79.804947045000063, 7.849779540000043 ], [ 79.804966451000041, 7.849794776000067 ], [ 79.804985801000043, 7.849808123000059 ], [ 79.805005136000034, 7.849819612000033 ], [ 79.805024503000084, 7.849829267000075 ], [ 79.805043924000074, 7.849837101000048 ], [ 79.805063424000082, 7.84984312000006 ], [ 79.805083029000059, 7.84984733400006 ], [ 79.805103305000046, 7.849849789000075 ], [ 79.805123733000073, 7.849850343000071 ], [ 79.805141247000051, 7.849849320000033 ], [ 79.80517229600008, 7.849845615000049 ], [ 79.805201708000084, 7.849840851000067 ], [ 79.805228430000057, 7.849835124000037 ], [ 79.805252513000084, 7.84982842200003 ], [ 79.805273939000074, 7.84982074800007 ], [ 79.805297106000069, 7.849809719000064 ], [ 79.805313158000047, 7.849798773000032 ], [ 79.805326904000083, 7.849783643000023 ], [ 79.805339380000078, 7.849763408000058 ], [ 79.805349481000064, 7.84974113100003 ], [ 79.805359174000046, 7.849713784000073 ], [ 79.805384143000083, 7.849623602000065 ], [ 79.805392090000055, 7.849597927000048 ], [ 79.805400309000049, 7.849577062000037 ], [ 79.80540882400004, 7.84956156800007 ], [ 79.805418972000041, 7.849549952000075 ], [ 79.805424427000048, 7.849546196000063 ], [ 79.805430171000069, 7.849543782000069 ], [ 79.805436163000081, 7.849542703000054 ], [ 79.805443103000073, 7.849542880000058 ], [ 79.805458198000053, 7.849546936000024 ], [ 79.80547622000006, 7.849556525000025 ], [ 79.805497206000041, 7.849571949000051 ], [ 79.805520088000037, 7.849591917000055 ], [ 79.805588241000066, 7.84965561000007 ], [ 79.805607642000041, 7.849671346000036 ], [ 79.805631044000052, 7.849687662000065 ], [ 79.80566544900006, 7.84970940900007 ], [ 79.805704908000052, 7.849732112000027 ], [ 79.805852655000081, 7.849809544000038 ], [ 79.80591124700004, 7.849842557000045 ], [ 79.80594153800007, 7.849861536000049 ], [ 79.805968783000083, 7.849880321000057 ], [ 79.805993511000054, 7.849899278000066 ], [ 79.80601598100003, 7.849918607000063 ], [ 79.80603853100007, 7.849940722000042 ], [ 79.806054869000036, 7.849959626000043 ], [ 79.806070663000071, 7.849982320000038 ], [ 79.806086075000053, 7.850009142000033 ], [ 79.806099502000052, 7.850036430000046 ], [ 79.806113420000031, 7.850068394000061 ], [ 79.806156004000059, 7.850178403000029 ], [ 79.806171808000045, 7.850216403000047 ], [ 79.806188968000072, 7.850251494000076 ], [ 79.806205826000053, 7.850278608000053 ], [ 79.80621631300005, 7.850291811000034 ], [ 79.806227068000055, 7.850302624000051 ], [ 79.806238172000064, 7.850311130000023 ], [ 79.806249682000043, 7.850317371000074 ], [ 79.806262237000055, 7.850321566000048 ], [ 79.806276106000041, 7.850323873000036 ], [ 79.806290881000052, 7.850324216000047 ], [ 79.806306662000054, 7.850322617000074 ], [ 79.806323127000041, 7.850319161000073 ], [ 79.806340607000038, 7.850313831000051 ], [ 79.806359135000037, 7.850306615000022 ], [ 79.806378761000076, 7.850297494000074 ], [ 79.806421499000066, 7.850273461000029 ], [ 79.806469888000038, 7.850241136000022 ], [ 79.806523153000057, 7.85020137500004 ], [ 79.806647674000033, 7.850102066000034 ], [ 79.806772543000079, 7.85000640100003 ], [ 79.806821925000065, 7.849965158000032 ], [ 79.806863192000037, 7.849926720000042 ], [ 79.806895078000082, 7.849892968000063 ], [ 79.806922526000051, 7.849859433000063 ], [ 79.806945153000072, 7.849826842000027 ], [ 79.806967, 7.849789268000052 ], [ 79.806988912000065, 7.849744744000077 ], [ 79.807009307000044, 7.849695789000066 ], [ 79.807029228000033, 7.849639137000054 ], [ 79.807043017000069, 7.849591154000052 ], [ 79.807050094000033, 7.849555475000045 ], [ 79.807054890000074, 7.849517886000058 ], [ 79.807057446000044, 7.849478073000057 ], [ 79.807057799000063, 7.849435461000041 ], [ 79.807056163000084, 7.849392614000067 ], [ 79.807052573000078, 7.849345088000064 ], [ 79.807029395000029, 7.849141339000028 ], [ 79.807025190000047, 7.849093782000068 ], [ 79.807022784000083, 7.849051345000021 ], [ 79.807021995000071, 7.848951199000055 ], [ 79.807018938000056, 7.848817483000062 ], [ 79.807018607000032, 7.848756421000076 ], [ 79.80702098900008, 7.848687261000066 ], [ 79.807026865000068, 7.848626748000072 ], [ 79.80703449400005, 7.848581418000038 ], [ 79.807044073000043, 7.848542723000037 ], [ 79.807057406000069, 7.84850500400006 ], [ 79.807075077000036, 7.848466253000026 ], [ 79.807098262000068, 7.848424348000037 ], [ 79.807127274000038, 7.848379087000069 ], [ 79.807160718000034, 7.848331938000058 ], [ 79.807259400000078, 7.848199113000021 ], [ 79.807287797000072, 7.848157137000044 ], [ 79.807311042000038, 7.848118814000031 ], [ 79.807333891000042, 7.848074566000037 ], [ 79.807351210000036, 7.848032012000033 ], [ 79.807362835000049, 7.847992482000052 ], [ 79.807373372000029, 7.847940504000064 ], [ 79.807378880000044, 7.847902182000041 ], [ 79.807383128000083, 7.84786086500003 ], [ 79.807386206000047, 7.847815740000044 ], [ 79.807388295000067, 7.847764214000051 ], [ 79.807392138000068, 7.847586954000064 ], [ 79.807392653000079, 7.847558289000062 ], [ 79.807393053000055, 7.847535999000058 ], [ 79.807393072000082, 7.847534928000073 ], [ 79.807392779000054, 7.847521065000024 ], [ 79.807392226000047, 7.847494987000061 ], [ 79.807391625000037, 7.847466639000061 ], [ 79.807389201000035, 7.847352253000054 ], [ 79.807388999000068, 7.847292038000035 ], [ 79.807391128000063, 7.847232124000072 ], [ 79.807395959000075, 7.847178166000049 ], [ 79.807400854000036, 7.847142649000034 ], [ 79.807407240000032, 7.847105746000068 ], [ 79.807424809000054, 7.84702599600007 ], [ 79.807445896000047, 7.846947048000061 ], [ 79.807462482000062, 7.84688972500004 ], [ 79.807505716000037, 7.846740290000071 ], [ 79.807521290000068, 7.846678871000051 ], [ 79.807533265000075, 7.846623400000055 ], [ 79.80754488000008, 7.846553065000023 ], [ 79.807556569000042, 7.846461066000074 ], [ 79.807565622000084, 7.846368220000045 ], [ 79.807572833000052, 7.846268418000022 ], [ 79.807578295000042, 7.846161583000026 ], [ 79.807582578000051, 7.84603786100007 ], [ 79.807587123000076, 7.845847441000046 ] ], [ [ 79.799879999000041, 7.845070231000022 ], [ 79.799887812000065, 7.845048322000025 ], [ 79.799898316000053, 7.845026504000032 ], [ 79.799911603000055, 7.845004582000058 ], [ 79.799927878000062, 7.844982217000052 ], [ 79.799944971000059, 7.844961752000074 ], [ 79.799965262000057, 7.844939846000045 ], [ 79.80006026600006, 7.84484734800003 ], [ 79.800081680000062, 7.844824978000076 ], [ 79.800099712000076, 7.844804373000045 ], [ 79.800142768000057, 7.844749697000054 ], [ 79.800230568000075, 7.844645670000034 ], [ 79.800268695000057, 7.844597621000048 ], [ 79.800288452000075, 7.844570215000033 ], [ 79.800305445000049, 7.84454424300003 ], [ 79.800320017000047, 7.84451918000002 ], [ 79.800332321000042, 7.844494757000064 ], [ 79.800343441000052, 7.844468160000076 ], [ 79.800351976000059, 7.844441909000068 ], [ 79.800357869000038, 7.84441638100003 ], [ 79.800361333000069, 7.844390335000071 ], [ 79.800362617000076, 7.844368410000072 ], [ 79.800362757000073, 7.844344044000024 ], [ 79.800356768000086, 7.844226334000041 ], [ 79.800356562000047, 7.844198899000048 ], [ 79.800357733000055, 7.84417086600007 ], [ 79.800362286000052, 7.844115628000054 ], [ 79.800376335000067, 7.843993676000025 ], [ 79.800381290000075, 7.84393966600004 ], [ 79.800383559000068, 7.843890520000059 ], [ 79.800382280000065, 7.843837381000071 ], [ 79.800383202000035, 7.843814555000051 ], [ 79.800388862000034, 7.843780366000033 ], [ 79.80039954700004, 7.843740282000056 ], [ 79.800405005000073, 7.843725273000075 ], [ 79.800411957000051, 7.843710132000069 ], [ 79.800420475000067, 7.843694701000061 ], [ 79.800430726000059, 7.843678673000056 ], [ 79.800451876000068, 7.843650101000037 ], [ 79.800506058000053, 7.843583324000065 ], [ 79.80053029000004, 7.843548148000025 ], [ 79.800545763000059, 7.843518206000056 ], [ 79.800564117000079, 7.843468962000031 ], [ 79.800576422000063, 7.843446922000055 ], [ 79.800595001000033, 7.843422361000023 ], [ 79.800637800000061, 7.843374824000023 ], [ 79.800654837000081, 7.843353824000076 ], [ 79.800669804000051, 7.843330396000056 ], [ 79.800684187000059, 7.843297838000069 ], [ 79.800693198000033, 7.843282015000057 ], [ 79.800708138000061, 7.843262282000069 ], [ 79.800727288000076, 7.843242580000037 ], [ 79.800745205000055, 7.843227071000058 ], [ 79.800767399000051, 7.843209930000057 ], [ 79.800808215000075, 7.843180587000063 ], [ 79.800833199000067, 7.843164173000048 ], [ 79.800851547000036, 7.843153752000035 ], [ 79.800868566000076, 7.843145728000025 ], [ 79.800885104000031, 7.843139825000037 ], [ 79.800902959000041, 7.843135277000044 ], [ 79.800931583000079, 7.843130991000066 ], [ 79.80096465400004, 7.843129270000077 ], [ 79.801085336000085, 7.843132320000052 ], [ 79.801181389000078, 7.843126930000039 ], [ 79.801212120000059, 7.843126152000025 ], [ 79.801239506000059, 7.843127236000043 ], [ 79.801263665000079, 7.843130330000065 ], [ 79.80129060400003, 7.843137221000063 ], [ 79.801314335000029, 7.843147611000063 ], [ 79.80132726100004, 7.843155909000075 ], [ 79.801363755000068, 7.843183373000045 ], [ 79.80141936800004, 7.843212696000023 ], [ 79.801443539000047, 7.843227475000049 ], [ 79.80146822200004, 7.843244044000073 ], [ 79.80150818900006, 7.843273729000032 ], [ 79.801552602000072, 7.843310063000047 ], [ 79.801636965000057, 7.843383839000069 ], [ 79.801666656000066, 7.843412452000052 ], [ 79.801688351000053, 7.843438036000066 ], [ 79.801710212000046, 7.84346858400005 ], [ 79.801729368000053, 7.843498794000027 ], [ 79.801771875000043, 7.84356979100005 ], [ 79.801793132000057, 7.843602350000026 ], [ 79.80180916900008, 7.843624151000029 ], [ 79.801837613000032, 7.843658522000055 ], [ 79.801848397000072, 7.843674042000032 ], [ 79.801856956000051, 7.843690112000047 ], [ 79.801872887000059, 7.843726562000029 ], [ 79.801886818000071, 7.843755166000051 ], [ 79.80192807800006, 7.843834360000074 ], [ 79.801973241000042, 7.843913032000046 ], [ 79.80198770700008, 7.843936517000031 ], [ 79.802005172000065, 7.843960887000037 ], [ 79.802011161000053, 7.843972032000067 ], [ 79.802014106000058, 7.843981868000071 ], [ 79.802015268000048, 7.843993366000063 ], [ 79.802012434000062, 7.844037522000065 ], [ 79.802013966000061, 7.844086172000061 ], [ 79.802024428000038, 7.844227110000077 ], [ 79.802027128000077, 7.844277203000047 ], [ 79.80202838200006, 7.844358369000076 ], [ 79.802025370000081, 7.844419126000048 ], [ 79.802019425000083, 7.844481624000025 ], [ 79.802015302000029, 7.844507732000068 ], [ 79.802010238000037, 7.844531615000051 ], [ 79.802001131000054, 7.844562845000041 ], [ 79.801989749000029, 7.844590777000064 ], [ 79.80197653700003, 7.844614826000054 ], [ 79.80195739800007, 7.84464151800006 ], [ 79.801948564000043, 7.844655977000059 ], [ 79.801939239000035, 7.844675484000049 ], [ 79.801931378000063, 7.84469733100002 ], [ 79.801921708000066, 7.844736589000036 ], [ 79.80190544800007, 7.844838658000072 ], [ 79.801887359000034, 7.84492238100006 ], [ 79.801871357000039, 7.84497562100006 ], [ 79.801835586000038, 7.845074734000036 ], [ 79.80182230500003, 7.845114886000033 ], [ 79.801811174000079, 7.845156622000047 ], [ 79.801804128000072, 7.845195917000069 ], [ 79.801800369000034, 7.845227822000027 ], [ 79.801797875000034, 7.845261427000025 ], [ 79.801796621000051, 7.845297057000039 ], [ 79.801796581000076, 7.845335357000067 ], [ 79.801799143000039, 7.84540676000006 ], [ 79.801806915000043, 7.845529054000053 ], [ 79.801808485000038, 7.845596066000041 ], [ 79.801810204000049, 7.845624503000067 ], [ 79.801814075000038, 7.845652235000045 ], [ 79.801820278000037, 7.845676428000047 ], [ 79.801826755000036, 7.845692868000071 ], [ 79.801847391000081, 7.845735191000074 ], [ 79.801853853000068, 7.845754093000039 ], [ 79.801859188000037, 7.84577439100002 ], [ 79.801863766000054, 7.845798774000059 ], [ 79.801866724000035, 7.845824337000067 ], [ 79.801868035000041, 7.845850861000031 ], [ 79.801867685000047, 7.845878083000059 ], [ 79.801864377000072, 7.84591716400007 ], [ 79.801857842000061, 7.845956206000039 ], [ 79.801848234000033, 7.845994307000069 ], [ 79.801835771000071, 7.846030588000076 ], [ 79.80182078100006, 7.846064152000054 ], [ 79.80180352900004, 7.846094434000065 ], [ 79.801784334000047, 7.846120878000022 ], [ 79.801763484000048, 7.846143091000044 ], [ 79.801747810000052, 7.846156508000036 ], [ 79.801730182000085, 7.846169497000062 ], [ 79.80171081900005, 7.846181898000054 ], [ 79.801689994000071, 7.846193535000054 ], [ 79.801667993000081, 7.846204245000024 ], [ 79.801645199000063, 7.84621383800004 ], [ 79.801621985000054, 7.846222156000067 ], [ 79.80159873100007, 7.846229066000035 ], [ 79.801575738000054, 7.84623447000007 ], [ 79.801553159000036, 7.846238318000076 ], [ 79.801526684000066, 7.846241362000058 ], [ 79.801501560000077, 7.846242821000033 ], [ 79.801479178000079, 7.846242721000067 ], [ 79.801458428000046, 7.846241171000031 ], [ 79.801439134000077, 7.846238119000077 ], [ 79.801422814000034, 7.846233824000024 ], [ 79.801404694000041, 7.846226702000024 ], [ 79.801386382000032, 7.846217033000073 ], [ 79.801367691000053, 7.84620471900007 ], [ 79.801348247000078, 7.846189518000074 ], [ 79.801318855000034, 7.846162736000053 ], [ 79.801255639000033, 7.846098457000039 ], [ 79.801211961000035, 7.846056910000073 ], [ 79.801203813000029, 7.846046947000048 ], [ 79.801197545000036, 7.846037012000068 ], [ 79.801179254000033, 7.845997688000068 ], [ 79.80116427300004, 7.84597093800005 ], [ 79.801145380000037, 7.845940312000039 ], [ 79.801126565000061, 7.845912201000033 ], [ 79.801106218000029, 7.845884504000026 ], [ 79.801085678000049, 7.845859346000054 ], [ 79.801064832000066, 7.845836586000075 ], [ 79.801043617000062, 7.845816158000048 ], [ 79.801020126000083, 7.845796575000065 ], [ 79.800996873000031, 7.845780235000063 ], [ 79.800920804000043, 7.845734809000021 ], [ 79.800804674000062, 7.845657488000029 ], [ 79.800775482000063, 7.845640441000057 ], [ 79.800748593000037, 7.845626855000035 ], [ 79.800723808000043, 7.845616518000043 ], [ 79.800699868000038, 7.845608797000068 ], [ 79.80067647900006, 7.84560360200004 ], [ 79.800653475000047, 7.845600894000029 ], [ 79.800569, 7.845598547000066 ], [ 79.80043002900004, 7.845588422000048 ], [ 79.800375114000076, 7.845585638000045 ], [ 79.800282416000073, 7.845585752000034 ], [ 79.800224419000074, 7.845584449000057 ], [ 79.800119367000036, 7.845585133000043 ], [ 79.80008583800003, 7.84558425900002 ], [ 79.800056723000068, 7.845582340000021 ], [ 79.800024953000047, 7.845578382000042 ], [ 79.799997291000068, 7.845572587000049 ], [ 79.799973274000081, 7.845564854000031 ], [ 79.799952708000035, 7.84555511800005 ], [ 79.799937759000045, 7.84554515700006 ], [ 79.799925185000063, 7.845533652000029 ], [ 79.799914952000051, 7.845520573000044 ], [ 79.79990704100004, 7.845505895000031 ], [ 79.799900575000038, 7.845487265000031 ], [ 79.799881772000049, 7.845416979000049 ], [ 79.799872850000042, 7.845372047000069 ], [ 79.799868614000047, 7.845336552000049 ], [ 79.799865914000065, 7.845296462000022 ], [ 79.799864266000043, 7.845236094000029 ], [ 79.799864368000044, 7.845188773000075 ], [ 79.799865958000055, 7.845154280000031 ], [ 79.799869036000075, 7.845123535000027 ], [ 79.799873696000077, 7.845095628000024 ], [ 79.799879999000041, 7.845070231000022 ] ] ], [ [ [ 79.79007137900004, 8.232404599000063 ], [ 79.790081612000051, 8.232394045000035 ], [ 79.790084544000081, 8.232391022000058 ], [ 79.790092185000049, 8.232383141000071 ], [ 79.790135418000034, 8.232336259000022 ], [ 79.790176256000052, 8.232289470000069 ], [ 79.790214705000039, 8.232242763000045 ], [ 79.790250769000068, 8.232196137000074 ], [ 79.79026532000006, 8.232175982000058 ], [ 79.790269640000076, 8.232169999000064 ], [ 79.790281916000083, 8.232152996000025 ], [ 79.790312155000038, 8.23210702700004 ], [ 79.790401282000062, 8.23195839400006 ], [ 79.790427272000045, 8.231916625000054 ], [ 79.790508902000056, 8.231797492000055 ], [ 79.790535103000082, 8.231757541000036 ], [ 79.790563295000084, 8.231709539000065 ], [ 79.790585038000074, 8.231665095000039 ], [ 79.790589433000036, 8.231653996000034 ], [ 79.790591068000083, 8.231649868000034 ], [ 79.790597502000082, 8.231633611000063 ], [ 79.790609174000053, 8.231597752000027 ], [ 79.790643160000059, 8.231469911000033 ], [ 79.790678793000041, 8.231352103000063 ], [ 79.790692271000069, 8.231304645000023 ], [ 79.790704541000082, 8.23125232700005 ], [ 79.79070766500007, 8.23123638800007 ], [ 79.790728491000039, 8.231130116000031 ], [ 79.790735879000067, 8.231099080000035 ], [ 79.790743681000038, 8.231071372000031 ], [ 79.790747225000075, 8.231061068000031 ], [ 79.790749192000078, 8.231055348000041 ], [ 79.790763154000047, 8.231014740000035 ], [ 79.790785828000082, 8.230957365000052 ], [ 79.790810757000031, 8.230902907000029 ], [ 79.79083674900005, 8.230854247000025 ], [ 79.790862222000044, 8.230814074000023 ], [ 79.790892775000032, 8.230773545000034 ], [ 79.79098580200008, 8.230663631000027 ], [ 79.791030421000073, 8.230606191000049 ], [ 79.791148411000052, 8.230447239000057 ], [ 79.791242156000067, 8.230317739000043 ], [ 79.791303481000057, 8.230230750000032 ], [ 79.791775388000076, 8.229808901000069 ], [ 79.791908153000065, 8.22970902000003 ], [ 79.79213823200007, 8.229602091000061 ], [ 79.792320396000036, 8.22954849000007 ], [ 79.792506650000064, 8.229534674000035 ], [ 79.792601039000033, 8.229540103000033 ], [ 79.793024123000066, 8.22947584700006 ], [ 79.793069264000053, 8.229466136000042 ], [ 79.793093361000047, 8.229462537000074 ], [ 79.793113850000054, 8.22946098400007 ], [ 79.793133071000057, 8.229461556000047 ], [ 79.793170979000081, 8.229469112000061 ], [ 79.793193614000074, 8.229476121000062 ], [ 79.793213459000071, 8.229484304000039 ], [ 79.793230626000081, 8.229493486000024 ], [ 79.793243761000042, 8.229502928000045 ], [ 79.793254037000054, 8.229513266000026 ], [ 79.793261675000053, 8.229525645000024 ], [ 79.793265997000049, 8.229539697000064 ], [ 79.793268534000049, 8.229559054000049 ], [ 79.793269569000074, 8.229596513000047 ], [ 79.793268307000062, 8.229628567000077 ], [ 79.79324175000005, 8.229690142000038 ], [ 79.793210007000084, 8.229718465000076 ], [ 79.793125975000066, 8.229747413000041 ], [ 79.79290777600005, 8.229745250000065 ], [ 79.792882727000062, 8.229746197000054 ], [ 79.792856412000049, 8.229749295000033 ], [ 79.792829250000068, 8.229754495000066 ], [ 79.792801827000062, 8.229761683000049 ], [ 79.792771797000057, 8.229771821000043 ], [ 79.792743410000071, 8.229783828000052 ], [ 79.792728499000077, 8.229792158000066 ], [ 79.79271420300006, 8.229802838000069 ], [ 79.792690834000041, 8.229826826000021 ], [ 79.792667988000062, 8.229858963000027 ], [ 79.792648276000079, 8.229893275000052 ], [ 79.792604288000064, 8.229977843000029 ], [ 79.792580546000067, 8.230016238000076 ], [ 79.792567717000054, 8.230032941000047 ], [ 79.792554722000034, 8.230046906000041 ], [ 79.792541346000064, 8.230058361000033 ], [ 79.792527462000066, 8.230067412000039 ], [ 79.792512460000069, 8.230074301000059 ], [ 79.792495890000055, 8.230079032000049 ], [ 79.792260276000036, 8.230126851000023 ], [ 79.791913915000066, 8.230240253000034 ], [ 79.791894967000076, 8.230253944000026 ], [ 79.791873380000084, 8.230273536000027 ], [ 79.791847035000046, 8.230304243000035 ], [ 79.791829518000043, 8.230328682000049 ], [ 79.791613631000075, 8.231145837000042 ], [ 79.791591100000062, 8.23123471100007 ], [ 79.791574624000077, 8.23132006000003 ], [ 79.791558242000065, 8.231439458000068 ], [ 79.791553873000055, 8.231487548000075 ], [ 79.791554398000073, 8.231526736000035 ], [ 79.791557050000051, 8.231547852000062 ], [ 79.791564683000047, 8.231585807000044 ], [ 79.791578065000067, 8.231631628000059 ], [ 79.791585825000084, 8.231648914000061 ], [ 79.791594552000049, 8.231663221000076 ], [ 79.791604364000079, 8.231674713000075 ], [ 79.791615092000029, 8.231683198000042 ], [ 79.791635952000036, 8.23169308100006 ], [ 79.791664450000042, 8.231700466000063 ], [ 79.791719533000048, 8.231709666000029 ], [ 79.791763789000072, 8.231719351000038 ], [ 79.791842545000065, 8.231727888000023 ], [ 79.79187356400007, 8.231733619000067 ], [ 79.791889691000051, 8.231738843000073 ], [ 79.791903077000029, 8.23174543600004 ], [ 79.791914013000053, 8.231753541000046 ], [ 79.791922620000037, 8.231763257000068 ], [ 79.791933340000071, 8.231783622000023 ], [ 79.79194237400003, 8.231812859000058 ], [ 79.791959819000056, 8.231890027000077 ], [ 79.791968702000077, 8.231947837000064 ], [ 79.791971581000041, 8.231989584000075 ], [ 79.791970837000065, 8.232028025000034 ], [ 79.791966467000066, 8.23206315300007 ], [ 79.791958476000048, 8.232094949000043 ], [ 79.791948515000058, 8.232119983000075 ], [ 79.791935822000084, 8.232141282000043 ], [ 79.791920276000042, 8.232161446000021 ], [ 79.791879387000051, 8.232208954000043 ], [ 79.79186136900006, 8.232234516000062 ], [ 79.791847463000067, 8.232261329000039 ], [ 79.791818, 8.23232928300007 ], [ 79.791798525000047, 8.232361571000069 ], [ 79.791774674000067, 8.232388999000023 ], [ 79.791746987000067, 8.232414966000022 ], [ 79.791706487000056, 8.232447318000027 ], [ 79.79169401300004, 8.232455058000028 ], [ 79.791682979000029, 8.232459752000068 ], [ 79.791670300000078, 8.232461798000031 ], [ 79.791656340000031, 8.232460374000027 ], [ 79.791641162000076, 8.232455486000049 ], [ 79.79162492100005, 8.232447182000044 ], [ 79.791607515000067, 8.232435328000065 ], [ 79.791589643000066, 8.232420328000046 ], [ 79.791571889000068, 8.232402655000044 ], [ 79.791555608000067, 8.232383647000063 ], [ 79.791538425000056, 8.232355593000023 ], [ 79.791515613000058, 8.232302868000033 ], [ 79.791467806000071, 8.232170641000039 ], [ 79.791452527000047, 8.232137863000048 ], [ 79.791426562000083, 8.232099382000058 ], [ 79.791400532000068, 8.232068968000021 ], [ 79.791376126000046, 8.232048590000034 ], [ 79.791364624000039, 8.232042211000021 ], [ 79.791353638000032, 8.232038405000026 ], [ 79.791336331000082, 8.232036750000077 ], [ 79.791316106000068, 8.232039168000028 ], [ 79.791293805000066, 8.232045562000053 ], [ 79.79127072700004, 8.232055568000021 ], [ 79.791248296000049, 8.232068582000068 ], [ 79.79122809100005, 8.232083704000047 ], [ 79.791211385000054, 8.232099972000071 ], [ 79.791198979000058, 8.23211660100003 ], [ 79.791192075000083, 8.232130729000062 ], [ 79.79118679700008, 8.232148563000067 ], [ 79.791174583000043, 8.232222321000052 ], [ 79.791168360000086, 8.232298362000051 ], [ 79.791168897000034, 8.232320867000055 ], [ 79.791171058000032, 8.232339103000072 ], [ 79.791176183000061, 8.232358342000055 ], [ 79.791183345000036, 8.232374563000064 ], [ 79.791195562000041, 8.232393520000073 ], [ 79.791209731000038, 8.232410442000059 ], [ 79.791229799000064, 8.232431710000071 ], [ 79.791274557000065, 8.232474945000035 ], [ 79.791346288000057, 8.232550970000034 ], [ 79.79139727900008, 8.232597498000075 ], [ 79.791436793000059, 8.232630722000067 ], [ 79.791483909000078, 8.232664595000074 ], [ 79.791504712000062, 8.232676064000032 ], [ 79.79152481400007, 8.232684130000052 ], [ 79.791542781000032, 8.232688567000025 ], [ 79.791564683000047, 8.232691005000049 ], [ 79.791588460000071, 8.232691039000031 ], [ 79.791613666000046, 8.23268865600005 ], [ 79.791644723000047, 8.23268248100004 ], [ 79.791673979000052, 8.232673067000064 ], [ 79.79169852800004, 8.232661557000029 ], [ 79.791711863000046, 8.232652041000051 ], [ 79.791718650000064, 8.232647198000052 ], [ 79.791740204000064, 8.23262470800006 ], [ 79.791995395000072, 8.232346127000028 ], [ 79.792036474000042, 8.232299066000053 ], [ 79.79207146300007, 8.232266594000066 ], [ 79.792103229000077, 8.232240078000075 ], [ 79.792133733000071, 8.232217945000059 ], [ 79.79216615200005, 8.232198327000049 ], [ 79.792213565000054, 8.232174824000026 ], [ 79.79226899400004, 8.232152563000056 ], [ 79.792324158000042, 8.23213375000006 ], [ 79.792458701000044, 8.232091464000064 ], [ 79.792530475000035, 8.232071258000076 ], [ 79.792653204000032, 8.232041137000067 ], [ 79.79266603800005, 8.232037989000048 ], [ 79.792720157000076, 8.232023479000077 ], [ 79.792748804000041, 8.232015777000072 ], [ 79.792875393000031, 8.231983977000027 ], [ 79.792905872000063, 8.231974822000041 ], [ 79.792933113000061, 8.23196538600007 ], [ 79.792958046000081, 8.231955343000038 ], [ 79.792981041000075, 8.231944542000065 ], [ 79.792984889000081, 8.231942352000033 ], [ 79.792987830000072, 8.231940677000068 ], [ 79.793016386000033, 8.231924426000035 ], [ 79.793055661000039, 8.231897744000037 ], [ 79.793142234000072, 8.231832697000073 ], [ 79.793164563000062, 8.231815966000056 ], [ 79.79317427400008, 8.231808374000025 ], [ 79.793256719000055, 8.231743925000046 ], [ 79.793291155000077, 8.231719782000027 ], [ 79.79330103500007, 8.231712855000069 ], [ 79.793307242000083, 8.23170850300005 ], [ 79.793338857000037, 8.231689319000054 ], [ 79.793374767000046, 8.231669618000069 ], [ 79.79349966500007, 8.231607939000071 ], [ 79.79351874300005, 8.231598517000066 ], [ 79.793562054000063, 8.231574986000055 ], [ 79.793576334000079, 8.231567227000028 ], [ 79.793578889000059, 8.231565838000051 ], [ 79.793634146000045, 8.231530471000042 ], [ 79.79363747900004, 8.231528137000055 ], [ 79.793761111000038, 8.231441561000054 ], [ 79.793794876000049, 8.231420222000054 ], [ 79.793826168000066, 8.231402494000065 ], [ 79.793859351000037, 8.231386304000068 ], [ 79.793892592000077, 8.231372752000027 ], [ 79.793927880000069, 8.231360432000031 ], [ 79.794018876000052, 8.231331079000029 ], [ 79.794028679000064, 8.231327917000044 ], [ 79.794034262000082, 8.231325756000047 ], [ 79.794054439000035, 8.231317950000062 ], [ 79.794112304000066, 8.231295559000046 ], [ 79.79434653900006, 8.231195360000072 ], [ 79.794350114000054, 8.23119385800004 ], [ 79.794437833000075, 8.231160554000041 ], [ 79.795042520000038, 8.230735688000038 ], [ 79.795097314000031, 8.230711140000039 ], [ 79.795157223000047, 8.230688633000057 ], [ 79.796313067000085, 8.230377218000058 ], [ 79.796342572000071, 8.230379933000052 ], [ 79.796368002000065, 8.230386278000026 ], [ 79.796383388000038, 8.230393379000077 ], [ 79.796394079000038, 8.23040088700003 ], [ 79.796405095000068, 8.230410631000041 ], [ 79.796450893000042, 8.230461388000037 ], [ 79.796463245000041, 8.230473126000049 ], [ 79.796467360000065, 8.230476266000039 ], [ 79.796470684000042, 8.230478804000029 ], [ 79.796474491000083, 8.230481710000049 ], [ 79.796488166000074, 8.230489818000024 ], [ 79.796494521000056, 8.230492850000076 ], [ 79.796505056000058, 8.23049787900004 ], [ 79.79658052800005, 8.230527921000032 ], [ 79.796595452000076, 8.230535707000058 ], [ 79.796607059000053, 8.230543624000063 ], [ 79.796616522000079, 8.230552848000059 ], [ 79.796622705000061, 8.230562798000051 ], [ 79.79662472900003, 8.230569954000032 ], [ 79.796625738000046, 8.230573527000047 ], [ 79.796626574000072, 8.230587788000037 ], [ 79.796625057000085, 8.230605613000023 ], [ 79.796621225000081, 8.230625188000033 ], [ 79.796615428000052, 8.230644704000042 ], [ 79.796608305000063, 8.230661979000047 ], [ 79.796601495000061, 8.23067394100002 ], [ 79.796597383000062, 8.230678755000042 ], [ 79.796647497000038, 8.230691727000021 ], [ 79.796703379000064, 8.230710182000053 ], [ 79.796736944000031, 8.23072309500003 ], [ 79.796781619000058, 8.230743042000029 ], [ 79.79682559500003, 8.230765948000055 ], [ 79.796869328000071, 8.230793457000061 ], [ 79.796894399000053, 8.230814045000045 ], [ 79.796896600000082, 8.230815853000024 ], [ 79.796948636000081, 8.23086270500005 ], [ 79.796972419000042, 8.230880159000037 ], [ 79.796993815000064, 8.230892294000057 ], [ 79.797012585000061, 8.23089933600005 ], [ 79.797035061000031, 8.230904526000074 ], [ 79.797109139000042, 8.230914684000027 ], [ 79.797129131000077, 8.230920136000066 ], [ 79.797145218000082, 8.230927218000033 ], [ 79.797165977000077, 8.230942879000054 ], [ 79.797184711000057, 8.230963660000043 ], [ 79.79720278800005, 8.230990478000024 ], [ 79.797218231000045, 8.231020164000029 ], [ 79.797230876000071, 8.231051227000023 ], [ 79.797241334000034, 8.231085084000028 ], [ 79.797244030000059, 8.231110098000045 ], [ 79.797241352000071, 8.231135185000028 ], [ 79.79723388900004, 8.231162030000064 ], [ 79.797220936000031, 8.231193722000057 ], [ 79.797178813000073, 8.231274258000042 ], [ 79.797157613000081, 8.231321774000037 ], [ 79.797151231000043, 8.231341407000059 ], [ 79.797147087000042, 8.23136039000002 ], [ 79.797145453000041, 8.231377911000038 ], [ 79.797146317000056, 8.231395144000032 ], [ 79.797151825000071, 8.231419428000038 ], [ 79.797161550000055, 8.231445933000032 ], [ 79.797173369000063, 8.231470993000073 ], [ 79.797199399000078, 8.231519204000051 ], [ 79.797223478000035, 8.231561028000044 ], [ 79.797245763000035, 8.23159615700007 ], [ 79.797307213000067, 8.231678009000063 ], [ 79.797338227000068, 8.231723467000052 ], [ 79.79734176200003, 8.231730165000045 ], [ 79.797359033000077, 8.231762888000048 ], [ 79.797372596000059, 8.231803763000073 ], [ 79.79737927900004, 8.231840734000059 ], [ 79.797382524000056, 8.231880196000077 ], [ 79.797382098000071, 8.232058060000043 ], [ 79.797393192000072, 8.232235209000066 ], [ 79.797393403000058, 8.232308781000029 ], [ 79.797388040000044, 8.232373616000075 ], [ 79.797377443000073, 8.232436049000057 ], [ 79.797361876000082, 8.232502129000068 ], [ 79.797336074000043, 8.232590866000066 ], [ 79.797312140000031, 8.232662368000035 ], [ 79.797272785000075, 8.232760866000035 ], [ 79.797216656000046, 8.232882052000036 ], [ 79.797195223000074, 8.232933449000029 ], [ 79.797164628000075, 8.233022134000066 ], [ 79.797143802000051, 8.233076495000034 ], [ 79.797132139000041, 8.233136101000071 ], [ 79.797126179000031, 8.233155709000073 ], [ 79.797120644000074, 8.233166441000037 ], [ 79.797112578000053, 8.233177063000028 ], [ 79.797088951000035, 8.233199071000058 ], [ 79.797069929000031, 8.23321160200004 ], [ 79.797050266000042, 8.233220965000044 ], [ 79.797032752000064, 8.233226219000073 ], [ 79.79701110600007, 8.233229125000037 ], [ 79.796988384000031, 8.233228976000021 ], [ 79.796967722000034, 8.233225513000036 ], [ 79.796950501000083, 8.233219082000062 ], [ 79.796935469000061, 8.233209190000025 ], [ 79.796922750000078, 8.233191404000024 ], [ 79.796910693000029, 8.23317012900003 ], [ 79.796868180000047, 8.23307748700006 ], [ 79.796826294000084, 8.233008332000054 ], [ 79.796820264000075, 8.232994059000021 ], [ 79.79681120500004, 8.232962734000068 ], [ 79.79680608700005, 8.232951340000056 ], [ 79.796799677000081, 8.232942587000025 ], [ 79.796790111000064, 8.232933107000065 ], [ 79.796767214000056, 8.23291746600006 ], [ 79.796751254000071, 8.232911638000076 ], [ 79.79673232500005, 8.232909195000047 ], [ 79.796710989000076, 8.232910220000065 ], [ 79.796688373000052, 8.232914667000045 ], [ 79.79666532300007, 8.232922519000056 ], [ 79.796644767000032, 8.232932930000061 ], [ 79.796630829000037, 8.232943232000025 ], [ 79.796619167000074, 8.232956981000029 ], [ 79.796607814000083, 8.232976477000022 ], [ 79.796585475000029, 8.233025868000027 ], [ 79.79657320900003, 8.233048462000056 ], [ 79.796495226000047, 8.233169017000023 ], [ 79.796470480000039, 8.233210463000034 ], [ 79.796450886000059, 8.233249754000042 ], [ 79.796436982000046, 8.233286638000038 ], [ 79.79642707000005, 8.233329704000028 ], [ 79.796421121000037, 8.233387894000032 ], [ 79.796420923000085, 8.233428342000025 ], [ 79.796425119000048, 8.233524961000057 ], [ 79.79642311300006, 8.233570609000026 ], [ 79.796418923000033, 8.233597088000067 ], [ 79.796412238000073, 8.233625683000071 ], [ 79.796391275000076, 8.233688875000041 ], [ 79.796340079000061, 8.233809987000029 ], [ 79.796305756000038, 8.233884563000061 ], [ 79.796279274000085, 8.233938073000047 ], [ 79.796220497000036, 8.234044546000064 ], [ 79.796188790000031, 8.234094793000054 ], [ 79.796154925000053, 8.234148677000064 ], [ 79.796183710000037, 8.234161549000021 ], [ 79.796252127000059, 8.234204304000059 ], [ 79.796274244000074, 8.23421636300003 ], [ 79.796304452000072, 8.234229744000061 ], [ 79.79634941300003, 8.234245654000063 ], [ 79.79640673800003, 8.234261462000063 ], [ 79.796464535000041, 8.234272923000049 ], [ 79.796514095000077, 8.234278749000055 ], [ 79.796571075000031, 8.234280883000054 ], [ 79.796661393000079, 8.234277853000037 ], [ 79.796758668000052, 8.234270133000052 ], [ 79.796849418000079, 8.234259278000025 ], [ 79.796928240000057, 8.234245040000076 ], [ 79.796992602000046, 8.234228365000035 ], [ 79.797051646000057, 8.234207618000028 ], [ 79.797136347000048, 8.234170235000022 ], [ 79.797151979000034, 8.234161266000058 ], [ 79.797164464000048, 8.234151241000063 ], [ 79.797174977000054, 8.234139897000034 ], [ 79.797184492000042, 8.234126584000023 ], [ 79.797200344000032, 8.234094336000055 ], [ 79.797211620000041, 8.234055246000025 ], [ 79.797217738000029, 8.234011293000037 ], [ 79.797218273000055, 8.23396682300006 ], [ 79.797213271000032, 8.23392526400005 ], [ 79.797202452000079, 8.233884029000023 ], [ 79.797186924000073, 8.233848415000068 ], [ 79.797169025000073, 8.233822276000069 ], [ 79.797144501000048, 8.233799493000049 ], [ 79.797111318000077, 8.233777558000043 ], [ 79.79705978100003, 8.233750283000063 ], [ 79.797021337000047, 8.233734782000056 ], [ 79.796931569000037, 8.233708820000061 ], [ 79.79683691200006, 8.233672598000055 ], [ 79.796803797000052, 8.233657847000075 ], [ 79.796781731000067, 8.233643007000069 ], [ 79.796770320000064, 8.233629656000062 ], [ 79.79676500100004, 8.233615113000042 ], [ 79.796765182000058, 8.233593029000076 ], [ 79.796770414000036, 8.233568413000057 ], [ 79.796777589000044, 8.233551495000029 ], [ 79.796786476000079, 8.233540339000058 ], [ 79.796800508000047, 8.233530856000073 ], [ 79.796819544000073, 8.233523508000076 ], [ 79.796844398000076, 8.233518096000068 ], [ 79.79687666500007, 8.233514408000076 ], [ 79.796904225000048, 8.233512740000037 ], [ 79.796926470000074, 8.233514721000063 ], [ 79.796946307000042, 8.233519172000058 ], [ 79.796968383000035, 8.23352637000005 ], [ 79.797041698000044, 8.233557178000069 ], [ 79.797069124000075, 8.233567230000062 ], [ 79.797172212000078, 8.233592997000073 ], [ 79.797234222000043, 8.233605099000044 ], [ 79.797318285000074, 8.233617320000064 ], [ 79.797369868000033, 8.233621927000058 ], [ 79.79741453500003, 8.233622260000061 ], [ 79.797457591000068, 8.233618242000034 ], [ 79.797526111000082, 8.233607034000045 ], [ 79.797639903000061, 8.233583746000022 ], [ 79.797716301000037, 8.233564245000025 ], [ 79.797847543000046, 8.233520887000054 ], [ 79.797877098000072, 8.233513300000027 ], [ 79.797904315000039, 8.233508155000038 ], [ 79.797955312000056, 8.233503571000028 ], [ 79.798075807000032, 8.233503013000075 ], [ 79.798131626000043, 8.233499108000046 ], [ 79.798197677000076, 8.233488790000024 ], [ 79.798346586000036, 8.233458487000064 ], [ 79.798414378000075, 8.233449209000071 ], [ 79.79846920500006, 8.23344712200003 ], [ 79.798542095000073, 8.233451493000075 ], [ 79.798603749000051, 8.233451068000022 ], [ 79.798632824000038, 8.233449109000048 ], [ 79.798660812000037, 8.233445983000024 ], [ 79.798666939000043, 8.233445029000052 ], [ 79.79874508000006, 8.233432869000069 ], [ 79.798833521000063, 8.233416964000071 ], [ 79.798925545000031, 8.233398375000036 ], [ 79.799022428000058, 8.23337685000007 ], [ 79.799131984000041, 8.233350491000067 ], [ 79.799225159000059, 8.233326557000055 ], [ 79.799230781000063, 8.233325113000035 ], [ 79.799251197000046, 8.23331986900007 ], [ 79.799351820000084, 8.233292247000065 ], [ 79.799452539000072, 8.233262746000037 ], [ 79.79955127900007, 8.233232029000021 ], [ 79.799649951000049, 8.233199555000056 ], [ 79.799748477000037, 8.233165349000046 ], [ 79.799846182000067, 8.233129649000034 ], [ 79.799943136000081, 8.233092422000027 ], [ 79.800041434000036, 8.233052804000067 ], [ 79.800143404000039, 8.23300981400007 ], [ 79.800147605000063, 8.233008033000033 ], [ 79.800225709000074, 8.232973245000039 ], [ 79.800318094000033, 8.232929462000072 ], [ 79.800413577000029, 8.232881453000061 ], [ 79.800513165000041, 8.232828717000075 ], [ 79.800618827000051, 8.232770210000069 ], [ 79.800804888000073, 8.232662330000039 ], [ 79.801159359000053, 8.232449681000048 ], [ 79.801305205000062, 8.232363720000023 ], [ 79.801430580000044, 8.232292201000064 ], [ 79.801718798000081, 8.23213110100005 ], [ 79.801837225000043, 8.232063306000043 ], [ 79.801956773000029, 8.231992169000023 ], [ 79.801998489000084, 8.231966035000028 ], [ 79.80200960600007, 8.231959072000052 ], [ 79.802065655000035, 8.231923957000049 ], [ 79.802178785000081, 8.231849344000068 ], [ 79.802293685000052, 8.231769829000029 ], [ 79.802433897000071, 8.231667986000048 ], [ 79.802578930000038, 8.231557526000074 ], [ 79.802730689000043, 8.231437001000074 ], [ 79.80289336800007, 8.231303091000029 ], [ 79.803113773000064, 8.231115861000035 ], [ 79.803548269000032, 8.230738888000076 ], [ 79.80372860500006, 8.230584314000055 ], [ 79.803821835000065, 8.230508325000073 ], [ 79.804037440000059, 8.230338971000037 ], [ 79.804133616000058, 8.230259338000053 ], [ 79.80418895300005, 8.230210334000049 ], [ 79.804238931000043, 8.230163093000044 ], [ 79.804284540000083, 8.230116673000055 ], [ 79.804326263000064, 8.230070584000032 ], [ 79.804344528000058, 8.230048415000056 ], [ 79.804349224000077, 8.230042715000025 ], [ 79.804366727000058, 8.230021472000033 ], [ 79.804407737000076, 8.229966303000026 ], [ 79.804448593000075, 8.229906826000047 ], [ 79.804552336000029, 8.229749909000077 ], [ 79.804562437000072, 8.229734630000053 ], [ 79.804580827000052, 8.229708837000032 ], [ 79.804591730000084, 8.229693544000042 ], [ 79.804599792000033, 8.229682236000031 ], [ 79.804646321000064, 8.229620427000043 ], [ 79.804697555000075, 8.229555290000064 ], [ 79.804755907000072, 8.229483740000035 ], [ 79.804833872000074, 8.229391274000022 ], [ 79.804854094000063, 8.229367293000053 ], [ 79.804954831000032, 8.229247822000048 ], [ 79.805028449000076, 8.229158781000024 ], [ 79.805099650000045, 8.229068961000053 ], [ 79.805161491000035, 8.22898619800003 ], [ 79.805294911000033, 8.228800553000042 ], [ 79.805322682000053, 8.228760114000067 ], [ 79.805346363000069, 8.228723464000041 ], [ 79.805377260000057, 8.228670642000054 ], [ 79.805396075000033, 8.228633893000051 ], [ 79.80541364000004, 8.228599546000055 ], [ 79.805468492000045, 8.228500242000052 ], [ 79.805491264000068, 8.228457070000047 ], [ 79.805509516000029, 8.228418976000057 ], [ 79.805523393000044, 8.228385406000029 ], [ 79.805533317000084, 8.228355332000035 ], [ 79.805539399000054, 8.228328392000037 ], [ 79.805541702000085, 8.228304186000059 ], [ 79.805540184000051, 8.228282757000045 ], [ 79.805534841000053, 8.228264006000074 ], [ 79.805525653000075, 8.228247881000073 ], [ 79.805517875000078, 8.228239106000046 ], [ 79.805505517000086, 8.228228503000025 ], [ 79.805491265000057, 8.228218749000064 ], [ 79.805474594000032, 8.228209222000032 ], [ 79.80545568000008, 8.228200039000058 ], [ 79.805435039000031, 8.228191458000026 ], [ 79.805413243000032, 8.228183717000036 ], [ 79.805391117000056, 8.228177115000051 ], [ 79.805376509000041, 8.228173772000048 ], [ 79.805373733000067, 8.228173137000056 ], [ 79.805367674000081, 8.228171751000048 ], [ 79.805346106000059, 8.228170465000062 ], [ 79.805322928000066, 8.228172028000074 ], [ 79.805315236000069, 8.228172997000058 ], [ 79.805264660000034, 8.228179362000049 ], [ 79.805248858000084, 8.228180038000062 ], [ 79.805235150000044, 8.228179332000025 ], [ 79.805222154000035, 8.228177015000028 ], [ 79.805210251000062, 8.228172860000029 ], [ 79.805194284000038, 8.228164590000063 ], [ 79.805177791000062, 8.228153904000067 ], [ 79.805154438000045, 8.228134836000038 ], [ 79.805134488000078, 8.228113594000035 ], [ 79.805119436000041, 8.228091793000033 ], [ 79.805113978000065, 8.228081018000069 ], [ 79.805111193000073, 8.228073689000041 ], [ 79.805109952000066, 8.228070423000077 ], [ 79.805106786000067, 8.228058161000035 ], [ 79.80510466700008, 8.228044643000032 ], [ 79.805103684000073, 8.228014700000074 ], [ 79.805107176000035, 8.227982574000066 ], [ 79.805110661000072, 8.227966590000051 ], [ 79.805111431000057, 8.227964143000065 ], [ 79.80511447300006, 8.227954479000061 ], [ 79.805124052000053, 8.227934953000045 ], [ 79.805138010000064, 8.227915299000074 ], [ 79.805156595000085, 8.227895118000049 ], [ 79.805181142000038, 8.227872947000037 ], [ 79.805254905000083, 8.227812473000029 ], [ 79.805274488000066, 8.227797450000025 ], [ 79.805307195000069, 8.227774985000053 ], [ 79.805377975000056, 8.227730335000047 ], [ 79.805408023000041, 8.227710297000044 ], [ 79.805415352000068, 8.22770487400004 ], [ 79.805422511000074, 8.227699574000042 ], [ 79.805454027000053, 8.227676249000069 ], [ 79.805504990000031, 8.227636414000074 ], [ 79.805566400000032, 8.227585780000027 ], [ 79.805587443000036, 8.227564874000052 ], [ 79.805609637000032, 8.227545828000075 ], [ 79.805633020000073, 8.227528605000032 ], [ 79.805659220000052, 8.227511925000044 ], [ 79.805685671000049, 8.227497518000064 ], [ 79.805711964000068, 8.227485602000058 ], [ 79.805737777000047, 8.227476325000055 ], [ 79.80576290700003, 8.22746975900003 ], [ 79.805793054000048, 8.22746543300002 ], [ 79.805822600000056, 8.227465460000076 ], [ 79.805888050000078, 8.227473391000046 ], [ 79.805948468000054, 8.227485471000023 ], [ 79.805997864000062, 8.227491579000059 ], [ 79.806021483000052, 8.227491823000037 ], [ 79.806038123000064, 8.227486694000049 ], [ 79.806047542000044, 8.227479495000068 ], [ 79.806056808000051, 8.22746860500007 ], [ 79.806082212000035, 8.227425866000033 ], [ 79.806225365000046, 8.227098296000065 ], [ 79.806229678000079, 8.227078551000034 ], [ 79.806236247000072, 8.227060367000036 ], [ 79.806429399000081, 8.226479738000023 ], [ 79.806442630000049, 8.226445909000063 ], [ 79.806451838000044, 8.226431085000058 ], [ 79.806463932000042, 8.226416710000024 ], [ 79.806479042000035, 8.226402622000023 ], [ 79.806497618000037, 8.226388396000061 ], [ 79.806551382000066, 8.226355209000076 ], [ 79.806615244000056, 8.226328863000049 ], [ 79.806670455000074, 8.226301443000068 ], [ 79.806680503000052, 8.226294283000072 ], [ 79.806687711000052, 8.226286759000061 ], [ 79.806692887000054, 8.226277829000026 ], [ 79.806696629000044, 8.226266789000022 ], [ 79.80669961500007, 8.22624057400003 ], [ 79.806697128000053, 8.226208986000074 ], [ 79.806690084000081, 8.226178013000037 ], [ 79.806685458000061, 8.22616755100006 ], [ 79.806679817000031, 8.226159668000037 ], [ 79.806670641000039, 8.226152109000054 ], [ 79.806657234000056, 8.22614494100003 ], [ 79.806614555000067, 8.226126231000023 ], [ 79.806548440000086, 8.22610316500004 ], [ 79.806498874000056, 8.226079396000046 ], [ 79.806479841000055, 8.226068284000064 ], [ 79.806466193000063, 8.226056555000071 ], [ 79.806457576000071, 8.226043687000072 ], [ 79.80645314700007, 8.226029650000044 ], [ 79.806447712000079, 8.22599854200007 ], [ 79.806440112000075, 8.22592813600005 ], [ 79.806439038000065, 8.225880147000055 ], [ 79.806440637000037, 8.225857688000076 ], [ 79.806443956000066, 8.225836571000059 ], [ 79.806448660000058, 8.22581834500005 ], [ 79.806455477000043, 8.225799519000077 ], [ 79.806466388000047, 8.225776494000058 ], [ 79.806480255000054, 8.225752903000057 ], [ 79.80649664300006, 8.225729561000037 ], [ 79.806514998000068, 8.225707220000061 ], [ 79.806535089000079, 8.225686185000029 ], [ 79.806555813000045, 8.225667592000036 ], [ 79.806576687000074, 8.225651794000044 ], [ 79.806597575000069, 8.225638930000059 ], [ 79.806619365000074, 8.225628593000067 ], [ 79.80664321900008, 8.225619890000075 ], [ 79.806669492000083, 8.225612625000053 ], [ 79.806696295000052, 8.225607234000051 ], [ 79.806724579000047, 8.225603485000022 ], [ 79.80675341500006, 8.225601598000026 ], [ 79.806781930000056, 8.225601668000024 ], [ 79.80680916600005, 8.225603657000022 ], [ 79.806834400000071, 8.225607403000026 ], [ 79.80685713400004, 8.225612646000059 ], [ 79.806877951000047, 8.225619376000054 ], [ 79.806897436000042, 8.225627865000035 ], [ 79.806914367000047, 8.225637637000034 ], [ 79.806929249000063, 8.225649013000066 ], [ 79.806941593000033, 8.225661399000046 ], [ 79.80695473600008, 8.225677943000051 ], [ 79.806969980000076, 8.225701710000067 ], [ 79.806986581000046, 8.225733149000064 ], [ 79.806998195000062, 8.225759093000022 ], [ 79.807007578000082, 8.225785762000044 ], [ 79.807016554000029, 8.225833746000035 ], [ 79.807022636000056, 8.225914755000076 ], [ 79.807031922000078, 8.225970246000031 ], [ 79.807057185000076, 8.226048585000058 ], [ 79.807103340000083, 8.226166837000051 ], [ 79.807122564000053, 8.226222297000049 ], [ 79.807133072000056, 8.226278517000026 ], [ 79.807141479000052, 8.226362791000042 ], [ 79.807151160000046, 8.226410047000059 ], [ 79.807157466000035, 8.226427586000057 ], [ 79.807164217000036, 8.226440865000029 ], [ 79.807172089000062, 8.226452230000064 ], [ 79.807182165000029, 8.226462624000021 ], [ 79.807200333000083, 8.226475407000066 ], [ 79.807221880000043, 8.226485095000044 ], [ 79.807247304000043, 8.22649218600003 ], [ 79.807277092000049, 8.226496888000042 ], [ 79.80730720300005, 8.226499188000048 ], [ 79.807352510000044, 8.226500067000075 ], [ 79.807476808000047, 8.226498235000065 ], [ 79.807573256000069, 8.226505175000057 ], [ 79.807691671000043, 8.226513624000063 ], [ 79.807783215000029, 8.226515628000072 ], [ 79.807826350000084, 8.226514196000039 ], [ 79.807865647000085, 8.22651109100002 ], [ 79.807939954000062, 8.226499508000074 ], [ 79.807986823000078, 8.226488717000052 ], [ 79.808039096000073, 8.226474127000074 ], [ 79.808083163000049, 8.226459587000022 ], [ 79.808125491000055, 8.226443194000069 ], [ 79.808164881000039, 8.226425383000048 ], [ 79.808194534000052, 8.226409659000069 ], [ 79.808225438000079, 8.226389804000064 ], [ 79.808253514000057, 8.226368162000028 ], [ 79.80829200900007, 8.226332716000059 ], [ 79.808331644000077, 8.226290096000071 ], [ 79.808430523000084, 8.22616881700003 ], [ 79.808491312000058, 8.226100793000057 ], [ 79.808549193000033, 8.22604751700004 ], [ 79.80864454500005, 8.225969630000066 ], [ 79.808674944000074, 8.225941423000052 ], [ 79.808697054000049, 8.225918561000071 ], [ 79.808770072000073, 8.225832034000064 ], [ 79.808900906000076, 8.225664918000064 ], [ 79.809027593000053, 8.22549482900007 ], [ 79.80912019200008, 8.225357308000071 ], [ 79.809172405000083, 8.225283252000054 ], [ 79.80922509800007, 8.225215540000022 ], [ 79.809296155000084, 8.225130731000036 ], [ 79.80932397600003, 8.225092793000044 ], [ 79.809341274000076, 8.22506228900005 ], [ 79.809357581000029, 8.225026040000046 ], [ 79.809402846000069, 8.224897810000073 ], [ 79.80942172400006, 8.224851786000045 ], [ 79.809445002000075, 8.224809454000024 ], [ 79.809457751000082, 8.224791781000022 ], [ 79.809471441000085, 8.224776143000042 ], [ 79.809507117000067, 8.224745530000064 ], [ 79.809548576000054, 8.224716344000058 ], [ 79.809585389000063, 8.224696116000075 ], [ 79.809620338000059, 8.224682784000038 ], [ 79.809646617000055, 8.224677064000048 ], [ 79.80967946100003, 8.224673775000042 ], [ 79.809730553000065, 8.224671552000075 ], [ 79.809803342000066, 8.224673031000066 ], [ 79.809848104000082, 8.224668684000051 ], [ 79.809878393000076, 8.224663200000066 ], [ 79.809918722000077, 8.224652887000047 ], [ 79.809942277000061, 8.224644122000029 ], [ 79.809960656000044, 8.224633907000054 ], [ 79.809978340000043, 8.224619038000071 ], [ 79.809996014000035, 8.224598611000033 ], [ 79.810037451000085, 8.224538063000068 ], [ 79.810081186000048, 8.224479879000057 ], [ 79.810105815000043, 8.224444301000062 ], [ 79.810131008000042, 8.224400208000077 ], [ 79.810163071000034, 8.224322456000039 ], [ 79.81017769500005, 8.22429261800005 ], [ 79.810217076000072, 8.224229076000029 ], [ 79.810234975000071, 8.224204677000046 ], [ 79.810252836000075, 8.224183548000042 ], [ 79.810271903000057, 8.224164453000071 ], [ 79.81030428300005, 8.224136647000023 ], [ 79.810323381000046, 8.224123216000066 ], [ 79.810340874000076, 8.224114362000023 ], [ 79.810363866000046, 8.22410751700005 ], [ 79.810388184000033, 8.224104338000075 ], [ 79.810413763000042, 8.224104835000048 ], [ 79.81044061700004, 8.224109007000038 ], [ 79.810459109000078, 8.224100276000058 ], [ 79.810477745000071, 8.224093486000072 ], [ 79.81049652400003, 8.224088639000058 ], [ 79.810515448000046, 8.224085732000049 ], [ 79.810541168000043, 8.224084975000039 ], [ 79.81062548400007, 8.224092980000023 ], [ 79.810644183000079, 8.224091534000024 ], [ 79.810658959000079, 8.224086763000059 ], [ 79.810670508000044, 8.224079049000068 ], [ 79.810682244000077, 8.224067517000037 ], [ 79.810693890000039, 8.224052325000059 ], [ 79.810703699000044, 8.22403577700004 ], [ 79.810710845000074, 8.224019179000038 ], [ 79.81071563200004, 8.224002416000076 ], [ 79.810717533000059, 8.223988123000026 ], [ 79.810717274000069, 8.223971677000065 ], [ 79.810710087000075, 8.223922736000077 ], [ 79.810698761000083, 8.223881214000073 ], [ 79.810691549000069, 8.223863618000053 ], [ 79.810666309000055, 8.223812374000033 ], [ 79.810645282000053, 8.223739777000048 ], [ 79.810615950000056, 8.223675673000059 ], [ 79.810601, 8.223630771000046 ], [ 79.810596261000057, 8.223601063000046 ], [ 79.810594767000055, 8.223534210000025 ], [ 79.810584493000079, 8.223465915000077 ], [ 79.810582396000029, 8.223418681000055 ], [ 79.81057652800007, 8.223396908000041 ], [ 79.810552148000056, 8.223345025000071 ], [ 79.810531350000076, 8.223310534000063 ], [ 79.810518291000051, 8.223297584000022 ], [ 79.810474613000054, 8.223264120000067 ], [ 79.810452318000046, 8.223243932000059 ], [ 79.810426914000061, 8.223215850000031 ], [ 79.810405982000077, 8.223186509000072 ], [ 79.810395379000056, 8.223166370000058 ], [ 79.810385831000076, 8.223142591000055 ], [ 79.810360242000058, 8.223056577000023 ], [ 79.810345251000058, 8.223014921000072 ], [ 79.810341453000035, 8.222997477000035 ], [ 79.810341799000071, 8.222981753000056 ], [ 79.810345305000055, 8.222965591000047 ], [ 79.81036100700004, 8.222914427000035 ], [ 79.810362463000047, 8.222901119000028 ], [ 79.810362429000065, 8.222867918000077 ], [ 79.810368745000062, 8.222841034000055 ], [ 79.810369711000078, 8.222831312000039 ], [ 79.81036847300004, 8.222820905000049 ], [ 79.81036504900004, 8.222809178000034 ], [ 79.810340419000056, 8.222750321000035 ], [ 79.810329514000045, 8.222737843000061 ], [ 79.810297960000071, 8.222717055000032 ], [ 79.810271930000056, 8.222691048000058 ], [ 79.810243133000085, 8.222665730000074 ], [ 79.810208943000077, 8.222624819000032 ], [ 79.810188932000074, 8.22260312700007 ], [ 79.810172089000048, 8.222586232000026 ], [ 79.810157563000075, 8.222574380000026 ], [ 79.810140927000077, 8.222564808000072 ], [ 79.810120438000069, 8.222557824000035 ], [ 79.810083817000077, 8.222550547000026 ], [ 79.810053507000077, 8.222547212000052 ], [ 79.810024958000042, 8.222546652000062 ], [ 79.809996657000056, 8.222548545000052 ], [ 79.809959504000062, 8.222554460000026 ], [ 79.809939360000044, 8.222559905000026 ], [ 79.809926614000062, 8.222566346000065 ], [ 79.809899174000066, 8.222586530000058 ], [ 79.809864103000052, 8.222602431000041 ], [ 79.809834739000053, 8.222628833000044 ], [ 79.809799233000035, 8.222656759000074 ], [ 79.80977262600004, 8.222675002000074 ], [ 79.809748457000069, 8.222688269000059 ], [ 79.809723570000074, 8.222697833000041 ], [ 79.809693414000037, 8.222704374000045 ], [ 79.809662605000085, 8.222706949000042 ], [ 79.80963054800003, 8.222705732000065 ], [ 79.809416071000044, 8.222766024000066 ], [ 79.809201075000033, 8.222823964000042 ], [ 79.808985562000032, 8.222879546000058 ], [ 79.808769530000063, 8.22293277600005 ], [ 79.808553736000079, 8.222983477000071 ], [ 79.808337426000037, 8.223031843000058 ], [ 79.80812359600003, 8.223077251000063 ], [ 79.807897209000032, 8.223122877000037 ], [ 79.807830083000056, 8.223131139000031 ], [ 79.807745440000076, 8.22313421900003 ], [ 79.807593352000083, 8.223131199000022 ], [ 79.807500098000048, 8.223131441000021 ], [ 79.807412163000038, 8.223126690000072 ], [ 79.80735942900003, 8.223126222000076 ], [ 79.807329468000034, 8.223128751000047 ], [ 79.807302150000055, 8.223133328000074 ], [ 79.807267381000031, 8.22314196800005 ], [ 79.807231908000063, 8.223153270000068 ], [ 79.807188671000063, 8.223170339000035 ], [ 79.807144856000036, 8.223191308000025 ], [ 79.807107447000078, 8.223212537000052 ], [ 79.807072043000062, 8.223236409000037 ], [ 79.807035664000068, 8.223265549000075 ], [ 79.807000814000048, 8.223297836000029 ], [ 79.806965841000078, 8.223334571000066 ], [ 79.806932232000065, 8.22337397900003 ], [ 79.806878158000075, 8.223446085000035 ], [ 79.806862245000048, 8.223472675000039 ], [ 79.806848467000066, 8.22350046300005 ], [ 79.806834048000042, 8.223535515000037 ], [ 79.806820734000041, 8.223573941000041 ], [ 79.806789083000069, 8.223681070000055 ], [ 79.806767685000068, 8.223745202000032 ], [ 79.80674629400005, 8.223794932000033 ], [ 79.806723054000031, 8.223835486000041 ], [ 79.806700093000075, 8.22386956400004 ], [ 79.806663298000046, 8.223920014000043 ], [ 79.806643555000051, 8.223944334000066 ], [ 79.806623210000055, 8.223965865000025 ], [ 79.806597995000061, 8.223988568000038 ], [ 79.806570314000055, 8.224009634000026 ], [ 79.806540074000054, 8.224029142000063 ], [ 79.806507122000085, 8.224047188000043 ], [ 79.806465253000056, 8.224066426000036 ], [ 79.806418955000083, 8.224084082000047 ], [ 79.806367514000044, 8.224100435000025 ], [ 79.806309011000053, 8.22411610100005 ], [ 79.806053144000032, 8.224172556000042 ], [ 79.805911925000032, 8.224211398000023 ], [ 79.805833552000081, 8.224230499000043 ], [ 79.805746418000069, 8.224248957000043 ], [ 79.805515275000062, 8.224294296000039 ], [ 79.805386327000065, 8.224324639000031 ], [ 79.805293114000051, 8.224352407000026 ], [ 79.805162295000059, 8.224399117000075 ], [ 79.805085598000062, 8.22442484000004 ], [ 79.805025749000038, 8.224442711000052 ], [ 79.80497385700005, 8.224455925000029 ], [ 79.804932089000033, 8.224464673000057 ], [ 79.80487910800008, 8.224473129000046 ], [ 79.804754745000082, 8.224489205000054 ], [ 79.804641801000059, 8.22449862700006 ], [ 79.804601307000041, 8.224499593000075 ], [ 79.804566621000049, 8.224498741000048 ], [ 79.804507425000054, 8.224492316000067 ], [ 79.804480013000045, 8.224486687000024 ], [ 79.804454014000044, 8.224479412000051 ], [ 79.804401562000066, 8.224458494000032 ], [ 79.804342804000044, 8.224427394000031 ], [ 79.804282483000065, 8.224388265000073 ], [ 79.804227583000056, 8.224345306000032 ], [ 79.80417445900008, 8.224295070000039 ], [ 79.804125189000047, 8.224239694000062 ], [ 79.80409475700003, 8.224200392000057 ], [ 79.804066469000077, 8.224159523000026 ], [ 79.804041273000053, 8.224118761000057 ], [ 79.804019336000067, 8.224077928000042 ], [ 79.80401334700008, 8.224064962000057 ], [ 79.804007369000033, 8.224052048000033 ], [ 79.803914373000055, 8.223827344000028 ], [ 79.803875180000034, 8.223736398000028 ], [ 79.803833216000044, 8.223647070000027 ], [ 79.803792357000077, 8.223569790000056 ], [ 79.803750818000083, 8.223501170000077 ], [ 79.803707817000031, 8.223439937000023 ], [ 79.803662766000059, 8.223385255000039 ], [ 79.803615312000034, 8.223336706000055 ], [ 79.803581493000081, 8.223307016000035 ], [ 79.803501094000069, 8.223242632000051 ], [ 79.803357635000054, 8.223117675000026 ], [ 79.803234659000054, 8.223015945000043 ], [ 79.803084549000062, 8.222896946000049 ], [ 79.802939963000085, 8.222788549000029 ], [ 79.802749993000077, 8.222657975000061 ], [ 79.802560348000043, 8.222535116000074 ], [ 79.802499291000061, 8.222498565000024 ], [ 79.802444661000038, 8.222468173000038 ], [ 79.802391456000066, 8.222441089000029 ], [ 79.802341771000044, 8.22241832900005 ], [ 79.80229670600005, 8.222399995000046 ], [ 79.802253818000054, 8.222384743000021 ], [ 79.802210328000058, 8.222371592000059 ], [ 79.80216469700008, 8.222360167000033 ], [ 79.802082460000065, 8.222343938000051 ], [ 79.801891003000037, 8.222315341000069 ], [ 79.801807904000043, 8.222299654000039 ], [ 79.80168275300008, 8.222269108000035 ], [ 79.801423010000065, 8.22219506600004 ], [ 79.801310475000037, 8.222165948000054 ], [ 79.801248994000048, 8.222152420000043 ], [ 79.801191259000063, 8.222141773000033 ], [ 79.801137270000083, 8.222133933000066 ], [ 79.801080585000079, 8.22212799700003 ], [ 79.800993481000035, 8.222121383000058 ], [ 79.800879141000053, 8.222115173000077 ], [ 79.800680007000039, 8.222109627000066 ], [ 79.800442983000039, 8.222109768000053 ], [ 79.800078683000038, 8.222115046000056 ], [ 79.799848202000078, 8.222113971000056 ], [ 79.799675130000082, 8.22210605500004 ], [ 79.799484364000079, 8.222092427000064 ], [ 79.799350852000032, 8.222082889000035 ], [ 79.799300043000073, 8.222080911000035 ], [ 79.799247853000054, 8.222083411000028 ], [ 79.799191417000031, 8.222091289000048 ], [ 79.799133315000063, 8.22210420600004 ], [ 79.799073081000074, 8.222122202000037 ], [ 79.799021288000063, 8.222141070000021 ], [ 79.798968062000085, 8.222163451000029 ], [ 79.798913421000066, 8.222189334000063 ], [ 79.798857350000048, 8.222218731000055 ], [ 79.798823489000085, 8.222238353000023 ], [ 79.798790822000058, 8.22226018300006 ], [ 79.798758133000035, 8.222285025000076 ], [ 79.798725374000071, 8.222312941000041 ], [ 79.798676600000078, 8.222359953000023 ], [ 79.798625075000075, 8.222416004000024 ], [ 79.79857491100006, 8.222475472000042 ], [ 79.798442456000032, 8.222638910000057 ], [ 79.798401377000062, 8.222686225000075 ], [ 79.798363280000046, 8.222726944000044 ], [ 79.79819978300003, 8.222888540000042 ], [ 79.798022598000045, 8.223059206000073 ], [ 79.797803650000048, 8.223265225000034 ], [ 79.797757348000061, 8.22330366500006 ], [ 79.797720994000031, 8.223329695000075 ], [ 79.797680979000063, 8.223355560000073 ], [ 79.79764074600007, 8.223378952000076 ], [ 79.79759961700006, 8.223400340000069 ], [ 79.797547303000044, 8.223424024000053 ], [ 79.797439463000046, 8.223465747000034 ], [ 79.797340657000063, 8.223507913000049 ], [ 79.797241773000053, 8.223554268000044 ], [ 79.797143551000033, 8.223604504000036 ], [ 79.797057591000055, 8.22365196800007 ], [ 79.796972396000058, 8.223702316000072 ], [ 79.796888093000064, 8.223755477000054 ], [ 79.796804811000072, 8.223811364000028 ], [ 79.79670585100007, 8.223882321000076 ], [ 79.796608826000067, 8.223956938000072 ], [ 79.796520982000061, 8.224029085000041 ], [ 79.796378147000041, 8.224152392000065 ], [ 79.796319051000069, 8.22419990700007 ], [ 79.796255105000057, 8.224248885000065 ], [ 79.796110246000069, 8.224353305000022 ], [ 79.795762024000055, 8.224593416000062 ], [ 79.795672832000037, 8.224658150000039 ], [ 79.795593917000076, 8.224718454000026 ], [ 79.795519166000076, 8.224779225000077 ], [ 79.795450772000038, 8.224838946000034 ], [ 79.795398975000069, 8.224887507000062 ], [ 79.795330662000083, 8.224955416000057 ], [ 79.795215238000083, 8.225062067000067 ], [ 79.795177115000058, 8.225104171000055 ], [ 79.795149255000069, 8.22514370600004 ], [ 79.795138817000066, 8.225162886000021 ], [ 79.795130434000043, 8.225182063000034 ], [ 79.795123677000049, 8.225202329000069 ], [ 79.795118381000066, 8.22522413300004 ], [ 79.795112499000084, 8.225266512000076 ], [ 79.795110700000066, 8.225316153000051 ], [ 79.795117473000062, 8.225474547000033 ], [ 79.795120303000033, 8.225637280000058 ], [ 79.795119853000074, 8.225715471000058 ], [ 79.795114741000077, 8.225802115000022 ], [ 79.795101564000049, 8.225926456000025 ], [ 79.795093971000085, 8.225972340000055 ], [ 79.79508626900008, 8.226008165000053 ], [ 79.795075545000032, 8.22604592700003 ], [ 79.795062687000041, 8.226082451000025 ], [ 79.795044945000029, 8.226123443000063 ], [ 79.795018608000078, 8.226177041000028 ], [ 79.794995871000083, 8.226217513000051 ], [ 79.794974738000064, 8.226249933000076 ], [ 79.794945166000048, 8.226288069000077 ], [ 79.794912589000035, 8.226320710000039 ], [ 79.794879106000053, 8.226345111000057 ], [ 79.794846939000081, 8.226360226000054 ], [ 79.794820028000061, 8.226367911000068 ], [ 79.794785614000034, 8.226374058000033 ], [ 79.794688237000059, 8.226382693000062 ], [ 79.794626240000071, 8.226392580000038 ], [ 79.794540693000044, 8.226414786000021 ], [ 79.794401378000032, 8.226454471000068 ], [ 79.794259896000085, 8.226483642000062 ], [ 79.794190350000065, 8.226500089000069 ], [ 79.794140154000047, 8.226515891000076 ], [ 79.794095215000084, 8.22653550900003 ], [ 79.794058265000047, 8.226558216000058 ], [ 79.79402669600006, 8.226585712000031 ], [ 79.794001266000066, 8.226614698000049 ], [ 79.793976617000055, 8.226649199000065 ], [ 79.793951943000081, 8.226690833000021 ], [ 79.793930261000071, 8.226734210000075 ], [ 79.793910993000054, 8.226778950000039 ], [ 79.793878095000082, 8.226866796000024 ], [ 79.793823951000036, 8.227024475000064 ], [ 79.793791480000039, 8.227129599000023 ], [ 79.793760229000043, 8.227239417000021 ], [ 79.793729993000056, 8.227354643000069 ], [ 79.79371668400006, 8.227409550000061 ], [ 79.793700455000078, 8.227476499000034 ], [ 79.793666399000074, 8.227628940000045 ], [ 79.793630503000031, 8.227802793000023 ], [ 79.793623231000083, 8.227843467000071 ], [ 79.79361123800004, 8.227930884000045 ], [ 79.793599391000043, 8.227987128000052 ], [ 79.793580105000046, 8.228048332000071 ], [ 79.793547199000045, 8.228135211000051 ], [ 79.793521921000035, 8.228190883000025 ], [ 79.793494088000045, 8.228240543000027 ], [ 79.793473170000084, 8.228270750000036 ], [ 79.793451016000063, 8.228296864000072 ], [ 79.793428002000041, 8.228318341000033 ], [ 79.793404169000041, 8.228335218000041 ], [ 79.793378529000051, 8.228348276000077 ], [ 79.793347124000036, 8.228359394000051 ], [ 79.79331227800003, 8.228367691000074 ], [ 79.793272187000071, 8.228373503000057 ], [ 79.793213844000036, 8.228376579000042 ], [ 79.793147642000065, 8.22837409400006 ], [ 79.793081068000049, 8.22836871800007 ], [ 79.793025452000052, 8.228359390000037 ], [ 79.792993982000041, 8.228349582000021 ], [ 79.792969344000085, 8.228336050000053 ], [ 79.792959738000036, 8.228327576000027 ], [ 79.792952266000043, 8.228318616000024 ], [ 79.792942051000068, 8.228296788000023 ], [ 79.792938192000065, 8.228281266000067 ], [ 79.792934954000032, 8.228258412000059 ], [ 79.792930175000038, 8.228194603000077 ], [ 79.792928824000057, 8.228149574000042 ], [ 79.792931615000043, 8.228076638000061 ], [ 79.792944179000074, 8.227916852000021 ], [ 79.792949756000041, 8.227771851000057 ], [ 79.792950665000035, 8.227611687000035 ], [ 79.792947970000057, 8.227550575000066 ], [ 79.792943166000043, 8.227494884000066 ], [ 79.792931987000031, 8.227411350000068 ], [ 79.792917089000071, 8.22732770500005 ], [ 79.792896395000071, 8.227231244000052 ], [ 79.792872165000063, 8.227131193000048 ], [ 79.792854594000062, 8.227066673000024 ], [ 79.792835822000029, 8.227005547000033 ], [ 79.792820993000078, 8.22696876200007 ], [ 79.792796284000076, 8.226917058000026 ], [ 79.792782799000065, 8.226878498000076 ], [ 79.792779951000057, 8.226862370000049 ], [ 79.792779414000051, 8.226846463000072 ], [ 79.792781195000032, 8.226830233000044 ], [ 79.792785216000084, 8.226813868000022 ], [ 79.792798572000038, 8.226782361000062 ], [ 79.792818132000036, 8.226750723000066 ], [ 79.792846397000062, 8.22671331600003 ], [ 79.792897503000063, 8.226651081000057 ], [ 79.792934192000075, 8.226596905000065 ], [ 79.792973529000051, 8.226520622000066 ], [ 79.793028330000084, 8.226408579000065 ], [ 79.793064070000071, 8.226340543000049 ], [ 79.793116097000052, 8.226251337000065 ], [ 79.793217329000072, 8.226087459000041 ], [ 79.793256875000054, 8.226015626000049 ], [ 79.793295381000064, 8.225939147000076 ], [ 79.793347409000035, 8.225824858000067 ], [ 79.793400399000063, 8.225695507000069 ], [ 79.79344937500008, 8.225566030000039 ], [ 79.793572226000038, 8.225228425000068 ], [ 79.79361001500007, 8.225130597000032 ], [ 79.793645780000077, 8.225043499000037 ], [ 79.793692947000068, 8.224937509000029 ], [ 79.793810743000051, 8.224685574000034 ], [ 79.793884070000047, 8.224531823000063 ], [ 79.793950240000072, 8.224397606000025 ], [ 79.79398257500003, 8.22433798000003 ], [ 79.794022446000042, 8.224271819000023 ], [ 79.794074290000083, 8.224192285000072 ], [ 79.794116926000072, 8.22413145400003 ], [ 79.794156052000062, 8.22408056200004 ], [ 79.794194249000043, 8.22403577700004 ], [ 79.794231787000058, 8.223996595000074 ], [ 79.794270572000073, 8.223960995000027 ], [ 79.794320738000067, 8.22392063500007 ], [ 79.794381521000048, 8.223877195000057 ], [ 79.794500103000075, 8.223799837000058 ], [ 79.794586554000034, 8.223745843000074 ], [ 79.794720928000061, 8.223668023000073 ], [ 79.794952332000037, 8.223541114000056 ], [ 79.795203179000055, 8.223390334000044 ], [ 79.795358878000059, 8.223302650000051 ], [ 79.795438120000085, 8.223263042000042 ], [ 79.795514878000063, 8.223229870000068 ], [ 79.795601909000084, 8.223197901000049 ], [ 79.795751366000047, 8.223147010000048 ], [ 79.795807395000054, 8.223125783000057 ], [ 79.795854908000081, 8.223105714000042 ], [ 79.79590836300008, 8.223079789000053 ], [ 79.795969526000079, 8.22304587900004 ], [ 79.796156173000043, 8.222932134000075 ], [ 79.796209389000069, 8.222903493000047 ], [ 79.796262769000066, 8.222877417000063 ], [ 79.796326802000067, 8.222848640000052 ], [ 79.796399689000054, 8.222818259000064 ], [ 79.79662679200004, 8.222730314000046 ], [ 79.796798227000068, 8.222659087000068 ], [ 79.797030172000063, 8.222555013000033 ], [ 79.797200868000061, 8.222473062000063 ], [ 79.797317674000055, 8.222411014000045 ], [ 79.797434526000075, 8.222343600000045 ], [ 79.797578592000036, 8.22225562400007 ], [ 79.797853092000082, 8.222083896000072 ], [ 79.798161195000034, 8.22190319200007 ], [ 79.798512132000042, 8.221703228000024 ], [ 79.798664470000062, 8.221618936000027 ], [ 79.798827238000058, 8.221531010000035 ], [ 79.799136894000071, 8.221368651000034 ], [ 79.799449078000066, 8.221211098000026 ], [ 79.799669054000049, 8.221103676000041 ], [ 79.799991352000063, 8.220952946000068 ], [ 79.800206057000082, 8.220848273000058 ], [ 79.800397733000068, 8.220749964000049 ], [ 79.800720424000076, 8.220581132000063 ], [ 79.801009088000058, 8.220436353000025 ], [ 79.801025389000074, 8.220428177000031 ], [ 79.801185553000039, 8.220350578000023 ], [ 79.801328041000033, 8.220283963000043 ], [ 79.801447698000061, 8.22023000400003 ], [ 79.801559695000037, 8.220183636000058 ], [ 79.801669274000062, 8.220143848000021 ], [ 79.801821271000051, 8.220097315000032 ], [ 79.801915989000065, 8.220064980000075 ], [ 79.802001372000063, 8.220029554000064 ], [ 79.802133339000079, 8.219968799000071 ], [ 79.802237362000085, 8.219928146000029 ], [ 79.802360329000066, 8.219887942000071 ], [ 79.802583518000063, 8.219821001000071 ], [ 79.802671601000043, 8.219790501000034 ], [ 79.802746801000069, 8.219760343000075 ], [ 79.80280883000006, 8.219731785000022 ], [ 79.802878263000082, 8.219696620000036 ], [ 79.803078044000074, 8.219586407000065 ], [ 79.803204978000053, 8.21952152700004 ], [ 79.803335073000085, 8.219464641000059 ], [ 79.803543547000061, 8.219380317000059 ], [ 79.80371049200005, 8.219306129000074 ], [ 79.80388199600003, 8.219225790000053 ], [ 79.804188184000054, 8.219079531000034 ], [ 79.804491768000048, 8.218940476000057 ], [ 79.804598432000034, 8.21888883400004 ], [ 79.80468585300008, 8.218843602000049 ], [ 79.804789908000032, 8.218784759000073 ], [ 79.804902621000053, 8.218715657000075 ], [ 79.80519079100003, 8.218526697000073 ], [ 79.805365291000044, 8.218417234000071 ], [ 79.805616517000033, 8.218268672000022 ], [ 79.806116357000064, 8.217977758000075 ], [ 79.806286251000074, 8.217876426000032 ], [ 79.806380807000039, 8.217817658000058 ], [ 79.806462056000044, 8.217764263000049 ], [ 79.806540518000077, 8.217708658000049 ], [ 79.806785431000037, 8.217521110000064 ], [ 79.806860566000069, 8.217466208000076 ], [ 79.806929681000042, 8.217418999000074 ], [ 79.807002911000041, 8.217372542000021 ], [ 79.807092958000055, 8.217318635000026 ], [ 79.807345245000079, 8.217176022000046 ], [ 79.807497904000058, 8.217085687000065 ], [ 79.807667921000075, 8.216981116000056 ], [ 79.807887014000073, 8.21684238000006 ], [ 79.808335728000031, 8.216551385000059 ], [ 79.808850396000082, 8.216210989000047 ], [ 79.809269567000058, 8.215931086000069 ], [ 79.80939769400004, 8.215842606000024 ], [ 79.809515843000042, 8.215758052000069 ], [ 79.809648530000061, 8.215658721000068 ], [ 79.809787817000085, 8.215549300000021 ], [ 79.809932199000059, 8.215430953000066 ], [ 79.810089930000061, 8.21529683600005 ], [ 79.810440430000085, 8.214988076000054 ], [ 79.810795655000049, 8.214669900000047 ], [ 79.811008410000056, 8.214476052000066 ], [ 79.811460748000059, 8.214057021000031 ], [ 79.811619474000054, 8.213912657000037 ], [ 79.811747152000066, 8.213799060000042 ], [ 79.811876357000074, 8.213687790000051 ], [ 79.812029429000063, 8.213560205000022 ], [ 79.812409536000075, 8.213252895000039 ], [ 79.812542578000034, 8.213143421000041 ], [ 79.812730312000042, 8.212984227000049 ], [ 79.81286764500004, 8.21286223200002 ], [ 79.813024648000066, 8.212715177000064 ], [ 79.813246438000078, 8.212498253000035 ], [ 79.813755941000068, 8.211982903000035 ], [ 79.814426619000074, 8.211319933000027 ], [ 79.814615047000075, 8.211129873000061 ], [ 79.814759012000081, 8.21098188600007 ], [ 79.814874997000061, 8.210860041000046 ], [ 79.815002796000044, 8.210722794000048 ], [ 79.815274719000058, 8.210420756000076 ], [ 79.815445339000064, 8.210236192000025 ], [ 79.815636210000036, 8.210039467000058 ], [ 79.815954765000072, 8.209718838000072 ], [ 79.816065995000031, 8.209603552000033 ], [ 79.816167639000071, 8.209494752000069 ], [ 79.81631221300006, 8.209334664000039 ], [ 79.816471109000076, 8.209154327000022 ], [ 79.816677775000073, 8.208915553000054 ], [ 79.816853736000041, 8.20870956300007 ], [ 79.816855572000065, 8.208707417000028 ], [ 79.817022852000036, 8.208524909000062 ], [ 79.817105621000053, 8.208430899000064 ], [ 79.817168621000064, 8.208351282000024 ], [ 79.817317277000029, 8.208145621000028 ], [ 79.817426372000057, 8.208004116000041 ], [ 79.817570787000079, 8.20782601600007 ], [ 79.817832338000073, 8.207510283000033 ], [ 79.817956915000082, 8.207354859000077 ], [ 79.818082354000069, 8.207195328000068 ], [ 79.818210045000058, 8.207029773000045 ], [ 79.818325517000062, 8.206867937000027 ], [ 79.818396463000056, 8.206773740000074 ], [ 79.818432825000059, 8.206730045000029 ], [ 79.818468670000073, 8.206690012000024 ], [ 79.818563064000045, 8.206598099000075 ], [ 79.818600366000055, 8.206558806000032 ], [ 79.81862942600003, 8.206525126000031 ], [ 79.818666071000052, 8.20647843100005 ], [ 79.818702888000075, 8.206428331000041 ], [ 79.818742296000039, 8.206371448000027 ], [ 79.818828428000074, 8.206238465000069 ], [ 79.818955792000054, 8.206022511000072 ], [ 79.819043477000037, 8.205863941000075 ], [ 79.819068368000046, 8.205812951000041 ], [ 79.819088177000083, 8.205766192000056 ], [ 79.819104367000079, 8.205720257000053 ], [ 79.819115923000084, 8.205678298000066 ], [ 79.819122524000079, 8.20564223100007 ], [ 79.819127683000033, 8.205594630000064 ], [ 79.819136379000042, 8.205463167000062 ], [ 79.819142817000056, 8.205419549000055 ], [ 79.819153507000067, 8.205375373000038 ], [ 79.819178081000075, 8.20530027600006 ], [ 79.819227807000061, 8.20516537900005 ], [ 79.819279880000067, 8.20499619800006 ], [ 79.819300841000029, 8.204939566000064 ], [ 79.819318401000032, 8.204899399000055 ], [ 79.819339181000032, 8.204858571000045 ], [ 79.819364663000044, 8.204814699000053 ], [ 79.819389836000084, 8.204775465000068 ], [ 79.819430018000048, 8.204717320000043 ], [ 79.819520714000078, 8.204593859000056 ], [ 79.819744760000049, 8.20428055900004 ], [ 79.819937654000057, 8.204025558000069 ], [ 79.819967696000049, 8.203982240000073 ], [ 79.819993228000044, 8.203941688000043 ], [ 79.82001398400007, 8.203904836000049 ], [ 79.820033146000071, 8.203866781000045 ], [ 79.820071527000039, 8.203778358000022 ], [ 79.820104712000045, 8.203689349000058 ], [ 79.820150110000043, 8.203556205000041 ], [ 79.820203035000077, 8.203408123000031 ], [ 79.820223033000048, 8.203339886000037 ], [ 79.820234697000046, 8.203280719000077 ], [ 79.820238731000074, 8.203229580000027 ], [ 79.82024038600008, 8.203151477000063 ], [ 79.820247720000054, 8.203089103000025 ], [ 79.820262637000042, 8.203023859000041 ], [ 79.820285480000052, 8.202949183000044 ], [ 79.820314902000064, 8.20286524900007 ], [ 79.820351004000031, 8.202773446000037 ], [ 79.820385729000066, 8.202698499000064 ], [ 79.820446417000085, 8.202576424000029 ], [ 79.820487954000043, 8.202479921000077 ], [ 79.820505614000069, 8.20242855500004 ], [ 79.820522795000045, 8.202368891000049 ], [ 79.820569137000064, 8.202172610000048 ], [ 79.820585666000056, 8.202111333000062 ], [ 79.820601243000056, 8.202061937000053 ], [ 79.820618889000059, 8.202014930000075 ], [ 79.820641493000039, 8.201962876000039 ], [ 79.820705928000052, 8.201830896000047 ], [ 79.82074061700007, 8.201754275000042 ], [ 79.820765305000066, 8.201688294000064 ], [ 79.820768342000065, 8.201677434000032 ], [ 79.82078410500003, 8.201621071000034 ], [ 79.820796806000033, 8.201561625000068 ], [ 79.820808403000058, 8.201492715000029 ], [ 79.820831917000078, 8.201309598000023 ], [ 79.820848675000036, 8.201202483000031 ], [ 79.820870432000049, 8.201098936000051 ], [ 79.820909459000063, 8.200935944000037 ], [ 79.820932183000082, 8.200815815000055 ], [ 79.820938414000068, 8.200766430000044 ], [ 79.820942116000083, 8.200717807000046 ], [ 79.820941434000076, 8.200677452000036 ], [ 79.82093662300008, 8.200608531000057 ], [ 79.820936962000076, 8.200581738000039 ], [ 79.820939432000046, 8.200559023000039 ], [ 79.820949597000038, 8.200522285000034 ], [ 79.820971859000053, 8.200470428000074 ], [ 79.820988690000036, 8.20042092400007 ], [ 79.821003860000076, 8.200365923000049 ], [ 79.821017650000044, 8.200303996000059 ], [ 79.821034035000082, 8.200212028000067 ], [ 79.821059283000068, 8.200043705000041 ], [ 79.821094242000072, 8.199836288000029 ], [ 79.821110514000054, 8.199726265000038 ], [ 79.821121757000071, 8.199637560000042 ], [ 79.821134502000064, 8.199515842000039 ], [ 79.821142697000084, 8.199419813000077 ], [ 79.821148090000065, 8.199324231000048 ], [ 79.821149880000064, 8.19923745400007 ], [ 79.821148328000049, 8.199136430000067 ], [ 79.821143647000042, 8.199039141000071 ], [ 79.821135509000044, 8.198941786000034 ], [ 79.821124249000036, 8.198848901000076 ], [ 79.821109949000061, 8.198762551000073 ], [ 79.821087886000043, 8.198665240000025 ], [ 79.821025302000066, 8.198434852000048 ], [ 79.820973407000054, 8.198218108000049 ], [ 79.82091839900005, 8.197970463000047 ], [ 79.820871387000068, 8.197729694000031 ], [ 79.820844213000044, 8.197610074000067 ], [ 79.82082433100004, 8.197533795000027 ], [ 79.820805337000081, 8.197473053000067 ], [ 79.820785970000031, 8.19742621000006 ], [ 79.820778475000054, 8.197412518000021 ], [ 79.820757411000045, 8.197374037000031 ], [ 79.820721313000035, 8.197320481000077 ], [ 79.820690761000037, 8.197282193000035 ], [ 79.82066244300006, 8.197253443000022 ], [ 79.820640512000068, 8.197234506000029 ], [ 79.820583584000076, 8.197189953000077 ], [ 79.820541708000064, 8.197151462000022 ], [ 79.820500587000083, 8.197105174000058 ], [ 79.820437323000078, 8.197028015000058 ], [ 79.82037770800008, 8.196965671000044 ], [ 79.820357758000057, 8.19694095400007 ], [ 79.820343947000083, 8.196918134000043 ], [ 79.820334313000046, 8.196893229000068 ], [ 79.820328068000038, 8.19686487000007 ], [ 79.820323932000065, 8.196825893000039 ], [ 79.820320689000084, 8.196760662000031 ], [ 79.820311214000071, 8.19663878700004 ], [ 79.820304452000073, 8.196457245000033 ], [ 79.820301443000062, 8.196250454000051 ], [ 79.820302730000037, 8.196096444000034 ], [ 79.820301762000042, 8.196020852000061 ], [ 79.820303606000039, 8.195970924000051 ], [ 79.820310071000051, 8.195928111000057 ], [ 79.820323339000083, 8.195889470000054 ], [ 79.820344680000062, 8.19585025300006 ], [ 79.82038467700005, 8.195787526000061 ], [ 79.820399824000049, 8.19575721700005 ], [ 79.820411589000059, 8.195729115000063 ], [ 79.820435847000056, 8.195653669000023 ], [ 79.82044107400003, 8.195627712000032 ], [ 79.820443283000031, 8.195600249000051 ], [ 79.820441267000035, 8.195572223000056 ], [ 79.820435725000038, 8.195544195000025 ], [ 79.82042656200008, 8.195514454000033 ], [ 79.820414661000029, 8.195485681000036 ], [ 79.820402002000037, 8.195460930000024 ], [ 79.820387863000064, 8.195439167000075 ], [ 79.820370059000084, 8.195418924000023 ], [ 79.82033705200007, 8.19538594100004 ], [ 79.820314491000033, 8.195354990000055 ], [ 79.820304262000036, 8.195334322000065 ], [ 79.820296274000043, 8.195312346000037 ], [ 79.820290327000066, 8.195288559000062 ], [ 79.820286486000043, 8.195263427000043 ], [ 79.820284384000047, 8.195218538000063 ], [ 79.820286992000035, 8.195170300000029 ], [ 79.820294561000082, 8.195109675000026 ], [ 79.820310136000046, 8.195015898000065 ], [ 79.820318430000043, 8.194954872000039 ], [ 79.820322821000047, 8.194892181000057 ], [ 79.820327482000039, 8.19476934100004 ], [ 79.820331835000047, 8.19472219000005 ], [ 79.820339370000056, 8.19467559900005 ], [ 79.820351419000076, 8.194631553000022 ], [ 79.820366766000063, 8.194595114000037 ], [ 79.820388069000046, 8.194558633000042 ], [ 79.820416695000063, 8.194520945000022 ], [ 79.820457474000079, 8.19447814800003 ], [ 79.820506834000071, 8.194434876000059 ], [ 79.82056661300004, 8.194388334000053 ], [ 79.820662638000044, 8.194317452000064 ], [ 79.820727386000044, 8.194265423000047 ], [ 79.820779496000057, 8.194216578000066 ], [ 79.820786082000041, 8.194209641000043 ], [ 79.820824124000069, 8.194169578000071 ], [ 79.820987334000051, 8.193979970000044 ], [ 79.821185114000059, 8.193733743000053 ], [ 79.821268320000058, 8.193626797000036 ], [ 79.82134089200008, 8.193530413000076 ], [ 79.821399185000075, 8.193450530000064 ], [ 79.821443223000074, 8.193384308000077 ], [ 79.821473297000068, 8.193333723000023 ], [ 79.82149984800003, 8.193283140000062 ], [ 79.82152171000007, 8.193234733000054 ], [ 79.821539573000052, 8.19318640900002 ], [ 79.821551525000075, 8.193144558000029 ], [ 79.821562657000072, 8.193095735000043 ], [ 79.821585113000083, 8.192970607000063 ], [ 79.821599744000082, 8.19290058200005 ], [ 79.821615523000048, 8.192843779000043 ], [ 79.821636389000048, 8.192786448000049 ], [ 79.821655022000073, 8.192742538000061 ], [ 79.82168820000004, 8.192670630000066 ], [ 79.821779923000065, 8.192490735000035 ], [ 79.821810116000051, 8.192427115000044 ], [ 79.821859779000079, 8.192322450000063 ], [ 79.821919561000072, 8.192186537000055 ], [ 79.821938101000057, 8.192137610000032 ], [ 79.821951759000058, 8.192096295000056 ], [ 79.821966023000073, 8.19204211400006 ], [ 79.821977998000079, 8.191982149000069 ], [ 79.822002273000066, 8.191816083000049 ], [ 79.822022249000042, 8.19170878400007 ], [ 79.822061447000067, 8.191544790000023 ], [ 79.822102857000061, 8.191386340000065 ], [ 79.822139793000076, 8.191251709000028 ], [ 79.822173407000037, 8.191138860000024 ], [ 79.822208482000065, 8.191039271000022 ], [ 79.822262566000063, 8.190901044000043 ], [ 79.822294816000067, 8.190813242000047 ], [ 79.822320092000041, 8.190733071000068 ], [ 79.822339957000054, 8.190655888000038 ], [ 79.822366689000035, 8.190534653000043 ], [ 79.822385795000059, 8.190421649000029 ], [ 79.822398295000085, 8.190302091000035 ], [ 79.822404891000076, 8.190188345000024 ], [ 79.822405290000063, 8.190115751000064 ], [ 79.82240119800008, 8.190053941000031 ], [ 79.822392453000077, 8.189999052000076 ], [ 79.822378281000056, 8.18994897400006 ], [ 79.822347127000057, 8.189872731000037 ], [ 79.822292979000053, 8.189763620000065 ], [ 79.822257468000032, 8.189682257000072 ], [ 79.822206423000068, 8.189544553000076 ], [ 79.822131162000062, 8.189328156000045 ], [ 79.822108484000069, 8.189271157000064 ], [ 79.822058306000031, 8.189157045000059 ], [ 79.822043413000074, 8.189118581000059 ], [ 79.822033462000036, 8.189087087000075 ], [ 79.822027354000056, 8.18906094700003 ], [ 79.822023417000082, 8.189033850000044 ], [ 79.822021234000033, 8.189002740000035 ], [ 79.822020924000071, 8.188970968000035 ], [ 79.822025961000065, 8.188901743000031 ], [ 79.822037674000057, 8.188832620000028 ], [ 79.822049155000059, 8.188785764000045 ], [ 79.822063602000071, 8.188739673000043 ], [ 79.822080335000066, 8.188696662000041 ], [ 79.822100041000056, 8.188655233000077 ], [ 79.822113840000043, 8.188631343000054 ], [ 79.822130471000037, 8.188607560000037 ], [ 79.822195681000039, 8.188529649000031 ], [ 79.82223631800008, 8.188470299000073 ], [ 79.822256744000072, 8.188434657000073 ], [ 79.822296771000083, 8.188358994000055 ], [ 79.822354226000073, 8.188241242000061 ], [ 79.822412952000036, 8.188108579000072 ], [ 79.822462796000082, 8.187988352000048 ], [ 79.822504790000039, 8.187876515000028 ], [ 79.822567962000051, 8.187697089000039 ], [ 79.822623512000064, 8.187558006000074 ], [ 79.822637885000063, 8.187527508000073 ], [ 79.822695382000063, 8.187405505000072 ], [ 79.822789242000056, 8.187222432000056 ], [ 79.822841394000079, 8.187117168000043 ], [ 79.822883298000079, 8.187026084000024 ], [ 79.822923388000049, 8.186932615000046 ], [ 79.822973773000058, 8.186810238000021 ], [ 79.823021236000045, 8.186689414000057 ], [ 79.823066221000033, 8.186569036000037 ], [ 79.823109615000078, 8.186446697000065 ], [ 79.823175523000032, 8.186242328000048 ], [ 79.823262505000059, 8.185947228000032 ], [ 79.823329582000042, 8.18575013800006 ], [ 79.823355112000058, 8.185657524000021 ], [ 79.82336261100005, 8.185619793000058 ], [ 79.82336842400008, 8.185580703000028 ], [ 79.823374446000059, 8.185509696000054 ], [ 79.823379985000031, 8.185395487000051 ], [ 79.823386149000044, 8.185314326000025 ], [ 79.823397036000074, 8.18519810500004 ], [ 79.823407974000077, 8.185120615000073 ], [ 79.823429175000058, 8.185023903000058 ], [ 79.823468054000045, 8.184879353000042 ], [ 79.823510623000061, 8.184705673000053 ], [ 79.823537282000075, 8.184584374000053 ], [ 79.823551401000032, 8.184500341000046 ], [ 79.823557490000042, 8.184443442000031 ], [ 79.823560030000067, 8.184382269000025 ], [ 79.823556007000036, 8.184206493000033 ], [ 79.823558841000079, 8.184093444000041 ], [ 79.823565514000052, 8.183974043000035 ], [ 79.823571187000084, 8.183925590000058 ], [ 79.823577577000037, 8.183888369000044 ], [ 79.823586404000082, 8.183851611000023 ], [ 79.823600314000032, 8.183808003000024 ], [ 79.823647506000043, 8.183687361000068 ], [ 79.823677049000082, 8.183607213000073 ], [ 79.823697115000073, 8.183548644000041 ], [ 79.823717158000079, 8.183482627000046 ], [ 79.823725692000039, 8.183444509000026 ], [ 79.823730927000042, 8.183406234000074 ], [ 79.823735019000083, 8.183312607000062 ], [ 79.823739713000066, 8.183262176000028 ], [ 79.823748973000079, 8.183214028000066 ], [ 79.823762007000084, 8.183165685000063 ], [ 79.82379738700007, 8.183064558000069 ], [ 79.823874554000042, 8.182866956000055 ], [ 79.823936434000075, 8.182690834000027 ], [ 79.824010506000036, 8.18246074700005 ], [ 79.824021677000076, 8.182416088000025 ], [ 79.824030859000061, 8.182367125000042 ], [ 79.824038642000062, 8.182304190000025 ], [ 79.824042698000085, 8.182236552000063 ], [ 79.824042886000029, 8.182165161000057 ], [ 79.824039121000055, 8.182088772000043 ], [ 79.824031263000052, 8.182006570000055 ], [ 79.824017071000071, 8.18189466900003 ], [ 79.824013678000085, 8.181867910000051 ], [ 79.82399840800008, 8.181782656000053 ], [ 79.823986965000074, 8.181739128000061 ], [ 79.823969878000071, 8.181697850000035 ], [ 79.823947048000036, 8.181662129000074 ], [ 79.82391476600003, 8.181623263000063 ], [ 79.823858372000075, 8.181562335000024 ], [ 79.823835175000056, 8.181532924000066 ], [ 79.823817210000072, 8.181507335000049 ], [ 79.823760717000084, 8.181412229000045 ], [ 79.823740674000078, 8.18137364100005 ], [ 79.823722644000043, 8.181334106000065 ], [ 79.823704160000034, 8.181284441000059 ], [ 79.823691646000043, 8.181234778000032 ], [ 79.823685029000046, 8.181181131000073 ], [ 79.823678397000037, 8.181088388000035 ], [ 79.823673302000032, 8.181053619000068 ], [ 79.823665995000056, 8.181020806000049 ], [ 79.823647559000051, 8.180956073000061 ], [ 79.823611768000035, 8.180845927000064 ], [ 79.823577097000054, 8.180724121000026 ], [ 79.823553171000071, 8.180647964000059 ], [ 79.823523862000059, 8.180572854000047 ], [ 79.823480321000034, 8.180481026000052 ], [ 79.823429253000029, 8.180381874000034 ], [ 79.823338508000063, 8.180213499000047 ], [ 79.823308264000048, 8.18015245600003 ], [ 79.823293628000044, 8.180117367000037 ], [ 79.82328085100005, 8.180080029000067 ], [ 79.823270217000072, 8.180041245000041 ], [ 79.823261597000055, 8.180000501000052 ], [ 79.823255526000082, 8.179961541000068 ], [ 79.823251139000035, 8.179920206000077 ], [ 79.823248573000058, 8.179877554000029 ], [ 79.823247761000061, 8.179831855000032 ], [ 79.823251471000049, 8.179735167000047 ], [ 79.823262625000041, 8.17962342800007 ], [ 79.82329311500007, 8.179400276000024 ], [ 79.82330874400003, 8.179305572000032 ], [ 79.823331807000045, 8.179201270000021 ], [ 79.823365075000083, 8.179085852000071 ], [ 79.823382323000033, 8.179018598000027 ], [ 79.823392857000044, 8.178962994000074 ], [ 79.823397668000041, 8.178915537000023 ], [ 79.823397951000061, 8.178877107000062 ], [ 79.823393804000034, 8.178813990000037 ], [ 79.823387296000078, 8.178748188000043 ], [ 79.823379878000082, 8.178695603000051 ], [ 79.823370949000036, 8.178647555000055 ], [ 79.823360587000082, 8.178605778000076 ], [ 79.823349266000037, 8.178570960000059 ], [ 79.823335802000031, 8.178539952000051 ], [ 79.823324334000063, 8.178520124000045 ], [ 79.823312552000061, 8.178504708000048 ], [ 79.823299790000078, 8.178492617000074 ], [ 79.823286478000057, 8.17848426300003 ], [ 79.823272402000043, 8.178479268000046 ], [ 79.823255334000066, 8.178476999000054 ], [ 79.823236001000055, 8.178477679000025 ], [ 79.823213618000068, 8.178481464000072 ], [ 79.823190319000048, 8.178487848000032 ], [ 79.823164246000033, 8.178497054000047 ], [ 79.823100602000068, 8.178525942000022 ], [ 79.822999740000057, 8.178581257000076 ], [ 79.822917837000034, 8.178630711000039 ], [ 79.822886804000063, 8.17865209200005 ], [ 79.822853941000062, 8.178677234000077 ], [ 79.822780773000034, 8.178740855000058 ], [ 79.822657117000062, 8.178860137000072 ], [ 79.822556704000078, 8.178953430000035 ], [ 79.822444774000076, 8.17906111800005 ], [ 79.822362957000053, 8.17913642700006 ], [ 79.822329349000086, 8.179163555000059 ], [ 79.822296063000067, 8.179186076000065 ], [ 79.82219354700004, 8.179245367000021 ], [ 79.822136175000082, 8.179282832000069 ], [ 79.822114209000063, 8.179300408000074 ], [ 79.822095961000059, 8.179318051000052 ], [ 79.822081314000059, 8.179335970000068 ], [ 79.822070240000073, 8.179354162000038 ], [ 79.822062736000078, 8.179372174000036 ], [ 79.822058262000041, 8.179390623000074 ], [ 79.822056265000072, 8.179411922000043 ], [ 79.822056789000044, 8.179433954000046 ], [ 79.822064195000053, 8.179485855000053 ], [ 79.822082672000079, 8.179569905000051 ], [ 79.822092892000057, 8.179641871000058 ], [ 79.822097823000036, 8.179701435000027 ], [ 79.822102112000039, 8.179787924000038 ], [ 79.82210275500006, 8.179864590000022 ], [ 79.822098567000069, 8.179917198000055 ], [ 79.822089389000041, 8.179968114000076 ], [ 79.822075473000041, 8.18001057400005 ], [ 79.822049932000084, 8.180069072000038 ], [ 79.822035651000078, 8.180108178000069 ], [ 79.822027827000056, 8.180139332000067 ], [ 79.822012835000066, 8.180216700000074 ], [ 79.822008076000031, 8.180258003000063 ], [ 79.822008931000084, 8.180294884000034 ], [ 79.822011620000069, 8.18030963700005 ], [ 79.822015907000036, 8.180322814000021 ], [ 79.82202172500007, 8.180334046000041 ], [ 79.822029403000045, 8.180343759000039 ], [ 79.822043929000074, 8.180355433000045 ], [ 79.82206169400007, 8.18036515700004 ], [ 79.822084240000038, 8.180374110000059 ], [ 79.822108337000031, 8.180381123000075 ], [ 79.822131659000036, 8.180386044000045 ], [ 79.822155260000045, 8.180389074000061 ], [ 79.822175947000062, 8.180388776000029 ], [ 79.822196921000057, 8.180385707000028 ], [ 79.822217092000074, 8.180380480000053 ], [ 79.82224154000005, 8.180371875000048 ], [ 79.822309028000063, 8.180340349000062 ], [ 79.822354388000065, 8.180316735000076 ], [ 79.822400126000048, 8.18029079300004 ], [ 79.82247744700004, 8.180241059000025 ], [ 79.82251645100007, 8.180217922000054 ], [ 79.822553784000036, 8.180200823000064 ], [ 79.82260012900008, 8.180185325000025 ], [ 79.822650998000086, 8.180170713000052 ], [ 79.82270296300004, 8.180158324000047 ], [ 79.822747521000053, 8.18015027000007 ], [ 79.822789901000078, 8.18014609200003 ], [ 79.822817615000076, 8.180146620000073 ], [ 79.822832319000042, 8.180149186000051 ], [ 79.822841543000038, 8.180152326000041 ], [ 79.822849032000079, 8.180156752000073 ], [ 79.822854535000033, 8.180162783000071 ], [ 79.822857336000084, 8.180169871000032 ], [ 79.822857713000076, 8.180178660000024 ], [ 79.822853063000082, 8.180198934000032 ], [ 79.822842296000033, 8.180225106000023 ], [ 79.822825717000057, 8.180257403000041 ], [ 79.822797903000037, 8.180305619000023 ], [ 79.822771746000058, 8.180342539000037 ], [ 79.822717002000047, 8.180406725000068 ], [ 79.822685001000082, 8.18045274900004 ], [ 79.822658257000057, 8.180505565000033 ], [ 79.822616019000066, 8.180603627000039 ], [ 79.822595843000045, 8.180639877000033 ], [ 79.82257472100008, 8.180668987000047 ], [ 79.822556913000085, 8.180687699000032 ], [ 79.822536041000035, 8.180705020000062 ], [ 79.82250429700008, 8.180726834000041 ], [ 79.822439655000039, 8.180767393000053 ], [ 79.822414398000035, 8.180786657000056 ], [ 79.822393413000043, 8.180806420000067 ], [ 79.822371188000034, 8.180831586000068 ], [ 79.822347697000055, 8.180862604000026 ], [ 79.822291664000034, 8.180947747000062 ], [ 79.822256884000069, 8.180995745000075 ], [ 79.822218659000043, 8.181038465000029 ], [ 79.82216543100003, 8.181089663000023 ], [ 79.82210998000005, 8.181138088000068 ], [ 79.82205663700006, 8.181179260000022 ], [ 79.822004002000085, 8.18121436000007 ], [ 79.821953754000049, 8.181242402000066 ], [ 79.82191681300003, 8.181259262000026 ], [ 79.821883335000052, 8.181271288000062 ], [ 79.82184619800006, 8.181281242000068 ], [ 79.821805434000055, 8.181288755000026 ], [ 79.82176310300008, 8.18129344700003 ], [ 79.82171629000004, 8.181295628000044 ], [ 79.821666151000045, 8.18129516700003 ], [ 79.821610430000078, 8.181292049000035 ], [ 79.821507907000068, 8.181281788000035 ], [ 79.821336719000044, 8.181260388000055 ], [ 79.821189265000044, 8.181248324000023 ], [ 79.821081486000082, 8.18123693900003 ], [ 79.820935261000045, 8.181217457000059 ], [ 79.820816946000036, 8.181200134000051 ], [ 79.82066452600003, 8.181177818000037 ], [ 79.82038182000008, 8.181145942000057 ], [ 79.819978243000037, 8.18110854400004 ], [ 79.819824677000042, 8.181094314000063 ], [ 79.819411200000047, 8.18104812200005 ], [ 79.819205318000058, 8.181027071000074 ], [ 79.818996650000031, 8.181011684000055 ], [ 79.818785440000056, 8.181002450000051 ], [ 79.818546330000061, 8.180998053000053 ], [ 79.81829887400005, 8.18099879600004 ], [ 79.818020597000043, 8.181004047000044 ], [ 79.817645926000068, 8.181014626000035 ], [ 79.817404676000081, 8.181016399000043 ], [ 79.817312420000064, 8.181018515000062 ], [ 79.817178666000075, 8.181025874000056 ], [ 79.81710352500005, 8.181033743000057 ], [ 79.817003044000046, 8.181047168000021 ], [ 79.816860089000045, 8.181056307000063 ], [ 79.816800625000042, 8.181064854000056 ], [ 79.816756200000043, 8.18107728800004 ], [ 79.816729665000082, 8.181089641000028 ], [ 79.816708212000037, 8.181104826000023 ], [ 79.816691647000084, 8.181122682000023 ], [ 79.816686649000076, 8.181131287000028 ], [ 79.816678526000032, 8.181145269000069 ], [ 79.816669568000066, 8.181168881000076 ], [ 79.816661494000073, 8.18120015900007 ], [ 79.816648924000049, 8.181268937000027 ], [ 79.816640638000081, 8.181327959000043 ], [ 79.816638423000029, 8.181380292000028 ], [ 79.816642697000077, 8.181441863000032 ], [ 79.816654115000063, 8.181518565000033 ], [ 79.816678204000084, 8.181648325000026 ], [ 79.816684769000062, 8.181697313000029 ], [ 79.816687828000056, 8.181736917000023 ], [ 79.816687786000045, 8.181777662000059 ], [ 79.816683774000069, 8.181815659000051 ], [ 79.81667574800008, 8.181850086000054 ], [ 79.81666352700006, 8.181881800000042 ], [ 79.81664726200006, 8.181910430000073 ], [ 79.816627105000066, 8.181936879000034 ], [ 79.816597199000057, 8.18196940200005 ], [ 79.816538440000045, 8.182028388000049 ], [ 79.816516285000034, 8.182054276000031 ], [ 79.816499565000072, 8.182077724000067 ], [ 79.816487799000072, 8.182099637000022 ], [ 79.816477758000076, 8.182125811000049 ], [ 79.816459136000049, 8.182194261000063 ], [ 79.816447244000074, 8.182230050000044 ], [ 79.816434879000042, 8.182255266000027 ], [ 79.816418682000062, 8.182275787000037 ], [ 79.816399172000047, 8.182290384000055 ], [ 79.816377511000042, 8.182301291000044 ], [ 79.816349913000067, 8.182311392000031 ], [ 79.816312221000032, 8.182321905000038 ], [ 79.816278756000031, 8.182328695000024 ], [ 79.816257093000047, 8.182329934000052 ], [ 79.816205678000074, 8.18232905800005 ], [ 79.816186507000054, 8.182331224000052 ], [ 79.816173067000079, 8.182335025000043 ], [ 79.816159455000047, 8.18234338600007 ], [ 79.816148564000059, 8.182356256000048 ], [ 79.816139761000045, 8.182374049000032 ], [ 79.816133237000031, 8.182395829000029 ], [ 79.816125258000056, 8.182442488000049 ], [ 79.81611939000004, 8.182488723000063 ], [ 79.816112370000042, 8.182560788000046 ], [ 79.816110577000074, 8.18260312700005 ], [ 79.816111420000084, 8.182640456000058 ], [ 79.81611487400005, 8.182677346000048 ], [ 79.816121406000036, 8.182714460000057 ], [ 79.816130455000064, 8.182751520000068 ], [ 79.816148376000058, 8.182803456000045 ], [ 79.81615898900003, 8.182826224000053 ], [ 79.816170900000031, 8.182846165000058 ], [ 79.816198204000045, 8.18287814200005 ], [ 79.816237199000057, 8.18291473000005 ], [ 79.816258965000031, 8.182937303000074 ], [ 79.816275510000082, 8.182958708000058 ], [ 79.816289143000063, 8.182980806000046 ], [ 79.816309774000047, 8.183018805000074 ], [ 79.816324762000079, 8.18305338600004 ], [ 79.816333972000052, 8.183084443000041 ], [ 79.816337898000029, 8.183114753000041 ], [ 79.816336120000074, 8.183151914000064 ], [ 79.816328258000055, 8.183191282000053 ], [ 79.816314257000045, 8.183235314000058 ], [ 79.816292575000034, 8.183288961000073 ], [ 79.816264158000081, 8.183351710000068 ], [ 79.816231427000048, 8.183415841000055 ], [ 79.816206033000071, 8.183456542000044 ], [ 79.816194261000078, 8.183470237000051 ], [ 79.816184283000041, 8.183476649000056 ], [ 79.81617779100003, 8.183475410000028 ], [ 79.816172849000054, 8.183469437000042 ], [ 79.816168523000044, 8.183458612000038 ], [ 79.816165090000084, 8.183444532000067 ], [ 79.81615793800006, 8.183390450000047 ], [ 79.816150368000081, 8.183292731000051 ], [ 79.816137874000049, 8.183208606000051 ], [ 79.816110219000052, 8.183079860000021 ], [ 79.816094673000066, 8.183023992000074 ], [ 79.81607550800004, 8.182963789000041 ], [ 79.816057895000085, 8.182921943000053 ], [ 79.816035987000078, 8.182887179000033 ], [ 79.816005835000055, 8.182853433000048 ], [ 79.815953223000065, 8.182802145000039 ], [ 79.815936160000035, 8.182782520000046 ], [ 79.815924159000076, 8.182766048000076 ], [ 79.815914545000055, 8.182749450000074 ], [ 79.815904119000038, 8.182727107000062 ], [ 79.81588722500004, 8.182677656000067 ], [ 79.81587819300006, 8.182639473000052 ], [ 79.815869647000056, 8.182589889000042 ], [ 79.815863161000038, 8.182540267000036 ], [ 79.815858089000074, 8.182485881000048 ], [ 79.815855133000071, 8.182438813000033 ], [ 79.815854219000073, 8.182396208000057 ], [ 79.815857623000056, 8.18229423300005 ], [ 79.815865224000049, 8.182221387000027 ], [ 79.815879129000052, 8.182152513000062 ], [ 79.815897064000069, 8.182087205000073 ], [ 79.81595134500003, 8.181912158000046 ], [ 79.815971500000046, 8.18183007600004 ], [ 79.815978008000059, 8.181792034000068 ], [ 79.815985014000034, 8.181734970000036 ], [ 79.815995507000082, 8.181623149000075 ], [ 79.816007195000054, 8.181548085000031 ], [ 79.81601923900007, 8.181501701000059 ], [ 79.816048091000084, 8.181420366000054 ], [ 79.816063289000056, 8.181364291000023 ], [ 79.816066921000072, 8.18134000200007 ], [ 79.816068071000075, 8.181313265000028 ], [ 79.816064560000029, 8.181249105000063 ], [ 79.816064272000062, 8.181216264000057 ], [ 79.816066572000068, 8.181191596000076 ], [ 79.816071338000029, 8.18116671000007 ], [ 79.816084397000054, 8.181119227000067 ], [ 79.816102042000068, 8.181073007000066 ], [ 79.816125184000043, 8.181026220000035 ], [ 79.816149492000079, 8.180987241000025 ], [ 79.816169454000033, 8.180962219000037 ], [ 79.816196885000068, 8.180935824000073 ], [ 79.816230358000041, 8.180908930000044 ], [ 79.816288453000084, 8.180866660000049 ], [ 79.81632636900008, 8.180835709000064 ], [ 79.816353605000074, 8.180808754000054 ], [ 79.816381023000076, 8.180776637000065 ], [ 79.816383003000055, 8.180773969000029 ], [ 79.816414970000039, 8.180730893000032 ], [ 79.816450910000071, 8.180675542000074 ], [ 79.816533793000076, 8.180531330000065 ], [ 79.816582754000081, 8.180452211000045 ], [ 79.816629122000052, 8.180388446000052 ], [ 79.816684233000046, 8.180323440000052 ], [ 79.816729860000066, 8.180274007000037 ], [ 79.816783763000046, 8.180218905000061 ], [ 79.816955693000068, 8.180052748000037 ], [ 79.817067186000031, 8.17993879900007 ], [ 79.817189469000084, 8.17980447900004 ], [ 79.817414899000084, 8.179552586000057 ], [ 79.817666185000064, 8.179284960000075 ], [ 79.817731903000038, 8.17921135000006 ], [ 79.817792350000047, 8.179139511000074 ], [ 79.817861278000066, 8.179050045000054 ], [ 79.817934075000039, 8.178946665000069 ], [ 79.818017864000069, 8.178819159000057 ], [ 79.818153800000061, 8.178605233000042 ], [ 79.818266738000034, 8.17843883300003 ], [ 79.818457846000058, 8.178176449000034 ], [ 79.818627551000077, 8.177952855000058 ], [ 79.818721476000064, 8.177833802000066 ], [ 79.818814166000038, 8.177719980000063 ], [ 79.818914128000074, 8.177600951000045 ], [ 79.819030841000085, 8.177465626000071 ], [ 79.819205717000045, 8.177268086000026 ], [ 79.819357287000059, 8.177099571000042 ], [ 79.819614898000054, 8.176825346000044 ], [ 79.81968306400006, 8.176748350000025 ], [ 79.819733733000078, 8.176687371000071 ], [ 79.819776488000059, 8.176632755000071 ], [ 79.819840121000084, 8.176547336000056 ], [ 79.819986232000076, 8.176340755000069 ], [ 79.820082819000049, 8.176210333000029 ], [ 79.820168226000078, 8.176105698000072 ], [ 79.82029682600006, 8.175959759000023 ], [ 79.820371037000029, 8.17586695600005 ], [ 79.82042812800006, 8.175783098000068 ], [ 79.820502536000049, 8.175659727000038 ], [ 79.820561434000069, 8.175569402000065 ], [ 79.820641931000068, 8.175455528000043 ], [ 79.82074328300007, 8.175319865000063 ], [ 79.820776882000075, 8.175276255000028 ], [ 79.820795142000065, 8.175252555000043 ], [ 79.820831143000078, 8.175208653000027 ], [ 79.820838278000053, 8.17519995400005 ], [ 79.820880532000047, 8.175151847000052 ], [ 79.820910860000083, 8.175119460000076 ], [ 79.820946432000085, 8.175081474000024 ], [ 79.82097733300003, 8.17504559200006 ], [ 79.821002670000041, 8.175012639000045 ], [ 79.821023639000032, 8.174980457000061 ], [ 79.821040814000071, 8.174948475000065 ], [ 79.821056412000075, 8.174913921000041 ], [ 79.821070533000068, 8.17487666300002 ], [ 79.821083476000069, 8.174835788000053 ], [ 79.821094499000083, 8.174794354000028 ], [ 79.821104916000081, 8.174747265000065 ], [ 79.821118348000084, 8.174678884000059 ], [ 79.821129406000068, 8.17461320700005 ], [ 79.821141166000075, 8.174527681000029 ], [ 79.821147593000035, 8.174463445000072 ], [ 79.821153065000033, 8.174369490000061 ], [ 79.821160107000082, 8.174192930000061 ], [ 79.82117450100003, 8.174002857000062 ], [ 79.821177254000077, 8.173930491000021 ], [ 79.821177050000074, 8.173880173000043 ], [ 79.821174040000074, 8.173814880000066 ], [ 79.821167800000069, 8.173741805000077 ], [ 79.821157451000033, 8.173656179000034 ], [ 79.821142054000063, 8.173555038000075 ], [ 79.821127451000052, 8.173470989000066 ], [ 79.821110327000042, 8.173386440000058 ], [ 79.821097645000066, 8.17333379400003 ], [ 79.821082742000044, 8.173281162000023 ], [ 79.821068153000056, 8.17323685100007 ], [ 79.821052085000076, 8.173194827000032 ], [ 79.821010351000041, 8.17310274700003 ], [ 79.82093980500008, 8.172959933000072 ], [ 79.820880088000081, 8.172817176000024 ], [ 79.82085500900007, 8.172765890000051 ], [ 79.820836996000082, 8.172737126000072 ], [ 79.820833944000071, 8.172732249000035 ], [ 79.820801115000052, 8.17269042700002 ], [ 79.820722592000038, 8.172605551000061 ], [ 79.820621462000076, 8.172483028000045 ], [ 79.820576494000079, 8.172434209000073 ], [ 79.820551863000048, 8.172411145000069 ], [ 79.820521381000049, 8.17238562600005 ], [ 79.82044081600003, 8.172326338000062 ], [ 79.820307134000075, 8.172234338000067 ], [ 79.820116165000059, 8.172105872000031 ], [ 79.81994099800005, 8.171983606000026 ], [ 79.819485056000076, 8.171581421000042 ], [ 79.819458379000082, 8.171550737000075 ], [ 79.819431235000081, 8.17152801900005 ], [ 79.819415021000054, 8.171518225000057 ], [ 79.819398240000055, 8.171510743000056 ], [ 79.819381758000077, 8.171505756000045 ], [ 79.81936068400006, 8.171501850000027 ], [ 79.819269920000067, 8.171494154000072 ], [ 79.819242402000043, 8.171493786000042 ], [ 79.819210258000055, 8.171495434000065 ], [ 79.819177766000053, 8.171500210000033 ], [ 79.819144504000064, 8.171508625000058 ], [ 79.81910719800004, 8.171522176000053 ], [ 79.819073182000068, 8.171537846000035 ], [ 79.819043056000055, 8.171555195000053 ], [ 79.819016525000052, 8.171574288000045 ], [ 79.818994203000045, 8.171594724000045 ], [ 79.818975944000044, 8.171616348000043 ], [ 79.818935489000069, 8.171679282000071 ], [ 79.818890893000059, 8.171754645000021 ], [ 79.818855488000054, 8.171820141000069 ], [ 79.818825244000038, 8.171882505000042 ], [ 79.818799900000045, 8.171942210000054 ], [ 79.818779072000041, 8.172000081000022 ], [ 79.81876264400006, 8.172056436000048 ], [ 79.818750562000048, 8.172111469000072 ], [ 79.818744888000083, 8.172147628000062 ], [ 79.818741140000043, 8.172183296000071 ], [ 79.818738015000065, 8.172270956000034 ], [ 79.818743828000038, 8.172436054000059 ], [ 79.818752650000079, 8.172617516000059 ], [ 79.818767963000084, 8.172863807000056 ], [ 79.818788114000085, 8.17313050100006 ], [ 79.818798657000059, 8.173250818000042 ], [ 79.818846540000038, 8.173437131000071 ], [ 79.818894353000076, 8.173523363000072 ], [ 79.818971045000069, 8.17358095700007 ], [ 79.81903815700008, 8.17362896000003 ], [ 79.819162959000039, 8.173648392000075 ], [ 79.819383730000084, 8.173696757000073 ], [ 79.819479539000042, 8.173792672000047 ], [ 79.819498587000055, 8.173859698000058 ], [ 79.819546401000082, 8.173945931000048 ], [ 79.819594261000077, 8.174013026000068 ], [ 79.819807876000084, 8.174113005000038 ], [ 79.819833379000045, 8.174121969000055 ], [ 79.819867169000077, 8.174137486000063 ], [ 79.819897130000072, 8.174156021000044 ], [ 79.819923236000079, 8.174177463000035 ], [ 79.819947239000044, 8.174203290000037 ], [ 79.81995243700004, 8.174215867000044 ], [ 79.819953789000067, 8.174234954000042 ], [ 79.819951744000036, 8.174257260000047 ], [ 79.819946679000054, 8.174274482000044 ], [ 79.819942068000046, 8.174281775000054 ], [ 79.819936891000054, 8.174286423000069 ], [ 79.819929222000042, 8.174290421000023 ], [ 79.819918749000067, 8.174293273000046 ], [ 79.819855294000035, 8.174300011000071 ], [ 79.819792168000049, 8.17430269700003 ], [ 79.819731885000067, 8.174301764000063 ], [ 79.819669522000083, 8.17429756000007 ], [ 79.819605012000068, 8.174290082000027 ], [ 79.819538242000078, 8.174279316000025 ], [ 79.819467787000065, 8.174264953000034 ], [ 79.819394546000069, 8.174247100000059 ], [ 79.819322521000061, 8.174226967000038 ], [ 79.819228688000067, 8.174198043000047 ], [ 79.819147243000032, 8.174171129000058 ], [ 79.819075545000032, 8.174145211000052 ], [ 79.819010365000054, 8.174119119000068 ], [ 79.818950873000063, 8.174092503000054 ], [ 79.818907080000031, 8.174070714000038 ], [ 79.81886636400003, 8.174048344000028 ], [ 79.818828607000057, 8.174025325000059 ], [ 79.818793737000078, 8.174001616000055 ], [ 79.818761681000069, 8.173977163000075 ], [ 79.818732425000064, 8.173951952000039 ], [ 79.81870593900004, 8.17392595900003 ], [ 79.818682207000052, 8.173899167000059 ], [ 79.818662148000044, 8.173872885000037 ], [ 79.818644428000084, 8.17384566100003 ], [ 79.818627780000043, 8.173815513000022 ], [ 79.818612278000046, 8.173782515000028 ], [ 79.81859782500004, 8.173746450000067 ], [ 79.818584345000033, 8.173707106000052 ], [ 79.818559667000045, 8.173616668000022 ], [ 79.818539648000069, 8.173522412000068 ], [ 79.818518038000036, 8.173402484000064 ], [ 79.818509721000055, 8.173325799000054 ], [ 79.818505907000031, 8.173242412000036 ], [ 79.81850585400008, 8.173177304000035 ], [ 79.818508015000077, 8.173104497000054 ], [ 79.818522133000045, 8.172860188000072 ], [ 79.818525891000036, 8.172768872000063 ], [ 79.818526985000062, 8.172670866000033 ], [ 79.818526597000073, 8.172369811000067 ], [ 79.818528914000069, 8.172275717000048 ], [ 79.818533376000062, 8.172191762000068 ], [ 79.818541421000077, 8.172102918000064 ], [ 79.818554418000076, 8.172005894000051 ], [ 79.818571354000085, 8.171907511000029 ], [ 79.818592253000077, 8.171807556000033 ], [ 79.818616901000041, 8.171706829000073 ], [ 79.818645478000064, 8.171604400000035 ], [ 79.818678015000046, 8.171500173000027 ], [ 79.818714551000085, 8.171394009000039 ], [ 79.818768651000084, 8.171251510000047 ], [ 79.818829927000081, 8.171104890000038 ], [ 79.818898654000066, 8.170953491000034 ], [ 79.818975379000051, 8.170796100000075 ], [ 79.819061899000076, 8.170629225000027 ], [ 79.819142371000055, 8.17048352200004 ], [ 79.819226148000041, 8.170341947000054 ], [ 79.819311570000082, 8.170207638000022 ], [ 79.819384983000077, 8.170099868000023 ], [ 79.819459693000056, 8.169997074000037 ], [ 79.819534210000029, 8.16990110100005 ], [ 79.819617206000032, 8.169800809000037 ], [ 79.819680223000034, 8.169728358000043 ], [ 79.819728869000073, 8.169675902000051 ], [ 79.819802246000052, 8.169601338000064 ], [ 79.819928839000056, 8.169477366000024 ], [ 79.819998889000033, 8.169404732000032 ], [ 79.820066998000073, 8.169327569000075 ], [ 79.820131397000068, 8.169247150000047 ], [ 79.820171369000036, 8.169195874000025 ], [ 79.820239083000047, 8.169104237000056 ], [ 79.82031366700005, 8.168998756000065 ], [ 79.820389555000077, 8.168888133000053 ], [ 79.820395633000032, 8.168879243000049 ], [ 79.820443772000033, 8.168806184000061 ], [ 79.820495340000036, 8.168724694000048 ], [ 79.820601672000066, 8.168553078000059 ], [ 79.820607839000047, 8.168543124000053 ], [ 79.820633132000069, 8.168503378000025 ], [ 79.820655794000061, 8.168467789000033 ], [ 79.820686659000046, 8.168422598000063 ], [ 79.820779252000079, 8.168292984000061 ], [ 79.820806100000084, 8.168251665000071 ], [ 79.820828024000036, 8.168213964000074 ], [ 79.820845408000082, 8.168179488000021 ], [ 79.820847589000039, 8.16817439600004 ], [ 79.820847800000081, 8.168173904000071 ], [ 79.820862418000047, 8.168139771000028 ], [ 79.820877877000044, 8.168097885000066 ], [ 79.82089155500006, 8.168054371000039 ], [ 79.820903279000049, 8.168009924000046 ], [ 79.820913217000054, 8.167964076000032 ], [ 79.820921343000066, 8.16791693600004 ], [ 79.820927638000057, 8.16786862500004 ], [ 79.820932752000033, 8.167809282000064 ], [ 79.82093517900006, 8.16774870200004 ], [ 79.820934910000062, 8.167687164000029 ], [ 79.820931945000041, 8.167624981000074 ], [ 79.820926298000074, 8.167562455000052 ], [ 79.820917999000073, 8.167499981000049 ], [ 79.820907101000046, 8.167437932000041 ], [ 79.820893671000078, 8.167376701000023 ], [ 79.820882282000071, 8.167332620000025 ], [ 79.820869624000068, 8.167289345000029 ], [ 79.82085515600005, 8.167245351000076 ], [ 79.820850029000042, 8.167231546000039 ], [ 79.820848910000052, 8.167228154000043 ], [ 79.820841706000067, 8.167209138000032 ], [ 79.820819733000064, 8.167159221000077 ], [ 79.820763290000059, 8.167042300000048 ], [ 79.820757826000033, 8.167030983000075 ], [ 79.820755761000044, 8.167025933000048 ], [ 79.820705642000064, 8.166903348000062 ], [ 79.820699844000046, 8.166890522000074 ], [ 79.820694200000048, 8.166878034000035 ], [ 79.820681346000072, 8.166849599000045 ], [ 79.820660966000048, 8.166808942000046 ], [ 79.820638192000047, 8.166766728000027 ], [ 79.82061268800004, 8.166722335000031 ], [ 79.820583616000079, 8.166674293000028 ], [ 79.82044133800008, 8.166451994000056 ], [ 79.820308566000051, 8.166236165000043 ], [ 79.820198559000062, 8.166060180000045 ], [ 79.820035345000065, 8.16580510600005 ], [ 79.819944368000051, 8.165666551000072 ], [ 79.819935021000049, 8.165652315000045 ], [ 79.819923141000061, 8.165634222000051 ], [ 79.819817388000047, 8.165477500000065 ], [ 79.819604609000066, 8.165167513000029 ], [ 79.819574927000076, 8.165124270000035 ], [ 79.819462182000052, 8.16496995600005 ], [ 79.819447918000037, 8.164949863000061 ], [ 79.819427802000064, 8.164921528000036 ], [ 79.819393953000031, 8.164870622000024 ], [ 79.819365496000046, 8.164823555000055 ], [ 79.819348255000079, 8.164790999000047 ], [ 79.819344827000066, 8.164784526000062 ], [ 79.819335911000053, 8.164767687000051 ], [ 79.819306466000057, 8.164703752000037 ], [ 79.819278673000042, 8.164634985000021 ], [ 79.819251472000076, 8.164558949000025 ], [ 79.819220349000034, 8.164461365000022 ], [ 79.819193111000061, 8.16436774400006 ], [ 79.819191252000053, 8.164361358000065 ], [ 79.819183428000031, 8.164334465000024 ], [ 79.819157956000083, 8.164238076000061 ], [ 79.819136330000049, 8.164145566000059 ], [ 79.819121341000084, 8.164072033000025 ], [ 79.819108818000075, 8.164000547000057 ], [ 79.819098899000039, 8.163932189000036 ], [ 79.819095552000078, 8.16390305300007 ], [ 79.819095041000082, 8.163898606000032 ], [ 79.819090666000079, 8.163860521000061 ], [ 79.819083316000047, 8.163779687000044 ], [ 79.819078337000064, 8.163702257000068 ], [ 79.819075699000052, 8.16362777300003 ], [ 79.819075394000038, 8.163555971000051 ], [ 79.819077107000055, 8.163493582000058 ], [ 79.819080704000044, 8.163433081000051 ], [ 79.819086191000054, 8.163374385000054 ], [ 79.819093573000032, 8.163317429000074 ], [ 79.819096460000083, 8.163299794000068 ], [ 79.819096982000076, 8.163296608000053 ], [ 79.819108619000076, 8.163225512000054 ], [ 79.819120934000068, 8.163161698000067 ], [ 79.819134445000032, 8.163105692000045 ], [ 79.819149603000085, 8.163056289000053 ], [ 79.819162559000063, 8.163022569000077 ], [ 79.819164685000032, 8.163017030000049 ], [ 79.819181793000041, 8.162981100000025 ], [ 79.81920328700005, 8.162943426000027 ], [ 79.819229276000044, 8.162904046000051 ], [ 79.819275485000048, 8.162842696000041 ], [ 79.819362750000039, 8.162736590000065 ], [ 79.819394802000033, 8.162696226000037 ], [ 79.819421378000072, 8.162660232000064 ], [ 79.819492042000036, 8.162559491000025 ], [ 79.819514858000048, 8.162529894000045 ], [ 79.819536495000079, 8.162504523000052 ], [ 79.81956395800006, 8.16247648600006 ], [ 79.819580242000029, 8.162462161000064 ], [ 79.819606275000069, 8.162439260000042 ], [ 79.81962451000004, 8.162424847000068 ], [ 79.819640437000032, 8.162415242000066 ], [ 79.819646074000048, 8.162413168000057 ], [ 79.819649390000052, 8.162411948000056 ], [ 79.819662343000061, 8.162407182000038 ], [ 79.81968652200004, 8.162402589000067 ], [ 79.819711869000059, 8.16240169200006 ], [ 79.819738599000061, 8.162404429000048 ], [ 79.819882305000078, 8.162324733000048 ], [ 79.819996666000065, 8.162284339000053 ], [ 79.820184598000083, 8.162195323000049 ], [ 79.820470318000048, 8.162171597000054 ], [ 79.820666277000043, 8.162139528000068 ], [ 79.820862274000035, 8.162055447000057 ], [ 79.820911380000041, 8.162034380000023 ], [ 79.821131845000082, 8.161994236000055 ], [ 79.821376678000036, 8.162002942000072 ], [ 79.821499086000074, 8.162011362000044 ], [ 79.821678223000049, 8.162190697000028 ], [ 79.821808811000039, 8.162191004000022 ], [ 79.822029178000037, 8.162191520000022 ], [ 79.822343077000085, 8.162192256000026 ], [ 79.822576017000074, 8.162192803000039 ], [ 79.823000583000066, 8.162128738000035 ], [ 79.823408978000032, 8.161999574000049 ], [ 79.823907403000078, 8.161764898000058 ], [ 79.824193505000039, 8.161578520000035 ], [ 79.824334948000057, 8.161456954000073 ], [ 79.824438857000075, 8.161367649000056 ], [ 79.824684226000045, 8.161148646000072 ], [ 79.824737698000035, 8.161111393000056 ], [ 79.825289190000035, 8.16072717000003 ], [ 79.825785010000061, 8.160229369000035 ], [ 79.825951861000078, 8.160061851000023 ], [ 79.826769716000058, 8.159348100000045 ], [ 79.827129826000032, 8.158926049000058 ], [ 79.82757164700007, 8.158463526000048 ], [ 79.828250976000049, 8.157651858000065 ], [ 79.828766535000057, 8.157067518000076 ], [ 79.82938869000003, 8.156271979000053 ], [ 79.829716013000052, 8.155906776000052 ], [ 79.829920664000042, 8.155647012000031 ], [ 79.830166333000079, 8.155297884000049 ], [ 79.830387420000079, 8.154989363000027 ], [ 79.830706522000071, 8.15464853800006 ], [ 79.831180771000049, 8.15427554300004 ], [ 79.83149968400005, 8.154016041000034 ], [ 79.831720522000069, 8.153813242000069 ], [ 79.831908658000032, 8.153634762000024 ], [ 79.832277050000073, 8.153155797000068 ], [ 79.83258842500004, 8.152627904000042 ], [ 79.83308764700007, 8.152043518000028 ], [ 79.833456435000073, 8.151393771000073 ], [ 79.833620653000082, 8.150971260000063 ], [ 79.833654455000044, 8.150475254000071 ], [ 79.833525138000084, 8.149930075000043 ], [ 79.833394858000077, 8.149799653000059 ], [ 79.833264955000061, 8.149506583000061 ], [ 79.833094264000067, 8.149205283000072 ], [ 79.832768713000064, 8.148814170000037 ], [ 79.83243475300003, 8.148528758000054 ], [ 79.832125584000039, 8.148113283000043 ], [ 79.831824347000065, 8.147795416000065 ], [ 79.831572043000051, 8.147493929000063 ], [ 79.831327729000066, 8.147265652000044 ], [ 79.830944899000031, 8.14693946400007 ], [ 79.830690386000072, 8.146743440000023 ], [ 79.830521262000047, 8.146613181000021 ], [ 79.830470069000057, 8.146568763000062 ], [ 79.830378605000078, 8.146461560000034 ], [ 79.830310018000034, 8.146326873000021 ], [ 79.830300650000083, 8.146226378000051 ], [ 79.830305618000068, 8.14615462200004 ], [ 79.830324960000041, 8.146097252000061 ], [ 79.830575372000055, 8.145877969000026 ], [ 79.83104667300006, 8.145296931000075 ], [ 79.831300532000057, 8.144931556000074 ], [ 79.831390592000048, 8.144809777000035 ], [ 79.831890014000066, 8.144135934000076 ], [ 79.832307727000057, 8.143502565000063 ], [ 79.832790879000072, 8.142804285000068 ], [ 79.833225157000072, 8.142065230000071 ], [ 79.833733056000085, 8.141253151000058 ], [ 79.834135101000072, 8.14033510400003 ], [ 79.834545190000085, 8.139465869000048 ], [ 79.834774691000064, 8.139043509000032 ], [ 79.834898131000045, 8.138604637000071 ], [ 79.83489905700003, 8.138206144000037 ], [ 79.834891784000035, 8.137823898000022 ], [ 79.834874199000069, 8.137640813000075 ], [ 79.834809361000055, 8.137429748000045 ], [ 79.834707752000043, 8.137259889000063 ], [ 79.834607687000073, 8.137156375000075 ], [ 79.834444952000069, 8.136944554000024 ], [ 79.83420927700007, 8.13651298700006 ], [ 79.834120165000058, 8.136228143000039 ], [ 79.834088294000082, 8.135894635000056 ], [ 79.834074325000074, 8.135831304000021 ], [ 79.834044946000063, 8.135753919000024 ], [ 79.833988607000038, 8.135651798000026 ], [ 79.83392034600007, 8.135535244000039 ], [ 79.833874123000044, 8.135434818000022 ], [ 79.833847210000044, 8.135340668000026 ], [ 79.833844875000068, 8.135284133000027 ], [ 79.83386168800007, 8.135072726000033 ], [ 79.833919195000078, 8.134910208000065 ], [ 79.833992987000045, 8.134763993000035 ], [ 79.83412398300004, 8.134585379000043 ], [ 79.834257932000071, 8.13440126200004 ], [ 79.83433836100005, 8.134315928000035 ], [ 79.834490834000064, 8.134204516000068 ], [ 79.834699396000076, 8.134083555000075 ], [ 79.834784549000062, 8.134020009000039 ], [ 79.834836315000075, 8.133969229000058 ], [ 79.83487638400004, 8.133912116000033 ], [ 79.834914986000058, 8.133831140000041 ], [ 79.834961324000062, 8.13367889500006 ], [ 79.834966400000042, 8.133629463000034 ], [ 79.834978640000031, 8.133527822000076 ], [ 79.834964710000065, 8.133317069000043 ], [ 79.834927609000033, 8.133172147000039 ], [ 79.834813587000042, 8.132838476000074 ], [ 79.834536860000071, 8.132512536000036 ], [ 79.834512773000085, 8.132341698000062 ], [ 79.834529549000081, 8.132146555000077 ], [ 79.834529985000074, 8.131959509000069 ], [ 79.834522427000081, 8.131699249000064 ], [ 79.834514775000059, 8.131479653000042 ], [ 79.834515059000069, 8.131357666000042 ], [ 79.83451571900008, 8.131073029000049 ], [ 79.834518552000077, 8.131001301000026 ], [ 79.834524391000059, 8.130853471000023 ], [ 79.834541184000045, 8.130650196000033 ], [ 79.834631506000051, 8.130414561000066 ], [ 79.834650565000061, 8.130317449000074 ], [ 79.834642939000048, 8.130256039000074 ], [ 79.834623643000043, 8.130100988000038 ], [ 79.834623686000043, 8.130100988000038 ], [ 79.834589747000052, 8.129858973000069 ], [ 79.83455305800004, 8.129729884000028 ], [ 79.834101261000058, 8.129563647000055 ], [ 79.833220504000053, 8.129623412000058 ], [ 79.832811148000076, 8.129647187000046 ], [ 79.832426654000074, 8.129646299000058 ], [ 79.831992491000051, 8.129670014000055 ], [ 79.83155830000004, 8.129706089000024 ], [ 79.831224657000064, 8.129173858000058 ], [ 79.830866151000066, 8.128666288000034 ], [ 79.830349656000067, 8.127779247000035 ], [ 79.830260825000039, 8.127626687000031 ], [ 79.830253553000034, 8.127617665000059 ], [ 79.830140458000074, 8.127477350000049 ], [ 79.829691933000049, 8.126920876000042 ], [ 79.829036252000037, 8.126202504000048 ], [ 79.82784969000005, 8.125438790000032 ], [ 79.82733246600003, 8.125179581000054 ], [ 79.82679687500007, 8.124865039000042 ], [ 79.826334874000054, 8.124716532000036 ], [ 79.826150453000082, 8.12449495200002 ], [ 79.825754088000053, 8.124229723000042 ], [ 79.825097724000045, 8.123807972000066 ], [ 79.824253479000049, 8.123399746000075 ], [ 79.824044674000049, 8.123298781000074 ], [ 79.823227337000048, 8.122765418000029 ], [ 79.822545447000039, 8.122652593000055 ], [ 79.822368190000077, 8.122610499000075 ], [ 79.822259326000051, 8.122596090000059 ], [ 79.822174213000039, 8.122548710000046 ], [ 79.822074852000071, 8.12252017000003 ], [ 79.821961298000076, 8.122486878000075 ], [ 79.821852467000042, 8.122458315000074 ], [ 79.82171995300007, 8.122434414000054 ], [ 79.821559042000047, 8.122405730000025 ], [ 79.821281549000048, 8.12234019400006 ], [ 79.82116631100007, 8.122301014000072 ], [ 79.820986472000072, 8.122267567000051 ], [ 79.820956101000036, 8.122278014000074 ], [ 79.82087748500004, 8.122305057000062 ], [ 79.820787361000043, 8.122375618000035 ], [ 79.82070662600006, 8.122479229000021 ], [ 79.820668134000073, 8.122580586000026 ], [ 79.820645056000046, 8.122641356000031 ], [ 79.82055444100007, 8.122766680000041 ], [ 79.82050675000005, 8.122912830000075 ], [ 79.820506451000085, 8.123040220000064 ], [ 79.820552664000047, 8.123126668000054 ], [ 79.820577159000038, 8.123172492000037 ], [ 79.820699928000067, 8.12318779900005 ], [ 79.820790119000037, 8.123215454000047 ], [ 79.820795645000032, 8.123214466000036 ], [ 79.82089432600003, 8.123196824000047 ], [ 79.820954071000074, 8.123140860000035 ], [ 79.820979738000062, 8.123116816000049 ], [ 79.821036810000066, 8.123008432000063 ], [ 79.821037032000049, 8.122914070000036 ], [ 79.821084423000059, 8.122895308000068 ], [ 79.821160077000059, 8.122937947000025 ], [ 79.821169302000044, 8.123041769000054 ], [ 79.821164279000072, 8.123164428000052 ], [ 79.821212467000066, 8.123378850000051 ], [ 79.821220506000031, 8.123414621000052 ], [ 79.821234278000077, 8.123598661000074 ], [ 79.821290772000054, 8.123735618000069 ], [ 79.821404370000039, 8.123750038000026 ], [ 79.821546377000061, 8.123764524000023 ], [ 79.821532018000084, 8.123830544000043 ], [ 79.821479714000077, 8.123924785000042 ], [ 79.821427400000061, 8.124023744000056 ], [ 79.821323148000033, 8.124061245000064 ], [ 79.821212503000083, 8.124056745000075 ], [ 79.821105387000046, 8.124046583000052 ], [ 79.82098239700008, 8.123999113000025 ], [ 79.820952069000043, 8.123991482000065 ], [ 79.820849904000056, 8.123965777000024 ], [ 79.82077408300006, 8.123993908000045 ], [ 79.820736072000045, 8.124050437000051 ], [ 79.820726403000037, 8.124135341000056 ], [ 79.820726247000039, 8.124201395000057 ], [ 79.820729192000044, 8.124253352000039 ], [ 79.820730793000052, 8.124281613000051 ], [ 79.820688104000055, 8.124314540000057 ], [ 79.820650270000044, 8.124295580000023 ], [ 79.820636912000055, 8.124276851000047 ], [ 79.820612068000059, 8.124268316000041 ], [ 79.820532181000033, 8.124177350000025 ], [ 79.820470753000052, 8.124125307000043 ], [ 79.820456849000038, 8.123997885000051 ], [ 79.820457171000044, 8.123861059000035 ], [ 79.820424683000056, 8.123582614000043 ], [ 79.820410802000083, 8.123445756000024 ], [ 79.820330590000083, 8.123327615000051 ], [ 79.820212468000079, 8.123223539000037 ], [ 79.820146439000041, 8.123114867000027 ], [ 79.82009507500004, 8.123026647000074 ], [ 79.820080421000057, 8.123001478000049 ], [ 79.820004665000056, 8.123001301000045 ], [ 79.819965373000059, 8.123026343000049 ], [ 79.819938281000077, 8.123043609000035 ], [ 79.819942827000034, 8.123123827000029 ], [ 79.819942582000067, 8.123227627000063 ], [ 79.819965934000038, 8.12336450600003 ], [ 79.819965566000064, 8.123520205000034 ], [ 79.81995573100005, 8.123675879000075 ], [ 79.819912941000041, 8.123751270000071 ], [ 79.819903250000038, 8.123845610000046 ], [ 79.819907384000032, 8.123988204000057 ], [ 79.819907627000077, 8.123996600000055 ], [ 79.819912569000053, 8.124129581000034 ], [ 79.81990221600006, 8.124284394000028 ], [ 79.819896991000064, 8.124491979000027 ], [ 79.81995345200005, 8.124643093000032 ], [ 79.820014803000049, 8.124728162000054 ], [ 79.820061827000075, 8.124865098000043 ], [ 79.820123111000044, 8.12497847700007 ], [ 79.820179660000065, 8.125091844000053 ], [ 79.820180521000054, 8.125120528000025 ], [ 79.82018405000008, 8.125238117000038 ], [ 79.820179116000077, 8.12532303100005 ], [ 79.820136337000065, 8.125393703000043 ], [ 79.82012194400005, 8.125473878000037 ], [ 79.820126423000033, 8.125582405000046 ], [ 79.820201901000075, 8.125700535000021 ], [ 79.820230041000059, 8.125813837000067 ], [ 79.820225118000053, 8.125894033000066 ], [ 79.82014932900006, 8.125908010000046 ], [ 79.820116276000078, 8.125870187000032 ], [ 79.820116475000077, 8.125785262000022 ], [ 79.820097725000039, 8.125705010000047 ], [ 79.82004587800003, 8.125605808000046 ], [ 79.820036620000053, 8.125516141000048 ], [ 79.820041666000066, 8.125384045000033 ], [ 79.820103460000041, 8.125280392000036 ], [ 79.820108407000077, 8.125190758000031 ], [ 79.820084889000043, 8.125124649000043 ], [ 79.820083234000037, 8.125114605000022 ], [ 79.820066217000033, 8.125011371000028 ], [ 79.820009690000063, 8.124888567000028 ], [ 79.819981504000054, 8.124794138000027 ], [ 79.819891823000034, 8.12467597400007 ], [ 79.819843174000084, 8.124558694000029 ], [ 79.819786610000051, 8.124451618000023 ], [ 79.819755490000034, 8.124262818000034 ], [ 79.81981885700003, 8.124162314000046 ], [ 79.819857055000057, 8.124056884000026 ], [ 79.819853119000072, 8.123948602000041 ], [ 79.81985105800004, 8.123891882000066 ], [ 79.819838773000072, 8.123747164000065 ], [ 79.819883468000057, 8.123533379000037 ], [ 79.819865122000067, 8.123281704000021 ], [ 79.819859195000049, 8.123118127000055 ], [ 79.819881142000042, 8.123026146000029 ], [ 79.819910200000038, 8.122904358000028 ], [ 79.819891054000038, 8.122732908000046 ], [ 79.819897352000055, 8.122513935000029 ], [ 79.819949530000031, 8.122287948000064 ], [ 79.819947047000085, 8.122045885000034 ], [ 79.819967333000079, 8.121942080000053 ], [ 79.819887873000084, 8.121684806000076 ], [ 79.819745772000033, 8.121224710000035 ], [ 79.819658847000085, 8.120821695000075 ], [ 79.819623084000057, 8.120655887000055 ], [ 79.819643687000053, 8.120551129000035 ], [ 79.819698404000064, 8.120272918000069 ], [ 79.819898244000058, 8.119680130000063 ], [ 79.819936790000042, 8.119111684000075 ], [ 79.820049374000064, 8.118704083000068 ], [ 79.819988554000076, 8.118197202000033 ], [ 79.819977286000039, 8.117715156000031 ], [ 79.82010273700007, 8.117109833000029 ], [ 79.820141719000048, 8.116355996000038 ], [ 79.820180759000039, 8.11557743700007 ], [ 79.820331828000064, 8.114626109000028 ], [ 79.820333688000062, 8.113835105000021 ], [ 79.820087121000086, 8.113204195000037 ], [ 79.819518440000081, 8.112424218000058 ], [ 79.819073379000031, 8.111817563000045 ], [ 79.818881286000078, 8.111443186000031 ], [ 79.818543832000046, 8.111189737000075 ], [ 79.81828553500003, 8.110931123000057 ], [ 79.818082675000085, 8.11069107000003 ], [ 79.817898308000053, 8.110451058000024 ], [ 79.817824944000051, 8.110192877000031 ], [ 79.817751752000049, 8.109860980000065 ], [ 79.817642770000077, 8.108987763000073 ], [ 79.817588399000044, 8.108552122000049 ], [ 79.817623696000055, 8.108356340000057 ], [ 79.817663762000052, 8.107962564000047 ], [ 79.817683644000056, 8.107372875000067 ], [ 79.817721802000051, 8.106875376000062 ], [ 79.817648700000063, 8.106506620000062 ], [ 79.81750179800008, 8.106063975000041 ], [ 79.817281054000034, 8.105565870000021 ], [ 79.816912284000068, 8.105104276000077 ], [ 79.816691237000043, 8.104735174000041 ], [ 79.816341177000083, 8.104181478000044 ], [ 79.815980917000047, 8.103776517000028 ], [ 79.81579243200008, 8.10355108400006 ], [ 79.815656377000039, 8.10335716700007 ], [ 79.815646185000048, 8.103226333000066 ], [ 79.815162024000074, 8.101362506000044 ], [ 79.815127916000051, 8.101100955000049 ], [ 79.815165250000064, 8.100953609000044 ], [ 79.815165729000057, 8.100750890000029 ], [ 79.815166294000051, 8.100511310000059 ], [ 79.815166773000044, 8.100308589000065 ], [ 79.815075179000075, 8.099939792000043 ], [ 79.814760209000042, 8.099371731000076 ], [ 79.814520946000073, 8.09890437200005 ], [ 79.81408469400003, 8.098338278000028 ], [ 79.813988842000072, 8.098267057000044 ], [ 79.813703243000077, 8.098054847000071 ], [ 79.813032400000054, 8.09765403800003 ], [ 79.812576965000062, 8.097382717000073 ], [ 79.811967421000077, 8.097123317000069 ], [ 79.811333029000082, 8.096978941000032 ], [ 79.810879467000063, 8.096961729000043 ], [ 79.810774224000056, 8.096937266000054 ], [ 79.810660959000074, 8.096880492000025 ], [ 79.810555927000053, 8.096767233000037 ], [ 79.810483237000085, 8.096678267000073 ], [ 79.810410567000076, 8.096581228000048 ], [ 79.81040579900008, 8.096576021000033 ], [ 79.810321696000074, 8.096484151000027 ], [ 79.810297608000042, 8.09639530100003 ], [ 79.810288528000058, 8.096332172000075 ], [ 79.810338337000076, 8.096298529000023 ], [ 79.81011350600005, 8.094790529000022 ], [ 79.809970587000066, 8.094724384000074 ], [ 79.809816739000041, 8.094625307000058 ], [ 79.80968495500008, 8.094504345000075 ], [ 79.809531213000071, 8.094361397000057 ], [ 79.809377366000035, 8.094262321000031 ], [ 79.809245556000064, 8.094152329000053 ], [ 79.809113800000034, 8.094020399000044 ], [ 79.808971063000058, 8.093877477000035 ], [ 79.808850364000079, 8.093723637000039 ], [ 79.808762603000048, 8.093602780000026 ], [ 79.808675941000047, 8.093410558000073 ], [ 79.808583018000036, 8.093210887000055 ], [ 79.808450462000053, 8.092844910000053 ], [ 79.808350947000065, 8.092611980000072 ], [ 79.808184625000081, 8.092418784000074 ], [ 79.807973607000065, 8.092311828000049 ], [ 79.807733777000067, 8.092071683000029 ], [ 79.807401399000071, 8.091868177000038 ], [ 79.807050635000053, 8.09171520600006 ], [ 79.806976515000031, 8.091682883000033 ], [ 79.80651451600005, 8.091552786000022 ], [ 79.806182007000075, 8.091404567000041 ], [ 79.806062975000032, 8.091307040000061 ], [ 79.805978988000049, 8.091238225000041 ], [ 79.80583153300006, 8.091035155000043 ], [ 79.805684429000053, 8.090684653000039 ], [ 79.805523071000039, 8.090391440000076 ], [ 79.805472180000038, 8.090218764000042 ], [ 79.805261091000034, 8.089994583000021 ], [ 79.805113917000085, 8.089860025000064 ], [ 79.805059945000039, 8.089830274000064 ], [ 79.804985829000032, 8.089789420000045 ], [ 79.804960407000067, 8.089693497000042 ], [ 79.805018125000061, 8.089631045000033 ], [ 79.805031130000032, 8.089616974000023 ], [ 79.805120818000034, 8.089655531000062 ], [ 79.805146301000036, 8.089725891000057 ], [ 79.805242432000057, 8.089751683000031 ], [ 79.805306636000068, 8.089719880000075 ], [ 79.805358090000084, 8.089656092000041 ], [ 79.805345508000073, 8.089553807000073 ], [ 79.805223893000061, 8.089457656000036 ], [ 79.805076598000085, 8.089374226000075 ], [ 79.804955015000075, 8.08926529200005 ], [ 79.804861987000038, 8.089125401000047 ], [ 79.804674501000079, 8.08868515000006 ], [ 79.804598529000032, 8.088525870000069 ], [ 79.804488323000044, 8.088212315000021 ], [ 79.804377899000031, 8.087990903000048 ], [ 79.804174838000051, 8.087842989000023 ], [ 79.803898352000033, 8.08767677000003 ], [ 79.80376897900004, 8.087436586000024 ], [ 79.803769338000052, 8.087286100000028 ], [ 79.803769551000073, 8.087197008000032 ], [ 79.803973491000079, 8.086976341000025 ], [ 79.80406634700006, 8.086810698000022 ], [ 79.804066786000078, 8.086626408000029 ], [ 79.803919420000057, 8.086386480000044 ], [ 79.803624164000041, 8.086127772000054 ], [ 79.80336567300003, 8.085961298000029 ], [ 79.802996449000034, 8.085702413000035 ], [ 79.802572015000067, 8.085332824000034 ], [ 79.801999993000038, 8.084817205000036 ], [ 79.801667716000054, 8.084575084000051 ], [ 79.801317251000057, 8.084205669000028 ], [ 79.800985015000037, 8.08394687200007 ], [ 79.800708298000075, 8.083669778000058 ], [ 79.800232510000058, 8.083376419000047 ], [ 79.800228215000061, 8.083373771000026 ], [ 79.799858202000053, 8.083446608000031 ], [ 79.799469036000062, 8.083795837000025 ], [ 79.799375561000033, 8.084219484000073 ], [ 79.799116057000049, 8.084476875000064 ], [ 79.798894111000038, 8.084494776000042 ], [ 79.798569673000031, 8.084192546000054 ], [ 79.798517489000062, 8.084523901000068 ], [ 79.798496066000041, 8.084576908000031 ], [ 79.798389159000067, 8.084647569000026 ], [ 79.798229054000046, 8.084647188000076 ], [ 79.798015773000031, 8.084566401000075 ], [ 79.797900396000045, 8.084460250000063 ], [ 79.797713735000059, 8.08440661700007 ], [ 79.797571334000054, 8.084441736000031 ], [ 79.797451569000032, 8.08456505700002 ], [ 79.797247938000055, 8.08465671700003 ], [ 79.79711659600008, 8.084805591000077 ], [ 79.796858546000067, 8.085098088000052 ], [ 79.796561924000059, 8.085410676000038 ], [ 79.796302240000045, 8.085741780000035 ], [ 79.795950362000042, 8.085962089000077 ], [ 79.795469439000044, 8.086016228000062 ], [ 79.795136584000034, 8.086015433000057 ], [ 79.794896368000082, 8.085941142000024 ], [ 79.794637880000039, 8.085774663000052 ], [ 79.794619855000064, 8.085709105000035 ], [ 79.794549505000077, 8.085453242000028 ], [ 79.794503875000032, 8.085222993000059 ], [ 79.794430401000056, 8.085047911000061 ], [ 79.794310698000061, 8.084891129000027 ], [ 79.794249218000061, 8.084798744000068 ], [ 79.794181846000072, 8.084697503000029 ], [ 79.794062452000048, 8.084411844000044 ], [ 79.793869098000073, 8.084153625000056 ], [ 79.793804950000037, 8.083941743000025 ], [ 79.793749772000069, 8.08384034900007 ], [ 79.793684959000075, 8.083904633000031 ], [ 79.79361030900003, 8.084217446000025 ], [ 79.793472453000049, 8.084371262000047 ], [ 79.793388023000034, 8.084465464000061 ], [ 79.793268685000044, 8.084531989000027 ], [ 79.793092043000058, 8.08463045600007 ], [ 79.792796981000038, 8.08479526900004 ], [ 79.792785533000085, 8.084801663000064 ], [ 79.792583324000077, 8.084914611000045 ], [ 79.792065610000066, 8.085097483000027 ], [ 79.791677216000039, 8.085280664000038 ], [ 79.791602964000049, 8.085427775000028 ], [ 79.791538083000034, 8.085519675000057 ], [ 79.791353122000032, 8.085611288000052 ], [ 79.791029517000084, 8.085739389000025 ], [ 79.79078897900007, 8.085895307000044 ], [ 79.790690219000055, 8.085991217000071 ], [ 79.790680759000054, 8.086083251000048 ], [ 79.790754455000069, 8.086166278000064 ], [ 79.79091132800005, 8.086231093000038 ], [ 79.791021904000047, 8.086341826000023 ], [ 79.791067822000059, 8.086452404000056 ], [ 79.791141340000081, 8.086609075000069 ], [ 79.791298057000063, 8.08673832900007 ], [ 79.791297723000071, 8.086876412000038 ], [ 79.791325146000077, 8.086996150000061 ], [ 79.791463678000071, 8.087005688000033 ], [ 79.79152858100008, 8.086904583000035 ], [ 79.79161823700008, 8.086753417000068 ], [ 79.791704773000049, 8.086619632000065 ], [ 79.791834335000033, 8.086518682000076 ], [ 79.791908609000075, 8.086362364000024 ], [ 79.791945911000084, 8.086215164000066 ], [ 79.791946178000046, 8.086104697000053 ], [ 79.791986160000079, 8.086043519000043 ], [ 79.792043314000068, 8.086043655000026 ], [ 79.792074365000076, 8.086095512000043 ], [ 79.792063798000072, 8.086167981000074 ], [ 79.792021982000051, 8.086271443000044 ], [ 79.791969786000038, 8.086369703000059 ], [ 79.791927994000048, 8.086462809000068 ], [ 79.791860174000078, 8.08657656500003 ], [ 79.791797574000043, 8.086679979000053 ], [ 79.791714279000075, 8.086747095000021 ], [ 79.791662121000059, 8.086829819000059 ], [ 79.791660745000058, 8.086832547000029 ], [ 79.791630796000049, 8.086891882000032 ], [ 79.791604579000079, 8.086990205000063 ], [ 79.791588854000054, 8.087047126000073 ], [ 79.791537978000065, 8.087148382000066 ], [ 79.791395416000057, 8.087222367000038 ], [ 79.791127455000037, 8.087258547000033 ], [ 79.790711835000081, 8.087239138000029 ], [ 79.790444208000054, 8.087137234000068 ], [ 79.79040025200004, 8.087081358000034 ], [ 79.790315475000057, 8.086973590000071 ], [ 79.790204780000067, 8.086832874000038 ], [ 79.790140590000078, 8.086639403000049 ], [ 79.790122471000075, 8.086492070000077 ], [ 79.790179896000041, 8.086359421000054 ], [ 79.790206071000057, 8.086298954000029 ], [ 79.790234428000076, 8.086032060000036 ], [ 79.790234762000068, 8.085893977000069 ], [ 79.790198259000078, 8.085709778000023 ], [ 79.790181529000051, 8.08567163500004 ], [ 79.790127830000074, 8.085549208000032 ], [ 79.790097210000056, 8.08547939400006 ], [ 79.790079137000077, 8.085313651000035 ], [ 79.790079560000038, 8.08513874700003 ], [ 79.790146352000079, 8.084936384000059 ], [ 79.790202185000055, 8.084789046000026 ], [ 79.790295450000031, 8.084455792000028 ], [ 79.790258957000049, 8.084252986000024 ], [ 79.790277982000077, 8.084031881000044 ], [ 79.790408182000078, 8.083718899000075 ], [ 79.790501175000031, 8.083497973000021 ], [ 79.790612660000079, 8.08327709100007 ], [ 79.790668670000059, 8.083056077000037 ], [ 79.790725125000051, 8.082650772000022 ], [ 79.790818118000061, 8.082429846000025 ], [ 79.79085568000005, 8.082190358000048 ], [ 79.790856482000038, 8.081858637000039 ], [ 79.790857148000043, 8.08158220200005 ], [ 79.790968409000072, 8.081453465000038 ], [ 79.790972768000074, 8.081451739000045 ], [ 79.791153505000068, 8.08138019200004 ], [ 79.791375271000049, 8.081436010000061 ], [ 79.791596860000084, 8.081565546000036 ], [ 79.79174443900007, 8.081713333000039 ], [ 79.791929, 8.081861207000031 ], [ 79.791975876000038, 8.081903883000052 ], [ 79.792149437000035, 8.082111803000032 ], [ 79.792367765000051, 8.082373351000058 ], [ 79.792644295000059, 8.082613360000039 ], [ 79.792838247000077, 8.082623029000047 ], [ 79.793152745000043, 8.082439670000042 ], [ 79.79383733700007, 8.081999438000025 ], [ 79.79429682600005, 8.081498291000059 ], [ 79.794537528000035, 8.08136986300002 ], [ 79.794814860000031, 8.081388955000023 ], [ 79.79507387600006, 8.081334286000072 ], [ 79.795388545000037, 8.081206034000047 ], [ 79.795573861000037, 8.081040615000063 ], [ 79.795685165000066, 8.080893447000051 ], [ 79.795815094000034, 8.080691037000065 ], [ 79.796037437000052, 8.080507276000048 ], [ 79.796241199000065, 8.08036032900003 ], [ 79.796482078000054, 8.080158182000048 ], [ 79.796902273000057, 8.080034866000062 ], [ 79.797148772000071, 8.080063807000045 ], [ 79.797404507000067, 8.080196736000062 ], [ 79.797499045000052, 8.080319828000029 ], [ 79.797568185000046, 8.080431559000033 ], [ 79.797894193000047, 8.080274029000066 ], [ 79.798101315000054, 8.080013317000066 ], [ 79.79827302700005, 8.079798974000028 ], [ 79.79837294400005, 8.079726475000029 ], [ 79.798838489000048, 8.079368432000024 ], [ 79.798930842000061, 8.079271879000032 ], [ 79.799190258000067, 8.079000667000059 ], [ 79.799580297000034, 8.078491223000071 ], [ 79.799875591000045, 8.077943747000063 ], [ 79.800132250000047, 8.077107630000057 ], [ 79.800305413000046, 8.076659387000063 ], [ 79.800357957000074, 8.076357033000022 ], [ 79.800060619000078, 8.076130715000033 ], [ 79.799913701000037, 8.075706495000077 ], [ 79.799896047000061, 8.075356300000067 ], [ 79.799970586000029, 8.075116898000033 ], [ 79.80004486100006, 8.074988070000074 ], [ 79.800137670000083, 8.074840858000073 ], [ 79.800175093000064, 8.074656655000069 ], [ 79.800175710000076, 8.074398649000045 ], [ 79.800157746000082, 8.07417745500004 ], [ 79.800065774000075, 8.073974516000021 ], [ 79.79995526700003, 8.073789963000024 ], [ 79.799900320000063, 8.07356868200003 ], [ 79.799798069000076, 8.073415031000025 ], [ 79.799789768000039, 8.073402557000065 ], [ 79.79966072600007, 8.073236389000044 ], [ 79.799438917000032, 8.07319900400006 ], [ 79.799069003000056, 8.07323498300002 ], [ 79.798754650000035, 8.073234236000076 ], [ 79.798284631000058, 8.073292276000075 ], [ 79.798092884000084, 8.073171314000035 ], [ 79.797890840000036, 8.072930530000065 ], [ 79.797680605000039, 8.072953770000026 ], [ 79.797490035000067, 8.072937486000058 ], [ 79.797434611000085, 8.072866116000057 ], [ 79.797116874000039, 8.072889106000048 ], [ 79.796838562000062, 8.073030919000075 ], [ 79.796671666000066, 8.073078012000053 ], [ 79.796441385000037, 8.073061634000055 ], [ 79.796306295000079, 8.07309297300003 ], [ 79.796004157000084, 8.073234729000035 ], [ 79.795994414000063, 8.073229844000025 ], [ 79.795893102000036, 8.073179056000072 ], [ 79.795861580000064, 8.073076082000057 ], [ 79.795846038000036, 8.072933570000032 ], [ 79.795758961000047, 8.072814633000064 ], [ 79.795624384000064, 8.072632260000034 ], [ 79.795545287000039, 8.072497511000051 ], [ 79.795465094000065, 8.07243395100005 ], [ 79.795261645000039, 8.072451895000029 ], [ 79.794877969000083, 8.072575072000063 ], [ 79.79476685700007, 8.072543146000044 ], [ 79.794719414000042, 8.072455964000028 ], [ 79.794727642000055, 8.072337256000026 ], [ 79.794781845000045, 8.072045309000032 ], [ 79.794782376000057, 8.071824161000052 ], [ 79.794769697000049, 8.071760181000059 ], [ 79.79474583800004, 8.071639782000034 ], [ 79.794653779000043, 8.07147370000007 ], [ 79.79443219400008, 8.071344168000053 ], [ 79.794194743000048, 8.071330452000041 ], [ 79.794099396000036, 8.071324944000025 ], [ 79.793959766000057, 8.071346012000049 ], [ 79.793858921000037, 8.071361228000058 ], [ 79.793507410000075, 8.071434105000037 ], [ 79.793211462000045, 8.071470257000044 ], [ 79.792952186000036, 8.071635499000024 ], [ 79.792711044000043, 8.071948217000056 ], [ 79.792414076000057, 8.072408235000069 ], [ 79.792154265000079, 8.072794624000039 ], [ 79.791913522000073, 8.072941481000043 ], [ 79.791764883000042, 8.073235990000057 ], [ 79.791616240000053, 8.07353050100005 ], [ 79.791475588000083, 8.073896708000063 ], [ 79.791340193000053, 8.074054690000025 ], [ 79.791156934000071, 8.074299624000048 ], [ 79.791013176000035, 8.074631723000039 ], [ 79.790901567000049, 8.074805592000075 ], [ 79.790637039000046, 8.074905900000033 ], [ 79.790448144000038, 8.075105285000063 ], [ 79.790328480000085, 8.075326627000038 ], [ 79.790286897000044, 8.075470363000022 ], [ 79.790264408000041, 8.075548101000038 ], [ 79.790271892000078, 8.075738086000058 ], [ 79.79031916100007, 8.07589650500006 ], [ 79.79033464500003, 8.076062763000039 ], [ 79.790278686000079, 8.076213020000068 ], [ 79.790199209000036, 8.076236574000063 ], [ 79.790056271000083, 8.076228316000027 ], [ 79.790024208000034, 8.076242749000073 ], [ 79.78996881300003, 8.076267683000026 ], [ 79.789976410000065, 8.076410176000024 ], [ 79.790118737000057, 8.076671722000071 ], [ 79.79017312600007, 8.077170516000024 ], [ 79.790267744000062, 8.077455694000037 ], [ 79.79037839700004, 8.077677587000039 ], [ 79.790393670000071, 8.077930913000046 ], [ 79.790583420000075, 8.078287555000031 ], [ 79.790797436000048, 8.078462204000061 ], [ 79.791003530000069, 8.078628920000028 ], [ 79.791146144000038, 8.078771737000068 ], [ 79.79129679600004, 8.078874996000025 ], [ 79.791367950000051, 8.079009727000027 ], [ 79.791417725000031, 8.079169333000038 ], [ 79.79101135600007, 8.078984067000022 ], [ 79.79075309600006, 8.078725441000074 ], [ 79.790421005000042, 8.078411350000067 ], [ 79.79005193100005, 8.078097170000035 ], [ 79.789969647000078, 8.077812143000074 ], [ 79.789982039000051, 8.077367940000045 ], [ 79.789966939000067, 8.077043377000052 ], [ 79.789832899000032, 8.076639374000024 ], [ 79.789666938000039, 8.076298619000056 ], [ 79.789675626000076, 8.075989944000071 ], [ 79.789803521000067, 8.075649895000026 ], [ 79.789995296000029, 8.075167522000072 ], [ 79.790792919000069, 8.073752598000056 ], [ 79.791673847000084, 8.072646041000041 ], [ 79.792194965000078, 8.071990845000073 ], [ 79.792545690000054, 8.071461359000068 ], [ 79.79280355700007, 8.070948122000061 ], [ 79.792891643000075, 8.070825837000029 ], [ 79.792942136000079, 8.070577323000066 ], [ 79.792982678000044, 8.070377787000041 ], [ 79.793023345000051, 8.070177633000071 ], [ 79.793076399000086, 8.069762707000052 ], [ 79.792999314000042, 8.069347470000025 ], [ 79.792713941000045, 8.068957677000071 ], [ 79.792454348000035, 8.068671709000057 ], [ 79.792414239000038, 8.068368372000066 ], [ 79.79243520600005, 8.068164333000027 ], [ 79.792805003000069, 8.067665203000047 ], [ 79.792989494000039, 8.067386854000063 ], [ 79.793041352000046, 8.067308615000059 ], [ 79.793268149000085, 8.066950537000025 ], [ 79.793318851000038, 8.066870489000053 ], [ 79.793781136000064, 8.066228716000069 ], [ 79.794316202000061, 8.06531185700004 ], [ 79.794952212000055, 8.06461921500005 ], [ 79.795198820000053, 8.064252445000022 ], [ 79.795507031000056, 8.063814390000061 ], [ 79.79612234800004, 8.063397475000045 ], [ 79.796635110000068, 8.063051746000042 ], [ 79.797157985000069, 8.06275706200006 ], [ 79.797506756000075, 8.062482372000034 ], [ 79.797671452000031, 8.062115405000043 ], [ 79.79771323600005, 8.061768555000072 ], [ 79.797621309000078, 8.061676497000065 ], [ 79.797478117000082, 8.061614930000076 ], [ 79.797478384000044, 8.061502682000025 ], [ 79.797601686000064, 8.061319295000033 ], [ 79.79778654200004, 8.06108503400003 ], [ 79.798371016000033, 8.060719063000022 ], [ 79.79900678000007, 8.060312396000029 ], [ 79.799478653000051, 8.059935952000046 ], [ 79.800270213000033, 8.059125646000041 ], [ 79.800612888000046, 8.058819268000036 ], [ 79.801066279000054, 8.058413895000058 ], [ 79.801667777000034, 8.057980073000067 ], [ 79.802163531000076, 8.057462429000054 ], [ 79.802946019000046, 8.056763875000058 ], [ 79.803598242000078, 8.05611689400007 ], [ 79.803885097000034, 8.055884103000039 ], [ 79.804198041000063, 8.055625432000056 ], [ 79.804432963000068, 8.055340637000029 ], [ 79.804798146000053, 8.055004267000072 ], [ 79.805163265000033, 8.054693837000059 ], [ 79.805919406000044, 8.05412491900006 ], [ 79.806258558000081, 8.053788485000041 ], [ 79.806467266000084, 8.053581450000024 ], [ 79.806675914000039, 8.053400354000075 ], [ 79.80696264200003, 8.053219442000056 ], [ 79.807327758000042, 8.052909011000054 ], [ 79.807588767000084, 8.052598332000059 ], [ 79.807719515000031, 8.052339231000076 ], [ 79.80803282100004, 8.051924912000061 ], [ 79.808423656000059, 8.051744245000066 ], [ 79.808918967000068, 8.051408175000063 ], [ 79.810066726000059, 8.050321348000068 ], [ 79.811240566000038, 8.049208637000049 ], [ 79.812257996000085, 8.048199320000037 ], [ 79.813092562000065, 8.047474924000028 ], [ 79.813632673000029, 8.047021760000064 ], [ 79.814111670000045, 8.04647532000007 ], [ 79.815029415000083, 8.045568832000072 ], [ 79.815835981000077, 8.044845833000068 ], [ 79.816901976000054, 8.043972644000064 ], [ 79.817396454000061, 8.043438158000072 ], [ 79.818081577000044, 8.042770337000036 ], [ 79.818582506000041, 8.042257346000042 ], [ 79.819145270000035, 8.04158545100006 ], [ 79.820763273000068, 8.039653673000032 ], [ 79.820882532000041, 8.039511283000024 ], [ 79.821150572000079, 8.039184402000046 ], [ 79.822981392000031, 8.036951646000034 ], [ 79.823342169000057, 8.036461981000059 ], [ 79.824527830000079, 8.034852722000039 ], [ 79.824547845000041, 8.03479040700006 ], [ 79.825755484000069, 8.03299647700004 ], [ 79.826929953000047, 8.031602103000068 ], [ 79.827682830000072, 8.030520141000068 ], [ 79.827918656000065, 8.030152003000069 ], [ 79.828201566000075, 8.029710359000035 ], [ 79.828645077000033, 8.028888442000039 ], [ 79.829126720000033, 8.028181440000026 ], [ 79.829819832000055, 8.027360093000027 ], [ 79.830320981000057, 8.026519166000071 ], [ 79.830629993000059, 8.025735214000065 ], [ 79.830868673000055, 8.025025129000028 ], [ 79.831025839000063, 8.024584489000063 ], [ 79.831195119000085, 8.024355506000063 ], [ 79.831313014000045, 8.024196030000041 ], [ 79.831574462000049, 8.023677805000034 ], [ 79.831887958000038, 8.023159699000075 ], [ 79.832149344000072, 8.022667414000068 ], [ 79.832384585000057, 8.02222695200004 ], [ 79.832724402000053, 8.02157919900003 ], [ 79.833037956000055, 8.021035150000046 ], [ 79.83327367000004, 8.020387160000041 ], [ 79.833561434000046, 8.01973928700005 ], [ 79.833718240000053, 8.019454291000045 ], [ 79.833771121000041, 8.019091236000065 ], [ 79.833901961000038, 8.018780241000059 ], [ 79.834058706000064, 8.018521187000033 ], [ 79.834137257000066, 8.018313837000051 ], [ 79.834215808000067, 8.018106487000068 ], [ 79.83426892600005, 8.017639667000026 ], [ 79.834452408000061, 8.017069380000066 ], [ 79.834609864000072, 8.01649903200007 ], [ 79.834648514000037, 8.016196445000048 ], [ 79.834662864000052, 8.016084096000043 ], [ 79.834794176000059, 8.015565571000025 ], [ 79.834951156000045, 8.01520275200005 ], [ 79.835160305000045, 8.014788169000042 ], [ 79.835239269000056, 8.014399232000073 ], [ 79.835240099000032, 8.014036057000055 ], [ 79.835241285000052, 8.01351723700003 ], [ 79.835194835000038, 8.013235477000023 ], [ 79.835164279000082, 8.013050122000038 ], [ 79.835061188000054, 8.012608889000035 ], [ 79.834983943000054, 8.012245538000059 ], [ 79.83475061200005, 8.011855890000049 ], [ 79.834641701000066, 8.011721655000031 ], [ 79.834413239000071, 8.011440066000034 ], [ 79.834362199000054, 8.010998950000044 ], [ 79.834388994000051, 8.010661776000063 ], [ 79.834442112000033, 8.010194958000056 ], [ 79.834443357000055, 8.009650196000052 ], [ 79.834444426000061, 8.009183258000064 ], [ 79.834367598000085, 8.008638320000045 ], [ 79.834290889000044, 8.008041500000047 ], [ 79.834083464000059, 8.007703793000076 ], [ 79.833693573000062, 8.007495378000044 ], [ 79.833381280000083, 8.007494668000049 ], [ 79.833042724000052, 8.00759766300007 ], [ 79.832756158000052, 8.007726717000025 ], [ 79.832514591000063, 8.00755919900007 ], [ 79.832418376000078, 8.007492477000028 ], [ 79.832419387000073, 8.007051481000076 ], [ 79.832498588000078, 8.006558780000034 ], [ 79.832499598000084, 8.006117783000036 ], [ 79.832500467000045, 8.005738775000054 ], [ 79.832500609000078, 8.005676786000038 ], [ 79.832520367000029, 8.005618147000064 ], [ 79.83260541900006, 8.00536573100004 ], [ 79.832685037000033, 8.004691444000059 ], [ 79.832790381000052, 8.00414691900005 ], [ 79.832768919000046, 8.004038671000046 ], [ 79.832687473000078, 8.00362786200003 ], [ 79.832708012000069, 8.003094357000066 ], [ 79.832755934000033, 8.002797092000037 ], [ 79.83279636900005, 8.002584806000073 ], [ 79.832863739000061, 8.002239847000055 ], [ 79.832851183000059, 8.001907979000066 ], [ 79.832865318000074, 8.001549624000063 ], [ 79.832825826000033, 8.001350432000038 ], [ 79.832732857000053, 8.001244031000056 ], [ 79.832294280000042, 8.000871374000042 ], [ 79.831403875000035, 8.000099480000074 ], [ 79.830460210000069, 7.999327465000022 ], [ 79.829622921000066, 7.998622057000034 ], [ 79.828998264000063, 7.998102962000075 ], [ 79.828541266000059, 7.997743384000046 ], [ 79.82836250500003, 7.99787116400006 ], [ 79.828120506000062, 7.998018255000034 ], [ 79.827917556000045, 7.998134352000022 ], [ 79.827691274000074, 7.998227082000028 ], [ 79.827519702000075, 7.998257772000045 ], [ 79.827270283000075, 7.998241660000076 ], [ 79.826935204000051, 7.998186500000031 ], [ 79.826530001000037, 7.998115637000069 ], [ 79.826116986000045, 7.998052527000027 ], [ 79.825244200000043, 7.997918425000023 ], [ 79.824612948000038, 7.997839272000022 ], [ 79.823825897000063, 7.997713136000073 ], [ 79.823202405000075, 7.997649540000054 ], [ 79.822516604000043, 7.997562487000039 ], [ 79.821854118000033, 7.997506570000041 ], [ 79.821247557000049, 7.99741192700003 ], [ 79.820731974000068, 7.997333033000075 ], [ 79.820124109000062, 7.997253927000031 ], [ 79.819711061000078, 7.997206351000045 ], [ 79.819251275000056, 7.997143126000026 ], [ 79.818970694000029, 7.997119167000051 ], [ 79.818853943000079, 7.997041191000051 ], [ 79.818784056000084, 7.996924470000067 ], [ 79.818706407000036, 7.996792189000075 ], [ 79.818683454000052, 7.996605641000031 ], [ 79.81872304400008, 7.996341529000063 ], [ 79.81877075500006, 7.995937563000041 ], [ 79.81887346600007, 7.99534723000005 ], [ 79.81894515700003, 7.994686889000036 ], [ 79.818977251000035, 7.994441848000065 ], [ 79.819024517000059, 7.994080960000076 ], [ 79.819114379000041, 7.993371803000059 ], [ 79.819143628000063, 7.993140984000036 ], [ 79.81921479600004, 7.992705990000047 ], [ 79.819254546000082, 7.992371943000023 ], [ 79.819341989000065, 7.991641701000049 ], [ 79.819421526000042, 7.990958066000076 ], [ 79.81946961400007, 7.99039091700007 ], [ 79.81952452400003, 7.990243401000043 ], [ 79.81967299300004, 7.990088329000059 ], [ 79.819868326000062, 7.989894513000024 ], [ 79.820025312000041, 7.989738743000032 ], [ 79.82009491000008, 7.989669684000035 ], [ 79.820344936000083, 7.989421598000035 ], [ 79.820329650000076, 7.989289462000045 ], [ 79.820291286000042, 7.989025170000048 ], [ 79.820191081000075, 7.988535388000059 ], [ 79.820083207000039, 7.987991192000038 ], [ 79.820014327000081, 7.987439316000064 ], [ 79.819929444000081, 7.987066128000038 ], [ 79.819891170000062, 7.986762984000052 ], [ 79.819891403000042, 7.986661966000042 ], [ 79.819985305000046, 7.986506767000037 ], [ 79.820079136000061, 7.986382653000021 ], [ 79.820407578000072, 7.985932709000053 ], [ 79.820782862000044, 7.98545179100006 ], [ 79.820870762000084, 7.985351158000071 ], [ 79.820993563000059, 7.985210566000035 ], [ 79.821189292000042, 7.984986484000046 ], [ 79.821276588000046, 7.984863579000034 ], [ 79.82144577400004, 7.984696830000075 ], [ 79.82156030200008, 7.984583950000058 ], [ 79.821616243000051, 7.984478085000035 ], [ 79.821782189000032, 7.984164038000074 ], [ 79.822024157000044, 7.983744175000027 ], [ 79.822064261000037, 7.983585811000069 ], [ 79.822105229000044, 7.983424040000045 ], [ 79.822286624000071, 7.983144176000053 ], [ 79.822447797000052, 7.982924324000066 ], [ 79.822629238000047, 7.982624440000052 ], [ 79.822750429000052, 7.982324418000076 ], [ 79.823011675000032, 7.982035281000037 ], [ 79.823317171000042, 7.981764058000067 ], [ 79.823760275000041, 7.981453780000038 ], [ 79.824073145000057, 7.981195086000071 ], [ 79.824243351000064, 7.980857681000032 ], [ 79.82448228100003, 7.98041282500003 ], [ 79.824592854000059, 7.980043925000075 ], [ 79.82457935900004, 7.979948188000037 ], [ 79.824579610000058, 7.979838810000047 ], [ 79.824639712000078, 7.979593998000041 ], [ 79.823474149000049, 7.979511161000062 ], [ 79.822930216000032, 7.979472502000021 ], [ 79.82266098000008, 7.979461148000041 ], [ 79.821791692000033, 7.979256846000055 ], [ 79.82153994500004, 7.979548306000027 ], [ 79.821288197000058, 7.979839765000065 ], [ 79.820900897000058, 7.980098286000043 ], [ 79.820380266000029, 7.980174912000052 ], [ 79.819391947000042, 7.979939172000059 ], [ 79.818930808000061, 7.979765575000044 ], [ 79.818767948000072, 7.979704266000056 ], [ 79.818247917000065, 7.979521481000063 ], [ 79.817910586000039, 7.979105648000029 ], [ 79.81757361700005, 7.978534169000056 ], [ 79.817541223000035, 7.978352825000059 ], [ 79.817331748000072, 7.977180168000075 ], [ 79.816795939000031, 7.97694772400007 ], [ 79.816071887000078, 7.976628143000028 ], [ 79.815874068000085, 7.976532772000041 ], [ 79.815658976000066, 7.976429075000055 ], [ 79.815458642000067, 7.976332491000051 ], [ 79.815419129000077, 7.976313442000048 ], [ 79.815318945000058, 7.976265142000045 ], [ 79.815046414000051, 7.976144345000023 ], [ 79.814773881000065, 7.976023547000068 ], [ 79.814696265000066, 7.975989144000039 ], [ 79.814239271000076, 7.976358866000055 ], [ 79.813882837000051, 7.976631952000048 ], [ 79.813544366000031, 7.976708992000056 ], [ 79.813075661000084, 7.976837613000043 ], [ 79.812320470000031, 7.977069333000031 ], [ 79.811669428000073, 7.977275352000049 ], [ 79.811133876000042, 7.977529159000028 ], [ 79.811070248000078, 7.977559314000075 ], [ 79.810679549000042, 7.977714054000046 ], [ 79.810028505000048, 7.977920070000039 ], [ 79.809834957000078, 7.977947174000064 ], [ 79.809481853000079, 7.977996623000024 ], [ 79.809039412000061, 7.978021536000028 ], [ 79.808128387000068, 7.978123181000058 ], [ 79.807224814000051, 7.978121077000026 ], [ 79.806983403000061, 7.978120515000057 ], [ 79.805942386000083, 7.978169970000067 ], [ 79.805083649000039, 7.978167967000047 ], [ 79.80463823000008, 7.978203921000045 ], [ 79.804302826000082, 7.978230995000047 ], [ 79.803761940000072, 7.978334892000021 ], [ 79.803235422000057, 7.978436028000033 ], [ 79.802402706000066, 7.978434079000067 ], [ 79.801648059000058, 7.978432311000063 ], [ 79.801049545000069, 7.978430909000053 ], [ 79.800164786000039, 7.978428834000056 ], [ 79.799180604000071, 7.978486782000061 ], [ 79.797959619000039, 7.97851221600007 ], [ 79.796717508000029, 7.978466837000042 ], [ 79.795659651000051, 7.978549259000033 ], [ 79.794779641000048, 7.978469346000054 ], [ 79.793729085000052, 7.97846686500003 ], [ 79.793004643000074, 7.978317920000052 ], [ 79.792956857000036, 7.978308095000045 ], [ 79.792150167000045, 7.978306187000044 ], [ 79.791525448000073, 7.978382532000069 ], [ 79.791030776000071, 7.978485123000041 ], [ 79.790666280000039, 7.978562083000043 ], [ 79.790197817000035, 7.978586913000072 ], [ 79.789703271000064, 7.978637623000054 ], [ 79.789390941000079, 7.978662823000036 ], [ 79.78894844000007, 7.978713654000046 ], [ 79.78834992700007, 7.978712233000067 ], [ 79.787725270000067, 7.978762631000052 ], [ 79.787126509000075, 7.978864970000075 ], [ 79.787088303000075, 7.978875452000068 ], [ 79.786189088000071, 7.979122149000034 ], [ 79.785434007000049, 7.97930193600007 ], [ 79.784965482000075, 7.979352701000039 ], [ 79.784574960000043, 7.979429594000067 ], [ 79.784001848000059, 7.979687635000062 ], [ 79.783533074000047, 7.979842160000032 ], [ 79.783064423000042, 7.979944805000059 ], [ 79.782700048000038, 7.979969874000062 ], [ 79.782179603000031, 7.979968631000077 ], [ 79.78173722400004, 7.979967574000057 ], [ 79.78106052000004, 7.980017836000059 ], [ 79.780409463000069, 7.980223804000047 ], [ 79.779940750000037, 7.98035238500006 ], [ 79.779237523000063, 7.980610107000075 ], [ 79.778690553000047, 7.98081632100002 ], [ 79.778117811000072, 7.980918709000036 ], [ 79.777388874000053, 7.981046663000029 ], [ 79.776555406000057, 7.981355950000022 ], [ 79.77653680800006, 7.981364447000033 ], [ 79.775934059000065, 7.981639803000064 ], [ 79.77571359500007, 7.981663552000043 ], [ 79.775227388000076, 7.98171592500006 ], [ 79.774330070000076, 7.98202657500002 ], [ 79.774019672000065, 7.98209674800006 ], [ 79.773769067000046, 7.982153403000041 ], [ 79.772766363000073, 7.982475586000021 ], [ 79.772727355000029, 7.982488119000038 ], [ 79.772232614000075, 7.982616629000063 ], [ 79.771894197000051, 7.982667692000064 ], [ 79.771451502000048, 7.982796326000027 ], [ 79.770852356000034, 7.983054284000048 ], [ 79.770615902000031, 7.983119144000057 ], [ 79.770383637000066, 7.983182854000063 ], [ 79.770175395000081, 7.983239577000063 ], [ 79.769628481000041, 7.983388551000075 ], [ 79.769109686000036, 7.983584129000064 ], [ 79.769081505000031, 7.983594753000034 ], [ 79.768638492000036, 7.983853085000021 ], [ 79.768419024000082, 7.983954534000077 ], [ 79.768247713000051, 7.984033722000049 ], [ 79.767752906000055, 7.984188166000024 ], [ 79.767258163000065, 7.984316669000066 ], [ 79.766815402000077, 7.984471238000026 ], [ 79.766242336000062, 7.984703312000022 ], [ 79.765747465000061, 7.984883693000029 ], [ 79.765252595000049, 7.985064074000036 ], [ 79.764914048000037, 7.985167013000023 ], [ 79.76447147600004, 7.985243758000024 ], [ 79.764002309000034, 7.985553903000039 ], [ 79.763689912000075, 7.985605023000062 ], [ 79.763272916000062, 7.985863413000061 ], [ 79.762804064000079, 7.986043854000059 ], [ 79.762152737000065, 7.986353553000072 ], [ 79.761579668000081, 7.986585619000039 ], [ 79.761215034000031, 7.986714432000042 ], [ 79.760850335000043, 7.986869185000046 ], [ 79.760329756000033, 7.986919793000027 ], [ 79.759939418000044, 7.986918838000065 ], [ 79.75962714800005, 7.986918074000073 ], [ 79.759236490000035, 7.987046821000035 ], [ 79.759053757000061, 7.987279840000042 ], [ 79.75874084700007, 7.987538479000023 ], [ 79.75858420000003, 7.987745620000055 ], [ 79.758063365000055, 7.987899988000038 ], [ 79.757724879000079, 7.987976980000042 ], [ 79.757360563000077, 7.98797608600006 ], [ 79.757074123000052, 7.988053205000028 ], [ 79.756787298000063, 7.988285967000024 ], [ 79.756474385000047, 7.988544604000026 ], [ 79.755901630000039, 7.98864696000004 ], [ 79.755563272000074, 7.988672070000064 ], [ 79.755120567000063, 7.988800684000068 ], [ 79.754651390000049, 7.989110818000029 ], [ 79.753895962000058, 7.989420245000076 ], [ 79.753505301000075, 7.989548985000056 ], [ 79.753218794000077, 7.989652043000035 ], [ 79.752698149000082, 7.989728582000055 ], [ 79.751864715000067, 7.990011873000071 ], [ 79.751447901000063, 7.990192428000057 ], [ 79.750744644000065, 7.990450097000064 ], [ 79.750249504000067, 7.990734221000025 ], [ 79.749675713000045, 7.991251613000031 ], [ 79.749284598000031, 7.991561932000025 ], [ 79.748867587000063, 7.991820306000022 ], [ 79.748398144000078, 7.992234192000069 ], [ 79.748085095000079, 7.992544703000021 ], [ 79.747343171000068, 7.992947985000058 ], [ 79.746585227000082, 7.993715589000033 ], [ 79.746142005000081, 7.994170369000074 ], [ 79.746072883000068, 7.994267343000047 ], [ 79.745737940000083, 7.994737246000057 ], [ 79.744919069000048, 7.995860523000033 ], [ 79.744875940000043, 7.995953977000056 ], [ 79.744509873000084, 7.99674716800007 ], [ 79.744142999000076, 7.998125450000032 ], [ 79.743952238000077, 7.999125811000056 ], [ 79.74378282400005, 8.00093335400004 ], [ 79.74378030400004, 8.000960246000034 ], [ 79.74373832100008, 8.001032366000061 ], [ 79.743465185000048, 8.00150158100007 ], [ 79.742912011000044, 8.002187322000054 ], [ 79.742874001000075, 8.002234441000041 ], [ 79.74262587700008, 8.002542026000071 ], [ 79.74182845100006, 8.003561722000029 ], [ 79.741746816000045, 8.003680599000063 ], [ 79.741220250000083, 8.004447386000038 ], [ 79.741156631000081, 8.004540027000075 ], [ 79.74085479200005, 8.005280668000069 ], [ 79.740609540000037, 8.005811914000049 ], [ 79.740318706000039, 8.00628226300006 ], [ 79.740027527000052, 8.006889373000035 ], [ 79.739859300000035, 8.007101696000063 ], [ 79.739812724000046, 8.007435891000057 ], [ 79.739395797000043, 8.008189768000022 ], [ 79.739164648000042, 8.008713450000073 ], [ 79.738878650000061, 8.00916892500004 ], [ 79.738743223000085, 8.009394171000054 ], [ 79.738555710000071, 8.009781075000035 ], [ 79.738368236000042, 8.010152484000059 ], [ 79.738086904000056, 8.010756081000068 ], [ 79.737977545000035, 8.010972735000053 ], [ 79.737976919000062, 8.011220653000066 ], [ 79.737743004000038, 8.011514470000066 ], [ 79.737524399000051, 8.01190129400004 ], [ 79.737430191000044, 8.012272936000045 ], [ 79.737382970000056, 8.012505242000032 ], [ 79.737195414000041, 8.012907639000048 ], [ 79.737007429000073, 8.013480479000066 ], [ 79.736882365000042, 8.013759074000063 ], [ 79.736647900000037, 8.01426981700007 ], [ 79.736491197000078, 8.014765261000036 ], [ 79.736272432000078, 8.01521406300003 ], [ 79.736255085000039, 8.015926786000023 ], [ 79.736299525000049, 8.016794613000059 ], [ 79.736367378000068, 8.017226753000045 ], [ 79.736406617000057, 8.017476658000021 ], [ 79.736389896000048, 8.017941463000057 ], [ 79.736543662000031, 8.018608131000065 ], [ 79.736775390000048, 8.019182024000031 ], [ 79.736991611000064, 8.019740384000045 ], [ 79.737279276000038, 8.020267187000059 ], [ 79.737508707000075, 8.020912643000031 ], [ 79.737578269000039, 8.021108336000054 ], [ 79.737937786000032, 8.021829579000041 ], [ 79.738314051000032, 8.022619834000068 ], [ 79.739181038000083, 8.023919275000026 ], [ 79.739681345000065, 8.024608601000068 ], [ 79.740180864000081, 8.025610685000061 ], [ 79.740659731000051, 8.026508464000074 ], [ 79.741179806000048, 8.027656553000043 ], [ 79.741512666000062, 8.028387161000069 ], [ 79.741866445000085, 8.029117820000067 ], [ 79.742095887000062, 8.029566247000048 ], [ 79.742678288000036, 8.030704502000049 ], [ 79.742739098000072, 8.030797825000036 ], [ 79.743345119000082, 8.031727854000053 ], [ 79.743765280000048, 8.032026018000067 ], [ 79.743995688000041, 8.032365826000046 ], [ 79.744254311000077, 8.032728632000044 ], [ 79.744408924000084, 8.033168785000043 ], [ 79.74458988300006, 8.033453792000046 ], [ 79.744717001000083, 8.033800373000076 ], [ 79.744770320000043, 8.033945747000075 ], [ 79.74487309400007, 8.034359902000062 ], [ 79.745105959000057, 8.034645037000075 ], [ 79.74513100300004, 8.035007261000032 ], [ 79.745130336000045, 8.035272993000035 ], [ 79.745075716000031, 8.03539730600005 ], [ 79.745016958000065, 8.03553104100007 ], [ 79.744988985000077, 8.036020045000043 ], [ 79.744887749000043, 8.036481932000072 ], [ 79.744887144000074, 8.036722445000066 ], [ 79.744856543000083, 8.036896740000032 ], [ 79.744801840000036, 8.037255874000039 ], [ 79.744716416000074, 8.037443558000064 ], [ 79.744667809000077, 8.037581732000035 ], [ 79.744673388000081, 8.037762131000022 ], [ 79.744654579000041, 8.038044687000024 ], [ 79.744617506000054, 8.038393338000049 ], [ 79.744495675000053, 8.038862035000022 ], [ 79.744391835000044, 8.039372867000054 ], [ 79.744377282000073, 8.039469835000034 ], [ 79.744300076000059, 8.039984332000074 ], [ 79.744299499000078, 8.040214112000058 ], [ 79.744337692000045, 8.040314244000058 ], [ 79.744356512000081, 8.040363589000037 ], [ 79.744364623000081, 8.04046362400004 ], [ 79.744155951000039, 8.040876999000034 ], [ 79.743817574000047, 8.04126418200002 ], [ 79.743540831000075, 8.041665158000058 ], [ 79.743459144000042, 8.041795269000033 ], [ 79.743430913000054, 8.041840234000063 ], [ 79.743141540000067, 8.042301137000038 ], [ 79.742744620000053, 8.042978548000065 ], [ 79.742413455000076, 8.043699889000038 ], [ 79.742236839000043, 8.044082417000027 ], [ 79.742059726000036, 8.044661898000072 ], [ 79.741959350000059, 8.045285342000057 ], [ 79.741845929000078, 8.045741961000033 ], [ 79.741761109000038, 8.046027321000054 ], [ 79.741724677000036, 8.046332895000035 ], [ 79.741742086000045, 8.046499988000051 ], [ 79.741788103000033, 8.046635165000055 ], [ 79.741802062000033, 8.046756045000052 ], [ 79.741806651000047, 8.047121958000048 ], [ 79.741789677000043, 8.047265416000073 ], [ 79.741772910000066, 8.04801414700006 ], [ 79.741764930000045, 8.048370494000039 ], [ 79.741796123000086, 8.049059917000022 ], [ 79.741803424000068, 8.049262380000073 ], [ 79.741797616000042, 8.049806609000029 ], [ 79.741796718000046, 8.05016203100007 ], [ 79.741795809000052, 8.050522192000074 ], [ 79.741762129000051, 8.05086689500007 ], [ 79.741747512000074, 8.050919934000035 ], [ 79.741701685000066, 8.051660555000069 ], [ 79.741636674000063, 8.05255175800005 ], [ 79.741603791000045, 8.053145920000077 ], [ 79.741602211000043, 8.053771435000044 ], [ 79.741761240000073, 8.054184866000071 ], [ 79.741882615000065, 8.054569677000075 ], [ 79.74202327200004, 8.054788962000032 ], [ 79.74231883300007, 8.055034816000045 ], [ 79.742689218000066, 8.055122304000065 ], [ 79.74313133000004, 8.055724294000072 ], [ 79.743282947000068, 8.05588050700004 ], [ 79.743390843000043, 8.05596308500003 ], [ 79.743809319000036, 8.056559502000027 ], [ 79.744239065000045, 8.057097665000072 ], [ 79.744738551000069, 8.057636002000038 ], [ 79.745073751000064, 8.05803105800004 ], [ 79.745516636000048, 8.058314048000057 ], [ 79.745820497000068, 8.058491730000071 ], [ 79.746318204000033, 8.058730174000061 ], [ 79.746867618000067, 8.059005684000056 ], [ 79.747206822000066, 8.059322943000041 ], [ 79.747687564000046, 8.059753812000054 ], [ 79.748176754000042, 8.060063325000044 ], [ 79.74853543100005, 8.060464883000066 ], [ 79.74887311100008, 8.060803124000074 ], [ 79.749148737000041, 8.061041141000032 ], [ 79.749689330000081, 8.061585964000074 ], [ 79.749992796000072, 8.061923716000024 ], [ 79.750296282000079, 8.062253044000045 ], [ 79.750557737000065, 8.062489592000077 ], [ 79.750844656000083, 8.062684080000054 ], [ 79.751325871000063, 8.062929600000075 ], [ 79.751705965000042, 8.063048495000032 ], [ 79.752314252000076, 8.063184807000027 ], [ 79.752838199000053, 8.063245084000073 ], [ 79.753395977000082, 8.06329702000005 ], [ 79.753962422000029, 8.063264727000046 ], [ 79.754342854000072, 8.063248822000048 ], [ 79.754681106000078, 8.063199112000063 ], [ 79.754926246000082, 8.063199721000046 ], [ 79.755011220000085, 8.063258664000045 ], [ 79.755035948000057, 8.063275816000044 ], [ 79.755069466000066, 8.063393849000022 ], [ 79.755009771000061, 8.063603270000044 ], [ 79.754882531000078, 8.063779878000048 ], [ 79.754704494000066, 8.063987952000048 ], [ 79.754482093000036, 8.064189598000041 ], [ 79.754227947000061, 8.064410120000048 ], [ 79.753911766000044, 8.064639288000023 ], [ 79.753671243000042, 8.064772062000031 ], [ 79.752977368000074, 8.065056785000024 ], [ 79.752181208000081, 8.065337943000031 ], [ 79.751823655000067, 8.065428628000063 ], [ 79.751061801000048, 8.065489994000075 ], [ 79.750508384000057, 8.065600914000072 ], [ 79.750503533000085, 8.065601886000024 ], [ 79.74991867600005, 8.065719107000064 ], [ 79.749050607000072, 8.065948903000049 ], [ 79.748076746000038, 8.066178433000061 ], [ 79.746919393000042, 8.066585180000061 ], [ 79.745474177000062, 8.06730465000004 ], [ 79.743758341000046, 8.06818889300007 ], [ 79.742615646000047, 8.068719237000039 ], [ 79.741687072000047, 8.069202720000021 ], [ 79.741019995000045, 8.069710555000029 ], [ 79.739971833000084, 8.070466263000071 ], [ 79.73934065900005, 8.070879394000031 ], [ 79.73887994100005, 8.071310495000034 ], [ 79.738068739000084, 8.072198074000028 ], [ 79.737870548000046, 8.072442829000067 ], [ 79.737755925000044, 8.072584382000059 ], [ 79.737353948000077, 8.072981798000058 ], [ 79.73718507500007, 8.073160275000021 ], [ 79.737123763000056, 8.073230421000062 ], [ 79.736934464000058, 8.073520001000077 ], [ 79.736842836000051, 8.073679689000073 ], [ 79.736743691000072, 8.073852474000034 ], [ 79.736652236000054, 8.073994775000074 ], [ 79.736635521000039, 8.074120017000041 ], [ 79.736678925000035, 8.074245412000039 ], [ 79.736705824000069, 8.074414339000043 ], [ 79.736749160000045, 8.074566967000067 ], [ 79.736814069000047, 8.074644638000052 ], [ 79.736945322000054, 8.074801690000072 ], [ 79.737021589000051, 8.074899931000061 ], [ 79.737169033000043, 8.074949328000059 ], [ 79.737299334000056, 8.074943406000045 ], [ 79.737376987000061, 8.074846358000059 ], [ 79.73741001500008, 8.074753841000074 ], [ 79.737410265000051, 8.074655792000044 ], [ 79.737475879000044, 8.074645064000038 ], [ 79.737513722000074, 8.074808573000041 ], [ 79.737513098000079, 8.075053693000029 ], [ 79.737521403000073, 8.075638166000033 ], [ 79.737507855000047, 8.076289836000058 ], [ 79.736803282000039, 8.077508518000059 ], [ 79.736469235000072, 8.077957941000022 ], [ 79.736040832000072, 8.078529648000028 ], [ 79.73584887800007, 8.078785811000046 ], [ 79.735118674000034, 8.079682346000027 ], [ 79.734654486000068, 8.080270467000048 ], [ 79.733794068000066, 8.08136059900005 ], [ 79.73367494300004, 8.081511529000068 ], [ 79.733313619000057, 8.082006481000064 ], [ 79.733023114000048, 8.082404421000035 ], [ 79.73240141000008, 8.083256043000063 ], [ 79.731715378000047, 8.084271553000065 ], [ 79.731463913000084, 8.084643785000026 ], [ 79.731405762000065, 8.084729863000064 ], [ 79.731116799000063, 8.08516098900003 ], [ 79.731020812000054, 8.085304201000042 ], [ 79.730799170000068, 8.086069895000037 ], [ 79.730770526000072, 8.086422307000021 ], [ 79.730734360000042, 8.086867264000034 ], [ 79.730733397000051, 8.087242571000047 ], [ 79.730904919000068, 8.087665231000074 ], [ 79.730950869000083, 8.088103211000032 ], [ 79.730902953000054, 8.088431485000058 ], [ 79.730932972000062, 8.088963251000052 ], [ 79.730962308000073, 8.089760859000023 ], [ 79.730960584000059, 8.090433285000074 ], [ 79.730990562000045, 8.090980688000059 ], [ 79.73133468900005, 8.091403789000026 ], [ 79.731757395000045, 8.091780176000043 ], [ 79.731898001000047, 8.091914354000039 ], [ 79.73194746300004, 8.092088568000065 ], [ 79.731963589000031, 8.09228756400006 ], [ 79.731888131000062, 8.09251948800005 ], [ 79.731803744000047, 8.092892340000049 ], [ 79.731832204000057, 8.093203416000051 ], [ 79.73205020100005, 8.093860764000055 ], [ 79.732173929000055, 8.094564786000035 ], [ 79.732174386000054, 8.094601669000042 ], [ 79.732186935000072, 8.095612559000074 ], [ 79.73218501000008, 8.096363175000022 ], [ 79.732167954000033, 8.096894821000035 ], [ 79.732401726000035, 8.097520932000066 ], [ 79.732667160000062, 8.098037660000045 ], [ 79.732822594000083, 8.098616658000026 ], [ 79.733267290000072, 8.099011204000021 ], [ 79.733715178000068, 8.099338274000047 ], [ 79.734123242000067, 8.099308035000035 ], [ 79.734343607000085, 8.09904275100007 ], [ 79.734234326000035, 8.098823542000048 ], [ 79.734140656000079, 8.098635649000073 ], [ 79.733952716000033, 8.098494430000073 ], [ 79.733749365000051, 8.098243706000062 ], [ 79.73356162500005, 8.098024298000041 ], [ 79.733535670000037, 8.097745889000066 ], [ 79.733218171000033, 8.097335355000041 ], [ 79.733061656000075, 8.097178578000069 ], [ 79.73284205300007, 8.097146743000053 ], [ 79.732779767000068, 8.096958930000028 ], [ 79.733015182000031, 8.096943890000034 ], [ 79.73330646200003, 8.096900325000036 ], [ 79.733668259000069, 8.097234854000021 ], [ 79.733918115000051, 8.09770810200007 ], [ 79.734196793000081, 8.097820014000035 ], [ 79.734559374000071, 8.09784873600006 ], [ 79.734736471000076, 8.098234421000029 ], [ 79.73473580700005, 8.098493710000071 ], [ 79.734735217000036, 8.098724190000041 ], [ 79.734850302000041, 8.098940560000074 ], [ 79.735008896000068, 8.099099418000037 ], [ 79.73503721600008, 8.099329971000031 ], [ 79.735007422000081, 8.099675618000049 ], [ 79.734948719000045, 8.100021191000053 ], [ 79.734875377000037, 8.10043875100007 ], [ 79.734874604000083, 8.100741257000038 ], [ 79.734859337000046, 8.101058130000069 ], [ 79.734887436000065, 8.101375113000074 ], [ 79.73477781400004, 8.101633015000061 ], [ 79.734896520000063, 8.102147634000062 ], [ 79.734955152000055, 8.102686023000047 ], [ 79.735171812000033, 8.103219687000035 ], [ 79.735316029000046, 8.103349699000034 ], [ 79.735460208000063, 8.103494116000036 ], [ 79.735560912000039, 8.103681639000058 ], [ 79.73560376100005, 8.103883418000066 ], [ 79.735689715000035, 8.104186144000039 ], [ 79.735746798000037, 8.104474389000075 ], [ 79.735774897000056, 8.104791374000058 ], [ 79.735846582000079, 8.105022038000072 ], [ 79.735920166000085, 8.105487322000045 ], [ 79.73597953500007, 8.105738651000024 ], [ 79.73601453100008, 8.106133449000026 ], [ 79.73603706800003, 8.106707629000027 ], [ 79.735962789000041, 8.107592546000035 ], [ 79.735841909000044, 8.10792714400003 ], [ 79.735744607000072, 8.108429253000054 ], [ 79.735700695000048, 8.108777285000031 ], [ 79.735807278000038, 8.109084172000053 ], [ 79.735863660000064, 8.109646113000053 ], [ 79.735775639000053, 8.110150067000063 ], [ 79.735572053000055, 8.110624918000042 ], [ 79.735324988000059, 8.111142872000073 ], [ 79.735195701000066, 8.111356369000021 ], [ 79.734976590000031, 8.111718188000054 ], [ 79.734816477000038, 8.112149934000058 ], [ 79.734757881000064, 8.112452291000068 ], [ 79.734757475000038, 8.11261074600003 ], [ 79.734800176000078, 8.112870147000024 ], [ 79.734726867000063, 8.113273301000049 ], [ 79.734566529000062, 8.113791476000074 ], [ 79.734519137000063, 8.11412550700004 ], [ 79.734414308000055, 8.114783070000044 ], [ 79.734395206000045, 8.114902879000056 ], [ 79.734320798000056, 8.115388745000075 ], [ 79.73417676400004, 8.115617099000076 ], [ 79.734075927000049, 8.115776966000055 ], [ 79.733614936000038, 8.116211154000041 ], [ 79.733586994000063, 8.116237471000034 ], [ 79.733293347000085, 8.116625567000028 ], [ 79.733243636000054, 8.116989981000074 ], [ 79.733193908000032, 8.117095463000055 ], [ 79.733071986000084, 8.117354084000056 ], [ 79.732876139000041, 8.117645217000074 ], [ 79.732387015000029, 8.118178629000056 ], [ 79.731849177000072, 8.118687614000066 ], [ 79.73170968800008, 8.118807041000025 ], [ 79.731311464000044, 8.119147991000034 ], [ 79.730676136000056, 8.119632422000052 ], [ 79.730453762000081, 8.119801971000072 ], [ 79.730231389000039, 8.119971249000059 ], [ 79.730230096000071, 8.119972233000055 ], [ 79.729906592000077, 8.120218492000049 ], [ 79.729416144000083, 8.120504296000036 ], [ 79.728791192000074, 8.120818462000045 ], [ 79.728406169000039, 8.121181085000046 ], [ 79.727847639000061, 8.121801617000074 ], [ 79.727556098000036, 8.122136873000045 ], [ 79.727366098000061, 8.122355364000043 ], [ 79.727105257000062, 8.122967089000042 ], [ 79.727065637000067, 8.123435853000046 ], [ 79.72716960200006, 8.12407722100005 ], [ 79.727283245000081, 8.124689907000061 ], [ 79.727464352000084, 8.125207081000042 ], [ 79.727760660000058, 8.125734118000025 ], [ 79.728248371000063, 8.126510432000032 ], [ 79.728475271000036, 8.126841997000042 ], [ 79.728707549000035, 8.127181418000021 ], [ 79.728841116000069, 8.127516664000041 ], [ 79.729251322000039, 8.128560702000073 ], [ 79.729394002000049, 8.128990927000075 ], [ 79.729431202000058, 8.129179844000021 ], [ 79.729436801000077, 8.129335350000076 ], [ 79.729430228000069, 8.12955660800003 ], [ 79.729403933000071, 8.12976541200004 ], [ 79.729399150000063, 8.129844830000025 ], [ 79.729285393000055, 8.130381925000052 ], [ 79.729261800000074, 8.13045618600006 ], [ 79.729097954000054, 8.130971936000037 ], [ 79.72908977700007, 8.130997672000035 ], [ 79.729082854000069, 8.131019464000076 ], [ 79.728923102000067, 8.13166853000007 ], [ 79.728761003000045, 8.132127580000031 ], [ 79.728610764000052, 8.13269133600005 ], [ 79.728146350000031, 8.133464758000059 ], [ 79.728127844000085, 8.133482066000056 ], [ 79.72801185600008, 8.13359054600005 ], [ 79.727995601000032, 8.133605748000036 ], [ 79.72774604500006, 8.133889169000042 ], [ 79.727713191000078, 8.134061320000058 ], [ 79.727791808000063, 8.134294759000056 ], [ 79.727936032000059, 8.134516695000059 ], [ 79.727967847000059, 8.134565941000062 ], [ 79.727994557000045, 8.13466668500007 ], [ 79.728020022000067, 8.134927920000052 ], [ 79.728046385000084, 8.135045257000058 ], [ 79.728127045000065, 8.135284180000042 ], [ 79.728238480000073, 8.135486680000042 ], [ 79.728262541000049, 8.13557352600003 ], [ 79.728265026000031, 8.13567456100003 ], [ 79.728248230000077, 8.135762158000034 ], [ 79.72811789800005, 8.135936672000071 ], [ 79.72808948900007, 8.135998636000068 ], [ 79.728088224000032, 8.136063337000053 ], [ 79.728118633000065, 8.136227311000027 ], [ 79.728110871000069, 8.136453775000064 ], [ 79.728091521000067, 8.13652806500005 ], [ 79.728074382000045, 8.136585060000073 ], [ 79.727990906000059, 8.136862643000029 ], [ 79.727962989000048, 8.137041038000064 ], [ 79.727946744000064, 8.137307704000023 ], [ 79.727948107000032, 8.137357738000048 ], [ 79.727949792000061, 8.137369448000072 ], [ 79.727992720000032, 8.137667641000064 ], [ 79.727997670000036, 8.137702026000056 ], [ 79.728062270000066, 8.137988803000042 ], [ 79.728063021000082, 8.137992139000062 ], [ 79.72808395800007, 8.138085080000053 ], [ 79.728119914000047, 8.138205351000067 ], [ 79.728209519000075, 8.138505080000073 ], [ 79.728211052000063, 8.138510208000071 ], [ 79.728213868000068, 8.138514419000046 ], [ 79.728239991000066, 8.13855346500003 ], [ 79.728265631000056, 8.138591791000067 ], [ 79.728279472000054, 8.138607164000064 ], [ 79.728292024000041, 8.138621104000038 ], [ 79.72842911500004, 8.138773354000023 ], [ 79.728438327000049, 8.138783585000056 ], [ 79.728581696000049, 8.13898234800007 ], [ 79.728711794000048, 8.139162714000065 ], [ 79.728716986000052, 8.139167659000066 ], [ 79.729113397000049, 8.139545269000052 ], [ 79.729129827000065, 8.139562984000065 ], [ 79.729172900000037, 8.139609428000028 ], [ 79.729286590000072, 8.139732016000039 ], [ 79.729453640000031, 8.139932517000034 ], [ 79.729614991000062, 8.14012617800006 ], [ 79.729685829000061, 8.140211201000056 ], [ 79.729744499000049, 8.140288829000042 ], [ 79.729880879000063, 8.140469278000069 ], [ 79.729990740000062, 8.140614640000024 ], [ 79.730087318000074, 8.140759420000052 ], [ 79.730136005000077, 8.140832406000072 ], [ 79.730152603000079, 8.140857287000074 ], [ 79.730177389000062, 8.140900401000067 ], [ 79.730255874000079, 8.141036920000033 ], [ 79.730329845000085, 8.141165584000021 ], [ 79.730338423000035, 8.141180508000048 ], [ 79.730341101000079, 8.141187008000031 ], [ 79.730610813000055, 8.141841681000074 ], [ 79.730686652000031, 8.141983478000043 ], [ 79.730769347000034, 8.142098807000025 ], [ 79.730836052000029, 8.142166073000055 ], [ 79.73085194500004, 8.142182097000045 ], [ 79.730861829000048, 8.142192064000028 ], [ 79.731064488000072, 8.142347237000024 ], [ 79.731132349000063, 8.142413717000068 ], [ 79.731235452000078, 8.142514792000043 ], [ 79.731255110000063, 8.142527785000027 ], [ 79.731473752000056, 8.142672295000068 ], [ 79.731492626000033, 8.142684770000074 ], [ 79.731626974000051, 8.142816044000028 ], [ 79.731687670000042, 8.142875350000054 ], [ 79.732016182000052, 8.143092529000057 ], [ 79.732081752000056, 8.143266130000029 ], [ 79.732102812000051, 8.143315072000064 ], [ 79.732195106000063, 8.143529558000068 ], [ 79.732308628000055, 8.143727203000026 ], [ 79.732444594000071, 8.143907588000047 ], [ 79.732728497000039, 8.144081037000035 ], [ 79.73290774600008, 8.144135407000022 ], [ 79.733279389000074, 8.144315770000048 ], [ 79.733567414000049, 8.144374493000043 ], [ 79.733779963000075, 8.144373825000059 ], [ 79.733822874000055, 8.144373674000065 ], [ 79.734039684000038, 8.144372979000025 ], [ 79.734179004000055, 8.144372533000023 ], [ 79.73429905200004, 8.144372148000059 ], [ 79.734320012000069, 8.144372080000039 ], [ 79.734325317000071, 8.144371870000043 ], [ 79.734531840000045, 8.144363699000053 ], [ 79.735006162000047, 8.144344859000057 ], [ 79.735070244000042, 8.14433929300003 ], [ 79.735331401000053, 8.144316611000022 ], [ 79.735660146000043, 8.144288059000075 ], [ 79.735788807000063, 8.144269846000043 ], [ 79.736002360000043, 8.144239619000075 ], [ 79.736266888000046, 8.144202175000032 ], [ 79.736299191000057, 8.144197602000077 ], [ 79.736645040000042, 8.144175893000067 ], [ 79.736761759000046, 8.144168568000055 ], [ 79.736815956000044, 8.14416516600005 ], [ 79.736919131000036, 8.144164181000065 ], [ 79.737516060000075, 8.144158483000069 ], [ 79.737920577000068, 8.144154621000041 ], [ 79.738338300000066, 8.144167046000064 ], [ 79.73834667400007, 8.144170101000043 ], [ 79.738378333000071, 8.144181650000064 ], [ 79.73838786400006, 8.144185987000071 ], [ 79.738394253000081, 8.144222094000042 ], [ 79.738400291000062, 8.144256215000041 ], [ 79.738381484000058, 8.144329255000059 ], [ 79.738146223000058, 8.144634041000074 ], [ 79.738144137000063, 8.144636743000035 ], [ 79.738142634000042, 8.144640070000037 ], [ 79.738056239000059, 8.144831391000025 ], [ 79.738024495000047, 8.14490169000004 ], [ 79.73792923700006, 8.145178851000026 ], [ 79.737859814000046, 8.145459850000066 ], [ 79.737819180000031, 8.145717177000051 ], [ 79.73781430300005, 8.145748056000059 ], [ 79.737802121000072, 8.145911977000026 ], [ 79.737799523000035, 8.14594693600003 ], [ 79.737814939000032, 8.146135423000032 ], [ 79.737853014000052, 8.146311547000039 ], [ 79.737915322000049, 8.146505239000021 ], [ 79.738047620000032, 8.146809908000023 ], [ 79.738096520000056, 8.146922515000028 ], [ 79.738106410000057, 8.146945294000034 ], [ 79.73814016700004, 8.147023028000035 ], [ 79.738171470000054, 8.147073437000074 ], [ 79.738248876000057, 8.147198089000028 ], [ 79.73827742800006, 8.147244069000067 ], [ 79.738312036000082, 8.147285856000053 ], [ 79.738560507000045, 8.147585896000066 ], [ 79.738562119000051, 8.147589289000052 ], [ 79.738729733000071, 8.147941824000043 ], [ 79.738742755000033, 8.147969213000067 ], [ 79.738746749000029, 8.147979629000076 ], [ 79.738763601000073, 8.148023573000046 ], [ 79.738829225000075, 8.148194702000069 ], [ 79.738910640000086, 8.148462861000041 ], [ 79.73891603900006, 8.148488173000032 ], [ 79.73896220000006, 8.148704602000066 ], [ 79.739024771000061, 8.148997957000063 ], [ 79.739026010000032, 8.149000906000026 ], [ 79.739076871000066, 8.149121997000066 ], [ 79.739087741000048, 8.149147876000029 ], [ 79.739184133000037, 8.149279915000022 ], [ 79.739369873000044, 8.149409008000021 ], [ 79.739393913000072, 8.149379298000042 ], [ 79.739418947000047, 8.149352046000047 ], [ 79.739444975000083, 8.14932725400007 ], [ 79.739471999000045, 8.149304920000077 ], [ 79.73950016100008, 8.149284954000052 ], [ 79.73952932900005, 8.14926747100003 ], [ 79.739560131000076, 8.149252189000038 ], [ 79.739574870000069, 8.149246376000065 ], [ 79.739577434000068, 8.149245364000024 ], [ 79.739589482000042, 8.149240611000039 ], [ 79.739607061000072, 8.149235557000054 ], [ 79.739625942000032, 8.149231479000036 ], [ 79.739668602000052, 8.149226063000071 ], [ 79.739708195000048, 8.149224102000062 ], [ 79.739821347000031, 8.149222133000023 ], [ 79.739978767000082, 8.149209710000036 ], [ 79.740010716000029, 8.149208612000052 ], [ 79.740039894000063, 8.149208740000063 ], [ 79.740052207000076, 8.149209601000052 ], [ 79.74005929100008, 8.149210096000047 ], [ 79.740098999000054, 8.149212872000021 ], [ 79.740164737000043, 8.149222374000033 ], [ 79.740234198000053, 8.149237172000028 ], [ 79.740304090000052, 8.149256201000071 ], [ 79.74039149500004, 8.149284678000072 ], [ 79.740403933000039, 8.149288736000074 ], [ 79.740464853000049, 8.149305515000037 ], [ 79.740488871000082, 8.149313128000074 ], [ 79.740507790000038, 8.14932073600005 ], [ 79.740523719000066, 8.14932907900004 ], [ 79.740537182000082, 8.149338432000036 ], [ 79.740549269000041, 8.149350039000069 ], [ 79.740559620000056, 8.149362699000051 ], [ 79.74056973900008, 8.149377235000031 ], [ 79.740578007000067, 8.149391513000069 ], [ 79.740584240000032, 8.149405195000043 ], [ 79.740588157000047, 8.149417372000073 ], [ 79.740589561000036, 8.149425596000071 ], [ 79.740590053000062, 8.149428482000076 ], [ 79.740589760000034, 8.149438574000044 ], [ 79.740587445000074, 8.149449403000062 ], [ 79.74057945900006, 8.149468910000053 ], [ 79.740556489000085, 8.149509914000021 ], [ 79.740552408000042, 8.149518639000064 ], [ 79.740548071000035, 8.149527914000032 ], [ 79.740545931000042, 8.149534754000058 ], [ 79.740543953000042, 8.149541076000048 ], [ 79.740534664000052, 8.149579783000036 ], [ 79.740533950000042, 8.149582784000074 ], [ 79.740525089000073, 8.149611839000045 ], [ 79.740511284000036, 8.149649411000041 ], [ 79.740492904000064, 8.149692857000048 ], [ 79.740455354000062, 8.149775265000073 ], [ 79.740450514000031, 8.149785887000064 ], [ 79.740440991000071, 8.149806785000067 ], [ 79.740422219000038, 8.149843797000074 ], [ 79.740362724000079, 8.149955799000054 ], [ 79.740345433000073, 8.149992328000053 ], [ 79.740331679000064, 8.150025709000033 ], [ 79.740328095000052, 8.150036353000075 ], [ 79.740326074000052, 8.15004235400005 ], [ 79.740304453000078, 8.150106571000038 ], [ 79.740294404000053, 8.150141048000023 ], [ 79.740286291000075, 8.150173030000076 ], [ 79.740279890000068, 8.150203435000037 ], [ 79.740275188000055, 8.150232414000072 ], [ 79.740272186000084, 8.150259662000053 ], [ 79.740271903000064, 8.150264661000051 ], [ 79.740270566000049, 8.150288227000033 ], [ 79.740270804000033, 8.150338517000023 ], [ 79.740274714000066, 8.150391819000049 ], [ 79.740279612000052, 8.150428237000028 ], [ 79.740280342000062, 8.150433663000058 ], [ 79.740281684000081, 8.150443639000059 ], [ 79.740291611000032, 8.15048880300003 ], [ 79.740302131000078, 8.150525215000073 ], [ 79.740316325000038, 8.150567630000069 ], [ 79.740370252000048, 8.150720268000043 ], [ 79.740374880000047, 8.150732541000025 ], [ 79.740422023000065, 8.150857556000062 ], [ 79.740440592000084, 8.15091256900007 ], [ 79.740449387000069, 8.15094272500005 ], [ 79.740455715000053, 8.150968897000041 ], [ 79.74045865100004, 8.150984651000044 ], [ 79.740476872000045, 8.15108237000004 ], [ 79.740483, 8.151106081000023 ], [ 79.740490304000048, 8.151128159000052 ], [ 79.740508806000037, 8.151174346000062 ], [ 79.740528651000034, 8.151217226000028 ], [ 79.740549431000034, 8.151255789000061 ], [ 79.740571136000085, 8.151290015000029 ], [ 79.740593775000036, 8.151319906000026 ], [ 79.740617298000075, 8.151345389000028 ], [ 79.740641787000072, 8.151366516000053 ], [ 79.740644332000045, 8.151368182000056 ], [ 79.740666708000049, 8.151382838000075 ], [ 79.740686070000038, 8.151392712000074 ], [ 79.740707499000052, 8.151401638000038 ], [ 79.740731193000045, 8.15140970300007 ], [ 79.740757576000078, 8.151417049000031 ], [ 79.740812734000031, 8.15142886700005 ], [ 79.740907076000042, 8.151445071000069 ], [ 79.740912355000034, 8.151445977000037 ], [ 79.74092670400006, 8.15144844200006 ], [ 79.740956573000062, 8.151450613000065 ], [ 79.74098329800006, 8.151450416000046 ], [ 79.740990797000052, 8.151450362000048 ], [ 79.741024854000045, 8.151448284000026 ], [ 79.741109814000083, 8.151441027000033 ], [ 79.741153864000069, 8.151439556000071 ], [ 79.74117620800007, 8.151440420000029 ], [ 79.741196460000083, 8.151442614000075 ], [ 79.741215004000082, 8.151446182000029 ], [ 79.741232029000059, 8.151451159000032 ], [ 79.741245073000073, 8.151456375000066 ], [ 79.741257231000077, 8.151462607000042 ], [ 79.74126508300003, 8.151468048000027 ], [ 79.741267195000034, 8.151469512000062 ], [ 79.741283130000056, 8.151480556000024 ], [ 79.741313967000053, 8.151506956000048 ], [ 79.741341524000063, 8.151535735000039 ], [ 79.741362331000062, 8.151562664000039 ], [ 79.741377746000069, 8.151588759000049 ], [ 79.741386884000065, 8.15161203200006 ], [ 79.741389646000073, 8.151623983000036 ], [ 79.741390869000043, 8.15163565000006 ], [ 79.74139056000007, 8.151653216000057 ], [ 79.741387858000053, 8.151672178000069 ], [ 79.741382734000069, 8.151692748000073 ], [ 79.741375072000039, 8.151715401000047 ], [ 79.741360599000075, 8.151749921000032 ], [ 79.741327026000079, 8.151820445000055 ], [ 79.741314143000068, 8.151849640000023 ], [ 79.741246559000047, 8.152030098000068 ], [ 79.741223690000083, 8.152087112000061 ], [ 79.741201842000066, 8.152137990000028 ], [ 79.74116755600005, 8.152210106000041 ], [ 79.74113267000007, 8.152273883000021 ], [ 79.741114737000032, 8.152303130000064 ], [ 79.741096415000072, 8.152330716000051 ], [ 79.741077654000037, 8.152356714000064 ], [ 79.741058416000044, 8.15238118000002 ], [ 79.74103436300004, 8.152408890000061 ], [ 79.741009505000079, 8.152434460000052 ], [ 79.740988259000062, 8.152453870000045 ], [ 79.740984266000055, 8.152457517000073 ], [ 79.740959535000059, 8.152477091000037 ], [ 79.740932816000054, 8.152495574000056 ], [ 79.740902049000056, 8.152514563000068 ], [ 79.74077653300003, 8.152583092000043 ], [ 79.740762714000084, 8.15259063700006 ], [ 79.740730729000063, 8.152609626000071 ], [ 79.740702414000054, 8.152628259000039 ], [ 79.740616446000047, 8.15268984000005 ], [ 79.740540650000071, 8.152747603000023 ], [ 79.740472429000079, 8.152803566000046 ], [ 79.740410729000075, 8.152858612000045 ], [ 79.74037553200003, 8.152892460000032 ], [ 79.740342430000055, 8.152926315000059 ], [ 79.740309744000058, 8.152962068000022 ], [ 79.740305827000043, 8.152966724000066 ], [ 79.740304017000085, 8.15296887300002 ], [ 79.740285431000075, 8.152990957000043 ], [ 79.740245009000034, 8.153045373000054 ], [ 79.740189263000048, 8.153127107000046 ], [ 79.740156097000067, 8.153175734000058 ], [ 79.740132444000039, 8.153207419000069 ], [ 79.740119612000058, 8.153223148000052 ], [ 79.740115912000078, 8.153227683000068 ], [ 79.740110102000074, 8.153234805000068 ], [ 79.740087698000082, 8.153259604000027 ], [ 79.740061603000072, 8.153286153000067 ], [ 79.740043846000049, 8.153302819000032 ], [ 79.739961587000039, 8.153380026000036 ], [ 79.739922023000076, 8.153419591000045 ], [ 79.739902117000042, 8.153441499000053 ], [ 79.739884502000052, 8.153462700000034 ], [ 79.739869535000082, 8.153482623000059 ], [ 79.739864656000066, 8.153489809000064 ], [ 79.739853338000046, 8.153506483000058 ], [ 79.739814691000049, 8.153569434000076 ], [ 79.739797043000067, 8.153601540000068 ], [ 79.739780609000036, 8.153633891000027 ], [ 79.739765458000079, 8.153666348000058 ], [ 79.739751632000036, 8.153698819000056 ], [ 79.739739175000068, 8.153731202000074 ], [ 79.739728122000031, 8.153763408000032 ], [ 79.739721744000065, 8.153785002000063 ], [ 79.739720681000051, 8.153788604000056 ], [ 79.739717379000069, 8.153799784000057 ], [ 79.739709340000047, 8.153835952000065 ], [ 79.739702814000054, 8.153875334000077 ], [ 79.739688748000049, 8.153976552000074 ], [ 79.739687156000059, 8.153988015000039 ], [ 79.739684049000061, 8.154004210000039 ], [ 79.739682105000043, 8.154014349000022 ], [ 79.739680523000061, 8.154022596000061 ], [ 79.739671592000036, 8.154060290000075 ], [ 79.739660474000061, 8.154100539000069 ], [ 79.739646662000041, 8.15414516900006 ], [ 79.739640705000056, 8.154162872000029 ], [ 79.739583377000031, 8.154333213000029 ], [ 79.739570472000082, 8.154376601000024 ], [ 79.73956013600008, 8.154416261000051 ], [ 79.739551305000077, 8.154457205000028 ], [ 79.739544967000029, 8.154496143000074 ], [ 79.739526504000082, 8.154643301000021 ], [ 79.739521080000031, 8.154706690000069 ], [ 79.73952055500007, 8.154748177000045 ], [ 79.739523415000065, 8.154783181000028 ], [ 79.739529724000079, 8.15481247300005 ], [ 79.739534194000043, 8.154825068000036 ], [ 79.739539552000053, 8.154836330000023 ], [ 79.739542120000067, 8.154840335000074 ], [ 79.739545982000038, 8.154846359000032 ], [ 79.739553810000075, 8.154855 ], [ 79.739563289000046, 8.154862537000042 ], [ 79.739574403000063, 8.15486893700006 ], [ 79.739587190000066, 8.154874222000046 ], [ 79.73960170600003, 8.154878413000063 ], [ 79.739618025000084, 8.154881536000062 ], [ 79.739636270000062, 8.154883612000049 ], [ 79.739669503000073, 8.154884805000052 ], [ 79.739709479000055, 8.154883472000051 ], [ 79.739842427000042, 8.154871714000024 ], [ 79.739849528000036, 8.154871086000071 ], [ 79.739899494000042, 8.154868079000039 ], [ 79.739944288000061, 8.154868246000035 ], [ 79.739981287000035, 8.15487209500003 ], [ 79.739996562000044, 8.154875251000021 ], [ 79.740010445000053, 8.154879282000024 ], [ 79.740022990000057, 8.154884203000051 ], [ 79.740034232000085, 8.154890027000022 ], [ 79.740037274000031, 8.154892077000056 ], [ 79.740045551000037, 8.154897650000066 ], [ 79.740056151000033, 8.15490649000003 ], [ 79.740065884000046, 8.154916430000071 ], [ 79.74007479900007, 8.154927508000071 ], [ 79.740089622000085, 8.15495192800006 ], [ 79.74010164200007, 8.154980796000075 ], [ 79.740110986000047, 8.155014406000021 ], [ 79.740117829000042, 8.155053376000069 ], [ 79.740121870000053, 8.155092195000066 ], [ 79.740124339000033, 8.155137396000043 ], [ 79.740125634000037, 8.155255935000071 ], [ 79.740126342000053, 8.155320548000077 ], [ 79.74013001000003, 8.155397833000052 ], [ 79.740134169000044, 8.155437629000062 ], [ 79.740139935000059, 8.15547342900004 ], [ 79.740147411000066, 8.155505876000063 ], [ 79.740156671000079, 8.155535273000055 ], [ 79.740166488000057, 8.155559093000022 ], [ 79.740177820000042, 8.155580769000039 ], [ 79.740190706000078, 8.155600376000052 ], [ 79.740205183000057, 8.155617967000069 ], [ 79.740216565000082, 8.155629121000061 ], [ 79.740219808000063, 8.155632298000057 ], [ 79.740237712000066, 8.155646823000041 ], [ 79.740276562000076, 8.155672902000049 ], [ 79.740319103000047, 8.155701461000035 ], [ 79.740336616000036, 8.155714699000043 ], [ 79.74035032200004, 8.155726740000034 ], [ 79.740372746000048, 8.155749963000062 ], [ 79.740393698000048, 8.155775559000062 ], [ 79.740413778000061, 8.155804025000066 ], [ 79.740432861000045, 8.155835187000037 ], [ 79.740453743000046, 8.15587477400004 ], [ 79.740472882000063, 8.15591736500005 ], [ 79.740490069000032, 8.155962510000052 ], [ 79.740505105000068, 8.156009678000032 ], [ 79.740517813000054, 8.156058321000046 ], [ 79.740528027000039, 8.156107812000073 ], [ 79.74053562000006, 8.156157531000076 ], [ 79.74054049800003, 8.156206872000041 ], [ 79.74054265500007, 8.156259322000039 ], [ 79.740541520000079, 8.156309979000071 ], [ 79.740537112000084, 8.156358242000067 ], [ 79.740529471000059, 8.156403615000045 ], [ 79.740518696000038, 8.156445593000058 ], [ 79.740504858000065, 8.15648393400005 ], [ 79.740488062000054, 8.156518366000057 ], [ 79.740468403000079, 8.156548686000065 ], [ 79.740454125000042, 8.156566124000051 ], [ 79.740438708000056, 8.156581721000066 ], [ 79.740422171000034, 8.156595452000033 ], [ 79.740405315000032, 8.156606783000029 ], [ 79.74038966300003, 8.156615040000077 ], [ 79.740371774000039, 8.156622356000071 ], [ 79.740334697000037, 8.156633907000071 ], [ 79.740288256000042, 8.156648376000021 ], [ 79.740268995000065, 8.156655561000036 ], [ 79.740252546000079, 8.156663053000045 ], [ 79.740238799000053, 8.156671033000066 ], [ 79.740234717000078, 8.15667340300007 ], [ 79.74021252700004, 8.156689048000032 ], [ 79.740190901000062, 8.156706566000025 ], [ 79.740168457000038, 8.156726914000046 ], [ 79.740131571000063, 8.156764775000056 ], [ 79.740128575000085, 8.156767850000051 ], [ 79.740124596000044, 8.156771935000052 ], [ 79.740112092000061, 8.15678740200002 ], [ 79.740100009000059, 8.156804868000052 ], [ 79.74007737200003, 8.156844662000026 ], [ 79.740061410000067, 8.15687777100004 ], [ 79.740041756000039, 8.15691853800007 ], [ 79.740027733000034, 8.156945744000041 ], [ 79.74001239200004, 8.156971680000026 ], [ 79.739996862000055, 8.156993568000075 ], [ 79.739980002000038, 8.157012821000023 ], [ 79.73997756600005, 8.15701499000005 ], [ 79.739974820000043, 8.157017436000046 ], [ 79.739963412000066, 8.157027597000024 ], [ 79.739944750000063, 8.157040829000039 ], [ 79.739940627000067, 8.157043448000024 ], [ 79.739895326000067, 8.157072225000036 ], [ 79.739882274000081, 8.157081958000049 ], [ 79.739871538000045, 8.157091450000053 ], [ 79.739861241000085, 8.15710288300005 ], [ 79.739859624000076, 8.157105261000027 ], [ 79.739851990000034, 8.15711648100006 ], [ 79.739843552000082, 8.15713239300004 ], [ 79.739836035000053, 8.157150545000036 ], [ 79.739828741000053, 8.157173151000052 ], [ 79.739821745000029, 8.157200635000038 ], [ 79.739808716000084, 8.157259845000056 ], [ 79.739804389000085, 8.157279420000066 ], [ 79.739797257000077, 8.157318711000073 ], [ 79.739791859000036, 8.157358001000034 ], [ 79.739787386000046, 8.157401652000033 ], [ 79.739782993000063, 8.15746129300004 ], [ 79.739781810000068, 8.157494620000023 ], [ 79.739782723000076, 8.157538168000031 ], [ 79.739786249000076, 8.157586375000051 ], [ 79.739791796000077, 8.157636138000044 ], [ 79.739802646000044, 8.157719825000072 ], [ 79.739809620000074, 8.157773599000052 ], [ 79.739813659000049, 8.157815689000074 ], [ 79.739815910000061, 8.157853474000035 ], [ 79.739816405000056, 8.157893709000064 ], [ 79.739816219000033, 8.157899050000026 ], [ 79.739814452000076, 8.157949732000077 ], [ 79.739813630000071, 8.157952155000032 ], [ 79.739812329000074, 8.157972476000054 ], [ 79.739804449000076, 8.158029422000027 ], [ 79.73980337100005, 8.158046462000073 ], [ 79.73980367300004, 8.158061564000036 ], [ 79.739804598000035, 8.158068554000067 ], [ 79.739806548000047, 8.158083286000021 ], [ 79.739811674000066, 8.158106781000072 ], [ 79.739818573000036, 8.158129810000048 ], [ 79.739827107000053, 8.158152040000061 ], [ 79.739840878000052, 8.15817987500003 ], [ 79.739856743000075, 8.15820420600005 ], [ 79.739873057000068, 8.158223019000047 ], [ 79.739893378000033, 8.158240321000051 ], [ 79.739919861000033, 8.158256812000047 ], [ 79.739951559000076, 8.158271762000027 ], [ 79.739991382000085, 8.158286009000051 ], [ 79.740010209000047, 8.15829142900003 ], [ 79.740023122000082, 8.158293895000043 ], [ 79.740040426000064, 8.158294569000077 ], [ 79.740059230000043, 8.158292639000024 ], [ 79.740079697000056, 8.158288092000021 ], [ 79.740102162000085, 8.158280852000075 ], [ 79.740146323000033, 8.158261967000044 ], [ 79.740156804000037, 8.158256757000061 ], [ 79.740252093000038, 8.158209389000035 ], [ 79.740279178000037, 8.158198525000046 ], [ 79.740302153000073, 8.158191930000044 ], [ 79.740314762000082, 8.158189846000028 ], [ 79.740326314000072, 8.158189254000035 ], [ 79.740336897000077, 8.158190149000063 ], [ 79.740346567000074, 8.158192536000058 ], [ 79.740355204000082, 8.158196338000039 ], [ 79.74036303400004, 8.158201597000073 ], [ 79.740369216000033, 8.158207449000031 ], [ 79.74037766400005, 8.158217602000036 ], [ 79.740385978000063, 8.158229985000048 ], [ 79.740394206000076, 8.158244575000026 ], [ 79.740410389000033, 8.158280342000069 ], [ 79.740419534000068, 8.158303644000057 ], [ 79.740426733000049, 8.158327696000072 ], [ 79.740430598000046, 8.158346352000024 ], [ 79.740432767000073, 8.158367297000041 ], [ 79.740432063000071, 8.158418684000026 ], [ 79.74042300800005, 8.15849944200005 ], [ 79.740420106000045, 8.158548906000021 ], [ 79.740424001000065, 8.158608552000032 ], [ 79.740434309000079, 8.158665725000048 ], [ 79.740443164000055, 8.158698473000072 ], [ 79.740454205000049, 8.158731514000067 ], [ 79.740467435000085, 8.158764856000062 ], [ 79.740482858000064, 8.158798510000054 ], [ 79.740520298000035, 8.158866790000047 ], [ 79.740566623000063, 8.158936533000031 ], [ 79.740624675000049, 8.159011219000035 ], [ 79.74069324900006, 8.15908862200007 ], [ 79.740787226000066, 8.159183563000056 ], [ 79.740824086000032, 8.159218032000069 ], [ 79.740857313000049, 8.159246759000041 ], [ 79.74090213900007, 8.159280984000077 ], [ 79.74094535200004, 8.15930830800005 ], [ 79.74097822300007, 8.159324794000042 ], [ 79.74104445200004, 8.159349916000053 ], [ 79.741072476000056, 8.159362743000031 ], [ 79.741120343000034, 8.159389903000033 ], [ 79.741185711000071, 8.159431922000067 ], [ 79.741231717000062, 8.159465580000074 ], [ 79.741272237000032, 8.159499752000045 ], [ 79.741310560000045, 8.159537976000024 ], [ 79.74134584400008, 8.159579104000045 ], [ 79.741369593000059, 8.159610067000074 ], [ 79.741393969000057, 8.159644671000024 ], [ 79.741418702000033, 8.159682644000043 ], [ 79.74144424800005, 8.159724673000028 ], [ 79.741471915000034, 8.159772904000022 ], [ 79.741551817000072, 8.159919520000074 ], [ 79.741555943000037, 8.159927091000043 ], [ 79.741579111000078, 8.159969603000036 ], [ 79.741610371000036, 8.160030805000076 ], [ 79.741642524000042, 8.160097274000066 ], [ 79.741659394000067, 8.160134572000061 ], [ 79.741676293000069, 8.160171938000076 ], [ 79.74169683100007, 8.16021734900005 ], [ 79.741727356000069, 8.160291499000039 ], [ 79.74174395700004, 8.160331824000025 ], [ 79.741751789000034, 8.160350849000054 ], [ 79.741782440000065, 8.160436673000049 ], [ 79.741803097000059, 8.16050042300003 ], [ 79.741836553000041, 8.160603673000026 ], [ 79.741859804000057, 8.160671801000035 ], [ 79.741884667000079, 8.160737606000055 ], [ 79.741894156000058, 8.16076001700003 ], [ 79.741897362000032, 8.160767589000045 ], [ 79.741916857000035, 8.160813633000032 ], [ 79.741963802000043, 8.160918387000038 ], [ 79.742005888000051, 8.161003107000056 ], [ 79.742040239000062, 8.161064651000061 ], [ 79.742044515000032, 8.161071675000073 ], [ 79.742110317000083, 8.16117975700007 ], [ 79.742134313000065, 8.161216307000075 ], [ 79.74215713600006, 8.16124884200002 ], [ 79.742179528000065, 8.161278414000037 ], [ 79.742201802000068, 8.161305435000031 ], [ 79.74222317300007, 8.161329114000068 ], [ 79.742244803000062, 8.161350900000059 ], [ 79.742262167000035, 8.16136614900006 ], [ 79.742281351000031, 8.161382995000054 ], [ 79.742292674000055, 8.161392939000052 ], [ 79.742298522000056, 8.161398074000033 ], [ 79.742318737000062, 8.161421351000058 ], [ 79.742333120000069, 8.161442544000067 ], [ 79.742346995000048, 8.161467335000054 ], [ 79.742361190000054, 8.161497190000034 ], [ 79.742389750000029, 8.161562659000026 ], [ 79.742401592000078, 8.161589805000062 ], [ 79.742416455000068, 8.161617827000043 ], [ 79.74243169500005, 8.16164139600005 ], [ 79.742442137000069, 8.161654245000022 ], [ 79.742445032000035, 8.161657810000065 ], [ 79.742449409000074, 8.161663194000027 ], [ 79.742472428000042, 8.161686375000045 ], [ 79.742495604000055, 8.161706822000042 ], [ 79.74252513700003, 8.161731350000025 ], [ 79.742550345000041, 8.161752285000034 ], [ 79.74257472100004, 8.161774420000029 ], [ 79.742592452000054, 8.161792812000044 ], [ 79.742594131000033, 8.16179481100005 ], [ 79.742612490000056, 8.16181666600005 ], [ 79.742646931000081, 8.161863144000051 ], [ 79.742702583000039, 8.161945168000045 ], [ 79.742712476000065, 8.161959763000027 ], [ 79.742719132000047, 8.161970506000046 ], [ 79.742785076000075, 8.162076943000045 ], [ 79.742812274000073, 8.162118106000037 ], [ 79.742830377000075, 8.162142823000067 ], [ 79.742836613000065, 8.162150740000072 ], [ 79.742866914000047, 8.162189136000052 ], [ 79.74290632900005, 8.16223664100005 ], [ 79.742929473000061, 8.162261326000021 ], [ 79.742951678000054, 8.16228204500004 ], [ 79.742974300000071, 8.16229992500007 ], [ 79.742982191000067, 8.162304938000034 ], [ 79.743282503000046, 8.162650459000076 ], [ 79.743305127000042, 8.162695737000035 ], [ 79.743343172000039, 8.162762821000058 ], [ 79.743366898000033, 8.162804613000048 ], [ 79.743400764000057, 8.162859701000059 ], [ 79.743435207000061, 8.162910561000047 ], [ 79.743462260000058, 8.162947039000073 ], [ 79.743489748000059, 8.162981131000038 ], [ 79.743509318000065, 8.163002896000023 ], [ 79.743531532000077, 8.163024835000044 ], [ 79.743554402000029, 8.163045315000033 ], [ 79.743580881000071, 8.163067262000027 ], [ 79.743650878000039, 8.163121814000021 ], [ 79.743700982000064, 8.163160861000051 ], [ 79.743729780000081, 8.163185783000074 ], [ 79.743754527000078, 8.16320954300005 ], [ 79.743767414000047, 8.163223561000052 ], [ 79.743770805000054, 8.163227251000023 ], [ 79.743818820000058, 8.163279484000043 ], [ 79.743851521000067, 8.163316931000054 ], [ 79.743879657000036, 8.163352785000029 ], [ 79.743901952000044, 8.163386108000054 ], [ 79.743912357000056, 8.163404390000039 ], [ 79.743921271000033, 8.163422436000076 ], [ 79.743923689000042, 8.163428257000021 ], [ 79.743927651000035, 8.16343779400006 ], [ 79.743932963000077, 8.163454160000072 ], [ 79.743940890000033, 8.163489890000051 ], [ 79.743948118000048, 8.163540334000061 ], [ 79.743951370000048, 8.16356303200007 ], [ 79.743957012000067, 8.16359323000006 ], [ 79.743965195000044, 8.163622179000072 ], [ 79.743966605000082, 8.163625597000021 ], [ 79.743967644000065, 8.163628113000073 ], [ 79.743978002000063, 8.163653211000053 ], [ 79.743991062000077, 8.163679147000039 ], [ 79.744007217000046, 8.16370732300004 ], [ 79.744069661000083, 8.163804494000033 ], [ 79.744092784000031, 8.163843473000043 ], [ 79.744115156000078, 8.163886787000024 ], [ 79.744163049000065, 8.163987041000041 ], [ 79.744186135000064, 8.164030468000021 ], [ 79.74420937800005, 8.164067601000056 ], [ 79.744233246000078, 8.164098767000041 ], [ 79.744246238000073, 8.164113047000058 ], [ 79.744259680000084, 8.164126054000064 ], [ 79.74426336700003, 8.164129023000044 ], [ 79.744265383000084, 8.164130646000046 ], [ 79.744293261000053, 8.164153099000032 ], [ 79.74433335100008, 8.164179679000029 ], [ 79.744379926000079, 8.164205670000058 ], [ 79.744416105000084, 8.164223437000032 ], [ 79.744429411000056, 8.164229276000071 ], [ 79.744434712000043, 8.164231602000029 ], [ 79.744443230000059, 8.164235341000051 ], [ 79.744470937000074, 8.164243851000037 ], [ 79.744528580000065, 8.164257248000069 ], [ 79.744553058000065, 8.164264195000044 ], [ 79.744577056000082, 8.164274017000025 ], [ 79.744595299000082, 8.164285577000044 ], [ 79.744604132000063, 8.164293484000041 ], [ 79.744611644000031, 8.164302423000038 ], [ 79.744618628000069, 8.164312933000076 ], [ 79.744625221000035, 8.164325220000023 ], [ 79.744635644000084, 8.164350014000036 ], [ 79.744645483000056, 8.164377881000064 ], [ 79.744657851000056, 8.16441291600006 ], [ 79.744664721000049, 8.16442868300004 ], [ 79.744671779000043, 8.164441919000069 ], [ 79.744680001000063, 8.164454062000061 ], [ 79.744688955000072, 8.164464088000045 ], [ 79.744695611000054, 8.164469567000026 ], [ 79.744699032000085, 8.164472384000021 ], [ 79.744711936000044, 8.164480598000068 ], [ 79.744735742000046, 8.164491872000042 ], [ 79.744765872000073, 8.16450214300005 ], [ 79.744829330000073, 8.164519298000073 ], [ 79.744846060000043, 8.164524319000066 ], [ 79.744885932000045, 8.164536240000075 ], [ 79.744924438000055, 8.164546185000063 ], [ 79.744986401000062, 8.164562189000037 ], [ 79.74503130800008, 8.164575278000029 ], [ 79.745040190000054, 8.164578403000064 ], [ 79.74504591300007, 8.164580416000035 ], [ 79.745109686000035, 8.164602857000034 ], [ 79.745181556000034, 8.164631120000024 ], [ 79.745223202000034, 8.164649186000076 ], [ 79.745262473000082, 8.164667635000058 ], [ 79.745307012000069, 8.164690566000047 ], [ 79.745349827000041, 8.164715006000051 ], [ 79.745388716000036, 8.164739799000074 ], [ 79.745426684000051, 8.164766654000061 ], [ 79.745651610000039, 8.164946990000033 ], [ 79.745775034000076, 8.165048952000063 ], [ 79.745886244000076, 8.165146241000059 ], [ 79.745933820000062, 8.165191295000056 ], [ 79.745981727000071, 8.165236665000066 ], [ 79.746065400000077, 8.165323943000033 ], [ 79.746138534000067, 8.16540943800004 ], [ 79.746196499000064, 8.165486306000048 ], [ 79.746246890000066, 8.165563041000041 ], [ 79.74628996000007, 8.165640028000041 ], [ 79.746325855000066, 8.165717531000041 ], [ 79.746363142000064, 8.165816870000072 ], [ 79.74639465100006, 8.165919723000059 ], [ 79.746420269000055, 8.166025733000026 ], [ 79.74644002000008, 8.166134974000045 ], [ 79.746451733000072, 8.166232746000048 ], [ 79.746462502000043, 8.16631114300003 ], [ 79.746463646000052, 8.166318151000041 ], [ 79.746465293000085, 8.166328263000025 ], [ 79.746470177000049, 8.166358224000021 ], [ 79.746481413000083, 8.166413551000062 ], [ 79.746518052000056, 8.16657744400004 ], [ 79.746527292000053, 8.166629665000073 ], [ 79.746533228000033, 8.166676711000036 ], [ 79.74653440700007, 8.166693459000044 ], [ 79.746534814000086, 8.166699256000072 ], [ 79.746539867000081, 8.166771103000031 ], [ 79.746541825000065, 8.166834888000039 ], [ 79.746539789000053, 8.166891196000051 ], [ 79.746537174000082, 8.166916893000064 ], [ 79.746533948000035, 8.166938125000058 ], [ 79.74653346000008, 8.166941337000026 ], [ 79.746524170000043, 8.166984175000039 ], [ 79.746510584000077, 8.167031998000027 ], [ 79.746496150000041, 8.167075100000034 ], [ 79.746494680000069, 8.167079490000049 ], [ 79.746491998000067, 8.167087497000068 ], [ 79.746475707000059, 8.167126605000021 ], [ 79.746461236000073, 8.167155969000021 ], [ 79.74644382300005, 8.167187719000026 ], [ 79.746378870000058, 8.167294531000039 ], [ 79.746364086000085, 8.167318841000053 ], [ 79.746346452000068, 8.167349846000036 ], [ 79.746331716000043, 8.167378115000076 ], [ 79.746318441000085, 8.167406733000064 ], [ 79.746308397000064, 8.167431985000064 ], [ 79.746304485000053, 8.167444123000053 ], [ 79.746272883000074, 8.167542190000063 ], [ 79.746263857000031, 8.167566764000071 ], [ 79.746254682000085, 8.167588262000038 ], [ 79.746245872000031, 8.167605942000023 ], [ 79.746241148000081, 8.167614082000057 ], [ 79.746239709000065, 8.167616563000024 ], [ 79.746236442000054, 8.167622193000057 ], [ 79.746185610000055, 8.167694917000063 ], [ 79.746171745000083, 8.167717656000036 ], [ 79.746157936000031, 8.167743123000037 ], [ 79.746131358000071, 8.167800171000067 ], [ 79.746112015000051, 8.167846939000071 ], [ 79.746077445000083, 8.167930519000038 ], [ 79.746050912000044, 8.167985427000076 ], [ 79.746029480000061, 8.168021981000038 ], [ 79.746022807000031, 8.168031454000072 ], [ 79.746020251000061, 8.168035082000074 ], [ 79.746004620000065, 8.168057272000055 ], [ 79.745973770000035, 8.168095415000039 ], [ 79.745937685000058, 8.168135114000052 ], [ 79.745882894000033, 8.16818954200005 ], [ 79.745759767000038, 8.168304645000035 ], [ 79.745735526000033, 8.168328432000067 ], [ 79.745685387000037, 8.168377708000037 ], [ 79.745648436000067, 8.168413051000073 ], [ 79.745539027000063, 8.168517700000052 ], [ 79.745472820000032, 8.168582717000049 ], [ 79.745457416000079, 8.168598703000043 ], [ 79.74543625900003, 8.168620659000055 ], [ 79.745412353000063, 8.168645468000022 ], [ 79.745377020000035, 8.168684603000031 ], [ 79.745270631000039, 8.168802441000025 ], [ 79.745203482000079, 8.168872565000072 ], [ 79.74519844200006, 8.168877365000071 ], [ 79.745194039000069, 8.168881557000077 ], [ 79.74515819800007, 8.168915685000059 ], [ 79.745106312000075, 8.168961416000059 ], [ 79.74505186600004, 8.169006757000034 ], [ 79.744974077000052, 8.169069814000068 ], [ 79.744901766000055, 8.169128428000022 ], [ 79.744857158000059, 8.169166380000036 ], [ 79.744818051000038, 8.16920142400005 ], [ 79.744799939000075, 8.16921885000005 ], [ 79.744791862000056, 8.169226620000074 ], [ 79.74475065200005, 8.169266264000044 ], [ 79.744678638000039, 8.169338517000028 ], [ 79.744613143000038, 8.169407057000058 ], [ 79.744551428000079, 8.169474600000058 ], [ 79.744481501000053, 8.169555332000073 ], [ 79.744349319000037, 8.169715277000023 ], [ 79.744315934000042, 8.16975835900007 ], [ 79.744289828000035, 8.16979673000003 ], [ 79.744273294000038, 8.169825107000065 ], [ 79.744265491000078, 8.16984100600007 ], [ 79.744263626000077, 8.169844803000046 ], [ 79.744259877000047, 8.169852441000046 ], [ 79.74424798900003, 8.169882628000039 ], [ 79.74422820500007, 8.169942060000039 ], [ 79.744224699000085, 8.169952593000062 ], [ 79.744215428000075, 8.169977145000075 ], [ 79.744213441000056, 8.169982435000065 ], [ 79.744199585000047, 8.170012202000066 ], [ 79.744164603000058, 8.170079386000054 ], [ 79.744155962000036, 8.17009870000004 ], [ 79.744149322000055, 8.170116471000028 ], [ 79.744147119000047, 8.170124615000077 ], [ 79.744145476000085, 8.170130694000022 ], [ 79.744141748000061, 8.170144480000033 ], [ 79.744135261000054, 8.170180295000023 ], [ 79.744129953000083, 8.170217053000044 ], [ 79.744128310000065, 8.170228430000066 ], [ 79.74412649900006, 8.170240976000059 ], [ 79.744125220000058, 8.17025355100003 ], [ 79.744117793000044, 8.170326588000023 ], [ 79.744112372000075, 8.170357970000055 ], [ 79.744111614000076, 8.170362359000023 ], [ 79.744106696000074, 8.170380812000076 ], [ 79.744100077000041, 8.170399818000021 ], [ 79.74409324800007, 8.170416444000068 ], [ 79.744067594000057, 8.170478907000074 ], [ 79.744061772000066, 8.170496971000034 ], [ 79.744057779000059, 8.170513567000057 ], [ 79.744055747000061, 8.170527938000021 ], [ 79.744055244000037, 8.170531498000059 ], [ 79.74405236900003, 8.170566962000066 ], [ 79.744051531000082, 8.170592419000059 ], [ 79.744052034000049, 8.170615520000069 ], [ 79.744054295000069, 8.170639720000054 ], [ 79.744058376000055, 8.170661422000023 ], [ 79.744064295000044, 8.170680730000072 ], [ 79.744072067000047, 8.170697687000029 ], [ 79.74407782000003, 8.170706622000068 ], [ 79.744079855000052, 8.170709782000074 ], [ 79.744089401000053, 8.170719791000067 ], [ 79.744101501000046, 8.170729331000075 ], [ 79.744114288000048, 8.170738166000035 ], [ 79.744136857000058, 8.170753762000061 ], [ 79.744146154000077, 8.170761887000026 ], [ 79.744153152000081, 8.170769900000039 ], [ 79.74415545200003, 8.170773854000061 ], [ 79.744160239000053, 8.170782088000067 ], [ 79.744165722000048, 8.170796653000025 ], [ 79.744169495000051, 8.170813309000039 ], [ 79.744171721000043, 8.17083268500005 ], [ 79.744172547000062, 8.170857959000045 ], [ 79.744172108000043, 8.170951444000025 ], [ 79.74417008100005, 8.170989309000049 ], [ 79.744166165000081, 8.171027353000056 ], [ 79.744160588000057, 8.171063678000053 ], [ 79.744160161000082, 8.171066451000058 ], [ 79.744154188000039, 8.17109080900002 ], [ 79.744144874000085, 8.171118228000068 ], [ 79.744140521000077, 8.171129412000028 ], [ 79.744117552000034, 8.171188444000052 ], [ 79.744111101000044, 8.171209096000041 ], [ 79.744106763000048, 8.171227822000048 ], [ 79.744104186000072, 8.171247549000043 ], [ 79.744101033000049, 8.171304698000029 ], [ 79.744101705000048, 8.17133338800005 ], [ 79.744104751000066, 8.171357569000065 ], [ 79.744108589000064, 8.171373066000058 ], [ 79.744113809000055, 8.171386647000077 ], [ 79.744120695000049, 8.171398736000071 ], [ 79.744127623000054, 8.171406441000045 ], [ 79.744135758000084, 8.171412499000041 ], [ 79.744146318000048, 8.171418390000042 ], [ 79.74415794600003, 8.17142354300006 ], [ 79.744197780000036, 8.171441199000071 ], [ 79.744208410000056, 8.171448209000062 ], [ 79.744215909000047, 8.17145570200006 ], [ 79.744221030000062, 8.171465572000045 ], [ 79.744224048000035, 8.17147912400003 ], [ 79.744225054000083, 8.171495613000047 ], [ 79.74422360300008, 8.171511438000039 ], [ 79.744220813000084, 8.171521044000031 ], [ 79.744219505000046, 8.171525545000065 ], [ 79.744211497000038, 8.171538848000068 ], [ 79.74418752400004, 8.171565864000058 ], [ 79.744183937000059, 8.171569883000075 ], [ 79.744170184000041, 8.171582905000037 ], [ 79.744154410000078, 8.17159495900006 ], [ 79.744135636000067, 8.171606899000039 ], [ 79.744078124000055, 8.171637146000023 ], [ 79.744058446000054, 8.171647496000048 ], [ 79.744027660000029, 8.171666645000073 ], [ 79.744012981000083, 8.171678194000037 ], [ 79.744008028000053, 8.171682931000021 ], [ 79.743998918000045, 8.171691641000052 ], [ 79.743983634000074, 8.171708451000029 ], [ 79.743968540000083, 8.171727325000063 ], [ 79.743952696000065, 8.171749590000047 ], [ 79.743936059000077, 8.171775462000028 ], [ 79.743868772000042, 8.171889179000061 ], [ 79.74377481700003, 8.172029245000033 ], [ 79.743750679000073, 8.172067239000057 ], [ 79.743733366000072, 8.172096337000028 ], [ 79.743732020000039, 8.172098599000037 ], [ 79.743730276000065, 8.172101531000067 ], [ 79.743716574000075, 8.172127615000022 ], [ 79.743702770000084, 8.172157644000038 ], [ 79.743699818000039, 8.172164972000076 ], [ 79.743662776000065, 8.172256929000071 ], [ 79.743647979000059, 8.172291265000069 ], [ 79.743632512000033, 8.172322680000036 ], [ 79.743616700000075, 8.172349896000071 ], [ 79.743598180000049, 8.172376227000029 ], [ 79.743596313000069, 8.172378311000045 ], [ 79.743593485000076, 8.172381469000072 ], [ 79.743582059000062, 8.172394221000047 ], [ 79.743566412000064, 8.17240812600005 ], [ 79.743562911000083, 8.172411238000052 ], [ 79.743516002000035, 8.172448755000062 ], [ 79.743496422000078, 8.172467357000073 ], [ 79.743488461000084, 8.172476901000039 ], [ 79.743482229000051, 8.172486266000021 ], [ 79.743477665000057, 8.172495512000069 ], [ 79.743474433000074, 8.17250531600007 ], [ 79.743472098000041, 8.172520117000033 ], [ 79.743472341000029, 8.172536197000056 ], [ 79.743475161000049, 8.172553735000065 ], [ 79.743480619000081, 8.172573104000037 ], [ 79.743495258000053, 8.172609456000032 ], [ 79.74353700100005, 8.172696621000057 ], [ 79.74354431900008, 8.172714915000029 ], [ 79.743545687000051, 8.172718337000049 ], [ 79.743551914000079, 8.172737773000051 ], [ 79.743553170000041, 8.172744055000067 ], [ 79.743555451000077, 8.172755452000047 ], [ 79.743563665000067, 8.172796517000052 ], [ 79.743573960000049, 8.172868331000075 ], [ 79.743580872000052, 8.172932786000047 ], [ 79.743586549000042, 8.17299784000005 ], [ 79.743587111000068, 8.173004272000071 ], [ 79.743588504000058, 8.173020230000077 ], [ 79.743592387000035, 8.173080447000075 ], [ 79.74359546900007, 8.173149740000042 ], [ 79.743601966000085, 8.173334228000044 ], [ 79.743603244000042, 8.173395967000033 ], [ 79.743602228000043, 8.17346401900005 ], [ 79.743598064000082, 8.173524263000047 ], [ 79.743596573000048, 8.173535525000034 ], [ 79.743595792000065, 8.173541428000021 ], [ 79.743589918000055, 8.173585795000065 ], [ 79.743577737000066, 8.17365128800003 ], [ 79.743561462000059, 8.173721086000057 ], [ 79.74354052800004, 8.173797671000045 ], [ 79.743530741000029, 8.173829627000032 ], [ 79.743528616000049, 8.173836559000051 ], [ 79.743513412000084, 8.173886203000052 ], [ 79.743486098000062, 8.173966305000022 ], [ 79.743457936000084, 8.174039876000052 ], [ 79.743428549000043, 8.174107888000037 ], [ 79.743405004000067, 8.174156697000058 ], [ 79.743380500000058, 8.17420276100006 ], [ 79.743352636000054, 8.174249944000053 ], [ 79.743333272000029, 8.174278354000023 ], [ 79.743313135000051, 8.174303953000049 ], [ 79.743289060000052, 8.174331500000051 ], [ 79.743264980000049, 8.174356568000064 ], [ 79.743204263000052, 8.174419780000051 ], [ 79.743173973000069, 8.174453055000072 ], [ 79.743146380000042, 8.174487150000061 ], [ 79.743124307000073, 8.174519512000074 ], [ 79.743112322000059, 8.174540554000032 ], [ 79.743109982000078, 8.174545305000038 ], [ 79.743097438000063, 8.174570764000066 ], [ 79.743082966000031, 8.174602754000034 ], [ 79.74307013300006, 8.174634060000074 ], [ 79.743050452000034, 8.174691065000047 ], [ 79.743042818000049, 8.174718585000051 ], [ 79.74303665900004, 8.174745429000041 ], [ 79.743031981000058, 8.174771580000026 ], [ 79.743030396000051, 8.17478426100007 ], [ 79.743028877000029, 8.174796408000077 ], [ 79.743027230000052, 8.174821661000067 ], [ 79.743026893000035, 8.174848798000028 ], [ 79.743029815000057, 8.174907661000077 ], [ 79.743038010000078, 8.174991212000066 ], [ 79.74303834400007, 8.17499461400007 ], [ 79.743039565000061, 8.175007060000041 ], [ 79.743045221000045, 8.175045649000026 ], [ 79.743053140000029, 8.175086003000047 ], [ 79.743053289000045, 8.175086763000024 ], [ 79.743077104000065, 8.175183581000056 ], [ 79.743094840000083, 8.175255486000026 ], [ 79.74310312800003, 8.175293700000054 ], [ 79.74310932000003, 8.175328141000023 ], [ 79.743114060000039, 8.175363753000056 ], [ 79.74311657700008, 8.175396957000032 ], [ 79.743117, 8.175428908000072 ], [ 79.743118269000036, 8.175525023000034 ], [ 79.743121611000049, 8.175577329000021 ], [ 79.743124784000031, 8.175599710000029 ], [ 79.743125661000079, 8.175605892000021 ], [ 79.743132465000031, 8.175640409000039 ], [ 79.743140840000081, 8.175674706000052 ], [ 79.74315105900007, 8.175710280000033 ], [ 79.743165855000029, 8.175755009000056 ], [ 79.743183751000061, 8.175802997000062 ], [ 79.743205365000051, 8.175855922000039 ], [ 79.74322907800007, 8.17591038200004 ], [ 79.743232558000045, 8.175918371000023 ], [ 79.743257232000076, 8.175968638000029 ], [ 79.743307627000036, 8.17606177600004 ], [ 79.743314035000083, 8.176073621000057 ], [ 79.743324993000044, 8.17609520600007 ], [ 79.743333256000085, 8.176111482000067 ], [ 79.743334750000031, 8.176114427000073 ], [ 79.743337458000042, 8.176119760000063 ], [ 79.743364667000037, 8.176181358000065 ], [ 79.74336621100008, 8.176185285000031 ], [ 79.743417866000073, 8.176316607000047 ], [ 79.743442636000054, 8.176374754000051 ], [ 79.743457246000048, 8.176405439000064 ], [ 79.743471954000086, 8.17643346400007 ], [ 79.743486252000082, 8.176458082000067 ], [ 79.743490196000039, 8.17646426500005 ], [ 79.743504337000047, 8.176486441000065 ], [ 79.743545489000041, 8.176545439000051 ], [ 79.743590454000071, 8.176603098000044 ], [ 79.743638807000082, 8.17665886900005 ], [ 79.743690052000034, 8.176712179000049 ], [ 79.743700145000048, 8.17672172400006 ], [ 79.743705165000051, 8.176726471000052 ], [ 79.743727187000047, 8.176747294000052 ], [ 79.743770909000034, 8.176785015000064 ], [ 79.743835641000032, 8.17683734700006 ], [ 79.743844162000073, 8.176844236000022 ], [ 79.743847196000047, 8.176846689000058 ], [ 79.743850075000069, 8.176848793000033 ], [ 79.743923996000035, 8.176902797000025 ], [ 79.743943111000078, 8.176919347000023 ], [ 79.743947544000036, 8.176923890000069 ], [ 79.743949353000062, 8.176925746000052 ], [ 79.743961070000069, 8.176937757000076 ], [ 79.743988889000036, 8.176971277000064 ], [ 79.744015564000051, 8.177009661000056 ], [ 79.744041400000071, 8.177053451000063 ], [ 79.744057320000081, 8.177084980000075 ], [ 79.744059664000076, 8.17708962100005 ], [ 79.744065178000085, 8.177100541000073 ], [ 79.744080848000067, 8.177139362000048 ], [ 79.744095144000084, 8.17718366400004 ], [ 79.744108237000034, 8.177233174000037 ], [ 79.744126019000078, 8.177310254000076 ], [ 79.744133746000045, 8.177354638000054 ], [ 79.744134753000083, 8.177364108000063 ], [ 79.744142563000082, 8.177437540000028 ], [ 79.744145028000048, 8.177455450000025 ], [ 79.744147060000046, 8.177470216000074 ], [ 79.744153880000056, 8.177503159000025 ], [ 79.744161118000079, 8.177526502000035 ], [ 79.74416198800003, 8.177529304000075 ], [ 79.74416285500007, 8.177532101000054 ], [ 79.744172769000045, 8.177557086000036 ], [ 79.744185186000038, 8.177584474000071 ], [ 79.744206877000067, 8.177627613000027 ], [ 79.744218893000038, 8.177649488000043 ], [ 79.744244671000047, 8.177690209000048 ], [ 79.744291973000031, 8.177757565000036 ], [ 79.744298479000065, 8.177766830000053 ], [ 79.744319804000042, 8.177798902000063 ], [ 79.74432644400008, 8.17781012100005 ], [ 79.744331418000058, 8.177818529000035 ], [ 79.74434584200003, 8.177842906000024 ], [ 79.744374657000037, 8.177895548000038 ], [ 79.744405948000065, 8.177957036000066 ], [ 79.744437385000083, 8.17802338100006 ], [ 79.744469542000047, 8.178095764000034 ], [ 79.744504002000042, 8.178177745000028 ], [ 79.744511576000036, 8.178196562000039 ], [ 79.744513754000081, 8.178201975000036 ], [ 79.744525741000075, 8.178231756000059 ], [ 79.744547219000083, 8.178288365000071 ], [ 79.744600018000085, 8.178437056000064 ], [ 79.744605422000063, 8.178452207000021 ], [ 79.744647067000074, 8.178560592000053 ], [ 79.744661379000036, 8.178603732000056 ], [ 79.744670521000046, 8.178639109000073 ], [ 79.744674345000078, 8.178661193000039 ], [ 79.744675206000068, 8.178666174000057 ], [ 79.744676107000032, 8.178671380000026 ], [ 79.744677861000071, 8.178696211000045 ], [ 79.744678207000049, 8.178712824000058 ], [ 79.744679074000032, 8.178754445000038 ], [ 79.74468184300008, 8.17878190600004 ], [ 79.744682950000083, 8.178786539000043 ], [ 79.744683807000058, 8.178790120000031 ], [ 79.744688503000077, 8.178809770000043 ], [ 79.744699552000043, 8.178838782000071 ], [ 79.744709343000068, 8.178858863000073 ], [ 79.744721538000078, 8.178880592000041 ], [ 79.744778366000048, 8.178969421000033 ], [ 79.744787277000057, 8.178985328000067 ], [ 79.744800844000054, 8.179009550000046 ], [ 79.744804155000054, 8.179017172000044 ], [ 79.744810994000034, 8.179032910000046 ], [ 79.744817313000055, 8.179047454000056 ], [ 79.744825671000058, 8.179070008000053 ], [ 79.744845843000064, 8.179124449000028 ], [ 79.744858426000064, 8.179155662000028 ], [ 79.74489961200004, 8.179248892000032 ], [ 79.744909649000078, 8.179268309000065 ], [ 79.744919708000054, 8.179284335000034 ], [ 79.744928315000038, 8.179295490000072 ], [ 79.744937361000041, 8.179304996000042 ], [ 79.744946514000048, 8.179312601000049 ], [ 79.744955967000067, 8.17931833800003 ], [ 79.744975477000082, 8.179325466000023 ], [ 79.744993034000061, 8.179329669000026 ], [ 79.745025469000041, 8.179337436000026 ], [ 79.745037303000061, 8.179341943000054 ], [ 79.745047008000085, 8.179347303000043 ], [ 79.745051592000038, 8.179351184000041 ], [ 79.745053600000062, 8.179352885000071 ], [ 79.745060609000063, 8.179358821000051 ], [ 79.745076097000037, 8.179374904000042 ], [ 79.745086585000081, 8.179388428000038 ], [ 79.74509246000008, 8.179399519000071 ], [ 79.745093392000058, 8.179406971000049 ], [ 79.745092104000037, 8.179411237000068 ], [ 79.745089369000084, 8.179414411000039 ], [ 79.745079528000076, 8.179420280000045 ], [ 79.745063554000069, 8.179425534000075 ], [ 79.745005718000073, 8.179437881000069 ], [ 79.744999670000084, 8.179439173000048 ], [ 79.744992787000058, 8.179440549000049 ], [ 79.744976412000085, 8.179442003000077 ], [ 79.744929992000039, 8.179443577000029 ], [ 79.74491798300005, 8.179445158000021 ], [ 79.744908751000082, 8.179447672000038 ], [ 79.744901212000059, 8.179451716000074 ], [ 79.744896003000065, 8.179458376000071 ], [ 79.74489399600003, 8.17946455200007 ], [ 79.744893690000083, 8.179474390000053 ], [ 79.744896009000058, 8.179489354000054 ], [ 79.744901482000046, 8.179509372000041 ], [ 79.744908083000041, 8.179529898000055 ], [ 79.744910967000067, 8.179538868000066 ], [ 79.74491996200004, 8.179559575000042 ], [ 79.744930451000073, 8.179579099000023 ], [ 79.744958118000056, 8.179626400000075 ], [ 79.744964259000085, 8.179636992000042 ], [ 79.745003669000084, 8.179696997000065 ], [ 79.745011222000073, 8.17971082300005 ], [ 79.745016956000029, 8.179723714000033 ], [ 79.745020528000055, 8.179735082000036 ], [ 79.745021785000063, 8.179739083000072 ], [ 79.745023544000048, 8.179754066000044 ], [ 79.745022997000035, 8.179771521000021 ], [ 79.745022255000038, 8.179778923000072 ], [ 79.745017999000083, 8.179821376000064 ], [ 79.745018576000064, 8.179835942000068 ], [ 79.745021171000076, 8.179848210000046 ], [ 79.745025062000082, 8.179857095000045 ], [ 79.745032221000031, 8.179867601000069 ], [ 79.745058423000046, 8.179893498000069 ], [ 79.74506394000008, 8.17989895200003 ], [ 79.745067375000076, 8.17990327800004 ], [ 79.745071471000074, 8.17990843900003 ], [ 79.745076300000051, 8.179914523000036 ], [ 79.745094664000078, 8.179943101000049 ], [ 79.745110398000065, 8.179973497000049 ], [ 79.745123878000072, 8.180007196000076 ], [ 79.745133472000077, 8.180041103000065 ], [ 79.745135047000076, 8.18005480100004 ], [ 79.745135427000037, 8.180090705000055 ], [ 79.745136822000063, 8.180099057000064 ], [ 79.745139318000042, 8.18010511600005 ], [ 79.745142051000073, 8.180108218000044 ], [ 79.74514724800008, 8.180111318000058 ], [ 79.745153241000082, 8.180112487000031 ], [ 79.745160752000061, 8.18011240900006 ], [ 79.745173874000045, 8.180110309000042 ], [ 79.745216775000074, 8.180100411000069 ], [ 79.745281298000066, 8.180091804000028 ], [ 79.745307210000078, 8.180091050000044 ], [ 79.745323927000072, 8.180093776000035 ], [ 79.745330718000048, 8.180096381000055 ], [ 79.745340464000037, 8.180100116000062 ], [ 79.745359104000045, 8.180110253000066 ], [ 79.745373055000073, 8.180121252000049 ], [ 79.745376564000082, 8.180125393000026 ], [ 79.745378763000076, 8.180127988000038 ], [ 79.745382716000051, 8.180135522000057 ], [ 79.745385320000082, 8.180144576000032 ], [ 79.745386554000049, 8.180155242000069 ], [ 79.745386029000031, 8.180174148000049 ], [ 79.745380996000051, 8.180220675000044 ], [ 79.745380780000062, 8.180230037000058 ], [ 79.745379697000033, 8.180277985000032 ], [ 79.745380165000086, 8.18030456300005 ], [ 79.745380713000031, 8.180308830000058 ], [ 79.745383147000041, 8.180327735000049 ], [ 79.745389850000038, 8.180354192000038 ], [ 79.745400069000084, 8.180380520000028 ], [ 79.745413850000034, 8.180406844000061 ], [ 79.74543129400007, 8.180433353000069 ], [ 79.745447402000082, 8.180454143000077 ], [ 79.745465944000046, 8.180475382000054 ], [ 79.745487124000078, 8.180497309000032 ], [ 79.745511436000072, 8.180520434000073 ], [ 79.74554652900008, 8.180551420000029 ], [ 79.745630522000056, 8.180621692000045 ], [ 79.745666106000044, 8.180652804000033 ], [ 79.745702549000043, 8.180687268000042 ], [ 79.745795863000069, 8.180778521000036 ], [ 79.745844851000072, 8.18082378500003 ], [ 79.745889591000036, 8.180861332000063 ], [ 79.745931266000071, 8.180891976000055 ], [ 79.745973512000035, 8.180917958000066 ], [ 79.745994087000042, 8.180928560000041 ], [ 79.74601437900003, 8.180937612000037 ], [ 79.74603445200006, 8.180945141000052 ], [ 79.74605432900006, 8.180951155000059 ], [ 79.746074041000043, 8.180955663000077 ], [ 79.746093615000063, 8.180958671000042 ], [ 79.746099598000058, 8.180959162000022 ], [ 79.74610638300004, 8.180959717000064 ], [ 79.746119270000065, 8.18095955800004 ], [ 79.746148989000062, 8.180955581000035 ], [ 79.746180270000082, 8.180947923000076 ], [ 79.746184653000057, 8.18094663100004 ], [ 79.746262203000072, 8.180923781000047 ], [ 79.746285185000033, 8.180918905000055 ], [ 79.746304867000049, 8.180916645000025 ], [ 79.74632553500004, 8.18091727500007 ], [ 79.746343241000034, 8.180921627000032 ], [ 79.746345803000054, 8.180922986000041 ], [ 79.746359634000044, 8.180930319000026 ], [ 79.746374895000031, 8.18094334400007 ], [ 79.746391212000049, 8.180963744000053 ], [ 79.74640701800007, 8.180990896000026 ], [ 79.746421270000042, 8.181021499000053 ], [ 79.746458646000065, 8.18111050300007 ], [ 79.74646692500005, 8.181126973000062 ], [ 79.746471320000069, 8.181135715000039 ], [ 79.746483918000081, 8.181156466000061 ], [ 79.746486274000063, 8.181159631000071 ], [ 79.746488899000042, 8.181163154000046 ], [ 79.746502010000029, 8.181180766000068 ], [ 79.746524273000034, 8.181207285000028 ], [ 79.746552747000067, 8.181237758000066 ], [ 79.746604914000045, 8.181293584000059 ], [ 79.746634494000034, 8.181327450000026 ], [ 79.746661379000045, 8.181363186000056 ], [ 79.746664452000061, 8.181368276000057 ], [ 79.746666504000075, 8.181371676000026 ], [ 79.746682670000041, 8.18139846400004 ], [ 79.746702008000057, 8.181439156000067 ], [ 79.746719918000053, 8.181486600000028 ], [ 79.746734615000037, 8.181533295000065 ], [ 79.746755052000083, 8.181604521000054 ], [ 79.746767180000063, 8.181646791000048 ], [ 79.746786152000084, 8.181703079000044 ], [ 79.746796738000057, 8.181729439000037 ], [ 79.746807841000077, 8.181753636000053 ], [ 79.746818692000033, 8.181774360000077 ], [ 79.746821755000042, 8.181779592000055 ], [ 79.746834159000059, 8.181800787000043 ], [ 79.746857792000071, 8.181838592000076 ], [ 79.746882941000081, 8.181876055000032 ], [ 79.746909482000035, 8.181912994000072 ], [ 79.746937280000054, 8.181949215000031 ], [ 79.746962796000048, 8.181980313000054 ], [ 79.746968895000066, 8.18198774800004 ], [ 79.747007967000059, 8.182032959000026 ], [ 79.747040847000051, 8.182068934000029 ], [ 79.747072213000081, 8.182101104000026 ], [ 79.747116081000058, 8.18214210900004 ], [ 79.747159016000069, 8.182177371000023 ], [ 79.747200103000068, 8.182206392000069 ], [ 79.747207761000084, 8.182210984000051 ], [ 79.747210400000085, 8.182212567000022 ], [ 79.747247187000085, 8.182234622000067 ], [ 79.747300818000042, 8.182262263000041 ], [ 79.747355500000083, 8.182285949000061 ], [ 79.747410169000034, 8.182305223000071 ], [ 79.747463999000047, 8.182319791000054 ], [ 79.747484689000032, 8.182324006000044 ], [ 79.747492840000064, 8.182325666000054 ], [ 79.747519867000051, 8.182329443000071 ], [ 79.747549750000076, 8.182331808000072 ], [ 79.747582414000078, 8.182332678000023 ], [ 79.747631581000064, 8.182331624000028 ], [ 79.747763035000048, 8.182325124000045 ], [ 79.747808276000058, 8.182324931000039 ], [ 79.747952440000063, 8.182327051000073 ], [ 79.747998553000059, 8.18232555700007 ], [ 79.748039474000052, 8.182322076000048 ], [ 79.748065435000058, 8.182318243000054 ], [ 79.748068090000061, 8.18231785100005 ], [ 79.74807506500008, 8.182316821000029 ], [ 79.748111580000057, 8.18230903500006 ], [ 79.74815002400004, 8.182298509000077 ], [ 79.748191272000042, 8.182285001000025 ], [ 79.74825347400008, 8.182261432000075 ], [ 79.748393067000052, 8.182204039000055 ], [ 79.748403383000039, 8.182200053000031 ], [ 79.74858505800006, 8.182130377000021 ], [ 79.748658855000031, 8.182099378000032 ], [ 79.748722580000049, 8.182069479000063 ], [ 79.748769347000064, 8.182044882000071 ], [ 79.748861845000079, 8.181992250000064 ], [ 79.748905507000075, 8.181964916000027 ], [ 79.748943160000067, 8.18193874800005 ], [ 79.748978478000083, 8.181910879000043 ], [ 79.748984410000048, 8.181905301000029 ], [ 79.748988165000071, 8.181901769000035 ], [ 79.749001229000044, 8.181889484000067 ], [ 79.749019287000067, 8.181867357000044 ], [ 79.749037262000058, 8.181840217000058 ], [ 79.749043352000058, 8.18182949100003 ], [ 79.749054066000042, 8.181810622000057 ], [ 79.749096873000042, 8.181729390000044 ], [ 79.749110628000039, 8.181706462000022 ], [ 79.749123875000066, 8.181687257000021 ], [ 79.749140552000085, 8.181667271000038 ], [ 79.749157851000064, 8.181651162000037 ], [ 79.749176129000034, 8.181638606000035 ], [ 79.749196123000047, 8.181629285000042 ], [ 79.749239081000042, 8.181614766000052 ], [ 79.749254374000031, 8.181611429000043 ], [ 79.749267081000085, 8.181610324000076 ], [ 79.749276308000049, 8.181611264000026 ], [ 79.749285890000067, 8.181614750000051 ], [ 79.749294063000036, 8.181620786000053 ], [ 79.749301572000036, 8.181629462000046 ], [ 79.749309525000058, 8.181642945000021 ], [ 79.74931669800003, 8.181660195000063 ], [ 79.749323193000066, 8.181681412000046 ], [ 79.74932936700003, 8.181707759000062 ], [ 79.749339120000059, 8.181760251000071 ], [ 79.749339916000054, 8.181764540000074 ], [ 79.749343157000055, 8.181781981000029 ], [ 79.74934513200003, 8.181807942000034 ], [ 79.749345140000059, 8.181837666000035 ], [ 79.749339861000067, 8.181927090000045 ], [ 79.74933720000007, 8.182030971000074 ], [ 79.749334207000061, 8.182083268000042 ], [ 79.74933122200008, 8.182112199000073 ], [ 79.749327930000049, 8.18213449600006 ], [ 79.74932728400006, 8.182138867000049 ], [ 79.74932218500004, 8.182164411000031 ], [ 79.74931560400006, 8.182190696000021 ], [ 79.749300232000053, 8.182239486000071 ], [ 79.74927929100005, 8.182293731000073 ], [ 79.749211750000029, 8.182445464000068 ], [ 79.749195697000062, 8.182483543000046 ], [ 79.749182172000076, 8.182515625000065 ], [ 79.749166909000053, 8.182551826000065 ], [ 79.749165282000035, 8.182555470000068 ], [ 79.74909230600008, 8.182718866000073 ], [ 79.749066516000084, 8.182782351000071 ], [ 79.749052996000046, 8.182820365000055 ], [ 79.749050578000038, 8.182827164000059 ], [ 79.749045900000056, 8.182840311000064 ], [ 79.749028367000051, 8.182895491000068 ], [ 79.749011783000071, 8.182952788000023 ], [ 79.748996098000077, 8.183012370000029 ], [ 79.748981249000053, 8.183074494000039 ], [ 79.748966862000032, 8.183140890000061 ], [ 79.748953147000066, 8.183210814000063 ], [ 79.748940091000065, 8.183284391000029 ], [ 79.748939270000051, 8.183289080000065 ], [ 79.748929731000032, 8.183350447000066 ], [ 79.748917953000046, 8.183442256000035 ], [ 79.74890775800003, 8.183543102000044 ], [ 79.748897825000086, 8.183669272000031 ], [ 79.748895660000073, 8.183705 ], [ 79.748894580000069, 8.183722824000029 ], [ 79.748890754000058, 8.183785961000069 ], [ 79.748886270000071, 8.183914273000028 ], [ 79.748882994000041, 8.184094059000074 ], [ 79.748882804000061, 8.184104790000049 ], [ 79.748882875000049, 8.184120273000076 ], [ 79.748883904000081, 8.184345564000068 ], [ 79.748882243000082, 8.18444114700003 ], [ 79.748882048000041, 8.184444904000031 ], [ 79.748881874000062, 8.184448228000065 ], [ 79.748879379000073, 8.184496055000068 ], [ 79.74887454800006, 8.18455633800005 ], [ 79.748858534000078, 8.184702507000054 ], [ 79.748846212000046, 8.184814966000033 ], [ 79.748840767000047, 8.184875738000073 ], [ 79.748837224000056, 8.184930296000061 ], [ 79.748836964000077, 8.184937502000025 ], [ 79.74883677300005, 8.184942828000032 ], [ 79.748835271000075, 8.184984515000053 ], [ 79.748834651000038, 8.185044804000029 ], [ 79.748836227000083, 8.185156456000072 ], [ 79.748837679000076, 8.185259195000071 ], [ 79.74883737600004, 8.185345081000037 ], [ 79.74883563800006, 8.18538770300006 ], [ 79.748834826000063, 8.185407570000052 ], [ 79.748833274000049, 8.185445615000049 ], [ 79.748824975000048, 8.185569797000028 ], [ 79.748815669000066, 8.185674615000039 ], [ 79.748804330000041, 8.185778128000038 ], [ 79.748790980000081, 8.18588016700005 ], [ 79.748779548000073, 8.185955033000027 ], [ 79.748778551000044, 8.185961558000031 ], [ 79.748775592000072, 8.185980938000057 ], [ 79.748757436000062, 8.186085125000034 ], [ 79.74873722600006, 8.186188229000038 ], [ 79.748714996000047, 8.186290066000026 ], [ 79.74869078100005, 8.18639046900006 ], [ 79.74866888300005, 8.186473775000024 ], [ 79.748657578000063, 8.186513566000031 ], [ 79.748656488000051, 8.186517399000024 ], [ 79.748655702000065, 8.186520169000062 ], [ 79.748647293000033, 8.186549771000045 ], [ 79.748625707000031, 8.18661835000006 ], [ 79.748600796000062, 8.186690952000049 ], [ 79.748550880000039, 8.186824152000042 ], [ 79.748439651000069, 8.187101893000033 ], [ 79.748393325000052, 8.187222631000054 ], [ 79.748348201000056, 8.187351260000071 ], [ 79.748261847000038, 8.187616673000036 ], [ 79.74822350200003, 8.187729213000068 ], [ 79.74820141500004, 8.187789895000037 ], [ 79.748179733000029, 8.187846065000031 ], [ 79.748158022000041, 8.187898835000055 ], [ 79.748136056000078, 8.187948762000076 ], [ 79.748115651000035, 8.187990920000061 ], [ 79.748110915000041, 8.188000706000025 ], [ 79.748093732000029, 8.18803620500006 ], [ 79.748043144000064, 8.188131431000045 ], [ 79.747986925000077, 8.188229446000037 ], [ 79.74792326000005, 8.188333551000028 ], [ 79.747841575000052, 8.18846005100005 ], [ 79.74777458300008, 8.188559572000031 ], [ 79.747768054000062, 8.188569272000052 ], [ 79.747739750000051, 8.188611319000074 ], [ 79.747654454000042, 8.188733192000029 ], [ 79.747573615000078, 8.188843443000053 ], [ 79.747513932000061, 8.18892114700003 ], [ 79.74745514500006, 8.188994407000052 ], [ 79.74739684900004, 8.189063726000029 ], [ 79.747376175000056, 8.189087111000049 ], [ 79.747371787000077, 8.189092075000076 ], [ 79.747338913000078, 8.189129262000051 ], [ 79.74727736300008, 8.189195443000074 ], [ 79.747211934000063, 8.189262539000026 ], [ 79.747142258000054, 8.189330928000061 ], [ 79.74706771600006, 8.189401214000043 ], [ 79.746980354000073, 8.18948055200002 ], [ 79.746884046000048, 8.189565083000048 ], [ 79.746802851000041, 8.18963435400002 ], [ 79.746798385000034, 8.18963816400003 ], [ 79.746776597000064, 8.189656752000076 ], [ 79.74668338500004, 8.189733569000055 ], [ 79.746590470000058, 8.189807386000041 ], [ 79.746495543000037, 8.189880146000064 ], [ 79.746398688000056, 8.189951785000062 ], [ 79.74629999900003, 8.190022235000072 ], [ 79.746220667000046, 8.19007709300007 ], [ 79.746163396000043, 8.190115577000029 ], [ 79.746159333000037, 8.19011830900007 ], [ 79.746142991000056, 8.190129290000073 ], [ 79.746080732000053, 8.190169340000068 ], [ 79.746013506000054, 8.190210789000048 ], [ 79.745878013000038, 8.190290313000048 ], [ 79.745717048000074, 8.190381565000052 ], [ 79.74556966800003, 8.190465117000031 ], [ 79.745551853000052, 8.190475215000049 ], [ 79.745468790000075, 8.190524252000046 ], [ 79.745460898000033, 8.190529087000073 ], [ 79.745449952000058, 8.190535796000063 ], [ 79.745384750000085, 8.190575753000076 ], [ 79.745216524000057, 8.190683186000058 ], [ 79.744816600000036, 8.190945792000036 ], [ 79.744708847000084, 8.191014189000043 ], [ 79.744610662000071, 8.191074344000072 ], [ 79.744509806000053, 8.191133418000049 ], [ 79.744458652000048, 8.191161755000053 ], [ 79.744441706000032, 8.191171144000066 ], [ 79.744415330000038, 8.191185757000028 ], [ 79.744329050000033, 8.191230846000053 ], [ 79.744233713000085, 8.191279265000048 ], [ 79.744107519000067, 8.19134335800004 ], [ 79.744045019000055, 8.19137646400003 ], [ 79.744017652000082, 8.191391581000062 ], [ 79.744011343000068, 8.191395066000041 ], [ 79.743986269000061, 8.191408919000025 ], [ 79.743897906000029, 8.191459571000053 ], [ 79.743807430000061, 8.191513431000033 ], [ 79.74371431700007, 8.191570809000041 ], [ 79.743617731000029, 8.191632216000073 ], [ 79.743470405000039, 8.191729087000056 ], [ 79.743306441000072, 8.191840478000074 ], [ 79.743122739000057, 8.191968160000044 ], [ 79.742878630000064, 8.192139671000064 ], [ 79.742851755000061, 8.192158555000049 ], [ 79.742787641000064, 8.192203600000028 ], [ 79.742696571000067, 8.192270286000053 ], [ 79.742596042000059, 8.192345941000042 ], [ 79.742554724000058, 8.192377825000051 ], [ 79.742270187000031, 8.192597392000039 ], [ 79.742151401000058, 8.192687823000028 ], [ 79.742035145000045, 8.192773827000053 ], [ 79.741928658000063, 8.192849558000034 ], [ 79.741827756000077, 8.192917991000058 ], [ 79.741791821000049, 8.192941004000033 ], [ 79.741771054000083, 8.192954302000032 ], [ 79.74173810800005, 8.192975402000059 ], [ 79.741657982000049, 8.19302347200005 ], [ 79.741641574000084, 8.193033010000022 ], [ 79.741469712000082, 8.19313291800006 ], [ 79.741380008000078, 8.193187753000075 ], [ 79.741301727000064, 8.193239624000057 ], [ 79.741221938000081, 8.19329771200006 ], [ 79.741154024000082, 8.193350993000024 ], [ 79.741080336000039, 8.193412053000031 ], [ 79.741006231000085, 8.193475927000065 ], [ 79.740805985000065, 8.193651745000068 ], [ 79.740791196000032, 8.193664307000063 ], [ 79.740744425000059, 8.193704036000042 ], [ 79.740688387000034, 8.19374995000004 ], [ 79.740685098000085, 8.193752551000046 ], [ 79.740632755000036, 8.193793668000069 ], [ 79.740578683000081, 8.193834633000051 ], [ 79.740569805000064, 8.193841359000032 ], [ 79.740298347000078, 8.194041010000035 ], [ 79.74023606600008, 8.194088872000066 ], [ 79.740180430000066, 8.194133450000038 ], [ 79.740135143000032, 8.194171433000065 ], [ 79.740092897000068, 8.194208595000021 ], [ 79.740089342000033, 8.194211843000062 ], [ 79.740016947000072, 8.194278189000045 ], [ 79.739953590000084, 8.194338145000074 ], [ 79.739879769000083, 8.194411543000058 ], [ 79.73981473300006, 8.194480849000058 ], [ 79.739795510000079, 8.194503052000073 ], [ 79.739787926000076, 8.19451181200003 ], [ 79.739757128000065, 8.194547387000057 ], [ 79.739755452000054, 8.194549325000025 ], [ 79.739695933000064, 8.194623714000045 ], [ 79.739636441000073, 8.194703385000025 ], [ 79.739573603000053, 8.194792661000065 ], [ 79.73944072900008, 8.194989383000063 ], [ 79.739417182000068, 8.195025926000028 ], [ 79.73939751100005, 8.195058654000036 ], [ 79.739376591000052, 8.195097223000062 ], [ 79.739360908000037, 8.195130693000067 ], [ 79.739359353000054, 8.195134013000029 ], [ 79.739339388000076, 8.195183418000056 ], [ 79.739321938000046, 8.195233432000066 ], [ 79.739307875000065, 8.195280970000056 ], [ 79.739296334000073, 8.195328245000042 ], [ 79.739287344000047, 8.195375269000067 ], [ 79.739283666000063, 8.195402404000049 ], [ 79.739283039000043, 8.195407033000038 ], [ 79.739281277000032, 8.195420035000041 ], [ 79.739278433000038, 8.19546235200005 ], [ 79.739277910000055, 8.195510545000047 ], [ 79.739282424000066, 8.195645727000056 ], [ 79.739285855000048, 8.19581837000004 ], [ 79.739288523000084, 8.195864663000066 ], [ 79.739292481000064, 8.195906181000055 ], [ 79.739297883000063, 8.195944525000073 ], [ 79.739303668000048, 8.195974343000046 ], [ 79.739304815000082, 8.195980258000077 ], [ 79.739313386000049, 8.196014004000062 ], [ 79.73932422200005, 8.196048742000073 ], [ 79.739337419000037, 8.196084796000036 ], [ 79.73935319900005, 8.19612276600003 ], [ 79.739387821000037, 8.196195911000075 ], [ 79.73946475200006, 8.196343507000051 ], [ 79.739495752000039, 8.196406528000068 ], [ 79.73951869900003, 8.196459927000035 ], [ 79.739573042000075, 8.19659826700007 ], [ 79.739590175000046, 8.196636631000047 ], [ 79.73960710800003, 8.196670013000073 ], [ 79.739621140000054, 8.196694338000043 ], [ 79.739635681000038, 8.196716626000068 ], [ 79.739650879000067, 8.196737107000047 ], [ 79.739666832000069, 8.196755910000036 ], [ 79.739669082000034, 8.19675808900007 ], [ 79.739673144000051, 8.196762023000076 ], [ 79.73969038000007, 8.19677871500005 ], [ 79.739712639000061, 8.196797082000046 ], [ 79.739751450000085, 8.196829107000042 ], [ 79.739765557000055, 8.196843156000057 ], [ 79.739769117000037, 8.196847384000023 ], [ 79.739779071000044, 8.196859213000039 ], [ 79.739796071000058, 8.196882593000055 ], [ 79.739812216000075, 8.196908497000038 ], [ 79.739827604000084, 8.196937080000055 ], [ 79.739842411000041, 8.196968677000029 ], [ 79.739865251000083, 8.197026039000036 ], [ 79.739877919000037, 8.19706337100007 ], [ 79.739879554000083, 8.19706818800006 ], [ 79.739890790000061, 8.197101298000064 ], [ 79.739907425000069, 8.197158407000074 ], [ 79.739918442000032, 8.197207973000047 ], [ 79.739924422000058, 8.197251704000053 ], [ 79.739925901000049, 8.197292099000038 ], [ 79.739923834000081, 8.197318426000038 ], [ 79.739923528000077, 8.197322320000069 ], [ 79.739922964000073, 8.197329511000021 ], [ 79.739915254000039, 8.197371248000024 ], [ 79.73990909500003, 8.197395004000043 ], [ 79.739901682000038, 8.197418812000024 ], [ 79.73989255400005, 8.197443788000044 ], [ 79.739890120000041, 8.197449425000059 ], [ 79.739884394000057, 8.197462687000041 ], [ 79.739867476000029, 8.197493128000076 ], [ 79.739831473000038, 8.19754763800006 ], [ 79.739827735000063, 8.19755329700007 ], [ 79.73981204200004, 8.197579638000036 ], [ 79.739810910000074, 8.19758194000002 ], [ 79.739808897000046, 8.197586041000022 ], [ 79.739789122000047, 8.197626307000064 ], [ 79.739763941000035, 8.197685014000058 ], [ 79.739707659000032, 8.197823375000041 ], [ 79.739673526000047, 8.197910426000021 ], [ 79.739593893000063, 8.198120556000049 ], [ 79.739571162000061, 8.198180536000052 ], [ 79.739467064000053, 8.198466030000077 ], [ 79.739434349000078, 8.198549417000038 ], [ 79.739403522000032, 8.198622103000048 ], [ 79.739371835000043, 8.198690228000032 ], [ 79.739334773000053, 8.198763438000071 ], [ 79.739295796000079, 8.198836133000043 ], [ 79.739229084000044, 8.198957326000027 ], [ 79.739190013000041, 8.199028308000038 ], [ 79.739159541000049, 8.199086169000054 ], [ 79.739133231000039, 8.199138632000029 ], [ 79.73911970100005, 8.199167547000059 ], [ 79.739114594000057, 8.199178461000031 ], [ 79.739062407000063, 8.199289992000047 ], [ 79.739010903000064, 8.19940316800006 ], [ 79.738969187000066, 8.199499261000028 ], [ 79.738933655000039, 8.199586564000072 ], [ 79.738907837000056, 8.199654851000048 ], [ 79.738884958000085, 8.199720378000052 ], [ 79.738864572000068, 8.199784530000045 ], [ 79.738858328000049, 8.199806556000055 ], [ 79.738856269000053, 8.199813820000031 ], [ 79.738847681000038, 8.199844116000065 ], [ 79.738826504000031, 8.199931727000035 ], [ 79.738791899000034, 8.200093704000039 ], [ 79.738782099000048, 8.200137201000075 ], [ 79.738773307000031, 8.200176227000043 ], [ 79.738765440000066, 8.200218076000056 ], [ 79.738748765000082, 8.200318805000052 ], [ 79.738738581000064, 8.200368484000023 ], [ 79.738730135000083, 8.200400571000046 ], [ 79.73872066000007, 8.200429430000042 ], [ 79.738709927000059, 8.200455754000075 ], [ 79.738698443000033, 8.200478600000054 ], [ 79.738684684000077, 8.200502133000043 ], [ 79.738669944000037, 8.200524458000075 ], [ 79.738653575000058, 8.200546873000064 ], [ 79.738635584000065, 8.200569367000071 ], [ 79.738594762000048, 8.200614550000068 ], [ 79.738547568000058, 8.200659912000049 ], [ 79.738513479000062, 8.200689388000058 ], [ 79.738510961000031, 8.200691565000056 ], [ 79.738484662000076, 8.200711541000032 ], [ 79.738455028000033, 8.200731417000043 ], [ 79.738393510000037, 8.200770128000045 ], [ 79.738383251000073, 8.200776583000049 ], [ 79.738368111000057, 8.20078720500004 ], [ 79.738353007000057, 8.200797799000043 ], [ 79.738349413000037, 8.200800322000021 ], [ 79.738341099000081, 8.200807319000035 ], [ 79.738320711000085, 8.200824475000047 ], [ 79.738250858000072, 8.200889234000044 ], [ 79.738230173000034, 8.200905894000073 ], [ 79.738210768000044, 8.200919228000032 ], [ 79.73818493300007, 8.200933015000032 ], [ 79.738182365000057, 8.200934008000047 ], [ 79.738143040000068, 8.200949205000029 ], [ 79.738105720000078, 8.200960117000022 ], [ 79.738070750000077, 8.200966735000065 ], [ 79.738038539000058, 8.200969034000025 ], [ 79.738008832000048, 8.200967095000067 ], [ 79.73799484500006, 8.200963413000068 ], [ 79.737965539000072, 8.200952135000023 ], [ 79.737953651000055, 8.200949576000028 ], [ 79.73794547600005, 8.200950416000069 ], [ 79.737934503000076, 8.200955750000048 ], [ 79.737927567000042, 8.200962794000077 ], [ 79.737920622000047, 8.200972764000028 ], [ 79.737896859000045, 8.201018280000028 ], [ 79.737867368000082, 8.201064571000074 ], [ 79.737842063000073, 8.201107241000045 ], [ 79.737811872000066, 8.201162736000072 ], [ 79.73778352000005, 8.201220225000043 ], [ 79.737755613000047, 8.201283040000021 ], [ 79.737729984000055, 8.201347621000025 ], [ 79.737717643000053, 8.201382654000042 ], [ 79.737715080000044, 8.201389930000062 ], [ 79.737696045000064, 8.201443965000067 ], [ 79.737677553000083, 8.201503500000058 ], [ 79.73767041900004, 8.201531282000076 ], [ 79.737664908000056, 8.201557365000042 ], [ 79.737661040000035, 8.201582195000071 ], [ 79.73765166000004, 8.201642403000051 ], [ 79.737647123000045, 8.201682037000069 ], [ 79.737646656000038, 8.201713702000063 ], [ 79.737648188000037, 8.201729688000057 ], [ 79.737651062000054, 8.201744243000064 ], [ 79.737655299000039, 8.201757488000055 ], [ 79.737660580000068, 8.201768791000063 ], [ 79.737672040000064, 8.20178783800003 ], [ 79.73768455700008, 8.201804895000066 ], [ 79.737697714000035, 8.201819646000047 ], [ 79.73771113500004, 8.201831687000038 ], [ 79.73772193700006, 8.201839234000033 ], [ 79.737732640000047, 8.201844799000071 ], [ 79.737738059000037, 8.201846638000063 ], [ 79.737744206000059, 8.201848723000069 ], [ 79.737757023000086, 8.201851367000074 ], [ 79.737770803000046, 8.201852570000028 ], [ 79.737785226000085, 8.201852244000065 ], [ 79.737800293000078, 8.20185039100005 ], [ 79.737816004000081, 8.201847010000051 ], [ 79.737846513000079, 8.201852376000033 ], [ 79.738038698000082, 8.201827608000031 ], [ 79.738071392000052, 8.201829728000064 ], [ 79.738144606000048, 8.201854898000022 ], [ 79.738227731000052, 8.201942108000026 ], [ 79.738514547000079, 8.202407101000063 ], [ 79.738771022000037, 8.202987396000026 ], [ 79.739015187000064, 8.203509816000064 ], [ 79.739048939000043, 8.203582865000044 ], [ 79.739072018000059, 8.203641602000062 ], [ 79.739089080000042, 8.203675819000068 ], [ 79.739127089000078, 8.203752047000023 ], [ 79.739139493000039, 8.203798279000068 ], [ 79.739160188000085, 8.203831604000072 ], [ 79.739174397000056, 8.20388181900006 ], [ 79.739267500000039, 8.203989016000037 ], [ 79.739343961000031, 8.204031601000054 ], [ 79.739766211000074, 8.204050810000069 ], [ 79.74009170800008, 8.204047002000038 ], [ 79.740112554000063, 8.204056729000058 ], [ 79.740129120000063, 8.20407250300002 ], [ 79.740163235000068, 8.204110564000075 ], [ 79.740189237000038, 8.204161805000069 ], [ 79.740202207000038, 8.204199629000072 ], [ 79.740202822000072, 8.204219846000058 ], [ 79.740202960000033, 8.204224404000058 ], [ 79.74019319100006, 8.204247163000048 ], [ 79.74017344400005, 8.204268450000029 ], [ 79.740091884000037, 8.20432990300003 ], [ 79.740018690000056, 8.204385409000054 ], [ 79.739967331000059, 8.204418459000067 ], [ 79.739888437000047, 8.204431366000051 ], [ 79.739739339000039, 8.204430896000076 ], [ 79.739679634000083, 8.204428481000036 ], [ 79.739624793000075, 8.204439643000057 ], [ 79.739583321000055, 8.204474255000036 ], [ 79.739563317000034, 8.204525107000052 ], [ 79.739573428000085, 8.20458082600004 ], [ 79.73975665100005, 8.204861212000026 ], [ 79.739806061000081, 8.20491495400006 ], [ 79.739853310000058, 8.204962269000021 ], [ 79.739958254000044, 8.205017147000035 ], [ 79.740105967000034, 8.205132530000071 ], [ 79.740165112000057, 8.205176893000043 ], [ 79.74022147800008, 8.205207507000068 ], [ 79.740244977000032, 8.205209556000057 ], [ 79.740278533000037, 8.205217689000051 ], [ 79.74035075200004, 8.205188941000074 ], [ 79.740511648000052, 8.20511883100005 ], [ 79.740579899000068, 8.205045230000053 ], [ 79.740618601000051, 8.204994697000075 ], [ 79.740645277000056, 8.204959867000071 ], [ 79.740718768000079, 8.204860058000065 ], [ 79.740707088000079, 8.204784464000056 ], [ 79.740678484000057, 8.204703058000064 ], [ 79.740640266000071, 8.204626411000049 ], [ 79.74052529800008, 8.204516077000051 ], [ 79.740424579000035, 8.204467976000046 ], [ 79.740317096000069, 8.20445104700002 ], [ 79.740277826000067, 8.204408714000067 ], [ 79.740315396000085, 8.204270207000036 ], [ 79.740326013000072, 8.204260161000036 ], [ 79.740378465000049, 8.204225577000045 ], [ 79.74042735200004, 8.204200567000044 ], [ 79.740451225000072, 8.204197826000041 ], [ 79.740535818000069, 8.204227426000045 ], [ 79.740663447000031, 8.204282995000028 ], [ 79.740745120000042, 8.204318555000043 ], [ 79.740935544000081, 8.204411264000044 ], [ 79.740978854000048, 8.204436960000066 ], [ 79.741098111000042, 8.20446701000003 ], [ 79.741155429000059, 8.204480991000025 ], [ 79.741212304000044, 8.204489997000053 ], [ 79.741225267000061, 8.204495726000061 ], [ 79.741291940000053, 8.204515774000072 ], [ 79.741624863000084, 8.204561949000038 ], [ 79.741672835000031, 8.204581208000036 ], [ 79.741968523000082, 8.204731524000067 ], [ 79.742087665000042, 8.204770795000059 ], [ 79.742202521000081, 8.20481783200006 ], [ 79.742378848000044, 8.20487700700005 ], [ 79.742775890000075, 8.204887692000057 ], [ 79.743170604000056, 8.204771624000045 ], [ 79.743247436000047, 8.204771820000076 ], [ 79.74331458000006, 8.204805481000051 ], [ 79.743331467000075, 8.204874872000062 ], [ 79.743313129000057, 8.204948150000064 ], [ 79.743063088000042, 8.205398886000069 ], [ 79.743046216000039, 8.205432637000058 ], [ 79.743023916000084, 8.205470469000034 ], [ 79.742789808000055, 8.205820018000054 ], [ 79.742717507000066, 8.205950932000064 ], [ 79.74262664500003, 8.206100966000065 ], [ 79.742454279000071, 8.206423581000024 ], [ 79.741995684000074, 8.207293431000039 ], [ 79.741963912000074, 8.207403292000038 ], [ 79.741888121000045, 8.207620993000035 ], [ 79.741861602000085, 8.207699222000031 ], [ 79.741914086000065, 8.207987884000033 ], [ 79.742089516000078, 8.208147843000063 ], [ 79.742439395000076, 8.208466862000023 ], [ 79.742679284000076, 8.208650599000066 ], [ 79.743017986000041, 8.20889562900004 ], [ 79.743224885000075, 8.209079281000072 ], [ 79.743342358000064, 8.209215749000066 ], [ 79.743525849000036, 8.209338301000059 ], [ 79.744245869000054, 8.209753340000077 ], [ 79.744537757000046, 8.209876168000051 ], [ 79.744749503000037, 8.210008181000035 ], [ 79.744909333000066, 8.210168235000026 ], [ 79.745085630000062, 8.210417778000021 ], [ 79.74523789300008, 8.210784851000028 ], [ 79.745244610000043, 8.210819769000068 ], [ 79.745274565000045, 8.211594139000056 ], [ 79.745266982000032, 8.21221453000004 ], [ 79.745267199000068, 8.212271401000066 ], [ 79.745273146000045, 8.212286381000069 ], [ 79.745291635000058, 8.212332944000025 ], [ 79.745344818000035, 8.212412044000075 ], [ 79.745559362000051, 8.212963621000029 ], [ 79.745598932000064, 8.213103320000073 ], [ 79.745612304000076, 8.213161669000044 ], [ 79.745636746000059, 8.213220500000034 ], [ 79.745764015000077, 8.213523933000033 ], [ 79.745977866000032, 8.213786263000031 ], [ 79.746083030000079, 8.213892123000051 ], [ 79.74633667900008, 8.214077171000042 ], [ 79.746545544000071, 8.214200878000042 ], [ 79.746903167000085, 8.214324787000066 ], [ 79.746999089000042, 8.214372875000038 ], [ 79.747133182000084, 8.214516746000072 ], [ 79.747262400000068, 8.214689312000075 ], [ 79.747381953000058, 8.214885774000038 ], [ 79.747443040000064, 8.215090927000062 ], [ 79.747584980000056, 8.215484481000033 ], [ 79.747664670000063, 8.21565776500006 ], [ 79.747669095000049, 8.215731860000062 ], [ 79.747676126000044, 8.215805178000039 ], [ 79.74768576200006, 8.215877719000048 ], [ 79.74769800200005, 8.215949482000042 ], [ 79.747712678000084, 8.216019728000049 ], [ 79.747729097000047, 8.216085668000062 ], [ 79.747746476000032, 8.216142323000042 ], [ 79.747767702000033, 8.216200767000032 ], [ 79.747802702000058, 8.216283306000037 ], [ 79.747846651000032, 8.216373986000065 ], [ 79.747890725000047, 8.21645757400006 ], [ 79.748001267000063, 8.216659692000064 ], [ 79.748069627000064, 8.216792595000072 ], [ 79.748117003000061, 8.216875969000057 ], [ 79.748245881000059, 8.217089034000026 ], [ 79.748280517000069, 8.217152184000042 ], [ 79.74830881400004, 8.21720990700004 ], [ 79.748326352000049, 8.217250471000057 ], [ 79.748341296000035, 8.217289868000023 ], [ 79.748353777000034, 8.217328452000061 ], [ 79.748363870000048, 8.217366450000043 ], [ 79.748381153000082, 8.217457569000032 ], [ 79.748402370000065, 8.217608513000073 ], [ 79.748406014000068, 8.217623245000027 ], [ 79.748414263000029, 8.217656586000032 ], [ 79.748429128000055, 8.217694795000057 ], [ 79.748448721000045, 8.217732398000066 ], [ 79.748473159000071, 8.217769622000048 ], [ 79.748502677000033, 8.217806826000071 ], [ 79.748543368000071, 8.217850184000042 ], [ 79.748592562000056, 8.217895516000056 ], [ 79.748651362000032, 8.217944086000045 ], [ 79.748789191000071, 8.218050426000048 ], [ 79.748848247000069, 8.21809836500006 ], [ 79.748956511000074, 8.218196926000076 ], [ 79.749100380000073, 8.218322079000075 ], [ 79.749156113000083, 8.21837391400004 ], [ 79.74919671400005, 8.218415311000058 ], [ 79.749217610000073, 8.218439846000024 ], [ 79.74924339100005, 8.21847694500002 ], [ 79.749440542000059, 8.218629536000037 ], [ 79.749560730000042, 8.218685691000076 ], [ 79.749633674000052, 8.218689702000063 ], [ 79.749655551000046, 8.218692064000038 ], [ 79.749692806000041, 8.218698683000071 ], [ 79.749720560000071, 8.218705433000025 ], [ 79.749743102000082, 8.218713440000045 ], [ 79.749761631000069, 8.21872309500003 ], [ 79.749777172000051, 8.218734978000043 ], [ 79.749794675000032, 8.21875387800003 ], [ 79.74981226400007, 8.218779092000034 ], [ 79.749837116000037, 8.218822646000035 ], [ 79.749856269000077, 8.218862080000065 ], [ 79.749860632000036, 8.218870681000055 ], [ 79.749883934000081, 8.218911668000032 ], [ 79.749971261000042, 8.219045705000042 ], [ 79.750031953000075, 8.219147697000039 ], [ 79.750070590000064, 8.219204813000033 ], [ 79.750111394000044, 8.219258037000031 ], [ 79.750151164000044, 8.219303259000071 ], [ 79.750194536000038, 8.219344814000067 ], [ 79.750247840000043, 8.21938926200005 ], [ 79.750303698000039, 8.219431944000064 ], [ 79.750392740000052, 8.21949998100007 ], [ 79.750521119000041, 8.219598077000057 ], [ 79.75071523500003, 8.21973824500003 ], [ 79.750842410000075, 8.219825215000071 ], [ 79.751091404000078, 8.219984129000068 ], [ 79.751195447000043, 8.220053865000068 ], [ 79.751243336000073, 8.220090732000074 ], [ 79.751354891000062, 8.220183528000064 ], [ 79.751413264000064, 8.22022578900004 ], [ 79.751440767000076, 8.220242449000068 ], [ 79.751467622000064, 8.220256359000075 ], [ 79.75148992700008, 8.22026616100004 ], [ 79.751598930000057, 8.22031406800005 ], [ 79.751757403000056, 8.220383714000036 ], [ 79.751872544000037, 8.220451394000065 ], [ 79.75202938700005, 8.220552380000072 ], [ 79.752064102000077, 8.220575652000036 ], [ 79.752095611000072, 8.220592555000053 ], [ 79.752134108000064, 8.220606453000073 ], [ 79.752175675000046, 8.220614686000033 ], [ 79.752227699000059, 8.220619648000024 ], [ 79.75231883500004, 8.220624423000061 ], [ 79.752353377000077, 8.220628490000024 ], [ 79.752383378000047, 8.220634390000043 ], [ 79.752415755000072, 8.220644462000052 ], [ 79.752449918000082, 8.220658939000032 ], [ 79.752484930000037, 8.220677129000023 ], [ 79.752521451000064, 8.220699466000042 ], [ 79.752590905000034, 8.220749505000072 ], [ 79.752698578000036, 8.220836634000023 ], [ 79.752779376000035, 8.220897702000059 ], [ 79.752873719000036, 8.220965397000043 ], [ 79.752984883000067, 8.221041472000024 ], [ 79.753260780000062, 8.221225361000052 ], [ 79.753320451000036, 8.221257817000037 ], [ 79.753412505000085, 8.221301176000054 ], [ 79.753444411000032, 8.221319278000067 ], [ 79.753469282000083, 8.221336514000029 ], [ 79.753496249000079, 8.221361631000036 ], [ 79.75350704300007, 8.221375314000056 ], [ 79.753515699000047, 8.221389275000035 ], [ 79.753527898000073, 8.221421475000056 ], [ 79.753538650000053, 8.221469471000034 ], [ 79.753548705000071, 8.221500721000041 ], [ 79.75356411100006, 8.221527685000069 ], [ 79.753588620000073, 8.221557554000071 ], [ 79.753629080000053, 8.221595301000036 ], [ 79.753679624000085, 8.221636802000035 ], [ 79.753709087000061, 8.221658847000072 ], [ 79.753769218000059, 8.221696760000043 ], [ 79.753838918000042, 8.221732566000071 ], [ 79.753973854000037, 8.221792798000024 ], [ 79.754072440000073, 8.22183470300007 ], [ 79.754157090000035, 8.221868194000024 ], [ 79.754227168000057, 8.221891811000035 ], [ 79.754275221000057, 8.221904499000061 ], [ 79.754316706000054, 8.221911901000055 ], [ 79.754370671000061, 8.221917846000053 ], [ 79.754489319000072, 8.22192650900007 ], [ 79.754536134000034, 8.221933028000024 ], [ 79.754572632000077, 8.221940790000076 ], [ 79.754614522000054, 8.221953264000035 ], [ 79.754659876000062, 8.221970131000035 ], [ 79.75478527000007, 8.222025516000031 ], [ 79.754862941000056, 8.222055416000046 ], [ 79.75492980000007, 8.222072894000064 ], [ 79.755030414000032, 8.222091404000025 ], [ 79.755069303000084, 8.222101593000048 ], [ 79.755092087000037, 8.222109102000047 ], [ 79.755131146000053, 8.222127315000023 ], [ 79.755149119000066, 8.222139147000064 ], [ 79.755166397000039, 8.22215292900006 ], [ 79.755386695000084, 8.222291958000028 ], [ 79.755566706000081, 8.222322314000053 ], [ 79.755716763000066, 8.22232867300005 ], [ 79.75583081700006, 8.222328962000063 ], [ 79.756296976000044, 8.222257398000067 ], [ 79.756331868000075, 8.222249799000053 ], [ 79.756361525000045, 8.222245294000061 ], [ 79.756407046000049, 8.222242803000029 ], [ 79.75646598700007, 8.222246158000075 ], [ 79.756509701000084, 8.222252813000068 ], [ 79.756546052000033, 8.222263271000031 ], [ 79.756586323000079, 8.222281136000049 ], [ 79.756626365000045, 8.222305099000039 ], [ 79.756667619000041, 8.222335915000031 ], [ 79.756708739000032, 8.22237274400004 ], [ 79.756726473000072, 8.222392620000051 ], [ 79.756744410000067, 8.222417128000075 ], [ 79.756764616000055, 8.222449899000026 ], [ 79.756796079000082, 8.222505816000023 ], [ 79.75682077600004, 8.222543307000024 ], [ 79.756842282000036, 8.222570717000053 ], [ 79.756884973000069, 8.222619298000041 ], [ 79.756928434000031, 8.222690560000046 ], [ 79.756940258000043, 8.222762355000043 ], [ 79.756866621000029, 8.222842349000075 ], [ 79.756798289000074, 8.222841745000039 ], [ 79.75676801600008, 8.222838290000027 ], [ 79.756736898000042, 8.222832831000062 ], [ 79.756705429000078, 8.222825467000064 ], [ 79.756681668000056, 8.222817677000023 ], [ 79.756650697000055, 8.222804733000032 ], [ 79.756623472000058, 8.222790360000033 ], [ 79.756592304000037, 8.222767849000036 ], [ 79.756478309000045, 8.222653541000057 ], [ 79.756370591000064, 8.222521700000073 ], [ 79.756175647000077, 8.222439747000067 ], [ 79.755983987000036, 8.222460306000073 ], [ 79.755929320000064, 8.222473573000059 ], [ 79.755834390000075, 8.222491210000044 ], [ 79.755734074000031, 8.222519048000038 ], [ 79.755697033000047, 8.222524945000032 ], [ 79.755494199000054, 8.222507525000026 ], [ 79.755370927000058, 8.222429964000071 ], [ 79.755347279000034, 8.222417017000055 ], [ 79.755319020000059, 8.222398278000071 ], [ 79.755246238000041, 8.222342355000023 ], [ 79.755169948000059, 8.222288399000035 ], [ 79.755121245000055, 8.222260208000023 ], [ 79.755081716000063, 8.222244007000029 ], [ 79.755053126000064, 8.222234598000057 ], [ 79.755027924000046, 8.222228108000024 ], [ 79.755001551000078, 8.222223713000062 ], [ 79.754979432000084, 8.222222423000062 ], [ 79.754950493000081, 8.222224124000036 ], [ 79.75492401300005, 8.222228743000073 ], [ 79.754904306000071, 8.222234365000077 ], [ 79.754895980000072, 8.222239228000035 ], [ 79.754891073000067, 8.222243900000024 ], [ 79.754886978000059, 8.222252730000037 ], [ 79.754884942000047, 8.222263768000062 ], [ 79.754885456000068, 8.222284592000051 ], [ 79.754888262000065, 8.222303870000076 ], [ 79.754897672000084, 8.22233673900007 ], [ 79.754905528000052, 8.222351047000075 ], [ 79.754915217000075, 8.222363778000044 ], [ 79.75492728100005, 8.222376547000067 ], [ 79.754948195000054, 8.222394765000047 ], [ 79.755005064000045, 8.222436551000044 ], [ 79.755353330000048, 8.222776344000067 ], [ 79.75538156600004, 8.222803617000068 ], [ 79.755417507000061, 8.222841128000027 ], [ 79.755504930000029, 8.223037423000051 ], [ 79.755618189000074, 8.22335442800005 ], [ 79.755771626000069, 8.223690390000058 ], [ 79.755875784000068, 8.224119522000024 ], [ 79.755896309000036, 8.224180549000039 ], [ 79.755913837000037, 8.22421767700007 ], [ 79.755937047000032, 8.224250103000031 ], [ 79.755968688000053, 8.224284375000025 ], [ 79.756035953000037, 8.224349794000034 ], [ 79.756062151000037, 8.224380077000035 ], [ 79.756081711000036, 8.22441105200005 ], [ 79.756088968000086, 8.22442813300006 ], [ 79.756093329000066, 8.224443867000048 ], [ 79.756096888000059, 8.224473025000066 ], [ 79.756096315000036, 8.22450673700007 ], [ 79.756092784000032, 8.224525123000035 ], [ 79.756085590000055, 8.224538444000075 ], [ 79.756071991000056, 8.224550314000055 ], [ 79.756053408000071, 8.224559731000056 ], [ 79.755997003000061, 8.224577845000056 ], [ 79.755959828000073, 8.22459406300004 ], [ 79.755926798000075, 8.224614365000036 ], [ 79.755890383000065, 8.22464209900005 ], [ 79.755878127000074, 8.224654574000056 ], [ 79.755868332000034, 8.224667330000045 ], [ 79.755856799000071, 8.224686271000053 ], [ 79.755848120000053, 8.224704472000042 ], [ 79.755843177000031, 8.224719098000037 ], [ 79.755841287000067, 8.224730607000026 ], [ 79.755841536000048, 8.224742696000021 ], [ 79.755844196000055, 8.224755524000045 ], [ 79.755850259000056, 8.224770697000054 ], [ 79.755860012000085, 8.224787086000049 ], [ 79.755872322000073, 8.224803098000052 ], [ 79.75589048900008, 8.224822578000044 ], [ 79.755932725000036, 8.224860761000059 ], [ 79.755972388000032, 8.22489425200007 ], [ 79.756018204000043, 8.224930380000046 ], [ 79.75605716900003, 8.224958594000043 ], [ 79.756069912000044, 8.224971925000034 ], [ 79.756080782000083, 8.224988305000068 ], [ 79.756094506000068, 8.225020090000044 ], [ 79.756113863000053, 8.225086321000049 ], [ 79.756123294000076, 8.22511246800002 ], [ 79.75618262200004, 8.225225522000073 ], [ 79.756208636000054, 8.225284486000021 ], [ 79.756224911000061, 8.225327012000037 ], [ 79.756236713000078, 8.22536758900003 ], [ 79.756246437000073, 8.225418962000049 ], [ 79.756251207000048, 8.225456761000032 ], [ 79.756251528000064, 8.225487652000027 ], [ 79.756247187000042, 8.225515417000054 ], [ 79.756234924000069, 8.225550853000072 ], [ 79.75622293300006, 8.225572335000038 ], [ 79.756216082000037, 8.22557998000002 ], [ 79.756200832000047, 8.22559467800005 ], [ 79.756188789000078, 8.225609 ], [ 79.756159934000038, 8.225625674000071 ], [ 79.756144317000064, 8.225629222000066 ], [ 79.756082580000054, 8.225629899000069 ], [ 79.756069217000061, 8.225630588000058 ], [ 79.756036284000061, 8.225627907000046 ], [ 79.755956539000067, 8.225630150000029 ], [ 79.755887531000042, 8.22563959200005 ], [ 79.755855544000042, 8.225647819000073 ], [ 79.755840262000049, 8.225655242000073 ], [ 79.755828775000055, 8.22566435300007 ], [ 79.755819298000063, 8.225675602000024 ], [ 79.755793703000052, 8.225711892000049 ], [ 79.755759560000058, 8.225744361000068 ], [ 79.755730955000047, 8.225765133000039 ], [ 79.755717459000039, 8.225772019000033 ], [ 79.755704200000082, 8.225776738000036 ], [ 79.755679992000069, 8.225780988000054 ], [ 79.755645234000042, 8.225782944000059 ], [ 79.755571519000057, 8.225776525000072 ], [ 79.755488301000071, 8.225772593000045 ], [ 79.755409879000069, 8.225770406000038 ], [ 79.755342850000034, 8.225770774000068 ], [ 79.755197925000061, 8.22577818600007 ], [ 79.755175706000045, 8.225782596000045 ], [ 79.755158079000068, 8.225790803000052 ], [ 79.755145639000034, 8.2258 ], [ 79.75513279900008, 8.225812272000042 ], [ 79.75510120000007, 8.225850905000073 ], [ 79.754815936000057, 8.226191284000038 ], [ 79.754796957000053, 8.22621282800003 ], [ 79.754780913000047, 8.226225667000051 ], [ 79.754762618000029, 8.226234569000042 ], [ 79.754703661000065, 8.226314045000038 ], [ 79.754640174000031, 8.226388487000065 ], [ 79.754604933000053, 8.226425652000046 ], [ 79.754568436000056, 8.226461422000057 ], [ 79.754537676000041, 8.226489405000052 ], [ 79.754506215000049, 8.226515042000074 ], [ 79.75450434000004, 8.226516839000055 ], [ 79.754438600000071, 8.226563050000038 ], [ 79.754296077000049, 8.226653162000048 ], [ 79.754237081000042, 8.226693121000039 ], [ 79.754079159000071, 8.226811389000034 ], [ 79.75401131600006, 8.22686985100006 ], [ 79.753981970000041, 8.226891730000034 ], [ 79.753964409000048, 8.226902033000044 ], [ 79.753947832000051, 8.226909497000065 ], [ 79.753874052000072, 8.226933454000061 ], [ 79.753830157000039, 8.226955419000035 ], [ 79.753795683000078, 8.22697037100005 ], [ 79.753769362000071, 8.226978123000038 ], [ 79.753750120000063, 8.226980613000023 ], [ 79.753731728000048, 8.226980189000074 ], [ 79.753712355000062, 8.226977385000055 ], [ 79.753682767000043, 8.226970480000034 ], [ 79.753595859000029, 8.226943593000044 ], [ 79.753472517000034, 8.226897998000027 ], [ 79.753356878000034, 8.226850969000054 ], [ 79.75324875900003, 8.22680278100006 ], [ 79.753203274000043, 8.226779073000046 ], [ 79.75315893700008, 8.226753903000031 ], [ 79.753122279000081, 8.226731420000021 ], [ 79.753086740000072, 8.226707115000067 ], [ 79.753033462000076, 8.226663415000075 ], [ 79.752984882000078, 8.226614763000043 ], [ 79.752948452000055, 8.226570047000052 ], [ 79.752915377000079, 8.226517854000065 ], [ 79.752884902000062, 8.226476267000066 ], [ 79.752857858000084, 8.226446117000023 ], [ 79.752800590000049, 8.226388439000061 ], [ 79.752752039000029, 8.22634427600002 ], [ 79.752709570000036, 8.226312691000032 ], [ 79.752693180000051, 8.226303814000062 ], [ 79.752682022000045, 8.226300742000035 ], [ 79.752673482000034, 8.226302186000055 ], [ 79.75266866700008, 8.226308589000041 ], [ 79.752667756000051, 8.226320969000028 ], [ 79.752670832000035, 8.226343417000066 ], [ 79.752684943000077, 8.226399398000069 ], [ 79.752693002000058, 8.226442692000035 ], [ 79.752694574000031, 8.226479191000067 ], [ 79.752693456000031, 8.226521663000028 ], [ 79.752696345000061, 8.22655799100005 ], [ 79.752700587000049, 8.226574289000041 ], [ 79.752707439000062, 8.226589327000056 ], [ 79.752717502000053, 8.226603277000038 ], [ 79.752730017000033, 8.226616039000021 ], [ 79.752758564000032, 8.226637822000043 ], [ 79.75281566600006, 8.226673696000034 ], [ 79.752861636000034, 8.226706009000054 ], [ 79.752915439000049, 8.226747682000052 ], [ 79.753078261000041, 8.226879893000046 ], [ 79.753131409000048, 8.226918456000021 ], [ 79.753180032000046, 8.226949312000045 ], [ 79.753213155000083, 8.226967392000063 ], [ 79.753245421000031, 8.226982445000033 ], [ 79.753277109000067, 8.226994598000033 ], [ 79.753308400000037, 8.227003921000062 ], [ 79.753335870000058, 8.227009847000033 ], [ 79.753363223000065, 8.22701360800005 ], [ 79.753392915000063, 8.227015253000047 ], [ 79.753425726000046, 8.227014394000037 ], [ 79.753448854000055, 8.22701771800007 ], [ 79.753460551000046, 8.22702392900004 ], [ 79.753470659000072, 8.227032784000073 ], [ 79.753480842000045, 8.227045129000032 ], [ 79.753488683000057, 8.227058953000039 ], [ 79.75349308300008, 8.22707772800004 ], [ 79.753490743000043, 8.227095342000041 ], [ 79.753481752000084, 8.227119181000035 ], [ 79.75346756600004, 8.227138219000039 ], [ 79.753438866000067, 8.227166213000032 ], [ 79.753411269000082, 8.227189269000064 ], [ 79.753381651000041, 8.227209246000029 ], [ 79.753346559000079, 8.227229367000064 ], [ 79.753318032000038, 8.227250509000044 ], [ 79.753306651000059, 8.227262612000061 ], [ 79.75329761200004, 8.227276380000035 ], [ 79.753286526000068, 8.227309262000063 ], [ 79.753279135000071, 8.227324019000037 ], [ 79.75327277100007, 8.227333115000022 ], [ 79.753264793000085, 8.227340464000065 ], [ 79.753252005000036, 8.227349205000053 ], [ 79.753225873000076, 8.22736224700003 ], [ 79.75320522100003, 8.227375724000069 ], [ 79.753197847000081, 8.227383644000042 ], [ 79.753187019000052, 8.22739527400006 ], [ 79.753171015000078, 8.227418248000049 ], [ 79.753157699000042, 8.227443338000057 ], [ 79.753149926000049, 8.227464102000056 ], [ 79.753146331000039, 8.227484133000075 ], [ 79.753146807000064, 8.227506293000033 ], [ 79.753150799000082, 8.227523871000074 ], [ 79.753157207000072, 8.227535942000031 ], [ 79.753168043000073, 8.227545497000051 ], [ 79.753185448000067, 8.227553510000064 ], [ 79.753229447000081, 8.227565609000067 ], [ 79.753262477000078, 8.227571819000048 ], [ 79.753300650000085, 8.227574504000074 ], [ 79.753347253000072, 8.227573865000068 ], [ 79.753423028000043, 8.22756890900007 ], [ 79.753523407000046, 8.227558404000035 ], [ 79.753604503000076, 8.227552263000064 ], [ 79.753671780000047, 8.227549846000045 ], [ 79.753772164000054, 8.227550502000042 ], [ 79.753806908000058, 8.227548648000038 ], [ 79.753824373000043, 8.227546209000025 ], [ 79.753837354000041, 8.227542749000065 ], [ 79.753851421000036, 8.227536454000074 ], [ 79.753864256000043, 8.227528233000044 ], [ 79.75387041700003, 8.227522638000039 ], [ 79.753874686000074, 8.227515843000049 ], [ 79.753876880000064, 8.22750693200004 ], [ 79.753877353000064, 8.227495980000072 ], [ 79.753875892000053, 8.227460978000067 ], [ 79.753876871000045, 8.227392914000063 ], [ 79.753868332000081, 8.227308976000074 ], [ 79.75386714800004, 8.227275666000025 ], [ 79.753867956000079, 8.227245992000064 ], [ 79.753870863000031, 8.227218709000056 ], [ 79.753875712000081, 8.22719134700003 ], [ 79.753881848000049, 8.227166408000073 ], [ 79.753889971000035, 8.227142604000051 ], [ 79.753901929000051, 8.227117857000053 ], [ 79.753916525000079, 8.227094667000074 ], [ 79.753945977000058, 8.227055046000032 ], [ 79.75397960600003, 8.227014892000057 ], [ 79.754018691000056, 8.226971443000025 ], [ 79.754054231000055, 8.226935295000033 ], [ 79.754092317000072, 8.226900215000057 ], [ 79.754132272000049, 8.226866890000053 ], [ 79.754159068000035, 8.226837653000075 ], [ 79.754583037000032, 8.226598395000053 ], [ 79.754915870000048, 8.226457577000076 ], [ 79.754918776000068, 8.226455132000069 ], [ 79.75494543800005, 8.226432699000043 ], [ 79.755126993000033, 8.22629812100007 ], [ 79.755297315000064, 8.226173680000045 ], [ 79.755404143000078, 8.22608926700002 ], [ 79.75558600800008, 8.225957679000032 ], [ 79.755694133000077, 8.225929246000021 ], [ 79.756074399000056, 8.225867017000041 ], [ 79.756276442000058, 8.225774495000053 ], [ 79.756311259000086, 8.225768784000024 ], [ 79.756351626000082, 8.225760090000051 ], [ 79.756399055000031, 8.22574707800004 ], [ 79.756442871000047, 8.225731726000049 ], [ 79.75652757000006, 8.225695651000024 ], [ 79.756556536000062, 8.225679502000048 ], [ 79.756567362000055, 8.225670253000033 ], [ 79.756574723000085, 8.225660529000038 ], [ 79.75657908900007, 8.225649538000027 ], [ 79.756580986000074, 8.225636332000022 ], [ 79.756580367000083, 8.225620328000048 ], [ 79.756577124000046, 8.225601750000067 ], [ 79.756562340000073, 8.225554853000062 ], [ 79.756548028000054, 8.22551887700007 ], [ 79.756533914000045, 8.225495027000022 ], [ 79.756514034000077, 8.225470295000036 ], [ 79.756455114000062, 8.225406447000069 ], [ 79.756440259000044, 8.225386026000024 ], [ 79.756429276000063, 8.225365956000076 ], [ 79.756410711000058, 8.225318489000074 ], [ 79.756379194000033, 8.225213005000057 ], [ 79.756366504000084, 8.225183967000021 ], [ 79.75633149500004, 8.225112160000037 ], [ 79.756318316000034, 8.225080016000049 ], [ 79.75631125700005, 8.225051101000076 ], [ 79.756311058000051, 8.225039729000059 ], [ 79.756313068000054, 8.225030243000049 ], [ 79.756319579000035, 8.225020043000029 ], [ 79.756330465000076, 8.225013284000056 ], [ 79.756372954000085, 8.225005561000046 ], [ 79.75639701800003, 8.224998627000048 ], [ 79.756428257000039, 8.224985840000045 ], [ 79.756486598000038, 8.224956172000077 ], [ 79.756524866000063, 8.22493965700005 ], [ 79.756559154000058, 8.224928654000053 ], [ 79.756613422000044, 8.224915525000029 ], [ 79.756667029000084, 8.224907015000042 ], [ 79.756718658000068, 8.224905183000033 ], [ 79.75677554400005, 8.224909995000075 ], [ 79.756832239000062, 8.22492141400005 ], [ 79.757090804000029, 8.224805634000063 ], [ 79.757513058000029, 8.224616556000058 ], [ 79.757713784000032, 8.224510846000044 ], [ 79.757948850000048, 8.224387049000029 ], [ 79.757982860000084, 8.22430214600007 ], [ 79.758039279000059, 8.224212718000047 ], [ 79.758103004000077, 8.224163999000041 ], [ 79.758170647000043, 8.224112284000057 ], [ 79.758376927000029, 8.22401577100004 ], [ 79.758575650000068, 8.223945362000052 ], [ 79.758691958000043, 8.223874747000025 ], [ 79.759013345000085, 8.223599617000048 ], [ 79.759818420000045, 8.223154969000063 ], [ 79.760185862000071, 8.222952028000066 ], [ 79.760905488000049, 8.222292217000074 ], [ 79.761088631000064, 8.22212429700005 ], [ 79.761530831000073, 8.221473328000059 ], [ 79.76166857100003, 8.221325415000024 ], [ 79.761688821000064, 8.221298338000054 ], [ 79.761848370000052, 8.221084984000072 ], [ 79.761950067000043, 8.220915562000073 ], [ 79.762064958000053, 8.220750486000043 ], [ 79.762190512000075, 8.220405670000048 ], [ 79.76220341800007, 8.220340824000061 ], [ 79.762226185000031, 8.220226424000032 ], [ 79.762226717000033, 8.220015902000057 ], [ 79.762227378000034, 8.219754697000042 ], [ 79.762223860000063, 8.219598744000052 ], [ 79.762200062000034, 8.219382288000077 ], [ 79.762149270000066, 8.219097049000027 ], [ 79.762112181000077, 8.218885021000062 ], [ 79.762018846000046, 8.218654770000057 ], [ 79.761940877000029, 8.218537617000038 ], [ 79.761894176000055, 8.218436137000026 ], [ 79.761859203000085, 8.218338583000047 ], [ 79.761843925000051, 8.218190398000047 ], [ 79.761832669000057, 8.217999339000073 ], [ 79.761864596000066, 8.217753807000065 ], [ 79.761896395000065, 8.217558957000051 ], [ 79.76197535700004, 8.217282355000066 ], [ 79.762026544000037, 8.217157729000064 ], [ 79.762077721000082, 8.217037 ], [ 79.762121337000053, 8.216978204000043 ], [ 79.762168516000031, 8.216922308000051 ], [ 79.762212637000061, 8.216875936000065 ], [ 79.762258662000079, 8.216835239000034 ], [ 79.762303584000051, 8.21680245500005 ], [ 79.762402716000054, 8.216738546000045 ], [ 79.762489619000064, 8.216686732000028 ], [ 79.762583853000081, 8.216634224000074 ], [ 79.762751266000066, 8.216547726000044 ], [ 79.763010659000031, 8.21642190700004 ], [ 79.763211832000081, 8.216315432000044 ], [ 79.763257724000084, 8.21629329700005 ], [ 79.763299663000055, 8.216274985000041 ], [ 79.763369675000035, 8.216249765000043 ], [ 79.763402800000051, 8.216240625000069 ], [ 79.763435017000063, 8.216233698000053 ], [ 79.763469022000038, 8.216228591000061 ], [ 79.763507219000076, 8.21622485100005 ], [ 79.763585886000044, 8.216222511000069 ], [ 79.763630283000055, 8.216224020000027 ], [ 79.763675633000048, 8.216227480000043 ], [ 79.763721694000083, 8.216232867000031 ], [ 79.763768175000052, 8.216240151000022 ], [ 79.763815835000059, 8.216249514000026 ], [ 79.763863222000055, 8.21626073300007 ], [ 79.763914085000067, 8.216274965000025 ], [ 79.763947690000066, 8.21628632200003 ], [ 79.76399512200004, 8.216307613000026 ], [ 79.76404612400006, 8.216336528000056 ], [ 79.764094664000083, 8.216368331000069 ], [ 79.764216188000034, 8.216453099000034 ], [ 79.764283954000064, 8.216494230000023 ], [ 79.764318896000077, 8.216511636000064 ], [ 79.764352595000048, 8.216525422000075 ], [ 79.764390452000043, 8.216537477000031 ], [ 79.764432449000083, 8.216548052000064 ], [ 79.764510578000056, 8.216562372000055 ], [ 79.764675241000077, 8.216583999000022 ], [ 79.764745385000083, 8.216595473000041 ], [ 79.764905244000033, 8.216627359000029 ], [ 79.765113267000061, 8.216671574000031 ], [ 79.765436587000067, 8.216747103000046 ], [ 79.765564274000042, 8.216774633000057 ], [ 79.765688560000058, 8.216797033000034 ], [ 79.765975359000038, 8.216842203000056 ], [ 79.766111349000084, 8.216868264000027 ], [ 79.766276559000062, 8.216906987000073 ], [ 79.766636061000042, 8.217000020000057 ], [ 79.766813545000048, 8.217041388000041 ], [ 79.767040984000062, 8.217104324000047 ], [ 79.767096348000052, 8.217117790000032 ], [ 79.767146049000075, 8.217127852000033 ], [ 79.76719197500006, 8.217134919000046 ], [ 79.767235398000082, 8.217139210000028 ], [ 79.767276945000049, 8.217140784000037 ], [ 79.767316963000042, 8.21713965500004 ], [ 79.767368065000085, 8.21713472700003 ], [ 79.767424875000074, 8.21712655400006 ], [ 79.76748002800008, 8.217116110000063 ], [ 79.767534499000078, 8.217103337000026 ], [ 79.767675878000034, 8.217158655000048 ], [ 79.767764146000047, 8.217196348000073 ], [ 79.767832242000054, 8.217230246000042 ], [ 79.767904288000068, 8.217272861000026 ], [ 79.767956256000048, 8.217299444000048 ], [ 79.767981069000029, 8.21730894600006 ], [ 79.76800331000004, 8.217315515000053 ], [ 79.768055533000052, 8.217323618000023 ], [ 79.768134948000068, 8.217327299000033 ], [ 79.768208075000075, 8.217327705000059 ], [ 79.768276634000074, 8.217324888000064 ], [ 79.768347807000055, 8.217318266000063 ], [ 79.768465883000033, 8.217302004000032 ], [ 79.768587904000071, 8.217282336000039 ], [ 79.768697100000054, 8.217262792000042 ], [ 79.768793879000043, 8.217241616000024 ], [ 79.768843287000038, 8.217233261000047 ], [ 79.768865050000045, 8.217232686000045 ], [ 79.768885992000037, 8.217235287000051 ], [ 79.768907718000037, 8.217241210000054 ], [ 79.768928841000047, 8.217249898000034 ], [ 79.768954183000062, 8.217263951000064 ], [ 79.768978337000078, 8.217280896000034 ], [ 79.769003463000047, 8.217302065000069 ], [ 79.769027020000067, 8.217325131000052 ], [ 79.769052664000071, 8.217353735000074 ], [ 79.769076426000083, 8.217383559000041 ], [ 79.769100189000085, 8.217416549000063 ], [ 79.769124194000085, 8.217453147000072 ], [ 79.76913974200005, 8.217480099000056 ], [ 79.769151304000047, 8.21750583100004 ], [ 79.769157806000067, 8.217527340000061 ], [ 79.769163473000049, 8.217559205000043 ], [ 79.769171811000035, 8.217589864000047 ], [ 79.769183955000074, 8.217623152000044 ], [ 79.76919902700007, 8.217656887000032 ], [ 79.769226709000066, 8.217709941000066 ], [ 79.769253176000063, 8.217756530000031 ], [ 79.769303026000046, 8.217826911000031 ], [ 79.769331077000061, 8.217871093000042 ], [ 79.769354010000029, 8.217920646000039 ], [ 79.769372185000066, 8.217972917000054 ], [ 79.76938702800004, 8.218032231000052 ], [ 79.769396846000063, 8.218092831000035 ], [ 79.769401995000067, 8.218155745000047 ], [ 79.769402305000085, 8.218219200000021 ], [ 79.769400251000036, 8.218256767000071 ], [ 79.769395016000033, 8.218292852000047 ], [ 79.769386710000049, 8.218331888000023 ], [ 79.769370251000055, 8.218395176000058 ], [ 79.769358684000053, 8.218459885000073 ], [ 79.769352458000071, 8.218539201000056 ], [ 79.769350940000038, 8.21861614200003 ], [ 79.769353432000059, 8.218678608000062 ], [ 79.769359374000032, 8.218739921000065 ], [ 79.769369632000064, 8.218802071000027 ], [ 79.769383813000047, 8.218866311000056 ], [ 79.769399578000048, 8.218926102000069 ], [ 79.769420059000083, 8.218994778000024 ], [ 79.769469560000061, 8.219144539000069 ], [ 79.769550399000082, 8.219366152000021 ], [ 79.769623065000076, 8.219554239000047 ], [ 79.76967568300006, 8.219681988000048 ], [ 79.76972558500006, 8.219793949000064 ], [ 79.769781890000047, 8.219913638000037 ], [ 79.769876616000033, 8.220108331000063 ], [ 79.76995845700003, 8.220285498000067 ], [ 79.769989400000043, 8.220360291000077 ], [ 79.770016952000049, 8.220426891000045 ], [ 79.770041137000078, 8.220492763000038 ], [ 79.770063257000061, 8.220558880000056 ], [ 79.770090308000078, 8.220651211000074 ], [ 79.770115369000052, 8.220749845000057 ], [ 79.770138971000051, 8.220855967000034 ], [ 79.770161610000059, 8.220971578000047 ], [ 79.770187730000032, 8.221118186000069 ], [ 79.770217888000047, 8.221304245000056 ], [ 79.770245449000072, 8.221485600000051 ], [ 79.770270725000046, 8.221665221000023 ], [ 79.770287784000061, 8.221805457000073 ], [ 79.77029619800004, 8.221874623000076 ], [ 79.770317930000033, 8.222084185000028 ], [ 79.770347982000033, 8.222434106000037 ], [ 79.770359717000076, 8.222596551000038 ], [ 79.770364747000031, 8.22269598500003 ], [ 79.770367221000072, 8.222788198000046 ], [ 79.770363111000052, 8.22292776300003 ], [ 79.770361750000063, 8.223071502000039 ], [ 79.770362003000059, 8.22325108800004 ], [ 79.770364341000061, 8.22343111400005 ], [ 79.77037296900005, 8.223736932000065 ], [ 79.770381886000052, 8.223935413000049 ], [ 79.770387012000072, 8.224049625000021 ], [ 79.770406378000075, 8.224378215000058 ], [ 79.770430593000071, 8.224723427000072 ], [ 79.770437675000039, 8.224814135000031 ], [ 79.770462852000037, 8.225136619000068 ], [ 79.770519666000041, 8.225830604000066 ], [ 79.770560118000049, 8.226379033000057 ], [ 79.770578926000042, 8.226683914000034 ], [ 79.770427537000046, 8.228060418000041 ], [ 79.770409414000085, 8.228136265000046 ], [ 79.770377687000064, 8.228222126000048 ], [ 79.770369060000064, 8.228250562000028 ], [ 79.770363642000063, 8.228276980000032 ], [ 79.770360535000066, 8.228305454000065 ], [ 79.77035929300007, 8.22833726600004 ], [ 79.770360534000076, 8.228447182000025 ], [ 79.770355694000045, 8.228498526000067 ], [ 79.770350024000038, 8.228522775000044 ], [ 79.770341869000049, 8.228546906000076 ], [ 79.77031773200008, 8.228598392000038 ], [ 79.770270940000046, 8.22868267900003 ], [ 79.770210916000053, 8.228777195000021 ], [ 79.770167036000032, 8.228850958000066 ], [ 79.770093345000078, 8.22898295300007 ], [ 79.770045667000034, 8.229068351000024 ], [ 79.770001616000059, 8.229142221000075 ], [ 79.769966501000056, 8.229196433000027 ], [ 79.769940830000053, 8.229231251000044 ], [ 79.769911769000032, 8.229265824000038 ], [ 79.769836526000063, 8.229341505000036 ], [ 79.769770334000043, 8.229416523000054 ], [ 79.769694693000076, 8.229510020000021 ], [ 79.769638489000045, 8.22957586800004 ], [ 79.769618476000062, 8.229601693000063 ], [ 79.769602569000085, 8.229625867000038 ], [ 79.769554217000064, 8.229724894000071 ], [ 79.76876223000005, 8.231012058000033 ], [ 79.768743759000074, 8.23104229300003 ], [ 79.768729676000078, 8.231084170000031 ], [ 79.768711591000056, 8.231117862000076 ], [ 79.768687299000078, 8.231149448000053 ], [ 79.768643130000044, 8.231198668000047 ], [ 79.768621923000069, 8.231226593000031 ], [ 79.768609032000029, 8.231246641000041 ], [ 79.768590976000041, 8.231286321000027 ], [ 79.768575535000082, 8.231340889000023 ], [ 79.768564117000039, 8.231364555000027 ], [ 79.768549101000076, 8.231389241000045 ], [ 79.768503052000085, 8.231451930000048 ], [ 79.768439962000059, 8.231530877000068 ], [ 79.768401470000072, 8.231581848000076 ], [ 79.768359430000032, 8.231644783000036 ], [ 79.768293081000081, 8.231755765000059 ], [ 79.76826814900005, 8.231789324000033 ], [ 79.768235939000078, 8.231826281000053 ], [ 79.768215503000079, 8.231855260000032 ], [ 79.768206487000043, 8.231873688000064 ], [ 79.768200095000054, 8.231893802000059 ], [ 79.768196008000075, 8.231913647000056 ], [ 79.768192913000064, 8.231939935000071 ], [ 79.768189512000049, 8.232001715000024 ], [ 79.768190187000073, 8.232083327000055 ], [ 79.768188922000036, 8.232148837000068 ], [ 79.76818442900003, 8.232205466000039 ], [ 79.768180919000031, 8.232220315000063 ], [ 79.768173731000047, 8.232231784000021 ], [ 79.768161803000055, 8.232235659000025 ], [ 79.768144108000058, 8.232231741000021 ], [ 79.76812089200007, 8.232222537000041 ], [ 79.768101601000069, 8.232217392000052 ], [ 79.768084178000038, 8.232218949000071 ], [ 79.768068636000066, 8.232226487000048 ], [ 79.768043746000046, 8.232247329000074 ], [ 79.768005511000069, 8.232288686000061 ], [ 79.767979892000085, 8.232322888000056 ], [ 79.767957498000044, 8.232361042000036 ], [ 79.767925717000082, 8.232431786000063 ], [ 79.767897232000053, 8.232504637000034 ], [ 79.767856079000069, 8.232601159000069 ], [ 79.767815308000081, 8.232707035000033 ], [ 79.767781340000056, 8.232789105000052 ], [ 79.767738666000071, 8.232875085000046 ], [ 79.767681079000056, 8.232979231000058 ], [ 79.767644076000067, 8.233056073000057 ], [ 79.767629362000037, 8.233093938000025 ], [ 79.767616667000084, 8.23313274800006 ], [ 79.767592677000039, 8.233236808000072 ], [ 79.767579596000076, 8.233280297000022 ], [ 79.767565005000051, 8.233320678000041 ], [ 79.767547006000029, 8.233362744000033 ], [ 79.767524346000073, 8.233410337000066 ], [ 79.767460277000055, 8.233530786000074 ], [ 79.767419182000083, 8.233615842000063 ], [ 79.767386743000031, 8.233694871000068 ], [ 79.767350454000052, 8.233799322000039 ], [ 79.767294215000049, 8.233975928000064 ], [ 79.767238192000036, 8.23416906500006 ], [ 79.767205818000036, 8.234290380000061 ], [ 79.767178002000037, 8.234413264000068 ], [ 79.767155464000041, 8.234545429000036 ], [ 79.767138331000069, 8.234684869000034 ], [ 79.767126461000032, 8.234821108000062 ], [ 79.767120679000072, 8.234954841000047 ], [ 79.767121295000038, 8.235054505000051 ], [ 79.767125480000061, 8.235145095000064 ], [ 79.76713380700005, 8.235219099000062 ], [ 79.767148336000048, 8.235289661000024 ], [ 79.767170630000066, 8.235359931000062 ], [ 79.767197705000058, 8.235428204000073 ], [ 79.767224748000046, 8.23548521400005 ], [ 79.767262035000044, 8.235554905000072 ], [ 79.767288046000033, 8.235608697000032 ], [ 79.76729987300007, 8.235643268000047 ], [ 79.767311375000077, 8.235690465000062 ], [ 79.767322099000069, 8.235721523000052 ], [ 79.767330066000056, 8.235737286000074 ], [ 79.767339479000043, 8.235750472000063 ], [ 79.767351597000072, 8.235762691000048 ], [ 79.767367020000052, 8.235774798000023 ], [ 79.767388500000038, 8.235789056000044 ], [ 79.76741077500003, 8.235801539000022 ], [ 79.767432037000049, 8.235810917000038 ], [ 79.767454118000046, 8.235818077000033 ], [ 79.767483033000076, 8.235824489000038 ], [ 79.767516354000065, 8.235829222000064 ], [ 79.767628892000062, 8.23583936600005 ], [ 79.767754861000071, 8.23586182400004 ], [ 79.767911574000038, 8.235895962000029 ], [ 79.768042567000066, 8.235933536000061 ], [ 79.768098870000074, 8.235946050000052 ], [ 79.768162865000079, 8.235952811000061 ], [ 79.768229484000074, 8.235951874000023 ], [ 79.768259410000041, 8.235953126000027 ], [ 79.76827552900005, 8.235955261000072 ], [ 79.768292882000082, 8.235959967000042 ], [ 79.76830637300003, 8.235968771000046 ], [ 79.768312775000084, 8.235981539000022 ], [ 79.76831255500008, 8.235997381000061 ], [ 79.768302773000073, 8.236034628000027 ], [ 79.768296796000072, 8.236048253000035 ], [ 79.768289371000037, 8.236058630000059 ], [ 79.768280022000056, 8.236066226000048 ], [ 79.768268635000084, 8.236071237000033 ], [ 79.768255010000075, 8.236073703000045 ], [ 79.76824029800008, 8.236073691000058 ], [ 79.768208887000071, 8.236068213000067 ], [ 79.768175825000071, 8.236057782000046 ], [ 79.768125010000063, 8.236037719000024 ], [ 79.768044309000061, 8.236003303000075 ], [ 79.768007950000083, 8.23599011500005 ], [ 79.767972778000058, 8.235980295000047 ], [ 79.767902025000069, 8.235969304000037 ], [ 79.767838656000038, 8.235963318000074 ], [ 79.767806132000032, 8.235962531000041 ], [ 79.767771749000076, 8.23596636700006 ], [ 79.767745717000082, 8.23597542400006 ], [ 79.767722885000069, 8.235991359000025 ], [ 79.767701284000054, 8.23601431700007 ], [ 79.767674660000068, 8.236048836000066 ], [ 79.76765167700006, 8.236074442000074 ], [ 79.767622060000065, 8.236097738000069 ], [ 79.767584732000046, 8.236120315000051 ], [ 79.76755800400008, 8.236139125000022 ], [ 79.767537137000033, 8.236159870000051 ], [ 79.767520122000064, 8.236184550000075 ], [ 79.767510369000036, 8.236203093000029 ], [ 79.76749587200004, 8.236236146000067 ], [ 79.767460203000041, 8.236335148000023 ], [ 79.767412749000073, 8.236442415000056 ], [ 79.767369980000069, 8.236545557000056 ], [ 79.767295220000051, 8.236749521000036 ], [ 79.767240900000047, 8.236869121000041 ], [ 79.767218462000073, 8.236922134000054 ], [ 79.767195844000071, 8.23698799500005 ], [ 79.767179656000053, 8.237057334000042 ], [ 79.76716997300008, 8.237115008000046 ], [ 79.767163925000034, 8.237172580000049 ], [ 79.767161858000065, 8.237224677000029 ], [ 79.767163723000067, 8.237279980000039 ], [ 79.767170458000066, 8.237346249000041 ], [ 79.767182663000085, 8.237439140000049 ], [ 79.767188508000061, 8.237473156000021 ], [ 79.767199149000078, 8.237514907000048 ], [ 79.767220695000049, 8.237563377000072 ], [ 79.767228085000056, 8.237586256000043 ], [ 79.767231533000029, 8.237602360000039 ], [ 79.767232815000057, 8.237626199000033 ], [ 79.76723138400007, 8.237650115000065 ], [ 79.767227256000069, 8.237675942000067 ], [ 79.767220792000046, 8.237701575000074 ], [ 79.767208, 8.237737436000032 ], [ 79.767190461000041, 8.23777095500003 ], [ 79.767167705000077, 8.237798294000072 ], [ 79.76713860600006, 8.237826813000027 ], [ 79.76711823200003, 8.23784904200005 ], [ 79.767102457000078, 8.237871225000049 ], [ 79.767089529000032, 8.237894853000057 ], [ 79.767074107000042, 8.237928595000028 ], [ 79.767060073000039, 8.237965145000032 ], [ 79.767037244000051, 8.238044319000039 ], [ 79.767020513000034, 8.238093486000025 ], [ 79.767011010000033, 8.238112384000033 ], [ 79.766999529000032, 8.238130914000067 ], [ 79.766964357000063, 8.238173330000052 ], [ 79.766943069000035, 8.238211898000031 ], [ 79.766919183000084, 8.238269131000038 ], [ 79.76689546700004, 8.238341354000056 ], [ 79.766868442000032, 8.238401623000073 ], [ 79.775302239000041, 8.238343764000035 ], [ 79.77942407300003, 8.238315421000038 ], [ 79.784888165000041, 8.235975075000056 ], [ 79.785667912000065, 8.235641091000048 ], [ 79.790070928000034, 8.233755129000031 ], [ 79.789885784000035, 8.233666949000053 ], [ 79.789849700000048, 8.233647900000051 ], [ 79.789670464000039, 8.23342204100004 ], [ 79.78961309400006, 8.233316645000059 ], [ 79.789613566000071, 8.233125269000027 ], [ 79.789659424000035, 8.232912420000048 ], [ 79.789721803000077, 8.232833104000065 ], [ 79.78972690900008, 8.232826611000064 ], [ 79.789747506000083, 8.232800423000072 ], [ 79.789780062000034, 8.232751614000051 ], [ 79.789805537000063, 8.232709736000061 ], [ 79.78985532400003, 8.23262789100005 ], [ 79.789877854000054, 8.23259508600006 ], [ 79.78989976500003, 8.232566862000056 ], [ 79.789907571000072, 8.232558071000028 ], [ 79.789910631000055, 8.232554626000024 ], [ 79.789920796000047, 8.232543179000061 ], [ 79.78994562400004, 8.232518295000034 ], [ 79.790021398000079, 8.232450596000035 ], [ 79.790049104000047, 8.232425842000055 ], [ 79.79007137900004, 8.232404599000063 ] ], [ [ 79.779082108000068, 8.238276712000072 ], [ 79.778949839000063, 8.237973482000029 ], [ 79.778908332000071, 8.23782738400007 ], [ 79.77883681000003, 8.237575642000024 ], [ 79.77864739100005, 8.237329063000061 ], [ 79.778553083000077, 8.237044858000047 ], [ 79.778344992000029, 8.236665714000026 ], [ 79.778250637000042, 8.236400439000022 ], [ 79.778175331000057, 8.236116281000022 ], [ 79.77815699000007, 8.235851196000056 ], [ 79.778138789000081, 8.235529316000054 ], [ 79.778006570000059, 8.235207154000022 ], [ 79.777873972000066, 8.235036441000034 ], [ 79.777798621000045, 8.234771214000034 ], [ 79.777666968000062, 8.234221877000039 ], [ 79.77785775500007, 8.233919445000026 ], [ 79.777915566000047, 8.233597753000026 ], [ 79.777897319000033, 8.233294805000071 ], [ 79.778315857000052, 8.233106526000029 ], [ 79.778425592000076, 8.233114896000075 ], [ 79.778828846000067, 8.233145657000023 ], [ 79.779265916000043, 8.233146737000027 ], [ 79.779626032000067, 8.233526257000051 ], [ 79.779833747000055, 8.234056852000037 ], [ 79.780060842000069, 8.234436042000027 ], [ 79.78017340100007, 8.235023195000053 ], [ 79.780209287000048, 8.235875201000056 ], [ 79.779998744000068, 8.236480487000051 ], [ 79.779712894000056, 8.236801617000026 ], [ 79.779617077000069, 8.237123216000043 ], [ 79.77955912300007, 8.237501701000042 ], [ 79.779558416000043, 8.23778567200003 ], [ 79.779690826000035, 8.238032108000027 ], [ 79.779557331000035, 8.23822109300005 ], [ 79.77942407300003, 8.238315421000038 ], [ 79.779082108000068, 8.238276712000072 ] ], [ [ 79.775863302000062, 8.067335403000072 ], [ 79.775849251000068, 8.067191836000063 ], [ 79.775878476000059, 8.067019668000057 ], [ 79.775951291000069, 8.066689720000056 ], [ 79.77598058600006, 8.066488845000038 ], [ 79.776052909000043, 8.066359841000065 ], [ 79.776211606000061, 8.06624540200005 ], [ 79.776601078000056, 8.065987989000064 ], [ 79.776918049000074, 8.06593134600007 ], [ 79.776715868000053, 8.066160507000063 ], [ 79.776571466000064, 8.066318043000024 ], [ 79.77644146800003, 8.066475612000033 ], [ 79.776411963000044, 8.066762605000065 ], [ 79.776425240000037, 8.06722194300005 ], [ 79.776424749000057, 8.067422887000021 ], [ 79.776352462000034, 8.067537538000067 ], [ 79.776237249000076, 8.067537258000073 ], [ 79.776007035000077, 8.067450578000035 ], [ 79.775863302000062, 8.067335403000072 ] ], [ [ 79.738391881000041, 8.126042855000037 ], [ 79.738368293000065, 8.126017149000063 ], [ 79.73834650100008, 8.125988738000046 ], [ 79.738326679000068, 8.125957792000065 ], [ 79.738308829000061, 8.125924316000066 ], [ 79.738292953000041, 8.125888309000061 ], [ 79.738229237000041, 8.125790197000072 ], [ 79.738145079000049, 8.125655659000074 ], [ 79.738105889000053, 8.125591296000039 ], [ 79.73807524700004, 8.125537782000038 ], [ 79.738048164000077, 8.125486119000072 ], [ 79.738028528000029, 8.125443629000074 ], [ 79.737967439000045, 8.12528702700007 ], [ 79.73794218900008, 8.125229010000055 ], [ 79.737923629000079, 8.12519766500003 ], [ 79.737873949000061, 8.125127487000043 ], [ 79.737856409000074, 8.125094932000025 ], [ 79.737850062000064, 8.125075491000075 ], [ 79.737847739000074, 8.125057105000053 ], [ 79.737849504000053, 8.125037099000053 ], [ 79.737854875000039, 8.125012752000032 ], [ 79.737863718000085, 8.124987100000055 ], [ 79.73787451700008, 8.124965965000058 ], [ 79.737886119000052, 8.124951366000062 ], [ 79.73789858400005, 8.12494338700003 ], [ 79.737917570000036, 8.124939305000055 ], [ 79.737942288000056, 8.124940630000026 ], [ 79.737967949000051, 8.12494569200004 ], [ 79.738032817000033, 8.124962168000025 ], [ 79.738064027000064, 8.124967032000029 ], [ 79.738096926000082, 8.12496634200005 ], [ 79.738138741000057, 8.124961498000062 ], [ 79.738176657000054, 8.124954460000026 ], [ 79.738218439000036, 8.124944446000029 ], [ 79.738385930000049, 8.124895418000051 ], [ 79.738568163000082, 8.124848801000041 ], [ 79.738718870000071, 8.124815068000032 ], [ 79.738749958000085, 8.124809812000024 ], [ 79.738777274000086, 8.124807236000038 ], [ 79.738807917000031, 8.124807578000059 ], [ 79.738837128000057, 8.124812336000048 ], [ 79.738865488000044, 8.124820274000058 ], [ 79.738931892000039, 8.124842568000076 ], [ 79.738964707000036, 8.124850625000022 ], [ 79.738990723000029, 8.124853935000033 ], [ 79.739050430000077, 8.124858198000027 ], [ 79.73911829900004, 8.124866299000075 ], [ 79.739151854000056, 8.124871977000055 ], [ 79.739178456000047, 8.124879301000021 ], [ 79.739194642000029, 8.124885932000041 ], [ 79.73920819500006, 8.124893599000075 ], [ 79.73922046000007, 8.124903256000039 ], [ 79.739232073000039, 8.124915327000053 ], [ 79.73925349600006, 8.124946331000046 ], [ 79.73929675800008, 8.125030585000047 ], [ 79.739319475000059, 8.125065635000055 ], [ 79.739332970000078, 8.125080926000066 ], [ 79.73935008400008, 8.12509706700007 ], [ 79.739422558000058, 8.125154397000074 ], [ 79.739450905000069, 8.125180686000022 ], [ 79.739464061000035, 8.125196212000048 ], [ 79.739482402000078, 8.125222205000057 ], [ 79.739511825000079, 8.12527104000003 ], [ 79.739525484000069, 8.125300641000024 ], [ 79.739534617000061, 8.125328339000021 ], [ 79.739539201000071, 8.125353596000025 ], [ 79.739539819000072, 8.125379948000045 ], [ 79.739536580000049, 8.125409776000026 ], [ 79.739529275000052, 8.125439936000021 ], [ 79.739517903000035, 8.125470431000053 ], [ 79.739502466000033, 8.125501259000032 ], [ 79.739517031000048, 8.125533994000023 ], [ 79.739534653000078, 8.125561756000025 ], [ 79.739556528000037, 8.125585629000057 ], [ 79.739566507000063, 8.125593661000039 ], [ 79.739577107000059, 8.125599783000041 ], [ 79.739595884000039, 8.125606466000022 ], [ 79.73961855500005, 8.125610247000054 ], [ 79.739645987000074, 8.125611364000065 ], [ 79.739711682000063, 8.125609312000051 ], [ 79.739740520000055, 8.125609945000065 ], [ 79.739833677000036, 8.12562110600004 ], [ 79.739864609000051, 8.125627461000022 ], [ 79.739887155000076, 8.125637278000056 ], [ 79.739895369000067, 8.125643573000048 ], [ 79.739902426000072, 8.125651447000052 ], [ 79.739908615000047, 8.125661343000047 ], [ 79.739913711000042, 8.125673072000041 ], [ 79.739920735000055, 8.125702317000048 ], [ 79.739923986000065, 8.125752136000074 ], [ 79.739921780000032, 8.125851996000051 ], [ 79.739915952000047, 8.125893371000075 ], [ 79.739896772000066, 8.125988163000045 ], [ 79.739891888000045, 8.126032096000074 ], [ 79.739892833000056, 8.12607954200007 ], [ 79.739902412000049, 8.126174561000028 ], [ 79.739904570000078, 8.126213532000065 ], [ 79.739902674000064, 8.126253315000042 ], [ 79.739895577000084, 8.126287542000057 ], [ 79.739880089000053, 8.12632538400004 ], [ 79.739857062000056, 8.126365971000041 ], [ 79.739827570000045, 8.126407553000035 ], [ 79.739790109000069, 8.126452266000058 ], [ 79.739752730000077, 8.126492452000036 ], [ 79.739720436000084, 8.126521448000062 ], [ 79.739689652000038, 8.126542449000056 ], [ 79.739659936000066, 8.126555640000049 ], [ 79.739636872000062, 8.126561142000071 ], [ 79.739610897000034, 8.126563809000061 ], [ 79.739581942000029, 8.12656365600003 ], [ 79.739549788000033, 8.126560680000068 ], [ 79.73951136800008, 8.126554332000069 ], [ 79.739469172000042, 8.126544848000037 ], [ 79.73944343800008, 8.126536158000022 ], [ 79.739417291000052, 8.126524145000076 ], [ 79.73938671600007, 8.12650633100003 ], [ 79.73935375700006, 8.126483256000029 ], [ 79.739246601000048, 8.126395779000063 ], [ 79.739205354000035, 8.126364989000024 ], [ 79.739167067000039, 8.126340862000063 ], [ 79.739072414000077, 8.126286102000051 ], [ 79.739030337000031, 8.126258660000076 ], [ 79.73900700300004, 8.126240522000046 ], [ 79.73895514600008, 8.126192599000035 ], [ 79.738938949000044, 8.126181333000034 ], [ 79.738923081000053, 8.126173626000025 ], [ 79.738901798000029, 8.12616756400007 ], [ 79.738876607000066, 8.126164434000032 ], [ 79.738792815000068, 8.126164987000038 ], [ 79.738764950000075, 8.126163590000033 ], [ 79.738640223000061, 8.126144249000049 ], [ 79.738586475000034, 8.126133742000036 ], [ 79.738540890000081, 8.12612223800005 ], [ 79.738500793000071, 8.12610905400004 ], [ 79.738465504000033, 8.126093947000072 ], [ 79.738437201000067, 8.126078380000024 ], [ 79.738412276000076, 8.126060948000031 ], [ 79.738391881000041, 8.126042855000037 ] ], [ [ 79.75144578000004, 8.170032608000042 ], [ 79.751451290000034, 8.170036585000048 ], [ 79.751460253000062, 8.170040567000058 ], [ 79.751470202000064, 8.17004342000007 ], [ 79.75147772400004, 8.17004440200003 ], [ 79.751483792000045, 8.170043683000074 ], [ 79.751486944000078, 8.170041950000041 ], [ 79.751489451000054, 8.170038189000024 ], [ 79.751491568000063, 8.170028321000075 ], [ 79.751492280000036, 8.170000130000062 ], [ 79.751493584000059, 8.169990986000073 ], [ 79.751494169000068, 8.169987866000042 ], [ 79.751505327000075, 8.169954966000034 ], [ 79.751511125000036, 8.169943272000069 ], [ 79.751517627000055, 8.169933567000044 ], [ 79.751530844000058, 8.169919231000051 ], [ 79.751536215000044, 8.169915220000064 ], [ 79.751540914000032, 8.169911710000065 ], [ 79.751544631000058, 8.169908934000034 ], [ 79.751566641000068, 8.169898673000034 ], [ 79.751587265000069, 8.169892358000027 ], [ 79.751615369000035, 8.169888036000032 ], [ 79.751629296000033, 8.169887512000059 ], [ 79.751635944000043, 8.169887261000042 ], [ 79.751647419000051, 8.169886828000074 ], [ 79.751677534000066, 8.169889377000061 ], [ 79.751695444000063, 8.169892985000047 ], [ 79.75170078900004, 8.169894062000026 ], [ 79.751707133000082, 8.169895341000029 ], [ 79.751732331000085, 8.169903967000039 ], [ 79.751760811000054, 8.169917088000034 ], [ 79.751787893000085, 8.169931814000051 ], [ 79.751793516000077, 8.169934872000056 ], [ 79.751803521000056, 8.169940312000051 ], [ 79.751834970000061, 8.169960184000047 ], [ 79.75184282500004, 8.169966045000024 ], [ 79.751847847000079, 8.169969793000064 ], [ 79.751858846000061, 8.169978001000061 ], [ 79.751878954000063, 8.169995124000025 ], [ 79.751890119000052, 8.17000635100004 ], [ 79.751892696000084, 8.170008942000038 ], [ 79.751895055000034, 8.170011315000067 ], [ 79.751910690000045, 8.170030016000055 ], [ 79.751923014000056, 8.170047930000067 ], [ 79.751927644000034, 8.170054660000062 ], [ 79.751929888000063, 8.170057920000033 ], [ 79.751945810000052, 8.170091090000028 ], [ 79.751956155000073, 8.17011264000007 ], [ 79.751957841000035, 8.170115219000024 ], [ 79.751963336000074, 8.170123616000069 ], [ 79.751978164000036, 8.170146279000051 ], [ 79.752003599000034, 8.170178551000049 ], [ 79.752011087000085, 8.170188052000071 ], [ 79.752015927000059, 8.170194193000043 ], [ 79.752078175000065, 8.170261445000051 ], [ 79.752087182000082, 8.17027129500002 ], [ 79.752111928000033, 8.17030079500006 ], [ 79.75213975500003, 8.170335995000073 ], [ 79.752267611000036, 8.170506777000071 ], [ 79.752272469000047, 8.170514298000057 ], [ 79.752276060000042, 8.170519857000045 ], [ 79.752292510000075, 8.170545326000024 ], [ 79.752298883000037, 8.170557279000036 ], [ 79.752303403000042, 8.170568181000021 ], [ 79.752304558000048, 8.170572544000038 ], [ 79.752307219000045, 8.170582607000028 ], [ 79.752309425000078, 8.170599063000054 ], [ 79.752309996000065, 8.170617520000064 ], [ 79.752309237000077, 8.170631753000066 ], [ 79.752308929000037, 8.170637501000044 ], [ 79.752306401000055, 8.170654434000028 ], [ 79.752302121000071, 8.170672622000041 ], [ 79.752295649000075, 8.170693405000065 ], [ 79.752288941000074, 8.17071050800007 ], [ 79.752271626000038, 8.170744308000053 ], [ 79.752268308000055, 8.170750785000052 ], [ 79.75226658400004, 8.170754152000029 ], [ 79.752243409000073, 8.170790835000048 ], [ 79.752215693000039, 8.170827956000039 ], [ 79.752212887000042, 8.170831715000077 ], [ 79.752207516000055, 8.170837864000021 ], [ 79.752177587000062, 8.170871567000063 ], [ 79.752173847000051, 8.170876935000024 ], [ 79.752170989000035, 8.170881036000026 ], [ 79.752161579000074, 8.170894541000052 ], [ 79.752148759000079, 8.170917099000064 ], [ 79.752144743000031, 8.170927032000066 ], [ 79.752143747000048, 8.170930698000063 ], [ 79.752142248000041, 8.170936212000072 ], [ 79.752140789000066, 8.17095077700003 ], [ 79.752141825000081, 8.170967586000074 ], [ 79.752155195000057, 8.171036942000057 ], [ 79.752162991000034, 8.171077380000042 ], [ 79.75216470600003, 8.171094690000075 ], [ 79.752164398000048, 8.171113136000031 ], [ 79.75216146300005, 8.171137607000048 ], [ 79.75215561400006, 8.17116526600006 ], [ 79.752148854000041, 8.171189612000035 ], [ 79.752147935000039, 8.17119292700005 ], [ 79.752147104000073, 8.171195916000045 ], [ 79.752131563000034, 8.171239144000026 ], [ 79.752127059000031, 8.171257389000061 ], [ 79.752123816000051, 8.171276559000034 ], [ 79.752121504000058, 8.171299084000054 ], [ 79.752120317000049, 8.171324567000056 ], [ 79.752120441000045, 8.171409123000046 ], [ 79.75212007600004, 8.17142599500005 ], [ 79.752118445000065, 8.171496529000024 ], [ 79.752115289000074, 8.171527303000062 ], [ 79.752111372000059, 8.171552333000022 ], [ 79.752106843000035, 8.17157198600006 ], [ 79.752105558000039, 8.171576238000057 ], [ 79.75209833200006, 8.171600167000065 ], [ 79.752089731000069, 8.171618748000071 ], [ 79.752078316000052, 8.171634691000065 ], [ 79.75206134900003, 8.17165110600007 ], [ 79.752057033000085, 8.171653981000077 ], [ 79.752046464000045, 8.171661022000023 ], [ 79.752019595000036, 8.171672747000059 ], [ 79.752013418000047, 8.171675443000026 ], [ 79.752003561000038, 8.171679744000073 ], [ 79.751970166000035, 8.171691548000069 ], [ 79.751950255000054, 8.171696570000051 ], [ 79.751941670000065, 8.171698735000064 ], [ 79.751922105000062, 8.171703670000056 ], [ 79.751910274000068, 8.171705466000049 ], [ 79.751899836000064, 8.171705641000074 ], [ 79.75188313600006, 8.171703759000025 ], [ 79.75187115600005, 8.171700371000043 ], [ 79.751865860000066, 8.171697115000029 ], [ 79.751864492000038, 8.171696224000073 ], [ 79.751857098000073, 8.171687514000041 ], [ 79.751846205000049, 8.171662135000076 ], [ 79.751832390000061, 8.171633599000074 ], [ 79.751825608000047, 8.171615029000066 ], [ 79.751819090000083, 8.171586197000067 ], [ 79.751817689000063, 8.171572142000059 ], [ 79.75181768200008, 8.171561863000022 ], [ 79.751817680000045, 8.171559152000043 ], [ 79.75181944600007, 8.171545771000069 ], [ 79.751823257000069, 8.171530957000073 ], [ 79.751840216000062, 8.17148605400007 ], [ 79.751847929000064, 8.171469152000043 ], [ 79.751849892000052, 8.171465522000062 ], [ 79.751867957000059, 8.171432115000073 ], [ 79.751875806000044, 8.171412345000022 ], [ 79.751876700000082, 8.171408287000077 ], [ 79.751877499000045, 8.171404661000054 ], [ 79.751878623000039, 8.17139955600004 ], [ 79.751883028000066, 8.171365898000033 ], [ 79.751892776000034, 8.171325340000067 ], [ 79.751894038000046, 8.171320267000056 ], [ 79.751901302000078, 8.171295898000039 ], [ 79.75192017300003, 8.171240685000043 ], [ 79.751927314000056, 8.171215080000024 ], [ 79.751931570000067, 8.171191104000059 ], [ 79.751932624000062, 8.171169021000026 ], [ 79.751931820000038, 8.171148583000047 ], [ 79.751931374000037, 8.171137241000054 ], [ 79.751932277000037, 8.171104461000027 ], [ 79.751936667000052, 8.171058386000027 ], [ 79.751944109000078, 8.171013427000048 ], [ 79.751945181000053, 8.170989259000066 ], [ 79.751944404000085, 8.170967159000043 ], [ 79.751940881000053, 8.170944041000041 ], [ 79.751935440000068, 8.170927469000048 ], [ 79.751934481000035, 8.170924548000073 ], [ 79.751924161000034, 8.170906271000035 ], [ 79.751908926000056, 8.170887083000025 ], [ 79.751891542000067, 8.170869304000064 ], [ 79.751880465000056, 8.170859351000047 ], [ 79.751878023000074, 8.170857156000068 ], [ 79.751871083000083, 8.170850920000021 ], [ 79.75185360100005, 8.170838328000059 ], [ 79.751831796000033, 8.170825250000064 ], [ 79.751746449000052, 8.170779165000056 ], [ 79.751696350000032, 8.17075410700005 ], [ 79.75169014800008, 8.170751335000034 ], [ 79.751680622000038, 8.170747075000065 ], [ 79.751664100000085, 8.170739686000047 ], [ 79.751616503000037, 8.170720542000026 ], [ 79.75158878600007, 8.170709394000028 ], [ 79.75158256900005, 8.170706499000062 ], [ 79.751565604000064, 8.170698603000062 ], [ 79.751531349000061, 8.170682660000068 ], [ 79.751525051000044, 8.170679040000039 ], [ 79.751516221000031, 8.170673966000038 ], [ 79.75149672200007, 8.170662758000049 ], [ 79.751461325000037, 8.170637001000046 ], [ 79.751429013000063, 8.170609579000029 ], [ 79.751356595000061, 8.170543688000066 ], [ 79.751273105000053, 8.17047277100005 ], [ 79.751266917000066, 8.170466995000027 ], [ 79.751259395000034, 8.170459975000028 ], [ 79.751234667000062, 8.170436896000069 ], [ 79.751217042000064, 8.170418756000061 ], [ 79.751211640000065, 8.170413194000048 ], [ 79.751208891000033, 8.170410365000066 ], [ 79.751178396000057, 8.17037481400007 ], [ 79.751169593000043, 8.17036267800006 ], [ 79.751162443000055, 8.170352819000072 ], [ 79.751154747000044, 8.170342207000033 ], [ 79.751133828000036, 8.17030709900007 ], [ 79.751113615000065, 8.170269261000044 ], [ 79.751108861000034, 8.170260361000032 ], [ 79.751097973000071, 8.170239977000051 ], [ 79.751045222000073, 8.170131310000045 ], [ 79.75104022000005, 8.170119014000022 ], [ 79.751038401000073, 8.170110345000069 ], [ 79.751037559000054, 8.170106335000071 ], [ 79.751036806000059, 8.170090732000062 ], [ 79.751038194000046, 8.170076228000028 ], [ 79.751040400000079, 8.170067854000024 ], [ 79.75104152800003, 8.170063571000071 ], [ 79.751050022000072, 8.170047359000023 ], [ 79.751062512000033, 8.170030109000038 ], [ 79.751064905000078, 8.170026804000031 ], [ 79.751068591000035, 8.170021711000061 ], [ 79.75107971400007, 8.170009380000067 ], [ 79.751115725000034, 8.169973511000023 ], [ 79.751158408000038, 8.169918551000023 ], [ 79.751166432000048, 8.169909450000034 ], [ 79.751172274000055, 8.169902821000051 ], [ 79.751178498000058, 8.169895761000021 ], [ 79.751199169000074, 8.16987470600003 ], [ 79.751207578000049, 8.169867584000031 ], [ 79.751211185000045, 8.169864530000041 ], [ 79.751220738000029, 8.169856438000068 ], [ 79.751236270000049, 8.169845090000024 ], [ 79.751249638000047, 8.169838318000075 ], [ 79.751260774000059, 8.169834795000043 ], [ 79.751272100000051, 8.169832477000057 ], [ 79.751282729000081, 8.169831551000073 ], [ 79.751288749000082, 8.169831893000037 ], [ 79.751291922000064, 8.169832073000066 ], [ 79.751299713000037, 8.169834097000034 ], [ 79.751307583000084, 8.169837732000076 ], [ 79.75131560300008, 8.169843008000043 ], [ 79.751323923000029, 8.169850025000073 ], [ 79.751342221000073, 8.16986976000004 ], [ 79.751361300000042, 8.169892573000027 ], [ 79.751366037000082, 8.169898223000075 ], [ 79.75137597500003, 8.169911950000028 ], [ 79.751386602000082, 8.169929500000023 ], [ 79.751409846000058, 8.169972954000059 ], [ 79.751411782000048, 8.169976340000062 ], [ 79.751440759000047, 8.17002702800005 ], [ 79.75144578000004, 8.170032608000042 ] ], [ [ 79.756403066000075, 8.17466773700005 ], [ 79.756268669000065, 8.174663534000047 ], [ 79.756210872000054, 8.174659545000054 ], [ 79.756174558000055, 8.174654902000043 ], [ 79.756128962000048, 8.174647623000055 ], [ 79.756124005000061, 8.174646832000064 ], [ 79.756081598000037, 8.17463884700004 ], [ 79.756041673000084, 8.174630082000022 ], [ 79.755979083000057, 8.174613970000053 ], [ 79.755918802000053, 8.174595685000043 ], [ 79.755861080000045, 8.174575300000072 ], [ 79.755806104000044, 8.174552880000022 ], [ 79.75572678900005, 8.174516742000037 ], [ 79.755670556000041, 8.174487986000031 ], [ 79.755622775000063, 8.174459158000047 ], [ 79.755601182000078, 8.174444111000071 ], [ 79.75558165700005, 8.174428947000024 ], [ 79.755550124000081, 8.17440055000003 ], [ 79.755518592000044, 8.174367908000022 ], [ 79.755491195000047, 8.174335259000031 ], [ 79.755467555000052, 8.174302318000059 ], [ 79.755441818000065, 8.174258974000054 ], [ 79.755421487000035, 8.174218813000039 ], [ 79.755407585000057, 8.174183661000029 ], [ 79.755406805000064, 8.174180709000041 ], [ 79.75539897200008, 8.174151050000035 ], [ 79.755395934000035, 8.174128784000061 ], [ 79.75539509400005, 8.174103879000029 ], [ 79.755396548000078, 8.174074744000052 ], [ 79.755399982000085, 8.174046565000026 ], [ 79.75540406500005, 8.17402928100006 ], [ 79.755407357000081, 8.174019141000031 ], [ 79.755410171000051, 8.17401047200002 ], [ 79.755440254000064, 8.173938028000066 ], [ 79.755450769000049, 8.173906460000069 ], [ 79.755456002000074, 8.173881368000025 ], [ 79.755460755000058, 8.173850663000053 ], [ 79.755463446000078, 8.173823321000043 ], [ 79.755463816000031, 8.173804363000045 ], [ 79.755462674000057, 8.173787288000028 ], [ 79.755460158000062, 8.173769565000043 ], [ 79.755450857000085, 8.173731313000076 ], [ 79.755437973000085, 8.173693764000063 ], [ 79.755418828000074, 8.173644687000035 ], [ 79.755399856000054, 8.173596061000069 ], [ 79.755390703000046, 8.17356713700002 ], [ 79.755384439000068, 8.173540933000027 ], [ 79.75537994900003, 8.17350728200006 ], [ 79.755375721000064, 8.173445220000076 ], [ 79.755375353000034, 8.173411460000068 ], [ 79.75537524300006, 8.173401395000042 ], [ 79.755377440000075, 8.173361709000062 ], [ 79.755380673000047, 8.173335343000076 ], [ 79.75538933200005, 8.173284276000061 ], [ 79.755395606000036, 8.173259053000038 ], [ 79.755403191000084, 8.173237849000031 ], [ 79.755413907000047, 8.173216975000059 ], [ 79.755428362000032, 8.173195510000028 ], [ 79.755440830000055, 8.173180536000075 ], [ 79.75544590700008, 8.173174437000057 ], [ 79.755466049000063, 8.173154325000041 ], [ 79.755487695000056, 8.173136574000068 ], [ 79.755513190000045, 8.173120102000041 ], [ 79.75554340900004, 8.173104329000068 ], [ 79.755579662000059, 8.173088575000065 ], [ 79.755610817000047, 8.173077554000031 ], [ 79.755642874000046, 8.17306878100004 ], [ 79.755675831000076, 8.173062251000033 ], [ 79.75570969000006, 8.173057970000059 ], [ 79.755723382000042, 8.173054221000029 ], [ 79.755737597000063, 8.173052275000032 ], [ 79.755754032000084, 8.173051823000037 ], [ 79.755803577000052, 8.173055465000061 ], [ 79.755826202000037, 8.173059082000066 ], [ 79.755849695000052, 8.173064379000039 ], [ 79.75587409600007, 8.17307136200003 ], [ 79.755899485000043, 8.173080058000039 ], [ 79.755939398000066, 8.173095755000077 ], [ 79.755963079000082, 8.173106134000022 ], [ 79.755983167000068, 8.173116746000062 ], [ 79.755999712000062, 8.173127811000029 ], [ 79.756009266000035, 8.173136541000076 ], [ 79.756017597000039, 8.173144157000024 ], [ 79.756034907000071, 8.173165907000055 ], [ 79.75605448400006, 8.173197944000037 ], [ 79.756061448000082, 8.173211346000073 ], [ 79.756066273000044, 8.173223301000064 ], [ 79.756071808000058, 8.173243996000053 ], [ 79.756075097000064, 8.173267915000054 ], [ 79.756076347000032, 8.173293676000071 ], [ 79.756076938000035, 8.173367257000052 ], [ 79.756078862000038, 8.173389420000035 ], [ 79.756082282000079, 8.173408733000031 ], [ 79.756083406000073, 8.173412428000063 ], [ 79.756088422000062, 8.173428924000063 ], [ 79.756107821000057, 8.173474851000037 ], [ 79.756120079000084, 8.173496435000061 ], [ 79.756133334000083, 8.173512918000029 ], [ 79.75614592200003, 8.173523979000038 ], [ 79.756162185000051, 8.173535144000027 ], [ 79.756212975000039, 8.173564653000028 ], [ 79.756233724000083, 8.173575474000074 ], [ 79.756278390000034, 8.173594451000042 ], [ 79.756367196000042, 8.173625753000067 ], [ 79.756402926000078, 8.173639686000058 ], [ 79.75643823300004, 8.173656467000058 ], [ 79.756469817000038, 8.173675608000053 ], [ 79.756502435000073, 8.173699467000063 ], [ 79.75653700600003, 8.173728737000033 ], [ 79.756569114000058, 8.173758731000021 ], [ 79.756646762000059, 8.173834580000062 ], [ 79.756689019000078, 8.173872390000042 ], [ 79.756792330000053, 8.173954146000028 ], [ 79.756822003000082, 8.173975398000039 ], [ 79.756849270000032, 8.173992702000021 ], [ 79.756880313000067, 8.174009353000031 ], [ 79.75691700200008, 8.174025967000034 ], [ 79.756962111000064, 8.174043422000068 ], [ 79.756999448000045, 8.174055611000028 ], [ 79.75702711200006, 8.174062535000076 ], [ 79.757058099000062, 8.174068682000041 ], [ 79.757184720000055, 8.174087343000053 ], [ 79.75721625500006, 8.174093534000065 ], [ 79.757239011000081, 8.174098 ], [ 79.757324269000037, 8.174119412000039 ], [ 79.75739279000004, 8.174138466000045 ], [ 79.757454135000046, 8.17415782300003 ], [ 79.757509833000086, 8.174178020000056 ], [ 79.757561390000035, 8.174199414000043 ], [ 79.757612601000062, 8.174222771000075 ], [ 79.757658974000037, 8.174246066000023 ], [ 79.757701972000064, 8.174269962000039 ], [ 79.757742285000063, 8.174294833000033 ], [ 79.757784162000064, 8.174323147000052 ], [ 79.757828440000083, 8.174355471000069 ], [ 79.757876583000041, 8.174392866000062 ], [ 79.757916744000056, 8.174426287000074 ], [ 79.757958629000029, 8.174463557000024 ], [ 79.758003543000029, 8.174505846000045 ], [ 79.758053013000051, 8.174554577000038 ], [ 79.75809892500007, 8.174604049000038 ], [ 79.758199984000044, 8.174720457000035 ], [ 79.758249143000057, 8.174771838000026 ], [ 79.75829742500008, 8.174816445000033 ], [ 79.758415908000075, 8.17491932300004 ], [ 79.758446142000082, 8.174947577000069 ], [ 79.758472419000043, 8.174974051000049 ], [ 79.758500064000032, 8.175004728000033 ], [ 79.758529078000038, 8.175040264000074 ], [ 79.758592245000045, 8.175125234000063 ], [ 79.758622316000071, 8.175165685000024 ], [ 79.758659269000077, 8.175212559000045 ], [ 79.758720082000082, 8.17528089800004 ], [ 79.758770178000077, 8.175332633000039 ], [ 79.758826618000057, 8.175384337000025 ], [ 79.758852899000033, 8.175406292000048 ], [ 79.758876953000083, 8.175424884000051 ], [ 79.758910843000081, 8.175447088000055 ], [ 79.758992945000045, 8.175494810000032 ], [ 79.759012827000049, 8.175507973000038 ], [ 79.759030832000064, 8.17552143100005 ], [ 79.759062884000059, 8.175547237000046 ], [ 79.759090705000062, 8.175571489000049 ], [ 79.759115320000035, 8.175595085000054 ], [ 79.759137057000032, 8.175618348000057 ], [ 79.759155565000071, 8.175640376000047 ], [ 79.759173102000034, 8.175663096000051 ], [ 79.75918245400004, 8.175676327000076 ], [ 79.759189474000038, 8.175686256000063 ], [ 79.759204603000057, 8.175709740000059 ], [ 79.759218341000064, 8.175733306000041 ], [ 79.759230702000082, 8.175756957000033 ], [ 79.759241492000058, 8.17578026800004 ], [ 79.759251420000055, 8.175804792000065 ], [ 79.759268641000062, 8.175855238000054 ], [ 79.759274355000059, 8.175877498000034 ], [ 79.759278331000075, 8.175898489000076 ], [ 79.759284401000059, 8.175944726000068 ], [ 79.75928551700008, 8.175960280000027 ], [ 79.759284155000046, 8.175976108000043 ], [ 79.759279498000069, 8.175988435000022 ], [ 79.759273793000034, 8.175996348000069 ], [ 79.759266060000073, 8.176004265000074 ], [ 79.759256657000037, 8.176011807000066 ], [ 79.75924636600007, 8.17601834200002 ], [ 79.759239032000039, 8.176021888000037 ], [ 79.759231037000063, 8.176024379000069 ], [ 79.759211131000029, 8.176026596000042 ], [ 79.759188702000074, 8.176026144000048 ], [ 79.759173794000048, 8.176025843000048 ], [ 79.75910487200008, 8.176027040000065 ], [ 79.75903710800003, 8.176023652000026 ], [ 79.758996533000072, 8.17601965800003 ], [ 79.758954319000054, 8.176014142000042 ], [ 79.758910134000075, 8.176007059000028 ], [ 79.758863366000071, 8.175998313000036 ], [ 79.758770587000072, 8.175978033000035 ], [ 79.758645645000058, 8.175947202000032 ], [ 79.758566904000077, 8.175925437000046 ], [ 79.758490014000074, 8.175901478000071 ], [ 79.758385202000056, 8.175865103000035 ], [ 79.758298856000067, 8.175831917000039 ], [ 79.758222369000066, 8.17579859500006 ], [ 79.758153607000054, 8.175764160000028 ], [ 79.758109527000045, 8.175739154000041 ], [ 79.758050722000064, 8.175702645000058 ], [ 79.758009448000053, 8.175674335000053 ], [ 79.757975602000045, 8.175648111000044 ], [ 79.757950015000063, 8.175624759000073 ], [ 79.75792347600003, 8.175597125000024 ], [ 79.757896279000079, 8.175565849000066 ], [ 79.757843460000061, 8.175502109000035 ], [ 79.757819736000044, 8.17547348100004 ], [ 79.75779452300003, 8.175445935000027 ], [ 79.757770673000039, 8.175422559000026 ], [ 79.757744208000076, 8.175399574000039 ], [ 79.757713296000077, 8.175375380000048 ], [ 79.757610950000071, 8.175302645000045 ], [ 79.757576461000042, 8.175276985000039 ], [ 79.757546023000032, 8.175252132000026 ], [ 79.757519879000085, 8.175228052000023 ], [ 79.757500915000037, 8.175208200000043 ], [ 79.757475938000084, 8.175179061000051 ], [ 79.757458271000075, 8.175156783000034 ], [ 79.75744497900007, 8.175137770000049 ], [ 79.757436899000083, 8.175122338000051 ], [ 79.757430160000069, 8.175109465000048 ], [ 79.757402046000038, 8.175042074000032 ], [ 79.757394160000047, 8.175026893000052 ], [ 79.757385935000059, 8.175013820000061 ], [ 79.757372458000077, 8.174996263000025 ], [ 79.757356935000075, 8.174978367000051 ], [ 79.757340012000043, 8.174960894000037 ], [ 79.757322054000042, 8.174944197000059 ], [ 79.757300752000049, 8.174927260000061 ], [ 79.757274825000081, 8.17490970700004 ], [ 79.757158566000044, 8.174840428000039 ], [ 79.757118831000071, 8.174818364000032 ], [ 79.757080925000082, 8.174798632000034 ], [ 79.757044329000053, 8.174780961000067 ], [ 79.75700876500008, 8.174765219000051 ], [ 79.756962955000063, 8.174747202000049 ], [ 79.756906615000048, 8.174728026000025 ], [ 79.756873369000061, 8.174718360000043 ], [ 79.75684586300008, 8.174712792000037 ], [ 79.756827739000073, 8.174711056000035 ], [ 79.75680765900006, 8.174710666000067 ], [ 79.75671494900007, 8.174716385000067 ], [ 79.756693060000032, 8.174716426000032 ], [ 79.756672863000063, 8.174714994000055 ], [ 79.756649167000035, 8.17471189500003 ], [ 79.75662318500008, 8.174707210000065 ], [ 79.756514916000071, 8.174682095000037 ], [ 79.75646682100006, 8.174673494000047 ], [ 79.756436607000069, 8.174670128000059 ], [ 79.756403066000075, 8.17466773700005 ] ], [ [ 79.749939854000047, 8.177621507000026 ], [ 79.749934296000049, 8.177621094000074 ], [ 79.749923912000042, 8.177620323000042 ], [ 79.749892530000068, 8.17762022900007 ], [ 79.749880989000076, 8.17762096000007 ], [ 79.749789300000032, 8.177626762000045 ], [ 79.749753480000038, 8.17762784100006 ], [ 79.749720129000082, 8.177626478000036 ], [ 79.749690599000076, 8.177622349000046 ], [ 79.749681994000071, 8.177620300000058 ], [ 79.749674162000076, 8.177618436000046 ], [ 79.749657961000082, 8.177613101000077 ], [ 79.749641199000052, 8.17760609000004 ], [ 79.749623729000064, 8.177597324000033 ], [ 79.749589229000037, 8.177576498000064 ], [ 79.749545806000071, 8.177546557000028 ], [ 79.749522474000059, 8.177530468000043 ], [ 79.749494199000083, 8.177512336000063 ], [ 79.749463893000041, 8.177495945000032 ], [ 79.749435731000062, 8.177484542000059 ], [ 79.749427835000063, 8.177482501000043 ], [ 79.749423623000041, 8.177481413000066 ], [ 79.749408565000067, 8.177477520000025 ], [ 79.749377209000045, 8.177473209000027 ], [ 79.74934653400004, 8.177471420000074 ], [ 79.749313252000036, 8.177470658000061 ], [ 79.749272378000057, 8.177469720000033 ], [ 79.74923553900004, 8.17746653100005 ], [ 79.749205913000083, 8.177460798000027 ], [ 79.749202456000035, 8.177459752000061 ], [ 79.749160318000065, 8.177446996000072 ], [ 79.749104689000035, 8.177425997000057 ], [ 79.749078865000058, 8.17741436600005 ], [ 79.74905448700008, 8.177402035000057 ], [ 79.749031642000034, 8.177389047000077 ], [ 79.749010354000063, 8.177375419000043 ], [ 79.748990663000029, 8.177361177000023 ], [ 79.748972597000034, 8.177346342000021 ], [ 79.74894684800006, 8.177321061000043 ], [ 79.748933534000059, 8.17730339600007 ], [ 79.748921050000035, 8.177280821000068 ], [ 79.748917683000059, 8.177273632000038 ], [ 79.748895620000042, 8.177226534000056 ], [ 79.748882222000077, 8.177204090000032 ], [ 79.748868060000063, 8.17718781700006 ], [ 79.748861090000048, 8.17718222600007 ], [ 79.748852052000075, 8.177176605000056 ], [ 79.748833968000042, 8.17716936100004 ], [ 79.748811868000075, 8.17716471500006 ], [ 79.748787074000063, 8.177162453000051 ], [ 79.748727391000045, 8.17716004600004 ], [ 79.748713168000052, 8.177159473000074 ], [ 79.748691223000037, 8.17715632200003 ], [ 79.748672683000052, 8.177151341000069 ], [ 79.748669913000072, 8.17715012900004 ], [ 79.74864916000007, 8.177141050000046 ], [ 79.74862450300003, 8.177126432000023 ], [ 79.748598789000084, 8.177107842000055 ], [ 79.748562380000067, 8.177078497000025 ], [ 79.74854756600007, 8.177066559000025 ], [ 79.748525321000045, 8.177049762000024 ], [ 79.748501110000063, 8.177034010000057 ], [ 79.748478341000066, 8.177022368000053 ], [ 79.748456110000063, 8.177014485000029 ], [ 79.748429497000075, 8.177008434000072 ], [ 79.748405348000063, 8.177004856000053 ], [ 79.748402499000065, 8.177004434000025 ], [ 79.748336797000036, 8.176996987000052 ], [ 79.748304990000065, 8.176991204000046 ], [ 79.74828971900007, 8.176986904000046 ], [ 79.74827636100008, 8.176981775000058 ], [ 79.748264671000072, 8.176975718000051 ], [ 79.74825452500005, 8.176968672000044 ], [ 79.748243438000031, 8.176958479000064 ], [ 79.748233310000046, 8.17694649200007 ], [ 79.748224116000074, 8.176932683000075 ], [ 79.748215823000066, 8.176917003000028 ], [ 79.748208419000036, 8.17689944600005 ], [ 79.748201828000049, 8.176879853000059 ], [ 79.748195997000039, 8.176858074000052 ], [ 79.748190839000074, 8.176833784000053 ], [ 79.748182351000082, 8.176777811000022 ], [ 79.748170215000073, 8.176671811000062 ], [ 79.748169851000057, 8.176668625000048 ], [ 79.748163419000036, 8.176612434000049 ], [ 79.748159572000077, 8.17654115800002 ], [ 79.748159858000065, 8.176468493000073 ], [ 79.748161472000049, 8.176438558000029 ], [ 79.748164428000052, 8.17640824700004 ], [ 79.748174586000061, 8.176341935000039 ], [ 79.74818594900006, 8.176285940000071 ], [ 79.748217318000059, 8.176145881000025 ], [ 79.748226482000064, 8.176098301000025 ], [ 79.748237411000048, 8.176041551000026 ], [ 79.748269207000078, 8.17588556000004 ], [ 79.748285095000085, 8.17580021200007 ], [ 79.748296268000047, 8.175727495000046 ], [ 79.748299106000047, 8.175700962000064 ], [ 79.748300162000078, 8.17569108400005 ], [ 79.748305382000069, 8.175642255000071 ], [ 79.748310280000055, 8.175553706000073 ], [ 79.748310977000074, 8.17546161100006 ], [ 79.748307484000065, 8.175365105000026 ], [ 79.748302677000083, 8.175296168000045 ], [ 79.748295862000077, 8.175224090000029 ], [ 79.748286973000063, 8.175148143000058 ], [ 79.74828027600006, 8.175099266000075 ], [ 79.748275842000055, 8.175066903000072 ], [ 79.748252321000052, 8.174918556000023 ], [ 79.748201481000081, 8.174628358000064 ], [ 79.748181505000048, 8.174508046000028 ], [ 79.74816837000003, 8.174420560000044 ], [ 79.74816510900007, 8.17439700400007 ], [ 79.748137138000061, 8.174194305000071 ], [ 79.748120224000047, 8.174081914000055 ], [ 79.748113529000079, 8.174041313000032 ], [ 79.748111925000046, 8.174031586000069 ], [ 79.748109896000074, 8.174019280000039 ], [ 79.748099768000031, 8.173966283000027 ], [ 79.748096031000046, 8.173949312000047 ], [ 79.748060309000039, 8.173787029000039 ], [ 79.748047548000045, 8.173725012000034 ], [ 79.748037299000032, 8.173666829000069 ], [ 79.748030031000042, 8.17361384000003 ], [ 79.748028821000048, 8.173601406000046 ], [ 79.748028500000032, 8.173598113000025 ], [ 79.748025675000065, 8.173569087000033 ], [ 79.748022455000068, 8.173521613000048 ], [ 79.748020412000074, 8.173472032000063 ], [ 79.748019504000069, 8.173419500000023 ], [ 79.748021246000064, 8.173293977000071 ], [ 79.748030017000076, 8.17307123300003 ], [ 79.748029267000049, 8.173041236000074 ], [ 79.748024023000085, 8.172960224000064 ], [ 79.748024040000075, 8.172936963000041 ], [ 79.74802556800006, 8.172916817000043 ], [ 79.748030227000072, 8.172892819000026 ], [ 79.74803800400008, 8.172872256000062 ], [ 79.748041552000075, 8.172866587000044 ], [ 79.748049070000036, 8.172854575000031 ], [ 79.748064836000083, 8.172837298000047 ], [ 79.74809059100005, 8.172816199000067 ], [ 79.748145633000036, 8.172778552000068 ], [ 79.748167012000067, 8.17276251100003 ], [ 79.748202757000058, 8.172731071000044 ], [ 79.748280359000034, 8.172656807000067 ], [ 79.748315396000066, 8.172625251000056 ], [ 79.748354017000054, 8.17259488600007 ], [ 79.74837244500003, 8.172582462000037 ], [ 79.748390608000079, 8.172571650000066 ], [ 79.748393767000039, 8.172570083000039 ], [ 79.748436525000045, 8.172548870000071 ], [ 79.74848617300006, 8.172528900000032 ], [ 79.748538439000072, 8.172512192000056 ], [ 79.74859222200007, 8.172499093000056 ], [ 79.748646335000046, 8.172489894000023 ], [ 79.748699673000033, 8.172484777000022 ], [ 79.74875129600008, 8.172483845000045 ], [ 79.748786992000078, 8.172486264000042 ], [ 79.74878962300005, 8.172486443000025 ], [ 79.748799671000029, 8.172487123000053 ], [ 79.748831019000079, 8.172492171000044 ], [ 79.748863371000084, 8.172499870000024 ], [ 79.748896866000052, 8.172510254000031 ], [ 79.748931730000038, 8.172523390000038 ], [ 79.748967839000045, 8.172539193000034 ], [ 79.749006117000079, 8.17255803200004 ], [ 79.749047272000041, 8.172580244000073 ], [ 79.74909376100004, 8.172607148000054 ], [ 79.749190824000038, 8.172666496000033 ], [ 79.749195637000071, 8.17266943900006 ], [ 79.749266974000079, 8.172713056000021 ], [ 79.749318729000038, 8.172746783000036 ], [ 79.749364153000045, 8.172778437000034 ], [ 79.749408917000039, 8.172812347000047 ], [ 79.749448864000044, 8.17284580200004 ], [ 79.749484517000042, 8.172879245000047 ], [ 79.749516123000035, 8.172912908000058 ], [ 79.749533489000044, 8.172933999000065 ], [ 79.749539165000044, 8.172940892000042 ], [ 79.749558147000073, 8.172968045000061 ], [ 79.749576564000051, 8.17299927800002 ], [ 79.74959412000004, 8.173034345000076 ], [ 79.749607952000076, 8.173065988000076 ], [ 79.749622178000038, 8.173102176000043 ], [ 79.749674430000084, 8.173247447000051 ], [ 79.749680546000036, 8.173264450000033 ], [ 79.749696906000054, 8.173303783000051 ], [ 79.74971331900008, 8.173338325000032 ], [ 79.749723380000034, 8.173356568000031 ], [ 79.749726026000076, 8.173361365000062 ], [ 79.749733142000082, 8.173374272000046 ], [ 79.749760116000061, 8.173418866000077 ], [ 79.749788580000029, 8.17346268600005 ], [ 79.749820091000061, 8.173508328000025 ], [ 79.749856708000038, 8.173558631000049 ], [ 79.749898993000045, 8.173614221000037 ], [ 79.750038050000057, 8.173790315000076 ], [ 79.750073175000068, 8.173835552000071 ], [ 79.750081640000076, 8.173846456000035 ], [ 79.750175695000053, 8.173967592000054 ], [ 79.750428950000071, 8.174283776000038 ], [ 79.750447506000057, 8.174307155000065 ], [ 79.75073455200004, 8.174669135000045 ], [ 79.750747751000063, 8.174685749000048 ], [ 79.750906387000043, 8.174875533000034 ], [ 79.750945284000068, 8.174926341000059 ], [ 79.750977766000062, 8.17497331900006 ], [ 79.75100056000008, 8.175010377000035 ], [ 79.75101903500007, 8.175044912000033 ], [ 79.751036318000047, 8.17508312700005 ], [ 79.751045179000073, 8.17510625500006 ], [ 79.75105239100003, 8.175125080000043 ], [ 79.751065679000078, 8.17516534400005 ], [ 79.751078895000035, 8.175210846000027 ], [ 79.751105646000042, 8.175316248000058 ], [ 79.751121320000038, 8.175377998000044 ], [ 79.751140201000055, 8.175445111000045 ], [ 79.751151622000066, 8.175480373000028 ], [ 79.751163422000047, 8.175512755000057 ], [ 79.751175826000065, 8.175542877000055 ], [ 79.751188963000061, 8.175571044000037 ], [ 79.751201968000032, 8.17559570700007 ], [ 79.751216136000039, 8.175619480000023 ], [ 79.751232451000078, 8.175643788000059 ], [ 79.75125124200008, 8.175669170000049 ], [ 79.751289401000065, 8.175715698000033 ], [ 79.751300497000045, 8.17572836100004 ], [ 79.751386981000053, 8.175827057000049 ], [ 79.751412074000029, 8.17585831100007 ], [ 79.751433063000036, 8.175887079000063 ], [ 79.751453, 8.175918218000049 ], [ 79.751469236000048, 8.17594843300003 ], [ 79.751477343000033, 8.17596725900006 ], [ 79.751482673000055, 8.175979638000058 ], [ 79.751495328000033, 8.176015736000068 ], [ 79.751503386000081, 8.176043451000055 ], [ 79.751510420000045, 8.176072246000047 ], [ 79.751516434000052, 8.176102152000055 ], [ 79.751521439000044, 8.176133210000046 ], [ 79.751528449000034, 8.17619895100006 ], [ 79.751531516000057, 8.176270093000028 ], [ 79.751530778000074, 8.176344808000067 ], [ 79.751526382000065, 8.176427449000073 ], [ 79.751518298000065, 8.176520417000063 ], [ 79.75150803300005, 8.17661429900005 ], [ 79.751507691000029, 8.176617433000047 ], [ 79.751504763000071, 8.176644211000053 ], [ 79.75149478700007, 8.176717565000047 ], [ 79.751483217000043, 8.176786611000068 ], [ 79.751469948000079, 8.176851973000055 ], [ 79.751454913000032, 8.17691396400005 ], [ 79.751438657000051, 8.176970874000062 ], [ 79.751420662000044, 8.177025 ], [ 79.751411479000069, 8.177048918000025 ], [ 79.751409325000054, 8.177054532000056 ], [ 79.751397990000044, 8.177084055000023 ], [ 79.751373566000041, 8.17714135500006 ], [ 79.751349054000059, 8.177192907000062 ], [ 79.751323777000039, 8.177240264000034 ], [ 79.751304899000047, 8.177271613000073 ], [ 79.751302532000068, 8.177275541000029 ], [ 79.751297570000077, 8.177283782000075 ], [ 79.751267315000064, 8.177328824000028 ], [ 79.751234990000057, 8.177372354000056 ], [ 79.751200760000074, 8.177414188000057 ], [ 79.751169014000084, 8.177449606000039 ], [ 79.751164648000042, 8.177454142000045 ], [ 79.751119054000071, 8.177501490000054 ], [ 79.75108965700008, 8.17753011800005 ], [ 79.751062537000053, 8.177554586000042 ], [ 79.751036598000042, 8.177575876000049 ], [ 79.751011463000054, 8.177594290000059 ], [ 79.750986372000057, 8.177610318000063 ], [ 79.75096164200005, 8.177623690000075 ], [ 79.75093895100008, 8.177633617000026 ], [ 79.750914339000076, 8.177642062000075 ], [ 79.750877057000082, 8.177651381000032 ], [ 79.750834268000062, 8.177658442000052 ], [ 79.750791069000059, 8.177663078000023 ], [ 79.75069751400008, 8.177670142000068 ], [ 79.750657251000064, 8.177674043000025 ], [ 79.750508568000043, 8.177695826000047 ], [ 79.75045117500008, 8.177702818000057 ], [ 79.750404303000039, 8.177706361000048 ], [ 79.750364458000035, 8.177707104000035 ], [ 79.750361659000077, 8.177707155000064 ], [ 79.750325858000053, 8.177705182000068 ], [ 79.750287817000071, 8.177700303000051 ], [ 79.750252540000076, 8.177693687000044 ], [ 79.750213328000029, 8.177684535000026 ], [ 79.750107548000074, 8.177655365000021 ], [ 79.750085528000056, 8.177649292000069 ], [ 79.75003911500005, 8.177637549000053 ], [ 79.749994150000077, 8.177628303000063 ], [ 79.749953280000057, 8.177622503000066 ], [ 79.749939854000047, 8.177621507000026 ] ], [ [ 79.760384375000058, 8.176723289000051 ], [ 79.760349269000073, 8.176725441000031 ], [ 79.760310664000031, 8.176730406000047 ], [ 79.760269441000048, 8.176737806000062 ], [ 79.760151796000059, 8.176761846000034 ], [ 79.760115058000054, 8.176767500000039 ], [ 79.760082061000048, 8.176770771000065 ], [ 79.759966551000048, 8.176773345000072 ], [ 79.75992801700005, 8.176772830000061 ], [ 79.759907149000071, 8.176771145000032 ], [ 79.759888311000054, 8.176768331000062 ], [ 79.75987107800006, 8.176764321000064 ], [ 79.759855260000052, 8.176759068000024 ], [ 79.759837295000068, 8.176750703000039 ], [ 79.759816986000033, 8.176737953000043 ], [ 79.759795649000068, 8.176721580000049 ], [ 79.759779668000078, 8.176706505000027 ], [ 79.759770341000035, 8.176694861000044 ], [ 79.759761123000033, 8.176680808000071 ], [ 79.759733707000066, 8.176630007000028 ], [ 79.75973158100004, 8.176626516000056 ], [ 79.759722460000035, 8.17661152900007 ], [ 79.759710813000083, 8.176596318000065 ], [ 79.759692297000072, 8.176577200000054 ], [ 79.759669052000049, 8.176556149000021 ], [ 79.759644665000053, 8.176536982000073 ], [ 79.759619555000029, 8.176520029000073 ], [ 79.759594068000069, 8.17650552300006 ], [ 79.759573917000068, 8.176495972000055 ], [ 79.759551500000043, 8.176487322000071 ], [ 79.759507172000042, 8.176473330000022 ], [ 79.759488580000038, 8.176468485000044 ], [ 79.759465930000033, 8.176464247000069 ], [ 79.759440561000076, 8.17646112400007 ], [ 79.759334730000035, 8.176454811000042 ], [ 79.759329215000037, 8.17645413200006 ], [ 79.759289190000061, 8.176449208000065 ], [ 79.759260477000055, 8.176442611000027 ], [ 79.75921773400006, 8.176428771000076 ], [ 79.759201148000045, 8.176422047000074 ], [ 79.759189039000034, 8.176414646000069 ], [ 79.759181427000044, 8.17640780000005 ], [ 79.759174336000058, 8.176399422000031 ], [ 79.759167776000083, 8.176389521000033 ], [ 79.759161757000072, 8.176378120000038 ], [ 79.759151390000056, 8.176350863000039 ], [ 79.759143436000045, 8.176318188000039 ], [ 79.759140075000062, 8.176289530000076 ], [ 79.759140405000039, 8.176261159000035 ], [ 79.759144394000032, 8.176235010000028 ], [ 79.759151873000064, 8.176212098000065 ], [ 79.759158243000059, 8.176199129000054 ], [ 79.759165918000065, 8.176186441000027 ], [ 79.759174619000078, 8.176174496000044 ], [ 79.759184061000042, 8.176163684000073 ], [ 79.759196969000072, 8.176151474000051 ], [ 79.759208808000039, 8.176141973000028 ], [ 79.759219690000066, 8.176135118000047 ], [ 79.759230008000031, 8.176130632000024 ], [ 79.759240978000037, 8.176128137000035 ], [ 79.759253842000078, 8.176127285000064 ], [ 79.759268965000047, 8.176128030000029 ], [ 79.759288077000065, 8.176130447000048 ], [ 79.759301619000041, 8.176133400000026 ], [ 79.759315657000059, 8.176137709000045 ], [ 79.759344793000082, 8.17615025300006 ], [ 79.759366035000085, 8.176162419000036 ], [ 79.759385542000075, 8.176176421000036 ], [ 79.759402539000064, 8.176191798000048 ], [ 79.759414566000032, 8.176206279000041 ], [ 79.759421194000083, 8.176218923000022 ], [ 79.759426352000048, 8.176234290000025 ], [ 79.759427225000081, 8.176238328000068 ], [ 79.75943009000008, 8.17625158200002 ], [ 79.759438482000064, 8.176302643000042 ], [ 79.759442550000074, 8.176317714000049 ], [ 79.759447614000067, 8.176330399000051 ], [ 79.759457513000029, 8.176346694000074 ], [ 79.759472593000055, 8.176366305000045 ], [ 79.759491012000069, 8.176386587000025 ], [ 79.75951023500005, 8.176404962000049 ], [ 79.759534519000056, 8.176423806000059 ], [ 79.759563546000038, 8.176442228000042 ], [ 79.759597284000051, 8.176460462000023 ], [ 79.759649894000063, 8.176486147000048 ], [ 79.759688170000061, 8.176503288000049 ], [ 79.759724151000057, 8.176517460000071 ], [ 79.759758447000081, 8.176528899000061 ], [ 79.759791307000057, 8.176537688000053 ], [ 79.759830044000068, 8.176544870000043 ], [ 79.759873010000035, 8.176548756000045 ], [ 79.759931778000066, 8.176549944000044 ], [ 79.759976427000083, 8.17654974800007 ], [ 79.760000856000033, 8.176548640000021 ], [ 79.760034068000039, 8.176545306000037 ], [ 79.760071057000062, 8.176539673000036 ], [ 79.760167498000044, 8.176520381000046 ], [ 79.760189100000048, 8.17651606000004 ], [ 79.760230078000063, 8.176508814000044 ], [ 79.760268248000045, 8.176503892000028 ], [ 79.760302882000076, 8.176501620000067 ], [ 79.76033122900003, 8.176501734000055 ], [ 79.760416710000072, 8.176506114000063 ], [ 79.760444667000058, 8.176510450000023 ], [ 79.76046750900008, 8.176517674000024 ], [ 79.760478684000077, 8.176523154000051 ], [ 79.760490704000063, 8.176530486000047 ], [ 79.760514508000085, 8.176549032000025 ], [ 79.76053801300003, 8.176572883000063 ], [ 79.760549327000035, 8.176586776000022 ], [ 79.760555779000072, 8.176596437000057 ], [ 79.760563706000084, 8.176612471000055 ], [ 79.760570292000068, 8.176631586000042 ], [ 79.760575368000048, 8.176652019000073 ], [ 79.760587213000065, 8.176709388000063 ], [ 79.760591968000085, 8.176726229000053 ], [ 79.760597348000033, 8.176740745000075 ], [ 79.76061001000005, 8.176766200000031 ], [ 79.760625989000062, 8.176794083000061 ], [ 79.76064354500005, 8.176821318000066 ], [ 79.760662612000033, 8.176847901000031 ], [ 79.760681, 8.176870972000074 ], [ 79.760701014000063, 8.176893809000035 ], [ 79.760722606000058, 8.17691635400007 ], [ 79.760745513000074, 8.176938332000077 ], [ 79.760767791000035, 8.176957875000028 ], [ 79.760791630000085, 8.17697705300003 ], [ 79.760816976000058, 8.176995823000027 ], [ 79.760843753000074, 8.177014127000064 ], [ 79.760888504000036, 8.177041517000021 ], [ 79.76093488500004, 8.177065979000076 ], [ 79.760967356000037, 8.177080904000036 ], [ 79.761013751000064, 8.177099763000058 ], [ 79.761072044000059, 8.17712530600005 ], [ 79.761098632000085, 8.177135318000069 ], [ 79.761121463000052, 8.177141726000059 ], [ 79.761142053000071, 8.177144952000049 ], [ 79.761160798000049, 8.177145034000034 ], [ 79.761180575000083, 8.177141204000065 ], [ 79.761202579000042, 8.17713182600005 ], [ 79.76122580100008, 8.177117528000053 ], [ 79.761230467000075, 8.177113746000032 ], [ 79.761233666000066, 8.177111154000045 ], [ 79.761239166000053, 8.177104793000069 ], [ 79.76124572100008, 8.177092892000076 ], [ 79.761250802000063, 8.177077393000047 ], [ 79.761260259000039, 8.17702237900005 ], [ 79.761264350000033, 8.177005394000048 ], [ 79.76127008900005, 8.17699179300007 ], [ 79.761277608000057, 8.176982201000044 ], [ 79.761283114000037, 8.176978192000036 ], [ 79.761289718000057, 8.176975291000076 ], [ 79.761310953000077, 8.17697030100004 ], [ 79.761333150000041, 8.176969232000033 ], [ 79.761342174000049, 8.176970124000036 ], [ 79.761350887000049, 8.176972164000063 ], [ 79.761365323000064, 8.176977927000053 ], [ 79.761381356000072, 8.17698710600007 ], [ 79.761418047000063, 8.177013128000056 ], [ 79.761434534000045, 8.177026002000048 ], [ 79.761451600000044, 8.177041142000064 ], [ 79.761467860000039, 8.177057500000046 ], [ 79.761500241000078, 8.177096339000059 ], [ 79.761512113000038, 8.177112828000077 ], [ 79.761521592000065, 8.177128025000059 ], [ 79.761529051000082, 8.177142532000062 ], [ 79.761534585000049, 8.177156546000049 ], [ 79.761541673000067, 8.177181726000072 ], [ 79.761544936000064, 8.177198858000054 ], [ 79.761545339000065, 8.177213025000071 ], [ 79.761542732000066, 8.17722414800005 ], [ 79.761539543000083, 8.177229890000035 ], [ 79.761534916000073, 8.177235520000067 ], [ 79.761521083000048, 8.177246732000071 ], [ 79.761480698000071, 8.177269378000062 ], [ 79.761461526000062, 8.177278220000062 ], [ 79.761438752000061, 8.177286092000031 ], [ 79.76141276900006, 8.177292683000076 ], [ 79.761381773000039, 8.177298390000033 ], [ 79.761354967000045, 8.177302027000053 ], [ 79.761345489000064, 8.177303313000039 ], [ 79.761308753000037, 8.177304114000037 ], [ 79.761227096000084, 8.177298394000047 ], [ 79.76119118400004, 8.177298197000027 ], [ 79.761157155000035, 8.177302053000062 ], [ 79.761111017000076, 8.177310535000061 ], [ 79.761075410000046, 8.177317080000023 ], [ 79.761053551000032, 8.177319193000073 ], [ 79.761033917000077, 8.177319306000072 ], [ 79.761003003000042, 8.17731567900006 ], [ 79.760968802000036, 8.177308221000033 ], [ 79.760931260000064, 8.177296820000038 ], [ 79.760892861000059, 8.177282295000055 ], [ 79.760861804000058, 8.177267907000044 ], [ 79.760830920000046, 8.177251126000044 ], [ 79.760800540000048, 8.17723213000005 ], [ 79.760771060000081, 8.177211166000063 ], [ 79.760738798000034, 8.177185456000075 ], [ 79.760712371000068, 8.177161652000052 ], [ 79.76069029100006, 8.177138396000032 ], [ 79.76067252200005, 8.17711563000006 ], [ 79.760655677000045, 8.177087679000067 ], [ 79.760640200000068, 8.177054400000031 ], [ 79.760626171000069, 8.177016903000037 ], [ 79.760605117000068, 8.176952388000075 ], [ 79.760597739000048, 8.176922183000045 ], [ 79.760590071000081, 8.176874388000044 ], [ 79.760586160000059, 8.176850010000067 ], [ 79.760581789000071, 8.176832578000074 ], [ 79.760576509000032, 8.176817448000065 ], [ 79.760568271000068, 8.176800919000073 ], [ 79.760547845000076, 8.176769917000058 ], [ 79.760534243000052, 8.176754386000027 ], [ 79.760520498000062, 8.176743617000056 ], [ 79.760509571000057, 8.176737917000025 ], [ 79.760496519000071, 8.176732964000053 ], [ 79.760480159000053, 8.176728405000063 ], [ 79.760468507000041, 8.176725997000062 ], [ 79.760462474000065, 8.176724750000062 ], [ 79.760438516000079, 8.17672294700003 ], [ 79.760384375000058, 8.176723289000051 ] ], [ [ 79.763794098000062, 8.178735604000053 ], [ 79.763764956000045, 8.178739060000055 ], [ 79.763691831000074, 8.178743563000069 ], [ 79.763634472000035, 8.178745607000053 ], [ 79.763587159000053, 8.178745306000053 ], [ 79.763544865000085, 8.178742691000025 ], [ 79.763486084000078, 8.178734634000023 ], [ 79.763424033000035, 8.178721467000059 ], [ 79.763360954000063, 8.178703892000044 ], [ 79.763284609000038, 8.17867843700003 ], [ 79.763255036000032, 8.178667769000072 ], [ 79.763231692000033, 8.178658060000032 ], [ 79.763171474000046, 8.178627234000032 ], [ 79.763162675000046, 8.178621978000024 ], [ 79.76315685600008, 8.178617171000042 ], [ 79.763153688000045, 8.178612541000064 ], [ 79.76315313200007, 8.178608006000047 ], [ 79.763155371000039, 8.178602640000065 ], [ 79.763160532000029, 8.178596106000043 ], [ 79.763180487000056, 8.178578566000056 ], [ 79.76319505500004, 8.178570633000049 ], [ 79.763213832000076, 8.178564771000026 ], [ 79.76326184800007, 8.178556179000054 ], [ 79.763336050000078, 8.178539866000051 ], [ 79.763392682000074, 8.178530364000039 ], [ 79.763460680000037, 8.178522918000056 ], [ 79.763493600000061, 8.178521027000045 ], [ 79.763525798000046, 8.178520354000057 ], [ 79.763561180000067, 8.178521058000058 ], [ 79.763596745000029, 8.178523355000038 ], [ 79.763635300000033, 8.178527432000067 ], [ 79.76367537200008, 8.178533154000036 ], [ 79.763698704000035, 8.178537905000042 ], [ 79.763724173000071, 8.178544563000059 ], [ 79.763828863000072, 8.178578274000074 ], [ 79.763875281000082, 8.17859035500004 ], [ 79.763979670000083, 8.178606150000064 ], [ 79.764005471000075, 8.178607664000026 ], [ 79.764027575000057, 8.178606305000073 ], [ 79.764031592000038, 8.178605411000035 ], [ 79.764047683000058, 8.178601831000037 ], [ 79.764070085000071, 8.178592672000036 ], [ 79.764089401000035, 8.178581754000049 ], [ 79.764102349000041, 8.178570636000075 ], [ 79.764108587000067, 8.178561711000043 ], [ 79.764113904000055, 8.178550534000067 ], [ 79.764129958000069, 8.178495913000063 ], [ 79.764134915000056, 8.178483886000038 ], [ 79.764140633000068, 8.17847413100003 ], [ 79.764157987000033, 8.17845274900003 ], [ 79.764179780000063, 8.178431618000047 ], [ 79.764206152000042, 8.178410590000055 ], [ 79.764237790000038, 8.178389110000069 ], [ 79.764267096000083, 8.178372144000036 ], [ 79.764297042000067, 8.178357786000049 ], [ 79.764326939000057, 8.17834636200007 ], [ 79.764356300000031, 8.178338057000076 ], [ 79.764387312000053, 8.178332150000074 ], [ 79.764416551000068, 8.17832893700006 ], [ 79.764443630000073, 8.178328458000067 ], [ 79.764468398000076, 8.178330714000026 ], [ 79.764493165000033, 8.178336018000039 ], [ 79.764519712000038, 8.178344621000065 ], [ 79.764548699000045, 8.178356762000021 ], [ 79.764580083000055, 8.178372403000026 ], [ 79.76461075900005, 8.178390934000049 ], [ 79.764640311000051, 8.178412415000025 ], [ 79.764667905000067, 8.178436232000024 ], [ 79.764692851000063, 8.178461796000022 ], [ 79.764716170000042, 8.178490235000027 ], [ 79.764737070000081, 8.178520638000066 ], [ 79.764754922000066, 8.178552069000034 ], [ 79.764769518000037, 8.178584169000032 ], [ 79.764782402000037, 8.17861819500007 ], [ 79.764790853000079, 8.178647068000032 ], [ 79.764795566000032, 8.178673184000047 ], [ 79.76479656500004, 8.178696891000072 ], [ 79.764793550000036, 8.178722877000041 ], [ 79.76478639000004, 8.178751007000074 ], [ 79.764775045000079, 8.17878126100004 ], [ 79.764760157000069, 8.178811948000032 ], [ 79.764750304000074, 8.178828639000074 ], [ 79.764739381000084, 8.178844806000029 ], [ 79.764727557000072, 8.17886020100002 ], [ 79.764715004000038, 8.178874593000046 ], [ 79.764698573000032, 8.178891401000044 ], [ 79.764683694000041, 8.178904862000024 ], [ 79.764669381000033, 8.178915862000053 ], [ 79.764655416000039, 8.178924554000048 ], [ 79.764640691000068, 8.178931581000029 ], [ 79.764624032000029, 8.178937621000046 ], [ 79.764605411000048, 8.178942686000028 ], [ 79.764584677000073, 8.178946817000053 ], [ 79.764565377000054, 8.178949379000073 ], [ 79.764546237000047, 8.178950592000035 ], [ 79.764527624000038, 8.178950438000072 ], [ 79.764509803000067, 8.178948915000035 ], [ 79.764486507000072, 8.178944509000075 ], [ 79.76446167000006, 8.178936775000068 ], [ 79.764431215000059, 8.178923819000033 ], [ 79.764413239000078, 8.178913516000023 ], [ 79.764397879000057, 8.178901651000047 ], [ 79.764382183000066, 8.178886625000075 ], [ 79.764366403000054, 8.178869 ], [ 79.764322285000048, 8.178815989000043 ], [ 79.764307544000076, 8.178800744000057 ], [ 79.764293418000079, 8.178788391000069 ], [ 79.764241152000068, 8.178750050000076 ], [ 79.764207253000052, 8.178728051000064 ], [ 79.764175184000067, 8.178711626000052 ], [ 79.76415997600003, 8.178705735000051 ], [ 79.764145129000042, 8.178701317000048 ], [ 79.764126716000078, 8.178697792000037 ], [ 79.764104244000066, 8.178696050000042 ], [ 79.764057195000078, 8.178695407000021 ], [ 79.764027408000061, 8.178696557000023 ], [ 79.763997628000084, 8.17869939600007 ], [ 79.763964910000084, 8.178704047000053 ], [ 79.76382651800003, 8.178730464000068 ], [ 79.763794098000062, 8.178735604000053 ] ], [ [ 79.755295749000084, 8.18067790200007 ], [ 79.755258394000066, 8.180636649000064 ], [ 79.755234987000051, 8.180613675000075 ], [ 79.755213996000066, 8.180593070000043 ], [ 79.755170175000046, 8.180553392000036 ], [ 79.755067409000048, 8.180463761000055 ], [ 79.755020214000069, 8.180420180000056 ], [ 79.75498114800007, 8.180380666000076 ], [ 79.754947686000037, 8.180342679000034 ], [ 79.754894965000062, 8.18027552500007 ], [ 79.754879393000067, 8.180252950000067 ], [ 79.754865512000038, 8.180229964000034 ], [ 79.754849295000042, 8.180199329000061 ], [ 79.754831044000071, 8.180160762000071 ], [ 79.754808374000049, 8.180109576000063 ], [ 79.754790470000046, 8.180065242000069 ], [ 79.754776120000031, 8.180025091000061 ], [ 79.754764445000035, 8.179986925000037 ], [ 79.754751759000044, 8.179936587000043 ], [ 79.754743163000057, 8.179895248000037 ], [ 79.754738254000074, 8.179862631000049 ], [ 79.754735713000059, 8.179832551000061 ], [ 79.754735379000067, 8.179800378000039 ], [ 79.754735872000083, 8.179790910000065 ], [ 79.75473617800003, 8.179785048000042 ], [ 79.75473708700008, 8.179767573000049 ], [ 79.754740406000053, 8.179738042000054 ], [ 79.754745360000072, 8.179709440000067 ], [ 79.754750971000078, 8.179686166000067 ], [ 79.754758860000038, 8.179661511000063 ], [ 79.75477207800003, 8.179627698000047 ], [ 79.754805349000037, 8.179550704000064 ], [ 79.75483921600005, 8.179479852000043 ], [ 79.754870919000041, 8.179421203000061 ], [ 79.754906775000052, 8.179360807000023 ], [ 79.754947203000029, 8.179297946000077 ], [ 79.754993205000062, 8.179231063000032 ], [ 79.755057046000047, 8.179143459000045 ], [ 79.755146927000055, 8.179025127000045 ], [ 79.755201241000066, 8.17895651200007 ], [ 79.755258239000057, 8.178887857000063 ], [ 79.755334045000041, 8.178801347000046 ], [ 79.755419256000039, 8.178710975000058 ], [ 79.75577639800008, 8.17834392900005 ], [ 79.755863207000061, 8.178257376000033 ], [ 79.755941915000051, 8.178181813000037 ], [ 79.756013756000073, 8.178115882000043 ], [ 79.756082981000077, 8.178055510000036 ], [ 79.756150632000072, 8.177999797000041 ], [ 79.75621708400007, 8.17794843300004 ], [ 79.756249929000035, 8.177925080000023 ], [ 79.75625231500004, 8.177923383000063 ], [ 79.756292689000077, 8.177896825000062 ], [ 79.756427391000045, 8.177814474000058 ], [ 79.756475219000038, 8.17778407000003 ], [ 79.756519967000031, 8.177753247000055 ], [ 79.75655886100003, 8.177723455000034 ], [ 79.756577975000084, 8.177707066000039 ], [ 79.756586337000044, 8.177699903000075 ], [ 79.756607333000034, 8.177678365000077 ], [ 79.75662735800006, 8.177654573000041 ], [ 79.756671719000053, 8.177598001000035 ], [ 79.756693528000085, 8.177573007000035 ], [ 79.756714007000085, 8.177553285000045 ], [ 79.756734329000039, 8.177537737000023 ], [ 79.756750630000056, 8.177528102000053 ], [ 79.756782890000068, 8.177512622000052 ], [ 79.756796798000039, 8.177507960000071 ], [ 79.756808866000085, 8.177506540000024 ], [ 79.756811881000033, 8.177506799000071 ], [ 79.756817471000033, 8.177507280000043 ], [ 79.756827242000043, 8.17750940600007 ], [ 79.75686380500008, 8.177521395000042 ], [ 79.756884789000082, 8.177529352000022 ], [ 79.756905706000055, 8.177539093000064 ], [ 79.756929232000061, 8.177552226000046 ], [ 79.75695277300008, 8.17756767700007 ], [ 79.756976406000035, 8.177585495000073 ], [ 79.757000255000037, 8.177605772000049 ], [ 79.757024243000046, 8.177628412000047 ], [ 79.757048885000074, 8.17765386800005 ], [ 79.757074557000067, 8.177682516000061 ], [ 79.757102537000037, 8.177715779000039 ], [ 79.757141356000034, 8.177763803000062 ], [ 79.757145406000063, 8.177769647000048 ], [ 79.757150563000039, 8.177777089000074 ], [ 79.757157599000038, 8.177789479000069 ], [ 79.757164621000072, 8.177805437000075 ], [ 79.757171159000052, 8.17782459600005 ], [ 79.757180533000053, 8.177858521000076 ], [ 79.757185217000085, 8.177879993000033 ], [ 79.757189655000047, 8.177911640000048 ], [ 79.757191793000061, 8.177946044000066 ], [ 79.757191693000038, 8.17798392100002 ], [ 79.757189354000047, 8.178028014000063 ], [ 79.757181869000078, 8.178115823000041 ], [ 79.757178459000045, 8.17814364700007 ], [ 79.757171797000069, 8.178181744000028 ], [ 79.757152847000043, 8.17827410600006 ], [ 79.757145732000083, 8.178322195000021 ], [ 79.757142231000046, 8.178369728000064 ], [ 79.757140366000044, 8.178412584000057 ], [ 79.757140262000064, 8.178448914000057 ], [ 79.757141836000073, 8.178481972000043 ], [ 79.757145530000059, 8.17851616300004 ], [ 79.757151312000076, 8.178551924000033 ], [ 79.75715907700004, 8.178587786000037 ], [ 79.75716716200003, 8.178616443000067 ], [ 79.757174411000051, 8.178635338000049 ], [ 79.757183892000057, 8.178655979000041 ], [ 79.757230007000032, 8.178744352000024 ], [ 79.757239403000085, 8.17876670000004 ], [ 79.757246155000075, 8.178787457000055 ], [ 79.757251653000083, 8.178811621000023 ], [ 79.757254003000071, 8.178821947000074 ], [ 79.75725994700008, 8.178858535000074 ], [ 79.757263867000063, 8.178896468000062 ], [ 79.757265725000082, 8.17893534500007 ], [ 79.757265558000086, 8.178970788000072 ], [ 79.757265112000084, 8.178978763000032 ], [ 79.757263587000068, 8.179006007000055 ], [ 79.757259833000035, 8.179040629000042 ], [ 79.75725433100007, 8.179074330000049 ], [ 79.757244850000063, 8.179117833000021 ], [ 79.757235494000042, 8.179152413000054 ], [ 79.757225090000077, 8.17918234800004 ], [ 79.75721328000003, 8.179208561000053 ], [ 79.757203269000058, 8.179226285000027 ], [ 79.757190596000044, 8.179245295000044 ], [ 79.757169791000081, 8.179272921000063 ], [ 79.757152501000064, 8.179294085000038 ], [ 79.757127026000035, 8.179319976000045 ], [ 79.757079434000048, 8.179363162000072 ], [ 79.757065159000035, 8.179376115000025 ], [ 79.757038919000081, 8.179404274000035 ], [ 79.75701549200005, 8.179436556000041 ], [ 79.757009961000051, 8.179444179000029 ], [ 79.757006564000051, 8.17944968300003 ], [ 79.756981345000042, 8.179490546000068 ], [ 79.756966878000071, 8.179518135000023 ], [ 79.756952169000044, 8.179549983000072 ], [ 79.756908923000083, 8.179656106000039 ], [ 79.756892134000054, 8.179705605000038 ], [ 79.756886957000063, 8.179722807000076 ], [ 79.75685560900007, 8.17982696100006 ], [ 79.75684435200003, 8.179859219000036 ], [ 79.756832921000068, 8.179887762000021 ], [ 79.756816873000048, 8.179921577000073 ], [ 79.756809961000044, 8.179934255000035 ], [ 79.756792444000041, 8.179966382000032 ], [ 79.756767269000079, 8.180008652000026 ], [ 79.756741005000038, 8.180048432000035 ], [ 79.75670950600005, 8.180091710000056 ], [ 79.756674157000077, 8.180136171000072 ], [ 79.756634407000035, 8.180182521000063 ], [ 79.756588718000046, 8.180232561000025 ], [ 79.756535886000052, 8.180287766000049 ], [ 79.756397634000052, 8.180428952000057 ], [ 79.756356651000033, 8.180467496000063 ], [ 79.756319233000056, 8.180498488000069 ], [ 79.756290067000066, 8.180519461000074 ], [ 79.756257469000047, 8.180540371000063 ], [ 79.756221373000074, 8.180561266000041 ], [ 79.756180315000051, 8.180583004000027 ], [ 79.756122161000064, 8.180611565000049 ], [ 79.756079595000074, 8.180631073000029 ], [ 79.756031925000059, 8.180651094000041 ], [ 79.755983267000033, 8.180669665000039 ], [ 79.755940498000029, 8.180684516000042 ], [ 79.755897206000043, 8.180698200000052 ], [ 79.755853499000068, 8.180710686000054 ], [ 79.755809488000068, 8.180721943000037 ], [ 79.755741208000074, 8.18073683800003 ], [ 79.755667609000056, 8.180749917000071 ], [ 79.755580381000073, 8.180766731000062 ], [ 79.755550024000058, 8.180771527000047 ], [ 79.755523227000083, 8.180774605000067 ], [ 79.755498594000073, 8.180776120000075 ], [ 79.755475675000071, 8.180776095000056 ], [ 79.755454705000034, 8.180774592000034 ], [ 79.755434863000062, 8.180771618000051 ], [ 79.755418552000037, 8.180767855000056 ], [ 79.755391918000043, 8.180759989000023 ], [ 79.755375309000044, 8.180754322000041 ], [ 79.755361879000077, 8.180748597000047 ], [ 79.755350443000054, 8.180742290000069 ], [ 79.755341076000036, 8.180735433000052 ], [ 79.755326682000032, 8.180720085000075 ], [ 79.755295749000084, 8.18067790200007 ] ], [ [ 79.749043477000043, 8.180057168000076 ], [ 79.74902871200004, 8.18004202000003 ], [ 79.74901353000007, 8.180023551000033 ], [ 79.748977885000045, 8.179972642000052 ], [ 79.748975349000034, 8.179969020000044 ], [ 79.748969225000053, 8.179960271000027 ], [ 79.748941512000044, 8.179916167000044 ], [ 79.748938345000056, 8.17991003800006 ], [ 79.748932294000042, 8.179898331000061 ], [ 79.748919927000031, 8.179874407000057 ], [ 79.748900974000037, 8.179830535000065 ], [ 79.748899331000075, 8.179826149000064 ], [ 79.748890248000066, 8.179801919000056 ], [ 79.74886450300005, 8.179714275000038 ], [ 79.748859538000033, 8.179697371000032 ], [ 79.748854612000059, 8.179682502000048 ], [ 79.748851750000085, 8.179673864000051 ], [ 79.748835574000054, 8.179625021000049 ], [ 79.748828296000056, 8.179609126000059 ], [ 79.748825562000036, 8.179603154000063 ], [ 79.748824311000078, 8.179600421000032 ], [ 79.748811758000045, 8.179582057000061 ], [ 79.74879399100007, 8.179556063000064 ], [ 79.748791728000072, 8.179551444000026 ], [ 79.748780030000034, 8.179527449000034 ], [ 79.748778619000063, 8.179523721000066 ], [ 79.748770452000031, 8.179501917000039 ], [ 79.748734532000071, 8.179389478000076 ], [ 79.748730826000042, 8.179375725000057 ], [ 79.74872857400004, 8.179367367000054 ], [ 79.748725473000036, 8.17935585500004 ], [ 79.748717938000084, 8.179319658000054 ], [ 79.748700403000043, 8.179210648000037 ], [ 79.748699006000038, 8.179201963000025 ], [ 79.74869777300006, 8.179196016000049 ], [ 79.748679067000069, 8.179105552000067 ], [ 79.748671153000032, 8.179043653000065 ], [ 79.748670442000048, 8.179041108000035 ], [ 79.748668950000081, 8.179035759000044 ], [ 79.748666305000029, 8.179026280000073 ], [ 79.748661072000061, 8.179013241000064 ], [ 79.748653097000044, 8.178993371000047 ], [ 79.748648480000043, 8.178979455000047 ], [ 79.748647476000031, 8.178974377000031 ], [ 79.748646713000085, 8.178970527000047 ], [ 79.748643325000046, 8.178953417000059 ], [ 79.748641183000075, 8.178933552000046 ], [ 79.748641805000034, 8.178916492000042 ], [ 79.748642370000084, 8.178913950000037 ], [ 79.748642993000033, 8.178911151000023 ], [ 79.748645635000059, 8.178899263000062 ], [ 79.748653361000038, 8.178879886000061 ], [ 79.748655892000045, 8.178875638000022 ], [ 79.748661623000032, 8.178866018000065 ], [ 79.748675891000062, 8.178848158000051 ], [ 79.748677758000042, 8.178845821000039 ], [ 79.748680916000069, 8.178841868000063 ], [ 79.748696156000051, 8.178825178000068 ], [ 79.748736420000057, 8.178787053000065 ], [ 79.748765925000043, 8.178759118000073 ], [ 79.748780092000061, 8.178747065000039 ], [ 79.748794624000084, 8.178736859000026 ], [ 79.748811540000077, 8.178726969000024 ], [ 79.74882933300006, 8.178718368000034 ], [ 79.748844872000063, 8.178712484000073 ], [ 79.748852702000079, 8.178710355000021 ], [ 79.748860164000064, 8.178708326000049 ], [ 79.748877132000075, 8.17870534900004 ], [ 79.748894580000069, 8.178703841000072 ], [ 79.748907172000031, 8.178704239000069 ], [ 79.748914567000043, 8.178704473000039 ], [ 79.74892533700006, 8.178704813000024 ], [ 79.748953505000031, 8.178709816000037 ], [ 79.748964792000038, 8.17871395700007 ], [ 79.748969772000066, 8.178715784000076 ], [ 79.748974541000052, 8.178717535000033 ], [ 79.748996039000076, 8.178730976000054 ], [ 79.749014790000047, 8.178745144000061 ], [ 79.749018883000076, 8.178748238000026 ], [ 79.749042442000075, 8.178766038000049 ], [ 79.749080679000031, 8.178800398000021 ], [ 79.749122152000041, 8.178843682000036 ], [ 79.749180240000044, 8.178910366000025 ], [ 79.74921968600006, 8.178956524000057 ], [ 79.749245564000034, 8.178988667000056 ], [ 79.749267579000048, 8.179018834000033 ], [ 79.749285787000076, 8.179047337000043 ], [ 79.749306248000039, 8.179084630000034 ], [ 79.749324823000052, 8.17912394800004 ], [ 79.749331553000047, 8.17914068400006 ], [ 79.749335692000045, 8.179150979000042 ], [ 79.749343245000034, 8.179169764000051 ], [ 79.749355541000057, 8.179206970000052 ], [ 79.749356553000041, 8.17921149600005 ], [ 79.749357674000066, 8.179216507000035 ], [ 79.749361931000067, 8.179235553000069 ], [ 79.749365022000063, 8.179267546000062 ], [ 79.749365370000078, 8.179298404000065 ], [ 79.74936359700007, 8.179363126000055 ], [ 79.74936339900006, 8.179370386000073 ], [ 79.749364508000042, 8.17940442400004 ], [ 79.749365646000058, 8.179413821000026 ], [ 79.749366880000082, 8.179424011000037 ], [ 79.749367826000082, 8.179431824000062 ], [ 79.749371440000061, 8.179451911000058 ], [ 79.749378254000078, 8.179489787000023 ], [ 79.749381877000076, 8.179515467000044 ], [ 79.749382308000065, 8.179521471000044 ], [ 79.749383206000061, 8.179534077000028 ], [ 79.749383322000085, 8.179539630000022 ], [ 79.749384089000046, 8.179576410000038 ], [ 79.74938551300005, 8.179593787000044 ], [ 79.749386650000076, 8.179599290000056 ], [ 79.749388187000079, 8.179606727000021 ], [ 79.749390548000065, 8.179618149000021 ], [ 79.749405603000071, 8.179662349000068 ], [ 79.74940954200008, 8.17967391600007 ], [ 79.749410844000067, 8.179679090000036 ], [ 79.749413547000074, 8.179689833000054 ], [ 79.74941939200005, 8.179713064000055 ], [ 79.749424382000029, 8.17974145900007 ], [ 79.749425263000035, 8.179746472000033 ], [ 79.749427754000067, 8.179783746000055 ], [ 79.749427225000034, 8.179816370000026 ], [ 79.74942717700003, 8.179819354000074 ], [ 79.749427129000082, 8.179822330000036 ], [ 79.749424453000074, 8.179861774000074 ], [ 79.74942027700007, 8.179889858000024 ], [ 79.749416770000039, 8.17990334600006 ], [ 79.749415723000084, 8.179907374000038 ], [ 79.749414030000082, 8.179913889000034 ], [ 79.749405787000057, 8.179934984000056 ], [ 79.749394214000063, 8.179958131000035 ], [ 79.749362933000043, 8.180010801000037 ], [ 79.749340371000073, 8.180048864000071 ], [ 79.749327751000067, 8.180066869000029 ], [ 79.749319548000074, 8.180076042000053 ], [ 79.749317700000063, 8.180078109000021 ], [ 79.749314880000043, 8.180081262000044 ], [ 79.749296393000066, 8.180098164000071 ], [ 79.749277841000037, 8.180111778000025 ], [ 79.749260910000032, 8.180121231000044 ], [ 79.749258442000041, 8.180122225000048 ], [ 79.749240042000054, 8.180129627000042 ], [ 79.749220578000063, 8.180134993000024 ], [ 79.749202900000057, 8.18013727400006 ], [ 79.749193060000039, 8.180137052000021 ], [ 79.749181781000061, 8.180135161000067 ], [ 79.749170424000056, 8.180131412000037 ], [ 79.749157557000046, 8.180125575000034 ], [ 79.749079857000083, 8.180083907000039 ], [ 79.749059872000032, 8.180070713000021 ], [ 79.749054981000029, 8.180066673000056 ], [ 79.749052395000035, 8.180064537000021 ], [ 79.749043477000043, 8.180057168000076 ] ], [ [ 79.765477846000067, 8.179116831000044 ], [ 79.765490212000032, 8.179127029000028 ], [ 79.765504824000061, 8.179141812000069 ], [ 79.765519527000038, 8.179159773000038 ], [ 79.765558953000038, 8.179218037000055 ], [ 79.765572533000068, 8.179238109000039 ], [ 79.765585451000049, 8.179255161000071 ], [ 79.765597945000081, 8.179269500000032 ], [ 79.765614102000029, 8.179285547000063 ], [ 79.765633156000035, 8.179302476000032 ], [ 79.765698321000059, 8.179354709000052 ], [ 79.765721147000079, 8.17937403600007 ], [ 79.765741923000064, 8.179393771000036 ], [ 79.765759157000048, 8.179412930000069 ], [ 79.765774105000048, 8.179432750000046 ], [ 79.765789264000034, 8.179456135000066 ], [ 79.765833480000083, 8.179534985000032 ], [ 79.765849755000033, 8.179561969000076 ], [ 79.765866663000054, 8.179586184000073 ], [ 79.765883341000063, 8.17960591700006 ], [ 79.765904589000058, 8.179625919000046 ], [ 79.765930798000056, 8.179646138000066 ], [ 79.765957399000058, 8.179664009000021 ], [ 79.766021565000074, 8.179704412000035 ], [ 79.766041611000048, 8.179718470000068 ], [ 79.766051566000044, 8.179725452000071 ], [ 79.766076991000034, 8.179746820000048 ], [ 79.766097229000081, 8.179768459000059 ], [ 79.766108895000059, 8.179784461000054 ], [ 79.766126278000058, 8.179813268000032 ], [ 79.766130181000051, 8.179821435000065 ], [ 79.766131628000039, 8.179828327000052 ], [ 79.766130405000069, 8.179836501000068 ], [ 79.766125974000033, 8.179846186000077 ], [ 79.76611181100003, 8.179867914000056 ], [ 79.766102182000054, 8.179879827000036 ], [ 79.766091403000075, 8.179890404000048 ], [ 79.766078936000042, 8.179900418000045 ], [ 79.766064834000076, 8.179909824000049 ], [ 79.766049181000085, 8.179918567000072 ], [ 79.766031794000071, 8.179926711000064 ], [ 79.766013132000069, 8.179934001000049 ], [ 79.766003010000077, 8.179937245000076 ], [ 79.765992612000048, 8.179940578000071 ], [ 79.765974927000059, 8.179944961000047 ], [ 79.765944593000029, 8.179948563000039 ], [ 79.765908139000032, 8.179948525000043 ], [ 79.765849507000041, 8.179943979000029 ], [ 79.765807599000084, 8.179937489000054 ], [ 79.765759552000077, 8.179925827000034 ], [ 79.765708734000043, 8.179909297000052 ], [ 79.765653736000047, 8.179887361000056 ], [ 79.765596834000064, 8.179860962000021 ], [ 79.765548095000042, 8.179834724000045 ], [ 79.76550295100003, 8.179806641000027 ], [ 79.765498439000055, 8.179803389000028 ], [ 79.765462049000064, 8.179777149000074 ], [ 79.76542463800007, 8.179745710000077 ], [ 79.76539585200004, 8.179718620000074 ], [ 79.765372204000073, 8.179694168000026 ], [ 79.765352091000068, 8.179670689000034 ], [ 79.765335180000079, 8.179647766000073 ], [ 79.765318036000053, 8.179620108000051 ], [ 79.765302638000037, 8.179590689000065 ], [ 79.765289317000054, 8.179560053000046 ], [ 79.765279142000054, 8.179530700000043 ], [ 79.765273492000063, 8.179502949000039 ], [ 79.765271144000053, 8.179471628000044 ], [ 79.765271533000032, 8.179438877000052 ], [ 79.765276150000034, 8.179351505000056 ], [ 79.765275779000035, 8.179325701000039 ], [ 79.765273757000045, 8.179302849000067 ], [ 79.76527064000004, 8.179285074000063 ], [ 79.765265555000042, 8.179267477000053 ], [ 79.765243185000031, 8.17921184000005 ], [ 79.76523684700004, 8.179193978000058 ], [ 79.76523287100008, 8.17917880300007 ], [ 79.76523082500006, 8.179164912000033 ], [ 79.765230840000072, 8.17914922600005 ], [ 79.765234389000057, 8.179125445000068 ], [ 79.765238245000035, 8.179110928000057 ], [ 79.765243516000055, 8.179100136000045 ], [ 79.765251123000041, 8.179091253000024 ], [ 79.765261802000055, 8.179082941000047 ], [ 79.765275541000051, 8.179075198000021 ], [ 79.765292560000034, 8.179067900000064 ], [ 79.765306707000036, 8.179063497000072 ], [ 79.76532174700003, 8.179060569000058 ], [ 79.76533716800003, 8.17905926800006 ], [ 79.765350565000062, 8.179059781000035 ], [ 79.765364934000047, 8.179062288000068 ], [ 79.765381001000037, 8.179066899000077 ], [ 79.765424431000042, 8.179084407000062 ], [ 79.765442051000036, 8.179093649000038 ], [ 79.765460031000032, 8.179104572000028 ], [ 79.765477846000067, 8.179116831000044 ] ], [ [ 79.768156915000077, 8.181383666000045 ], [ 79.768123330000037, 8.181351964000044 ], [ 79.768081058000064, 8.181315705000031 ], [ 79.768041598000082, 8.181283424000071 ], [ 79.768033009000078, 8.181276398000023 ], [ 79.768011818000048, 8.181259063000027 ], [ 79.767983809000043, 8.181238661000066 ], [ 79.767966324000042, 8.181226871000035 ], [ 79.767951721000031, 8.181217023000045 ], [ 79.767901284000061, 8.18118540100005 ], [ 79.767842933000054, 8.181148817000064 ], [ 79.767803369000035, 8.181122961000028 ], [ 79.76776568400004, 8.18109610700003 ], [ 79.767733160000034, 8.181070083000066 ], [ 79.767729515000042, 8.181066740000063 ], [ 79.767726440000047, 8.181063918000063 ], [ 79.767708959000061, 8.181047883000076 ], [ 79.767683779000038, 8.181021313000031 ], [ 79.767668606000029, 8.181003111000052 ], [ 79.767605820000085, 8.180927785000051 ], [ 79.767576457000075, 8.180894979000072 ], [ 79.767545773000052, 8.180865551000068 ], [ 79.767515639000067, 8.180842279000046 ], [ 79.76749189800006, 8.180828077000058 ], [ 79.767463971000041, 8.180814919000056 ], [ 79.767432092000035, 8.180802656000026 ], [ 79.767397122000034, 8.180790587000047 ], [ 79.76733762300006, 8.180770050000035 ], [ 79.767309389000047, 8.180757892000031 ], [ 79.767285471000037, 8.180745105000028 ], [ 79.767273225000054, 8.180736548000027 ], [ 79.767269258000056, 8.180733775000022 ], [ 79.767255998000053, 8.180724510000061 ], [ 79.767224664000082, 8.180697632000033 ], [ 79.767194188000076, 8.180666762000044 ], [ 79.767163438000068, 8.180630892000067 ], [ 79.767139490000034, 8.180599852000057 ], [ 79.76711406700008, 8.18056430300004 ], [ 79.767016561000048, 8.180418830000065 ], [ 79.766995275000056, 8.18038391400006 ], [ 79.766980677000049, 8.180353436000075 ], [ 79.766973110000038, 8.180331175000049 ], [ 79.766963188000034, 8.180290489000072 ], [ 79.766958488000057, 8.180261804000054 ], [ 79.766957003000073, 8.180237446000035 ], [ 79.76695851900007, 8.180218368000055 ], [ 79.766962799000055, 8.180203111000026 ], [ 79.76697028600006, 8.18019051300007 ], [ 79.766981567000073, 8.180179337000027 ], [ 79.766994823000061, 8.180170426000075 ], [ 79.767011229000047, 8.180162387000053 ], [ 79.767030911000063, 8.180155156000069 ], [ 79.767054257000041, 8.180148590000044 ], [ 79.767089485000042, 8.180141018000029 ], [ 79.76715482600008, 8.180129449000049 ], [ 79.76716250000004, 8.180128090000039 ], [ 79.767182926000032, 8.180125445000044 ], [ 79.767204570000047, 8.18012400300006 ], [ 79.767234343000041, 8.180123877000028 ], [ 79.767267810000078, 8.180125667000027 ], [ 79.76738041200008, 8.180137628000068 ], [ 79.767421846000047, 8.180140760000029 ], [ 79.767479, 8.180141985000034 ], [ 79.767599032000078, 8.180140307000045 ], [ 79.767650636000042, 8.180140747000053 ], [ 79.767704349000041, 8.180143864000058 ], [ 79.767751566000072, 8.180150104000063 ], [ 79.767778694000071, 8.180155695000053 ], [ 79.767804778000084, 8.180162802000041 ], [ 79.767828032000068, 8.180170820000058 ], [ 79.767852885000082, 8.180181178000055 ], [ 79.767899185000033, 8.180204307000054 ], [ 79.768000576000077, 8.180260843000042 ], [ 79.768008402000078, 8.180265207000048 ], [ 79.768038137000076, 8.180279717000076 ], [ 79.768066315000056, 8.180291725000075 ], [ 79.768102490000047, 8.180304544000023 ], [ 79.768126348000067, 8.180312998000034 ], [ 79.768263999000055, 8.180355200000065 ], [ 79.768295292000062, 8.180366194000044 ], [ 79.768323055000053, 8.180377197000041 ], [ 79.768350484000052, 8.180389676000061 ], [ 79.768375440000057, 8.180402885000035 ], [ 79.768397717000084, 8.180416639000043 ], [ 79.768401864000055, 8.180419605000054 ], [ 79.768420509000066, 8.180432941000049 ], [ 79.768447232000085, 8.180454635000046 ], [ 79.768474352000055, 8.180479410000032 ], [ 79.768502296000065, 8.180507651000028 ], [ 79.768532125000036, 8.18054042600005 ], [ 79.76863406800004, 8.180662533000032 ], [ 79.768635968000069, 8.180664808000074 ], [ 79.76863725700008, 8.180667021000033 ], [ 79.768661801000064, 8.180695750000041 ], [ 79.768696762000047, 8.180740100000037 ], [ 79.768733316000066, 8.180788815000028 ], [ 79.768796470000041, 8.180877430000066 ], [ 79.768863297000053, 8.180975035000074 ], [ 79.768875341000069, 8.18099262800007 ], [ 79.76888241000006, 8.181002953000075 ], [ 79.768888419000064, 8.181013136000047 ], [ 79.768916861000037, 8.181061337000074 ], [ 79.768984150000051, 8.181189238000059 ], [ 79.769014722000065, 8.181243119000044 ], [ 79.769032623000044, 8.181271387000038 ], [ 79.769050372000038, 8.181296744000065 ], [ 79.769068326000081, 8.181319698000038 ], [ 79.769086680000044, 8.18134049300005 ], [ 79.769103664000056, 8.181357508000076 ], [ 79.769114304000084, 8.181366920000073 ], [ 79.76912119800005, 8.181373019000034 ], [ 79.769140568000068, 8.181388127000048 ], [ 79.769162307000045, 8.181403248000038 ], [ 79.769202456000073, 8.181427922000069 ], [ 79.769287856000062, 8.181475482000053 ], [ 79.76931421300003, 8.181491076000043 ], [ 79.769323687000053, 8.181496682000045 ], [ 79.769331654000041, 8.181501894000064 ], [ 79.769340736000061, 8.181507835000048 ], [ 79.769436739000071, 8.181570641000064 ], [ 79.769506278000051, 8.181617586000073 ], [ 79.769554375000041, 8.181651653000074 ], [ 79.769597449000059, 8.181683870000029 ], [ 79.769636829000035, 8.181715232000045 ], [ 79.769673067000042, 8.181746180000061 ], [ 79.769678232000047, 8.181750929000032 ], [ 79.769699142000036, 8.181770151000023 ], [ 79.769725274000052, 8.181796056000053 ], [ 79.769751932000077, 8.181824353000025 ], [ 79.769779600000049, 8.181855562000067 ], [ 79.769829005000076, 8.181915080000067 ], [ 79.769944686000031, 8.182060669000066 ], [ 79.769976425000038, 8.18209861400004 ], [ 79.770006443000057, 8.182132514000045 ], [ 79.770052341000053, 8.182179645000076 ], [ 79.770165542000029, 8.182287185000064 ], [ 79.770193061000043, 8.182315671000026 ], [ 79.770216666000067, 8.182342345000052 ], [ 79.770233755000049, 8.182363597000062 ], [ 79.770249038000031, 8.182384587000058 ], [ 79.77025261700004, 8.182390110000028 ], [ 79.770299555000065, 8.182462551000071 ], [ 79.770329515000071, 8.182516065000073 ], [ 79.770341399000074, 8.182540851000056 ], [ 79.77035143300003, 8.182564759000059 ], [ 79.770360039000082, 8.182589040000039 ], [ 79.77036675800008, 8.182612702000029 ], [ 79.770369237000068, 8.182624118000035 ], [ 79.770377140000051, 8.182660524000028 ], [ 79.770382138000059, 8.182688898000038 ], [ 79.770384451000041, 8.182710535000069 ], [ 79.770384806000038, 8.182729636000033 ], [ 79.77038321100008, 8.182746741000074 ], [ 79.77037964200008, 8.182762040000057 ], [ 79.770369726000069, 8.182785357000057 ], [ 79.770354606000069, 8.182809282000051 ], [ 79.770334869000067, 8.182832863000044 ], [ 79.770311793000076, 8.182854557000041 ], [ 79.770293975000072, 8.182867847000068 ], [ 79.770290009000064, 8.182870806000039 ], [ 79.770267381000053, 8.18288347500004 ], [ 79.770240183000055, 8.182894719000046 ], [ 79.77020993800005, 8.182903718000034 ], [ 79.770181391000051, 8.182909556000027 ], [ 79.770176731000049, 8.182910076000041 ], [ 79.770158380000055, 8.182912126000076 ], [ 79.770133456000053, 8.182912036000062 ], [ 79.770106654000074, 8.182909205000044 ], [ 79.770078107000074, 8.182903711000051 ], [ 79.770046529000069, 8.182895364000046 ], [ 79.770012175000033, 8.182884401000024 ], [ 79.769963406000045, 8.182867229000067 ], [ 79.769959537000034, 8.18286585900006 ], [ 79.769923292000044, 8.182850941000027 ], [ 79.769885836000071, 8.182832139000027 ], [ 79.769846498000049, 8.182809134000024 ], [ 79.76980337100008, 8.182780817000037 ], [ 79.769751330000076, 8.182743790000075 ], [ 79.769691194000075, 8.182699400000047 ], [ 79.769680326000071, 8.182691376000037 ], [ 79.769652415000053, 8.18267077400003 ], [ 79.769607604000043, 8.182633811000073 ], [ 79.769541524000033, 8.182576552000057 ], [ 79.769489984000074, 8.182531893000032 ], [ 79.76945493900007, 8.182503933000021 ], [ 79.769444116000045, 8.182495971000037 ], [ 79.769438715000035, 8.182491996000067 ], [ 79.769416570000033, 8.182475703000023 ], [ 79.769348640000032, 8.182428584000036 ], [ 79.769272193000063, 8.182378636000067 ], [ 79.76922316100007, 8.182348044000037 ], [ 79.76921328800006, 8.182341884000039 ], [ 79.769139792000033, 8.182296028000053 ], [ 79.769072799000071, 8.182256770000038 ], [ 79.769028380000066, 8.182233427000028 ], [ 79.769017275000067, 8.182228164000037 ], [ 79.769013251000047, 8.182226259000061 ], [ 79.76896411000007, 8.182202981000046 ], [ 79.768926156000077, 8.182186907000073 ], [ 79.76889299100003, 8.182175378000068 ], [ 79.768889437000041, 8.182174498000052 ], [ 79.768886437000049, 8.182173753000029 ], [ 79.768869926000036, 8.182169660000056 ], [ 79.768843925000056, 8.182166223000024 ], [ 79.768816343000083, 8.182164817000057 ], [ 79.768796318000057, 8.182164549000049 ], [ 79.768740341000068, 8.182163795000065 ], [ 79.768717783000056, 8.182161923000024 ], [ 79.768698082000071, 8.182158719000029 ], [ 79.768676149000044, 8.182152562000056 ], [ 79.768652699000029, 8.18214295100006 ], [ 79.768627829000081, 8.182130071000074 ], [ 79.76860232000007, 8.18211423200006 ], [ 79.768571945000076, 8.182092219000026 ], [ 79.768539486000066, 8.18206544800006 ], [ 79.768502584000032, 8.182031944000073 ], [ 79.768484436000051, 8.182014423000055 ], [ 79.76848181500003, 8.182011893000038 ], [ 79.768457072000047, 8.181988004000061 ], [ 79.768429188000084, 8.181958930000064 ], [ 79.76840590200004, 8.181932099000051 ], [ 79.768386213000042, 8.181906357000059 ], [ 79.768369854000071, 8.181881333000035 ], [ 79.768366410000056, 8.181875114000036 ], [ 79.768361674000062, 8.181866558000024 ], [ 79.768354749000082, 8.18185119900005 ], [ 79.768348630000048, 8.181834287000072 ], [ 79.768343286000061, 8.181815674000063 ], [ 79.768335506000085, 8.181778333000068 ], [ 79.768326576000049, 8.181722042000047 ], [ 79.768323645000066, 8.181703571000071 ], [ 79.768319385000041, 8.181676717000073 ], [ 79.768312296000033, 8.181647411000029 ], [ 79.768302901000084, 8.181620157000054 ], [ 79.76827657900003, 8.18156033200006 ], [ 79.768251819000056, 8.181512953000038 ], [ 79.76824767100004, 8.181505015000027 ], [ 79.768232480000052, 8.181479632000048 ], [ 79.768216824000035, 8.18145581400006 ], [ 79.768200446000037, 8.181433232000074 ], [ 79.768196556000078, 8.181428406000066 ], [ 79.768184548000079, 8.181413518000056 ], [ 79.768156915000077, 8.181383666000045 ] ], [ [ 79.771969802000058, 8.18371711900005 ], [ 79.772007121000058, 8.183737281000049 ], [ 79.772019405000037, 8.183743588000027 ], [ 79.772088298000085, 8.183778930000074 ], [ 79.772121232000075, 8.183794836000061 ], [ 79.772150071000056, 8.183807426000044 ], [ 79.772177080000063, 8.183817395000062 ], [ 79.77218061700006, 8.183818700000074 ], [ 79.772185145000037, 8.183820371000024 ], [ 79.772217597000065, 8.183828972000072 ], [ 79.772253945000045, 8.183835589000068 ], [ 79.772309994000068, 8.183843586000023 ], [ 79.772356265000042, 8.183850187000075 ], [ 79.772386820000065, 8.183856848000062 ], [ 79.772400536000077, 8.183861001000025 ], [ 79.772404563000066, 8.183862220000037 ], [ 79.772414149000042, 8.183865123000032 ], [ 79.772452969000085, 8.183880594000073 ], [ 79.772494978000054, 8.183901399000035 ], [ 79.772533972000076, 8.183923446000051 ], [ 79.772606985000039, 8.183967174000031 ], [ 79.77262410600008, 8.183977428000048 ], [ 79.772668580000072, 8.184001693000027 ], [ 79.77270375900008, 8.184018192000053 ], [ 79.772711082000058, 8.184021148000056 ], [ 79.772714637000036, 8.184022581000022 ], [ 79.772763250000082, 8.184042197000053 ], [ 79.772815843000046, 8.184061445000054 ], [ 79.772861254000077, 8.184075163000045 ], [ 79.77288735500008, 8.184081116000073 ], [ 79.772940904000052, 8.184091240000043 ], [ 79.772961043000066, 8.184095048000074 ], [ 79.772965480000039, 8.184096201000045 ], [ 79.772968936000041, 8.184097099000041 ], [ 79.773066302000075, 8.184122399000046 ], [ 79.773123036000072, 8.184140629000069 ], [ 79.773170934000063, 8.184160106000036 ], [ 79.773195569000052, 8.184172317000048 ], [ 79.773218206000081, 8.184185342000035 ], [ 79.773239831000069, 8.184199880000051 ], [ 79.773244816000044, 8.184203885000045 ], [ 79.773256184000047, 8.184213018000037 ], [ 79.773268597000083, 8.184225172000026 ], [ 79.773281623000059, 8.184239845000036 ], [ 79.773300277000033, 8.184263731000044 ], [ 79.773322883000048, 8.184292680000055 ], [ 79.773339021000083, 8.184311816000047 ], [ 79.773356315000058, 8.184329188000049 ], [ 79.773372774000052, 8.184342199000071 ], [ 79.77339095800005, 8.184352365000052 ], [ 79.77341436200004, 8.184361479000074 ], [ 79.773433509000085, 8.18436728100005 ], [ 79.773439980000035, 8.184369242000059 ], [ 79.77349861600004, 8.18438485300004 ], [ 79.773522164000042, 8.184392805000073 ], [ 79.773532247000048, 8.184397632000071 ], [ 79.773539326000048, 8.184402594000062 ], [ 79.773543572000051, 8.184407812000075 ], [ 79.773545039000055, 8.184413360000065 ], [ 79.773542678000069, 8.184422674000075 ], [ 79.773535404000029, 8.184433942000055 ], [ 79.77352342000006, 8.184446837000053 ], [ 79.773507279000057, 8.184460760000036 ], [ 79.773487476000071, 8.184475200000065 ], [ 79.773465833000046, 8.184488762000058 ], [ 79.773444140000038, 8.18450032800007 ], [ 79.773424026000043, 8.184509027000047 ], [ 79.773414646000049, 8.184512011000038 ], [ 79.773408520000032, 8.184513958000025 ], [ 79.773391059000062, 8.184517783000047 ], [ 79.773372499000061, 8.18452030800006 ], [ 79.773353215000043, 8.184521497000048 ], [ 79.77333371900005, 8.18452131600003 ], [ 79.773314549000077, 8.184519770000065 ], [ 79.773296229000039, 8.184516903000031 ], [ 79.77327921400007, 8.184512787000074 ], [ 79.773276183000064, 8.184511722000025 ], [ 79.773266660000047, 8.184508374000075 ], [ 79.773254446000067, 8.184502206000047 ], [ 79.773242233000076, 8.184494118000032 ], [ 79.77322984400007, 8.184483985000043 ], [ 79.773207299000035, 8.184461139000064 ], [ 79.773164908000069, 8.184410921000051 ], [ 79.773149498000066, 8.184394144000066 ], [ 79.773146559000054, 8.184390944000029 ], [ 79.773129599000072, 8.184375344000046 ], [ 79.773127092000038, 8.184373404000041 ], [ 79.77309783700008, 8.184350752000057 ], [ 79.773050235000085, 8.184316835000061 ], [ 79.77300002800007, 8.184284290000051 ], [ 79.772947467000051, 8.184253282000043 ], [ 79.772892877000061, 8.184224004000043 ], [ 79.772845008000047, 8.184201185000063 ], [ 79.772792739000067, 8.184179421000067 ], [ 79.772735084000033, 8.184158290000028 ], [ 79.77266893400008, 8.184136643000045 ], [ 79.772535012000048, 8.184097163000047 ], [ 79.772524477000047, 8.184094058000028 ], [ 79.772513328000059, 8.184090771000058 ], [ 79.772471672000052, 8.184080609000034 ], [ 79.772466886000075, 8.184079560000043 ], [ 79.772348093000062, 8.184053553000069 ], [ 79.77230975100008, 8.184043040000063 ], [ 79.772275070000035, 8.184031281000046 ], [ 79.772244084000079, 8.184018565000031 ], [ 79.772209122000049, 8.184001994000027 ], [ 79.772102004000033, 8.183944754000038 ], [ 79.772079523000059, 8.183933323000076 ], [ 79.772065647000034, 8.183926319000022 ], [ 79.771965906000048, 8.183881732000032 ], [ 79.771926395000037, 8.18386203600005 ], [ 79.771923466000032, 8.183860351000021 ], [ 79.771848430000034, 8.183817171000044 ], [ 79.771788720000075, 8.183778392000022 ], [ 79.77176242400003, 8.183759166000073 ], [ 79.771738460000051, 8.183739974000048 ], [ 79.771716644000037, 8.183720666000056 ], [ 79.771696872000064, 8.183701155000051 ], [ 79.771677583000042, 8.183679593000022 ], [ 79.771660569000062, 8.183657634000042 ], [ 79.771646682000039, 8.183636665000051 ], [ 79.771630053000081, 8.183607901000073 ], [ 79.771612435000065, 8.183573813000066 ], [ 79.771600052000053, 8.18354553000006 ], [ 79.771594082000036, 8.183525778000046 ], [ 79.771593543000051, 8.183519396000065 ], [ 79.771594631000085, 8.183515025000077 ], [ 79.771596860000045, 8.183512627000027 ], [ 79.771600289000048, 8.183511357000043 ], [ 79.77161078000006, 8.183512191000034 ], [ 79.771626198000035, 8.183517531000064 ], [ 79.77164682800003, 8.183527474000073 ], [ 79.77169058100003, 8.183552691000045 ], [ 79.771806923000042, 8.18362516600007 ], [ 79.771827535000057, 8.183636782000065 ], [ 79.771969802000058, 8.18371711900005 ] ], [ [ 79.768933453000045, 8.207564975000025 ], [ 79.768943491000073, 8.207580957000062 ], [ 79.768952341000045, 8.207598928000039 ], [ 79.768966936000083, 8.207637685000066 ], [ 79.768986693000045, 8.207700377000037 ], [ 79.769007586000043, 8.207752779000032 ], [ 79.769026413000063, 8.207806723000033 ], [ 79.769039803000055, 8.207838237000033 ], [ 79.76905404200005, 8.207862669000065 ], [ 79.769069533000049, 8.207881260000022 ], [ 79.769089874000031, 8.207899094000027 ], [ 79.769150511000078, 8.207940038000061 ], [ 79.769200041000033, 8.207979763000026 ], [ 79.769260215000031, 8.208034753000049 ], [ 79.769302116000063, 8.208076361000053 ], [ 79.769335807000061, 8.208115239000051 ], [ 79.769364139000061, 8.208155231000035 ], [ 79.769385157000045, 8.208194324000033 ], [ 79.769400808000057, 8.208236034000038 ], [ 79.769409076000045, 8.20826680600004 ], [ 79.769415403000039, 8.208298839000065 ], [ 79.769420083000057, 8.208333282000069 ], [ 79.769423017000065, 8.20836924300005 ], [ 79.769424289000085, 8.208407957000077 ], [ 79.769423776000053, 8.208451215000025 ], [ 79.769418029000065, 8.20852930500007 ], [ 79.769404999000074, 8.208601618000046 ], [ 79.769385890000081, 8.208684144000074 ], [ 79.769369984000036, 8.208743837000043 ], [ 79.769344210000042, 8.208822412000075 ], [ 79.769333750000044, 8.208843486000035 ], [ 79.769321413000057, 8.20886133700003 ], [ 79.769296904000043, 8.208886904000053 ], [ 79.769268490000059, 8.208909383000048 ], [ 79.76924080100008, 8.208926482000038 ], [ 79.769211741000049, 8.208938383000032 ], [ 79.769185151000045, 8.208943121000061 ], [ 79.769152636000058, 8.208944135000024 ], [ 79.76906977200008, 8.208936975000029 ], [ 79.769023539000045, 8.208936191000021 ], [ 79.768996973000071, 8.208939155000053 ], [ 79.768913103000045, 8.208953160000021 ], [ 79.768836994000083, 8.208969883000066 ], [ 79.768770568000036, 8.208990347000054 ], [ 79.768742064000037, 8.209001749000038 ], [ 79.768716581000035, 8.209013843000037 ], [ 79.768668676000061, 8.209043062000035 ], [ 79.768638413000076, 8.209067221000055 ], [ 79.768609740000045, 8.209095603000037 ], [ 79.768582372000083, 8.209128489000022 ], [ 79.768555799000069, 8.209166485000026 ], [ 79.76853383200006, 8.20920262900006 ], [ 79.768511, 8.209244513000044 ], [ 79.76843698600004, 8.209395384000061 ], [ 79.768406608000078, 8.209453042000064 ], [ 79.768372613000054, 8.209508627000048 ], [ 79.768338218000054, 8.209554506000075 ], [ 79.768317504000038, 8.20957746800002 ], [ 79.768296030000045, 8.209597980000069 ], [ 79.76823513100004, 8.209645497000054 ], [ 79.768158050000068, 8.209697792000043 ], [ 79.768080461000068, 8.209742636000044 ], [ 79.768018529000074, 8.209772762000057 ], [ 79.767958002000057, 8.209797064000043 ], [ 79.767915645000073, 8.209809849000067 ], [ 79.767869902000029, 8.209817883000028 ], [ 79.767823043000078, 8.209821394000073 ], [ 79.767769858000065, 8.209821279000039 ], [ 79.767716560000054, 8.209818348000056 ], [ 79.767577480000057, 8.209807351000052 ], [ 79.767501439000057, 8.209805645000074 ], [ 79.767461918000038, 8.20980780900004 ], [ 79.767425643000081, 8.209812448000037 ], [ 79.767392169000061, 8.209819585000048 ], [ 79.767359952000049, 8.209829571000057 ], [ 79.767297542000051, 8.209854564000068 ], [ 79.767228461000059, 8.209888413000044 ], [ 79.767079300000034, 8.209972653000023 ], [ 79.766971266000041, 8.210030906000043 ], [ 79.766922093000062, 8.210060346000034 ], [ 79.766879515000085, 8.21009106200006 ], [ 79.76684724100005, 8.210121489000073 ], [ 79.766834790000075, 8.210136664000061 ], [ 79.766824333000045, 8.210152310000069 ], [ 79.766815234000035, 8.210169374000031 ], [ 79.766807604000064, 8.210187714000028 ], [ 79.766801311000052, 8.210207806000028 ], [ 79.766796542000066, 8.210229262000041 ], [ 79.766791557000033, 8.210276362000059 ], [ 79.766792620000047, 8.210329254000044 ], [ 79.766799739000078, 8.210388461000036 ], [ 79.76681181500004, 8.210449666000045 ], [ 79.766829545000064, 8.210518927000066 ], [ 79.766850306000038, 8.210588768000036 ], [ 79.76689615500004, 8.210732900000039 ], [ 79.766919390000055, 8.210791899000071 ], [ 79.766952168000046, 8.210855391000052 ], [ 79.766989925000075, 8.210917394000035 ], [ 79.767094934000056, 8.211077960000068 ], [ 79.767122933000053, 8.211126139000044 ], [ 79.767145182000036, 8.21117014500004 ], [ 79.767165410000075, 8.211219521000032 ], [ 79.767180215000053, 8.211269271000049 ], [ 79.76719270600006, 8.211328511000033 ], [ 79.767201072000034, 8.211391193000054 ], [ 79.767205554000043, 8.211463372000026 ], [ 79.767205360000048, 8.211541175000036 ], [ 79.767200507000041, 8.211626005000028 ], [ 79.767190769000081, 8.211721957000066 ], [ 79.767149528000061, 8.212017935000063 ], [ 79.76713408300003, 8.212152981000031 ], [ 79.767128706000051, 8.212187593000067 ], [ 79.767110306000063, 8.212266883000041 ], [ 79.767058144000032, 8.212450726000043 ], [ 79.767048375000059, 8.21249249400006 ], [ 79.767041736000067, 8.212529010000026 ], [ 79.767037548000076, 8.212568047000047 ], [ 79.767037493000032, 8.212602309000033 ], [ 79.76704157000006, 8.21263239600006 ], [ 79.767049825000072, 8.212658602000033 ], [ 79.767057974000068, 8.212674504000063 ], [ 79.76706815600005, 8.21268870800003 ], [ 79.767081270000062, 8.212702313000023 ], [ 79.767097139000043, 8.212715130000049 ], [ 79.767115875000059, 8.212727232000077 ], [ 79.767137486000081, 8.212738609000041 ], [ 79.767189755000061, 8.21275939800006 ], [ 79.767232018000072, 8.212772080000036 ], [ 79.767281731000082, 8.212784268000064 ], [ 79.767452726000045, 8.212818318000075 ], [ 79.767506882000077, 8.212826401000029 ], [ 79.76756342200008, 8.212830484000051 ], [ 79.767613080000046, 8.212830844000052 ], [ 79.767665118000082, 8.212828408000064 ], [ 79.767720033000046, 8.212823153000045 ], [ 79.767778773000032, 8.212814991000073 ], [ 79.767895133000081, 8.212793125000076 ], [ 79.768120973000066, 8.212742004000063 ], [ 79.768214144000069, 8.212722795000047 ], [ 79.768310839000037, 8.212707074000036 ], [ 79.768397418000063, 8.212698431000035 ], [ 79.768695661000038, 8.212690483000074 ], [ 79.768774488000076, 8.212690414000065 ], [ 79.768843641000046, 8.212692515000072 ], [ 79.768915570000047, 8.212697728000023 ], [ 79.76898157200003, 8.212706083000057 ], [ 79.769042871000067, 8.212717734000023 ], [ 79.769100153000068, 8.212732818000063 ], [ 79.769153266000046, 8.212750569000036 ], [ 79.769207317000053, 8.212771994000036 ], [ 79.769262383000068, 8.21279712300003 ], [ 79.769318585000065, 8.21282601300004 ], [ 79.76937595000004, 8.212858665000056 ], [ 79.769434822000051, 8.212895267000022 ], [ 79.769495493000079, 8.212935999000024 ], [ 79.769558528000061, 8.212981239000044 ], [ 79.769675151000058, 8.213071521000074 ], [ 79.76971575500005, 8.213108609000074 ], [ 79.769765102000065, 8.213163629000064 ], [ 79.769871699000078, 8.213296082000056 ], [ 79.769898041000033, 8.213325460000021 ], [ 79.769922672000064, 8.213350045000027 ], [ 79.769947811000065, 8.213371794000068 ], [ 79.769972574000064, 8.213389664000033 ], [ 79.769997327000056, 8.213403920000076 ], [ 79.770022278000056, 8.21341467700006 ], [ 79.770053909000069, 8.213423470000066 ], [ 79.770088319000081, 8.213428074000035 ], [ 79.770125889000042, 8.213428544000067 ], [ 79.770167385000036, 8.21342489400007 ], [ 79.770204455000055, 8.213418897000054 ], [ 79.770246513000075, 8.213409897000076 ], [ 79.770392389000051, 8.21337187000006 ], [ 79.770448590000058, 8.213358819000064 ], [ 79.770503911000048, 8.213349352000023 ], [ 79.770552945000077, 8.213345232000052 ], [ 79.770718240000065, 8.213347858000077 ], [ 79.770792150000034, 8.213352697000062 ], [ 79.770828240000071, 8.213357874000053 ], [ 79.770860375000041, 8.213364977000026 ], [ 79.770889134000072, 8.213374135000038 ], [ 79.770914779000066, 8.213385435000021 ], [ 79.770935190000046, 8.213397435000047 ], [ 79.770953315000042, 8.213411651000058 ], [ 79.770970903000034, 8.213429415000064 ], [ 79.770987932000082, 8.213450807000072 ], [ 79.771018318000074, 8.213499756000033 ], [ 79.771072969000045, 8.21360747500006 ], [ 79.771097827000062, 8.21365116100003 ], [ 79.771126794000054, 8.213691329000028 ], [ 79.771159768000075, 8.213724520000028 ], [ 79.771184788000085, 8.213744818000066 ], [ 79.771213830000079, 8.213765451000029 ], [ 79.77128513100007, 8.213808515000039 ], [ 79.771363324000049, 8.213849208000056 ], [ 79.77154420800008, 8.213936865000051 ], [ 79.77158548500006, 8.213958794000064 ], [ 79.771618250000074, 8.213978247000057 ], [ 79.771649976000049, 8.214000813000041 ], [ 79.771671601000037, 8.214021691000028 ], [ 79.771678816000076, 8.214031677000037 ], [ 79.771683666000058, 8.21404140900006 ], [ 79.771686168000031, 8.214050923000059 ], [ 79.77168633000008, 8.214060250000045 ], [ 79.771684080000057, 8.214069610000024 ], [ 79.771679381000069, 8.214078835000066 ], [ 79.771661514000073, 8.214098853000053 ], [ 79.771632976000035, 8.214120012000024 ], [ 79.771593629000051, 8.214142448000075 ], [ 79.771542017000058, 8.214166833000036 ], [ 79.771477860000061, 8.214193167000076 ], [ 79.771356199000081, 8.214237647000061 ], [ 79.771324127000071, 8.214247055000044 ], [ 79.771296661000065, 8.21425266600005 ], [ 79.771266933000049, 8.214256772000056 ], [ 79.771199253000077, 8.214260645000024 ], [ 79.771131387000082, 8.214259681000044 ], [ 79.771011975000079, 8.214254178000033 ], [ 79.770969936000085, 8.214252242000043 ], [ 79.770893271000034, 8.214253239000072 ], [ 79.770856628000047, 8.214256782000064 ], [ 79.770824191000031, 8.214262611000038 ], [ 79.770795372000066, 8.214270839000051 ], [ 79.770769876000031, 8.214281553000035 ], [ 79.770744962000038, 8.214296640000043 ], [ 79.770723770000075, 8.21431508400002 ], [ 79.770707859000083, 8.214335064000068 ], [ 79.770694465000076, 8.214360011000053 ], [ 79.770683929000029, 8.214388241000051 ], [ 79.770674807000034, 8.214422476000038 ], [ 79.770649494000054, 8.21456438000007 ], [ 79.770635276000064, 8.214620627000045 ], [ 79.77062496800005, 8.214647497000044 ], [ 79.770612989000085, 8.21467 ], [ 79.77060010100007, 8.214687439000045 ], [ 79.770581351000033, 8.214706281000076 ], [ 79.770548512000062, 8.214731554000025 ], [ 79.77050939600008, 8.214754035000055 ], [ 79.770464273000073, 8.214773559000037 ], [ 79.770413595000036, 8.214789935000056 ], [ 79.770357559000047, 8.214803041000039 ], [ 79.770297477000042, 8.214812523000035 ], [ 79.770234592000065, 8.214818181000055 ], [ 79.770170800000074, 8.214819839000029 ], [ 79.770101260000047, 8.214816892000044 ], [ 79.77004136000005, 8.214809371000058 ], [ 79.769992313000046, 8.214795976000062 ], [ 79.769941447000065, 8.214774680000062 ], [ 79.769894588000057, 8.214749224000059 ], [ 79.769843670000057, 8.214716398000064 ], [ 79.769790456000067, 8.214677947000041 ], [ 79.769638631000078, 8.214562479000051 ], [ 79.769590486000084, 8.214529489000029 ], [ 79.769546572000081, 8.214502878000076 ], [ 79.769429025000079, 8.214442861000066 ], [ 79.769299001000036, 8.214380856000048 ], [ 79.769173724000041, 8.214325130000077 ], [ 79.769113911000034, 8.214300454000067 ], [ 79.769049706000033, 8.214273967000054 ], [ 79.768941866000034, 8.214232808000077 ], [ 79.768835009000043, 8.214195172000075 ], [ 79.768729138000083, 8.214161058000059 ], [ 79.76862426200006, 8.214130469000054 ], [ 79.768522458000064, 8.21410391400002 ], [ 79.768421480000029, 8.214080713000044 ], [ 79.768312147000074, 8.21405881000004 ], [ 79.768201987000054, 8.214039849000073 ], [ 79.768006594000042, 8.214004894000027 ], [ 79.767801137000049, 8.213963844000034 ], [ 79.767574650000086, 8.213915128000053 ], [ 79.767366864000053, 8.213866709000058 ], [ 79.767184211000085, 8.213820455000075 ], [ 79.767011185000058, 8.213772827000071 ], [ 79.766846214000054, 8.213723389000052 ], [ 79.766688370000054, 8.213671863000059 ], [ 79.766548017000048, 8.213622112000053 ], [ 79.766412703000071, 8.213570216000051 ], [ 79.766282084000068, 8.213516042000037 ], [ 79.766155899000069, 8.213459479000051 ], [ 79.766034192000063, 8.213400782000065 ], [ 79.765716793000081, 8.21324108400006 ], [ 79.765603751000071, 8.21317966600003 ], [ 79.765508252000075, 8.213122063000071 ], [ 79.765431937000074, 8.21307018400006 ], [ 79.765364096000042, 8.213017724000053 ], [ 79.765303791000065, 8.212963955000021 ], [ 79.765250562000062, 8.212908456000036 ], [ 79.765204242000038, 8.21285111100002 ], [ 79.765152078000085, 8.212774712000055 ], [ 79.76510692100004, 8.212698776000025 ], [ 79.765069130000029, 8.212624140000059 ], [ 79.765040303000035, 8.212554730000022 ], [ 79.765016683000056, 8.212482048000027 ], [ 79.76499777500004, 8.212404622000065 ], [ 79.764983860000029, 8.212323401000049 ], [ 79.764975026000059, 8.212238719000027 ], [ 79.764971434000074, 8.212151777000031 ], [ 79.764973127000076, 8.212063590000071 ], [ 79.764980081000033, 8.211975418000065 ], [ 79.764986029000056, 8.211931454000023 ], [ 79.764995287000033, 8.21188406400006 ], [ 79.765049499000042, 8.211675126000046 ], [ 79.76506424300004, 8.211606361000065 ], [ 79.76507871900003, 8.211529528000028 ], [ 79.765104794000081, 8.211364768000067 ], [ 79.765150142000039, 8.211033405000023 ], [ 79.76515686700003, 8.210984264000047 ], [ 79.765171758000065, 8.210890584000026 ], [ 79.76518704800003, 8.21080610100006 ], [ 79.765203283000062, 8.210727762000033 ], [ 79.765220773000067, 8.210654075000036 ], [ 79.765245858000071, 8.210560799000064 ], [ 79.76526902300003, 8.210483054000065 ], [ 79.765306402000078, 8.210373263000065 ], [ 79.765352542000073, 8.210255311000026 ], [ 79.765401831000077, 8.21014389000004 ], [ 79.765455623000037, 8.210035395000034 ], [ 79.765529512000057, 8.209902674000034 ], [ 79.765595990000065, 8.209793580000053 ], [ 79.765655453000079, 8.209707294000054 ], [ 79.765685233000056, 8.209668825000051 ], [ 79.765712822000069, 8.209636036000063 ], [ 79.765767555000082, 8.20957902300006 ], [ 79.76581780600003, 8.20953178000002 ], [ 79.765875974000039, 8.209482518000073 ], [ 79.765941183000052, 8.209432303000028 ], [ 79.766053323000051, 8.209353882000073 ], [ 79.766305481000074, 8.209188438000069 ], [ 79.766526247000058, 8.20903570400003 ], [ 79.766669678000085, 8.208941656000036 ], [ 79.766831578000051, 8.208839600000033 ], [ 79.767363984000042, 8.208516114000076 ], [ 79.767553989000078, 8.208398399000032 ], [ 79.767734215000075, 8.20828214200003 ], [ 79.767894322000075, 8.208173157000033 ], [ 79.768047771000056, 8.208061769000039 ], [ 79.768188730000077, 8.207951626000067 ], [ 79.768292014000053, 8.207864954000058 ], [ 79.768434682000077, 8.207736686000032 ], [ 79.768514650000043, 8.207668991000048 ], [ 79.768564487000049, 8.207631969000033 ], [ 79.768628206000074, 8.207591071000024 ], [ 79.768711778000068, 8.207531919000076 ], [ 79.768739897000046, 8.207515354000066 ], [ 79.768764469000075, 8.207504479000022 ], [ 79.768787398000029, 8.207498365000049 ], [ 79.768808738000075, 8.207497033000038 ], [ 79.768820705000053, 8.207499154000061 ], [ 79.768833490000077, 8.207501420000028 ], [ 79.768858583000053, 8.207510385000035 ], [ 79.768885208000029, 8.207523773000048 ], [ 79.768910094000034, 8.20754038900003 ], [ 79.768922554000085, 8.207551701000057 ], [ 79.768933453000045, 8.207564975000025 ] ], [ [ 79.821642477000069, 7.984031291000065 ], [ 79.821582843000044, 7.984135708000053 ], [ 79.821510646000036, 7.984246306000045 ], [ 79.821387430000073, 7.984421853000072 ], [ 79.821313355000029, 7.984519627000054 ], [ 79.82127728200004, 7.984563122000054 ], [ 79.821224986000061, 7.984626178000042 ], [ 79.820929307000085, 7.984958349000067 ], [ 79.820435300000042, 7.985530460000064 ], [ 79.820161219000056, 7.985852212000054 ], [ 79.819794251000076, 7.986263481000037 ], [ 79.819691610000064, 7.986385174000077 ], [ 79.819603964000066, 7.986496370000054 ], [ 79.819494733000056, 7.986650384000029 ], [ 79.819405232000065, 7.98679809500004 ], [ 79.819350410000084, 7.986909206000064 ], [ 79.819232566000039, 7.987177476000056 ], [ 79.81919881500005, 7.987244926000074 ], [ 79.819165327000064, 7.987304111000071 ], [ 79.819080462000045, 7.987430309000047 ], [ 79.818866944000035, 7.987713263000046 ], [ 79.818791298000065, 7.987845685000025 ], [ 79.818760839000049, 7.987890012000037 ], [ 79.81873995400008, 7.98791280100005 ], [ 79.818717835000029, 7.987930991000042 ], [ 79.818670696000083, 7.987962038000035 ], [ 79.818641009000032, 7.987973920000059 ], [ 79.818622404000052, 7.987974399000052 ], [ 79.818600781000043, 7.987967827000034 ], [ 79.818575416000044, 7.98795403500003 ], [ 79.818546251000043, 7.987932916000034 ], [ 79.818528233000052, 7.987911810000071 ], [ 79.818520757000044, 7.987885431000052 ], [ 79.818523716000072, 7.987853476000055 ], [ 79.81853717000007, 7.987815208000029 ], [ 79.818571341000052, 7.987753386000065 ], [ 79.81867100900007, 7.987607044000072 ], [ 79.818707362000055, 7.987545296000064 ], [ 79.818862595000041, 7.987187536000022 ], [ 79.818957462000071, 7.986977224000043 ], [ 79.819053891000067, 7.986776938000048 ], [ 79.819143009000072, 7.986606923000068 ], [ 79.819243764000078, 7.986431733000074 ], [ 79.819362641000055, 7.986239881000074 ], [ 79.819759832000045, 7.985639711000033 ], [ 79.819893484000033, 7.985431426000048 ], [ 79.819975624000051, 7.985295139000073 ], [ 79.82016128500004, 7.984967191000067 ], [ 79.820217618000072, 7.984876374000066 ], [ 79.820271575000049, 7.984797166000021 ], [ 79.820363142000076, 7.984678726000027 ], [ 79.820466774000067, 7.984557145000053 ], [ 79.820571635000078, 7.984445246000064 ], [ 79.820679099000074, 7.984341233000066 ], [ 79.820791646000032, 7.98424314500005 ], [ 79.820892957000069, 7.984165018000056 ], [ 79.820976677000033, 7.984112356000026 ], [ 79.821198709000043, 7.98398654600004 ], [ 79.821259700000041, 7.983946133000074 ], [ 79.82127874300005, 7.983931340000026 ], [ 79.821311385000058, 7.983905985000035 ], [ 79.821363347000045, 7.983858137000027 ], [ 79.821418977000064, 7.983799743000077 ], [ 79.82175406500005, 7.983416728000066 ], [ 79.82179743100005, 7.983377351000058 ], [ 79.82181076300003, 7.983370935000039 ], [ 79.821820217000038, 7.983372578000058 ], [ 79.821825360000048, 7.983379356000057 ], [ 79.821828530000062, 7.983390937000024 ], [ 79.821828919000041, 7.983428351000043 ], [ 79.821821364000073, 7.983484320000059 ], [ 79.821806051000067, 7.983557416000053 ], [ 79.821751833000064, 7.983752416000073 ], [ 79.821718505000035, 7.983853029000045 ], [ 79.821688081000048, 7.98393393300006 ], [ 79.821642477000069, 7.984031291000065 ] ], [ [ 79.785679213000037, 8.063856944000065 ], [ 79.785520381000083, 8.064028802000053 ], [ 79.785289575000036, 8.064186131000042 ], [ 79.785102322000057, 8.064200034000066 ], [ 79.784900668000034, 8.064213902000063 ], [ 79.784742462000054, 8.064127401000064 ], [ 79.784641964000059, 8.063997979000021 ], [ 79.784642347000045, 8.063840095000046 ], [ 79.784916879000036, 8.063467570000057 ], [ 79.78529228900004, 8.063066581000044 ], [ 79.785551930000054, 8.062894966000044 ], [ 79.785724885000036, 8.062837969000043 ], [ 79.785811189000071, 8.062881237000056 ], [ 79.785868378000032, 8.063053615000058 ], [ 79.785882223000044, 8.063283300000023 ], [ 79.78582381800004, 8.063613285000031 ], [ 79.785679213000037, 8.063856944000065 ] ], [ [ 79.781802271000061, 8.066555476000076 ], [ 79.781811228000038, 8.066681976000041 ], [ 79.781805955000038, 8.066727015000026 ], [ 79.781788495000058, 8.066773408000074 ], [ 79.781729382000037, 8.066881073000047 ], [ 79.781714396000041, 8.066901395000059 ], [ 79.781697940000072, 8.066916621000075 ], [ 79.781652464000047, 8.066942331000064 ], [ 79.781601870000031, 8.066955523000047 ], [ 79.781554442000072, 8.066953350000063 ], [ 79.781482666000045, 8.066937319000033 ], [ 79.78143943200007, 8.066921795000042 ], [ 79.781383445000074, 8.066896657000029 ], [ 79.781291293000038, 8.066844809000031 ], [ 79.78117671900003, 8.066789942000071 ], [ 79.781137400000034, 8.066765652000072 ], [ 79.781111292000048, 8.066740539000023 ], [ 79.781089664000035, 8.066707999000073 ], [ 79.781076143000064, 8.066677018000064 ], [ 79.781072081000048, 8.066652046000058 ], [ 79.781076719000055, 8.066627382000036 ], [ 79.781096210000044, 8.066589854000028 ], [ 79.781139220000057, 8.066532854000059 ], [ 79.781167868000068, 8.06650219900007 ], [ 79.781204018000039, 8.066471381000042 ], [ 79.781271851000042, 8.066424561000076 ], [ 79.781398203000037, 8.066364114000066 ], [ 79.781494850000058, 8.066297094000049 ], [ 79.781544218000079, 8.066273756000044 ], [ 79.781599175000053, 8.066257660000076 ], [ 79.781652684000051, 8.066254339000068 ], [ 79.78168459300008, 8.066260408000062 ], [ 79.781706324000083, 8.066278873000044 ], [ 79.78175166300008, 8.066359575000035 ], [ 79.781766351000044, 8.066398432000028 ], [ 79.781780643000047, 8.066448051000066 ], [ 79.781793442000037, 8.066502061000051 ], [ 79.781802271000061, 8.066555476000076 ] ], [ [ 79.780299505000073, 8.067275694000045 ], [ 79.780288055000085, 8.067324460000066 ], [ 79.78027318200003, 8.067359661000069 ], [ 79.780248019000055, 8.067394415000024 ], [ 79.780214886000067, 8.067425445000026 ], [ 79.780177513000069, 8.06744896500004 ], [ 79.780143834000057, 8.067460094000069 ], [ 79.779989201000035, 8.06748237100004 ], [ 79.77991260500005, 8.067488883000067 ], [ 79.779829435000067, 8.067489574000035 ], [ 79.779726487000062, 8.067485650000037 ], [ 79.779698646000043, 8.067481247000046 ], [ 79.77968261500007, 8.067473945000074 ], [ 79.779670585000076, 8.067462326000054 ], [ 79.779659353000056, 8.067443479000076 ], [ 79.779650260000039, 8.067418881000037 ], [ 79.779642635000073, 8.067369977000055 ], [ 79.779650055000047, 8.067313385000034 ], [ 79.779663321000044, 8.067272926000044 ], [ 79.779682255000068, 8.067236801000035 ], [ 79.779703973000039, 8.067209535000075 ], [ 79.77973163300004, 8.067187444000069 ], [ 79.77976394500007, 8.067169253000031 ], [ 79.779801551000048, 8.067153076000068 ], [ 79.779885664000062, 8.067138334000049 ], [ 79.779914398000074, 8.067129359000035 ], [ 79.780035139000063, 8.067051002000028 ], [ 79.780057317000058, 8.067039584000042 ], [ 79.780076946000065, 8.06703340100006 ], [ 79.780112774000031, 8.067029935000051 ], [ 79.780152208000061, 8.067033857000069 ], [ 79.780189627000084, 8.067044330000044 ], [ 79.780225082000072, 8.067061437000064 ], [ 79.780253457000072, 8.067082126000059 ], [ 79.78027701700006, 8.067108100000041 ], [ 79.780296443000054, 8.067139718000021 ], [ 79.780307763000053, 8.067171355000028 ], [ 79.780309611000064, 8.067210856000031 ], [ 79.780299505000073, 8.067275694000045 ] ], [ [ 79.779285079000033, 8.06971199700007 ], [ 79.779501243000084, 8.069655108000063 ], [ 79.779760787000043, 8.069526557000074 ], [ 79.780006034000053, 8.069354912000051 ], [ 79.780193430000054, 8.069283598000027 ], [ 79.780394876000059, 8.069355853000047 ], [ 79.78055290900005, 8.069514122000044 ], [ 79.780595694000056, 8.069686465000075 ], [ 79.780537389000074, 8.06997338900004 ], [ 79.780406583000058, 8.070461084000044 ], [ 79.780319545000054, 8.070719232000044 ], [ 79.780333597000038, 8.070862799000054 ], [ 79.780405324000071, 8.070977798000058 ], [ 79.780419341000083, 8.07113571800005 ], [ 79.780404555000075, 8.071293569000034 ], [ 79.780375577000029, 8.071365264000065 ], [ 79.780144765000045, 8.071522593000054 ], [ 79.779842191000057, 8.071579272000065 ], [ 79.779539791000047, 8.071564186000046 ], [ 79.779050661000042, 8.071347702000025 ], [ 79.778619066000033, 8.071160062000047 ], [ 79.778475471000036, 8.070987475000038 ], [ 79.778418601000055, 8.070685918000038 ], [ 79.778419408000047, 8.070355795000069 ], [ 79.778478240000084, 8.069853574000035 ], [ 79.778479292000043, 8.069422978000034 ], [ 79.778494289000037, 8.069179008000049 ], [ 79.778581014000054, 8.069050039000047 ], [ 79.778652987000044, 8.069064568000044 ], [ 79.778710523000029, 8.069093414000065 ], [ 79.778738941000086, 8.069251369000028 ], [ 79.778810458000066, 8.069452487000035 ], [ 79.778954124000052, 8.069596369000067 ], [ 79.779097858000057, 8.069711543000039 ], [ 79.779285079000033, 8.06971199700007 ] ], [ [ 79.794947602000036, 8.073343023000064 ], [ 79.795075093000037, 8.073169190000044 ], [ 79.795353482000053, 8.072995718000072 ], [ 79.795567991000041, 8.072964569000021 ], [ 79.795718681000039, 8.073051995000071 ], [ 79.795765992000042, 8.073194584000021 ], [ 79.795686229000069, 8.073336869000059 ], [ 79.795558929000038, 8.073431549000077 ], [ 79.795328515000051, 8.073470576000034 ], [ 79.795113928000035, 8.073533387000055 ], [ 79.79495520200004, 8.073485516000062 ], [ 79.794947602000036, 8.073343023000064 ] ], [ [ 79.793759055000066, 8.166787745000022 ], [ 79.793758485000069, 8.166765849000058 ], [ 79.793759609000062, 8.166726479000033 ], [ 79.793761749000055, 8.166710065000075 ], [ 79.793763971000033, 8.166699083000026 ], [ 79.79376519200008, 8.166693047000024 ], [ 79.793770337000069, 8.166674170000022 ], [ 79.793776900000069, 8.166655006000042 ], [ 79.793784974000062, 8.166635412000062 ], [ 79.793793463000043, 8.166618016000029 ], [ 79.793805563000035, 8.166598401000044 ], [ 79.793821811000043, 8.166576596000027 ], [ 79.793866920000085, 8.166522370000052 ], [ 79.793888815000059, 8.166498261000072 ], [ 79.793930979000038, 8.166457477000051 ], [ 79.794031272000041, 8.166368469000076 ], [ 79.79405442400008, 8.166346106000049 ], [ 79.794074527000078, 8.166325014000051 ], [ 79.794109935000051, 8.166284175000044 ], [ 79.794136636000076, 8.166251746000057 ], [ 79.794158851000077, 8.166222497000035 ], [ 79.794175994000057, 8.166197213000032 ], [ 79.794187861000069, 8.166176772000028 ], [ 79.794198943000083, 8.166154797000047 ], [ 79.794209336000051, 8.16613109900004 ], [ 79.794219197000075, 8.166105318000064 ], [ 79.794236991000048, 8.166049481000073 ], [ 79.794268231000046, 8.165933020000068 ], [ 79.794282838000072, 8.165884048000066 ], [ 79.794301117000032, 8.165834115000052 ], [ 79.794321299000046, 8.165791338000076 ], [ 79.794339068000056, 8.165760379000062 ], [ 79.794649589000073, 8.165229525000029 ], [ 79.794716557000072, 8.165140936000057 ], [ 79.794744283000057, 8.16510110400003 ], [ 79.794757312000058, 8.165079886000058 ], [ 79.794770205000077, 8.165056439000068 ], [ 79.794817977000037, 8.164958395000042 ], [ 79.794840644000033, 8.164917020000075 ], [ 79.794857042000046, 8.164891755000042 ], [ 79.794880593000073, 8.164858532000039 ], [ 79.794900938000069, 8.164832095000065 ], [ 79.794920937000029, 8.164808347000076 ], [ 79.794948198000043, 8.164779150000072 ], [ 79.794977238000058, 8.164751162000073 ], [ 79.795007774000055, 8.164724660000047 ], [ 79.795039389000067, 8.1647 ], [ 79.79507097100003, 8.164678072000072 ], [ 79.795105017000083, 8.164656974000025 ], [ 79.795141461000071, 8.164636749000067 ], [ 79.795180179000056, 8.164617466000038 ], [ 79.795230849000063, 8.164595711000061 ], [ 79.795285276000072, 8.164576418000024 ], [ 79.795584524000049, 8.164482711000062 ], [ 79.79586650400006, 8.164339476000066 ], [ 79.795900323000069, 8.164320645000032 ], [ 79.79593088200005, 8.16430493200005 ], [ 79.79595966100004, 8.164291577000029 ], [ 79.795987155000034, 8.164280357000052 ], [ 79.79608942200008, 8.164246107000054 ], [ 79.796108525000079, 8.164242336000029 ], [ 79.796114559000046, 8.164242567000031 ], [ 79.79611834800005, 8.164244208000071 ], [ 79.796119776000069, 8.164246535000075 ], [ 79.796119813000075, 8.164249845000029 ], [ 79.796115698000051, 8.164260859000024 ], [ 79.79611090700007, 8.164268966000066 ], [ 79.79609497000007, 8.164295941000034 ], [ 79.796085373000039, 8.164310491000037 ], [ 79.796073259000082, 8.164326430000074 ], [ 79.796059124000067, 8.164342850000025 ], [ 79.79602206800007, 8.164380191000021 ], [ 79.79595802800003, 8.164440611000032 ], [ 79.795915389000072, 8.164476364000052 ], [ 79.795865711000033, 8.16451339300005 ], [ 79.795811282000045, 8.164551575000075 ], [ 79.79574090400007, 8.164600944000028 ], [ 79.795707557000071, 8.164626266000027 ], [ 79.795678509000084, 8.164650193000057 ], [ 79.795623215000035, 8.164701281000021 ], [ 79.79557234400005, 8.164750875000038 ], [ 79.795533980000073, 8.164791310000055 ], [ 79.795501350000052, 8.164829328000053 ], [ 79.795468603000074, 8.164872563000074 ], [ 79.795437551000077, 8.164917661000061 ], [ 79.795414488000063, 8.164955765000059 ], [ 79.795411666000064, 8.164961333000065 ], [ 79.79540613100005, 8.164972252000041 ], [ 79.795396955000058, 8.164990351000029 ], [ 79.795388639000066, 8.165012746000059 ], [ 79.795381547000034, 8.165038722000077 ], [ 79.795372718000067, 8.16508538000005 ], [ 79.795365236000066, 8.165124913000056 ], [ 79.795358438000051, 8.16515447300003 ], [ 79.795349901000066, 8.165181202000042 ], [ 79.795339566000052, 8.165204172000074 ], [ 79.795335808000061, 8.165210344000059 ], [ 79.795333940000035, 8.165213412000071 ], [ 79.795319421000045, 8.165237252000054 ], [ 79.795294211000055, 8.165271439000037 ], [ 79.795263295000041, 8.165307459000076 ], [ 79.795228809000037, 8.165342877000057 ], [ 79.795192737000036, 8.165373853000062 ], [ 79.795149728000069, 8.165405149000037 ], [ 79.795099715000049, 8.165437184000041 ], [ 79.795019249000063, 8.165484976000073 ], [ 79.794984611000075, 8.165502967000066 ], [ 79.794977366000069, 8.165506233000031 ], [ 79.79494519800005, 8.165520740000034 ], [ 79.794902562000061, 8.165537895000057 ], [ 79.794780528000047, 8.16558423400005 ], [ 79.794743422000067, 8.165600007000023 ], [ 79.794710905000045, 8.165615509000077 ], [ 79.794675808000079, 8.165634792000048 ], [ 79.794600750000029, 8.16568120200003 ], [ 79.794572520000031, 8.165702101000022 ], [ 79.79455112900007, 8.165722580000022 ], [ 79.794534672000054, 8.165744630000063 ], [ 79.794002405000072, 8.166767325000023 ], [ 79.793995169000084, 8.166785471000026 ], [ 79.793986769000071, 8.166800597000076 ], [ 79.793979664000062, 8.16681012500004 ], [ 79.793970485000045, 8.166819825000061 ], [ 79.793961813000067, 8.166827124000065 ], [ 79.793952991000083, 8.166834548000054 ], [ 79.793946250000033, 8.166840218000061 ], [ 79.793919361000064, 8.166857237000045 ], [ 79.793891124000083, 8.166870282000048 ], [ 79.793857524000032, 8.166880883000033 ], [ 79.793836199000054, 8.166884276000076 ], [ 79.793826788000047, 8.166883895000069 ], [ 79.793815812000048, 8.166881820000071 ], [ 79.793804546000047, 8.166878282000027 ], [ 79.793794241000057, 8.166873685000041 ], [ 79.793785701000047, 8.166867812000021 ], [ 79.793778349000036, 8.166859825000074 ], [ 79.79377217900003, 8.166849718000037 ], [ 79.793767179000042, 8.166837472000054 ], [ 79.793763360000071, 8.166823159000046 ], [ 79.793760660000032, 8.166806622000024 ], [ 79.793759055000066, 8.166787745000022 ] ], [ [ 79.806142338000029, 8.172728651000057 ], [ 79.806175736000057, 8.172633230000031 ], [ 79.806196226000054, 8.172574685000029 ], [ 79.806210517000068, 8.172529137000026 ], [ 79.806213402000083, 8.172518689000071 ], [ 79.806215232000056, 8.172512056000073 ], [ 79.806222069000057, 8.172487290000049 ], [ 79.806233028000065, 8.172441352000021 ], [ 79.806243751000068, 8.172389675000034 ], [ 79.80625477500007, 8.172329331000071 ], [ 79.806283611000083, 8.172171483000056 ], [ 79.806294022000031, 8.172123489000057 ], [ 79.806304822000072, 8.172080177000055 ], [ 79.80631463900005, 8.172045751000041 ], [ 79.806319203000044, 8.172031606000075 ], [ 79.806320151000079, 8.172028673000057 ], [ 79.806325142000048, 8.172013205000042 ], [ 79.806351380000081, 8.171944258000053 ], [ 79.806384017000084, 8.171870626000043 ], [ 79.806435658000055, 8.171763414000054 ], [ 79.806455302000074, 8.171722630000033 ], [ 79.80648437800005, 8.171659214000044 ], [ 79.806511321000073, 8.171593578000056 ], [ 79.806518202000063, 8.171573855000076 ], [ 79.80652178400004, 8.171563586000048 ], [ 79.806535249000035, 8.171524985000076 ], [ 79.806553296000061, 8.171467590000077 ], [ 79.806571339000072, 8.171405442000037 ], [ 79.806610602000035, 8.171255623000036 ], [ 79.806647679000037, 8.171105374000035 ], [ 79.806651591000048, 8.171089519000077 ], [ 79.806657084000051, 8.171067261000076 ], [ 79.806660824000062, 8.171049818000029 ], [ 79.806704869000043, 8.170844334000037 ], [ 79.806717569000057, 8.170791143000031 ], [ 79.806730294000033, 8.170743867000056 ], [ 79.806737097000052, 8.170721800000024 ], [ 79.806739305000065, 8.17071463700006 ], [ 79.806744110000068, 8.170699049000063 ], [ 79.806760700000041, 8.170652750000045 ], [ 79.806790163000073, 8.170580484000027 ], [ 79.80682160200007, 8.170503368000027 ], [ 79.806841951000081, 8.170450139000025 ], [ 79.806858230000046, 8.170400989000029 ], [ 79.806874464000032, 8.170342865000066 ], [ 79.806890137000039, 8.170276827000066 ], [ 79.806891378000046, 8.170271597000067 ], [ 79.806907529000057, 8.170191342000066 ], [ 79.80692179600004, 8.170110387000022 ], [ 79.806947365000042, 8.169954891000032 ], [ 79.806951222000066, 8.169931407000036 ], [ 79.806966438000075, 8.169825111000023 ], [ 79.806980976000034, 8.169708239000045 ], [ 79.806996490000074, 8.169583513000021 ], [ 79.807011698000053, 8.169482777000042 ], [ 79.807012851000081, 8.169475152000075 ], [ 79.807017021000036, 8.169453947000022 ], [ 79.807026760000042, 8.169405040000072 ], [ 79.807066526000085, 8.169231913000033 ], [ 79.807075728000029, 8.169182480000075 ], [ 79.80708201300007, 8.169137783000053 ], [ 79.807085065000081, 8.169104007000044 ], [ 79.807085365000034, 8.169100680000042 ], [ 79.807088301000078, 8.169044758000041 ], [ 79.807089284000085, 8.168997716000035 ], [ 79.807088723000049, 8.168952998000066 ], [ 79.807085616000052, 8.168902746000072 ], [ 79.807084958000075, 8.168892108000023 ], [ 79.80708461200004, 8.168886512000029 ], [ 79.807080503000066, 8.168858198000066 ], [ 79.807073119000052, 8.168807308000055 ], [ 79.807069975000047, 8.168777929000044 ], [ 79.807067855000071, 8.168731837000053 ], [ 79.807068018000052, 8.168679178000048 ], [ 79.807070313000054, 8.16862472300005 ], [ 79.807070672000066, 8.168616223000072 ], [ 79.807071319000045, 8.168600864000041 ], [ 79.807077058000061, 8.168532489000029 ], [ 79.807086462000029, 8.168458576000035 ], [ 79.807099374000074, 8.168381910000051 ], [ 79.807109910000065, 8.168332038000074 ], [ 79.807112787000051, 8.168318417000023 ], [ 79.807119111000077, 8.168288481000047 ], [ 79.807130526000037, 8.168243245000042 ], [ 79.807143517000043, 8.168196715000022 ], [ 79.807175308000069, 8.168096461000061 ], [ 79.807205535000037, 8.168013027000029 ], [ 79.807208974000048, 8.168003537000061 ], [ 79.80721365900007, 8.167990603000021 ], [ 79.807235178000042, 8.167941193000047 ], [ 79.807262109000078, 8.167887412000027 ], [ 79.807290746000035, 8.167835224000044 ], [ 79.807304508000072, 8.167811149000045 ], [ 79.807366750000085, 8.16770226400007 ], [ 79.807387664000032, 8.167663312000059 ], [ 79.807405385000038, 8.16762791900004 ], [ 79.807423328000084, 8.167588415000068 ], [ 79.807438286000036, 8.167550781000045 ], [ 79.807448088000058, 8.167521676000035 ], [ 79.807450379000045, 8.167514872000027 ], [ 79.807462351000083, 8.167472798000063 ], [ 79.807478179000043, 8.167404250000061 ], [ 79.807503176000068, 8.167272903000026 ], [ 79.807517880000034, 8.167212800000073 ], [ 79.807535715000085, 8.167149124000048 ], [ 79.80757476000008, 8.167027215000076 ], [ 79.807678242000065, 8.166729859000043 ], [ 79.807704024000031, 8.166647128000022 ], [ 79.807724637000035, 8.166571987000054 ], [ 79.807739214000037, 8.16650953200002 ], [ 79.807750404000046, 8.166450788000077 ], [ 79.807756272000063, 8.166404988000068 ], [ 79.80776908100006, 8.166269180000029 ], [ 79.807776175000072, 8.166227212000024 ], [ 79.807785525000043, 8.166190494000034 ], [ 79.807797015000062, 8.166158389000032 ], [ 79.807812798000043, 8.166123698000035 ], [ 79.807880103000059, 8.166001127000072 ], [ 79.807940269000085, 8.165878955000039 ], [ 79.807958897000049, 8.165834583000048 ], [ 79.807970311000076, 8.165795722000041 ], [ 79.807978727000034, 8.165748567000037 ], [ 79.807983162000085, 8.165706680000028 ], [ 79.807983725000042, 8.165668941000035 ], [ 79.807980417000067, 8.165634969000052 ], [ 79.80797515900008, 8.165611034000051 ], [ 79.807968033000066, 8.165590954000038 ], [ 79.807959104000076, 8.165574435000053 ], [ 79.807932308000034, 8.165532272000064 ], [ 79.807921496000063, 8.165506596000057 ], [ 79.807914155000049, 8.165480170000023 ], [ 79.807909135000045, 8.16545394700006 ], [ 79.807906578000029, 8.165428709000025 ], [ 79.807906529000036, 8.16540489700003 ], [ 79.807909593000034, 8.165379591000033 ], [ 79.807915921000074, 8.165357178000022 ], [ 79.807923828000071, 8.165341524000041 ], [ 79.807951274000061, 8.165297906000035 ], [ 79.807958945000053, 8.165279009000074 ], [ 79.807965380000041, 8.165256988000067 ], [ 79.807986320000055, 8.165136894000057 ], [ 79.808001494000052, 8.16502465800005 ], [ 79.808013631000051, 8.164970972000049 ], [ 79.808027907000053, 8.164929280000024 ], [ 79.808046692000062, 8.164886038000077 ], [ 79.808070328000042, 8.164840415000072 ], [ 79.808100086000081, 8.164789936000034 ], [ 79.808224836000079, 8.164598528000056 ], [ 79.808351019000042, 8.164429003000066 ], [ 79.808394260000057, 8.16436707500003 ], [ 79.80848977200003, 8.16421721100005 ], [ 79.808514344000059, 8.164172665000024 ], [ 79.808533073000035, 8.16413194200004 ], [ 79.808543176000057, 8.164104705000057 ], [ 79.808550326000045, 8.164079422000043 ], [ 79.808555942000055, 8.164051242000028 ], [ 79.808559846000037, 8.164020497000024 ], [ 79.80856285200008, 8.163961799000049 ], [ 79.808563195000033, 8.163816712000028 ], [ 79.808565698000052, 8.163777757000048 ], [ 79.808570196000062, 8.163743187000023 ], [ 79.808595180000054, 8.16360975300006 ], [ 79.80861305500008, 8.163529544000028 ], [ 79.808633753000038, 8.163457693000055 ], [ 79.808657346000075, 8.163396055000021 ], [ 79.808673820000081, 8.163361947000055 ], [ 79.80869180500008, 8.163330807000023 ], [ 79.808711828000071, 8.163301900000022 ], [ 79.808731877000071, 8.163278080000055 ], [ 79.808754602000079, 8.163255982000067 ], [ 79.808782291000057, 8.163233002000027 ], [ 79.808906112000045, 8.163142500000049 ], [ 79.808929944000056, 8.163121998000065 ], [ 79.808953374000055, 8.163098942000033 ], [ 79.809009966000076, 8.163035567000065 ], [ 79.809128291000036, 8.162889464000045 ], [ 79.809206005000078, 8.162802332000069 ], [ 79.80931933200003, 8.16268229800005 ], [ 79.80960977400008, 8.162384372000076 ], [ 79.809684477000076, 8.162304285000062 ], [ 79.809776136000039, 8.16220226300004 ], [ 79.809819264000055, 8.162162797000065 ], [ 79.809870665000062, 8.162123503000032 ], [ 79.809925661000079, 8.162086801000044 ], [ 79.810044510000068, 8.162013645000059 ], [ 79.81009501300008, 8.161980888000073 ], [ 79.810133333000067, 8.161953095000058 ], [ 79.810222122000084, 8.161879931000044 ], [ 79.810249829000043, 8.161861643000066 ], [ 79.81027600200008, 8.161848553000027 ], [ 79.810297766000076, 8.161841127000059 ], [ 79.810322296000038, 8.16183610500002 ], [ 79.810351447000073, 8.161833087000048 ], [ 79.810447573000033, 8.161827748000064 ], [ 79.810471733000043, 8.161823607000031 ], [ 79.810525493000057, 8.161810728000034 ], [ 79.810551376000035, 8.161807385000031 ], [ 79.810583139000073, 8.161808067000038 ], [ 79.810615763000044, 8.161812280000049 ], [ 79.810646514000041, 8.161819668000021 ], [ 79.81067356300008, 8.161829778000026 ], [ 79.810690270000066, 8.161838817000046 ], [ 79.810705576000032, 8.161850494000021 ], [ 79.810719942000048, 8.161865152000075 ], [ 79.81073333900008, 8.161882787000025 ], [ 79.810745776000033, 8.16190339000002 ], [ 79.810757425000077, 8.161927204000051 ], [ 79.810779051000054, 8.161985998000034 ], [ 79.810812088000034, 8.162108627000066 ], [ 79.810819421000076, 8.162147539000046 ], [ 79.810825125000065, 8.162191783000026 ], [ 79.810832424000068, 8.162290376000044 ], [ 79.810831658000041, 8.162322010000025 ], [ 79.810825020000038, 8.162417236000067 ], [ 79.810826086000077, 8.162446877000036 ], [ 79.810830171000077, 8.162472817000037 ], [ 79.810842689000083, 8.162511571000039 ], [ 79.810863655000048, 8.162556457000051 ], [ 79.810911163000071, 8.162641859000075 ], [ 79.810925458000042, 8.162664090000021 ], [ 79.810939302000065, 8.162682313000062 ], [ 79.810958620000065, 8.162702766000052 ], [ 79.810982978000084, 8.162723889000063 ], [ 79.811092324000072, 8.162804915000038 ], [ 79.811176191000072, 8.16286132700003 ], [ 79.811248979000084, 8.162903718000052 ], [ 79.811279268000078, 8.162924325000063 ], [ 79.81130679100005, 8.162947817000031 ], [ 79.811364580000031, 8.16300439500003 ], [ 79.811410170000045, 8.163045706000048 ], [ 79.811431061000064, 8.163061002000063 ], [ 79.81144166100006, 8.163065346000053 ], [ 79.811454960000049, 8.16306845400004 ], [ 79.811560415000031, 8.163083624000024 ], [ 79.81164939100006, 8.163093467000067 ], [ 79.811738730000059, 8.163100308000026 ], [ 79.812073749000035, 8.163244313000064 ], [ 79.812328807000085, 8.163435864000064 ], [ 79.812456070000053, 8.163643026000045 ], [ 79.81250342800007, 8.163873864000038 ], [ 79.812518715000067, 8.164160322000043 ], [ 79.812517899000056, 8.164502434000042 ], [ 79.812533260000066, 8.16475706500006 ], [ 79.812508926000078, 8.164916131000041 ], [ 79.812500352000029, 8.165162751000025 ], [ 79.812435809000078, 8.165441061000024 ], [ 79.812307615000066, 8.165623749000076 ], [ 79.812187595000069, 8.165726894000045 ], [ 79.811844038000061, 8.165813597000067 ], [ 79.811508675000084, 8.165812803000051 ], [ 79.811293122000052, 8.165796378000039 ], [ 79.811109508000072, 8.165780030000064 ], [ 79.810965515000078, 8.165891074000058 ], [ 79.810821274000034, 8.166105548000075 ], [ 79.810733079000045, 8.166256505000035 ], [ 79.810652774000062, 8.16644726100003 ], [ 79.810588343000063, 8.166677836000076 ], [ 79.810539959000039, 8.166876624000054 ], [ 79.810403741000073, 8.167075203000024 ], [ 79.81015541000005, 8.167408771000055 ], [ 79.809731698000064, 8.167622580000057 ], [ 79.809275759000059, 8.167955651000057 ], [ 79.80909940600003, 8.168241653000052 ], [ 79.809069816000033, 8.168291339000064 ], [ 79.809037973000045, 8.168339053000068 ], [ 79.809003790000077, 8.168384905000039 ], [ 79.808972286000085, 8.168422803000055 ], [ 79.808970393000038, 8.168425079000031 ], [ 79.808967691000078, 8.168428332000076 ], [ 79.80894855300005, 8.168448175000037 ], [ 79.808925718000069, 8.168468999000027 ], [ 79.80889206900008, 8.168496276000042 ], [ 79.808847265000054, 8.168532596000034 ], [ 79.808820110000056, 8.168555998000045 ], [ 79.808795824000072, 8.168579788000045 ], [ 79.808780412000033, 8.168597770000076 ], [ 79.80877840200003, 8.16860011600005 ], [ 79.808775845000071, 8.168603100000041 ], [ 79.808749654000053, 8.16864094500005 ], [ 79.808705372000077, 8.168717037000022 ], [ 79.808694901000081, 8.168735032000029 ], [ 79.808682899000075, 8.168753018000075 ], [ 79.80867205800007, 8.168769264000048 ], [ 79.808667477000085, 8.168776129000037 ], [ 79.808631019000075, 8.16882156500003 ], [ 79.808603213000083, 8.168853042000023 ], [ 79.808543257000053, 8.168920910000054 ], [ 79.808523501000082, 8.168945463000057 ], [ 79.808506632000046, 8.168968471000028 ], [ 79.808499984000036, 8.16897866100004 ], [ 79.808497332000059, 8.168982724000045 ], [ 79.808480755000062, 8.169008133000034 ], [ 79.808457443000066, 8.16904629000004 ], [ 79.80843859600003, 8.169079899000053 ], [ 79.808422724000081, 8.16911146700005 ], [ 79.808410524000067, 8.169139159000053 ], [ 79.808401273000072, 8.169163871000023 ], [ 79.808392639000033, 8.169191901000033 ], [ 79.808384781000029, 8.169223023000029 ], [ 79.808377001000053, 8.169260362000045 ], [ 79.808359345000042, 8.169359175000068 ], [ 79.808355157000051, 8.169380790000048 ], [ 79.808313917000078, 8.169593638000038 ], [ 79.808307957000068, 8.169619917000034 ], [ 79.808302809000054, 8.169642612000075 ], [ 79.808290682000063, 8.169696080000051 ], [ 79.808268463000047, 8.16978466200004 ], [ 79.808251942000084, 8.169843386000025 ], [ 79.808242411000037, 8.169873530000075 ], [ 79.808239323000066, 8.169883296000023 ], [ 79.808236302000068, 8.169892850000053 ], [ 79.808222355000055, 8.169929493000041 ], [ 79.808218972000077, 8.16993764700004 ], [ 79.808180475000086, 8.170030423000071 ], [ 79.808169447000068, 8.170061908000037 ], [ 79.808161348000056, 8.170090612000024 ], [ 79.808160767000061, 8.170093377000057 ], [ 79.808151673000054, 8.170136626000044 ], [ 79.808144278000043, 8.170184609000046 ], [ 79.808139238000081, 8.170234089000076 ], [ 79.808136597000043, 8.170284615000071 ], [ 79.808136577000084, 8.170297460000029 ], [ 79.808136568000066, 8.170302441000047 ], [ 79.808136472000058, 8.170360883000058 ], [ 79.808139935000042, 8.170425410000064 ], [ 79.808143094000059, 8.170454857000038 ], [ 79.808147240000039, 8.170482651000043 ], [ 79.808152396000082, 8.170508959000074 ], [ 79.808158581000043, 8.170533882000029 ], [ 79.808166440000036, 8.17055933000006 ], [ 79.808167683000079, 8.170562671000027 ], [ 79.808177891000071, 8.170590147000041 ], [ 79.808190202000048, 8.170619275000035 ], [ 79.808203362000029, 8.170646744000067 ], [ 79.808216880000032, 8.170671679000066 ], [ 79.808231047000049, 8.170694750000052 ], [ 79.808245809000084, 8.170715868000059 ], [ 79.808261126000048, 8.170734973000037 ], [ 79.808270981000078, 8.17074573900004 ], [ 79.808273366000037, 8.17074834400006 ], [ 79.808284360000073, 8.170758282000065 ], [ 79.808297796000033, 8.17076819600004 ], [ 79.808313244000033, 8.170777587000032 ], [ 79.808346780000079, 8.170793694000054 ], [ 79.808383564000053, 8.170808115000057 ], [ 79.808415285000081, 8.170820552000066 ], [ 79.808442552000031, 8.170832459000053 ], [ 79.808468978000064, 8.17084681700004 ], [ 79.808490228000039, 8.170862255000031 ], [ 79.808500975000072, 8.170873025000049 ], [ 79.808503082000072, 8.170875136000063 ], [ 79.808506390000048, 8.170878453000057 ], [ 79.808520610000073, 8.170898532000024 ], [ 79.808532470000046, 8.17092013000007 ], [ 79.808539986000085, 8.170935630000031 ], [ 79.808558125000047, 8.17097304300006 ], [ 79.808572422000054, 8.170996965000029 ], [ 79.808580310000082, 8.171007281000072 ], [ 79.808589056000073, 8.171016473000066 ], [ 79.808597129000077, 8.171023279000053 ], [ 79.808606803000032, 8.171029651000026 ], [ 79.808618642000056, 8.171035645000075 ], [ 79.808631917000071, 8.171040682000069 ], [ 79.808646770000053, 8.171044819000031 ], [ 79.808663496000065, 8.17104813900005 ], [ 79.808695810000074, 8.171052042000042 ], [ 79.808735967000075, 8.171054972000036 ], [ 79.808774157000073, 8.171057759000064 ], [ 79.808810512000036, 8.171063309000033 ], [ 79.808826423000085, 8.171067436000044 ], [ 79.808840587000077, 8.171072511000034 ], [ 79.808853209000063, 8.171078611000041 ], [ 79.808864394000068, 8.171085785000059 ], [ 79.80886900400003, 8.171089762000065 ], [ 79.808880405000082, 8.171099598000069 ], [ 79.80889682600008, 8.171116802000029 ], [ 79.80891276300008, 8.171136477000061 ], [ 79.808928317000039, 8.171158701000024 ], [ 79.808943998000075, 8.17118438600005 ], [ 79.808959033000065, 8.171212463000074 ], [ 79.808972334000032, 8.171240742000066 ], [ 79.808973558000048, 8.17124334500005 ], [ 79.808982259000061, 8.171266079000077 ], [ 79.808988660000068, 8.171287552000024 ], [ 79.808993978000046, 8.171310683000058 ], [ 79.808998283000051, 8.171335766000027 ], [ 79.809001693000084, 8.171363457000041 ], [ 79.809004943000048, 8.171403909000048 ], [ 79.809016631000077, 8.17160158300004 ], [ 79.809017680000068, 8.171655076000036 ], [ 79.809017391000054, 8.171714563000023 ], [ 79.809011406000081, 8.171927210000035 ], [ 79.809010486000034, 8.172012763000055 ], [ 79.80901201100005, 8.172096864000025 ], [ 79.809018741000045, 8.172288921000074 ], [ 79.809019708000051, 8.172377742000037 ], [ 79.809017383000082, 8.172454879000043 ], [ 79.809017210000036, 8.172460607000062 ], [ 79.809013700000037, 8.172577087000036 ], [ 79.809011639000062, 8.172613211000055 ], [ 79.809008607000067, 8.172644490000039 ], [ 79.80900299700005, 8.172680439000032 ], [ 79.808995277000065, 8.172712667000042 ], [ 79.808992713000066, 8.172720172000027 ], [ 79.808985304000032, 8.172741869000049 ], [ 79.80897211000007, 8.17277107700005 ], [ 79.808958464000057, 8.172795798000038 ], [ 79.808942339000055, 8.172820965000028 ], [ 79.808923560000039, 8.172846847000073 ], [ 79.808901740000067, 8.172873985000024 ], [ 79.808861678000085, 8.172919063000052 ], [ 79.808781556000042, 8.173003020000067 ], [ 79.808749977000048, 8.173037329000067 ], [ 79.808659485000078, 8.173144791000027 ], [ 79.808619287000056, 8.173191010000039 ], [ 79.80858728100003, 8.173225577000039 ], [ 79.808582733000037, 8.173230489000048 ], [ 79.80857753600003, 8.173236102000033 ], [ 79.808525366000083, 8.173289070000067 ], [ 79.808478216000083, 8.173334144000023 ], [ 79.808432111000059, 8.173375417000045 ], [ 79.80841188800008, 8.17339220100007 ], [ 79.808404052000071, 8.173398705000068 ], [ 79.808384824000029, 8.173414662000027 ], [ 79.808332619000055, 8.173454495000044 ], [ 79.80826671300008, 8.173501367000028 ], [ 79.808232088000068, 8.173524716000031 ], [ 79.808220333000065, 8.173532642000055 ], [ 79.808196303000045, 8.173548846000074 ], [ 79.808151729000031, 8.173576060000073 ], [ 79.80810153200008, 8.173604370000021 ], [ 79.80798573800007, 8.173664361000021 ], [ 79.80788696500008, 8.173715533000063 ], [ 79.807837783000082, 8.173742462000064 ], [ 79.807794456000067, 8.173767832000067 ], [ 79.807760217000066, 8.173789380000073 ], [ 79.807746223000038, 8.173798841000064 ], [ 79.80773993300005, 8.17380309400005 ], [ 79.807726845000047, 8.173811942000043 ], [ 79.807589540000038, 8.173910448000072 ], [ 79.807473610000045, 8.173983729000042 ], [ 79.807426350000071, 8.174016983000058 ], [ 79.807392917000072, 8.174045401000058 ], [ 79.807366989000059, 8.174072438000053 ], [ 79.807342618000064, 8.174102508000033 ], [ 79.807304102000046, 8.174154027000043 ], [ 79.80728692100007, 8.174177008000072 ], [ 79.807256519000077, 8.174212308000051 ], [ 79.807218355000032, 8.174248889000069 ], [ 79.807155696000052, 8.174302284000021 ], [ 79.807131566000066, 8.174322848000031 ], [ 79.807099515000061, 8.174352422000027 ], [ 79.807095479000054, 8.174356146000036 ], [ 79.807064363000052, 8.174389898000072 ], [ 79.807062392000034, 8.174392313000055 ], [ 79.807009329000039, 8.174457302000064 ], [ 79.806986342000073, 8.174483791000057 ], [ 79.806960994000065, 8.174509357000034 ], [ 79.806936355000062, 8.174529788000029 ], [ 79.806910763000076, 8.174546073000045 ], [ 79.806880173000081, 8.174560734000067 ], [ 79.806846289000077, 8.174573516000066 ], [ 79.806799488000081, 8.174589061000063 ], [ 79.806748374000051, 8.174606040000072 ], [ 79.80671949300006, 8.174618223000039 ], [ 79.806694974000038, 8.174631215000034 ], [ 79.806681897000033, 8.174639986000045 ], [ 79.806679361000079, 8.174641688000065 ], [ 79.806674720000046, 8.174644802000046 ], [ 79.806653226000037, 8.174662312000066 ], [ 79.806630403000042, 8.174683737000066 ], [ 79.806579816000067, 8.17473459200005 ], [ 79.806563280000034, 8.174751214000025 ], [ 79.806547085000034, 8.174765138000055 ], [ 79.806543776000069, 8.174767985000074 ], [ 79.80654104100006, 8.174770334000073 ], [ 79.80651546200005, 8.174789317000034 ], [ 79.806486071000052, 8.174808410000026 ], [ 79.806452023000077, 8.174828087000037 ], [ 79.806398653000031, 8.174855677000039 ], [ 79.806341370000041, 8.174885292000056 ], [ 79.806304935000071, 8.174905096000032 ], [ 79.806273556000065, 8.174923904000025 ], [ 79.806246121000072, 8.174942457000043 ], [ 79.806216532000064, 8.174965796000038 ], [ 79.806186516000082, 8.174994042000037 ], [ 79.806156624000039, 8.175026406000029 ], [ 79.806112147000078, 8.175078703000054 ], [ 79.806095932000062, 8.175097768000057 ], [ 79.80606884000008, 8.17512795500005 ], [ 79.806047578000062, 8.175149520000048 ], [ 79.806040524000082, 8.175156186000038 ], [ 79.80598180100003, 8.175211721000039 ], [ 79.805949570000053, 8.175241114000073 ], [ 79.805943680000041, 8.175246486000049 ], [ 79.805911220000041, 8.17527345600007 ], [ 79.805880642000034, 8.175295762000076 ], [ 79.805851195000059, 8.175313901000038 ], [ 79.805831270000056, 8.175324166000053 ], [ 79.805816404000041, 8.175330595000048 ], [ 79.805810787000041, 8.175333023000064 ], [ 79.805776434000052, 8.175346326000067 ], [ 79.805746733000035, 8.175356327000031 ], [ 79.805723694000051, 8.175362746000076 ], [ 79.805702131000032, 8.175367419000054 ], [ 79.805681830000083, 8.175370393000037 ], [ 79.805662691000066, 8.175371679000023 ], [ 79.80564516000004, 8.175371319000021 ], [ 79.80563273000007, 8.175369861000036 ], [ 79.805628487000035, 8.175369365000051 ], [ 79.805609724000078, 8.175365439000075 ], [ 79.805590233000032, 8.175359739000044 ], [ 79.805570250000073, 8.175352318000023 ], [ 79.805550370000049, 8.17534338400003 ], [ 79.805531121000058, 8.175333171000034 ], [ 79.805513108000071, 8.17532200100004 ], [ 79.80549635400007, 8.175309735000042 ], [ 79.805479846000082, 8.175295582000047 ], [ 79.805463837000048, 8.175279764000038 ], [ 79.805448590000083, 8.175262537000037 ], [ 79.805434364000064, 8.17524419800003 ], [ 79.805431436000049, 8.175239876000035 ], [ 79.805421383000066, 8.17522503400005 ], [ 79.805409850000046, 8.175205345000052 ], [ 79.805399925000074, 8.175185409000051 ], [ 79.805392053000048, 8.17516633300005 ], [ 79.805385858000079, 8.17514747000007 ], [ 79.805381400000044, 8.175129003000052 ], [ 79.805378715000074, 8.175111076000064 ], [ 79.805378036000036, 8.175098759000036 ], [ 79.805377831000044, 8.175095045000035 ], [ 79.805378571000062, 8.175078808000023 ], [ 79.80538099100005, 8.175060705000021 ], [ 79.805385171000069, 8.175040412000044 ], [ 79.80540118600004, 8.174984325000025 ], [ 79.805402934000085, 8.174978203000023 ], [ 79.805406254000047, 8.174966574000052 ], [ 79.805415093000079, 8.174943773000052 ], [ 79.805426285000067, 8.174920216000032 ], [ 79.805439111000055, 8.17489701900007 ], [ 79.805454763000057, 8.174871716000041 ], [ 79.805496223000034, 8.174810954000066 ], [ 79.805512126000053, 8.174787648000063 ], [ 79.805532982000045, 8.174755188000063 ], [ 79.805551716000082, 8.174721758000032 ], [ 79.80556580700005, 8.174690602000055 ], [ 79.805569565000042, 8.174679467000033 ], [ 79.805571200000031, 8.174674627000059 ], [ 79.805574705000083, 8.174664239000037 ], [ 79.805581342000039, 8.174634648000051 ], [ 79.805585747000066, 8.174605350000036 ], [ 79.805593796000039, 8.174536165000063 ], [ 79.805599419000032, 8.174503413000025 ], [ 79.805607241000075, 8.174474579000048 ], [ 79.805617496000082, 8.174450002000071 ], [ 79.80561913400004, 8.174447119000035 ], [ 79.805624255000055, 8.174438096000074 ], [ 79.805632385000081, 8.174426380000057 ], [ 79.805653261000032, 8.174402847000067 ], [ 79.805678456000066, 8.174380271000075 ], [ 79.805717548000075, 8.174349382000059 ], [ 79.805732402000046, 8.174337643000058 ], [ 79.805754216000082, 8.174319150000031 ], [ 79.805775021000045, 8.174298571000065 ], [ 79.805791105000083, 8.174278503000039 ], [ 79.80579403400003, 8.174273538000023 ], [ 79.805796163000082, 8.174269926000022 ], [ 79.805810354000073, 8.174245855000038 ], [ 79.805828641000062, 8.17420635600007 ], [ 79.805845580000039, 8.174161809000054 ], [ 79.805866717000072, 8.17409925100003 ], [ 79.805867695000074, 8.174096357000053 ], [ 79.805871768000031, 8.17408430200004 ], [ 79.805881345000046, 8.174051524000049 ], [ 79.805890568000052, 8.174014600000021 ], [ 79.805916191000051, 8.173893179000061 ], [ 79.805917287000057, 8.173887989000036 ], [ 79.805928585000061, 8.173839914000041 ], [ 79.805930705000037, 8.173832376000064 ], [ 79.805936474000077, 8.173811863000026 ], [ 79.805941120000057, 8.173795337000058 ], [ 79.805946090000077, 8.173779301000025 ], [ 79.805978060000029, 8.173676145000059 ], [ 79.805987362000053, 8.173640397000042 ], [ 79.805988236000076, 8.173636243000033 ], [ 79.805994690000034, 8.173605544000054 ], [ 79.806001295000044, 8.173565140000051 ], [ 79.806006879000051, 8.173519930000055 ], [ 79.806020801000045, 8.173357549000059 ], [ 79.806028199000082, 8.173292520000075 ], [ 79.80602919100005, 8.173285743000065 ], [ 79.806061058000068, 8.17307018300005 ], [ 79.806074695000063, 8.172992032000025 ], [ 79.806088827000053, 8.172921690000067 ], [ 79.806106062000083, 8.172848292000026 ], [ 79.806109453000033, 8.172836171000029 ], [ 79.80611202800003, 8.172826964000024 ], [ 79.806122925000068, 8.172788011000023 ], [ 79.806142338000029, 8.172728651000057 ] ], [ [ 79.777565138000057, 8.186840480000058 ], [ 79.777570195000067, 8.186842574000025 ], [ 79.777584398000045, 8.186849832000064 ], [ 79.777598836000038, 8.186858595000047 ], [ 79.777617148000047, 8.186871570000051 ], [ 79.777636845000075, 8.186887510000076 ], [ 79.777710342000034, 8.186954355000069 ], [ 79.777724509000052, 8.186966304000066 ], [ 79.777776220000078, 8.187010221000037 ], [ 79.777829135000047, 8.187055094000073 ], [ 79.777864218000047, 8.187083586000028 ], [ 79.777872936000051, 8.187090162000061 ], [ 79.777878218000069, 8.187094146000049 ], [ 79.777899700000034, 8.187110350000069 ], [ 79.77797062500008, 8.187159989000065 ], [ 79.778059416000076, 8.187217884000063 ], [ 79.778062249000072, 8.187219724000045 ], [ 79.778115240000034, 8.187252388000047 ], [ 79.778227729000037, 8.187319119000051 ], [ 79.778416335000031, 8.187427779000075 ], [ 79.778458922000084, 8.187453500000061 ], [ 79.778496458000063, 8.18747752400003 ], [ 79.778542602000073, 8.187510063000047 ], [ 79.778550531000064, 8.187515654000038 ], [ 79.778554555000085, 8.187518492000038 ], [ 79.778569143000084, 8.187530564000042 ], [ 79.778640436000046, 8.187589565000053 ], [ 79.778661061000037, 8.18760530000003 ], [ 79.778670432000069, 8.187611708000077 ], [ 79.778673916000059, 8.187614092000047 ], [ 79.77867911900006, 8.18761764900006 ], [ 79.778710457000045, 8.187634635000052 ], [ 79.778714654000055, 8.187636547000068 ], [ 79.778791403000071, 8.187671507000061 ], [ 79.778812172000073, 8.187683459000027 ], [ 79.778829280000082, 8.187695852000047 ], [ 79.778839914000059, 8.187705521000055 ], [ 79.778848717000074, 8.187715371000024 ], [ 79.778857224000035, 8.187727093000035 ], [ 79.778865277000079, 8.187740578000046 ], [ 79.778878243000065, 8.187767825000037 ], [ 79.778897700000073, 8.187815934000071 ], [ 79.778907126000036, 8.187839240000073 ], [ 79.778916627000058, 8.187858155000072 ], [ 79.778926495000064, 8.187874124000075 ], [ 79.778931262000071, 8.187880157000052 ], [ 79.778934043000049, 8.187883676000069 ], [ 79.778950782000038, 8.18790486000006 ], [ 79.778974901000083, 8.187931869000067 ], [ 79.778997275000052, 8.187953307000043 ], [ 79.77901921800003, 8.187970580000069 ], [ 79.779023306000056, 8.187973053000064 ], [ 79.779025904000036, 8.187974625000038 ], [ 79.779040240000029, 8.187983297000073 ], [ 79.779065609000043, 8.187994414000059 ], [ 79.77914822200006, 8.188020792000032 ], [ 79.779153619000056, 8.188022701000023 ], [ 79.779244770000048, 8.188054957000077 ], [ 79.779280707000055, 8.188069297000027 ], [ 79.779305309000051, 8.188081183000065 ], [ 79.779309639000076, 8.18808352700006 ], [ 79.779351220000081, 8.188106750000031 ], [ 79.77937615500008, 8.188122294000038 ], [ 79.779396424000083, 8.188137080000047 ], [ 79.779413572000067, 8.188152329000047 ], [ 79.779427100000078, 8.188167628000031 ], [ 79.779440116000046, 8.188186819000066 ], [ 79.779451609000034, 8.188208747000033 ], [ 79.779463002000057, 8.188236783000036 ], [ 79.779473057000075, 8.188268954000023 ], [ 79.77947647700006, 8.188283211000055 ], [ 79.779477266000072, 8.188286503000029 ], [ 79.779479730000048, 8.188296775000026 ], [ 79.779483346000063, 8.188324384000055 ], [ 79.779484797000066, 8.188355172000058 ], [ 79.779485825000052, 8.188461114000063 ], [ 79.77948494900005, 8.188537800000063 ], [ 79.779484398000079, 8.188585925000041 ], [ 79.77948475200003, 8.188617102000023 ], [ 79.779484912000044, 8.188631288000067 ], [ 79.779484965000051, 8.188635979000026 ], [ 79.779486058000032, 8.188650920000043 ], [ 79.779488478000076, 8.188684033000072 ], [ 79.77950213400004, 8.188805075000062 ], [ 79.779504044000078, 8.188839235000046 ], [ 79.779503892000037, 8.188869767000028 ], [ 79.779502384000068, 8.188891510000076 ], [ 79.779500693000045, 8.188904363000063 ], [ 79.779499568000062, 8.188912910000056 ], [ 79.779488903000072, 8.188965335000034 ], [ 79.779473500000051, 8.18901878500003 ], [ 79.779453124000042, 8.189074813000047 ], [ 79.77943560500006, 8.189116228000046 ], [ 79.779433108000035, 8.189121423000074 ], [ 79.779421941000066, 8.189144657000043 ], [ 79.779404993000071, 8.189174473000037 ], [ 79.779384852000078, 8.18920521900003 ], [ 79.779365540000072, 8.189231751000023 ], [ 79.779342973000041, 8.189260479000041 ], [ 79.77925061600007, 8.189369742000054 ], [ 79.779220745000032, 8.18940746800007 ], [ 79.779212919000031, 8.189417352000021 ], [ 79.779199774000062, 8.189435679000042 ], [ 79.779195941000069, 8.18944102200004 ], [ 79.779103206000059, 8.189570310000022 ], [ 79.779076711000073, 8.189610410000057 ], [ 79.779054920000078, 8.189646985000024 ], [ 79.77903701300005, 8.189681594000035 ], [ 79.779035264000072, 8.189684973000055 ], [ 79.779019910000045, 8.189721245000044 ], [ 79.779004217000079, 8.18976682400006 ], [ 79.778977223000084, 8.189858401000038 ], [ 79.778974174000041, 8.189868746000059 ], [ 79.778959573000066, 8.189913079000064 ], [ 79.778954680000083, 8.18992522800005 ], [ 79.778950341000041, 8.18993600400006 ], [ 79.778936940000051, 8.189969278000035 ], [ 79.778908331000082, 8.190031207000061 ], [ 79.778878177000081, 8.190090187000067 ], [ 79.778842488000066, 8.190154906000032 ], [ 79.778715884000064, 8.190369533000023 ], [ 79.778669554000032, 8.190451322000058 ], [ 79.778634117000081, 8.190518888000042 ], [ 79.778555290000043, 8.190676969000037 ], [ 79.778515398000081, 8.19075095900007 ], [ 79.778489864000051, 8.190793889000076 ], [ 79.778464468000038, 8.190832822000061 ], [ 79.778462536000063, 8.190835488000062 ], [ 79.778441759000032, 8.190864130000023 ], [ 79.778415824000035, 8.19089626300007 ], [ 79.778390352000031, 8.19092528300007 ], [ 79.778360864000035, 8.19095681400006 ], [ 79.778297397000074, 8.19102084900004 ], [ 79.77825959200004, 8.191058995000049 ], [ 79.778222717000062, 8.191097458000058 ], [ 79.778187882000054, 8.191136472000039 ], [ 79.778158331000043, 8.191173047000063 ], [ 79.778144385000076, 8.19119250500006 ], [ 79.778140728000039, 8.191197609000028 ], [ 79.778133540000056, 8.191207636000058 ], [ 79.778108700000075, 8.191246829000022 ], [ 79.778084647000071, 8.191288560000032 ], [ 79.778058403000045, 8.19133626200005 ], [ 79.778020663000063, 8.191404857000066 ], [ 79.777999922000049, 8.191439487000025 ], [ 79.777980140000068, 8.191469703000053 ], [ 79.777974977000042, 8.191476771000055 ], [ 79.777972543000033, 8.191480101000025 ], [ 79.777948406000064, 8.191513139000051 ], [ 79.777912689000061, 8.191557862000025 ], [ 79.777873299000078, 8.191603484000041 ], [ 79.77782933800006, 8.191651063000052 ], [ 79.777788405000081, 8.191693096000051 ], [ 79.777741483000057, 8.191739435000045 ], [ 79.777594699000076, 8.191879674000063 ], [ 79.777567177000037, 8.191905908000024 ], [ 79.777485411000043, 8.191981437000038 ], [ 79.777395307000063, 8.192061296000077 ], [ 79.777309204000062, 8.192135191000034 ], [ 79.777181370000051, 8.192242623000027 ], [ 79.777048210000032, 8.192357709000021 ], [ 79.776994859000069, 8.192402179000055 ], [ 79.776951378000035, 8.192436573000066 ], [ 79.77691055400004, 8.192466898000021 ], [ 79.776871256000049, 8.192493996000053 ], [ 79.776832960000036, 8.192518220000068 ], [ 79.776812912000082, 8.192529740000055 ], [ 79.77680994800005, 8.192531443000064 ], [ 79.776796483000055, 8.19253918000004 ], [ 79.776757084000053, 8.192559754000058 ], [ 79.77671428900004, 8.192580193000026 ], [ 79.776666823000085, 8.192601109000066 ], [ 79.776601712000058, 8.192627781000056 ], [ 79.776453478000064, 8.19268588500006 ], [ 79.77630264700008, 8.192749164000077 ], [ 79.776259682000045, 8.192765446000067 ], [ 79.776220823000074, 8.192778439000051 ], [ 79.776192380000055, 8.192786633000026 ], [ 79.776165031000062, 8.192793290000054 ], [ 79.776147222000077, 8.192796783000063 ], [ 79.776140401000077, 8.192798122000056 ], [ 79.776117168000042, 8.192801233000068 ], [ 79.776071803000036, 8.192804026000033 ], [ 79.776026062000085, 8.192804653000053 ], [ 79.775959341000032, 8.19280556700005 ], [ 79.775928666000084, 8.192807917000039 ], [ 79.775901367000074, 8.192811837000022 ], [ 79.775896340000031, 8.192812948000039 ], [ 79.775893400000029, 8.192813597000054 ], [ 79.775877489000038, 8.192817112000057 ], [ 79.775851254000031, 8.192824707000057 ], [ 79.775798394000049, 8.192843457000038 ], [ 79.775765719000049, 8.192855047000023 ], [ 79.77573398800007, 8.192865136000023 ], [ 79.775713119000045, 8.192870259000074 ], [ 79.775708592000058, 8.192871370000034 ], [ 79.775703530000044, 8.192872612000031 ], [ 79.775657331000048, 8.192881468000053 ], [ 79.775620957000058, 8.192887040000073 ], [ 79.77558496100005, 8.192891305000046 ], [ 79.775549480000052, 8.192894248000073 ], [ 79.775515702000064, 8.192895813000064 ], [ 79.775476689000072, 8.192896260000055 ], [ 79.775439344000063, 8.192895338000028 ], [ 79.775415611000085, 8.192893885000046 ], [ 79.775402751000058, 8.192893096000034 ], [ 79.77536705600005, 8.19288954600006 ], [ 79.775333798000077, 8.192884925000044 ], [ 79.775301572000046, 8.192879124000058 ], [ 79.775298459000055, 8.192878467000071 ], [ 79.775243299000067, 8.192866691000063 ], [ 79.775200503000065, 8.192855982000026 ], [ 79.775169824000045, 8.192846761000055 ], [ 79.775142208000034, 8.192836851000038 ], [ 79.775117106000039, 8.192826057000048 ], [ 79.775094281000065, 8.192814272000021 ], [ 79.77506584200006, 8.192795947000036 ], [ 79.775063487000068, 8.192794181000068 ], [ 79.775031875000082, 8.192770429000063 ], [ 79.775012055000047, 8.19275387600004 ], [ 79.775000175000059, 8.192742229000032 ], [ 79.774990916000036, 8.192731194000032 ], [ 79.774984111000038, 8.192720579000024 ], [ 79.77497971400004, 8.192710307000027 ], [ 79.774977273000047, 8.192698309000036 ], [ 79.774977055000079, 8.192684817000043 ], [ 79.774979065000082, 8.192669933000047 ], [ 79.774983280000072, 8.192653825000036 ], [ 79.77498971600005, 8.192636546000074 ], [ 79.774998207000067, 8.192618607000043 ], [ 79.77500853600003, 8.192600471000048 ], [ 79.775020299000062, 8.192582855000069 ], [ 79.775039230000061, 8.192559508000045 ], [ 79.775056580000069, 8.192544072000032 ], [ 79.775080044000049, 8.192529301000036 ], [ 79.775145255000041, 8.192494944000032 ], [ 79.775148916000035, 8.192492572000049 ], [ 79.775186268000084, 8.192468240000039 ], [ 79.77522973400005, 8.192438336000066 ], [ 79.775280689000056, 8.192401374000042 ], [ 79.775333155000055, 8.19236131200006 ], [ 79.775387739000053, 8.192317695000042 ], [ 79.775400617000059, 8.192306989000031 ], [ 79.775417104000041, 8.192293283000026 ], [ 79.775445676000061, 8.192269532000068 ], [ 79.775530309000033, 8.192196521000028 ], [ 79.775703933000045, 8.192042444000037 ], [ 79.775715379000076, 8.192032316000052 ], [ 79.775877696000066, 8.191891758000054 ], [ 79.775949643000047, 8.191827606000061 ], [ 79.776000135000061, 8.191780300000062 ], [ 79.77604509400004, 8.191735729000072 ], [ 79.776085813000066, 8.191692609000029 ], [ 79.776122838000049, 8.191650355000036 ], [ 79.776147536000053, 8.191620085000068 ], [ 79.776150355000084, 8.191616425000063 ], [ 79.776170782000065, 8.191589690000058 ], [ 79.776217209000038, 8.191522908000024 ], [ 79.776263920000076, 8.191447486000072 ], [ 79.776313517000062, 8.191359188000035 ], [ 79.776434006000045, 8.191127625000036 ], [ 79.776524731000052, 8.190959462000023 ], [ 79.77656401400003, 8.190883313000029 ], [ 79.776589262000073, 8.190830399000049 ], [ 79.77659989700004, 8.190808061000041 ], [ 79.776642609000078, 8.19072314400006 ], [ 79.776661053000055, 8.190684057000055 ], [ 79.776679669000032, 8.190637722000076 ], [ 79.776692061000062, 8.190595883000071 ], [ 79.776698142000043, 8.190562576000048 ], [ 79.776698593000049, 8.190555922000044 ], [ 79.776698863000036, 8.190551936000077 ], [ 79.776700300000073, 8.190530723000052 ], [ 79.776699377000057, 8.190498662000039 ], [ 79.776692122000043, 8.190416635000076 ], [ 79.776691025000048, 8.190387066000028 ], [ 79.776690643000052, 8.190376781000055 ], [ 79.77669110000005, 8.190356962000067 ], [ 79.776691851000066, 8.190324340000075 ], [ 79.776699238000049, 8.19019012800004 ], [ 79.776699507000046, 8.190151754000055 ], [ 79.776697972000079, 8.190117550000025 ], [ 79.776695612000083, 8.190093828000045 ], [ 79.776691992000053, 8.190070492000075 ], [ 79.776678153000034, 8.190008196000065 ], [ 79.776660561000085, 8.189948936000064 ], [ 79.776639154000065, 8.189891537000051 ], [ 79.776624175000052, 8.189857427000049 ], [ 79.776607961000082, 8.189824596000051 ], [ 79.776590551000083, 8.18979313400007 ], [ 79.776378376000082, 8.189515972000038 ], [ 79.776113973000065, 8.189272460000041 ], [ 79.77609970900005, 8.189259302000039 ], [ 79.776084393000076, 8.189242561000071 ], [ 79.776069910000047, 8.189223979000076 ], [ 79.776056199000038, 8.189203486000054 ], [ 79.776034580000044, 8.189164161000065 ], [ 79.776014613000029, 8.189118352000037 ], [ 79.775995848000036, 8.189065231000029 ], [ 79.775975655000082, 8.188997383000071 ], [ 79.775964227000031, 8.188955461000035 ], [ 79.775963090000062, 8.188951295000038 ], [ 79.775955195000051, 8.188922330000025 ], [ 79.775942378000082, 8.188864413000033 ], [ 79.775933615000042, 8.188808927000025 ], [ 79.775945254000078, 8.188624482000023 ], [ 79.77612414500004, 8.188004370000044 ], [ 79.77613205800003, 8.187980306000043 ], [ 79.776134265000053, 8.187975327000061 ], [ 79.776138299000081, 8.187966227000061 ], [ 79.776146125000082, 8.187952549000045 ], [ 79.776155832000029, 8.187938732000021 ], [ 79.776167568000062, 8.187924592000059 ], [ 79.776192341000069, 8.187899386000026 ], [ 79.776223854000079, 8.187870565000026 ], [ 79.776234392000049, 8.187860926000042 ], [ 79.776259168000081, 8.187838267000075 ], [ 79.776276295000059, 8.187820105000071 ], [ 79.776290068000037, 8.187802900000065 ], [ 79.776302421000082, 8.187783442000068 ], [ 79.776316180000038, 8.187755951000042 ], [ 79.776915615000064, 8.186995159000048 ], [ 79.776918161000083, 8.186992631000066 ], [ 79.776941572000055, 8.186971007000068 ], [ 79.77695428100003, 8.186961083000028 ], [ 79.776963194000075, 8.186954125000057 ], [ 79.777040163000038, 8.18689402900003 ], [ 79.777074147000064, 8.186869688000058 ], [ 79.777104374000032, 8.186850597000046 ], [ 79.777132855000048, 8.186835490000021 ], [ 79.777160163000076, 8.186824088000037 ], [ 79.777179944000068, 8.186817907000034 ], [ 79.777195727000048, 8.18681444300006 ], [ 79.777199425000049, 8.186813631000064 ], [ 79.777220035000084, 8.186811003000059 ], [ 79.777242905000037, 8.186809850000031 ], [ 79.777273183000034, 8.186810276000074 ], [ 79.777346815000044, 8.186814699000024 ], [ 79.777350849000072, 8.186814888000072 ], [ 79.777461895000044, 8.186818680000044 ], [ 79.777504213000043, 8.186823429000071 ], [ 79.777539885000067, 8.18683135200007 ], [ 79.77755559600007, 8.186836528000072 ], [ 79.777565138000057, 8.186840480000058 ] ], [ [ 79.782955035000043, 8.21855746500006 ], [ 79.782926404000079, 8.218537036000043 ], [ 79.78289303300005, 8.218517834000068 ], [ 79.782866314000046, 8.218505662000041 ], [ 79.782832435000046, 8.218493271000057 ], [ 79.782780342000081, 8.218477869000026 ], [ 79.782731543000068, 8.218465489000039 ], [ 79.782661111000039, 8.218450080000025 ], [ 79.782587457000034, 8.218439101000058 ], [ 79.782456608000075, 8.218426474000069 ], [ 79.782380222000029, 8.218421212000067 ], [ 79.782323175000045, 8.218419883000024 ], [ 79.78226481300004, 8.218421465000063 ], [ 79.782072497000058, 8.21843371600005 ], [ 79.782014943000036, 8.218434200000047 ], [ 79.78196693600006, 8.218431887000065 ], [ 79.781961511000077, 8.218431275000057 ], [ 79.781927684000038, 8.218427456000029 ], [ 79.781889748000083, 8.218420518000073 ], [ 79.781812221000052, 8.218398850000028 ], [ 79.781769008000083, 8.218389348000073 ], [ 79.781724139000062, 8.218384491000052 ], [ 79.781628531000081, 8.218379152000068 ], [ 79.781582140000069, 8.218371441000045 ], [ 79.781555784000034, 8.218364030000032 ], [ 79.781522152000036, 8.21835229900006 ], [ 79.781458298000075, 8.21832415700004 ], [ 79.781397230000039, 8.218290543000023 ], [ 79.781309940000085, 8.218235849000052 ], [ 79.781246597000063, 8.218193413000051 ], [ 79.781224983000072, 8.218176970000059 ], [ 79.78120768000008, 8.218161697000028 ], [ 79.781193259000077, 8.218146561000026 ], [ 79.781180756000083, 8.218130194000025 ], [ 79.781171402000041, 8.218113733000052 ], [ 79.781164967000052, 8.218097423000074 ], [ 79.781157902000075, 8.218064433000052 ], [ 79.78115553400005, 8.218025054000066 ], [ 79.78115815700005, 8.217985010000064 ], [ 79.781165717000079, 8.217947474000027 ], [ 79.781177589000038, 8.217912410000054 ], [ 79.78119619000006, 8.217869890000031 ], [ 79.781241614000066, 8.217795538000075 ], [ 79.78127578200008, 8.217728322000028 ], [ 79.781301769000038, 8.217666585000075 ], [ 79.781325564000042, 8.217599284000073 ], [ 79.78134678400005, 8.217528242000071 ], [ 79.781367400000079, 8.217447626000023 ], [ 79.781424763000075, 8.21718398400003 ], [ 79.781446594000045, 8.217091677000042 ], [ 79.78147025700008, 8.217006132000051 ], [ 79.781495459000041, 8.216930234000074 ], [ 79.781571476000067, 8.216729801000042 ], [ 79.781628510000075, 8.216584862000047 ], [ 79.781682021000051, 8.216456152000035 ], [ 79.781733596000038, 8.216340184000046 ], [ 79.781787851000047, 8.216227315000026 ], [ 79.781842747000042, 8.216122555000027 ], [ 79.781903144000069, 8.216017670000042 ], [ 79.781933964000075, 8.21596753700004 ], [ 79.781949479000048, 8.215946315000053 ], [ 79.781973360000052, 8.21592012900004 ], [ 79.782001218000062, 8.215895542000055 ], [ 79.782032370000081, 8.215873158000022 ], [ 79.782065996000085, 8.215853566000021 ], [ 79.78210114400008, 8.21583731100003 ], [ 79.782137001000081, 8.215824755000028 ], [ 79.782172732000049, 8.215816192000034 ], [ 79.782207640000081, 8.215811786000074 ], [ 79.782246672000042, 8.215812009000047 ], [ 79.782282992000034, 8.215818040000045 ], [ 79.782439013000044, 8.215873511000041 ], [ 79.78248461700008, 8.215885897000021 ], [ 79.782528572000047, 8.215894017000039 ], [ 79.782587763000038, 8.215900434000048 ], [ 79.782648021000057, 8.215902342000049 ], [ 79.782709681000085, 8.215899457000035 ], [ 79.782751874000041, 8.215892600000075 ], [ 79.782780330000037, 8.215884816000028 ], [ 79.782809514000064, 8.215874374000066 ], [ 79.782839736000085, 8.215861162000067 ], [ 79.782871596000064, 8.215844921000041 ], [ 79.78292970800004, 8.215810585000042 ], [ 79.783071187000075, 8.21571915100003 ], [ 79.783110878000059, 8.215696312000034 ], [ 79.78314733600007, 8.215677908000032 ], [ 79.78318872300008, 8.215660710000066 ], [ 79.783240718000059, 8.215643991000036 ], [ 79.783275518000039, 8.215636773000028 ], [ 79.783306948000074, 8.215634229000045 ], [ 79.783326294000062, 8.215635027000076 ], [ 79.783345908000058, 8.215637667000067 ], [ 79.783386634000067, 8.21564898500003 ], [ 79.783428356000059, 8.215667451000058 ], [ 79.783465515000046, 8.21569112800006 ], [ 79.783492152000065, 8.215713324000035 ], [ 79.783517501000063, 8.215739281000026 ], [ 79.783534607000036, 8.215763433000063 ], [ 79.783560859000033, 8.215807579000057 ], [ 79.783591145000059, 8.215843117000077 ], [ 79.783610037000074, 8.21586157400003 ], [ 79.783630070000072, 8.215878528000076 ], [ 79.783649912000044, 8.215892629000052 ], [ 79.783670443000062, 8.215904671000033 ], [ 79.783694431000072, 8.215916288000074 ], [ 79.783720282000047, 8.215926442000068 ], [ 79.783747031000075, 8.215934694000055 ], [ 79.783754282000075, 8.215936124000052 ], [ 79.783768915000053, 8.215939010000056 ], [ 79.783789811000076, 8.215940743000033 ], [ 79.783812724000029, 8.215940192000062 ], [ 79.783836591000068, 8.215937325000027 ], [ 79.783863139000061, 8.21593185200004 ], [ 79.783894411000063, 8.215922979000027 ], [ 79.783935466000059, 8.215908597000066 ], [ 79.784048029000076, 8.21586493600006 ], [ 79.784174255000039, 8.215823256000022 ], [ 79.78429759800008, 8.215776106000021 ], [ 79.784409491000076, 8.215729090000025 ], [ 79.78451564900007, 8.215681921000055 ], [ 79.784615111000051, 8.21563524100003 ], [ 79.784699698000054, 8.215592258000072 ], [ 79.784818914000084, 8.215525825000043 ], [ 79.78492185500005, 8.215462453000043 ], [ 79.78500757300003, 8.215403322000043 ], [ 79.785102873000085, 8.215329757000063 ], [ 79.785160431000065, 8.215278979000061 ], [ 79.785216735000063, 8.215220403000046 ], [ 79.785264040000072, 8.215163489000076 ], [ 79.785309928000061, 8.215093711000065 ], [ 79.785321340000053, 8.21508076300006 ], [ 79.785332632000063, 8.215071497000054 ], [ 79.785344823000059, 8.215065112000048 ], [ 79.785359200000073, 8.21506062800006 ], [ 79.785375582000086, 8.215058104000036 ], [ 79.785393774000056, 8.215057567000031 ], [ 79.785413632000029, 8.215059042000064 ], [ 79.785434661000068, 8.215062509000063 ], [ 79.785478201000046, 8.215075037000076 ], [ 79.785509297000033, 8.21508841800005 ], [ 79.785536767000053, 8.215104194000048 ], [ 79.785558350000031, 8.215120970000044 ], [ 79.785574134000058, 8.215138847000048 ], [ 79.785589463000065, 8.215164483000024 ], [ 79.785602036000057, 8.215195246000064 ], [ 79.785611107000079, 8.215229305000037 ], [ 79.785616083000036, 8.215264457000046 ], [ 79.785616677000064, 8.215298227000062 ], [ 79.785612926000056, 8.215329270000041 ], [ 79.785607972000037, 8.215347935000068 ], [ 79.785595134000062, 8.215378506000036 ], [ 79.78558987200006, 8.215394742000058 ], [ 79.78558429800006, 8.215417287000037 ], [ 79.785579684000083, 8.215445168000031 ], [ 79.785576275000039, 8.215476835000061 ], [ 79.785571573000084, 8.215556167000045 ], [ 79.785563387000082, 8.215613509000036 ], [ 79.78555306800007, 8.215655450000042 ], [ 79.785530320000078, 8.215725167000073 ], [ 79.785513234000064, 8.21576661000006 ], [ 79.785494270000072, 8.215802583000027 ], [ 79.785472950000042, 8.215833485000076 ], [ 79.785446383000078, 8.215864301000067 ], [ 79.78539786500005, 8.215909789000023 ], [ 79.785355123000045, 8.215944731000036 ], [ 79.785270611000044, 8.216009863000068 ], [ 79.785199176000049, 8.21607268300005 ], [ 79.78515664400004, 8.216113630000052 ], [ 79.785115053000084, 8.216156420000061 ], [ 79.785074465000037, 8.216200987000036 ], [ 79.785034952000046, 8.216247255000042 ], [ 79.784966895000082, 8.216334369000037 ], [ 79.784902940000052, 8.216426171000023 ], [ 79.78484347400007, 8.216522120000036 ], [ 79.784789131000082, 8.216621191000058 ], [ 79.784760152000047, 8.216681472000062 ], [ 79.784738188000063, 8.216737673000068 ], [ 79.784729278000043, 8.216778146000024 ], [ 79.784728046000055, 8.216818652000029 ], [ 79.784730551000052, 8.216845721000027 ], [ 79.784736415000054, 8.216880541000023 ], [ 79.78475093000003, 8.216941803000054 ], [ 79.784761500000059, 8.216979111000057 ], [ 79.784779627000034, 8.217024086000038 ], [ 79.784807819000036, 8.217080486000043 ], [ 79.784820382000078, 8.217109425000046 ], [ 79.784828472000072, 8.217132027000048 ], [ 79.784834557000067, 8.217158737000034 ], [ 79.784837497000069, 8.217196369000021 ], [ 79.784835656000041, 8.21723877200003 ], [ 79.784828792000042, 8.217286032000061 ], [ 79.784817246000046, 8.217335433000073 ], [ 79.784799101000033, 8.217392081000071 ], [ 79.784776267000041, 8.217444024000031 ], [ 79.784743841000079, 8.217502142000058 ], [ 79.784706202000052, 8.217558126000029 ], [ 79.784666856000058, 8.217604076000043 ], [ 79.784629685000084, 8.217641253000068 ], [ 79.784550102000082, 8.217716822000057 ], [ 79.784506774000079, 8.217762060000041 ], [ 79.784464730000082, 8.217808595000065 ], [ 79.784375633000082, 8.21790659100003 ], [ 79.784288741000069, 8.218006118000062 ], [ 79.784204053000053, 8.218107173000021 ], [ 79.784121570000082, 8.218209758000057 ], [ 79.78404129300003, 8.218313873000056 ], [ 79.783963220000032, 8.218419519000065 ], [ 79.783887353000068, 8.218526694000047 ], [ 79.783813691000034, 8.218635400000039 ], [ 79.783711972000049, 8.21879313900007 ], [ 79.783689822000042, 8.218831984000076 ], [ 79.783675556000048, 8.218863984000052 ], [ 79.783669056000065, 8.218885226000054 ], [ 79.783663374000071, 8.218915631000073 ], [ 79.783658216000049, 8.218996321000077 ], [ 79.783649736000029, 8.219060151000065 ], [ 79.783642057000066, 8.219098110000061 ], [ 79.783630329000061, 8.219129143000032 ], [ 79.783619674000079, 8.21914855700004 ], [ 79.783606882000072, 8.219167807000076 ], [ 79.783592566000038, 8.219186002000072 ], [ 79.783576951000043, 8.219202904000042 ], [ 79.783560450000039, 8.219218020000028 ], [ 79.783543368000039, 8.219230982000056 ], [ 79.783526777000077, 8.219240966000029 ], [ 79.783510400000068, 8.219248389000029 ], [ 79.783490351000069, 8.21925468400002 ], [ 79.783468349000032, 8.219259068000042 ], [ 79.783444078000059, 8.219261581000069 ], [ 79.783420203000048, 8.219262129000072 ], [ 79.783394103000035, 8.219260852000048 ], [ 79.783367054000053, 8.219257609000067 ], [ 79.78333953300006, 8.219252315000062 ], [ 79.783316085000081, 8.219245910000041 ], [ 79.78327630800004, 8.219229593000023 ], [ 79.783235478000051, 8.219205535000071 ], [ 79.783192404000033, 8.219172892000074 ], [ 79.783150256000056, 8.219133984000052 ], [ 79.783114327000078, 8.219094286000029 ], [ 79.783086653000055, 8.219055733000062 ], [ 79.783068236000076, 8.219020586000056 ], [ 79.783051122000074, 8.218974401000025 ], [ 79.783043552000038, 8.218945189000067 ], [ 79.783039541000051, 8.218911143000071 ], [ 79.783034242000042, 8.218814314000042 ], [ 79.783031292000032, 8.218760389000067 ], [ 79.78302452500003, 8.218699239000046 ], [ 79.783018509000044, 8.218669100000056 ], [ 79.783010789000059, 8.218642314000022 ], [ 79.783001234000039, 8.21861842900006 ], [ 79.782989755000074, 8.218597233000025 ], [ 79.782973814000059, 8.218575694000037 ], [ 79.782955035000043, 8.21855746500006 ] ], [ [ 79.780812714000035, 8.219744923000064 ], [ 79.780705612000077, 8.219858176000059 ], [ 79.780627206000077, 8.219886362000068 ], [ 79.780548923000083, 8.21986488500005 ], [ 79.780520544000069, 8.219822246000035 ], [ 79.780535050000083, 8.219715860000065 ], [ 79.780577989000051, 8.219630828000049 ], [ 79.780556802000035, 8.219559828000058 ], [ 79.780535579000059, 8.219503018000069 ], [ 79.780485959000032, 8.219410663000076 ], [ 79.780436267000084, 8.219346687000041 ], [ 79.780393768000067, 8.219254351000075 ], [ 79.780394138000077, 8.219105361000061 ], [ 79.780344782000043, 8.21890658500007 ], [ 79.780429974000072, 8.219013216000064 ], [ 79.780515096000045, 8.219148227000062 ], [ 79.780564928000047, 8.219155446000059 ], [ 79.780714423000063, 8.219177098000046 ], [ 79.780828189000033, 8.21924832600007 ], [ 79.780870564000054, 8.219390327000042 ], [ 79.780870124000046, 8.21956769600007 ], [ 79.780812714000035, 8.219744923000064 ] ], [ [ 79.806971442000076, 8.22508083300005 ], [ 79.806981677000067, 8.225098476000028 ], [ 79.806990858000063, 8.225121176000073 ], [ 79.807020842000043, 8.225223824000068 ], [ 79.807029443000033, 8.22526373900007 ], [ 79.807038094000063, 8.225320114000056 ], [ 79.807040422000057, 8.225340221000067 ], [ 79.80704058200007, 8.22535616600004 ], [ 79.807038727000077, 8.225369347000026 ], [ 79.80703459700004, 8.225381781000067 ], [ 79.807027766000033, 8.225394937000033 ], [ 79.807018242000083, 8.225408616000038 ], [ 79.806988485000034, 8.225440461000062 ], [ 79.806964032000053, 8.225462757000059 ], [ 79.806947559000037, 8.225475560000064 ], [ 79.806925566000075, 8.225486844000045 ], [ 79.806915171000071, 8.225489071000027 ], [ 79.80690344900006, 8.22548955000002 ], [ 79.80688413200005, 8.225487359000056 ], [ 79.806833364000056, 8.225477109000053 ], [ 79.806772339000076, 8.225469499000042 ], [ 79.806746820000058, 8.225469387000032 ], [ 79.806726104000063, 8.22547454100004 ], [ 79.806685926000057, 8.225496551000049 ], [ 79.806662699000071, 8.225504613000055 ], [ 79.806623555000044, 8.225512269000035 ], [ 79.806583667000041, 8.225514263000036 ], [ 79.806540126000073, 8.225509786000032 ], [ 79.80649500100003, 8.225498956000024 ], [ 79.806453538000085, 8.225482878000037 ], [ 79.806413606000035, 8.225461066000037 ], [ 79.806398124000054, 8.225445381000043 ], [ 79.806376412000077, 8.225423012000022 ], [ 79.806358063000062, 8.225398766000069 ], [ 79.80634307400004, 8.225372643000071 ], [ 79.806333984000048, 8.225350161000051 ], [ 79.806305357000042, 8.225258955000072 ], [ 79.806299653000053, 8.225235342000076 ], [ 79.80629530200008, 8.225205760000051 ], [ 79.806293632000063, 8.225183087000062 ], [ 79.806293983000046, 8.225162930000067 ], [ 79.806296135000082, 8.225146881000057 ], [ 79.806300729000043, 8.225129537000043 ], [ 79.806327261000035, 8.225061633000053 ], [ 79.806337325000072, 8.225020203000042 ], [ 79.806342052000048, 8.225006429000075 ], [ 79.806351974000052, 8.224991288000069 ], [ 79.80636878200005, 8.224976767000044 ], [ 79.806393137000043, 8.224962346000041 ], [ 79.80641554400006, 8.224952576000021 ], [ 79.806439156000067, 8.224947239000073 ], [ 79.806468044000042, 8.224944894000032 ], [ 79.806531222000046, 8.224944919000052 ], [ 79.806600997000032, 8.224942184000042 ], [ 79.80663170300005, 8.224942748000046 ], [ 79.806664477000083, 8.224946445000057 ], [ 79.806728725000085, 8.224960442000054 ], [ 79.806784625000034, 8.224961935000067 ], [ 79.806801852000035, 8.224963649000074 ], [ 79.806819129000075, 8.224968817000047 ], [ 79.806831798000076, 8.224977654000043 ], [ 79.806840151000074, 8.224989082000036 ], [ 79.806857751000052, 8.225021784000035 ], [ 79.806870214000071, 8.225034782000023 ], [ 79.806889044000059, 8.225043458000073 ], [ 79.80693050900004, 8.225053096000067 ], [ 79.806946010000047, 8.225058395000076 ], [ 79.806958870000074, 8.22506665700007 ], [ 79.806971442000076, 8.22508083300005 ] ] ], [ [ [ 79.752325865000046, 8.243664613000021 ], [ 79.752358466000032, 8.24362429100006 ], [ 79.752364276000037, 8.243616305000046 ], [ 79.752366828000049, 8.243612796000036 ], [ 79.752369664000071, 8.243608900000027 ], [ 79.752372500000035, 8.243605001000049 ], [ 79.752390899000034, 8.243573169000058 ], [ 79.752407172000062, 8.243536059000064 ], [ 79.752422439000043, 8.243491038000059 ], [ 79.752448462000075, 8.243398843000023 ], [ 79.752460467000049, 8.24336068100007 ], [ 79.752473372000054, 8.243326318000072 ], [ 79.752506546000063, 8.243246090000071 ], [ 79.752520425000057, 8.243206577000024 ], [ 79.752526461000059, 8.24318442200007 ], [ 79.752530636000074, 8.243163560000028 ], [ 79.752531455000053, 8.243156843000065 ], [ 79.752533292000066, 8.243141730000048 ], [ 79.752534566000065, 8.243118656000036 ], [ 79.752533913000036, 8.243083220000074 ], [ 79.75253028000003, 8.243045297000037 ], [ 79.752523632000077, 8.243004459000076 ], [ 79.75251378400003, 8.242959545000076 ], [ 79.752498829000046, 8.242903241000022 ], [ 79.75249171400003, 8.242880119000063 ], [ 79.752488988000039, 8.242871257000047 ], [ 79.752486090000048, 8.242861839000057 ], [ 79.752479033000043, 8.242845979000037 ], [ 79.752474315000029, 8.242835373000048 ], [ 79.752442703000042, 8.242773964000037 ], [ 79.752430721000053, 8.242743730000029 ], [ 79.752426766000042, 8.242727779000063 ], [ 79.752425029000051, 8.242712765000022 ], [ 79.75242514100006, 8.242708562000075 ], [ 79.752425450000032, 8.242697084000042 ], [ 79.752427929000078, 8.242680423000024 ], [ 79.752435741000056, 8.24265288600003 ], [ 79.752448813000058, 8.242621562000068 ], [ 79.75249161000005, 8.242539029000056 ], [ 79.752494490000061, 8.242533469000023 ], [ 79.752506621000066, 8.242513123000037 ], [ 79.752522211000041, 8.24249127500002 ], [ 79.752542412000082, 8.242466570000033 ], [ 79.752609343000074, 8.242393149000065 ], [ 79.752630465000038, 8.242368737000049 ], [ 79.752647937000063, 8.242345944000022 ], [ 79.752660953000031, 8.242325400000027 ], [ 79.75267111200003, 8.242303382000046 ], [ 79.75267623700006, 8.242282739000075 ], [ 79.752676754000049, 8.24227550300003 ], [ 79.752676947000054, 8.242272798000045 ], [ 79.752676454000039, 8.242262786000026 ], [ 79.752671861000067, 8.242242684000075 ], [ 79.752664062000065, 8.242225226000073 ], [ 79.752652629000067, 8.242207400000041 ], [ 79.752637440000058, 8.24218901100005 ], [ 79.752618200000029, 8.242169699000044 ], [ 79.752598655000043, 8.242152483000041 ], [ 79.75257507200007, 8.242133507000062 ], [ 79.752503113000046, 8.242080070000043 ], [ 79.752481020000062, 8.242063663000067 ], [ 79.752443154000048, 8.242033780000042 ], [ 79.752440347000061, 8.242031244000032 ], [ 79.752408023000044, 8.242002051000043 ], [ 79.752393712000071, 8.241987017000042 ], [ 79.752381342000035, 8.241972304000058 ], [ 79.752376746000039, 8.241965570000048 ], [ 79.752373078000062, 8.241960195000047 ], [ 79.752354947000072, 8.241933632000041 ], [ 79.752328835000071, 8.241887301000077 ], [ 79.752302676000056, 8.241832903000045 ], [ 79.752270782000039, 8.241759258000059 ], [ 79.752251998000077, 8.24171588400003 ], [ 79.752228893000051, 8.241666036000026 ], [ 79.752201885000034, 8.241615318000072 ], [ 79.752180636000048, 8.241582182000059 ], [ 79.752177622000033, 8.241577483000071 ], [ 79.752174070000081, 8.241571945000032 ], [ 79.752144620000081, 8.241532426000049 ], [ 79.752109521000079, 8.241489866000052 ], [ 79.751991622000048, 8.241359207000073 ], [ 79.751959384000031, 8.241321964000065 ], [ 79.751951635000069, 8.241312940000057 ], [ 79.751911157000052, 8.241262290000066 ], [ 79.751825713000073, 8.241149155000073 ], [ 79.751787573000058, 8.241100546000041 ], [ 79.751745285000084, 8.241050889000064 ], [ 79.751726108000071, 8.241030887000022 ], [ 79.75172021000003, 8.241024735000053 ], [ 79.751705230000084, 8.24100911000005 ], [ 79.751668004000067, 8.240974799000071 ], [ 79.751624665000065, 8.240938516000028 ], [ 79.751581472000055, 8.240904722000039 ], [ 79.751494796000031, 8.240839017000042 ], [ 79.751472837000051, 8.240822372000025 ], [ 79.751416655000071, 8.240776977000053 ], [ 79.751387906000048, 8.240751006000039 ], [ 79.751372039000046, 8.240736674000061 ], [ 79.751365614000065, 8.240730868000071 ], [ 79.751345380000032, 8.240710455000055 ], [ 79.751272512000071, 8.240636940000059 ], [ 79.751230985000063, 8.240597912000055 ], [ 79.751193305000072, 8.240565525000022 ], [ 79.751154123000049, 8.240533627000048 ], [ 79.751114125000072, 8.240502802000037 ], [ 79.751073302000066, 8.240473045000044 ], [ 79.751019344000042, 8.240436185000021 ], [ 79.750964010000075, 8.240401106000036 ], [ 79.750907299000062, 8.240367809000077 ], [ 79.750849211000059, 8.240336291000062 ], [ 79.750789745000077, 8.240306557000054 ], [ 79.750728902000048, 8.240278602000046 ], [ 79.750666683000077, 8.240252429000066 ], [ 79.75060308500008, 8.240228036000076 ], [ 79.750461286000075, 8.240156954000042 ], [ 79.750422395000044, 8.240096742000048 ], [ 79.750323046000062, 8.240082345000076 ], [ 79.750218592000067, 8.240077002000021 ], [ 79.750177536000081, 8.24007490200006 ], [ 79.75006397900006, 8.240064005000022 ], [ 79.749945607000029, 8.240135465000037 ], [ 79.749906472000077, 8.24021330000005 ], [ 79.749874873000067, 8.240290342000037 ], [ 79.749827197000059, 8.240372405000073 ], [ 79.74982353300004, 8.240373041000055 ], [ 79.749803589000066, 8.240376504000039 ], [ 79.749795922000033, 8.240358042000025 ], [ 79.749792765000052, 8.240350438000064 ], [ 79.749803174000078, 8.240290882000068 ], [ 79.749836430000073, 8.240063489000022 ], [ 79.749833441000078, 8.239990428000056 ], [ 79.749814451000077, 8.239928176000035 ], [ 79.749550101000068, 8.239751524000042 ], [ 79.749333828000033, 8.239655499000037 ], [ 79.749099816000069, 8.239555892000055 ], [ 79.748904903000039, 8.239435171000025 ], [ 79.748631948000082, 8.239296568000043 ], [ 79.748389288000055, 8.239244439000061 ], [ 79.748248812000043, 8.239214262000075 ], [ 79.748053600000048, 8.239210228000047 ], [ 79.747783803000061, 8.239223684000024 ], [ 79.747669270000074, 8.239174362000028 ], [ 79.747640708000063, 8.239164162000066 ], [ 79.747627325000053, 8.239145595000025 ], [ 79.747628320000047, 8.239111240000057 ], [ 79.747660685000085, 8.239054272000033 ], [ 79.747709241000052, 8.238947891000066 ], [ 79.747750087000043, 8.23887503100002 ], [ 79.747818316000064, 8.238741938000032 ], [ 79.747867787000075, 8.238632213000074 ], [ 79.747905350000053, 8.23852996100004 ], [ 79.747914274000038, 8.23844770900007 ], [ 79.747908259000042, 8.238387208000063 ], [ 79.747701350000057, 8.238058643000045 ], [ 79.747681211000042, 8.238102841000057 ], [ 79.747663282000076, 8.238139050000029 ], [ 79.74765155700004, 8.23815989600007 ], [ 79.747640051000076, 8.238177768000071 ], [ 79.747628454000051, 8.238193144000036 ], [ 79.747616634000053, 8.238206193000053 ], [ 79.747604422000052, 8.238217082000062 ], [ 79.747591810000074, 8.238225797000041 ], [ 79.747579287000065, 8.238232091000043 ], [ 79.747565143000031, 8.238236863000054 ], [ 79.747545280000054, 8.238240764000068 ], [ 79.747521732000052, 8.238242699000068 ], [ 79.747439912000061, 8.238241756000036 ], [ 79.74741061900005, 8.238242884000044 ], [ 79.747404595000035, 8.238243633000025 ], [ 79.747432526000068, 8.238256162000027 ], [ 79.74745936000005, 8.238269832000071 ], [ 79.747484822000047, 8.238284515000032 ], [ 79.747508911000068, 8.23830021200007 ], [ 79.747531625000079, 8.23831692400006 ], [ 79.747552967000047, 8.238334649000024 ], [ 79.74757293600004, 8.238353388000064 ], [ 79.747591532000058, 8.238373141000068 ], [ 79.747611059000064, 8.238396902000034 ], [ 79.747628801000076, 8.238421982000034 ], [ 79.747644194000031, 8.238447370000074 ], [ 79.747650025000041, 8.238458536000053 ], [ 79.747651869000038, 8.238462066000068 ], [ 79.747660237000048, 8.238478094000072 ], [ 79.747668074000046, 8.238496103000045 ], [ 79.747669588000065, 8.238500990000034 ], [ 79.747670768000035, 8.238504801000033 ], [ 79.747673294000037, 8.238512963000062 ], [ 79.747677384000042, 8.238533184000062 ], [ 79.747678997000037, 8.238547593000021 ], [ 79.747679359000074, 8.238550826000051 ], [ 79.747679851000044, 8.238555224000038 ], [ 79.747680469000045, 8.238573432000067 ], [ 79.747679765000044, 8.238591231000044 ], [ 79.747677760000045, 8.238608225000064 ], [ 79.74767636200005, 8.23861505800005 ], [ 79.747674465000046, 8.238624327000025 ], [ 79.747669526000038, 8.238641056000063 ], [ 79.747663057000068, 8.238657874000069 ], [ 79.747655174000045, 8.238674476000028 ], [ 79.747645617000046, 8.238691082000059 ], [ 79.747643173000085, 8.238694365000072 ], [ 79.747628930000076, 8.238713506000067 ], [ 79.747604525000042, 8.23873992700004 ], [ 79.747599961000049, 8.238744867000037 ], [ 79.747590567000032, 8.238755036000043 ], [ 79.747564112000077, 8.238779840000063 ], [ 79.747540165000032, 8.23880004800003 ], [ 79.747504693000053, 8.238829982000027 ], [ 79.747479671000065, 8.238852638000026 ], [ 79.747458936000044, 8.238874142000043 ], [ 79.74745561800006, 8.238878071000045 ], [ 79.747453719000077, 8.238880317000053 ], [ 79.747424649000038, 8.238914731000023 ], [ 79.747413921000032, 8.238931131000072 ], [ 79.747411353000075, 8.238935059000028 ], [ 79.74740986900008, 8.238937324000062 ], [ 79.747397491000072, 8.23896467700007 ], [ 79.747386978000065, 8.238996718000067 ], [ 79.747385225000073, 8.239002063000044 ], [ 79.747382552000033, 8.239010208000025 ], [ 79.747372668000082, 8.239050710000072 ], [ 79.74736572900008, 8.239096709000023 ], [ 79.747363555000049, 8.239141308000058 ], [ 79.747365364000075, 8.239170798000032 ], [ 79.747365602000059, 8.239174681000065 ], [ 79.747366010000064, 8.239181330000065 ], [ 79.747369053000057, 8.239199561000021 ], [ 79.747373593000077, 8.239218772000072 ], [ 79.747387927000034, 8.239262728000028 ], [ 79.747421437000071, 8.239346521000073 ], [ 79.74745318600003, 8.23943207800005 ], [ 79.747461998000063, 8.239451036000048 ], [ 79.747471026000085, 8.239467198000057 ], [ 79.747477851000042, 8.23947716400005 ], [ 79.747480415000041, 8.239480904000061 ], [ 79.74749169200004, 8.239494429000047 ], [ 79.747504184000036, 8.239507128000071 ], [ 79.747518272000036, 8.23951951600003 ], [ 79.747533858000054, 8.239531513000031 ], [ 79.747550824000029, 8.239543025000046 ], [ 79.74758835800003, 8.239564235000046 ], [ 79.747629447000065, 8.239582337000058 ], [ 79.747672479000073, 8.239596610000035 ], [ 79.74771559900006, 8.239606430000038 ], [ 79.74775706500003, 8.239611405000062 ], [ 79.747776729000066, 8.239612016000024 ], [ 79.747795471000074, 8.239611366000076 ], [ 79.74782147600007, 8.239608061000069 ], [ 79.74784479300007, 8.239602 ], [ 79.747865877000038, 8.239592858000037 ], [ 79.747868151000034, 8.239591264000069 ], [ 79.747880719000079, 8.239582455000061 ], [ 79.747893232000081, 8.239569356000061 ], [ 79.747905996000043, 8.239551865000067 ], [ 79.747918, 8.239532181000072 ], [ 79.747928771000034, 8.239513038000041 ], [ 79.747949700000049, 8.239475839000022 ], [ 79.747959886000046, 8.239460072000043 ], [ 79.747969612000077, 8.23944713800006 ], [ 79.74798103300003, 8.239434806000077 ], [ 79.747992665000083, 8.239425358000062 ], [ 79.747999969000034, 8.239421260000029 ], [ 79.748005366000029, 8.239418233000038 ], [ 79.748020755000084, 8.239412197000036 ], [ 79.748040866000053, 8.239407139000036 ], [ 79.748063443000035, 8.239404194000031 ], [ 79.748088772000074, 8.239403321000054 ], [ 79.748117624000031, 8.239404489000037 ], [ 79.748151543000063, 8.239407751000044 ], [ 79.748273933000064, 8.23942270200007 ], [ 79.74830709400004, 8.239427977000048 ], [ 79.748341007000079, 8.239434884000048 ], [ 79.748385244000076, 8.239446014000066 ], [ 79.748431351000079, 8.239459917000033 ], [ 79.74847989400007, 8.239476755000055 ], [ 79.748532098000055, 8.239496956000039 ], [ 79.748607092000043, 8.239528770000049 ], [ 79.748762549000048, 8.239598751000074 ], [ 79.748884919000034, 8.239651741000046 ], [ 79.748959809000041, 8.239685274000067 ], [ 79.749075237000056, 8.23974053400002 ], [ 79.74913130300007, 8.239769496000065 ], [ 79.749208568000086, 8.23981139600005 ], [ 79.749331580000046, 8.239872106000064 ], [ 79.749357380000049, 8.23988640500005 ], [ 79.749379963000081, 8.239900259000024 ], [ 79.74940005600007, 8.239914122000073 ], [ 79.749417945000062, 8.239928193000026 ], [ 79.749434295000071, 8.239943087000029 ], [ 79.749448648000055, 8.239958486000035 ], [ 79.749460793000083, 8.239974067000048 ], [ 79.749472186000048, 8.239991760000066 ], [ 79.749482848000071, 8.240011693000042 ], [ 79.74949287000004, 8.240034070000036 ], [ 79.749502444000029, 8.240059297000073 ], [ 79.749512087000085, 8.240088728000046 ], [ 79.749538358000052, 8.240179356000056 ], [ 79.749541373000056, 8.240189755000074 ], [ 79.749549564000063, 8.240224019000038 ], [ 79.749558472000047, 8.24027772200003 ], [ 79.749561011000083, 8.240299822000054 ], [ 79.749571183000057, 8.240388388000042 ], [ 79.749577946000045, 8.240434908000054 ], [ 79.749588184000061, 8.240482807000035 ], [ 79.74960141300005, 8.240524381000057 ], [ 79.749604708000049, 8.240532177000034 ], [ 79.749605877000079, 8.240534943000057 ], [ 79.749611663000053, 8.240548634000049 ], [ 79.749624662000031, 8.240574880000054 ], [ 79.749685445000068, 8.240680608000048 ], [ 79.749689262000061, 8.240687247000039 ], [ 79.749691178000035, 8.240691102000028 ], [ 79.749722523000059, 8.240754186000061 ], [ 79.749728652000044, 8.240764268000021 ], [ 79.749730766000084, 8.240767746000074 ], [ 79.749733134000053, 8.240771639000059 ], [ 79.749747365000076, 8.240791509000076 ], [ 79.749770414000068, 8.240818853000064 ], [ 79.749775556000031, 8.240823899000077 ], [ 79.749781729000063, 8.240829958000063 ], [ 79.749792974000059, 8.240840996000031 ], [ 79.749963622000053, 8.240981459000068 ], [ 79.750011314000062, 8.241018625000038 ], [ 79.750054803000069, 8.241050364000046 ], [ 79.750096073000066, 8.241078120000054 ], [ 79.750135841000031, 8.241102362000049 ], [ 79.750167322000038, 8.241119651000076 ], [ 79.75019835300003, 8.241134953000028 ], [ 79.75022460100007, 8.241146391000029 ], [ 79.750228311000058, 8.241148008000039 ], [ 79.750252876000047, 8.241156726000042 ], [ 79.750302140000031, 8.241169503000037 ], [ 79.750329868000051, 8.241175002000034 ], [ 79.750418105000051, 8.241192499000022 ], [ 79.750445692000085, 8.241199718000075 ], [ 79.750469813000052, 8.241207651000025 ], [ 79.750492210000061, 8.24121698600004 ], [ 79.750500790000046, 8.241221507000034 ], [ 79.750513104000049, 8.241227994000042 ], [ 79.750534370000082, 8.241241560000049 ], [ 79.750555131000056, 8.241257247000021 ], [ 79.750577305000036, 8.241276852000055 ], [ 79.750599199000078, 8.241299241000036 ], [ 79.750621046000049, 8.24132465100007 ], [ 79.750643288000049, 8.241353591000063 ], [ 79.750681873000076, 8.241410177000034 ], [ 79.750769824000031, 8.241549859000031 ], [ 79.750793939000062, 8.241584831000068 ], [ 79.750803653000048, 8.24159768800007 ], [ 79.750816770000085, 8.241615047000039 ], [ 79.750835485000039, 8.241637479000076 ], [ 79.750837248000039, 8.241639472000031 ], [ 79.750938034000058, 8.241753371000073 ], [ 79.750982060000069, 8.241801205000058 ], [ 79.751027772000043, 8.241850872000043 ], [ 79.751073254000062, 8.241897341000026 ], [ 79.751116710000076, 8.241939346000038 ], [ 79.75115943000003, 8.241978095000036 ], [ 79.751193669000031, 8.242006971000023 ], [ 79.751196727000035, 8.242009550000034 ], [ 79.751199933000066, 8.242012254000031 ], [ 79.75121895500007, 8.242025794000028 ], [ 79.751239834000046, 8.24203870100007 ], [ 79.751318482000045, 8.242080939000061 ], [ 79.751347544000055, 8.242098048000059 ], [ 79.751374464000037, 8.24211732200007 ], [ 79.751395371000058, 8.24213706200004 ], [ 79.751403792000076, 8.242147276000026 ], [ 79.75141100500008, 8.242157861000067 ], [ 79.751416650000067, 8.242169414000045 ], [ 79.751418724000075, 8.242173655000045 ], [ 79.75142224800004, 8.242180865000023 ], [ 79.751431224000044, 8.242208548000065 ], [ 79.751440442000046, 8.242244755000058 ], [ 79.751441947000046, 8.242250672000068 ], [ 79.751446161000047, 8.242267222000066 ], [ 79.751451301000031, 8.242294694000066 ], [ 79.751455443000054, 8.242325725000057 ], [ 79.751458764000063, 8.242364634000069 ], [ 79.751464064000061, 8.24242672400004 ], [ 79.751467928000068, 8.242462010000054 ], [ 79.751473225000041, 8.242494942000064 ], [ 79.751480013000048, 8.24252419100003 ], [ 79.751484236000067, 8.242537263000031 ], [ 79.751485518000038, 8.242541230000029 ], [ 79.751491551000072, 8.242559905000064 ], [ 79.751506971000083, 8.242599981000069 ], [ 79.751524174000053, 8.242638888000045 ], [ 79.751543392000031, 8.242677352000044 ], [ 79.751576091000061, 8.242734232000032 ], [ 79.751611867000065, 8.242787368000052 ], [ 79.751643201000036, 8.24282641800005 ], [ 79.751681610000048, 8.242866928000069 ], [ 79.75171591600008, 8.242899588000057 ], [ 79.751809520000052, 8.242985261000058 ], [ 79.751829388000033, 8.243003445000056 ], [ 79.751863714000081, 8.243029095000054 ], [ 79.751938639000059, 8.243077903000028 ], [ 79.751968695000073, 8.243099115000064 ], [ 79.75199679900004, 8.243122862000064 ], [ 79.752007992000074, 8.243134447000045 ], [ 79.752017482000042, 8.243146042000035 ], [ 79.752029630000038, 8.243165468000029 ], [ 79.752037534000067, 8.243185486000073 ], [ 79.752040581000074, 8.243202063000069 ], [ 79.752041384000051, 8.243206433000069 ], [ 79.752043466000032, 8.243237115000056 ], [ 79.752042269000071, 8.243258203000039 ], [ 79.752038492000054, 8.243275495000034 ], [ 79.752029709000055, 8.243297106000057 ], [ 79.752018534000058, 8.24331507900007 ], [ 79.752011476000064, 8.243322830000068 ], [ 79.752002806000064, 8.243329816000028 ], [ 79.751992475000065, 8.243336077000038 ], [ 79.751980365000065, 8.243341686000065 ], [ 79.751952527000071, 8.243350692000035 ], [ 79.751908485000058, 8.243360708000068 ], [ 79.751903708000043, 8.243361791000041 ], [ 79.751878827000041, 8.243365514000061 ], [ 79.75185254400003, 8.243366664000064 ], [ 79.751824861000046, 8.24336523900007 ], [ 79.751795781000055, 8.24336124000007 ], [ 79.751762119000034, 8.243353852000041 ], [ 79.751726743000063, 8.243343336000066 ], [ 79.751689627000076, 8.243329681000034 ], [ 79.751650662000031, 8.243312851000042 ], [ 79.751606386000049, 8.243291072000034 ], [ 79.751596041000084, 8.243285402000026 ], [ 79.751560859000051, 8.243266124000058 ], [ 79.75152487400004, 8.243243894000045 ], [ 79.75149414200007, 8.243221990000052 ], [ 79.751467602000048, 8.243199554000057 ], [ 79.751445706000084, 8.24317684600004 ], [ 79.751437373000044, 8.243165791000024 ], [ 79.751435690000051, 8.243163558000049 ], [ 79.751429935000033, 8.243155921000039 ], [ 79.751417894000042, 8.24313303100007 ], [ 79.751409627000044, 8.243110594000029 ], [ 79.751402681000059, 8.243084258000067 ], [ 79.751397332000067, 8.243056861000071 ], [ 79.751385477000042, 8.242985065000028 ], [ 79.751384964000067, 8.242981961000055 ], [ 79.751374984000051, 8.242940895000061 ], [ 79.751368084000035, 8.242921349000028 ], [ 79.75136632300007, 8.242917348000049 ], [ 79.751356267000062, 8.242894486000068 ], [ 79.751341664000051, 8.242864280000049 ], [ 79.751325655000073, 8.242833939000036 ], [ 79.751307037000061, 8.242801446000044 ], [ 79.751286895000078, 8.24276893800004 ], [ 79.751265269000044, 8.242736490000027 ], [ 79.751242503000071, 8.242704589000027 ], [ 79.751238944000079, 8.242700380000031 ], [ 79.751224837000052, 8.24268392700003 ], [ 79.751175234000073, 8.242634107000072 ], [ 79.75116313500007, 8.242618699000047 ], [ 79.751154481000071, 8.242603949000056 ], [ 79.751151095000068, 8.242594865000058 ], [ 79.751148913000065, 8.242589011000064 ], [ 79.751146470000037, 8.24257218300005 ], [ 79.751146524000035, 8.242553949000069 ], [ 79.751147991000039, 8.242532321000056 ], [ 79.751149841000085, 8.242505020000067 ], [ 79.75114927900006, 8.242491290000032 ], [ 79.751147287000038, 8.242479652000043 ], [ 79.751145158000043, 8.242473946000075 ], [ 79.751142111000036, 8.242465775000028 ], [ 79.751133953000078, 8.242451965000043 ], [ 79.751123096000072, 8.242438718000074 ], [ 79.751109275000033, 8.242425654000044 ], [ 79.751079476000029, 8.242403842000044 ], [ 79.75101692800007, 8.24236587200005 ], [ 79.750992990000043, 8.242349927000021 ], [ 79.750984575000075, 8.242343548000065 ], [ 79.750884498000062, 8.242267616000049 ], [ 79.750740961000076, 8.242163339000058 ], [ 79.750654620000034, 8.242100613000048 ], [ 79.750610652000034, 8.242066926000064 ], [ 79.750580600000035, 8.242043902000034 ], [ 79.750556587000062, 8.242025505000072 ], [ 79.750415881000038, 8.241912409000065 ], [ 79.750211619000083, 8.241743679000024 ], [ 79.750171893000072, 8.241710870000077 ], [ 79.75010805200003, 8.241654998000058 ], [ 79.749965539000073, 8.241525606000039 ], [ 79.749899584000048, 8.241468758000053 ], [ 79.749831657000072, 8.241415265000057 ], [ 79.749799298000084, 8.24139204200003 ], [ 79.749767534000057, 8.241370824000057 ], [ 79.749752779000062, 8.241361724000058 ], [ 79.749750127000084, 8.241360088000022 ], [ 79.749659751000081, 8.241304340000056 ], [ 79.749590869000031, 8.241265080000062 ], [ 79.749557921000076, 8.241248141000028 ], [ 79.74952654100008, 8.241233432000058 ], [ 79.749496248000071, 8.241220730000066 ], [ 79.749466783000059, 8.241209925000021 ], [ 79.749437658000033, 8.241200865000053 ], [ 79.749423816000046, 8.241197352000029 ], [ 79.749419033000038, 8.241196138000021 ], [ 79.749408284000083, 8.241193410000051 ], [ 79.749370034000037, 8.241185549000022 ], [ 79.749352538000039, 8.241182623000043 ], [ 79.749339803000055, 8.241180492000069 ], [ 79.749333388000082, 8.241179419000048 ], [ 79.74932625200006, 8.241179177000049 ], [ 79.74929884800008, 8.241178249000029 ], [ 79.749218731000042, 8.241181966000056 ], [ 79.749200532000032, 8.241181389000076 ], [ 79.749184670000034, 8.241179584000065 ], [ 79.749169318000042, 8.241176126000028 ], [ 79.749155741000038, 8.241171043000065 ], [ 79.749144219000073, 8.241164587000071 ], [ 79.749139183000068, 8.241160699000034 ], [ 79.749132026000041, 8.241155172000049 ], [ 79.749118080000073, 8.241142724000042 ], [ 79.749106984000036, 8.24113077800007 ], [ 79.749098451000066, 8.241119019000053 ], [ 79.749092449000045, 8.241107396000075 ], [ 79.749087584000051, 8.24109289300003 ], [ 79.749086598000076, 8.241087160000063 ], [ 79.749086003000059, 8.241083704000062 ], [ 79.74908531300008, 8.241079693000074 ], [ 79.749085488000048, 8.241065560000038 ], [ 79.749088040000061, 8.241049713000052 ], [ 79.749091718000045, 8.241037430000063 ], [ 79.749092609000058, 8.241034455000033 ], [ 79.749094027000069, 8.241029719000039 ], [ 79.749103335000029, 8.241014218000032 ], [ 79.749115940000081, 8.241000297000028 ], [ 79.749150488000055, 8.240968039000052 ], [ 79.749154970000063, 8.240963854000029 ], [ 79.749159925000072, 8.240957210000033 ], [ 79.749166728000034, 8.240948088000039 ], [ 79.749182201000053, 8.24092734200002 ], [ 79.749187372000051, 8.240917963000072 ], [ 79.749190489000057, 8.240908925000042 ], [ 79.749192153000081, 8.240898261000041 ], [ 79.749192356000037, 8.240885823000042 ], [ 79.749191397000061, 8.240876555000057 ], [ 79.749191028000041, 8.240872999000032 ], [ 79.749187974000051, 8.240861934000066 ], [ 79.749182499000085, 8.240849918000038 ], [ 79.749174554000035, 8.240837141000043 ], [ 79.749162367000054, 8.240821293000067 ], [ 79.749147190000031, 8.240803853000045 ], [ 79.749142471000084, 8.240798430000041 ], [ 79.74913024600005, 8.240786939000031 ], [ 79.749115436000068, 8.240775367000026 ], [ 79.749017438000067, 8.240711311000041 ], [ 79.748958228000049, 8.240676310000026 ], [ 79.748890242000073, 8.240640193000047 ], [ 79.748749305000047, 8.240569480000033 ], [ 79.74872853800008, 8.240559060000066 ], [ 79.748651109000036, 8.240516419000073 ], [ 79.748646695000048, 8.240513664000048 ], [ 79.748628895000081, 8.240502553000056 ], [ 79.748585825000077, 8.24047567100007 ], [ 79.748561992000077, 8.240459804000068 ], [ 79.748432472000047, 8.240373567000063 ], [ 79.748390845000074, 8.240347924000048 ], [ 79.748353890000033, 8.240326967000044 ], [ 79.748315001000037, 8.240307521000034 ], [ 79.748271873000078, 8.240288914000075 ], [ 79.748238666000077, 8.240276498000071 ], [ 79.748129816000073, 8.240235798000072 ], [ 79.748080766000044, 8.240216079000049 ], [ 79.748035988000083, 8.240195351000068 ], [ 79.747996969000042, 8.240173906000052 ], [ 79.747981484000036, 8.240163679000034 ], [ 79.747975121000081, 8.240159477000077 ], [ 79.747952651000048, 8.240144638000061 ], [ 79.747905254000045, 8.240109763000021 ], [ 79.747861368000031, 8.24007408500006 ], [ 79.747819273000061, 8.240036201000066 ], [ 79.747815032000062, 8.240032 ], [ 79.747785950000036, 8.240003186000024 ], [ 79.747768697000083, 8.239984659000072 ], [ 79.747756711000079, 8.239971789000037 ], [ 79.747751351000034, 8.239966032000041 ], [ 79.747737564000033, 8.239948735000041 ], [ 79.747733399000083, 8.239943512000025 ], [ 79.747694167000077, 8.239890201000037 ], [ 79.747674646000064, 8.239866651000057 ], [ 79.747655046000034, 8.239847147000035 ], [ 79.747649691000049, 8.239842939000027 ], [ 79.747645495000029, 8.239839640000071 ], [ 79.747632344000067, 8.239829299000064 ], [ 79.747601994000036, 8.239809134000041 ], [ 79.747578978000035, 8.239795223000044 ], [ 79.747533297000075, 8.239767616000051 ], [ 79.747507488000053, 8.239753546000031 ], [ 79.747484903000043, 8.239743430000033 ], [ 79.747459897000056, 8.239735496000037 ], [ 79.74745008900004, 8.23973386800003 ], [ 79.747445976000051, 8.239733185000034 ], [ 79.747432826000079, 8.239731001000052 ], [ 79.747405032000074, 8.23972926700003 ], [ 79.747381412000038, 8.239731203000076 ], [ 79.747354217000066, 8.239737823000041 ], [ 79.747331755000062, 8.239747359000035 ], [ 79.747322035000082, 8.239753461000021 ], [ 79.747319639000068, 8.239755376000062 ], [ 79.747310753000079, 8.239762472000052 ], [ 79.747302897000054, 8.239770088000057 ], [ 79.747297289000073, 8.239777364000076 ], [ 79.747295307000059, 8.239781303000029 ], [ 79.747293463000062, 8.239784970000073 ], [ 79.747290600000042, 8.239793983000027 ], [ 79.747289178000074, 8.239802918000066 ], [ 79.747289266000053, 8.239809069000046 ], [ 79.747293863000039, 8.239825733000032 ], [ 79.747298608000051, 8.239834686000052 ], [ 79.747301141000037, 8.239839465000045 ], [ 79.747306406000064, 8.239849398000047 ], [ 79.747315316000083, 8.239860729000043 ], [ 79.747326943000076, 8.23987248100002 ], [ 79.747365829000046, 8.23990533500006 ], [ 79.747372700000085, 8.239911557000028 ], [ 79.74737516700003, 8.239913793000028 ], [ 79.747418693000043, 8.23995321600006 ], [ 79.74746046100006, 8.239987589000066 ], [ 79.747507563000056, 8.240024771000037 ], [ 79.747560053000029, 8.240066205000062 ], [ 79.747607354000081, 8.24010617700003 ], [ 79.747628134000081, 8.240125836000061 ], [ 79.747647189000077, 8.240143863000071 ], [ 79.747670221000078, 8.240165650000051 ], [ 79.747687362000079, 8.240183615000035 ], [ 79.747703930000057, 8.240202729000032 ], [ 79.747737346000065, 8.240246240000033 ], [ 79.747740202000045, 8.240250615000036 ], [ 79.747744400000045, 8.240257044000032 ], [ 79.747761037000032, 8.240282520000051 ], [ 79.747780027000033, 8.240317618000063 ], [ 79.747817122000072, 8.24039433300004 ], [ 79.747826914000029, 8.240413118000049 ], [ 79.747834227000055, 8.240427148000038 ], [ 79.747835959000042, 8.240430206000042 ], [ 79.747903756000085, 8.240549836000071 ], [ 79.747928154000078, 8.240589893000049 ], [ 79.747951260000036, 8.240625211000065 ], [ 79.747980602000041, 8.240665447000026 ], [ 79.747984978000034, 8.240671448000057 ], [ 79.747988151000072, 8.240675798000041 ], [ 79.748029129000031, 8.240726239000026 ], [ 79.748035496000057, 8.240732874000059 ], [ 79.748043099000085, 8.240740793000043 ], [ 79.748050215000035, 8.240748206000035 ], [ 79.74807430900006, 8.240769864000072 ], [ 79.748095958000079, 8.240789324000048 ], [ 79.748101057000042, 8.240794778000065 ], [ 79.748106603000053, 8.240800712000066 ], [ 79.748111952000045, 8.240806433000046 ], [ 79.748127024000041, 8.240826796000022 ], [ 79.74813105100003, 8.240832982000029 ], [ 79.748160575000043, 8.240878333000069 ], [ 79.748170466000033, 8.24089129400005 ], [ 79.748180192000063, 8.240902145000064 ], [ 79.748190461000036, 8.240911534000077 ], [ 79.748202031000062, 8.240920479000067 ], [ 79.748233062000054, 8.240940353000042 ], [ 79.748244618000058, 8.240946491000045 ], [ 79.748250227000085, 8.240949471000022 ], [ 79.748262495000063, 8.240955988000053 ], [ 79.748291701000085, 8.240966771000046 ], [ 79.748316594000073, 8.240973011000051 ], [ 79.748345007000069, 8.240977889000021 ], [ 79.748443925000061, 8.240987738000058 ], [ 79.748452759000031, 8.240988618000074 ], [ 79.74849649500004, 8.240995461000068 ], [ 79.748523460000058, 8.241002295000044 ], [ 79.74861345000005, 8.241029936000075 ], [ 79.748642090000033, 8.241039784000066 ], [ 79.748675289000062, 8.241054532000021 ], [ 79.74868927600005, 8.24106258300003 ], [ 79.748701778000054, 8.24107122700002 ], [ 79.748712561000048, 8.241080221000061 ], [ 79.748722114000032, 8.241089889000023 ], [ 79.748726741000041, 8.241095334000022 ], [ 79.748736335000046, 8.241106616000025 ], [ 79.748740417000079, 8.241114353000057 ], [ 79.748741230000064, 8.241124446000072 ], [ 79.748738599000035, 8.241138771000067 ], [ 79.748735445000079, 8.241147933000036 ], [ 79.74873010500005, 8.241157859000054 ], [ 79.748715304000029, 8.241178694000041 ], [ 79.748706662000075, 8.241189144000032 ], [ 79.748694597000053, 8.24120068700006 ], [ 79.748680235000052, 8.241211713000041 ], [ 79.748654635000037, 8.241227347000063 ], [ 79.748583670000073, 8.241262944000027 ], [ 79.748509316000082, 8.241305586000067 ], [ 79.748477689000083, 8.241322422000053 ], [ 79.748457059000032, 8.241332066000041 ], [ 79.748437722000062, 8.241339829000026 ], [ 79.748419228000046, 8.241345889000058 ], [ 79.748401364000074, 8.241350317000069 ], [ 79.748377503000029, 8.241353753000055 ], [ 79.748348054000076, 8.24135461700007 ], [ 79.748320098000079, 8.241353445000072 ], [ 79.748312781000038, 8.241353138000022 ], [ 79.748301013000059, 8.241352645000063 ], [ 79.748265738000043, 8.241348119000065 ], [ 79.748238349000076, 8.241342523000071 ], [ 79.748207997000065, 8.241334712000025 ], [ 79.74815549300007, 8.241318608000029 ], [ 79.748110413000063, 8.241304782000043 ], [ 79.748075627000048, 8.241294996000022 ], [ 79.748042333000058, 8.241287379000028 ], [ 79.748011960000042, 8.241282545000047 ], [ 79.747987372000068, 8.241280474000064 ], [ 79.747980685000073, 8.24128027200004 ], [ 79.747935203000054, 8.241278948000058 ], [ 79.747923592000063, 8.241280690000053 ], [ 79.747918070000082, 8.241281517000061 ], [ 79.747915096000042, 8.241281964000052 ], [ 79.747895650000032, 8.241288171000065 ], [ 79.747892628000045, 8.241289137000024 ], [ 79.747878914000069, 8.241295239000067 ], [ 79.747866315000067, 8.241302193000024 ], [ 79.747854736000079, 8.241309960000024 ], [ 79.747844369000063, 8.241318410000076 ], [ 79.747835522000059, 8.241327256000034 ], [ 79.747823918000051, 8.241341110000064 ], [ 79.747818781000035, 8.241350299000032 ], [ 79.747816660000069, 8.24135738700005 ], [ 79.747816095000076, 8.241367571000069 ], [ 79.747817567000084, 8.241380058000061 ], [ 79.747822368000072, 8.241401729000074 ], [ 79.747823323000034, 8.241406020000056 ], [ 79.747827690000065, 8.241418972000076 ], [ 79.747833567000043, 8.241430943000069 ], [ 79.747841196000081, 8.241442778000021 ], [ 79.747850634000031, 8.24145457000003 ], [ 79.747862011000052, 8.241466482000021 ], [ 79.747889841000074, 8.24149034800007 ], [ 79.747951409000052, 8.241535439000074 ], [ 79.747968275000062, 8.241548800000032 ], [ 79.747992100000033, 8.241567673000077 ], [ 79.748016929000073, 8.241585305000058 ], [ 79.748043979000045, 8.241602683000053 ], [ 79.748076173000072, 8.241621480000049 ], [ 79.748112663000029, 8.241641008000045 ], [ 79.748262398000065, 8.241714157000047 ], [ 79.748303804000045, 8.241736210000056 ], [ 79.748325779000083, 8.241747915000076 ], [ 79.748340444000064, 8.241756676000023 ], [ 79.748348479000072, 8.241761476000022 ], [ 79.748354622000079, 8.241765145000045 ], [ 79.748385551000069, 8.241785145000051 ], [ 79.748388114000079, 8.241786931000036 ], [ 79.748498224000059, 8.241863675000047 ], [ 79.748545686000057, 8.241894813000044 ], [ 79.748591872000077, 8.241921475000026 ], [ 79.748644793000039, 8.241949007000073 ], [ 79.748657884000067, 8.241954209000028 ], [ 79.748665531000086, 8.241955390000044 ], [ 79.748668382000062, 8.241955830000052 ], [ 79.748681525000052, 8.241955319000056 ], [ 79.748694641000043, 8.241952758000025 ], [ 79.748706888000072, 8.241948383000022 ], [ 79.748712239000042, 8.24194542400005 ], [ 79.748716585000068, 8.241943019000075 ], [ 79.748726773000044, 8.241935067000043 ], [ 79.74873012900008, 8.241931812000075 ], [ 79.748732099000051, 8.241929903000027 ], [ 79.748736337000082, 8.241925793000064 ], [ 79.748744989000045, 8.241914910000048 ], [ 79.748759039000049, 8.241892066000048 ], [ 79.74876091200008, 8.241889019000041 ], [ 79.748767754000085, 8.241871859000071 ], [ 79.748772169000063, 8.241851456000063 ], [ 79.74877430500004, 8.241835374000061 ], [ 79.748778605000041, 8.241802999000072 ], [ 79.74878418600008, 8.241781596000067 ], [ 79.748791092000033, 8.241767092000032 ], [ 79.748793078000062, 8.241764021000051 ], [ 79.74880199200004, 8.241750234000051 ], [ 79.748807655000064, 8.241743193000048 ], [ 79.748813795000046, 8.241738532000056 ], [ 79.748818579000044, 8.241736314000036 ], [ 79.748826425000061, 8.241734392000069 ], [ 79.748834966000061, 8.241733731000068 ], [ 79.748840867000069, 8.241734162000057 ], [ 79.748848620000047, 8.241735910000045 ], [ 79.748863782000058, 8.241743279000048 ], [ 79.748866024000051, 8.24174516000005 ], [ 79.748872404000053, 8.241750510000031 ], [ 79.748878511000044, 8.241760707000026 ], [ 79.748882350000031, 8.241774244000055 ], [ 79.748883934000048, 8.241791280000029 ], [ 79.748883155000044, 8.241814709000039 ], [ 79.748880247000045, 8.241841755000053 ], [ 79.748879396000063, 8.241849660000071 ], [ 79.748874904000047, 8.241867705000061 ], [ 79.748867408000081, 8.241886990000069 ], [ 79.74885432700006, 8.241912342000035 ], [ 79.748821813000063, 8.241965511000046 ], [ 79.748799618000078, 8.24200574300005 ], [ 79.748790968000037, 8.242018793000057 ], [ 79.748782378000044, 8.242028837000021 ], [ 79.748772343000041, 8.242037112000048 ], [ 79.748764162000043, 8.242040968000026 ], [ 79.74875187300006, 8.242043505000026 ], [ 79.748745860000042, 8.242044091000025 ], [ 79.748714724000081, 8.24204712300002 ], [ 79.748705486000063, 8.242050431000052 ], [ 79.748699020000061, 8.242056238000032 ], [ 79.748696137000081, 8.242061376000038 ], [ 79.748693468000056, 8.242068921000055 ], [ 79.748690539000052, 8.242087383000069 ], [ 79.748691295000071, 8.242102523000028 ], [ 79.748693159000084, 8.242109430000028 ], [ 79.748696186000075, 8.24211493200005 ], [ 79.74870683100005, 8.242126074000055 ], [ 79.748723763000044, 8.242136944000038 ], [ 79.748768742000038, 8.242158149000034 ], [ 79.748779383000056, 8.242163769000058 ], [ 79.748797306000085, 8.242173226000034 ], [ 79.748824220000074, 8.242184006000059 ], [ 79.748848316000078, 8.242191231000049 ], [ 79.748875981000083, 8.242197629000032 ], [ 79.74891492200004, 8.242204310000034 ], [ 79.748968911000077, 8.242213572000026 ], [ 79.749002103000066, 8.242220331000055 ], [ 79.749033312000051, 8.242228898000064 ], [ 79.749060241000052, 8.242239110000071 ], [ 79.749078464000036, 8.242248188000076 ], [ 79.749094316000082, 8.242258089000075 ], [ 79.749109642000064, 8.242270351000059 ], [ 79.749150118000045, 8.24230308500006 ], [ 79.74915270300005, 8.242304798000021 ], [ 79.749156790000029, 8.242307506000031 ], [ 79.749187911000035, 8.242328130000033 ], [ 79.749211971000079, 8.242341904000057 ], [ 79.749237505000053, 8.242355072000066 ], [ 79.749293262000037, 8.242379733000064 ], [ 79.749338232000071, 8.242396472000053 ], [ 79.749360240000044, 8.242403618000026 ], [ 79.749366760000044, 8.242405735000034 ], [ 79.749389693000069, 8.242413180000028 ], [ 79.749424777000058, 8.242422744000066 ], [ 79.749439173000042, 8.242425491000063 ], [ 79.749445279000042, 8.242426655000031 ], [ 79.749453737000067, 8.242428268000026 ], [ 79.749475491000055, 8.242430038000066 ], [ 79.749499881000077, 8.242429999000024 ], [ 79.749571716000048, 8.242424324000069 ], [ 79.749587244000054, 8.242423097000028 ], [ 79.749622144000057, 8.242422272000056 ], [ 79.749633408000079, 8.242423186000053 ], [ 79.749645739000073, 8.24242418800003 ], [ 79.74964861400008, 8.242424421000067 ], [ 79.749651457000084, 8.242424946000028 ], [ 79.749700330000053, 8.242433959000039 ], [ 79.749720781000065, 8.242435152000041 ], [ 79.749724914000069, 8.242434681000077 ], [ 79.749727647000043, 8.242434370000069 ], [ 79.749736785000039, 8.24243332900005 ], [ 79.749754787000029, 8.242428553000025 ], [ 79.749799447000044, 8.242411848000074 ], [ 79.74980283900004, 8.242410747000065 ], [ 79.749853114000075, 8.242394347000072 ], [ 79.749966821000044, 8.242352888000028 ], [ 79.750002599000084, 8.24234143700005 ], [ 79.750031183000033, 8.242334061000065 ], [ 79.750046506000047, 8.242331296000032 ], [ 79.750059357000055, 8.24233011900003 ], [ 79.75006981000007, 8.242330522000032 ], [ 79.750077905000069, 8.242332508000061 ], [ 79.750083673000063, 8.242336089000048 ], [ 79.750087114000053, 8.242341270000054 ], [ 79.750088238000046, 8.242348064000055 ], [ 79.750087043000065, 8.242356480000069 ], [ 79.75007927300004, 8.242378060000021 ], [ 79.750073590000056, 8.242389741000068 ], [ 79.750071038000044, 8.242394985000033 ], [ 79.750067074000071, 8.242403134000028 ], [ 79.750055380000049, 8.242420194000033 ], [ 79.750041054000064, 8.242435642000032 ], [ 79.750023154000075, 8.242450162000068 ], [ 79.750002221000045, 8.242463040000075 ], [ 79.749978122000073, 8.242474356000059 ], [ 79.749950603000059, 8.242484228000023 ], [ 79.74991648300005, 8.242493462000027 ], [ 79.749876591000032, 8.242501523000044 ], [ 79.749733313000036, 8.242522157000053 ], [ 79.749641763000056, 8.242539150000027 ], [ 79.74959343900008, 8.242546907000076 ], [ 79.749555466000061, 8.242551511000045 ], [ 79.749520615000051, 8.242554154000061 ], [ 79.749488122000059, 8.242554893000033 ], [ 79.749457655000072, 8.242553730000054 ], [ 79.74943115800005, 8.242550967000057 ], [ 79.749424365000039, 8.242549753000048 ], [ 79.749408360000075, 8.242546889000039 ], [ 79.749385141000062, 8.242540602000076 ], [ 79.749360787000057, 8.242531919000044 ], [ 79.749338500000079, 8.242522386000076 ], [ 79.749314009000045, 8.24251053200004 ], [ 79.749225221000074, 8.242462678000038 ], [ 79.749219077000078, 8.242459628000063 ], [ 79.749188264000054, 8.242444332000048 ], [ 79.749154004000047, 8.242430120000051 ], [ 79.749145812000052, 8.242427389000056 ], [ 79.749136258000078, 8.242424204000031 ], [ 79.74910068500003, 8.242412345000048 ], [ 79.74909286500008, 8.242410587000052 ], [ 79.749080492000076, 8.242407804000038 ], [ 79.749063137000064, 8.242403902000035 ], [ 79.749024586000075, 8.242399429000045 ], [ 79.749018620000072, 8.242399405000072 ], [ 79.749006717000043, 8.242399358000057 ], [ 79.748986667000054, 8.242401097000027 ], [ 79.748962740000081, 8.242403175000049 ], [ 79.748954797000067, 8.24240278700006 ], [ 79.748948744000074, 8.242402491000064 ], [ 79.74894114600005, 8.242402120000065 ], [ 79.74891137700007, 8.242396383000028 ], [ 79.748874795000063, 8.242385144000025 ], [ 79.748836204000042, 8.242371590000062 ], [ 79.748826693000069, 8.242368248000048 ], [ 79.748793497000065, 8.242356589000053 ], [ 79.74874016900003, 8.242335639000032 ], [ 79.748655389000078, 8.242302328000051 ], [ 79.74863526200005, 8.242292697000039 ], [ 79.748617851000063, 8.242282984000042 ], [ 79.74857643100006, 8.242251020000026 ], [ 79.748569907000046, 8.242247338000027 ], [ 79.748566630000084, 8.242247630000065 ], [ 79.748566500000038, 8.242254648000028 ], [ 79.748570705000077, 8.242268955000043 ], [ 79.748578682000073, 8.242288253000027 ], [ 79.748582783000074, 8.242295838000075 ], [ 79.748586258000046, 8.242302265000035 ], [ 79.748593335000066, 8.242311383000072 ], [ 79.748602170000083, 8.242320063000022 ], [ 79.748612899000079, 8.242328446000045 ], [ 79.748625941000057, 8.242336864000038 ], [ 79.748680037000042, 8.242365694000057 ], [ 79.74869026600004, 8.242371666000054 ], [ 79.748693229000082, 8.242373396000062 ], [ 79.748745535000069, 8.242403934000038 ], [ 79.74884837500008, 8.242457667000053 ], [ 79.748853336000082, 8.242460256000072 ], [ 79.748926380000057, 8.242501375000074 ], [ 79.748957994000079, 8.242517866000071 ], [ 79.748983688000067, 8.242529427000022 ], [ 79.749001039000063, 8.242535779000036 ], [ 79.749004460000037, 8.24253703100004 ], [ 79.749007067000036, 8.24253798500007 ], [ 79.749022876000083, 8.24254185500007 ], [ 79.749060823000036, 8.242548887000055 ], [ 79.749078649000069, 8.242553994000048 ], [ 79.749088110000059, 8.242558075000034 ], [ 79.749090959000057, 8.242559623000034 ], [ 79.749104819000081, 8.242567166000072 ], [ 79.749121935000062, 8.242578255000069 ], [ 79.74912901600004, 8.242585030000043 ], [ 79.749133504000042, 8.242592294000076 ], [ 79.749135516000081, 8.242599781000024 ], [ 79.749135724000041, 8.242609493000032 ], [ 79.749133070000084, 8.242625147000069 ], [ 79.749126930000045, 8.242644742000039 ], [ 79.749114126000052, 8.242669549000027 ], [ 79.749113514000044, 8.242674627000042 ], [ 79.749114711000061, 8.242680790000065 ], [ 79.749120317000063, 8.242690801000037 ], [ 79.749130678000085, 8.242701725000074 ], [ 79.749144680000029, 8.242713039000023 ], [ 79.749161904000061, 8.242725538000059 ], [ 79.749164070000063, 8.242727109000043 ], [ 79.749175838000042, 8.242735648000064 ], [ 79.749193245000072, 8.242745038000066 ], [ 79.74921381200005, 8.242753630000038 ], [ 79.74923847000008, 8.242761847000054 ], [ 79.749264176000054, 8.242769102000068 ], [ 79.74927191900008, 8.242771287000039 ], [ 79.749299246000078, 8.242776182000057 ], [ 79.749358318000077, 8.242782956000042 ], [ 79.74937039200006, 8.242784340000071 ], [ 79.749378772000057, 8.242785943000058 ], [ 79.749426477000043, 8.242795082000043 ], [ 79.749453727000059, 8.242801893000035 ], [ 79.749473038000076, 8.242808786000069 ], [ 79.749480962000064, 8.242812646000061 ], [ 79.749492233000069, 8.24281813500005 ], [ 79.749513226000033, 8.242830294000044 ], [ 79.749530930000049, 8.242842805000066 ], [ 79.749542004000034, 8.242852332000041 ], [ 79.749551481000083, 8.242862179000042 ], [ 79.749556315000063, 8.242868392000048 ], [ 79.749564517000067, 8.242878938000047 ], [ 79.749571425000056, 8.242889492000074 ], [ 79.74957481000007, 8.242896970000061 ], [ 79.74957579800008, 8.242901969000059 ], [ 79.749575422000078, 8.24291050000005 ], [ 79.749572783000076, 8.242918174000067 ], [ 79.749565708000034, 8.242930025000021 ], [ 79.749555083000075, 8.242942416000062 ], [ 79.749541470000054, 8.242954535000024 ], [ 79.74953320700007, 8.242959964000022 ], [ 79.74952881400003, 8.242962850000026 ], [ 79.749518395000052, 8.242966417000048 ], [ 79.749506193000059, 8.242967942000064 ], [ 79.749492062000058, 8.242967450000037 ], [ 79.749475563000033, 8.242964925000024 ], [ 79.749410385000033, 8.242947769000068 ], [ 79.749401930000033, 8.242945547000033 ], [ 79.749377898000034, 8.242937439000059 ], [ 79.74934673100006, 8.24292366100002 ], [ 79.749277588000041, 8.242888824000033 ], [ 79.749272723000047, 8.242886372000044 ], [ 79.749266219000049, 8.242883780000057 ], [ 79.749245024000061, 8.242875328000025 ], [ 79.749230090000083, 8.24286937200003 ], [ 79.749182624000071, 8.242854195000064 ], [ 79.749149273000057, 8.242844707000074 ], [ 79.749064995000083, 8.242820732000041 ], [ 79.749033197000074, 8.242810214000031 ], [ 79.749005090000082, 8.242799507000029 ], [ 79.74899810200003, 8.24279636600005 ], [ 79.748994745000061, 8.242794857000035 ], [ 79.748947122000061, 8.242773452000051 ], [ 79.748889371000075, 8.242744275000064 ], [ 79.748833842000067, 8.242712984000036 ], [ 79.748780681000085, 8.242679683000063 ], [ 79.748729754000067, 8.242644235000057 ], [ 79.748681974000078, 8.242607217000057 ], [ 79.748642490000066, 8.242573051000022 ], [ 79.748638268000036, 8.242569398000057 ], [ 79.74860962300005, 8.242539707000049 ], [ 79.748585133000063, 8.242509463000033 ], [ 79.748559843000066, 8.242473674000053 ], [ 79.74853661800006, 8.242437448000032 ], [ 79.748522809000065, 8.242414905000032 ], [ 79.748480138000048, 8.242345243000045 ], [ 79.748448119000045, 8.242297715000063 ], [ 79.74843029200008, 8.242274269000063 ], [ 79.748412613000085, 8.242253380000022 ], [ 79.748394762000032, 8.242234674000031 ], [ 79.748376562000033, 8.242217967000045 ], [ 79.748369405000062, 8.242212223000024 ], [ 79.748358792000033, 8.242203705000065 ], [ 79.748338915000033, 8.242189375000066 ], [ 79.748293072000081, 8.242160701000046 ], [ 79.748254201000066, 8.242139320000035 ], [ 79.748149527000066, 8.242084748000025 ], [ 79.748114115000078, 8.242064408000033 ], [ 79.748088390000078, 8.242049633000022 ], [ 79.748008953000067, 8.242006290000063 ], [ 79.747978921000083, 8.241988669000023 ], [ 79.747953132000077, 8.241971878000072 ], [ 79.747930697000072, 8.241955285000074 ], [ 79.747911137000074, 8.241938538000056 ], [ 79.747891381000045, 8.241919206000034 ], [ 79.747867917000065, 8.24189313200003 ], [ 79.747844998000062, 8.241864224000039 ], [ 79.747822562000067, 8.241832405000025 ], [ 79.747800501000029, 8.241797518000055 ], [ 79.747777130000031, 8.241756510000073 ], [ 79.747755, 8.24171369000004 ], [ 79.747753655000054, 8.241711082000052 ], [ 79.747734898000033, 8.241670911000028 ], [ 79.747718965000047, 8.241632189000029 ], [ 79.747708418000059, 8.241601575000061 ], [ 79.747706261000076, 8.241595314000051 ], [ 79.747703881000064, 8.24158840900003 ], [ 79.747694997000053, 8.241549846000055 ], [ 79.747689342000058, 8.241510024000036 ], [ 79.747683259000041, 8.241449708000061 ], [ 79.747679810000079, 8.241415506000067 ], [ 79.74767210400006, 8.241369926000061 ], [ 79.747668352000062, 8.241355345000045 ], [ 79.747667235000051, 8.241351003000034 ], [ 79.747649909000074, 8.241283674000044 ], [ 79.747641736000048, 8.241260789000023 ], [ 79.747632517000056, 8.241241908000063 ], [ 79.747629185000051, 8.241236699000069 ], [ 79.747626031000038, 8.24123177000007 ], [ 79.74761845900008, 8.241222343000061 ], [ 79.74759885900005, 8.241204138000057 ], [ 79.747575143000063, 8.241187655000033 ], [ 79.747520586000064, 8.241155703000061 ], [ 79.747507944000063, 8.241147426000055 ], [ 79.747497826000085, 8.24114079900005 ], [ 79.747483114000033, 8.241129207000029 ], [ 79.747432604000039, 8.241084375000071 ], [ 79.747404194000069, 8.241056109000056 ], [ 79.747381775000065, 8.241029850000075 ], [ 79.747377190000066, 8.241023178000034 ], [ 79.747375136000073, 8.241020189000039 ], [ 79.747365387000059, 8.241006001000073 ], [ 79.747351259000084, 8.240979 ], [ 79.747341582000047, 8.240955564000046 ], [ 79.747332415000074, 8.240928626000027 ], [ 79.747303822000049, 8.240824546000056 ], [ 79.747291115000053, 8.240785803000051 ], [ 79.747289523000063, 8.240781209000033 ], [ 79.747285633000047, 8.240771708000068 ], [ 79.747262099000068, 8.240714224000044 ], [ 79.747228673000052, 8.240638361000038 ], [ 79.74720392200004, 8.240582190000055 ], [ 79.747180623000077, 8.240527206000024 ], [ 79.747174695000069, 8.240511997000056 ], [ 79.747169514000063, 8.24049870500005 ], [ 79.74715376100005, 8.240458301000047 ], [ 79.747124834000033, 8.240378586000077 ], [ 79.747039278000045, 8.240124947000027 ], [ 79.747029217000033, 8.240095121000024 ], [ 79.746973096000033, 8.239907575000075 ], [ 79.746959566000044, 8.239865810000026 ], [ 79.746946394000076, 8.239828809000073 ], [ 79.746926831000053, 8.239780540000027 ], [ 79.746920297000031, 8.239766788000054 ], [ 79.746918041000072, 8.239762041000063 ], [ 79.746904769000082, 8.239734104000036 ], [ 79.746877640000037, 8.23968375000004 ], [ 79.746845984000061, 8.239630810000051 ], [ 79.746816194000075, 8.239584673000024 ], [ 79.746781286000044, 8.239533464000033 ], [ 79.74669964900005, 8.239419573000021 ], [ 79.746690851000039, 8.23940729900005 ], [ 79.746671122000066, 8.239379776000021 ], [ 79.746621684000047, 8.239316583000061 ], [ 79.746609817000035, 8.239301413000021 ], [ 79.746517078000068, 8.239189757000076 ], [ 79.746478593000063, 8.239143424000076 ], [ 79.746466719000068, 8.239129127000069 ], [ 79.746435390000045, 8.239089712000066 ], [ 79.74640953200003, 8.239057183000057 ], [ 79.74640454200005, 8.239050904000067 ], [ 79.746334482000066, 8.238956717000065 ], [ 79.746303114000057, 8.238912980000066 ], [ 79.746183510000037, 8.238746209000055 ], [ 79.746118280000076, 8.238659245000065 ], [ 79.746087347000071, 8.238620599000058 ], [ 79.746076954000046, 8.238607614000045 ], [ 79.746046269000033, 8.238569277000067 ], [ 79.745959619000075, 8.238464503000046 ], [ 79.745889319000071, 8.238382599000033 ], [ 79.745823244000064, 8.23830891700004 ], [ 79.745762898000066, 8.238244856000051 ], [ 79.745703911000078, 8.238185504000057 ], [ 79.74569351100007, 8.238175646000059 ], [ 79.745689008000056, 8.238171378000061 ], [ 79.745651097000064, 8.238135450000073 ], [ 79.745592258000045, 8.238083073000041 ], [ 79.745509852000055, 8.238013637000051 ], [ 79.745355783000036, 8.237888152000039 ], [ 79.745318577000035, 8.237857496000061 ], [ 79.745118719000061, 8.237692812000034 ], [ 79.74502860900003, 8.237617070000056 ], [ 79.745020408000073, 8.237610182000026 ], [ 79.744926452000072, 8.237539039000069 ], [ 79.744900818000076, 8.237515654000049 ], [ 79.744881077000059, 8.237492764000024 ], [ 79.744872519000069, 8.237480220000066 ], [ 79.744863173000056, 8.237463973000047 ], [ 79.744846909000046, 8.237428418000036 ], [ 79.74483269600006, 8.237386624000067 ], [ 79.744825454000079, 8.23735733500007 ], [ 79.744824030000075, 8.237351579000062 ], [ 79.744821832000071, 8.237342693000073 ], [ 79.744819306000068, 8.237318947000063 ], [ 79.744819243000052, 8.237292042000036 ], [ 79.744821119000051, 8.237265010000044 ], [ 79.744824333000054, 8.237233569000068 ], [ 79.744828318000032, 8.23719460600006 ], [ 79.744829239000069, 8.237156184000071 ], [ 79.744827733000079, 8.237137497000049 ], [ 79.744824626000081, 8.237119894000045 ], [ 79.74481910600008, 8.237099779000062 ], [ 79.744811494000032, 8.237078508000025 ], [ 79.744800849000057, 8.237054215000057 ], [ 79.744787261000056, 8.237027607000073 ], [ 79.744734961000063, 8.236937539000053 ], [ 79.744716026000049, 8.236902142000076 ], [ 79.744685208000078, 8.236838096000042 ], [ 79.744609897000032, 8.236674510000057 ], [ 79.744587401000047, 8.236628643000074 ], [ 79.74456617900006, 8.236588098000027 ], [ 79.74454023100003, 8.236542561000022 ], [ 79.744514157000083, 8.236501383000075 ], [ 79.744504616000029, 8.236487926000052 ], [ 79.744502656000066, 8.236485160000029 ], [ 79.744486575000053, 8.236462479000068 ], [ 79.744455966000032, 8.236423546000026 ], [ 79.744407771000056, 8.236368735000042 ], [ 79.744352946000049, 8.236313175000021 ], [ 79.744290510000042, 8.236255846000063 ], [ 79.744217418000062, 8.236193941000067 ], [ 79.74415093600004, 8.236140556000066 ], [ 79.744002672000079, 8.23602431200004 ], [ 79.743957486000056, 8.235988008000049 ], [ 79.743908107000038, 8.23594834000005 ], [ 79.743845458000067, 8.235899637000045 ], [ 79.743729471000051, 8.235813501000052 ], [ 79.743602138000085, 8.235723757000073 ], [ 79.743488031000084, 8.235646530000054 ], [ 79.743357077000041, 8.235560477000035 ], [ 79.743079390000048, 8.235382030000039 ], [ 79.74306045000003, 8.235369855000044 ], [ 79.74286748600008, 8.235244051000052 ], [ 79.742761630000075, 8.235177893000071 ], [ 79.742679917000032, 8.235130363000053 ], [ 79.74262525000006, 8.235101290000046 ], [ 79.742614720000063, 8.235095691000026 ], [ 79.742605721000075, 8.23509090500005 ], [ 79.742554953000081, 8.235067431000061 ], [ 79.742543643000033, 8.235062593000066 ], [ 79.742436466000072, 8.235016754000071 ], [ 79.742382226000075, 8.234990678000031 ], [ 79.74235739900007, 8.234977099000048 ], [ 79.742347693000056, 8.234971229000053 ], [ 79.74233440200004, 8.234963192000066 ], [ 79.742311268000037, 8.234947764000026 ], [ 79.742288142000064, 8.234930887000075 ], [ 79.742262947000029, 8.234910857000045 ], [ 79.742237426000031, 8.234888863000037 ], [ 79.742184167000062, 8.234837901000049 ], [ 79.74213351700007, 8.234784328000046 ], [ 79.74201177100008, 8.234649469000033 ], [ 79.742003508000039, 8.234640316000025 ], [ 79.741963896000073, 8.234599546000027 ], [ 79.741927051000062, 8.234564515000045 ], [ 79.741893552000079, 8.234535489000052 ], [ 79.74188995600008, 8.234532677000061 ], [ 79.74188364500003, 8.234527744000047 ], [ 79.74185973200008, 8.234509048000064 ], [ 79.741844935000074, 8.234498665000046 ], [ 79.741746683000031, 8.234429715000033 ], [ 79.741710264000062, 8.234402931000034 ], [ 79.741679759000078, 8.234378327000059 ], [ 79.741654198000049, 8.234355194000045 ], [ 79.741617369000039, 8.23431769900003 ], [ 79.741581276000034, 8.234276624000074 ], [ 79.741544498000053, 8.234230571000069 ], [ 79.741505657000062, 8.234177824000028 ], [ 79.741455951000034, 8.234105690000035 ], [ 79.741442591000066, 8.23408530100005 ], [ 79.741438405000054, 8.23407891200003 ], [ 79.741411804000052, 8.234038311000063 ], [ 79.741373379000038, 8.233974724000063 ], [ 79.741334925000046, 8.233906164000075 ], [ 79.741298831000051, 8.233837437000034 ], [ 79.741220062000082, 8.233680965000076 ], [ 79.741199086000051, 8.233631151000054 ], [ 79.74119141400007, 8.233608329000049 ], [ 79.741187776000061, 8.233594915000026 ], [ 79.741185592000079, 8.233586857000034 ], [ 79.741180411000073, 8.23355882900006 ], [ 79.741177109000034, 8.233527065000033 ], [ 79.74117401400008, 8.233426876000067 ], [ 79.741173690000039, 8.233416387000034 ], [ 79.74117040200008, 8.233373904000075 ], [ 79.74116904400006, 8.233365559000049 ], [ 79.741166785000075, 8.233351682000034 ], [ 79.74116379600008, 8.233333315000039 ], [ 79.741154960000074, 8.233291975000043 ], [ 79.741146828000069, 8.233253934000061 ], [ 79.741140705000078, 8.233221202000038 ], [ 79.74114022100008, 8.233217564000029 ], [ 79.741139761000056, 8.233214104000069 ], [ 79.741135549000035, 8.233182457000055 ], [ 79.741132329000038, 8.233141319000026 ], [ 79.741130966000071, 8.233093095000072 ], [ 79.741131786000039, 8.233039294000037 ], [ 79.741140620000067, 8.232881625000061 ], [ 79.741142380000042, 8.232850215000042 ], [ 79.741144460000044, 8.232775540000034 ], [ 79.741143994000083, 8.232739547000051 ], [ 79.741142381000031, 8.232705802000055 ], [ 79.741141109000068, 8.232692481000072 ], [ 79.741140225000038, 8.232683216000055 ], [ 79.74113376300005, 8.232615520000024 ], [ 79.741123103000064, 8.232531326000071 ], [ 79.741110144000061, 8.23244842400004 ], [ 79.741097593000063, 8.232380403000036 ], [ 79.741092927000068, 8.232357587000024 ], [ 79.741071889000068, 8.232254877000059 ], [ 79.741059076000056, 8.232200157000023 ], [ 79.741046038000036, 8.232153538000034 ], [ 79.741031879000047, 8.232111787000065 ], [ 79.74102595800008, 8.232097396000029 ], [ 79.741023952000035, 8.232092522000073 ], [ 79.741015966000077, 8.232073115000048 ], [ 79.740992321000078, 8.232024887000023 ], [ 79.740961930000083, 8.231970871000044 ], [ 79.740908650000051, 8.231884391000051 ], [ 79.740906778000067, 8.231881352000073 ], [ 79.740901007000048, 8.231871984000065 ], [ 79.740863030000071, 8.231814652000025 ], [ 79.740807572000051, 8.231737376000069 ], [ 79.74062946500004, 8.231499256000063 ], [ 79.740586351000047, 8.231442668000057 ], [ 79.740548464000085, 8.231395046000046 ], [ 79.740495992000035, 8.231333512000049 ], [ 79.74047001200006, 8.231306023000059 ], [ 79.740460302000031, 8.231295750000072 ], [ 79.740447476000043, 8.231282179000061 ], [ 79.740404966000085, 8.231242424000072 ], [ 79.740354728000057, 8.231198160000076 ], [ 79.740300489000049, 8.231150372000059 ], [ 79.740273721000051, 8.231125055000064 ], [ 79.74025457700003, 8.231105584000034 ], [ 79.740252705000046, 8.231103681000036 ], [ 79.740250487000083, 8.231101425000077 ], [ 79.74021123600005, 8.231056114000069 ], [ 79.740194034000069, 8.231034242000021 ], [ 79.740128648000052, 8.230951105000031 ], [ 79.74009082300006, 8.230908603000046 ], [ 79.740073126000084, 8.230891240000062 ], [ 79.740052157000036, 8.230872542000043 ], [ 79.740006272000073, 8.230836622000027 ], [ 79.739972419000082, 8.230813195000053 ], [ 79.739933574000077, 8.230788404000066 ], [ 79.739800470000034, 8.230709733000026 ], [ 79.739751463000061, 8.230679438000038 ], [ 79.739663790000066, 8.230620839000039 ], [ 79.739451139000039, 8.230476058000022 ], [ 79.739356779000047, 8.230413325000029 ], [ 79.739317240000048, 8.230388145000063 ], [ 79.739284572000031, 8.230367343000069 ], [ 79.73919618900004, 8.230311057000051 ], [ 79.739060086000052, 8.230227565000064 ], [ 79.738978560000078, 8.230179705000069 ], [ 79.73897368400003, 8.230176971000049 ], [ 79.738968400000033, 8.230174008000063 ], [ 79.738909922000062, 8.230141221000054 ], [ 79.738645038000072, 8.230000025000038 ], [ 79.738618503000055, 8.229985889000034 ], [ 79.738559792000046, 8.229952 ], [ 79.738425842000083, 8.229872190000037 ], [ 79.738362214000063, 8.229836073000058 ], [ 79.738288044000058, 8.229797834000067 ], [ 79.738253373000077, 8.229781847000027 ], [ 79.738226803000032, 8.229770655000038 ], [ 79.738224393000053, 8.22976963900004 ], [ 79.738219749000052, 8.229767683000034 ], [ 79.738169986000059, 8.229749076000076 ], [ 79.738038073000041, 8.229703527000026 ], [ 79.737879539000062, 8.229641742000069 ], [ 79.737829641000076, 8.22962334500005 ], [ 79.737822914000049, 8.229620864000026 ], [ 79.737819759000047, 8.229619702000036 ], [ 79.737758453000083, 8.229599569000072 ], [ 79.737693770000078, 8.229579870000066 ], [ 79.737614982000082, 8.229555874000027 ], [ 79.737574529000085, 8.229542019000064 ], [ 79.737561861000074, 8.229537680000021 ], [ 79.737557971000058, 8.229536348000067 ], [ 79.73754690100003, 8.229532556000038 ], [ 79.737502999000071, 8.229515394000032 ], [ 79.737455074000081, 8.229494988000056 ], [ 79.73737329800008, 8.229457211000067 ], [ 79.737263217000077, 8.229406358000062 ], [ 79.73717891900003, 8.229370385000038 ], [ 79.737133622000044, 8.229353336000031 ], [ 79.737121101000071, 8.229349139000021 ], [ 79.737117542000078, 8.229347946000075 ], [ 79.73708330900007, 8.229336474000036 ], [ 79.737025436000067, 8.229318690000071 ], [ 79.736965066000039, 8.229301711000062 ], [ 79.736866320000047, 8.229276893000076 ], [ 79.736758642000041, 8.22925321200006 ], [ 79.736637748000078, 8.229229734000057 ], [ 79.73652343100008, 8.229209746000038 ], [ 79.73651529600005, 8.229208324000069 ], [ 79.736496207000073, 8.22920498600007 ], [ 79.736383334000038, 8.229189039000062 ], [ 79.736161930000037, 8.229163395000057 ], [ 79.736147558000084, 8.229161731000033 ], [ 79.735923792000051, 8.229133140000044 ], [ 79.735861904000046, 8.229124536000029 ], [ 79.735809412000037, 8.229115895000064 ], [ 79.735760440000035, 8.22910605800007 ], [ 79.735757479000085, 8.229105463000053 ], [ 79.735662417000071, 8.229086369000072 ], [ 79.735613521000062, 8.229075148000049 ], [ 79.735586547000082, 8.229067605000068 ], [ 79.735562103000063, 8.229059515000074 ], [ 79.73553961600004, 8.229050685000061 ], [ 79.735518830000046, 8.229041011000049 ], [ 79.735510591000036, 8.229036456000074 ], [ 79.735508275000029, 8.229035174000046 ], [ 79.735499746000073, 8.229030460000047 ], [ 79.73548013900006, 8.229017509000073 ], [ 79.735422928000048, 8.228973271000029 ], [ 79.735414694000042, 8.22896690500005 ], [ 79.735400412000047, 8.228956941000035 ], [ 79.735390654000071, 8.228950133000069 ], [ 79.73538829000006, 8.228948483000067 ], [ 79.735359292000055, 8.228931494000051 ], [ 79.735351285000036, 8.228927248000048 ], [ 79.735292023000056, 8.228895820000048 ], [ 79.735263076000081, 8.228878196000039 ], [ 79.735250079000082, 8.228868417000058 ], [ 79.735246044000064, 8.228865382000038 ], [ 79.735237573000063, 8.228859010000065 ], [ 79.735212603000036, 8.228835755000034 ], [ 79.735187542000062, 8.22880770200004 ], [ 79.73516174100007, 8.228773988000057 ], [ 79.735138680000034, 8.228740430000073 ], [ 79.735086539000065, 8.228660640000044 ], [ 79.735060214000043, 8.228623437000067 ], [ 79.735048541000083, 8.228608403000067 ], [ 79.73495605200003, 8.228489246000038 ], [ 79.734901441000034, 8.228421105000052 ], [ 79.734865872000057, 8.228379712000049 ], [ 79.734850827000059, 8.228362204000064 ], [ 79.734813606000046, 8.228318890000025 ], [ 79.734748749000062, 8.228246683000066 ], [ 79.734695391000059, 8.228192109000076 ], [ 79.734645402000069, 8.228146622000054 ], [ 79.734642393000058, 8.228144215000043 ], [ 79.73458772400005, 8.228100496000025 ], [ 79.734525273000031, 8.22805586000004 ], [ 79.734458339000071, 8.228012909000029 ], [ 79.734401629000047, 8.227980135000053 ], [ 79.734395747000065, 8.227976736000073 ], [ 79.734386732000075, 8.227971527000022 ], [ 79.73431860900007, 8.227935648000027 ], [ 79.734259081000062, 8.227908163000052 ], [ 79.734241920000045, 8.227901579000047 ], [ 79.734233166000081, 8.227898221000032 ], [ 79.734197550000033, 8.227884557000039 ], [ 79.734133411000073, 8.227864238000052 ], [ 79.734094988000038, 8.227854050000076 ], [ 79.734056628000076, 8.227845350000052 ], [ 79.734018490000039, 8.227838177000024 ], [ 79.733980719000044, 8.227832558000046 ], [ 79.733943030000034, 8.227828511000041 ], [ 79.73391545800007, 8.227826745000073 ], [ 79.733882770000037, 8.227826284000059 ], [ 79.733846946000085, 8.22782735100003 ], [ 79.733799840000074, 8.227830499000049 ], [ 79.733683491000079, 8.227840676000028 ], [ 79.733668336000051, 8.227841660000024 ], [ 79.733463228000062, 8.227854925000031 ], [ 79.733344800000054, 8.227865653000038 ], [ 79.73332238900008, 8.227868358000023 ], [ 79.733312308000052, 8.227869573000021 ], [ 79.733254300000056, 8.22787657300006 ], [ 79.733162990000039, 8.227889486000038 ], [ 79.733074484000042, 8.227903885000046 ], [ 79.732988062000061, 8.227919867000026 ], [ 79.732918941000037, 8.227934112000071 ], [ 79.73290541800003, 8.227937198000063 ], [ 79.732900923000045, 8.227938223000024 ], [ 79.732863491000046, 8.227946764000023 ], [ 79.732806635000031, 8.227961463000042 ], [ 79.732746239000051, 8.227978748000055 ], [ 79.732632202000048, 8.228014917000053 ], [ 79.732380394000074, 8.22810015500005 ], [ 79.732368182000073, 8.228104287000065 ], [ 79.732300827000074, 8.228125537000039 ], [ 79.732266781000078, 8.228135497000039 ], [ 79.73225154000005, 8.228139957000053 ], [ 79.732240065000042, 8.228143314000022 ], [ 79.732206217000055, 8.228152016000024 ], [ 79.732131456000047, 8.228171234000058 ], [ 79.731874529000038, 8.22823097600002 ], [ 79.731808805000071, 8.228248070000063 ], [ 79.731749917000059, 8.228265055000065 ], [ 79.731676209000057, 8.228289357000051 ], [ 79.731645255000046, 8.228301260000023 ], [ 79.73163283100007, 8.228306039000074 ], [ 79.73160239300006, 8.228317744000037 ], [ 79.731513316000076, 8.228355475000058 ], [ 79.731425303000037, 8.228396243000077 ], [ 79.73143864900004, 8.228452197000024 ], [ 79.73145480800008, 8.228506994000043 ], [ 79.731473731000051, 8.228560508000044 ], [ 79.731495644000063, 8.228613369000072 ], [ 79.731520550000084, 8.228665896000052 ], [ 79.731546569000045, 8.228713675000051 ], [ 79.731573095000044, 8.228755842000055 ], [ 79.731602965000036, 8.228796757000055 ], [ 79.731633704000046, 8.228834232000054 ], [ 79.731670272000031, 8.228875147000053 ], [ 79.731702976000065, 8.228909420000036 ], [ 79.731737311000074, 8.228942022000069 ], [ 79.73192762900004, 8.229104623000069 ], [ 79.732064611000055, 8.22921651300004 ], [ 79.732208640000067, 8.229327932000047 ], [ 79.732354910000083, 8.229434864000041 ], [ 79.732572563000076, 8.229585725000049 ], [ 79.732606968000084, 8.229607347000069 ], [ 79.732638838000071, 8.229624361000049 ], [ 79.732701993000035, 8.229652157000032 ], [ 79.732734712000081, 8.229663778000031 ], [ 79.732756279000057, 8.229669606000073 ], [ 79.73278102200004, 8.229674010000053 ], [ 79.732808847000058, 8.229676824000023 ], [ 79.732924854000032, 8.229679825000062 ], [ 79.732974596000076, 8.229684815000041 ], [ 79.73299994000007, 8.229690246000075 ], [ 79.733065814000042, 8.229709098000058 ], [ 79.733084590000033, 8.229717109000035 ], [ 79.733098176000055, 8.229726806000031 ], [ 79.733107778000033, 8.22973877000004 ], [ 79.733116306000056, 8.229755260000047 ], [ 79.73312388100004, 8.229777512000055 ], [ 79.733126825000056, 8.229794389000062 ], [ 79.733126310000046, 8.229806794000069 ], [ 79.733123704000036, 8.229820711000059 ], [ 79.733106108000072, 8.229874664000022 ], [ 79.733101318000081, 8.229897595000068 ], [ 79.733102392000035, 8.229937030000031 ], [ 79.733108605000041, 8.22996605700007 ], [ 79.733116180000081, 8.229983073000028 ], [ 79.733127309000054, 8.230001339000069 ], [ 79.733167697000056, 8.230052859000068 ], [ 79.733201856000051, 8.230087855000022 ], [ 79.733218798000053, 8.230101740000066 ], [ 79.733235730000047, 8.230113287000052 ], [ 79.73325666900007, 8.23012456500004 ], [ 79.733280717000071, 8.230134625000062 ], [ 79.733309889000054, 8.230144062000022 ], [ 79.733335981000039, 8.230150301000037 ], [ 79.733379607000074, 8.230155386000035 ], [ 79.73350386900006, 8.230162241000073 ], [ 79.733567010000058, 8.230162366000059 ], [ 79.733636527000044, 8.230160110000043 ], [ 79.73382330000004, 8.230147213000066 ], [ 79.733886038000037, 8.230138993000025 ], [ 79.734036623000065, 8.230112751000036 ], [ 79.734077124000066, 8.23010784500002 ], [ 79.734113715000035, 8.230105411000068 ], [ 79.734192111000084, 8.230105989000037 ], [ 79.734213114000056, 8.230108097000027 ], [ 79.734224905000076, 8.230111557000043 ], [ 79.734244223000076, 8.230120552000074 ], [ 79.734254799000041, 8.230127753000033 ], [ 79.734261663000041, 8.230135411000049 ], [ 79.734265293000078, 8.230143578000025 ], [ 79.734267374000069, 8.230154363000054 ], [ 79.734267481000074, 8.230188119000047 ], [ 79.734262405000038, 8.230211350000047 ], [ 79.734246337000059, 8.230260257000054 ], [ 79.734231726000075, 8.230295996000052 ], [ 79.734212805000084, 8.230333773000041 ], [ 79.734188823000068, 8.230375053000046 ], [ 79.73415889100005, 8.230421414000034 ], [ 79.734142511000073, 8.230442893000031 ], [ 79.734123794000084, 8.230463942000029 ], [ 79.734102564000068, 8.230484758000046 ], [ 79.734078468000064, 8.230505691000076 ], [ 79.734026872000072, 8.230544690000045 ], [ 79.733920502000046, 8.230616584000074 ], [ 79.733877416000041, 8.230647532000035 ], [ 79.733835143000078, 8.230682122000076 ], [ 79.73380065300006, 8.230716139000037 ], [ 79.73374651000006, 8.230781430000036 ], [ 79.733737593000058, 8.23079446600002 ], [ 79.733731617000046, 8.230806514000051 ], [ 79.733727177000048, 8.230823746000056 ], [ 79.73372573100005, 8.230844886000057 ], [ 79.733727625000085, 8.230870640000035 ], [ 79.733731990000081, 8.230890613000042 ], [ 79.733743770000046, 8.230917869000052 ], [ 79.733762629000069, 8.230946557000038 ], [ 79.733788118000064, 8.230976509000072 ], [ 79.733827413000085, 8.231016121000039 ], [ 79.733845795000036, 8.231031332000043 ], [ 79.733862968000039, 8.23104111300006 ], [ 79.733886582000082, 8.231049992000067 ], [ 79.733904474000042, 8.231051665000052 ], [ 79.733915384000056, 8.231048809000072 ], [ 79.733927678000043, 8.231042555000045 ], [ 79.733975783000062, 8.231008363000058 ], [ 79.734001313000078, 8.230982370000049 ], [ 79.734050469000067, 8.23092024400006 ], [ 79.734073525000042, 8.230894978000038 ], [ 79.734121907000031, 8.230854807000071 ], [ 79.734139819000063, 8.230842531000064 ], [ 79.734156989000041, 8.23083299700005 ], [ 79.734183488000042, 8.230821857000024 ], [ 79.734213296000064, 8.230813024000042 ], [ 79.734246616000064, 8.230806436000023 ], [ 79.734284106000075, 8.230801959000075 ], [ 79.734337651000033, 8.230797646000042 ], [ 79.734352425000054, 8.230797816000063 ], [ 79.734372915000051, 8.23080395900007 ], [ 79.734386911000058, 8.230813002000048 ], [ 79.734389732000068, 8.23081965800003 ], [ 79.734388653000053, 8.230829155000038 ], [ 79.73436724000004, 8.230885934000071 ], [ 79.734348073000035, 8.230921163000062 ], [ 79.734297137000055, 8.230996528000048 ], [ 79.734277102000078, 8.231031119000022 ], [ 79.734245272000067, 8.231104529000049 ], [ 79.73421565700005, 8.231188750000058 ], [ 79.734182241000042, 8.231305073000044 ], [ 79.734158484000034, 8.231408084000066 ], [ 79.734140106000041, 8.231515280000053 ], [ 79.734127277000084, 8.231628004000072 ], [ 79.734121651000066, 8.23172673800002 ], [ 79.73412221500007, 8.231820961000039 ], [ 79.734128097000053, 8.231917189000058 ], [ 79.73413301100004, 8.231958663000057 ], [ 79.734139399000071, 8.231997204000038 ], [ 79.734148358000084, 8.23203885700002 ], [ 79.734159175000059, 8.232080378000035 ], [ 79.734171761000084, 8.232121433000032 ], [ 79.734186018000059, 8.232161703000031 ], [ 79.734217318000049, 8.232234297000048 ], [ 79.734258555000054, 8.232311972000048 ], [ 79.734304292000047, 8.232386200000064 ], [ 79.734357431000035, 8.232460250000031 ], [ 79.734425148000071, 8.232543896000038 ], [ 79.734491846000083, 8.232616956000072 ], [ 79.734569652000062, 8.232692999000051 ], [ 79.734658214000035, 8.232771347000039 ], [ 79.734744653000064, 8.232841035000035 ], [ 79.734832462000043, 8.23290505600005 ], [ 79.734907411000052, 8.232954498000026 ], [ 79.734984991000033, 8.233000874000027 ], [ 79.735062798000058, 8.233043061000046 ], [ 79.735135866000064, 8.233078168000077 ], [ 79.735178006000069, 8.233095195000033 ], [ 79.735225781000054, 8.233111801000064 ], [ 79.735398917000055, 8.233163039000033 ], [ 79.735467487000051, 8.233185877000039 ], [ 79.735611342000084, 8.233243583000046 ], [ 79.735706270000037, 8.233287369000038 ], [ 79.735802776000071, 8.233339392000062 ], [ 79.735837060000051, 8.233362455000076 ], [ 79.735855366000067, 8.233379849000073 ], [ 79.735873603000073, 8.233401456000024 ], [ 79.735889643000064, 8.233424819000049 ], [ 79.735902620000047, 8.233448556000042 ], [ 79.735911179000084, 8.233469298000045 ], [ 79.73591865800006, 8.233492926000054 ], [ 79.735931707000077, 8.233553448000066 ], [ 79.735937483000043, 8.233605692000026 ], [ 79.735936480000078, 8.233652590000077 ], [ 79.735930714000062, 8.233696586000065 ], [ 79.735926336000034, 8.233713671000032 ], [ 79.735920715000077, 8.233728599000074 ], [ 79.735912201000076, 8.233744768000065 ], [ 79.735901286000058, 8.233761017000063 ], [ 79.735888083000077, 8.23377709500005 ], [ 79.73587414800005, 8.233791121000024 ], [ 79.735859417000029, 8.233802681000043 ], [ 79.735841123000057, 8.233814308000035 ], [ 79.735774580000054, 8.233849196000051 ], [ 79.735722137000039, 8.233871037000029 ], [ 79.735668478000036, 8.233887968000033 ], [ 79.735638316000063, 8.233893549000072 ], [ 79.735604135000074, 8.233896367000057 ], [ 79.735476075000065, 8.23389478200005 ], [ 79.73542408000003, 8.233897991000049 ], [ 79.735399091000033, 8.233902293000028 ], [ 79.73533479300005, 8.233917607000024 ], [ 79.735301245000073, 8.233927780000045 ], [ 79.735272558000077, 8.233938944000045 ], [ 79.735230605000083, 8.233960504000038 ], [ 79.735206837000078, 8.233974420000038 ], [ 79.735189508000076, 8.233987738000053 ], [ 79.735177610000051, 8.234001446000036 ], [ 79.735168821000059, 8.234019336000074 ], [ 79.735162993000074, 8.234042213000066 ], [ 79.735159923000083, 8.234070948000067 ], [ 79.735159362000047, 8.234107361000042 ], [ 79.735161465000033, 8.23413075600007 ], [ 79.735165831000074, 8.234154920000037 ], [ 79.735172371000033, 8.234179381000047 ], [ 79.735180919000072, 8.234203500000035 ], [ 79.735193494000043, 8.234232257000031 ], [ 79.735205547000078, 8.234254882000073 ], [ 79.73521816300007, 8.234273396000049 ], [ 79.735231532000057, 8.234288019000076 ], [ 79.735246780000068, 8.23429995500004 ], [ 79.735265372000072, 8.234310719000064 ], [ 79.735287227000072, 8.234320264000075 ], [ 79.735312180000051, 8.234328517000051 ], [ 79.735343574000069, 8.234336344000042 ], [ 79.735369095000067, 8.234340563000046 ], [ 79.73539136100004, 8.234341596000036 ], [ 79.735410702000081, 8.234339419000037 ], [ 79.73542653800007, 8.234334405000027 ], [ 79.735443602000032, 8.234325340000055 ], [ 79.735472794000032, 8.234304438000038 ], [ 79.735486840000078, 8.234292009000058 ], [ 79.735499459000039, 8.234277864000035 ], [ 79.735512150000034, 8.234260640000059 ], [ 79.735563633000083, 8.23417911100006 ], [ 79.735610324000049, 8.234124498000028 ], [ 79.735646505000034, 8.234086297000033 ], [ 79.735682933000078, 8.234050966000041 ], [ 79.735718665000036, 8.234019294000063 ], [ 79.735759527000084, 8.23398620200004 ], [ 79.735795432000032, 8.233952822000049 ], [ 79.735815943000034, 8.23393989300007 ], [ 79.735825454000064, 8.233937064000031 ], [ 79.735835067000039, 8.23393646300002 ], [ 79.735851227000069, 8.233938370000033 ], [ 79.735865768000053, 8.233942659000036 ], [ 79.735874358000046, 8.233947692000072 ], [ 79.735880266000038, 8.233955287000072 ], [ 79.735884381000062, 8.233968547000075 ], [ 79.735885256000074, 8.233986777000041 ], [ 79.735878564000075, 8.234049276000064 ], [ 79.735877102000075, 8.234101329000055 ], [ 79.735874052000042, 8.234142878000057 ], [ 79.735864435000053, 8.234207554000022 ], [ 79.735849164000058, 8.234265863000076 ], [ 79.735827751000045, 8.234318981000058 ], [ 79.735784455000044, 8.234406233000072 ], [ 79.735755790000042, 8.234453515000041 ], [ 79.735678897000071, 8.234569519000047 ], [ 79.735659159000079, 8.23460334400005 ], [ 79.735643328000037, 8.234634709000034 ], [ 79.735618860000045, 8.234693931000038 ], [ 79.735608266000042, 8.234726485000067 ], [ 79.735601126000063, 8.234768162000023 ], [ 79.735600199000032, 8.234805243000039 ], [ 79.73560248800004, 8.234824812000056 ], [ 79.735606949000044, 8.234845816000075 ], [ 79.735622295000042, 8.234891852000032 ], [ 79.735640902000057, 8.234927998000046 ], [ 79.735681295000063, 8.234993806000034 ], [ 79.735704985000041, 8.235026134000066 ], [ 79.735733458000084, 8.235060826000051 ], [ 79.735860052000078, 8.235201896000035 ], [ 79.735914649000051, 8.235272426000051 ], [ 79.735975358000076, 8.235346610000022 ], [ 79.736012204000076, 8.235397470000066 ], [ 79.736025763000043, 8.235420313000077 ], [ 79.736036675000037, 8.235442385000056 ], [ 79.736047965000068, 8.235473138000032 ], [ 79.736057671000083, 8.235514670000043 ], [ 79.736061531000075, 8.235540511000067 ], [ 79.736060963000057, 8.235560618000022 ], [ 79.736057178000067, 8.235572536000063 ], [ 79.736049007000076, 8.235584586000073 ], [ 79.736037654000029, 8.235596089000069 ], [ 79.736002695000082, 8.235626508000053 ], [ 79.735994168000047, 8.235636376000059 ], [ 79.73598856600006, 8.235645820000059 ], [ 79.735985263000032, 8.235658353000076 ], [ 79.735985747000029, 8.235681815000021 ], [ 79.735989332000031, 8.235693444000049 ], [ 79.735997070000053, 8.235702020000076 ], [ 79.736016754000048, 8.235711684000023 ], [ 79.736090470000079, 8.235734403000038 ], [ 79.73613006100004, 8.235741444000041 ], [ 79.736168181000039, 8.235743247000073 ], [ 79.736209872000074, 8.235739496000065 ], [ 79.736253760000068, 8.235730359000058 ], [ 79.736296210000035, 8.235715982000045 ], [ 79.736346096000034, 8.235694116000047 ], [ 79.736397485000055, 8.235665592000032 ], [ 79.736450177000052, 8.235629966000033 ], [ 79.736495894000029, 8.235593214000062 ], [ 79.736535159000084, 8.235554882000031 ], [ 79.73656844900006, 8.235516243000063 ], [ 79.736593027000083, 8.235480129000052 ], [ 79.736614666000037, 8.235437273000059 ], [ 79.736632301000043, 8.235389463000047 ], [ 79.736640417000046, 8.235359625000058 ], [ 79.736646440000072, 8.235329600000057 ], [ 79.736650273000066, 8.235299893000047 ], [ 79.736651862000031, 8.235270911000043 ], [ 79.736651352000081, 8.235230388000048 ], [ 79.736648856000045, 8.235200464000059 ], [ 79.736643834000063, 8.235174749000066 ], [ 79.736636098000076, 8.235152898000024 ], [ 79.736627886000065, 8.235137804000033 ], [ 79.736616265000066, 8.235121328000048 ], [ 79.736571143000049, 8.235068820000038 ], [ 79.736541273000057, 8.235042899000064 ], [ 79.736461336000048, 8.234982567000031 ], [ 79.73644100100006, 8.234963832000062 ], [ 79.73642486500006, 8.234945382000035 ], [ 79.73640647600007, 8.234916407000071 ], [ 79.736388378000072, 8.234878834000028 ], [ 79.736373141000058, 8.234837665000043 ], [ 79.736361885000065, 8.234796416000052 ], [ 79.73635497500004, 8.23474864800005 ], [ 79.736353113000064, 8.234693458000038 ], [ 79.736355996000043, 8.234626522000042 ], [ 79.73636455500008, 8.234521436000023 ], [ 79.736371236000082, 8.234476296000025 ], [ 79.736380345000043, 8.234437451000076 ], [ 79.736398241000074, 8.234381248000034 ], [ 79.736404991000029, 8.234366327000032 ], [ 79.73641255900003, 8.234354426000039 ], [ 79.736424781000039, 8.234341503000053 ], [ 79.736440988000084, 8.234329307000053 ], [ 79.736461170000041, 8.234317854000039 ], [ 79.736485256000037, 8.234307175000026 ], [ 79.736505493000038, 8.234300627000039 ], [ 79.736527232000071, 8.234295961000043 ], [ 79.736549928000045, 8.234293292000075 ], [ 79.736572873000057, 8.234292706000076 ], [ 79.736610160000055, 8.234296212000061 ], [ 79.736640350000073, 8.23430428000006 ], [ 79.736658500000033, 8.23431503300003 ], [ 79.736697553000056, 8.23434596200002 ], [ 79.736717415000044, 8.234355981000022 ], [ 79.736734525000031, 8.234360010000046 ], [ 79.736755303000052, 8.234362654000051 ], [ 79.736772733000066, 8.234363564000034 ], [ 79.736787900000081, 8.234362138000051 ], [ 79.736811872000033, 8.234355317000052 ], [ 79.736837727000079, 8.234342584000046 ], [ 79.736861961000045, 8.234326944000031 ], [ 79.73692085700003, 8.234284654000021 ], [ 79.736952446000032, 8.234266311000056 ], [ 79.736982519000037, 8.234255466000036 ], [ 79.737019889000067, 8.234250685000063 ], [ 79.737034230000063, 8.234251248000021 ], [ 79.737044130000072, 8.234256616000039 ], [ 79.737054001000047, 8.23426844100004 ], [ 79.737071344000071, 8.234296076000021 ], [ 79.737080826000067, 8.23432256500007 ], [ 79.737086312000031, 8.234354881000058 ], [ 79.737088172000085, 8.234386058000041 ], [ 79.737089686000047, 8.234476940000036 ], [ 79.73708558800007, 8.234531718000028 ], [ 79.737069038000072, 8.234641533000058 ], [ 79.737064081000085, 8.234687920000056 ], [ 79.737059253000041, 8.234808507000025 ], [ 79.737060823000036, 8.234897940000053 ], [ 79.737064984000085, 8.234946247000039 ], [ 79.737072076000061, 8.234986961000061 ], [ 79.73708225200005, 8.235027993000074 ], [ 79.737110058000042, 8.235125909000033 ], [ 79.737121068000079, 8.235176013000057 ], [ 79.737129460000062, 8.235253710000052 ], [ 79.737130011000033, 8.235274677000064 ], [ 79.737128631000076, 8.235292562000041 ], [ 79.73712497300005, 8.23531157900004 ], [ 79.737118981000037, 8.235332217000064 ], [ 79.737098493000076, 8.235383034000051 ], [ 79.737076773000069, 8.235423039000068 ], [ 79.73704575000005, 8.235469412000043 ], [ 79.737011462000055, 8.235513036000043 ], [ 79.736974327000041, 8.235552727000027 ], [ 79.736952964000068, 8.235570028000041 ], [ 79.736899392000055, 8.235606823000069 ], [ 79.736876481000081, 8.235627431000069 ], [ 79.736863493000044, 8.235644228000069 ], [ 79.736849803000041, 8.235665863000065 ], [ 79.736840138000048, 8.235685026000056 ], [ 79.736833605000072, 8.235702910000043 ], [ 79.736829644000068, 8.235723652000047 ], [ 79.736828459000037, 8.235748370000067 ], [ 79.736831678000044, 8.235818067000025 ], [ 79.736834289000058, 8.235843018000025 ], [ 79.736844578000046, 8.235892647000071 ], [ 79.736876799000072, 8.236007849000032 ], [ 79.736882699000034, 8.236037356000054 ], [ 79.736885919000031, 8.236064131000035 ], [ 79.736886575000085, 8.236089701000026 ], [ 79.73688349400004, 8.236154469000041 ], [ 79.736878932000081, 8.236182595000059 ], [ 79.736871373000042, 8.236205840000025 ], [ 79.736863441000082, 8.236221188000059 ], [ 79.736852070000054, 8.236238239000045 ], [ 79.736817056000064, 8.236284126000044 ], [ 79.736799004000034, 8.236305385000037 ], [ 79.736764644000061, 8.236340190000021 ], [ 79.736680336000063, 8.236417696000046 ], [ 79.736643094000044, 8.236457727000072 ], [ 79.73662592900007, 8.236480269000026 ], [ 79.736595185000056, 8.23652652800007 ], [ 79.736586867000085, 8.236542006000036 ], [ 79.736582301000055, 8.236555838000072 ], [ 79.736580620000041, 8.236570287000063 ], [ 79.736581167000054, 8.236586932000023 ], [ 79.736584206000032, 8.236607382000045 ], [ 79.736588883000081, 8.236626391000073 ], [ 79.736601110000038, 8.236654790000046 ], [ 79.736632218000068, 8.236710205000065 ], [ 79.736658839000029, 8.236751049000077 ], [ 79.736694158000034, 8.236799065000071 ], [ 79.736713566000049, 8.236820519000048 ], [ 79.736772168000073, 8.236878062000073 ], [ 79.736787457000048, 8.23689715200004 ], [ 79.736798427000053, 8.236915577000048 ], [ 79.73680900200003, 8.236942759000044 ], [ 79.736816615000066, 8.236973899000077 ], [ 79.736821165000038, 8.237008609000043 ], [ 79.736822605000043, 8.237046492000047 ], [ 79.736820229000045, 8.237093990000062 ], [ 79.736812980000082, 8.237135003000049 ], [ 79.736797068000044, 8.237189801000056 ], [ 79.736773024000058, 8.237256220000063 ], [ 79.736757217000047, 8.237287626000068 ], [ 79.736736715000063, 8.23732145200006 ], [ 79.736659546000055, 8.237430455000037 ], [ 79.736632771000075, 8.237471792000065 ], [ 79.736610374000065, 8.237514329000021 ], [ 79.736595333000082, 8.237554664000072 ], [ 79.736579684000048, 8.237622760000022 ], [ 79.736574791000066, 8.237655246000031 ], [ 79.736572374000048, 8.237683151000056 ], [ 79.736572076000073, 8.23773839200004 ], [ 79.736578021000071, 8.237885320000032 ], [ 79.736589267000056, 8.238012309000055 ], [ 79.736607114000037, 8.238140963000035 ], [ 79.736639018000062, 8.238316156000053 ], [ 79.736649568000075, 8.238359526000067 ], [ 79.736661568000045, 8.238396713000043 ], [ 79.736686207000048, 8.238452808000034 ], [ 79.736732759000063, 8.23854131500002 ], [ 79.736765370000057, 8.238592944000061 ], [ 79.736855375000061, 8.238724336000075 ], [ 79.736879256000066, 8.238764045000039 ], [ 79.736898296000049, 8.238800856000069 ], [ 79.736915815000032, 8.238842935000037 ], [ 79.736931291000076, 8.238890950000041 ], [ 79.736944658000084, 8.238943177000067 ], [ 79.736978498000042, 8.239093484000023 ], [ 79.736991622000062, 8.239139160000036 ], [ 79.737005933000034, 8.239179076000028 ], [ 79.737020341000061, 8.239211065000063 ], [ 79.737039278000054, 8.239245286000028 ], [ 79.737109411000063, 8.239352385000075 ], [ 79.737132476000056, 8.239390659000037 ], [ 79.737151113000039, 8.239428045000068 ], [ 79.737164060000055, 8.239463225000065 ], [ 79.737171666000052, 8.23949499500003 ], [ 79.737177812000084, 8.239533427000026 ], [ 79.737182828000073, 8.239583113000037 ], [ 79.73718543800004, 8.239629275000027 ], [ 79.737182637000046, 8.239692381000054 ], [ 79.737167095000075, 8.239820993000023 ], [ 79.737162994000073, 8.239875752000046 ], [ 79.737164723000035, 8.239978192000024 ], [ 79.737167213000077, 8.240007199000047 ], [ 79.737171437000029, 8.240032174000021 ], [ 79.737178810000046, 8.240059161000033 ], [ 79.737189369000077, 8.240088162000063 ], [ 79.737204589000044, 8.240122418000055 ], [ 79.737219720000041, 8.240151490000073 ], [ 79.737246135000078, 8.240189027000042 ], [ 79.737307017000035, 8.240259541000057 ], [ 79.737330800000052, 8.240290471000037 ], [ 79.737366068000085, 8.240349560000027 ], [ 79.737383856000065, 8.240388719000066 ], [ 79.737389781000047, 8.240409010000064 ], [ 79.737394588000029, 8.240432916000032 ], [ 79.737405212000056, 8.240516633000027 ], [ 79.737405918000036, 8.240563889000043 ], [ 79.737401180000063, 8.240686074000052 ], [ 79.737402723000059, 8.240720949000035 ], [ 79.73740691200004, 8.240751740000064 ], [ 79.737418966000064, 8.24079633100007 ], [ 79.737438047000069, 8.240846722000072 ], [ 79.73746224100006, 8.240897500000074 ], [ 79.737489749000076, 8.24094524000003 ], [ 79.737525957000059, 8.240995550000036 ], [ 79.737571464000041, 8.241047954000067 ], [ 79.737632578000046, 8.241108992000022 ], [ 79.737701342000037, 8.241171095000027 ], [ 79.737755791000041, 8.241214600000035 ], [ 79.737808390000055, 8.241251012000021 ], [ 79.737856521000083, 8.241279102000021 ], [ 79.737918810000053, 8.241309532000059 ], [ 79.737945506000074, 8.241319220000037 ], [ 79.737974547000078, 8.241326398000069 ], [ 79.738033461000043, 8.241336614000033 ], [ 79.738070948000029, 8.24134050300006 ], [ 79.738138468000045, 8.24134134600007 ], [ 79.738261354000031, 8.241334742000049 ], [ 79.738308600000039, 8.241333548000057 ], [ 79.738356065000062, 8.241335303000028 ], [ 79.738398174000054, 8.241340642000068 ], [ 79.738475146000042, 8.241358841000022 ], [ 79.738552756000047, 8.241383658000075 ], [ 79.738628041000084, 8.241414160000033 ], [ 79.738699367000038, 8.241449651000039 ], [ 79.738739912000085, 8.241473124000038 ], [ 79.738781111000037, 8.241499389000069 ], [ 79.738816604000078, 8.241524010000035 ], [ 79.738845391000041, 8.241546924000033 ], [ 79.738896900000043, 8.241595284000027 ], [ 79.738986384000043, 8.241690395000035 ], [ 79.739022555000076, 8.241726744000061 ], [ 79.739059256000075, 8.241759543000057 ], [ 79.739104212000029, 8.241794307000021 ], [ 79.739185199000076, 8.241850852000027 ], [ 79.739443637000079, 8.242021338000029 ], [ 79.739538764000031, 8.242081603000031 ], [ 79.73962201900008, 8.242130814000063 ], [ 79.73969227200007, 8.242168884000023 ], [ 79.739759509000066, 8.242201806000025 ], [ 79.739821426000049, 8.242228735000026 ], [ 79.739896232000035, 8.242257488000064 ], [ 79.739950462000081, 8.242276042000071 ], [ 79.739988870000047, 8.242286737000029 ], [ 79.740142932000083, 8.242317533000062 ], [ 79.74020283200008, 8.242332931000021 ], [ 79.740280369000061, 8.242358627000044 ], [ 79.740327072000071, 8.242376045000071 ], [ 79.740368333000049, 8.242394625000031 ], [ 79.740403608000065, 8.24241451100005 ], [ 79.740438983000047, 8.242438269000047 ], [ 79.740463541000054, 8.242457114000047 ], [ 79.740483079000057, 8.242475418000026 ], [ 79.740499340000042, 8.242495025000039 ], [ 79.740514500000074, 8.242518253000071 ], [ 79.740528442000084, 8.242544978000069 ], [ 79.74056381500003, 8.24263271600006 ], [ 79.74056723800004, 8.242644709000047 ], [ 79.740567815000077, 8.242654565000066 ], [ 79.740565709000066, 8.242662606000067 ], [ 79.740560396000035, 8.242670519000058 ], [ 79.740548114000035, 8.242682811000066 ], [ 79.740539041000034, 8.242688489000045 ], [ 79.740528094000069, 8.242690961000051 ], [ 79.740516053000079, 8.242689462000044 ], [ 79.740500584000074, 8.242682801000058 ], [ 79.740482696000072, 8.242670556000064 ], [ 79.740410027000053, 8.242604570000026 ], [ 79.740377795000029, 8.242581065000024 ], [ 79.740360314000043, 8.242572886000062 ], [ 79.740319756000076, 8.242560728000058 ], [ 79.74029986100004, 8.242556422000064 ], [ 79.740283420000083, 8.242555433000064 ], [ 79.740269253000065, 8.24255762100006 ], [ 79.740254168000035, 8.242563584000038 ], [ 79.740203921000045, 8.242595001000041 ], [ 79.74017886300004, 8.24261688100006 ], [ 79.74012416000005, 8.24267353700003 ], [ 79.740109204000078, 8.24268634200007 ], [ 79.740094792000036, 8.242696393000074 ], [ 79.740075493000063, 8.242706316000067 ], [ 79.740048458000047, 8.242717128000038 ], [ 79.740023826000083, 8.24272469400006 ], [ 79.740000136000049, 8.242729730000065 ], [ 79.739978618000066, 8.242731994000053 ], [ 79.739954729000033, 8.242731632000073 ], [ 79.739869787000032, 8.24272146900006 ], [ 79.739825089000078, 8.242711848000056 ], [ 79.739723414000082, 8.242684309000026 ], [ 79.739675421000072, 8.242675294000037 ], [ 79.739600228000029, 8.242670503000056 ], [ 79.739577012000041, 8.24267089500006 ], [ 79.739557109000032, 8.242673081000021 ], [ 79.739530332000072, 8.242679987000031 ], [ 79.739501869000037, 8.242692102000035 ], [ 79.739471313000081, 8.242709517000037 ], [ 79.739434980000055, 8.242734325000072 ], [ 79.739403063000054, 8.242758792000075 ], [ 79.73937413200008, 8.242784644000039 ], [ 79.739348414000062, 8.242811670000037 ], [ 79.739326325000036, 8.242839450000076 ], [ 79.73931138100005, 8.242862043000059 ], [ 79.739297469000064, 8.242886911000028 ], [ 79.739284934000068, 8.242913459000022 ], [ 79.739274192000039, 8.242940791000024 ], [ 79.739261946000056, 8.242985911000062 ], [ 79.739247323000029, 8.243066554000052 ], [ 79.739237932000037, 8.243141635000029 ], [ 79.739233142000046, 8.243221118000065 ], [ 79.73923293100006, 8.243305279000026 ], [ 79.739237296000056, 8.243394730000034 ], [ 79.739244586000041, 8.243471851000038 ], [ 79.739255645000071, 8.243548888000021 ], [ 79.739270483000041, 8.243625937000047 ], [ 79.739288971000065, 8.243702275000032 ], [ 79.739312754000082, 8.243784042000073 ], [ 79.739330341000084, 8.243833152000036 ], [ 79.73934605200003, 8.243862867000075 ], [ 79.739388326000039, 8.243929435000041 ], [ 79.739403936000031, 8.243962736000071 ], [ 79.739408925000077, 8.243980280000073 ], [ 79.739416492000032, 8.244021777000057 ], [ 79.739417028000048, 8.244040480000024 ], [ 79.739414054000065, 8.244055625000044 ], [ 79.739408389000062, 8.244067469000072 ], [ 79.739399291000041, 8.244080084000075 ], [ 79.739359468000032, 8.244121542000073 ], [ 79.739331065000044, 8.244145676000073 ], [ 79.739294728000061, 8.244170659000076 ], [ 79.739216906000081, 8.244217665000065 ], [ 79.739181124000083, 8.244236754000042 ], [ 79.739135795000038, 8.244257413000071 ], [ 79.739024830000062, 8.24430357600005 ], [ 79.738970119000044, 8.244330349000052 ], [ 79.738944104000041, 8.244345640000063 ], [ 79.73889557900003, 8.244377419000045 ], [ 79.738863510000044, 8.244400369000061 ], [ 79.73883567300004, 8.244422438000072 ], [ 79.738803847000042, 8.244451462000029 ], [ 79.738770645000045, 8.244486306000056 ], [ 79.738676651000048, 8.244599250000022 ], [ 79.738607418000072, 8.24469044500006 ], [ 79.738538959000039, 8.244791082000063 ], [ 79.738498356000036, 8.244855765000068 ], [ 79.738439394000068, 8.244954229000029 ], [ 79.738411690000078, 8.245003316000066 ], [ 79.738389808000079, 8.245046144000071 ], [ 79.738371079000046, 8.245088382000063 ], [ 79.738351996000063, 8.245139478000056 ], [ 79.738335714000073, 8.245191025000054 ], [ 79.738321828000039, 8.245243909000067 ], [ 79.73830999300003, 8.245300525000061 ], [ 79.738301639000042, 8.245357191000039 ], [ 79.738295872000037, 8.245419729000048 ], [ 79.738292674000036, 8.245489173000067 ], [ 79.738292012000045, 8.245562150000069 ], [ 79.738294292000035, 8.245631678000052 ], [ 79.73829958500005, 8.245700374000023 ], [ 79.738307857000052, 8.245767241000067 ], [ 79.738320589000068, 8.245839470000021 ], [ 79.738337897000065, 8.245913937000068 ], [ 79.738361087000044, 8.245994941000049 ], [ 79.738384498000073, 8.246063016000051 ], [ 79.738404598000045, 8.246109475000026 ], [ 79.738429815000075, 8.246159779000038 ], [ 79.738536631000045, 8.24634663300003 ], [ 79.738577710000072, 8.246426944000063 ], [ 79.738595100000055, 8.246467435000056 ], [ 79.738636453000083, 8.246575045000043 ], [ 79.738653071000044, 8.246625794000067 ], [ 79.73866470300004, 8.246671135000042 ], [ 79.738673891000076, 8.246725084000047 ], [ 79.738679750000074, 8.246786973000042 ], [ 79.738683031000051, 8.246865354000022 ], [ 79.73868501700008, 8.246984304000023 ], [ 79.738683046000062, 8.247038236000037 ], [ 79.738678823000043, 8.247098035000022 ], [ 79.738656062000075, 8.247317810000027 ], [ 79.738649035000037, 8.247408433000032 ], [ 79.738644498000042, 8.247581080000032 ], [ 79.73864517800007, 8.247625983000034 ], [ 79.738647780000065, 8.247665156000039 ], [ 79.738655638000068, 8.247730812000043 ], [ 79.73866416900006, 8.247781068000052 ], [ 79.738674930000059, 8.247825055000021 ], [ 79.738688270000068, 8.247863770000038 ], [ 79.738708594000059, 8.247907514000076 ], [ 79.738734158000057, 8.247951510000064 ], [ 79.73876498900006, 8.247995526000068 ], [ 79.738796852000064, 8.248033577000058 ], [ 79.738830997000036, 8.248067325000022 ], [ 79.738870309000049, 8.248100398000076 ], [ 79.738914956000031, 8.248132946000055 ], [ 79.738965452000059, 8.248165344000029 ], [ 79.739031498000031, 8.248203544000035 ], [ 79.73907986100005, 8.248228032000043 ], [ 79.739124332000074, 8.24824578700003 ], [ 79.739165697000033, 8.248256868000055 ], [ 79.739190491000045, 8.248260662000064 ], [ 79.73921910100006, 8.248263007000048 ], [ 79.739296158000059, 8.248263949000034 ], [ 79.739346745000034, 8.248259382000072 ], [ 79.739453384000058, 8.248243567000031 ], [ 79.739499740000042, 8.248238447000062 ], [ 79.739631951000035, 8.248230869000054 ], [ 79.739738489000047, 8.248229602000038 ], [ 79.739851479000038, 8.248234660000037 ], [ 79.739902268000037, 8.24823972300004 ], [ 79.739961533000042, 8.248253181000052 ], [ 79.739988346000075, 8.248261821000028 ], [ 79.740012535000062, 8.248271525000064 ], [ 79.74004104200003, 8.248286484000062 ], [ 79.740071085000068, 8.248307044000057 ], [ 79.740103071000078, 8.248332961000074 ], [ 79.740160324000044, 8.248383123000053 ], [ 79.740183914000056, 8.24840731300003 ], [ 79.740208446000054, 8.248435678000021 ], [ 79.740299218000075, 8.248554094000042 ], [ 79.740340680000031, 8.248602467000069 ], [ 79.740368273000058, 8.248629513000026 ], [ 79.74040909200005, 8.248664064000025 ], [ 79.740433660000065, 8.248682505000033 ], [ 79.740454678000049, 8.248694900000032 ], [ 79.740482763000045, 8.248706210000023 ], [ 79.740515921000053, 8.248714530000029 ], [ 79.740549752000049, 8.248719737000044 ], [ 79.740638368000077, 8.248729621000052 ], [ 79.740685348000056, 8.248739431000047 ], [ 79.74074922300008, 8.248762034000038 ], [ 79.740890970000066, 8.248824687000024 ], [ 79.740955438000071, 8.24884888400004 ], [ 79.740987047000033, 8.24885794000005 ], [ 79.74102227000003, 8.248865846000058 ], [ 79.741164363000053, 8.248889163000058 ], [ 79.741224529000078, 8.248902417000068 ], [ 79.741358319000085, 8.248943784000062 ], [ 79.741395322000074, 8.248959236000076 ], [ 79.741425941000045, 8.248976260000063 ], [ 79.741442182000071, 8.248987809000027 ], [ 79.741458216000069, 8.249001534000058 ], [ 79.741490741000064, 8.24903521300007 ], [ 79.741512982000074, 8.249066638000045 ], [ 79.741531283000029, 8.24910290400004 ], [ 79.741543275000083, 8.249138606000031 ], [ 79.741549120000059, 8.24917292400005 ], [ 79.741549804000044, 8.249218237000036 ], [ 79.741545429000041, 8.249262900000076 ], [ 79.741537308000034, 8.249302054000054 ], [ 79.741517334000036, 8.249377459000073 ], [ 79.741508901000032, 8.249403479000023 ], [ 79.741499694000083, 8.249424137000062 ], [ 79.741485237000063, 8.249445815000058 ], [ 79.741461878000052, 8.249468770000021 ], [ 79.74144228800003, 8.249482156000056 ], [ 79.741435241000033, 8.249484099000028 ], [ 79.741428842000062, 8.249483395000027 ], [ 79.74142217900004, 8.24947925500004 ], [ 79.741416267000034, 8.249471499000038 ], [ 79.741411025000048, 8.249460030000023 ], [ 79.741406328000039, 8.249444577000077 ], [ 79.741399615000034, 8.249410792000049 ], [ 79.741385115000071, 8.249313655000037 ], [ 79.741374266000037, 8.249268809000057 ], [ 79.741368180000052, 8.249253246000023 ], [ 79.741350841000042, 8.24921839600006 ], [ 79.74132805000005, 8.249179909000077 ], [ 79.741311481000082, 8.24915859500004 ], [ 79.741291888000035, 8.249137680000047 ], [ 79.741269172000045, 8.249117059000071 ], [ 79.741243095000073, 8.24909651300004 ], [ 79.741208526000037, 8.249072623000075 ], [ 79.741164925000078, 8.249045672000022 ], [ 79.741129554000054, 8.249025603000064 ], [ 79.741099285000075, 8.249010815000076 ], [ 79.741058770000052, 8.248996109000075 ], [ 79.741021199000045, 8.248989228000028 ], [ 79.740996108000047, 8.248987631000034 ], [ 79.740972100000079, 8.248987900000031 ], [ 79.740949839000052, 8.248990024000022 ], [ 79.740929655000059, 8.248993969000026 ], [ 79.740907121000077, 8.24900195400005 ], [ 79.740886767000063, 8.249015642000074 ], [ 79.740868979000084, 8.24903271200003 ], [ 79.740829461000033, 8.249076724000076 ], [ 79.740809080000076, 8.249094809000042 ], [ 79.74078634600005, 8.249108525000054 ], [ 79.740755403000037, 8.249123305000069 ], [ 79.740731873000072, 8.249132331000055 ], [ 79.740704358000073, 8.249140752000073 ], [ 79.740680116000078, 8.249146579000069 ], [ 79.740658129000053, 8.249150069000052 ], [ 79.740638640000043, 8.24915130200003 ], [ 79.740619527000035, 8.24915048500003 ], [ 79.74059830200008, 8.249147683000047 ], [ 79.74057837600003, 8.249143126000035 ], [ 79.740552355000034, 8.249133259000075 ], [ 79.740529287000072, 8.249117854000076 ], [ 79.740457307000042, 8.249051036000026 ], [ 79.740427612000076, 8.249021006000021 ], [ 79.740398841000058, 8.248988696000026 ], [ 79.740368234000073, 8.248951251000051 ], [ 79.740271308000047, 8.24882281400005 ], [ 79.740234531000056, 8.248776253000074 ], [ 79.74019639100004, 8.248732395000047 ], [ 79.74015957000006, 8.248695275000046 ], [ 79.740078342000061, 8.248624420000056 ], [ 79.740021499000079, 8.248580100000027 ], [ 79.739972787000056, 8.248548593000066 ], [ 79.739904011000078, 8.248512581000057 ], [ 79.739871749000031, 8.248498772000062 ], [ 79.739841357000046, 8.24848815200005 ], [ 79.739816819000055, 8.248481792000064 ], [ 79.739791055000069, 8.24847795200003 ], [ 79.739765314000067, 8.248476453000023 ], [ 79.739736631000085, 8.248476835000076 ], [ 79.739607260000071, 8.248488103000057 ], [ 79.739576699000054, 8.248489172000063 ], [ 79.739549578000037, 8.248488345000055 ], [ 79.739476514000046, 8.248479142000065 ], [ 79.739322069000082, 8.24844895800004 ], [ 79.739240043000052, 8.248436923000042 ], [ 79.739132532000042, 8.248417929000027 ], [ 79.739103171000068, 8.248415564000027 ], [ 79.739077129000066, 8.248416043000077 ], [ 79.739053468000066, 8.248419373000047 ], [ 79.739031408000073, 8.248425679000036 ], [ 79.738991380000073, 8.24844283300007 ], [ 79.738975583000069, 8.248452281000027 ], [ 79.738961474000064, 8.248462989000075 ], [ 79.738946537000061, 8.248476962000041 ], [ 79.73893135000003, 8.248493891000066 ], [ 79.738900399000045, 8.248536323000053 ], [ 79.73888794700008, 8.248558004000074 ], [ 79.738877223000031, 8.248580373000038 ], [ 79.738868271000058, 8.248603396000021 ], [ 79.738860935000048, 8.248627339000052 ], [ 79.738855373000035, 8.248652110000023 ], [ 79.738852493000081, 8.248673376000056 ], [ 79.738852092000059, 8.248675902000059 ], [ 79.738852060000056, 8.248692251000023 ], [ 79.738854340000046, 8.248709119000068 ], [ 79.73886397900003, 8.248739023000041 ], [ 79.738881220000053, 8.248771051000062 ], [ 79.738904246000061, 8.248803628000076 ], [ 79.738977267000053, 8.248896157000047 ], [ 79.738996071000031, 8.248925941000039 ], [ 79.739009085000077, 8.248953552000046 ], [ 79.739020248000031, 8.24898797700007 ], [ 79.739030699000068, 8.249027671000022 ], [ 79.73905013600006, 8.249126027000045 ], [ 79.739060535000078, 8.249198233000072 ], [ 79.739068176000046, 8.249321103000057 ], [ 79.739073101000031, 8.249369251000076 ], [ 79.739082460000077, 8.249418395000021 ], [ 79.739098390000038, 8.249474300000031 ], [ 79.739122695000049, 8.249540001000071 ], [ 79.739155655000047, 8.249614211000051 ], [ 79.739237191000029, 8.249778819000028 ], [ 79.739312120000079, 8.249942259000022 ], [ 79.739336113000036, 8.249987718000057 ], [ 79.73935978600008, 8.250026345000038 ], [ 79.739387951000083, 8.250064489000067 ], [ 79.739417728000035, 8.250096689000031 ], [ 79.739451631000065, 8.250125402000037 ], [ 79.739492422000069, 8.250153259000058 ], [ 79.739539201000071, 8.250180040000032 ], [ 79.739600311000061, 8.250210762000052 ], [ 79.739732364000076, 8.25027374900003 ], [ 79.739814118000083, 8.250308504000031 ], [ 79.739888718000032, 8.250333913000077 ], [ 79.739923761000057, 8.25034312300005 ], [ 79.739957540000034, 8.250350075000028 ], [ 79.740004489000057, 8.250355349000074 ], [ 79.740099213000065, 8.250358754000047 ], [ 79.740138676000072, 8.250361870000063 ], [ 79.740203049000058, 8.250372294000044 ], [ 79.740269399000056, 8.25038664300007 ], [ 79.740333501000066, 8.250403987000027 ], [ 79.740395897000042, 8.250424385000031 ], [ 79.740440249000073, 8.250441181000042 ], [ 79.740558410000062, 8.250489650000077 ], [ 79.740581416000055, 8.250501263000046 ], [ 79.74060105600006, 8.250513142000045 ], [ 79.740610309000033, 8.250519999000062 ], [ 79.740617994000047, 8.250525694000032 ], [ 79.740632454000036, 8.250539093000043 ], [ 79.74065089100003, 8.250563973000055 ], [ 79.740682172000049, 8.250624066000057 ], [ 79.74069778900008, 8.250647886000024 ], [ 79.740729649000059, 8.250680632000069 ], [ 79.740769039000043, 8.250710923000042 ], [ 79.740795913000056, 8.250727619000031 ], [ 79.740825032000032, 8.250743096000065 ], [ 79.740856174000044, 8.250757234000048 ], [ 79.740889005000042, 8.250769881000053 ], [ 79.740924628000073, 8.250781320000044 ], [ 79.740960908000034, 8.250790727000037 ], [ 79.740988639000079, 8.250795827000047 ], [ 79.741018808000035, 8.250799151000024 ], [ 79.741058534000047, 8.250800887000025 ], [ 79.741105386000072, 8.250800338000033 ], [ 79.741196077000041, 8.250796146000027 ], [ 79.741251760000068, 8.250791666000055 ], [ 79.741308530000083, 8.250784837000026 ], [ 79.74136737300006, 8.250775597000029 ], [ 79.741424583000082, 8.250764669000034 ], [ 79.741469606000067, 8.250753666000037 ], [ 79.741529195000055, 8.250735349000024 ], [ 79.741594397000085, 8.250711314000057 ], [ 79.741825, 8.250612430000047 ], [ 79.74191933700007, 8.250576193000029 ], [ 79.742178585000033, 8.250487951000025 ], [ 79.742304852000075, 8.250447063000024 ], [ 79.742429639000079, 8.25041075300004 ], [ 79.742542528000058, 8.250383028000044 ], [ 79.742613193000068, 8.250368783000056 ], [ 79.742681279000067, 8.25035768500004 ], [ 79.74299194200006, 8.250318908000054 ], [ 79.74304679200003, 8.250315195000042 ], [ 79.743095554000035, 8.250314820000028 ], [ 79.743139914000039, 8.250317773000063 ], [ 79.74318050200003, 8.250324110000065 ], [ 79.743212035000056, 8.250332102000073 ], [ 79.743241391000083, 8.250342574000058 ], [ 79.743267744000036, 8.250355087000059 ], [ 79.74329334600003, 8.250370850000024 ], [ 79.743336199000055, 8.250404369000023 ], [ 79.743411821000052, 8.250473682000063 ], [ 79.743442291000065, 8.250499742000045 ], [ 79.743513637000035, 8.250554574000034 ], [ 79.743548229000055, 8.250575957000024 ], [ 79.743550777000053, 8.250577532000023 ], [ 79.743577413000082, 8.250587883000037 ], [ 79.743608517000041, 8.250594700000022 ], [ 79.743644651000068, 8.250598355000022 ], [ 79.743721614000037, 8.250600991000056 ], [ 79.74375423500004, 8.250603464000051 ], [ 79.743787354000062, 8.250609092000047 ], [ 79.743815793000067, 8.250618133000046 ], [ 79.743845632000045, 8.250631952000049 ], [ 79.743877457000053, 8.250650570000062 ], [ 79.743987741000069, 8.25072900300006 ], [ 79.744034100000079, 8.250757574000033 ], [ 79.744121202000031, 8.250802670000041 ], [ 79.744177676000049, 8.250829606000025 ], [ 79.744230059000074, 8.250851068000031 ], [ 79.744278112000075, 8.250866608000024 ], [ 79.744331998000064, 8.250878097000054 ], [ 79.744375735000062, 8.250881009000068 ], [ 79.744420994000052, 8.250878469000043 ], [ 79.744527022000057, 8.250866371000029 ], [ 79.744577247000052, 8.250865156000032 ], [ 79.744654328000081, 8.250873102000071 ], [ 79.744724030000043, 8.250885862000075 ], [ 79.744777874000079, 8.250900793000028 ], [ 79.744826144000058, 8.250919905000046 ], [ 79.744949228000053, 8.250981033000073 ], [ 79.745048539000038, 8.25103837100005 ], [ 79.745078354000043, 8.25105086800005 ], [ 79.745105384000055, 8.251057470000035 ], [ 79.745133836000036, 8.251058042000068 ], [ 79.745165675000067, 8.251052253000069 ], [ 79.745201870000074, 8.251040165000063 ], [ 79.745278556000073, 8.251007573000038 ], [ 79.745311715000071, 8.250995400000022 ], [ 79.745346347000066, 8.250987054000063 ], [ 79.745377004000034, 8.250985380000031 ], [ 79.745406738000042, 8.250989480000044 ], [ 79.745439282000063, 8.250998775000028 ], [ 79.745472621000033, 8.251011979000054 ], [ 79.745565672000055, 8.25105374900005 ], [ 79.74559468700005, 8.251063916000021 ], [ 79.745621053000036, 8.251070413000036 ], [ 79.745648913000082, 8.251074281000058 ], [ 79.745680305000064, 8.251076191000038 ], [ 79.745795352000073, 8.251074821000032 ], [ 79.74584191200006, 8.251076825000041 ], [ 79.74596252200007, 8.251091652000071 ], [ 79.745999814000072, 8.251099100000033 ], [ 79.746031903000073, 8.251108308000028 ], [ 79.746053671000084, 8.251116728000056 ], [ 79.746073315000046, 8.251126430000056 ], [ 79.74609106500003, 8.251137634000031 ], [ 79.746109146000038, 8.251151572000026 ], [ 79.746138439000049, 8.251178830000072 ], [ 79.746200792000081, 8.251244088000021 ], [ 79.746282792000045, 8.251322611000035 ], [ 79.746309527000051, 8.251345398000069 ], [ 79.746334189000038, 8.251361570000029 ], [ 79.746351504000074, 8.251369812000064 ], [ 79.746371915000054, 8.251376986000025 ], [ 79.746441473000061, 8.251394195000046 ], [ 79.746468162000042, 8.251397120000036 ], [ 79.746546030000047, 8.251399281000033 ], [ 79.746565801000031, 8.251403112000048 ], [ 79.746579835000034, 8.25140966500004 ], [ 79.746587728000065, 8.25141756000005 ], [ 79.746591993000038, 8.251427593000074 ], [ 79.746592651000071, 8.251438384000039 ], [ 79.746590332000039, 8.251473246000046 ], [ 79.746591893000073, 8.251481930000068 ], [ 79.746596517000057, 8.251492514000063 ], [ 79.746605754000029, 8.251505942000051 ], [ 79.74661866100007, 8.251519321000046 ], [ 79.74663496900007, 8.251532343000065 ], [ 79.74665368400008, 8.251544212000056 ], [ 79.746669381000061, 8.251550919000067 ], [ 79.746688541000083, 8.251554861000045 ], [ 79.746753568000031, 8.251557172000048 ], [ 79.746774739000045, 8.251559402000055 ], [ 79.746823435000067, 8.251569470000049 ], [ 79.746871837000072, 8.251581915000031 ], [ 79.746880676000046, 8.25164865000005 ], [ 79.746572021000077, 8.251895943000022 ], [ 79.746329122000077, 8.252058534000071 ], [ 79.745955201000072, 8.252201203000027 ], [ 79.745719106000081, 8.252265884000053 ], [ 79.745633609000038, 8.252383179000049 ], [ 79.745626583000046, 8.252565958000048 ], [ 79.745757081000079, 8.252788262000024 ], [ 79.745867564000037, 8.253147612000021 ], [ 79.745952153000076, 8.253382855000041 ], [ 79.746082870000066, 8.253520288000061 ], [ 79.746218376000058, 8.253532136000047 ], [ 79.746434229000045, 8.253521477000049 ], [ 79.746597228000041, 8.253453543000035 ], [ 79.74669259500007, 8.253426300000058 ], [ 79.746709430000067, 8.253424585000062 ], [ 79.746762680000074, 8.253419157000053 ], [ 79.74684435000006, 8.253424610000025 ], [ 79.746994191000056, 8.253460706000055 ], [ 79.747177089000047, 8.253607958000032 ], [ 79.747307975000069, 8.253680107000037 ], [ 79.747511152000072, 8.253674097000044 ], [ 79.747732008000071, 8.253656816000046 ], [ 79.747877915000061, 8.253766433000067 ], [ 79.748041534000038, 8.253851723000025 ], [ 79.748281216000066, 8.253836945000046 ], [ 79.748468990000049, 8.253915651000057 ], [ 79.748460739000052, 8.253949785000032 ], [ 79.748444149000079, 8.25401841200005 ], [ 79.748345733000065, 8.254062228000066 ], [ 79.748311201000035, 8.254111103000071 ], [ 79.748360264000041, 8.254145503000075 ], [ 79.748502866000081, 8.254121387000055 ], [ 79.748655237000037, 8.254121775000044 ], [ 79.748714858000085, 8.254063865000035 ], [ 79.748732364000034, 8.254046862000052 ], [ 79.74900844900003, 8.254023795000023 ], [ 79.749210623000067, 8.254132985000069 ], [ 79.749228612000081, 8.254151909000029 ], [ 79.749597876000053, 8.254540373000054 ], [ 79.749735400000077, 8.254579895000063 ], [ 79.749819144000071, 8.254608869000037 ], [ 79.750177374000032, 8.254732810000064 ], [ 79.750219308000055, 8.254786003000049 ], [ 79.750324351000074, 8.254919248000022 ], [ 79.750517315000081, 8.254903371000069 ], [ 79.750527366000085, 8.254852585000037 ], [ 79.750765368000032, 8.254744220000021 ], [ 79.751257250000037, 8.254534768000042 ], [ 79.751292120000073, 8.254519919000074 ], [ 79.751473210000086, 8.254473249000057 ], [ 79.751674984000033, 8.254375836000065 ], [ 79.751827290000051, 8.254400706000069 ], [ 79.752189092000037, 8.254346803000033 ], [ 79.752311198000029, 8.254368451000062 ], [ 79.752333502000056, 8.254421579000052 ], [ 79.752284187000043, 8.25448510800004 ], [ 79.752175902000033, 8.254543589000036 ], [ 79.752092057000084, 8.254655993000029 ], [ 79.752106539000067, 8.254758853000055 ], [ 79.752263471000049, 8.254896350000024 ], [ 79.752300421000029, 8.25492599200004 ], [ 79.752714342000047, 8.255258052000045 ], [ 79.752787994000073, 8.255346662000022 ], [ 79.752898986000048, 8.25545625500007 ], [ 79.753012101000081, 8.255515762000073 ], [ 79.753084579000074, 8.25553131700002 ], [ 79.753162107000037, 8.255524100000059 ], [ 79.753200178000043, 8.255507560000069 ], [ 79.753230647000066, 8.255482503000053 ], [ 79.753244264000045, 8.25544565000007 ], [ 79.753242835000037, 8.25541282100005 ], [ 79.753241264000053, 8.255376747000071 ], [ 79.753182933000062, 8.255259787000057 ], [ 79.753143082000065, 8.255156253000052 ], [ 79.753149227000051, 8.255095872000027 ], [ 79.753175833000057, 8.255019633000074 ], [ 79.753213053000081, 8.254839264000054 ], [ 79.753202152000085, 8.254666277000069 ], [ 79.753181460000064, 8.254594797000038 ], [ 79.75315469700007, 8.25452320900007 ], [ 79.753128276000041, 8.254452534000052 ], [ 79.753088085000059, 8.254411203000075 ], [ 79.753040146000046, 8.254382421000059 ], [ 79.753033803000051, 8.254380369000046 ], [ 79.752987187000031, 8.25436528900002 ], [ 79.752837197000076, 8.254351073000066 ], [ 79.752816175000078, 8.25433754900007 ], [ 79.75280288700003, 8.254316449000044 ], [ 79.752751986000078, 8.254047394000054 ], [ 79.752740563000032, 8.253987008000024 ], [ 79.752659188000052, 8.253760678000049 ], [ 79.752619992000064, 8.253684904000067 ], [ 79.752570137000077, 8.253553679000049 ], [ 79.752524912000069, 8.253493800000058 ], [ 79.752472132000037, 8.253441499000076 ], [ 79.752425901000038, 8.253419411000039 ], [ 79.752259442000081, 8.253400198000065 ], [ 79.75220902500007, 8.253311783000072 ], [ 79.752154957000073, 8.253182021000043 ], [ 79.752086837000036, 8.252989359000026 ], [ 79.75198645200004, 8.25284941700005 ], [ 79.751212404000057, 8.252126496000074 ], [ 79.751129345000038, 8.252061458000071 ], [ 79.751060370000062, 8.252024938000034 ], [ 79.75098549900008, 8.251987496000027 ], [ 79.750969603000044, 8.251981580000063 ], [ 79.750734064000085, 8.251893912000071 ], [ 79.750672722000047, 8.251854064000042 ], [ 79.750623300000029, 8.251802583000028 ], [ 79.750596331000054, 8.251758711000036 ], [ 79.750579826000035, 8.251731861000053 ], [ 79.750468663000049, 8.251407176000043 ], [ 79.750430276000031, 8.251334749000023 ], [ 79.750378451000074, 8.251264727000034 ], [ 79.75030788600003, 8.251211476000037 ], [ 79.750238990000071, 8.251180018000071 ], [ 79.750170788000048, 8.251161219000039 ], [ 79.750106717000051, 8.251159157000075 ], [ 79.75000132100007, 8.251168653000036 ], [ 79.749584325000058, 8.251293262000047 ], [ 79.749315093000064, 8.251344654000036 ], [ 79.749151317000042, 8.25139757900007 ], [ 79.748709999000084, 8.251486685000032 ], [ 79.748653391000062, 8.25151158400007 ], [ 79.748281470000052, 8.251719488000049 ], [ 79.748180737000041, 8.251786136000021 ], [ 79.748118161000036, 8.251837873000056 ], [ 79.747844513000075, 8.252091158000042 ], [ 79.747783552000044, 8.252147584000056 ], [ 79.747638926000036, 8.252235729000063 ], [ 79.747438979000037, 8.252413511000043 ], [ 79.747364164000032, 8.25253067500006 ], [ 79.747333477000041, 8.252605277000043 ], [ 79.747318774000064, 8.252675670000031 ], [ 79.747322710000049, 8.252873865000026 ], [ 79.747308176000047, 8.25291406100007 ], [ 79.747279313000035, 8.252950063000071 ], [ 79.747224276000054, 8.252999286000033 ], [ 79.747153296000079, 8.253036716000054 ], [ 79.747073946000057, 8.253047183000035 ], [ 79.746907932000056, 8.253052998000044 ], [ 79.746836235000046, 8.253051819000063 ], [ 79.746830242000044, 8.253099685000052 ], [ 79.746878107000043, 8.253121840000063 ], [ 79.746959208000078, 8.253122048000023 ], [ 79.747029201000032, 8.253140587000075 ], [ 79.747087965000048, 8.253225201000021 ], [ 79.74708774700008, 8.253309663000039 ], [ 79.747054503000072, 8.253335283000069 ], [ 79.746966059000044, 8.253324041000042 ], [ 79.746881244000065, 8.253334840000036 ], [ 79.746744963000083, 8.253290424000056 ], [ 79.746608568000056, 8.253290075000052 ], [ 79.746486918000073, 8.253289764000044 ], [ 79.746474876000036, 8.253295724000054 ], [ 79.746376186000077, 8.25334456500002 ], [ 79.746269195000082, 8.253377342000022 ], [ 79.746151270000041, 8.253362351000021 ], [ 79.746088754000084, 8.253303434000031 ], [ 79.746059499000069, 8.253211553000028 ], [ 79.746074530000044, 8.253101423000032 ], [ 79.746096923000039, 8.252994984000054 ], [ 79.746107991000031, 8.252990881000073 ], [ 79.746155961000056, 8.252973101000066 ], [ 79.74620739900007, 8.25303933400005 ], [ 79.746232976000044, 8.253127534000043 ], [ 79.746234045000051, 8.253132660000063 ], [ 79.746247542000049, 8.253197345000046 ], [ 79.746291731000042, 8.253215819000047 ], [ 79.74629797700004, 8.253198539000039 ], [ 79.746310295000058, 8.253164455000046 ], [ 79.746280928000033, 8.25311664000003 ], [ 79.74625889500004, 8.253083534000041 ], [ 79.746273830000064, 8.25301012500006 ], [ 79.746270389000074, 8.25291463700006 ], [ 79.74620787300006, 8.252855720000071 ], [ 79.74617855200006, 8.252789546000031 ], [ 79.746208213000045, 8.252723519000028 ], [ 79.746282140000062, 8.25264659100003 ], [ 79.746374564000064, 8.252544003000025 ], [ 79.746485372000052, 8.252459824000027 ], [ 79.746577767000076, 8.252368253000043 ], [ 79.746618487000035, 8.252302258000043 ], [ 79.746592778000036, 8.252265468000076 ], [ 79.746622392000063, 8.252217805000043 ], [ 79.746692602000053, 8.252151884000057 ], [ 79.746759156000053, 8.252074936000042 ], [ 79.746821908000072, 8.252042045000053 ], [ 79.746829121000076, 8.252104493000047 ], [ 79.746755062000034, 8.252232832000061 ], [ 79.746673499000053, 8.252412566000032 ], [ 79.746603317000051, 8.252467471000045 ], [ 79.746558843000059, 8.252559164000047 ], [ 79.746503217000054, 8.252687552000054 ], [ 79.746440246000077, 8.252804904000072 ], [ 79.746428893000029, 8.252918715000021 ], [ 79.746447003000071, 8.253043619000039 ], [ 79.746498527000085, 8.253076802000066 ], [ 79.746579607000058, 8.253084354000066 ], [ 79.746616585000083, 8.253040381000062 ], [ 79.746642587000053, 8.252963329000067 ], [ 79.746657617000039, 8.252853200000061 ], [ 79.746672760000081, 8.252699003000032 ], [ 79.74673582500003, 8.25254492800002 ], [ 79.746798892000072, 8.252390853000065 ], [ 79.746861994000085, 8.252222091000021 ], [ 79.746891750000032, 8.252119343000061 ], [ 79.746980488000077, 8.252016745000049 ], [ 79.747028685000032, 8.251910373000044 ], [ 79.747113324000054, 8.251854291000029 ], [ 79.747133665000035, 8.251779301000056 ], [ 79.747131937000063, 8.251710131000038 ], [ 79.747139722000043, 8.251683298000046 ], [ 79.747159019000037, 8.251661377000062 ], [ 79.747364536000077, 8.251540750000061 ], [ 79.747614721000048, 8.251311452000039 ], [ 79.748183302000029, 8.251001090000045 ], [ 79.748643693000076, 8.250648173000059 ], [ 79.748834227000032, 8.250506659000052 ], [ 79.749073793000036, 8.250309809000044 ], [ 79.749260092000043, 8.250144558000045 ], [ 79.749606802000073, 8.249787047000041 ], [ 79.749893930000042, 8.249517356000069 ], [ 79.750243779000073, 8.249209398000062 ], [ 79.750274922000074, 8.249174474000029 ], [ 79.750760139000079, 8.248630356000035 ], [ 79.750934615000062, 8.248474205000036 ], [ 79.750969499000064, 8.248425742000052 ], [ 79.750979744000063, 8.248394756000039 ], [ 79.751182765000067, 8.248255585000038 ], [ 79.751492084000063, 8.248108639000066 ], [ 79.751720120000073, 8.248018356000046 ], [ 79.751861050000059, 8.247989691000043 ], [ 79.751962275000039, 8.247978465000074 ], [ 79.752042318000065, 8.24798056700007 ], [ 79.752107994000085, 8.247993573000031 ], [ 79.752303912000059, 8.248076076000075 ], [ 79.75259795900007, 8.248257288000048 ], [ 79.752644271000065, 8.24828195200007 ], [ 79.752926205000051, 8.248535395000033 ], [ 79.753038390000029, 8.248760343000072 ], [ 79.753114485000083, 8.249065352000059 ], [ 79.753094881000038, 8.249100473000055 ], [ 79.753052324000066, 8.249487331000068 ], [ 79.75302675000006, 8.249550194000051 ], [ 79.752977474000033, 8.249618782000027 ], [ 79.752903146000051, 8.249652768000033 ], [ 79.752835706000042, 8.249654948000057 ], [ 79.752786176000029, 8.249631778000037 ], [ 79.752766721000057, 8.249622677000048 ], [ 79.752606373000049, 8.249507625000035 ], [ 79.752572606000058, 8.249509076000038 ], [ 79.752499079000074, 8.249549846000036 ], [ 79.752478650000057, 8.24958840100004 ], [ 79.752474175000032, 8.24963450000007 ], [ 79.752493997000045, 8.24986808500006 ], [ 79.75248999400003, 8.250297084000067 ], [ 79.752493769000068, 8.250380969000048 ], [ 79.752496006000058, 8.250430639000058 ], [ 79.752549205000037, 8.250566122000066 ], [ 79.752667085000041, 8.250749778000056 ], [ 79.752678580000065, 8.250796822000041 ], [ 79.752679107000063, 8.251016797000034 ], [ 79.752661180000075, 8.251212404000057 ], [ 79.752640425000038, 8.251307195000038 ], [ 79.752573404000032, 8.25149261200005 ], [ 79.752557427000056, 8.25153681200004 ], [ 79.752447725000081, 8.251562211000021 ], [ 79.752436075000048, 8.251539487000059 ], [ 79.752267212000049, 8.251454339000077 ], [ 79.752110731000073, 8.251346978000072 ], [ 79.751969901000052, 8.251219346000028 ], [ 79.751861174000055, 8.251086088000022 ], [ 79.751675836000061, 8.250753683000028 ], [ 79.751536670000064, 8.25028988400004 ], [ 79.751433494000082, 8.250096312000039 ], [ 79.751362278000045, 8.250015484000073 ], [ 79.751284610000084, 8.249990309000054 ], [ 79.751041029000078, 8.250002880000068 ], [ 79.750697670000079, 8.249837810000031 ], [ 79.750573849000034, 8.249813766000045 ], [ 79.750462109000068, 8.249865434000071 ], [ 79.75040761200006, 8.249938968000038 ], [ 79.750416697000048, 8.250035516000025 ], [ 79.75048730900005, 8.250154468000062 ], [ 79.750567343000057, 8.250160820000076 ], [ 79.750608492000083, 8.250181991000034 ], [ 79.750671305000083, 8.250249508000024 ], [ 79.750714798000047, 8.25031272700005 ], [ 79.750760050000054, 8.250362478000056 ], [ 79.750966609000045, 8.250524658000074 ], [ 79.751030964000051, 8.250575187000038 ], [ 79.751167881000072, 8.250696327000071 ], [ 79.751290881000045, 8.250864988000046 ], [ 79.751346825000041, 8.250956809000058 ], [ 79.751430113000083, 8.251145350000058 ], [ 79.75158993000008, 8.251361121000059 ], [ 79.751815774000079, 8.251524347000043 ], [ 79.751888098000052, 8.25156422200007 ], [ 79.751946778000047, 8.251615816000026 ], [ 79.751987719000056, 8.251683188000072 ], [ 79.752019388000065, 8.251756412000077 ], [ 79.752061965000053, 8.251822974000049 ], [ 79.752217376000033, 8.251916945000062 ], [ 79.752488181000047, 8.252031825000074 ], [ 79.752550512000084, 8.252039670000045 ], [ 79.752581745000043, 8.252034776000073 ], [ 79.752598676000048, 8.252015562000054 ], [ 79.752600568000048, 8.251985370000057 ], [ 79.75261923000005, 8.251963627000066 ], [ 79.752642832000049, 8.25196205900005 ], [ 79.752715205000072, 8.251982586000054 ], [ 79.75288288400003, 8.25214141500004 ], [ 79.752918333000082, 8.252186309000024 ], [ 79.753048153000066, 8.252483636000022 ], [ 79.753136023000081, 8.252718886000025 ], [ 79.753187237000077, 8.252873252000029 ], [ 79.753227514000059, 8.252979851000021 ], [ 79.753267847000075, 8.253064417000076 ], [ 79.753341490000082, 8.253097654000044 ], [ 79.753422542000067, 8.253116221000028 ], [ 79.753455786000075, 8.253090601000054 ], [ 79.753472521000049, 8.252975286000037 ], [ 79.753478784000038, 8.252932142000077 ], [ 79.753472286000033, 8.25288176600003 ], [ 79.753450659000066, 8.252821225000048 ], [ 79.753406502000075, 8.252733593000073 ], [ 79.753380724000067, 8.252663819000077 ], [ 79.753374376000068, 8.252590750000024 ], [ 79.753381159000071, 8.252280923000058 ], [ 79.753344380000044, 8.252218625000069 ], [ 79.753215461000082, 8.252057544000024 ], [ 79.753195567000034, 8.25199357200006 ], [ 79.753203445000054, 8.251929037000025 ], [ 79.753224663000083, 8.25190223900006 ], [ 79.753254305000041, 8.251880525000047 ], [ 79.753284732000054, 8.251871470000026 ], [ 79.753320122000048, 8.251874182000051 ], [ 79.753539110000077, 8.252056739000068 ], [ 79.753725773000042, 8.252139218000025 ], [ 79.753751756000042, 8.252164509000067 ], [ 79.753758296000058, 8.252198158000056 ], [ 79.75371197700008, 8.252352376000033 ], [ 79.753709894000053, 8.252421265000066 ], [ 79.753724025000054, 8.252467502000059 ], [ 79.753759899000045, 8.252528982000058 ], [ 79.753796843000032, 8.252562711000053 ], [ 79.753962172000058, 8.252682837000066 ], [ 79.75404439700003, 8.252754653000068 ], [ 79.754084522000085, 8.252822112000047 ], [ 79.754091665000033, 8.252903591000063 ], [ 79.754027807000057, 8.253172769000059 ], [ 79.753996842000049, 8.253285887000061 ], [ 79.753934395000044, 8.253464474000054 ], [ 79.753784504000066, 8.253558976000022 ], [ 79.753686862000052, 8.253546551000056 ], [ 79.753650232000041, 8.253454650000037 ], [ 79.753635503000055, 8.253408964000073 ], [ 79.753597306000074, 8.253290477000064 ], [ 79.75353055100004, 8.253237241000022 ], [ 79.753503389000059, 8.253215579000027 ], [ 79.753444266000031, 8.253270513000075 ], [ 79.753359132000071, 8.253406171000051 ], [ 79.753307203000077, 8.253530896000029 ], [ 79.753317801000037, 8.253710866000063 ], [ 79.75333953300003, 8.253861485000073 ], [ 79.753425192000066, 8.254000506000068 ], [ 79.753480740000043, 8.254116914000065 ], [ 79.75353582300005, 8.254368311000064 ], [ 79.753619069000081, 8.254573579000066 ], [ 79.753736675000084, 8.25479339900005 ], [ 79.753891224000085, 8.255047761000071 ], [ 79.754106490000083, 8.255302549000021 ], [ 79.754240297000081, 8.255404830000032 ], [ 79.754336480000063, 8.255478351000022 ], [ 79.754415493000067, 8.255529184000068 ], [ 79.754514644000039, 8.255584316000068 ], [ 79.754793771000038, 8.255710880000038 ], [ 79.754890389000082, 8.255762660000073 ], [ 79.75505391300004, 8.255914697000037 ], [ 79.755172506000065, 8.255962284000077 ], [ 79.755406497000081, 8.25602906000006 ], [ 79.755510903000072, 8.256052290000071 ], [ 79.755690275000063, 8.25607679500007 ], [ 79.755887308000069, 8.256114816000036 ], [ 79.756090408000034, 8.256123378000041 ], [ 79.75659711000003, 8.256100036000021 ], [ 79.757265446000076, 8.256152869000061 ], [ 79.757420095000043, 8.256166233000044 ], [ 79.757426793000036, 8.256166811000071 ], [ 79.757592625000029, 8.256189264000056 ], [ 79.757647733000056, 8.256262850000041 ], [ 79.757680639000057, 8.256369429000074 ], [ 79.757669053000029, 8.256415103000052 ], [ 79.75763222900008, 8.256560266000065 ], [ 79.757546841000078, 8.25679507600006 ], [ 79.757461530000057, 8.257000509000022 ], [ 79.75741348400004, 8.257048128000065 ], [ 79.757321128000058, 8.257125011000028 ], [ 79.75724333800008, 8.25727170600004 ], [ 79.757137750000084, 8.257414573000062 ], [ 79.757111387000066, 8.257645576000073 ], [ 79.75719237800007, 8.257889689000024 ], [ 79.75725656000003, 8.257988268000076 ], [ 79.757339304000084, 8.258027829000071 ], [ 79.757496440000068, 8.258086984000045 ], [ 79.757686478000039, 8.258093995000024 ], [ 79.758040058000063, 8.258218932000034 ], [ 79.758420084000079, 8.258252535000054 ], [ 79.758503168000061, 8.258240926000042 ], [ 79.758649546000072, 8.258220474000041 ], [ 79.758859244000064, 8.258227532000035 ], [ 79.758872069000063, 8.258338550000076 ], [ 79.758832464000079, 8.258449435000045 ], [ 79.758804118000057, 8.258566755000061 ], [ 79.75878674900008, 8.258638642000051 ], [ 79.758451122000054, 8.25893158100007 ], [ 79.758200984000041, 8.259361830000046 ], [ 79.75805173100008, 8.25968466300003 ], [ 79.757890761000056, 8.260148508000043 ], [ 79.75791668100004, 8.260427125000035 ], [ 79.757982513000059, 8.260719107000057 ], [ 79.758287991000032, 8.261024960000043 ], [ 79.758660315000043, 8.261224867000067 ], [ 79.759045685000046, 8.261530923000066 ], [ 79.759511524000061, 8.261611687000027 ], [ 79.75978718600004, 8.261779124000043 ], [ 79.759988338000085, 8.261938145000045 ], [ 79.760145308000062, 8.262088082000048 ], [ 79.760166095000045, 8.262080228000059 ], [ 79.76024275900005, 8.262051259000032 ], [ 79.76020311700006, 8.261931780000054 ], [ 79.760083818000055, 8.261719248000077 ], [ 79.76008151800005, 8.261716413000045 ], [ 79.75984997300003, 8.261531597000044 ], [ 79.759745081000062, 8.261493198000039 ], [ 79.759523769000054, 8.261462882000046 ], [ 79.759245755000052, 8.261398786000029 ], [ 79.759198744000059, 8.261387628000023 ], [ 79.759070110000039, 8.26135709700003 ], [ 79.75902517600008, 8.261327091000055 ], [ 79.758924052000054, 8.261259563000067 ], [ 79.758834436000029, 8.261094907000029 ], [ 79.758827152000038, 8.261008936000053 ], [ 79.758873928000071, 8.261003575000075 ], [ 79.758890946000065, 8.261001624000073 ], [ 79.758924490000084, 8.261087661000033 ], [ 79.759014257000047, 8.261192526000059 ], [ 79.759160422000036, 8.261248951000027 ], [ 79.759351565000031, 8.261320439000031 ], [ 79.759535271000061, 8.26136574800006 ], [ 79.759771546000081, 8.261392504000071 ], [ 79.759996423000075, 8.261475288000042 ], [ 79.760138750000067, 8.261565338000025 ], [ 79.760251018000076, 8.26167399600007 ], [ 79.760295770000084, 8.261778746000061 ], [ 79.760378026000069, 8.261887329000047 ], [ 79.760531233000052, 8.261999557000024 ], [ 79.760647114000051, 8.262261607000028 ], [ 79.760680363000063, 8.262489757000026 ], [ 79.760691245000032, 8.262635530000068 ], [ 79.760700408000048, 8.262724412000068 ], [ 79.760705888000075, 8.26277757500003 ], [ 79.760698225000056, 8.262841086000037 ], [ 79.760668204000069, 8.262844747000031 ], [ 79.76065326500003, 8.262818550000077 ], [ 79.760623528000053, 8.262710100000049 ], [ 79.760575207000045, 8.262534336000044 ], [ 79.760504310000044, 8.262384675000021 ], [ 79.760474345000034, 8.262358875000075 ], [ 79.760428399000034, 8.26235680800005 ], [ 79.760374833000071, 8.262476051000021 ], [ 79.760294333000047, 8.262714607000021 ], [ 79.760039850000055, 8.263297594000051 ], [ 79.75997280100006, 8.26348312600004 ], [ 79.759798785000044, 8.263840823000066 ], [ 79.759811661000072, 8.264013292000072 ], [ 79.759797332000062, 8.264411186000075 ], [ 79.759798337000063, 8.264803893000021 ], [ 79.759798742000044, 8.264962533000073 ], [ 79.759744463000061, 8.265469121000024 ], [ 79.759747666000067, 8.265541079000059 ], [ 79.759774533000041, 8.26614483000003 ], [ 79.759900789000085, 8.266504079000072 ], [ 79.759986867000066, 8.26654415400003 ], [ 79.760197172000062, 8.266642066000031 ], [ 79.760460452000075, 8.266739961000042 ], [ 79.760483038000075, 8.266748358000029 ], [ 79.760758388000056, 8.266822951000051 ], [ 79.761099362000039, 8.266855404000069 ], [ 79.761532277000072, 8.267123275000074 ], [ 79.761647163000077, 8.26738470600003 ], [ 79.761879933000046, 8.26753308800005 ], [ 79.762144579000051, 8.267649881000068 ], [ 79.762678317000052, 8.267799461000038 ], [ 79.762869382000076, 8.267888868000057 ], [ 79.763001755000062, 8.267889203000038 ], [ 79.763188203000084, 8.26788967300007 ], [ 79.763417593000042, 8.267953770000076 ], [ 79.763532239000085, 8.268004873000052 ], [ 79.765504508000049, 8.265555599000038 ], [ 79.767362087000038, 8.263248713000053 ], [ 79.767339226000047, 8.26322732400007 ], [ 79.76731873600005, 8.263205123000034 ], [ 79.767300614000078, 8.26318210900007 ], [ 79.767284865000079, 8.263158279000038 ], [ 79.767271793000077, 8.263134270000023 ], [ 79.767267852000032, 8.263125084000023 ], [ 79.767262492000043, 8.263112590000048 ], [ 79.767256341000063, 8.263090650000038 ], [ 79.767252561000078, 8.263066471000059 ], [ 79.767251074000058, 8.263039443000025 ], [ 79.767251843000054, 8.263008520000028 ], [ 79.76726195100008, 8.262902632000021 ], [ 79.767264066000052, 8.262863539000023 ], [ 79.767264107000074, 8.262853259000053 ], [ 79.767264570000066, 8.262733205000075 ], [ 79.767269407000072, 8.262492163000047 ], [ 79.767270527000051, 8.26239305100006 ], [ 79.767269720000058, 8.262289361000057 ], [ 79.767266439000082, 8.262196408000023 ], [ 79.767265795000071, 8.262186156000041 ], [ 79.767265430000066, 8.262180350000051 ], [ 79.767261780000069, 8.262122280000028 ], [ 79.76725497800004, 8.26203941600005 ], [ 79.767229710000038, 8.261785834000023 ], [ 79.767228880000062, 8.261777562000077 ], [ 79.767215794000037, 8.261624422000068 ], [ 79.767208931000084, 8.261557543000038 ], [ 79.767201386000067, 8.261501517000056 ], [ 79.767197847000034, 8.261481177000064 ], [ 79.767196382000066, 8.261472765000065 ], [ 79.76719190700004, 8.261447039000075 ], [ 79.767178830000034, 8.261383501000068 ], [ 79.767163009000058, 8.261316059000023 ], [ 79.767151308000052, 8.261272101000031 ], [ 79.767144065000082, 8.261244901000055 ], [ 79.767128181000032, 8.261185233000049 ], [ 79.767114265000032, 8.261138671000026 ], [ 79.767100632000052, 8.261097612000071 ], [ 79.76709614400005, 8.261085551000065 ], [ 79.767094149000059, 8.261080192000065 ], [ 79.767078917000049, 8.261039255000071 ], [ 79.76705976900007, 8.260992245000068 ], [ 79.767041104000043, 8.26095151800007 ], [ 79.767021637000084, 8.260914549000063 ], [ 79.767005212000072, 8.260887640000021 ], [ 79.76698447800004, 8.260857905000023 ], [ 79.766912055000034, 8.260765393000042 ], [ 79.766889223000078, 8.260734507000052 ], [ 79.766886611000075, 8.260730974000069 ], [ 79.766883782000036, 8.260726798000064 ], [ 79.766795307000052, 8.260596215000021 ], [ 79.766761092000081, 8.260548038000024 ], [ 79.766727060000051, 8.260504762000039 ], [ 79.766724859000078, 8.26050196500006 ], [ 79.766722924000078, 8.260499501000027 ], [ 79.766664793000075, 8.260432884000068 ], [ 79.766618956000059, 8.26038451200003 ], [ 79.766573199000049, 8.260339932000022 ], [ 79.766526438000085, 8.260298200000022 ], [ 79.766521165000086, 8.260293947000036 ], [ 79.766515458000072, 8.260289345000047 ], [ 79.766483279000056, 8.26026339200007 ], [ 79.766388240000083, 8.260193865000076 ], [ 79.76638605800008, 8.260192278000034 ], [ 79.766371018000029, 8.260181276000026 ], [ 79.766300517000047, 8.260131177000062 ], [ 79.766197547000047, 8.260060793000036 ], [ 79.766134512000065, 8.260017707000031 ], [ 79.766028863000031, 8.259945490000064 ], [ 79.765939161000063, 8.259885914000051 ], [ 79.765860273000044, 8.259835276000047 ], [ 79.765823727000054, 8.259812708000027 ], [ 79.765816592000078, 8.259808301000021 ], [ 79.76571414700004, 8.259745038000062 ], [ 79.765638693000085, 8.259700137000038 ], [ 79.765580040000032, 8.259667511000032 ], [ 79.765525819000061, 8.259639848000063 ], [ 79.765513590000069, 8.259634234000032 ], [ 79.765507924000076, 8.259631634000073 ], [ 79.765472547000059, 8.259615395000026 ], [ 79.765413848000037, 8.259591129000057 ], [ 79.765314293000074, 8.259554265000077 ], [ 79.765068725000049, 8.259469642000056 ], [ 79.765032968000071, 8.259459021000055 ], [ 79.765000328000042, 8.25945084600005 ], [ 79.764969932000042, 8.259444880000046 ], [ 79.764937312000029, 8.259440138000059 ], [ 79.764867483000046, 8.259434139000064 ], [ 79.764743275000058, 8.259429203000025 ], [ 79.764696722000053, 8.259426511000072 ], [ 79.764526294000063, 8.259408852000035 ], [ 79.764452839000057, 8.259404324000059 ], [ 79.764419511000085, 8.259404121000046 ], [ 79.76437956500007, 8.259405300000026 ], [ 79.764284270000076, 8.259410402000071 ], [ 79.764279148000071, 8.259410676000073 ], [ 79.76424159100003, 8.259411999000065 ], [ 79.764209169000083, 8.259413150000057 ], [ 79.764114570000061, 8.259419208000054 ], [ 79.764072610000085, 8.259420901000055 ], [ 79.764043926000056, 8.259420922000061 ], [ 79.764017676000037, 8.259419786000024 ], [ 79.76399314400004, 8.25941745800003 ], [ 79.763970010000037, 8.259413904000041 ], [ 79.763958392000063, 8.259411248000049 ], [ 79.763953045000051, 8.259410026000069 ], [ 79.763922309000066, 8.259403 ], [ 79.76388727300008, 8.259392487000071 ], [ 79.763861949000045, 8.259382065000068 ], [ 79.763824630000045, 8.259362586000066 ], [ 79.763794250000046, 8.259342911000033 ], [ 79.763770089000047, 8.259322717000032 ], [ 79.763760338000054, 8.259312424000029 ], [ 79.763752148000037, 8.259302006000041 ], [ 79.763745519000054, 8.259291464000057 ], [ 79.763744397000039, 8.259289100000046 ], [ 79.763740466000058, 8.259280817000047 ], [ 79.763733778000073, 8.259258013000021 ], [ 79.763730200000055, 8.259230238000043 ], [ 79.763729488000081, 8.259197803000063 ], [ 79.763731002000043, 8.259156368000049 ], [ 79.763731347000032, 8.259146886000053 ], [ 79.763734287000034, 8.259122998000066 ], [ 79.763739626000074, 8.259098538000046 ], [ 79.763747407000039, 8.259073313000044 ], [ 79.76375773500007, 8.259046973000068 ], [ 79.763770737000073, 8.259019160000037 ], [ 79.763786960000061, 8.25898866700004 ], [ 79.763855346000071, 8.258874080000055 ], [ 79.763881666000032, 8.258825477000073 ], [ 79.763910485000054, 8.25876257300007 ], [ 79.764011264000032, 8.258535756000072 ], [ 79.764044315000035, 8.258465687000069 ], [ 79.764075494000053, 8.258403572000077 ], [ 79.764081206000071, 8.258393244000047 ], [ 79.764092806000065, 8.258372271000042 ], [ 79.764115581000055, 8.258331085000066 ], [ 79.764143489000048, 8.25828475000003 ], [ 79.764208822000057, 8.258176280000043 ], [ 79.764244893000068, 8.258109648000072 ], [ 79.764275772000076, 8.258045683000034 ], [ 79.764305235000052, 8.257980046000057 ], [ 79.764333221000072, 8.257912856000075 ], [ 79.764359678000062, 8.257844254000076 ], [ 79.764392458000032, 8.257750887000043 ], [ 79.764400434000038, 8.257725108000045 ], [ 79.764404545000048, 8.257711823000022 ], [ 79.764416991000076, 8.257671598000059 ], [ 79.764436362000083, 8.257596369000055 ], [ 79.764476047000073, 8.257420420000074 ], [ 79.76447782200006, 8.257412550000026 ], [ 79.764483908000045, 8.257388382000045 ], [ 79.764494510000077, 8.25734628400005 ], [ 79.764497176000077, 8.257335702000034 ], [ 79.764499191000084, 8.257327697000051 ], [ 79.764555765000068, 8.257124978000036 ], [ 79.764565073000085, 8.257091616000025 ], [ 79.764568237000049, 8.257080299000052 ], [ 79.76461181500008, 8.256946686000049 ], [ 79.76462080400006, 8.256915510000056 ], [ 79.76462758200006, 8.256887434000021 ], [ 79.764633718000084, 8.256852432000073 ], [ 79.764635271000031, 8.256834871000024 ], [ 79.764635619000046, 8.256830923000052 ], [ 79.764636671000062, 8.256819022000059 ], [ 79.764636987000074, 8.256781309000075 ], [ 79.764634527000055, 8.25673959900007 ], [ 79.764628105000043, 8.256683600000031 ], [ 79.764615678000041, 8.25659857900007 ], [ 79.764611135000052, 8.256567507000057 ], [ 79.764600990000076, 8.256507778000071 ], [ 79.764589249000039, 8.256448678000027 ], [ 79.764574862000075, 8.256385943000055 ], [ 79.764558701000055, 8.256324302000053 ], [ 79.764547084000071, 8.256285083000023 ], [ 79.764545416000033, 8.256279452000058 ], [ 79.764525697000067, 8.256212877000053 ], [ 79.764507972000047, 8.256157407000046 ], [ 79.764492182000083, 8.256114234000052 ], [ 79.764476045000038, 8.256076587000052 ], [ 79.764458407000063, 8.256042053000044 ], [ 79.764452968000057, 8.256033323000054 ], [ 79.764450933000035, 8.256030055000053 ], [ 79.764441416000068, 8.256014777000075 ], [ 79.764421050000067, 8.25598915300003 ], [ 79.764395702000058, 8.255962927000041 ], [ 79.764364926000042, 8.255935403000024 ], [ 79.764328889000069, 8.255905860000041 ], [ 79.764297765000038, 8.255880345000037 ], [ 79.764269691000038, 8.255856038000047 ], [ 79.764242073000048, 8.255829105000032 ], [ 79.764219862000061, 8.255803239000045 ], [ 79.764205243000049, 8.255782441000065 ], [ 79.764201983000078, 8.25577671700006 ], [ 79.764200043000073, 8.255773311000041 ], [ 79.764192571000081, 8.255760191000036 ], [ 79.764180740000029, 8.255735370000025 ], [ 79.764159832000075, 8.255687291000072 ], [ 79.764148888000079, 8.255662123000036 ], [ 79.76413920300007, 8.255643422000048 ], [ 79.764120395000077, 8.255610595000064 ], [ 79.764097225000057, 8.255573469000069 ], [ 79.764072621000082, 8.255537278000077 ], [ 79.764045370000076, 8.255500508000068 ], [ 79.764021649000085, 8.255471305000071 ], [ 79.763981625000042, 8.255427258000054 ], [ 79.763934070000062, 8.255380354000067 ], [ 79.763862484000072, 8.255315558000063 ], [ 79.763850452000042, 8.255305307000071 ], [ 79.76384340900006, 8.25529930600004 ], [ 79.763800690000039, 8.255262905000052 ], [ 79.763757878000035, 8.255229025000062 ], [ 79.76371023400003, 8.255193168000062 ], [ 79.76352715400003, 8.25506146400005 ], [ 79.763474964000068, 8.255025648000071 ], [ 79.763430063000044, 8.254998249000039 ], [ 79.763401706000082, 8.254983148000065 ], [ 79.763374231000057, 8.254970393000065 ], [ 79.763370141000053, 8.25496882300007 ], [ 79.763354562000075, 8.254962842000054 ], [ 79.763333131000081, 8.254956703000062 ], [ 79.763310713000067, 8.254952019000029 ], [ 79.763285202000077, 8.254948206000051 ], [ 79.763269181000055, 8.254946682000025 ], [ 79.763191873000039, 8.25493933000007 ], [ 79.763155019000067, 8.254934352000021 ], [ 79.763118392000081, 8.254926036000029 ], [ 79.763102322000066, 8.254920702000049 ], [ 79.763087470000073, 8.254914503000066 ], [ 79.763065330000074, 8.254902224000034 ], [ 79.763041867000084, 8.254884864000076 ], [ 79.762979266000059, 8.254828413000041 ], [ 79.762905154000066, 8.254766750000044 ], [ 79.762874429000078, 8.254739597000025 ], [ 79.762855749000039, 8.254720687000031 ], [ 79.762848443000053, 8.254713290000041 ], [ 79.762821219000045, 8.254685731000052 ], [ 79.762793901000066, 8.254655526000022 ], [ 79.762772958000085, 8.254627298000059 ], [ 79.762764950000076, 8.254613738000046 ], [ 79.76276099200004, 8.254605559000026 ], [ 79.76275854000005, 8.254600491000076 ], [ 79.76275342200006, 8.254586833000076 ], [ 79.76274894200003, 8.25457128100004 ], [ 79.762733575000084, 8.254495720000023 ], [ 79.762721056000032, 8.254449112000032 ], [ 79.762706585000046, 8.25439526100007 ], [ 79.762694330000045, 8.254320273000076 ], [ 79.762689464000061, 8.254304430000047 ], [ 79.762683149000054, 8.254291125000066 ], [ 79.762679511000044, 8.254286269000033 ], [ 79.76267669200007, 8.254282506000038 ], [ 79.762672460000033, 8.254276857000036 ], [ 79.762647930000071, 8.254253709000068 ], [ 79.762644823000073, 8.254250672000069 ], [ 79.762640865000037, 8.254246197000043 ], [ 79.762630753000053, 8.254234766000025 ], [ 79.762613343000055, 8.254212118000055 ], [ 79.762575131000062, 8.25415842600006 ], [ 79.762573198000041, 8.25415571000002 ], [ 79.762570503000063, 8.254152247000036 ], [ 79.76256654000008, 8.25414715200003 ], [ 79.762517639000066, 8.25408429600003 ], [ 79.762478230000056, 8.254036791000033 ], [ 79.762456841000073, 8.254013769000039 ], [ 79.762451146000046, 8.254007640000054 ], [ 79.762442880000037, 8.253998743000068 ], [ 79.762401232000059, 8.253959997000038 ], [ 79.762370463000082, 8.253934801000071 ], [ 79.762350816000037, 8.253918712000029 ], [ 79.762189464000073, 8.253797658000053 ], [ 79.762182458000041, 8.253792402000045 ], [ 79.76210122100008, 8.253733494000073 ], [ 79.762060689000066, 8.253701183000032 ], [ 79.762047056000085, 8.25368882600003 ], [ 79.762044582000044, 8.253686584000036 ], [ 79.762040562000038, 8.253682940000033 ], [ 79.762021787000037, 8.253663644000028 ], [ 79.76198654500007, 8.253622462000067 ], [ 79.761958400000083, 8.253589572000067 ], [ 79.761932049000052, 8.253561454000021 ], [ 79.761926303000052, 8.253556056000036 ], [ 79.761859300000083, 8.25349310200005 ], [ 79.761834425000075, 8.253472437000028 ], [ 79.76181117200008, 8.253455530000053 ], [ 79.761792409000066, 8.25344384400006 ], [ 79.761773891000075, 8.253434140000024 ], [ 79.761769453000056, 8.253432251000049 ], [ 79.761755100000073, 8.253426145000049 ], [ 79.761733172000049, 8.25341856700004 ], [ 79.761684509000077, 8.253404996000029 ], [ 79.761674706000065, 8.253402261000076 ], [ 79.761665962000052, 8.253399822000063 ], [ 79.761608331000048, 8.253386826000053 ], [ 79.761577879000072, 8.253379959000029 ], [ 79.761572004000072, 8.253378360000056 ], [ 79.761523239000041, 8.253365083000062 ], [ 79.761493899000072, 8.25335564300002 ], [ 79.761473609000063, 8.25334739300007 ], [ 79.761469436000084, 8.253345241000034 ], [ 79.761456529000043, 8.253338583000073 ], [ 79.761439562000078, 8.253327546000037 ], [ 79.761422677000041, 8.253314209000052 ], [ 79.761404671000037, 8.253297438000061 ], [ 79.761385644000029, 8.253277134000029 ], [ 79.761324601000069, 8.253203445000054 ], [ 79.76130061200007, 8.253176576000044 ], [ 79.76126961500006, 8.253147182000021 ], [ 79.761200037000037, 8.253081201000043 ], [ 79.761144742000056, 8.253031301000021 ], [ 79.761107120000077, 8.252998945000058 ], [ 79.761099785000056, 8.252992636000045 ], [ 79.761095775000058, 8.252989189000061 ], [ 79.761085927000067, 8.25298166400006 ], [ 79.761066653000057, 8.252966940000022 ], [ 79.760982400000046, 8.25290691500004 ], [ 79.760957936000068, 8.252886945000057 ], [ 79.76093753400005, 8.252867644000048 ], [ 79.76092763500003, 8.252856331000032 ], [ 79.760924804000069, 8.25285309700007 ], [ 79.760918479000054, 8.252845870000044 ], [ 79.76090042800007, 8.252820274000044 ], [ 79.760884325000063, 8.252793377000046 ], [ 79.760849991000043, 8.25273130100004 ], [ 79.760844125000062, 8.25272069600004 ], [ 79.760831954000082, 8.252701240000022 ], [ 79.760828294000078, 8.25269597700003 ], [ 79.760826730000076, 8.252693729000043 ], [ 79.76081668300003, 8.252679289000071 ], [ 79.760788537000053, 8.252640897000049 ], [ 79.760759335000046, 8.252603341000054 ], [ 79.760729152000067, 8.252566719000072 ], [ 79.760698065000042, 8.25253112200005 ], [ 79.760665324000058, 8.252495770000053 ], [ 79.760639275000074, 8.252469303000055 ], [ 79.760636741000042, 8.252466729000048 ], [ 79.760632486000077, 8.252462407000053 ], [ 79.760605275000046, 8.252437095000062 ], [ 79.760524406000059, 8.252365500000053 ], [ 79.760516518000031, 8.252358449000042 ], [ 79.760498627000061, 8.252340588000038 ], [ 79.760457201000065, 8.252296332000071 ], [ 79.760436212000059, 8.252276202000076 ], [ 79.760427486000083, 8.252269417000036 ], [ 79.76041936200005, 8.252263099000061 ], [ 79.760413589000052, 8.252258609000023 ], [ 79.760403150000059, 8.252252763000058 ], [ 79.760359007000034, 8.252228045000038 ], [ 79.760346853000044, 8.252219884000056 ], [ 79.760336876000054, 8.252211583000076 ], [ 79.760334948000036, 8.252209285000049 ], [ 79.760330694000061, 8.252204218000031 ], [ 79.760325564000084, 8.252198108000073 ], [ 79.760321899000076, 8.252191888000027 ], [ 79.760305279000079, 8.252163673000041 ], [ 79.760299822000036, 8.252157001000057 ], [ 79.760293288000071, 8.252151486000059 ], [ 79.760280866000073, 8.252144892000047 ], [ 79.760262891000082, 8.252139765000038 ], [ 79.760231170000054, 8.252134503000036 ], [ 79.760221545000036, 8.252132905000053 ], [ 79.760195674000045, 8.252131250000048 ], [ 79.760162252000043, 8.252132729000039 ], [ 79.760077641000066, 8.252141387000052 ], [ 79.760074581000083, 8.252141700000038 ], [ 79.760070369000061, 8.252141722000033 ], [ 79.760015763000069, 8.252142002000028 ], [ 79.759982692000051, 8.252142172000049 ], [ 79.759977783000068, 8.252142198000058 ], [ 79.759921063000036, 8.252145247000044 ], [ 79.759909163000032, 8.252145882000036 ], [ 79.759862852000083, 8.252148378000072 ], [ 79.759828897000034, 8.252151932000061 ], [ 79.759822058000054, 8.252153508000049 ], [ 79.759815384000035, 8.252155043000073 ], [ 79.759803846000068, 8.252157700000055 ], [ 79.759780077000073, 8.252167197000063 ], [ 79.759760123000035, 8.252177245000041 ], [ 79.759735374000059, 8.25218970700007 ], [ 79.759716824000066, 8.25219802600003 ], [ 79.759697204000076, 8.252204580000068 ], [ 79.759687817000042, 8.252206295000065 ], [ 79.759683693000056, 8.252207049000049 ], [ 79.759678303000044, 8.252208033000045 ], [ 79.75965506700004, 8.252209741000058 ], [ 79.759546980000039, 8.252213114000028 ], [ 79.759372927000072, 8.252214480000021 ], [ 79.759302748000039, 8.252218829000071 ], [ 79.759273054000062, 8.252219019000052 ], [ 79.759255468000049, 8.252217535000057 ], [ 79.759239553000043, 8.252214669000068 ], [ 79.759236758000043, 8.252213840000024 ], [ 79.75922556300003, 8.252210521000052 ], [ 79.759211157000038, 8.252204449000033 ], [ 79.759184600000083, 8.252189297000029 ], [ 79.759131364000041, 8.252153172000021 ], [ 79.75912265900007, 8.252147266000065 ], [ 79.759105671000043, 8.252137874000027 ], [ 79.759102337000058, 8.25213642600005 ], [ 79.759099032000051, 8.252134993000027 ], [ 79.759089749000054, 8.252130962000024 ], [ 79.759073512000043, 8.252125622000051 ], [ 79.759055257000057, 8.252120995000041 ], [ 79.758971577000068, 8.252104465000059 ], [ 79.758952918000034, 8.252099090000058 ], [ 79.758937038000056, 8.252092914000059 ], [ 79.758924024000066, 8.252086121000048 ], [ 79.758912752000072, 8.252078290000043 ], [ 79.758907290000082, 8.252073235000069 ], [ 79.758903265000072, 8.252069510000069 ], [ 79.758894636000036, 8.252058906000059 ], [ 79.758880418000047, 8.252034461000051 ], [ 79.758858988000043, 8.251985350000041 ], [ 79.758856576000085, 8.251979822000067 ], [ 79.758845203000078, 8.25195777600004 ], [ 79.758839605000048, 8.251949928000045 ], [ 79.758835774000033, 8.251944556000069 ], [ 79.758828962000052, 8.251935005000064 ], [ 79.758806650000054, 8.251910444000032 ], [ 79.758788252000045, 8.251893233000033 ], [ 79.758766918000049, 8.251875389000077 ], [ 79.758654424000042, 8.251792196000054 ], [ 79.758640056000047, 8.251780575000055 ], [ 79.758525263000081, 8.251687728000036 ], [ 79.758488754000041, 8.251656977000039 ], [ 79.758456935000083, 8.251627790000043 ], [ 79.758429632000059, 8.25159979700004 ], [ 79.758426030000066, 8.251595615000042 ], [ 79.75842435900006, 8.25159367200007 ], [ 79.758402373000081, 8.251568138000039 ], [ 79.758374759000048, 8.251532463000046 ], [ 79.758331005000059, 8.251469271000076 ], [ 79.758279931000061, 8.251388564000024 ], [ 79.758276480000063, 8.251383111000052 ], [ 79.758272091000038, 8.251376175000075 ], [ 79.758250782000061, 8.251337986000067 ], [ 79.758245230000057, 8.251327188000062 ], [ 79.758199574000059, 8.251238383000043 ], [ 79.758183437000071, 8.25121058700006 ], [ 79.758167626000045, 8.251186500000074 ], [ 79.758163840000066, 8.251181537000036 ], [ 79.758161327000039, 8.251178243000027 ], [ 79.758152567000081, 8.251166760000046 ], [ 79.758134196000071, 8.25114656300002 ], [ 79.75811867300007, 8.251131977000057 ], [ 79.758087882000041, 8.251103041000022 ], [ 79.758069803000069, 8.251086053000051 ], [ 79.758048861000077, 8.251064885000062 ], [ 79.758031475000053, 8.251044378000074 ], [ 79.758017849000055, 8.25102445400006 ], [ 79.758015752000063, 8.251020336000067 ], [ 79.758014445000072, 8.251017770000033 ], [ 79.758005911000055, 8.251001023000072 ], [ 79.757995735000065, 8.250973187000056 ], [ 79.757988133000083, 8.250945662000049 ], [ 79.757975, 8.250890330000061 ], [ 79.757972531000064, 8.250879927000028 ], [ 79.757963157000063, 8.250848761000043 ], [ 79.757958955000049, 8.250838490000035 ], [ 79.757956347000061, 8.250832115000037 ], [ 79.757949845000041, 8.250816223000072 ], [ 79.757931398000039, 8.250777652000068 ], [ 79.757909971000061, 8.250737827000023 ], [ 79.757884973000046, 8.25069559700006 ], [ 79.757859447000044, 8.250655449000021 ], [ 79.757811957000058, 8.250583853000023 ], [ 79.757763478000072, 8.250496955000074 ], [ 79.757745229000079, 8.250471356000048 ], [ 79.757736152000064, 8.250461261000055 ], [ 79.757726926000032, 8.25045276000003 ], [ 79.757711631000063, 8.250442276000058 ], [ 79.75769514600006, 8.250435437000021 ], [ 79.757664247000037, 8.25042839300005 ], [ 79.757650590000083, 8.250426795000067 ], [ 79.757638429000053, 8.250426534000042 ], [ 79.757623211000066, 8.250428629000055 ], [ 79.757616752000047, 8.250431427000024 ], [ 79.757611476000079, 8.250433715000042 ], [ 79.757600349000029, 8.250443309000048 ], [ 79.757589611000071, 8.250457680000068 ], [ 79.757577862000062, 8.25047952400007 ], [ 79.757567245000075, 8.250504375000048 ], [ 79.757564150000064, 8.25051161600004 ], [ 79.757559090000029, 8.250530609000066 ], [ 79.757556488000034, 8.250551912000049 ], [ 79.757556178000073, 8.250573686000052 ], [ 79.757557789000032, 8.250599357000056 ], [ 79.757564629000058, 8.250661318000027 ], [ 79.757566341000029, 8.250685191000059 ], [ 79.757567524000081, 8.250701615000025 ], [ 79.757575116000055, 8.250754222000069 ], [ 79.757577029000061, 8.250776755000061 ], [ 79.757576866000079, 8.250790463000044 ], [ 79.757575444000054, 8.25080295500004 ], [ 79.757574, 8.250808820000032 ], [ 79.757565792000037, 8.250842134000038 ], [ 79.757559363000041, 8.250859670000068 ], [ 79.757552187000044, 8.250872460000039 ], [ 79.757544182000061, 8.250880772000073 ], [ 79.757540782000035, 8.250882366000042 ], [ 79.75753471400003, 8.250885209000046 ], [ 79.757526539000082, 8.250886802000025 ], [ 79.757517026000073, 8.250887341000066 ], [ 79.757495833000064, 8.250885218000064 ], [ 79.757476181000072, 8.25087936500006 ], [ 79.75746758400004, 8.250874684000053 ], [ 79.757463211000072, 8.25087127200004 ], [ 79.757458869000061, 8.25086593900005 ], [ 79.757455244000084, 8.250859231000049 ], [ 79.757449947000055, 8.250841259000026 ], [ 79.757443739000053, 8.250784332000023 ], [ 79.757442407000042, 8.250775655000041 ], [ 79.757441781000068, 8.250771531000055 ], [ 79.757433504000062, 8.250717415000054 ], [ 79.757431828000051, 8.250700843000061 ], [ 79.757428364000077, 8.250666581000075 ], [ 79.757425409000064, 8.250637354000048 ], [ 79.757423521000078, 8.250606852000033 ], [ 79.757421700000066, 8.250577415000066 ], [ 79.757416690000071, 8.250496490000046 ], [ 79.757416169000066, 8.25045076300006 ], [ 79.757416530000057, 8.250443855000071 ], [ 79.757416867000074, 8.250437435000038 ], [ 79.757418080000036, 8.250414266000064 ], [ 79.757423298000049, 8.250372976000051 ], [ 79.757434271000079, 8.250309872000059 ], [ 79.757438548000039, 8.250285275000067 ], [ 79.757443993000038, 8.250247012000045 ], [ 79.757445440000083, 8.250228012000036 ], [ 79.757446205000065, 8.250217964000058 ], [ 79.757447288000037, 8.25020375400004 ], [ 79.757448396000029, 8.250150565000069 ], [ 79.757446647000052, 8.250077992000058 ], [ 79.757438362000073, 8.24991256800007 ], [ 79.757433907000063, 8.249744855000074 ], [ 79.757431118000056, 8.249675539000066 ], [ 79.757424807000064, 8.249590267000031 ], [ 79.757415194000032, 8.249515816000041 ], [ 79.757405571000049, 8.249464905000025 ], [ 79.757393712000066, 8.249417240000071 ], [ 79.757389877000037, 8.249405176000039 ], [ 79.75738874700005, 8.249401624000029 ], [ 79.757381233000046, 8.249377996000021 ], [ 79.757365105000076, 8.249337986000057 ], [ 79.757348324000077, 8.249302585000066 ], [ 79.757327729000053, 8.249263685000074 ], [ 79.757273136000038, 8.249169817000052 ], [ 79.757255772000065, 8.249139960000036 ], [ 79.75723126400004, 8.249095817000068 ], [ 79.757210059000045, 8.249053563000075 ], [ 79.757193121000057, 8.249014473000045 ], [ 79.757186865000051, 8.248996835000071 ], [ 79.757183835000035, 8.248988292000035 ], [ 79.75717463400008, 8.248962350000056 ], [ 79.757155432000047, 8.248900961000061 ], [ 79.757138891000068, 8.248840973000028 ], [ 79.757124302000079, 8.248780234000037 ], [ 79.757067410000047, 8.248720366000043 ], [ 79.757009199000038, 8.24866189100004 ], [ 79.756981533000044, 8.248635371000034 ], [ 79.756971594000049, 8.248625845000049 ], [ 79.756937237000045, 8.248592914000028 ], [ 79.756873669000072, 8.248534234000033 ], [ 79.756822574000068, 8.248489359000075 ], [ 79.756774451000069, 8.248449500000049 ], [ 79.756729890000031, 8.248415334000072 ], [ 79.756721895000055, 8.24840920500003 ], [ 79.756698788000051, 8.248391490000074 ], [ 79.75667038000006, 8.248371349000024 ], [ 79.756660409000062, 8.248365369000055 ], [ 79.756656151000072, 8.248362815000064 ], [ 79.756623671000057, 8.248343340000076 ], [ 79.756610165000041, 8.248337228000025 ], [ 79.756596278000075, 8.248333524000032 ], [ 79.756587410000066, 8.248332651000055 ], [ 79.756575430000055, 8.248333648000028 ], [ 79.756537688000037, 8.248342766000064 ], [ 79.756524354000078, 8.248345157000074 ], [ 79.756520132000048, 8.248345483000037 ], [ 79.756494463000081, 8.248347443000057 ], [ 79.756478728000047, 8.248347443000057 ], [ 79.756464620000031, 8.248345199000028 ], [ 79.756450470000061, 8.248340223000071 ], [ 79.756435281000051, 8.248332212000037 ], [ 79.75642115100004, 8.248322132000055 ], [ 79.75641790700007, 8.248318822000044 ], [ 79.756410090000031, 8.248310851000042 ], [ 79.756401499000049, 8.248295850000034 ], [ 79.756395490000045, 8.248279288000049 ], [ 79.756385739000052, 8.248242748000052 ], [ 79.756381073000057, 8.248228363000067 ], [ 79.756379963000029, 8.24822576300005 ], [ 79.756371362000039, 8.248207567000065 ], [ 79.756355282000072, 8.248173546000032 ], [ 79.756347864000077, 8.248161303000074 ], [ 79.756341500000076, 8.24815079900003 ], [ 79.75632678900007, 8.248126521000074 ], [ 79.756317675000048, 8.248115889000076 ], [ 79.756314587000077, 8.248113364000062 ], [ 79.756312493000053, 8.248111651000045 ], [ 79.75630607800008, 8.248106405000044 ], [ 79.756295085000033, 8.248099808000063 ], [ 79.756291334000082, 8.248098604000063 ], [ 79.756284349000055, 8.248096360000034 ], [ 79.756270907000044, 8.248095035000063 ], [ 79.756257666000067, 8.248096418000046 ], [ 79.756245245000059, 8.248100593000061 ], [ 79.756232911000041, 8.248107944000026 ], [ 79.756230312000071, 8.248110274000055 ], [ 79.756223391000049, 8.248116479000032 ], [ 79.756216204000054, 8.248126420000062 ], [ 79.75621347200007, 8.24813404300005 ], [ 79.756212456000071, 8.248143474000074 ], [ 79.756215123000061, 8.248171601000024 ], [ 79.756215370000064, 8.248174169000038 ], [ 79.756219705000035, 8.248194270000056 ], [ 79.756227638000041, 8.248215170000037 ], [ 79.756236237000053, 8.248231879000059 ], [ 79.756247002000066, 8.24824910500007 ], [ 79.756259960000079, 8.248266891000071 ], [ 79.75627524500004, 8.248285425000063 ], [ 79.756284693000055, 8.248293775000036 ], [ 79.756310317000043, 8.248310893000053 ], [ 79.756319163000057, 8.248320254000021 ], [ 79.75632136300004, 8.248324938000053 ], [ 79.756322109000052, 8.248329018000049 ], [ 79.756321253000067, 8.248336301000052 ], [ 79.756319590000032, 8.248348429000032 ], [ 79.75632007300004, 8.248352707000038 ], [ 79.756320456000083, 8.248356107000063 ], [ 79.756325916000037, 8.248369825000054 ], [ 79.756327334000048, 8.248373386000026 ], [ 79.756328546000077, 8.248376430000064 ], [ 79.756337255000062, 8.248391387000026 ], [ 79.756352822000053, 8.24841011500007 ], [ 79.756373859000064, 8.248429005000048 ], [ 79.756403979000083, 8.248450573000071 ], [ 79.756407284000034, 8.24845294000005 ], [ 79.756413188000067, 8.248455984000032 ], [ 79.756441069000061, 8.248468962000061 ], [ 79.756452025000044, 8.248475423000059 ], [ 79.756455533000064, 8.248478717000069 ], [ 79.756459535000033, 8.24848247500006 ], [ 79.75646739900003, 8.248489860000063 ], [ 79.75647499300004, 8.248501068000053 ], [ 79.756479616000036, 8.248516345000041 ], [ 79.756480398000065, 8.24852541100006 ], [ 79.756480902000078, 8.248531277000041 ], [ 79.756481687000075, 8.248540371000047 ], [ 79.756479845000058, 8.248557555000048 ], [ 79.756472448000068, 8.248591161000036 ], [ 79.75647155300004, 8.24859522600002 ], [ 79.756469191000065, 8.248612778000052 ], [ 79.756469148000065, 8.248618667000073 ], [ 79.756468955000059, 8.248646079000025 ], [ 79.756471483000041, 8.248678574000053 ], [ 79.756472650000035, 8.248685085000034 ], [ 79.75647334000007, 8.248688937000054 ], [ 79.756476022000072, 8.248703909000028 ], [ 79.756483900000035, 8.248729264000076 ], [ 79.756495503000053, 8.248755953000057 ], [ 79.756511316000058, 8.248785036000072 ], [ 79.75658751900005, 8.248904110000069 ], [ 79.756614488000082, 8.248941062000029 ], [ 79.75663617500004, 8.248966921000033 ], [ 79.756661628000074, 8.248994702000061 ], [ 79.756764470000064, 8.249097712000037 ], [ 79.75680572300007, 8.249142228000039 ], [ 79.756826453000031, 8.249167330000034 ], [ 79.756844332000071, 8.249191547000066 ], [ 79.756859715000076, 8.249215362000029 ], [ 79.756872763000047, 8.249239030000069 ], [ 79.756884736000075, 8.24926559000005 ], [ 79.75689839100005, 8.249303413000064 ], [ 79.756899033000082, 8.249310303000073 ], [ 79.756896121000068, 8.249322638000024 ], [ 79.756892400000083, 8.249329211000031 ], [ 79.756888672000059, 8.249333394000075 ], [ 79.756882755000049, 8.249337345000072 ], [ 79.756875636000075, 8.249339748000068 ], [ 79.756863383000052, 8.249341790000074 ], [ 79.756858476000048, 8.24934212900007 ], [ 79.756848818000037, 8.249342795000075 ], [ 79.756837441000073, 8.249341999000023 ], [ 79.756827454000074, 8.249339680000048 ], [ 79.756818363000036, 8.249335497000061 ], [ 79.756807934000051, 8.249328426000034 ], [ 79.756800700000042, 8.249322551000034 ], [ 79.75679595500003, 8.249318699000071 ], [ 79.756786064000039, 8.249308295000048 ], [ 79.756763695000075, 8.24927967900004 ], [ 79.756725777000042, 8.249231188000067 ], [ 79.756682660000081, 8.249169589000076 ], [ 79.756658586000071, 8.249131187000046 ], [ 79.756646746000058, 8.249108636000074 ], [ 79.75664144600006, 8.249096061000046 ], [ 79.756635561000053, 8.249082104000024 ], [ 79.756612530000041, 8.249020330000064 ], [ 79.756600495000043, 8.248993250000069 ], [ 79.756588107000084, 8.248971528000027 ], [ 79.756574491000038, 8.248953540000059 ], [ 79.756568031000029, 8.24894693400006 ], [ 79.756563620000065, 8.248942421000038 ], [ 79.756549929000073, 8.248930409000025 ], [ 79.756517562000056, 8.248906815000055 ], [ 79.756492546000061, 8.248891739000044 ], [ 79.756486338000059, 8.248887998000043 ], [ 79.756481826000083, 8.248885279000035 ], [ 79.756457151000063, 8.248874108000052 ], [ 79.756429438000055, 8.248861561000069 ], [ 79.756421117000059, 8.248856959000022 ], [ 79.756413654000085, 8.248852832000068 ], [ 79.756406448000064, 8.248848846000044 ], [ 79.756367921000049, 8.248823040000048 ], [ 79.756349001000046, 8.248807895000027 ], [ 79.756341060000068, 8.248801538000066 ], [ 79.756331470000077, 8.24879386200007 ], [ 79.756312512000079, 8.248776010000029 ], [ 79.756293012000071, 8.248755591000076 ], [ 79.756248677000031, 8.248703044000024 ], [ 79.756237761000079, 8.248688734000041 ], [ 79.756232949000037, 8.248682428000052 ], [ 79.756210989000067, 8.248653643000068 ], [ 79.756193976000077, 8.248628278000069 ], [ 79.756177194000031, 8.248601053000073 ], [ 79.75614912900005, 8.248550525000041 ], [ 79.75611933600004, 8.248490567000033 ], [ 79.756054085000073, 8.24834895500004 ], [ 79.755985453000051, 8.248205958000028 ], [ 79.755966238000042, 8.248162806000039 ], [ 79.755950258000041, 8.248123661000022 ], [ 79.755943099000035, 8.248103316000027 ], [ 79.755939916000045, 8.24809427100007 ], [ 79.755933461000041, 8.248075923000044 ], [ 79.755920822000064, 8.248026440000046 ], [ 79.755910830000062, 8.247971785000061 ], [ 79.755905744000074, 8.247935916000074 ], [ 79.755895240000029, 8.247861832000069 ], [ 79.755887696000059, 8.247816121000028 ], [ 79.755877487000078, 8.247769045000041 ], [ 79.755865357000062, 8.247727920000045 ], [ 79.755855386000064, 8.247702563000075 ], [ 79.755853799000079, 8.247698527000068 ], [ 79.755851266000036, 8.247692083000061 ], [ 79.755833387000052, 8.247657450000077 ], [ 79.755811791000042, 8.247622549000027 ], [ 79.755794918000049, 8.247597383000027 ], [ 79.755749225000045, 8.24752922600004 ], [ 79.755732345000069, 8.247500111000022 ], [ 79.755719212000031, 8.247473170000035 ], [ 79.755712420000066, 8.247455668000043 ], [ 79.755711457000075, 8.247453187000076 ], [ 79.755709934000038, 8.247449263000021 ], [ 79.755702361000033, 8.247423291000075 ], [ 79.755691983000077, 8.247372263000045 ], [ 79.755683543000032, 8.24733076900003 ], [ 79.755674474000045, 8.247295768000072 ], [ 79.755671929000073, 8.247288928000046 ], [ 79.755669025000032, 8.247281125000029 ], [ 79.755657076000034, 8.247249027000066 ], [ 79.755633390000071, 8.247196872000075 ], [ 79.755613444000062, 8.247157740000034 ], [ 79.75560095600008, 8.24713485500007 ], [ 79.75559884300003, 8.247130980000065 ], [ 79.755591663000075, 8.247117824000043 ], [ 79.75557354700004, 8.247088180000048 ], [ 79.755552857000055, 8.247057522000034 ], [ 79.755508729000042, 8.246998912000038 ], [ 79.755410038000036, 8.246878748000029 ], [ 79.755372827000031, 8.246830819000024 ], [ 79.755367939000053, 8.24682438800005 ], [ 79.755364702000065, 8.24681971800004 ], [ 79.755331219000084, 8.246771400000057 ], [ 79.755261956000084, 8.246661999000025 ], [ 79.755232319000072, 8.24661745700007 ], [ 79.755199300000072, 8.246572811000021 ], [ 79.755167028000074, 8.246535204000054 ], [ 79.755155776000038, 8.246524045000058 ], [ 79.755151814000044, 8.246520115000067 ], [ 79.755134286000043, 8.246502730000032 ], [ 79.755096036000054, 8.246468977000063 ], [ 79.755053401000055, 8.246434943000054 ], [ 79.755004735000057, 8.246399266000026 ], [ 79.754958926000029, 8.246367733000056 ], [ 79.754933902000062, 8.246351892000064 ], [ 79.75489606800005, 8.24633097800006 ], [ 79.754837440000074, 8.246298567000053 ], [ 79.754807064000033, 8.246280732000059 ], [ 79.754781516000037, 8.246263882000051 ], [ 79.754760277000059, 8.246247721000032 ], [ 79.754733761000068, 8.246224315000063 ], [ 79.754705830000034, 8.246196117000068 ], [ 79.754671534000067, 8.246156973000041 ], [ 79.75461757100004, 8.246095387000025 ], [ 79.754583506000074, 8.246059217000038 ], [ 79.754565211000056, 8.246041802000036 ], [ 79.754547372000047, 8.246026414000028 ], [ 79.75452967700005, 8.246012785000062 ], [ 79.754511954000066, 8.246000782000067 ], [ 79.754508500000043, 8.245998765000024 ], [ 79.754489273000047, 8.245987537000076 ], [ 79.754463212000076, 8.24597424500007 ], [ 79.75436181300006, 8.245929467000053 ], [ 79.75435612900003, 8.245926957000052 ], [ 79.754350105000071, 8.245923942000047 ], [ 79.754326830000082, 8.245912292000071 ], [ 79.754302965000079, 8.245900347000031 ], [ 79.754232757000068, 8.245861786000034 ], [ 79.75410882500006, 8.245790517000046 ], [ 79.754068434000033, 8.24576729000006 ], [ 79.754044738000061, 8.245754719000047 ], [ 79.75400800400007, 8.245735232000072 ], [ 79.753987767000069, 8.245724497000026 ], [ 79.753936923000083, 8.245700864000071 ], [ 79.753902441000037, 8.245684836000066 ], [ 79.753706136000062, 8.245600302000071 ], [ 79.75366010700003, 8.245578953000063 ], [ 79.753619016000073, 8.245558532000075 ], [ 79.753575357000045, 8.245534900000052 ], [ 79.753535405000036, 8.245510980000063 ], [ 79.753512097000055, 8.245495455000025 ], [ 79.753509112000074, 8.245493467000074 ], [ 79.753497411000069, 8.245485673000076 ], [ 79.753455410000072, 8.245455245000073 ], [ 79.75341334500007, 8.245422516000076 ], [ 79.753370041000039, 8.24538663800007 ], [ 79.753324960000043, 8.245347167000034 ], [ 79.753276922000055, 8.245303071000023 ], [ 79.753217580000069, 8.24524636700005 ], [ 79.753164088000062, 8.245193728000061 ], [ 79.753159979000031, 8.245189685000071 ], [ 79.753143719000036, 8.245173685000054 ], [ 79.753093494000041, 8.245122375000051 ], [ 79.753044278000061, 8.245070066000039 ], [ 79.752991957000063, 8.245012101000043 ], [ 79.752983456000038, 8.245002206000038 ], [ 79.752976459000081, 8.244994061000057 ], [ 79.752951848000066, 8.244965414000035 ], [ 79.752850988000034, 8.244838651000066 ], [ 79.752827391000039, 8.244808994000039 ], [ 79.752815533000046, 8.244794736000074 ], [ 79.752793122000071, 8.244767790000026 ], [ 79.752780772000051, 8.244752940000069 ], [ 79.752743834000057, 8.244711589000076 ], [ 79.752729676000058, 8.244695742000033 ], [ 79.75260970000005, 8.244566421000059 ], [ 79.752555115000064, 8.244504120000045 ], [ 79.752508270000078, 8.244445340000027 ], [ 79.752498174000038, 8.244431485000064 ], [ 79.752491734000046, 8.244422632000067 ], [ 79.752459201000079, 8.244374819000029 ], [ 79.752451798000038, 8.244365504000029 ], [ 79.752447396000036, 8.244359967000037 ], [ 79.752437727000085, 8.24434780100006 ], [ 79.752405649000082, 8.244312678000028 ], [ 79.752371333000042, 8.244279945000073 ], [ 79.752331993000041, 8.244247614000074 ], [ 79.752291564000075, 8.24421957800007 ], [ 79.752250715000059, 8.244196295000052 ], [ 79.752209931000039, 8.244178042000044 ], [ 79.752171582000074, 8.244165517000056 ], [ 79.752155279000078, 8.244161653000049 ], [ 79.752141510000058, 8.244159815000046 ], [ 79.752114586000062, 8.244160192000038 ], [ 79.752047050000044, 8.244167053000069 ], [ 79.752029624000045, 8.244166819000043 ], [ 79.752014832000043, 8.244164633000025 ], [ 79.752000109000051, 8.244159498000045 ], [ 79.751992636000068, 8.244154729000059 ], [ 79.751986616000067, 8.244150888000036 ], [ 79.751966717000073, 8.244134298000063 ], [ 79.751951772000041, 8.244118040000046 ], [ 79.751944905000073, 8.24410705400004 ], [ 79.75194248400004, 8.24409834000005 ], [ 79.751944089000062, 8.244089673000076 ], [ 79.751950132000047, 8.24408132700006 ], [ 79.751957275000052, 8.244074990000058 ], [ 79.751967081000032, 8.244068095000046 ], [ 79.75201945200007, 8.244036548000054 ], [ 79.752032242000041, 8.244025802000067 ], [ 79.752061531000038, 8.244001191000052 ], [ 79.752097811000056, 8.243968861000042 ], [ 79.752127764000079, 8.243939983000075 ], [ 79.752130763000082, 8.243936771000051 ], [ 79.752132796000069, 8.243934592000073 ], [ 79.752150301000029, 8.243915841000046 ], [ 79.752172625000071, 8.243888846000061 ], [ 79.752191556000071, 8.243863598000075 ], [ 79.752211677000048, 8.243834676000063 ], [ 79.752276832000064, 8.243734085000028 ], [ 79.752288395000051, 8.243717009000022 ], [ 79.752302439000061, 8.243696268000065 ], [ 79.752323710000042, 8.243667278000032 ], [ 79.752325865000046, 8.243664613000021 ] ], [ [ 79.750963226000067, 8.240636602000052 ], [ 79.750965779000069, 8.240638180000076 ], [ 79.75100873100007, 8.240664633000051 ], [ 79.751047301000085, 8.240687230000049 ], [ 79.751167678000058, 8.240757753000025 ], [ 79.751228015000038, 8.240794240000071 ], [ 79.751258776000043, 8.240814366000052 ], [ 79.751278733000049, 8.240827422000052 ], [ 79.751399538000044, 8.240906463000044 ], [ 79.751476570000079, 8.240959418000045 ], [ 79.751541640000084, 8.241007073000048 ], [ 79.751599509000073, 8.24105292400003 ], [ 79.751651419000041, 8.241097989000025 ], [ 79.751688594000029, 8.241133327000057 ], [ 79.751729501000057, 8.241175375000068 ], [ 79.75176923600003, 8.241219085000068 ], [ 79.751808573000062, 8.241265225000063 ], [ 79.751846109000041, 8.241311994000057 ], [ 79.751883219000035, 8.241360954000072 ], [ 79.751907036000034, 8.241394241000023 ], [ 79.751911441000061, 8.241400397000064 ], [ 79.751932124000064, 8.241429303000075 ], [ 79.751964656000041, 8.241476976000058 ], [ 79.751995110000053, 8.241526290000024 ], [ 79.752003767000076, 8.241542882000033 ], [ 79.752009021000049, 8.241552953000053 ], [ 79.752017257000034, 8.241568739000058 ], [ 79.752033948000076, 8.241609097000037 ], [ 79.752055526000049, 8.241669640000055 ], [ 79.752062155000033, 8.241688236000073 ], [ 79.752074480000033, 8.241720202000067 ], [ 79.752085258000079, 8.241744237000034 ], [ 79.752086819000056, 8.241747719000045 ], [ 79.752088250000043, 8.241750912000043 ], [ 79.752108368000052, 8.241789952000033 ], [ 79.752133611000033, 8.24183404200005 ], [ 79.752163716000041, 8.241882274000034 ], [ 79.752275176000069, 8.242048153000042 ], [ 79.752289671000085, 8.242068456000027 ], [ 79.752307745000053, 8.242090606000033 ], [ 79.752376441000081, 8.242165620000037 ], [ 79.752401481000049, 8.242195115000072 ], [ 79.752423328000077, 8.242225892000022 ], [ 79.752431619000049, 8.242240371000037 ], [ 79.752438299000062, 8.242254482000021 ], [ 79.752444261000051, 8.242271068000036 ], [ 79.752448037000079, 8.242287428000054 ], [ 79.752449612000078, 8.242302886000061 ], [ 79.752449458000058, 8.242321968000056 ], [ 79.752447382000071, 8.242343715000061 ], [ 79.752443379000056, 8.242366710000056 ], [ 79.752437514000064, 8.242390567000029 ], [ 79.752429924000069, 8.242414723000024 ], [ 79.752416545000074, 8.242447458000072 ], [ 79.752415485000085, 8.242450052000038 ], [ 79.752413811000054, 8.242454149000025 ], [ 79.75240597800007, 8.242468201000065 ], [ 79.75239629400005, 8.242482488000064 ], [ 79.752373614000078, 8.242509751000057 ], [ 79.752321751000068, 8.242564383000058 ], [ 79.752312984000071, 8.242573618000051 ], [ 79.752298099000029, 8.242592165000076 ], [ 79.752294402000075, 8.242597739000075 ], [ 79.752291597000067, 8.242601968000031 ], [ 79.752286781000066, 8.242609231000074 ], [ 79.752276798000082, 8.24262841500007 ], [ 79.752270973000066, 8.242642304000071 ], [ 79.752267135000068, 8.242651460000047 ], [ 79.752238971000054, 8.242735089000064 ], [ 79.752227283000082, 8.242765084000041 ], [ 79.75222025000005, 8.242779677000044 ], [ 79.752212950000057, 8.242792231000067 ], [ 79.752205239000034, 8.242802994000044 ], [ 79.752197034000062, 8.242812077000053 ], [ 79.75218250000006, 8.242823428000065 ], [ 79.752176390000045, 8.242826268000044 ], [ 79.752164609000033, 8.242831741000032 ], [ 79.752140724000071, 8.242838612000071 ], [ 79.752113476000034, 8.242842919000054 ], [ 79.752084262000039, 8.242844443000024 ], [ 79.752054832000056, 8.24284308600005 ], [ 79.752026968000052, 8.242838936000055 ], [ 79.752002145000063, 8.242832215000021 ], [ 79.751993213000048, 8.24282845700003 ], [ 79.751985399000034, 8.242825169000071 ], [ 79.751969840000072, 8.24281544300004 ], [ 79.751954181000031, 8.242802267000059 ], [ 79.751938138000071, 8.242785335000065 ], [ 79.751920377000033, 8.242763127000046 ], [ 79.751883086000078, 8.242711320000069 ], [ 79.751866322000069, 8.24268969600007 ], [ 79.751783673000034, 8.242598259000033 ], [ 79.751752714000077, 8.242561389000059 ], [ 79.751727046000042, 8.242525693000061 ], [ 79.751713351000035, 8.242501899000047 ], [ 79.751711162000049, 8.242498096000077 ], [ 79.751707127000032, 8.242491083000061 ], [ 79.751688057000081, 8.242449468000075 ], [ 79.75167129600004, 8.242403762000038 ], [ 79.751656890000049, 8.242354082000077 ], [ 79.75164489000008, 8.242300616000023 ], [ 79.751644178000049, 8.242296191000037 ], [ 79.75164372200004, 8.242293356000062 ], [ 79.751641448000044, 8.242279218000022 ], [ 79.751639710000063, 8.242255442000044 ], [ 79.751639802000057, 8.24223665300002 ], [ 79.751640085000076, 8.242179256000043 ], [ 79.751639407000084, 8.242154906000053 ], [ 79.751637432000052, 8.242134300000032 ], [ 79.751634033000073, 8.242116124000063 ], [ 79.751630503000058, 8.242104531000052 ], [ 79.751628685000071, 8.242098564000059 ], [ 79.75162090300006, 8.242080198000053 ], [ 79.751611162000074, 8.242062181000051 ], [ 79.751599311000064, 8.242044155000031 ], [ 79.75158478000003, 8.242025402000024 ], [ 79.751567723000051, 8.242006256000025 ], [ 79.751547876000075, 8.241986413000063 ], [ 79.75152445100008, 8.241965082000036 ], [ 79.751434119000066, 8.241889815000036 ], [ 79.751407688000029, 8.241866736000077 ], [ 79.751401798000074, 8.241861593000067 ], [ 79.751373929000067, 8.241837260000068 ], [ 79.751342737000073, 8.241812801000037 ], [ 79.751258372000052, 8.241746646000024 ], [ 79.751234934000081, 8.241726319000065 ], [ 79.751214506000053, 8.241706863000047 ], [ 79.751190012000052, 8.241680648000056 ], [ 79.75116437500003, 8.241649977000066 ], [ 79.751092640000081, 8.241554532000066 ], [ 79.751080751000075, 8.241538712000022 ], [ 79.751046593000069, 8.24149638800003 ], [ 79.751042912000059, 8.241492371000049 ], [ 79.751030272000037, 8.241478578000056 ], [ 79.751014849000057, 8.241461748000063 ], [ 79.751004884000054, 8.241451690000076 ], [ 79.750940613000068, 8.241386822000038 ], [ 79.750909553000042, 8.241351959000042 ], [ 79.750904213000069, 8.241345071000069 ], [ 79.750900874000081, 8.24134076200005 ], [ 79.750870221000071, 8.241301218000046 ], [ 79.750840958000083, 8.241259442000057 ], [ 79.750817102000042, 8.241219583000031 ], [ 79.750811641000041, 8.241208862000065 ], [ 79.750808735000078, 8.241203157000029 ], [ 79.750802375000035, 8.24118792400003 ], [ 79.750793609000084, 8.241159343000049 ], [ 79.750786982000079, 8.241126035000036 ], [ 79.750782680000043, 8.241092607000041 ], [ 79.750780186000043, 8.241066979000038 ], [ 79.750774530000058, 8.241008907000037 ], [ 79.750767512000039, 8.240965988000028 ], [ 79.750762025000085, 8.240944607000074 ], [ 79.750755350000077, 8.240925439000023 ], [ 79.750747396000065, 8.240908190000027 ], [ 79.750743551000085, 8.240901766000036 ], [ 79.750737930000071, 8.240892373000065 ], [ 79.750726456000052, 8.240877053000077 ], [ 79.750712879000048, 8.240862105000076 ], [ 79.750697061000039, 8.240847371000029 ], [ 79.750678695000033, 8.240832564000073 ], [ 79.750641339000083, 8.240806778000035 ], [ 79.75057702600003, 8.240766711000049 ], [ 79.750541873000032, 8.240744810000024 ], [ 79.75051544400003, 8.240725815000076 ], [ 79.750493388000052, 8.240707407000059 ], [ 79.750478628000053, 8.240692971000044 ], [ 79.750465804000044, 8.240678268000067 ], [ 79.750462506000076, 8.240674071000058 ], [ 79.750409455000067, 8.240606677000073 ], [ 79.750383616000079, 8.240570075000051 ], [ 79.750367092000033, 8.240541119000056 ], [ 79.750356313000054, 8.240514747000077 ], [ 79.750352982000038, 8.24050229900007 ], [ 79.750351015000035, 8.240490304000048 ], [ 79.750350409000077, 8.240478728000028 ], [ 79.750351225000031, 8.24046720900003 ], [ 79.750354514000037, 8.240449297000055 ], [ 79.750359734000085, 8.240430218000029 ], [ 79.750366449000069, 8.240411655000059 ], [ 79.75037435400003, 8.240394442000024 ], [ 79.750382998000077, 8.240379450000034 ], [ 79.750392331000057, 8.240366671000061 ], [ 79.750402188000066, 8.240356322000025 ], [ 79.750412468000036, 8.240348514000061 ], [ 79.750421131000053, 8.240343997000025 ], [ 79.750431268000057, 8.240340327000069 ], [ 79.750456517000032, 8.240335349000077 ], [ 79.750511006000067, 8.240332164000051 ], [ 79.75051630400003, 8.240331855000022 ], [ 79.750542516000053, 8.240332733000059 ], [ 79.750569408000047, 8.24033711800007 ], [ 79.750596456000039, 8.240345056000024 ], [ 79.750623830000052, 8.240356594000048 ], [ 79.750651797000046, 8.240371845000027 ], [ 79.750688240000045, 8.240396504000046 ], [ 79.750727592000032, 8.240428271000042 ], [ 79.750767181000072, 8.240464168000074 ], [ 79.750875238000049, 8.24056738400003 ], [ 79.750908849000041, 8.240596555000025 ], [ 79.750939610000046, 8.24062045900007 ], [ 79.750953062000065, 8.240629655000021 ], [ 79.750963226000067, 8.240636602000052 ] ], [ [ 79.751814572000058, 8.244624715000043 ], [ 79.751795995000066, 8.244359964000068 ], [ 79.751748879000047, 8.244206433000045 ], [ 79.751752003000036, 8.244041400000071 ], [ 79.751751600000034, 8.243975728000066 ], [ 79.751809599000069, 8.243983218000039 ], [ 79.751814899000067, 8.244117014000039 ], [ 79.751852936000034, 8.244219890000068 ], [ 79.751905504000035, 8.244325165000021 ], [ 79.751904009000043, 8.244357519000062 ], [ 79.751903636000065, 8.244503590000022 ], [ 79.751903317000085, 8.244627750000063 ], [ 79.751902925000081, 8.244781124000042 ], [ 79.751814817000081, 8.244832024000061 ], [ 79.751609537000036, 8.244831502000068 ], [ 79.75155834800006, 8.244780248000041 ], [ 79.751661100000035, 8.244736688000046 ], [ 79.751690706000034, 8.244627209000043 ], [ 79.751676381000038, 8.244495709000034 ], [ 79.751552102000062, 8.244356624000034 ], [ 79.751435624000067, 8.244034972000065 ], [ 79.751346984000065, 8.24381685700007 ], [ 79.751171679000038, 8.243563219000066 ], [ 79.750957076000077, 8.243387389000077 ], [ 79.750776597000083, 8.243274377000034 ], [ 79.750644770000065, 8.243191831000047 ], [ 79.750574545000063, 8.243133078000028 ], [ 79.75049765600005, 8.243083011000067 ], [ 79.750436229000059, 8.243009965000056 ], [ 79.750394086000085, 8.242925459000048 ], [ 79.750328796000076, 8.242856239000048 ], [ 79.750251526000056, 8.242797086000053 ], [ 79.750190036000049, 8.242723628000022 ], [ 79.750149046000047, 8.24265878500006 ], [ 79.750112376000061, 8.242598271000077 ], [ 79.750111879000031, 8.242575547000058 ], [ 79.750110437000046, 8.242509792000021 ], [ 79.750118837000059, 8.24245348200003 ], [ 79.750138797000034, 8.242432179000048 ], [ 79.750173465000046, 8.242427951000025 ], [ 79.750188540000067, 8.242462516000046 ], [ 79.750190613000029, 8.242499205000058 ], [ 79.750193884000055, 8.242528465000021 ], [ 79.750199555000052, 8.242592429000069 ], [ 79.75020498400005, 8.242598151000038 ], [ 79.750310134000074, 8.242708981000021 ], [ 79.750494199000059, 8.242929550000042 ], [ 79.750628655000071, 8.243056491000061 ], [ 79.750830921000045, 8.243137028000035 ], [ 79.75083845000006, 8.243141970000067 ], [ 79.75110165500007, 8.243314726000051 ], [ 79.751289829000029, 8.243518529000028 ], [ 79.75144313800007, 8.24380280400004 ], [ 79.751685303000045, 8.244299860000069 ], [ 79.751776023000048, 8.244639964000044 ], [ 79.751814572000058, 8.244624715000043 ] ], [ [ 79.751018228000078, 8.24549055500006 ], [ 79.750906298000075, 8.245464774000027 ], [ 79.750836353000068, 8.245453475000033 ], [ 79.750768247000053, 8.245432959000027 ], [ 79.750694276000047, 8.24539895700002 ], [ 79.750632120000034, 8.245358294000027 ], [ 79.750547497000071, 8.245266310000034 ], [ 79.750508140000079, 8.245219104000057 ], [ 79.750483038000084, 8.245168590000048 ], [ 79.750480806000041, 8.245119039000031 ], [ 79.750491943000043, 8.245093932000032 ], [ 79.75068979100007, 8.244918040000073 ], [ 79.750710446000085, 8.244897751000053 ], [ 79.750771566000083, 8.244811653000056 ], [ 79.750808898000059, 8.244763920000025 ], [ 79.750833415000045, 8.244759100000067 ], [ 79.750860359000058, 8.244763417000058 ], [ 79.750915833000079, 8.244790592000072 ], [ 79.750963661000071, 8.24482696900003 ], [ 79.751034877000052, 8.244908792000047 ], [ 79.751142762000029, 8.245060509000041 ], [ 79.751235663000045, 8.245180180000034 ], [ 79.751300147000052, 8.245268678000059 ], [ 79.751350366000054, 8.245327754000073 ], [ 79.751391319000049, 8.245390153000073 ], [ 79.751418707000084, 8.245469152000055 ], [ 79.751414056000044, 8.245548885000062 ], [ 79.751396179000039, 8.245583286000056 ], [ 79.751347030000034, 8.245637589000069 ], [ 79.75128359200005, 8.24567250900003 ], [ 79.751248195000073, 8.245673141000054 ], [ 79.751178358000061, 8.245654338000065 ], [ 79.751118783000038, 8.245598584000049 ], [ 79.751073648000045, 8.245538705000058 ], [ 79.751018228000078, 8.24549055500006 ] ], [ [ 79.757453258000055, 8.257353029000058 ], [ 79.757508572000063, 8.257345824000026 ], [ 79.757560416000047, 8.257254148000072 ], [ 79.75762809400004, 8.257240842000044 ], [ 79.75765262300007, 8.25723602000005 ], [ 79.757700706000037, 8.257173713000043 ], [ 79.757692106000036, 8.257143437000025 ], [ 79.757686091000039, 8.257122264000031 ], [ 79.75760521400008, 8.257033924000041 ], [ 79.757601697000041, 8.256967814000063 ], [ 79.757694035000043, 8.256898274000037 ], [ 79.757826718000047, 8.256909627000027 ], [ 79.757839563000061, 8.25691906000003 ], [ 79.757937103000074, 8.256990696000059 ], [ 79.75800672400004, 8.257156126000041 ], [ 79.758017456000061, 8.257284683000023 ], [ 79.75798403400006, 8.257380079000029 ], [ 79.757862215000046, 8.257445871000073 ], [ 79.757740459000047, 8.257485958000075 ], [ 79.757701146000045, 8.257516856000052 ], [ 79.757633338000062, 8.257570150000049 ], [ 79.757570557000065, 8.257614058000058 ], [ 79.757504173000029, 8.257624907000036 ], [ 79.75738642400006, 8.257540146000053 ], [ 79.757405015000074, 8.257477765000033 ], [ 79.757427274000065, 8.257422736000024 ], [ 79.757453258000055, 8.257353029000058 ] ], [ [ 79.759237463000034, 8.260296406000066 ], [ 79.759347339000044, 8.260361459000023 ], [ 79.759437299000069, 8.260391584000047 ], [ 79.759502171000065, 8.260451540000076 ], [ 79.75954194500008, 8.260546312000031 ], [ 79.759506588000079, 8.260680757000046 ], [ 79.759371144000056, 8.260834878000026 ], [ 79.759210852000081, 8.260924163000027 ], [ 79.759080599000072, 8.261003557000038 ], [ 79.758975571000065, 8.260998310000048 ], [ 79.758825741000067, 8.260908240000049 ], [ 79.758646155000065, 8.260718442000041 ], [ 79.758581410000033, 8.26060865900007 ], [ 79.758511662000046, 8.260498861000031 ], [ 79.758421971000075, 8.26036410100005 ], [ 79.758387174000063, 8.260279306000029 ], [ 79.758402434000061, 8.260179690000029 ], [ 79.758477730000038, 8.260075243000074 ], [ 79.758498029000066, 8.259960693000039 ], [ 79.758578213000078, 8.259901102000072 ], [ 79.758698271000071, 8.259896423000043 ], [ 79.758858282000062, 8.259916759000021 ], [ 79.758963196000082, 8.259966851000058 ], [ 79.75903286700003, 8.260106544000053 ], [ 79.759127637000063, 8.260211421000065 ], [ 79.759237463000034, 8.260296406000066 ] ] ], [ [ [ 79.773384442000065, 8.260527427000056 ], [ 79.773343424000075, 8.260463216000062 ], [ 79.773202311000034, 8.26032998900007 ], [ 79.77311209100003, 8.260193865000076 ], [ 79.773009450000075, 8.260140222000075 ], [ 79.772849388000054, 8.260105727000052 ], [ 79.772767272000067, 8.26010466300005 ], [ 79.772538033000046, 8.260138943000072 ], [ 79.772362705000035, 8.260131390000026 ], [ 79.77224403300005, 8.260110200000042 ], [ 79.772132113000055, 8.260068377000039 ], [ 79.772035064000079, 8.260012075000077 ], [ 79.771942799000044, 8.259932194000044 ], [ 79.771863749000033, 8.259838090000073 ], [ 79.771677630000056, 8.259532922000062 ], [ 79.771663009000065, 8.259474037000075 ], [ 79.771676803000048, 8.259419484000034 ], [ 79.771766435000075, 8.259291852000047 ], [ 79.771856352000043, 8.259206859000074 ], [ 79.772083852000037, 8.259058778000053 ], [ 79.77226530400003, 8.258964483000057 ], [ 79.772381835000033, 8.258867541000029 ], [ 79.772441344000072, 8.25876063100003 ], [ 79.772446270000046, 8.258606737000036 ], [ 79.772408407000057, 8.258489816000065 ], [ 79.772316174000082, 8.25836331000005 ], [ 79.772217158000046, 8.258277458000066 ], [ 79.77201821500006, 8.258141660000035 ], [ 79.771934990000034, 8.258112023000024 ], [ 79.771837375000075, 8.258109365000053 ], [ 79.771724041000084, 8.258133736000048 ], [ 79.771616460000075, 8.258181421000074 ], [ 79.77151959400004, 8.258250223000061 ], [ 79.77145418300006, 8.258323755000049 ], [ 79.771423586000083, 8.258397233000039 ], [ 79.771413265000035, 8.258497233000071 ], [ 79.771423555000069, 8.258625349000056 ], [ 79.77146009900008, 8.25875144500003 ], [ 79.771601911000062, 8.25898273100006 ], [ 79.771623169000065, 8.259094829000048 ], [ 79.771612634000064, 8.259168028000033 ], [ 79.771550713000067, 8.259216947000027 ], [ 79.77144148800005, 8.259240915000021 ], [ 79.771293139000079, 8.259219335000068 ], [ 79.771122999000056, 8.259169731000043 ], [ 79.77093771400007, 8.259160689000055 ], [ 79.770805951000057, 8.259198007000066 ], [ 79.770696074000057, 8.259268216000066 ], [ 79.770645587000047, 8.259330147000071 ], [ 79.77060571100003, 8.259409708000021 ], [ 79.770582742000045, 8.259492750000049 ], [ 79.770579035000083, 8.259573108000041 ], [ 79.770617685000047, 8.259765321000032 ], [ 79.770732403000068, 8.259993705000056 ], [ 79.770915141000046, 8.260235341000055 ], [ 79.770990509000058, 8.26027152000006 ], [ 79.771075370000062, 8.260278960000051 ], [ 79.771135882000067, 8.260255276000066 ], [ 79.771208413000068, 8.260198237000054 ], [ 79.771308915000077, 8.259968819000051 ], [ 79.771384497000042, 8.259901933000037 ], [ 79.771427918000029, 8.259893638000051 ], [ 79.771526725000058, 8.260050679000074 ], [ 79.771635142000036, 8.260315741000056 ], [ 79.771711568000057, 8.260409990000028 ], [ 79.77181758100005, 8.260479568000051 ], [ 79.771988413000031, 8.260496641000032 ], [ 79.77214415800006, 8.260561987000074 ], [ 79.772403207000082, 8.260711632000039 ], [ 79.77259719400007, 8.260884303000068 ], [ 79.77266959800005, 8.260993426000027 ], [ 79.772721659000069, 8.26113003200004 ], [ 79.772747532000039, 8.261269064000032 ], [ 79.772742299000072, 8.261397483000053 ], [ 79.772753819000059, 8.261453489000075 ], [ 79.772795589000054, 8.261532979000037 ], [ 79.772852446000059, 8.261593196000035 ], [ 79.772955641000067, 8.261640198000066 ], [ 79.773146862000033, 8.261681902000021 ], [ 79.773456473000067, 8.261603042000047 ], [ 79.773629600000049, 8.26159013900002 ], [ 79.773752294000076, 8.26161982800005 ], [ 79.773875472000043, 8.261682442000051 ], [ 79.77398531700004, 8.261671268000043 ], [ 79.774044433000086, 8.261671415000023 ], [ 79.773917474000029, 8.261575331000074 ], [ 79.77378828500008, 8.261527982000075 ], [ 79.77361374000003, 8.261523933000035 ], [ 79.773269387000084, 8.261562599000058 ], [ 79.773158694000074, 8.261544450000031 ], [ 79.773110918000043, 8.26151429500004 ], [ 79.773085253000033, 8.261386426000058 ], [ 79.772934656000075, 8.261061758000039 ], [ 79.772949663000077, 8.260954154000046 ], [ 79.773030267000081, 8.260794674000067 ], [ 79.772961448000046, 8.260621144000027 ], [ 79.772958636000055, 8.260568186000057 ], [ 79.773005896000029, 8.260485569000025 ], [ 79.773058989000049, 8.260462367000059 ], [ 79.773158754000065, 8.260493750000023 ], [ 79.77333072700003, 8.260643665000032 ], [ 79.773369349000063, 8.260631862000025 ], [ 79.773397630000034, 8.260575809000045 ], [ 79.773384442000065, 8.260527427000056 ] ] ], [ [ [ 79.750949786000035, 8.263440192000076 ], [ 79.750958789000038, 8.263434817000075 ], [ 79.750961145000076, 8.263433411000051 ], [ 79.750971091000054, 8.26342324500007 ], [ 79.750977443000068, 8.263412233000054 ], [ 79.75098268000005, 8.263398247000055 ], [ 79.750994783000067, 8.26334481300006 ], [ 79.751001103000078, 8.263325093000049 ], [ 79.751009237000062, 8.263307352000027 ], [ 79.751025366000079, 8.26327244600003 ], [ 79.751026981000052, 8.263269464000075 ], [ 79.751031299000033, 8.263261488000069 ], [ 79.751052602000073, 8.263222134000046 ], [ 79.751073467000083, 8.26318834500006 ], [ 79.751075147000051, 8.263185932000056 ], [ 79.75107732500004, 8.263182803000063 ], [ 79.751094225000031, 8.263158517000022 ], [ 79.751140629000076, 8.263099935000071 ], [ 79.751181794000047, 8.26305357800004 ], [ 79.751184727000066, 8.26304927800004 ], [ 79.751187857000048, 8.263044691000061 ], [ 79.751190614000052, 8.263040647000025 ], [ 79.751199381000049, 8.263025004000042 ], [ 79.751209679000056, 8.263007050000056 ], [ 79.751213516000064, 8.263002290000031 ], [ 79.751225232000081, 8.262987759000055 ], [ 79.751239903000055, 8.262973267000064 ], [ 79.75125896000003, 8.262956755000062 ], [ 79.751272338000035, 8.262945965000029 ], [ 79.751274341000055, 8.262944350000055 ], [ 79.751281722000044, 8.262938398000074 ], [ 79.75130189600003, 8.262924199000054 ], [ 79.751337216000081, 8.262902883000038 ], [ 79.751396295000063, 8.262870274000022 ], [ 79.751445564000051, 8.262843081000028 ], [ 79.75145511900007, 8.262836775000039 ], [ 79.75146528700003, 8.26283006500006 ], [ 79.751474081000083, 8.262824263000027 ], [ 79.751496753000083, 8.26280657500007 ], [ 79.751512810000065, 8.262792199000046 ], [ 79.751514919000044, 8.262790310000071 ], [ 79.751517276000072, 8.262788200000045 ], [ 79.751531901000078, 8.262772369000061 ], [ 79.751546575000077, 8.262753356000076 ], [ 79.751598111000078, 8.26267411300006 ], [ 79.751599730000066, 8.262671626000042 ], [ 79.75160149800007, 8.262669383000059 ], [ 79.751637438000046, 8.26262381500004 ], [ 79.751648012000032, 8.262608997000029 ], [ 79.751665385000081, 8.262579397000025 ], [ 79.751680867000061, 8.262546875000055 ], [ 79.751681923000035, 8.262544004000063 ], [ 79.751683043000071, 8.262540960000024 ], [ 79.75169117400003, 8.262518858000021 ], [ 79.751699195000072, 8.262486599000056 ], [ 79.75171845300008, 8.262360634000061 ], [ 79.751724053000032, 8.26232400300006 ], [ 79.751727214000084, 8.26231049300003 ], [ 79.751730421000047, 8.262296789000061 ], [ 79.751737529000081, 8.262266410000052 ], [ 79.751744152000072, 8.262248397000064 ], [ 79.751750746000084, 8.262237217000063 ], [ 79.751752096000075, 8.262234928000055 ], [ 79.751766130000078, 8.262218476000044 ], [ 79.751769551000052, 8.262215733000062 ], [ 79.751774707000038, 8.262211594000064 ], [ 79.751781168000036, 8.262206412000069 ], [ 79.751793514000042, 8.262199157000055 ], [ 79.75179739400005, 8.262197365000077 ], [ 79.751805303000083, 8.26219370900003 ], [ 79.75181761500005, 8.262189847000059 ], [ 79.75183166100004, 8.262187060000031 ], [ 79.751850586000046, 8.262185019000071 ], [ 79.751883626000051, 8.262183227000037 ], [ 79.75188642300003, 8.262183044000039 ], [ 79.75191766100005, 8.262179016000061 ], [ 79.751928375000034, 8.262179701000036 ], [ 79.751937952000048, 8.262184013000024 ], [ 79.751943909000033, 8.262189310000053 ], [ 79.751952283000037, 8.262200093000047 ], [ 79.751956555000049, 8.262205594000022 ], [ 79.75196416600005, 8.262217494000026 ], [ 79.751971157000071, 8.262231090000057 ], [ 79.75198030200005, 8.262253676000057 ], [ 79.751996803000054, 8.262303412000051 ], [ 79.751998511000068, 8.262308130000065 ], [ 79.752013360000035, 8.262348459000066 ], [ 79.752014888000076, 8.26235732400005 ], [ 79.75201581400006, 8.262362692000067 ], [ 79.752017177000084, 8.262370605000058 ], [ 79.752017979000073, 8.26239200200007 ], [ 79.752015135000079, 8.262408968000045 ], [ 79.752013025000053, 8.26241398600007 ], [ 79.752009586000042, 8.262422170000036 ], [ 79.75200407300008, 8.262431574000061 ], [ 79.752002170000083, 8.262434818000031 ], [ 79.751998025000034, 8.262441890000048 ], [ 79.751986244000079, 8.26245778200007 ], [ 79.751940392000051, 8.262507048000032 ], [ 79.751938559000052, 8.26250901700007 ], [ 79.751933601000076, 8.262514989000067 ], [ 79.751928692000035, 8.262520901000073 ], [ 79.751902298000061, 8.262552682000035 ], [ 79.751891834000048, 8.262569288000066 ], [ 79.751884030000042, 8.262585503000025 ], [ 79.751879139000039, 8.262598088000061 ], [ 79.751876242000037, 8.26260940800006 ], [ 79.751875360000042, 8.262620326000047 ], [ 79.751876464000077, 8.262634811000055 ], [ 79.751879406000057, 8.262645976000044 ], [ 79.751882246000037, 8.262650950000022 ], [ 79.751888862000044, 8.262658124000041 ], [ 79.751897253000038, 8.262663703000044 ], [ 79.751907508000045, 8.262668746000031 ], [ 79.751917089000074, 8.262671743000055 ], [ 79.751927549000072, 8.262672968000061 ], [ 79.751956172000064, 8.262672925000061 ], [ 79.751961633000064, 8.262673115000041 ], [ 79.752016308000066, 8.262674902000072 ], [ 79.75217316700008, 8.262671796000063 ], [ 79.752176896000037, 8.262671794000028 ], [ 79.752205035000031, 8.262671940000075 ], [ 79.752438651000034, 8.262673053000071 ], [ 79.752474219000078, 8.262673223000036 ], [ 79.752653938000037, 8.262672739000038 ], [ 79.752719402000082, 8.262672578000036 ], [ 79.752748122000071, 8.262671583000042 ], [ 79.752754013000072, 8.262671379000039 ], [ 79.75275700800006, 8.262671276000049 ], [ 79.752804247000086, 8.262667652000061 ], [ 79.752842710000039, 8.262663107000037 ], [ 79.752852718000042, 8.262661488000049 ], [ 79.752859562000083, 8.262660381000046 ], [ 79.752882721000049, 8.262656635000042 ], [ 79.752927587000045, 8.262647092000066 ], [ 79.752933060000032, 8.262645473000021 ], [ 79.752940996000063, 8.262643127000047 ], [ 79.752965789000029, 8.262635793000072 ], [ 79.753007048000029, 8.262620403000028 ], [ 79.753038950000075, 8.262607329000048 ], [ 79.753052027000081, 8.26260196800007 ], [ 79.753092705000086, 8.262585297000044 ], [ 79.753098949000048, 8.262581857000043 ], [ 79.75310728900007, 8.262577259000068 ], [ 79.753122955000038, 8.262568626000075 ], [ 79.753151530000082, 8.262549102000037 ], [ 79.75315616000006, 8.26254516900002 ], [ 79.753160170000058, 8.262541762000069 ], [ 79.753172581000058, 8.262531218000049 ], [ 79.753193599000042, 8.262508636000064 ], [ 79.753238038000063, 8.262451441000053 ], [ 79.753241067000033, 8.262447542000075 ], [ 79.753247887000043, 8.26243876500007 ], [ 79.753277660000037, 8.262397173000068 ], [ 79.753300860000081, 8.262364763000051 ], [ 79.753303279000079, 8.262361908000059 ], [ 79.75334745400005, 8.262309787000049 ], [ 79.753350338000075, 8.262305989000026 ], [ 79.753354804000082, 8.262300108000034 ], [ 79.753367465000053, 8.262283435000029 ], [ 79.753396356000053, 8.262240090000034 ], [ 79.753432040000064, 8.262182327000062 ], [ 79.753466976000084, 8.262125821000041 ], [ 79.753471064000053, 8.262117507000028 ], [ 79.753473624000037, 8.262112299000023 ], [ 79.753478443000063, 8.262102498000047 ], [ 79.753489056000035, 8.262075536000054 ], [ 79.753498824000076, 8.262045466000075 ], [ 79.753510639000069, 8.262004322000053 ], [ 79.753513005000059, 8.261996053000075 ], [ 79.753521173000081, 8.261965572000065 ], [ 79.753526759000067, 8.261940229000061 ], [ 79.753530667000064, 8.26191631100005 ], [ 79.753533713000081, 8.261888967000061 ], [ 79.753536740000072, 8.261839765000047 ], [ 79.753537800000061, 8.261792196000044 ], [ 79.753537054000049, 8.261780440000052 ], [ 79.753536359000066, 8.261769492000042 ], [ 79.753535383000042, 8.261754113000052 ], [ 79.753530854000076, 8.261723398000072 ], [ 79.753529381000078, 8.261718099000063 ], [ 79.753527394000059, 8.261710956000059 ], [ 79.75352279100008, 8.261694400000067 ], [ 79.753509820000033, 8.261662456000067 ], [ 79.753506695000056, 8.26165634900002 ], [ 79.753503606000038, 8.261650313000075 ], [ 79.753492420000043, 8.261628459000065 ], [ 79.753474077000078, 8.261600011000041 ], [ 79.753469436000046, 8.261594355000057 ], [ 79.753465979000055, 8.261590142000045 ], [ 79.753456203000042, 8.26157822700003 ], [ 79.753435123000031, 8.261557285000038 ], [ 79.75341142700006, 8.261537859000043 ], [ 79.753389429000038, 8.261523566000051 ], [ 79.753356762000067, 8.261507388000041 ], [ 79.753304297000057, 8.261485544000038 ], [ 79.753285773000073, 8.261477831000036 ], [ 79.753246872000034, 8.261462890000075 ], [ 79.753240228000038, 8.261460713000076 ], [ 79.753234234000047, 8.261458748000052 ], [ 79.753214018000051, 8.261452123000026 ], [ 79.753173206000042, 8.26144163400005 ], [ 79.753124816000081, 8.261432013000046 ], [ 79.752927600000078, 8.26139816400007 ], [ 79.75282522100008, 8.261381619000076 ], [ 79.752714922000052, 8.261363795000022 ], [ 79.752683814000079, 8.261357932000067 ], [ 79.752639394000084, 8.26134694600006 ], [ 79.752593607000051, 8.261333121000064 ], [ 79.752573157000029, 8.26132605600003 ], [ 79.752568634000056, 8.261324493000075 ], [ 79.752564833000065, 8.261323179000044 ], [ 79.752551845000085, 8.261317872000063 ], [ 79.752517213000033, 8.261303722000036 ], [ 79.752506682000046, 8.261300063000022 ], [ 79.752500453000039, 8.261297899000056 ], [ 79.752494707000039, 8.261295903000075 ], [ 79.752467394000064, 8.261288518000072 ], [ 79.752434816000061, 8.261281598000039 ], [ 79.752365657000041, 8.261268936000022 ], [ 79.752321093000035, 8.261260728000025 ], [ 79.752180920000058, 8.261237160000064 ], [ 79.752174505000085, 8.261235998000075 ], [ 79.752055326000061, 8.261213560000044 ], [ 79.752008396000065, 8.261206938000043 ], [ 79.751968106000049, 8.261202453000067 ], [ 79.751945270000078, 8.261200815000052 ], [ 79.751937303000034, 8.261200244000065 ], [ 79.751927643000045, 8.261199551000061 ], [ 79.751888856000051, 8.261198136000075 ], [ 79.751872476000074, 8.261198490000027 ], [ 79.751854997000066, 8.261198869000054 ], [ 79.75183746600004, 8.261199247000036 ], [ 79.751801271000033, 8.261202642000057 ], [ 79.751796748000061, 8.261203067000054 ], [ 79.751751750000039, 8.26121173100006 ], [ 79.751741861000085, 8.261214507000034 ], [ 79.751729716000057, 8.261217916000021 ], [ 79.751707811000074, 8.261224067000057 ], [ 79.751666279000062, 8.261239830000022 ], [ 79.751600927000084, 8.261267985000075 ], [ 79.75158170800006, 8.261276279000072 ], [ 79.751509019000082, 8.261310837000053 ], [ 79.751454748000072, 8.261336638000046 ], [ 79.751434177000078, 8.261345780000056 ], [ 79.751417812000057, 8.261353052000061 ], [ 79.751384557000051, 8.261367828000061 ], [ 79.751367597000069, 8.261374299000067 ], [ 79.751355801000045, 8.261378801000035 ], [ 79.75134967200006, 8.261381139000036 ], [ 79.75130770700008, 8.261393694000049 ], [ 79.751288169000077, 8.261398574000054 ], [ 79.751279117000081, 8.261400835000074 ], [ 79.751272879000055, 8.261402393000026 ], [ 79.751237867000043, 8.261409289000028 ], [ 79.751208287000054, 8.261415114000044 ], [ 79.75120521000008, 8.261415980000038 ], [ 79.751197617000059, 8.26141812000003 ], [ 79.751193122000075, 8.26141946000007 ], [ 79.751158480000072, 8.261431436000066 ], [ 79.751148046000083, 8.261433328000066 ], [ 79.751141792000055, 8.261434462000068 ], [ 79.751135980000072, 8.261435515000073 ], [ 79.751113630000077, 8.261436826000022 ], [ 79.751095130000067, 8.261435194000057 ], [ 79.751091274000032, 8.261434164000036 ], [ 79.751088504000052, 8.261433423000028 ], [ 79.75107145000004, 8.261428864000038 ], [ 79.751064364000058, 8.261425469000073 ], [ 79.751059200000043, 8.261421421000023 ], [ 79.75105461000004, 8.261415444000022 ], [ 79.751050853000038, 8.261408019000044 ], [ 79.751048395000055, 8.261400078000065 ], [ 79.751047629000084, 8.261393313000042 ], [ 79.751048379000054, 8.261385779000022 ], [ 79.751050862000056, 8.261377431000028 ], [ 79.75105362000005, 8.26137050400007 ], [ 79.751055033000057, 8.261366956000074 ], [ 79.751059608000048, 8.261358984000026 ], [ 79.751067878000072, 8.261348485000042 ], [ 79.751089781000076, 8.261325699000054 ], [ 79.75109307200006, 8.261321964000047 ], [ 79.751143811000077, 8.261264462000042 ], [ 79.751154678000034, 8.261253404000058 ], [ 79.751159743000073, 8.261248240000043 ], [ 79.751182466000046, 8.261225102000026 ], [ 79.751203897000039, 8.261206030000039 ], [ 79.751208889000054, 8.261202404000073 ], [ 79.751217197000074, 8.26119637100004 ], [ 79.751232478000077, 8.261186890000033 ], [ 79.75127167200003, 8.261166890000027 ], [ 79.751277723000044, 8.261164266000037 ], [ 79.751284314000031, 8.261161407000031 ], [ 79.751319755000054, 8.261146034000035 ], [ 79.751339117000043, 8.261139337000031 ], [ 79.751351168000042, 8.261136097000076 ], [ 79.751356826000062, 8.261134575000028 ], [ 79.751380862000076, 8.261130751000053 ], [ 79.751408680000054, 8.261129198000049 ], [ 79.75148813800007, 8.261130945000048 ], [ 79.751545266000051, 8.261132202000056 ], [ 79.751572386000078, 8.261131148000061 ], [ 79.751603094000075, 8.261126654000066 ], [ 79.751632079000046, 8.261119832000077 ], [ 79.75163836300004, 8.261117708000029 ], [ 79.751643017000049, 8.261116135000066 ], [ 79.751655849000031, 8.261111796000023 ], [ 79.751681611000038, 8.261100073000023 ], [ 79.751722075000032, 8.261078087000044 ], [ 79.751724723000052, 8.261076649000074 ], [ 79.751732441000058, 8.261072456000022 ], [ 79.751762882000037, 8.261054831000024 ], [ 79.75178793300006, 8.261038430000042 ], [ 79.751794739000047, 8.261033154000074 ], [ 79.751798118000067, 8.261030534000042 ], [ 79.75180812800005, 8.261022775000072 ], [ 79.751829688000043, 8.261002242000075 ], [ 79.751851938000073, 8.260976895000056 ], [ 79.751921013000072, 8.260885693000034 ], [ 79.75194661900008, 8.260851889000037 ], [ 79.751963380000063, 8.26083279900007 ], [ 79.751985181000066, 8.260813935000044 ], [ 79.752009392000048, 8.260797448000062 ], [ 79.75201865300005, 8.260792674000072 ], [ 79.752024178000056, 8.260789826000064 ], [ 79.752034406000064, 8.260784552000075 ], [ 79.752061524000055, 8.260774449000053 ], [ 79.752080736000039, 8.260769423000056 ], [ 79.752099502000078, 8.260766407000062 ], [ 79.752122048000047, 8.260764785000049 ], [ 79.752140041000075, 8.26076428500005 ], [ 79.752145445000053, 8.260764135000045 ], [ 79.752158714000075, 8.260763767000071 ], [ 79.752194811000038, 8.260765544000037 ], [ 79.752270544000055, 8.260772928000051 ], [ 79.752273255000034, 8.260773192000045 ], [ 79.752278563000061, 8.260773492000055 ], [ 79.752290895000044, 8.260774188000028 ], [ 79.752327176000051, 8.260776234000048 ], [ 79.752372249000075, 8.260777750000045 ], [ 79.752375415000074, 8.260777728000051 ], [ 79.752379154000039, 8.260777702000041 ], [ 79.752429458000051, 8.260777348000033 ], [ 79.75247283200008, 8.260774339000022 ], [ 79.752480591000051, 8.260773800000038 ], [ 79.752505918000054, 8.260769466000056 ], [ 79.752546150000057, 8.260762428000021 ], [ 79.752551630000085, 8.260761810000076 ], [ 79.752560474000063, 8.260760816000072 ], [ 79.752585655000075, 8.26075798200003 ], [ 79.752623849000031, 8.260755759000062 ], [ 79.752632854000069, 8.260755851000056 ], [ 79.752639893000037, 8.260755923000033 ], [ 79.752667128000041, 8.260756203000028 ], [ 79.752686503000064, 8.260757875000024 ], [ 79.752693553000086, 8.260759219000022 ], [ 79.752696313000058, 8.26075974500003 ], [ 79.752702660000068, 8.260760955000023 ], [ 79.752718716000061, 8.260766198000056 ], [ 79.752735864000044, 8.260773955000047 ], [ 79.752754647000074, 8.260784378000039 ], [ 79.752801946000034, 8.260813184000028 ], [ 79.752807499000085, 8.26081627700006 ], [ 79.752946962000067, 8.260893994000071 ], [ 79.752950990000045, 8.260896084000024 ], [ 79.753012811000076, 8.260928171000046 ], [ 79.753020634000052, 8.260933034000061 ], [ 79.753030860000081, 8.260939391000022 ], [ 79.753044856000031, 8.260948093000025 ], [ 79.753087793000077, 8.260980091000022 ], [ 79.753091936000033, 8.260983816000021 ], [ 79.753121075000081, 8.261010016000057 ], [ 79.753162806000034, 8.261053609000044 ], [ 79.75316921600006, 8.261060306000047 ], [ 79.753173374000085, 8.261064648000058 ], [ 79.753236641000058, 8.261137029000054 ], [ 79.753271161000043, 8.26117256200007 ], [ 79.75328251600007, 8.261182604000055 ], [ 79.753290123000056, 8.261189331000026 ], [ 79.753296534000071, 8.261194999000054 ], [ 79.753326039000058, 8.261216477000062 ], [ 79.753370827000083, 8.261245384000063 ], [ 79.753376426000045, 8.261248986000055 ], [ 79.753406992000066, 8.261266632000059 ], [ 79.753463359000079, 8.261299174000044 ], [ 79.753468758000054, 8.261302797000042 ], [ 79.753531353000085, 8.261344695000048 ], [ 79.753536590000067, 8.26134760900004 ], [ 79.753567865000036, 8.261365025000032 ], [ 79.753610975000072, 8.261384576000069 ], [ 79.753708739000047, 8.26142405500002 ], [ 79.753742222000085, 8.261441027000046 ], [ 79.753754900000047, 8.261446468000031 ], [ 79.75376564700008, 8.261449516000027 ], [ 79.753770661000033, 8.261450130000071 ], [ 79.753777260000049, 8.261450938000053 ], [ 79.753792346000068, 8.261451497000053 ], [ 79.753805507000038, 8.261450567000054 ], [ 79.753820090000033, 8.261447017000023 ], [ 79.753830784000058, 8.261441125000033 ], [ 79.753843628000084, 8.261428921000061 ], [ 79.753846710000062, 8.261423674000071 ], [ 79.753848186000084, 8.261418055000036 ], [ 79.753847721000056, 8.26140765100007 ], [ 79.753843968000069, 8.261393424000062 ], [ 79.753841654000041, 8.261387350000064 ], [ 79.753832480000085, 8.261363276000054 ], [ 79.753819970000052, 8.26133044200003 ], [ 79.753804956000067, 8.261297510000077 ], [ 79.753789225000048, 8.261270315000047 ], [ 79.753767634000042, 8.261238889000026 ], [ 79.753748220000034, 8.261212755000031 ], [ 79.75374191800006, 8.261204269000075 ], [ 79.753723457000035, 8.26117941800004 ], [ 79.753694857000085, 8.261143898000057 ], [ 79.753685125000061, 8.261132857000064 ], [ 79.753677663000076, 8.26112439000002 ], [ 79.753666198000076, 8.261111381000035 ], [ 79.75363550000003, 8.261079392000056 ], [ 79.753628410000033, 8.261072529000046 ], [ 79.753623098000048, 8.261067388000072 ], [ 79.753597428000035, 8.261042540000062 ], [ 79.753575026000078, 8.261022519000051 ], [ 79.753557307000051, 8.261008279000066 ], [ 79.753555177000067, 8.261006569000074 ], [ 79.753510230000074, 8.260977040000057 ], [ 79.753489392000063, 8.26096334500005 ], [ 79.753432583000063, 8.260919270000045 ], [ 79.753413833000081, 8.260906943000066 ], [ 79.753375043000062, 8.260883508000063 ], [ 79.753359010000054, 8.260873821000075 ], [ 79.753355986000031, 8.260871663000046 ], [ 79.753349950000029, 8.260867355000073 ], [ 79.753342259000078, 8.260861865000038 ], [ 79.753325031000031, 8.260848422000038 ], [ 79.75329307800007, 8.260823489000074 ], [ 79.753287907000072, 8.26082021700006 ], [ 79.753283383000053, 8.260817354000039 ], [ 79.753268515000059, 8.260807945000067 ], [ 79.753244743000039, 8.260794623000038 ], [ 79.753226500000039, 8.260785786000042 ], [ 79.753220271000032, 8.260783263000064 ], [ 79.753210055000068, 8.26077912300002 ], [ 79.753192091000074, 8.260773411000059 ], [ 79.753170977000082, 8.260768112000051 ], [ 79.753002190000075, 8.26073236700006 ], [ 79.75296848000005, 8.260726224000052 ], [ 79.752962300000036, 8.260725096000044 ], [ 79.752958592000084, 8.26072442100002 ], [ 79.752868521000039, 8.260710065000069 ], [ 79.752823190000072, 8.260699136000028 ], [ 79.752774737000038, 8.260687356000062 ], [ 79.752768651000054, 8.260686093000061 ], [ 79.752757961000043, 8.260683875000041 ], [ 79.75271560200008, 8.260675086000049 ], [ 79.752663243000029, 8.260665943000049 ], [ 79.752654592000056, 8.260664813000062 ], [ 79.752643864000049, 8.260663411000053 ], [ 79.752606676000084, 8.260658553000042 ], [ 79.752567992000081, 8.260655391000057 ], [ 79.752530644000046, 8.260655563000057 ], [ 79.752521981000029, 8.260654332000058 ], [ 79.752518988000077, 8.260653907000062 ], [ 79.752516187000083, 8.260653509000065 ], [ 79.752497124000058, 8.260647774000063 ], [ 79.752478448000033, 8.260639312000023 ], [ 79.752466931000072, 8.26063208000005 ], [ 79.752464062000058, 8.260630279000054 ], [ 79.752459098000031, 8.260627161000059 ], [ 79.752443043000085, 8.260614435000036 ], [ 79.752436032000048, 8.260607084000071 ], [ 79.752430245000085, 8.260598653000045 ], [ 79.752425874000039, 8.260589842000059 ], [ 79.752422498000044, 8.260579896000024 ], [ 79.75242094400005, 8.260570770000072 ], [ 79.752420854000036, 8.260562589000074 ], [ 79.75242214900004, 8.260553003000041 ], [ 79.752424553000083, 8.260544414000037 ], [ 79.752429732000053, 8.260533967000072 ], [ 79.752438942000083, 8.260520206000024 ], [ 79.752447097000072, 8.260508042000026 ], [ 79.752473409000061, 8.260474209000051 ], [ 79.752485400000069, 8.26045878900004 ], [ 79.75249410300006, 8.260446560000048 ], [ 79.752514044000065, 8.260418510000022 ], [ 79.752523130000043, 8.260402036000073 ], [ 79.752523932000031, 8.260399354000072 ], [ 79.752524702000073, 8.260396779000075 ], [ 79.752527796000038, 8.260386428000061 ], [ 79.752529587000083, 8.260365912000054 ], [ 79.752528412000061, 8.260324506000075 ], [ 79.752528477000055, 8.260319328000037 ], [ 79.752529282000069, 8.260267657000043 ], [ 79.752528780000034, 8.260263310000028 ], [ 79.752528019000067, 8.260256735000041 ], [ 79.752525904000038, 8.26023844100007 ], [ 79.752518731000066, 8.260205727000027 ], [ 79.752515269000071, 8.260193878000052 ], [ 79.752514058000031, 8.260189732000072 ], [ 79.752511559000084, 8.260181179000028 ], [ 79.752502610000079, 8.260156851000033 ], [ 79.752488479000078, 8.260124421000057 ], [ 79.752486394000073, 8.260120193000034 ], [ 79.752484653000067, 8.260116666000044 ], [ 79.752475201000038, 8.260097501000075 ], [ 79.752446205000069, 8.260048282000071 ], [ 79.752399315000048, 8.25997400600005 ], [ 79.75238605800007, 8.259955497000021 ], [ 79.752383700000053, 8.259952213000076 ], [ 79.75236631000007, 8.259931763000054 ], [ 79.752348840000082, 8.259914034000076 ], [ 79.752342408000061, 8.259908419000055 ], [ 79.752339195000047, 8.259905613000058 ], [ 79.752323715000045, 8.259892095000055 ], [ 79.752306364000049, 8.259879350000062 ], [ 79.752293104000046, 8.259872164000058 ], [ 79.752280176000056, 8.259867763000045 ], [ 79.75226471600007, 8.259865165000065 ], [ 79.752246080000077, 8.259864368000024 ], [ 79.752200792000053, 8.259865809000075 ], [ 79.752194627000051, 8.25986576400004 ], [ 79.75213954600008, 8.259865197000067 ], [ 79.752121685000077, 8.259867098000029 ], [ 79.752120275000038, 8.259867280000037 ], [ 79.752095895000082, 8.259872363000056 ], [ 79.75207191800007, 8.259879787000045 ], [ 79.752060698000037, 8.259884429000067 ], [ 79.752055984000037, 8.259886380000069 ], [ 79.752050673000042, 8.259888577000027 ], [ 79.75203614600008, 8.259896971000046 ], [ 79.752015705000076, 8.259910567000077 ], [ 79.752002376000064, 8.259919432000061 ], [ 79.751992053000038, 8.259924770000055 ], [ 79.751986263000049, 8.259927764000054 ], [ 79.751983475000031, 8.259929205000049 ], [ 79.751958002000038, 8.259939757000041 ], [ 79.751952280000069, 8.259941219000041 ], [ 79.751947219000044, 8.259942512000066 ], [ 79.751937852000083, 8.259944905000054 ], [ 79.75191803000007, 8.259946635000063 ], [ 79.751894714000059, 8.259945861000062 ], [ 79.751844465000033, 8.25994016900006 ], [ 79.75183940900007, 8.259939579000047 ], [ 79.751829957000041, 8.259937927000067 ], [ 79.751792765000062, 8.259931421000033 ], [ 79.751785535000067, 8.259931012000038 ], [ 79.751782682000055, 8.259930851000036 ], [ 79.751778235000074, 8.259930600000075 ], [ 79.751760881000052, 8.259931050000034 ], [ 79.751729560000058, 8.259934648000069 ], [ 79.751711431000047, 8.259938394000073 ], [ 79.751704948000054, 8.259939733000067 ], [ 79.75169517300003, 8.259941753000021 ], [ 79.751663888000053, 8.259951249000039 ], [ 79.751635737000072, 8.259962600000051 ], [ 79.751634276000061, 8.259963225000035 ], [ 79.751613962000079, 8.259973613000057 ], [ 79.751592789000085, 8.259986793000053 ], [ 79.751503089000039, 8.260050469000021 ], [ 79.751479042000085, 8.260070760000076 ], [ 79.751476961000037, 8.260073044000023 ], [ 79.751456071000064, 8.260095977000049 ], [ 79.75144231400003, 8.260114320000071 ], [ 79.751430378000066, 8.260133170000074 ], [ 79.751428644000043, 8.260136458000034 ], [ 79.751418274000059, 8.260156118000054 ], [ 79.751409263000085, 8.26017715200004 ], [ 79.751402959000075, 8.260197445000074 ], [ 79.751401517000033, 8.260204850000036 ], [ 79.751397677000057, 8.260224548000053 ], [ 79.751395889000037, 8.260241586000063 ], [ 79.751396706000037, 8.260255284000039 ], [ 79.75139921400006, 8.260264413000073 ], [ 79.751404254000079, 8.260274643000059 ], [ 79.751410991000057, 8.260284325000043 ], [ 79.751416777000031, 8.260290362000035 ], [ 79.751418554000054, 8.26029221400006 ], [ 79.751425383000083, 8.260297116000061 ], [ 79.751434361000065, 8.260301930000026 ], [ 79.751448528000083, 8.260308278000025 ], [ 79.751454117000037, 8.260310761000028 ], [ 79.75146772800008, 8.260315766000076 ], [ 79.751502795000079, 8.260324504000039 ], [ 79.751524771000049, 8.260327845000063 ], [ 79.751536029000079, 8.260329557000034 ], [ 79.751552348000075, 8.260332038000058 ], [ 79.751594641000054, 8.260334468000053 ], [ 79.751599991000035, 8.260334299000021 ], [ 79.751609360000032, 8.260334004000072 ], [ 79.751636064000081, 8.260333161000062 ], [ 79.751671757000054, 8.260329240000033 ], [ 79.751675289000048, 8.26032864900003 ], [ 79.751704647000054, 8.260323699000025 ], [ 79.751737799000068, 8.26031598000003 ], [ 79.751754652000045, 8.26031090400005 ], [ 79.751761143000067, 8.260308949000034 ], [ 79.751769565000075, 8.260306413000023 ], [ 79.751798013000041, 8.260295855000038 ], [ 79.751828242000045, 8.260282827000026 ], [ 79.751891146000048, 8.260249402000056 ], [ 79.751897576000033, 8.260246570000049 ], [ 79.751936668000042, 8.260229348000053 ], [ 79.751994699000079, 8.260208391000049 ], [ 79.751998636000053, 8.260207171000047 ], [ 79.752031028000033, 8.26019722500007 ], [ 79.752058162000083, 8.260190231000024 ], [ 79.752069050000046, 8.26018816800007 ], [ 79.752073023000037, 8.260187414000029 ], [ 79.752080410000076, 8.260186014000055 ], [ 79.752104351000071, 8.260183124000037 ], [ 79.752131089000045, 8.260181400000022 ], [ 79.752163838000058, 8.260180639000055 ], [ 79.752172902000041, 8.260180761000072 ], [ 79.752189352000073, 8.260180981000076 ], [ 79.752226156000063, 8.260181474000035 ], [ 79.752237104000073, 8.260182517000032 ], [ 79.752242337000041, 8.260183016000042 ], [ 79.752261451000038, 8.260184838000043 ], [ 79.752283208000051, 8.26018805800004 ], [ 79.752303836000067, 8.260193423000032 ], [ 79.752307303000066, 8.260194910000052 ], [ 79.752324186000067, 8.260202153000023 ], [ 79.752344852000078, 8.260214272000042 ], [ 79.752363549000052, 8.26022864600003 ], [ 79.752365441000052, 8.260230510000042 ], [ 79.752382032000071, 8.260246855000048 ], [ 79.752396009000051, 8.260264660000075 ], [ 79.752405598000053, 8.260282521000022 ], [ 79.752407183000059, 8.260287253000058 ], [ 79.752411810000069, 8.260301084000048 ], [ 79.752413090000061, 8.260309896000024 ], [ 79.752413624000042, 8.260313561000032 ], [ 79.752414099000077, 8.260316835000026 ], [ 79.752412707000076, 8.260332718000029 ], [ 79.752407525000081, 8.260350828000071 ], [ 79.752398252000035, 8.260371823000071 ], [ 79.752394457000037, 8.260378614000047 ], [ 79.752392218000068, 8.26038261900004 ], [ 79.752386794000074, 8.260392324000065 ], [ 79.752372269000034, 8.260411872000077 ], [ 79.752370426000084, 8.260413779000032 ], [ 79.752359949000038, 8.260424620000038 ], [ 79.752343611000072, 8.260437275000072 ], [ 79.752323793000073, 8.260449553000058 ], [ 79.752286570000081, 8.260469990000047 ], [ 79.752279377000036, 8.260473962000049 ], [ 79.752241644000037, 8.26049288300004 ], [ 79.752205179000043, 8.260508444000038 ], [ 79.752190599000073, 8.260514665000073 ], [ 79.752180643000031, 8.260518914000045 ], [ 79.752123486000073, 8.260539330000029 ], [ 79.752084893000074, 8.260550217000059 ], [ 79.75203885600007, 8.260560198000064 ], [ 79.751935428000081, 8.260578088000045 ], [ 79.751931267000032, 8.260578800000076 ], [ 79.751870773000064, 8.260587777000069 ], [ 79.751860763000082, 8.260590601000047 ], [ 79.751855401000057, 8.26059211300003 ], [ 79.751849158000084, 8.260593872000072 ], [ 79.751824481000085, 8.260603831000026 ], [ 79.751795263000076, 8.260618425000075 ], [ 79.751781128000061, 8.260625486000038 ], [ 79.751761793000071, 8.260635143000059 ], [ 79.751736797000035, 8.260649275000048 ], [ 79.751713738000035, 8.260663634000025 ], [ 79.751710498000079, 8.260665915000061 ], [ 79.751706409000064, 8.260668794000026 ], [ 79.751686751000079, 8.26068263600007 ], [ 79.751655235000044, 8.260707670000045 ], [ 79.75163832100003, 8.260721938000074 ], [ 79.751631325000062, 8.260727838000037 ], [ 79.751628055000083, 8.26073059600003 ], [ 79.751624893000042, 8.260733566000056 ], [ 79.751590809000049, 8.26076557600004 ], [ 79.751573879000034, 8.260779040000045 ], [ 79.751555071000041, 8.260791374000064 ], [ 79.751534375000062, 8.260803063000026 ], [ 79.751512700000035, 8.260813535000068 ], [ 79.751495072000068, 8.260820703000036 ], [ 79.751490631000081, 8.260822508000047 ], [ 79.751455898000074, 8.260832865000054 ], [ 79.751415222000048, 8.260840636000069 ], [ 79.751378349000049, 8.260844980000059 ], [ 79.75137314400007, 8.260845593000056 ], [ 79.751368882000065, 8.260846095000034 ], [ 79.751342527000077, 8.26084677800003 ], [ 79.751312004000056, 8.26084756900002 ], [ 79.751304265000044, 8.260848259000056 ], [ 79.751295130000074, 8.260849073000031 ], [ 79.751285098000039, 8.26084996700007 ], [ 79.751237375000073, 8.260857317000045 ], [ 79.751230073000045, 8.260858965000068 ], [ 79.751221566000083, 8.260860885000056 ], [ 79.751196146000041, 8.260866623000027 ], [ 79.751145571000052, 8.260882754000022 ], [ 79.751055781000048, 8.260916752000071 ], [ 79.750987761000033, 8.260941033000051 ], [ 79.750978489000033, 8.260944938000023 ], [ 79.750969829000041, 8.26094858700003 ], [ 79.750964152000051, 8.26095097700005 ], [ 79.75093088300008, 8.260967242000049 ], [ 79.750914138000041, 8.260975341000062 ], [ 79.75090993200007, 8.260976969000069 ], [ 79.750880213000073, 8.260988465000025 ], [ 79.750834593000036, 8.261002377000068 ], [ 79.750747705000038, 8.261024335000059 ], [ 79.750711618000082, 8.261033455000074 ], [ 79.750703662000035, 8.261036162000039 ], [ 79.750697640000055, 8.261038211000027 ], [ 79.750693564000073, 8.261039598000025 ], [ 79.750675555000043, 8.261049703000026 ], [ 79.750645129000077, 8.261071947000062 ], [ 79.750640309000062, 8.261075470000037 ], [ 79.750623050000058, 8.261085953000077 ], [ 79.750602996000055, 8.261094938000042 ], [ 79.750583389000042, 8.261101692000068 ], [ 79.750556051000046, 8.261111106000044 ], [ 79.750536408000073, 8.261119148000034 ], [ 79.750529404000076, 8.261123052000073 ], [ 79.750524038000037, 8.261126043000047 ], [ 79.75051321400008, 8.261132076000024 ], [ 79.750487423000038, 8.261149628000055 ], [ 79.750455095000063, 8.26117563300005 ], [ 79.750452028000041, 8.261178615000063 ], [ 79.750448243000051, 8.261182298000051 ], [ 79.750434986000073, 8.261195190000024 ], [ 79.750417506000076, 8.261216980000029 ], [ 79.750400243000058, 8.261241278000057 ], [ 79.750376637000045, 8.261274506000063 ], [ 79.750363956000058, 8.261289566000073 ], [ 79.750351470000055, 8.261301987000024 ], [ 79.750348788000053, 8.261304171000063 ], [ 79.750327732000073, 8.261321312000064 ], [ 79.75030094400006, 8.26134014400003 ], [ 79.750268672000061, 8.261359859000038 ], [ 79.75024307700005, 8.261375540000074 ], [ 79.750226870000063, 8.261383735000038 ], [ 79.750212412000053, 8.261387636000052 ], [ 79.750197357000047, 8.261388315000033 ], [ 79.750176772000032, 8.261385824000058 ], [ 79.750171944000044, 8.261384615000054 ], [ 79.750156434000075, 8.261380727000073 ], [ 79.750139223000076, 8.261373814000024 ], [ 79.750122709000038, 8.261364617000027 ], [ 79.750106894000055, 8.261353129000042 ], [ 79.750091773000065, 8.261339357000054 ], [ 79.749948736000078, 8.261589073000039 ], [ 79.749877630000071, 8.261811594000051 ], [ 79.749761976000059, 8.262154292000048 ], [ 79.750003523000032, 8.26222636600005 ], [ 79.75010695800006, 8.262212043000034 ], [ 79.75010971100005, 8.262211682000043 ], [ 79.750155747000065, 8.262209677000044 ], [ 79.750171880000039, 8.262207944000068 ], [ 79.750181902000065, 8.262205696000024 ], [ 79.750191535000056, 8.262202074000072 ], [ 79.750199369000029, 8.262197912000033 ], [ 79.750208182000051, 8.262191828000027 ], [ 79.750219887000071, 8.262181636000037 ], [ 79.750231904000032, 8.262168797000072 ], [ 79.750245820000032, 8.262151292000055 ], [ 79.750250875000063, 8.262143965000064 ], [ 79.750252426000031, 8.262141716000031 ], [ 79.750257002000069, 8.262135083000032 ], [ 79.750267368000038, 8.262113402000068 ], [ 79.750280731000032, 8.262075326000058 ], [ 79.750282562000052, 8.262070110000025 ], [ 79.750289490000057, 8.26205320300005 ], [ 79.750292644000069, 8.262047386000063 ], [ 79.750295408000056, 8.262042287000043 ], [ 79.750299897000048, 8.262034008000057 ], [ 79.750314759000048, 8.262010795000037 ], [ 79.750350088000062, 8.261962317000041 ], [ 79.750355824000053, 8.261954447000051 ], [ 79.750361263000059, 8.26194698200004 ], [ 79.75040236500007, 8.261896043000036 ], [ 79.750426145000063, 8.261866571000041 ], [ 79.750428840000041, 8.261862820000033 ], [ 79.750455051000074, 8.261826342000063 ], [ 79.75046528300004, 8.261813924000023 ], [ 79.750482051000063, 8.261796613000058 ], [ 79.750495593000039, 8.261784725000041 ], [ 79.750508614000069, 8.261775980000039 ], [ 79.750521267000067, 8.261770397000021 ], [ 79.750539123000067, 8.261766390000048 ], [ 79.750557922000041, 8.261765509000043 ], [ 79.750581054000065, 8.261767482000039 ], [ 79.750588033000042, 8.261769815000036 ], [ 79.750592871000038, 8.261773291000054 ], [ 79.750597251000045, 8.261780840000029 ], [ 79.750600386000031, 8.261793100000034 ], [ 79.750600929000029, 8.261797539000042 ], [ 79.750601833000076, 8.261804963000031 ], [ 79.750601144000029, 8.261819095000021 ], [ 79.750600117000033, 8.261827363000066 ], [ 79.750599107000085, 8.261835490000067 ], [ 79.750595790000034, 8.26185040200005 ], [ 79.75058272800004, 8.261889500000052 ], [ 79.750581778000083, 8.261892341000021 ], [ 79.750580362000051, 8.261896580000041 ], [ 79.750564800000063, 8.261932564000062 ], [ 79.750524038000037, 8.262012140000024 ], [ 79.750487145000079, 8.262096524000071 ], [ 79.750485660000038, 8.262099280000029 ], [ 79.750482008000063, 8.262106053000025 ], [ 79.750477993000061, 8.262113501000044 ], [ 79.750474365000059, 8.262119423000058 ], [ 79.750456331000066, 8.262148868000054 ], [ 79.750448499000072, 8.262163785000041 ], [ 79.750447367000049, 8.262166655000044 ], [ 79.750445895000041, 8.262170385000047 ], [ 79.750438368000061, 8.262189449000061 ], [ 79.750429602000054, 8.262218956000027 ], [ 79.750426041000082, 8.262235992000058 ], [ 79.750424242000065, 8.26224460100002 ], [ 79.75042146800007, 8.262257876000035 ], [ 79.750418337000042, 8.262297758000045 ], [ 79.750418387000082, 8.262327209000034 ], [ 79.750420892000079, 8.262408358000073 ], [ 79.750423749000049, 8.262436324000021 ], [ 79.750423928000032, 8.262446735000026 ], [ 79.750421385000038, 8.262458362000075 ], [ 79.75041290300004, 8.262473097000054 ], [ 79.750405820000083, 8.262481064000042 ], [ 79.750401943000043, 8.262483848000045 ], [ 79.750398861000065, 8.26248606200005 ], [ 79.750390781000078, 8.262488578000045 ], [ 79.750380573000029, 8.262489106000032 ], [ 79.750346303000072, 8.26248444600003 ], [ 79.750339765000035, 8.262483821000046 ], [ 79.750313488000074, 8.262481249000075 ], [ 79.750262443000054, 8.262472650000063 ], [ 79.750246230000073, 8.262469918000022 ], [ 79.750225862000036, 8.262467350000065 ], [ 79.750194841000052, 8.262463430000025 ], [ 79.750175153000043, 8.262462091000032 ], [ 79.750163100000066, 8.262463057000048 ], [ 79.750159290000056, 8.262463362000062 ], [ 79.75014340000007, 8.262467475000051 ], [ 79.750126178000073, 8.262474633000068 ], [ 79.750108451000074, 8.262484139000037 ], [ 79.750073341000075, 8.262505262000047 ], [ 79.750038119000067, 8.262521940000056 ], [ 79.750025588000085, 8.262531008000053 ], [ 79.750021983000067, 8.262535726000067 ], [ 79.75002001200005, 8.262541380000073 ], [ 79.750019684000051, 8.26254950200007 ], [ 79.750021279000066, 8.262559567000039 ], [ 79.750024290000056, 8.262567661000048 ], [ 79.750027986000077, 8.262572551000062 ], [ 79.750038425000071, 8.262578034000057 ], [ 79.75005460400007, 8.262582081000062 ], [ 79.750072868000075, 8.26258664900007 ], [ 79.750103452000076, 8.26259004800005 ], [ 79.750153361000059, 8.262591581000038 ], [ 79.75016309800003, 8.262592088000076 ], [ 79.750231057000065, 8.26259553400007 ], [ 79.750337567000031, 8.262598104000062 ], [ 79.750380963000055, 8.262597306000032 ], [ 79.750399343000083, 8.262598049000076 ], [ 79.750406780000048, 8.262599249000061 ], [ 79.750411357000075, 8.262599989000023 ], [ 79.750425481000036, 8.26260226900007 ], [ 79.750443942000061, 8.262607073000027 ], [ 79.750456673000031, 8.262612550000028 ], [ 79.750476730000059, 8.26262429600007 ], [ 79.750480359000051, 8.26262788400004 ], [ 79.750482662000081, 8.26263224500002 ], [ 79.750483288000055, 8.262635363000072 ], [ 79.750482906000059, 8.262640182000041 ], [ 79.75047851100004, 8.262655310000071 ], [ 79.75047505100008, 8.262667222000061 ], [ 79.750465604000055, 8.262687100000051 ], [ 79.750447467000072, 8.262713154000039 ], [ 79.750401403000069, 8.262767659000076 ], [ 79.750363, 8.26282076800004 ], [ 79.75039541700005, 8.263132047000056 ], [ 79.750507958000071, 8.263219702000072 ], [ 79.750558075000072, 8.263219830000025 ], [ 79.750713309000048, 8.263186205000068 ], [ 79.750767515000064, 8.263142855000069 ], [ 79.750824923000039, 8.26312464800003 ], [ 79.75088308800008, 8.263130040000021 ], [ 79.750925013000085, 8.263168029000042 ], [ 79.750937460000046, 8.263198349000049 ], [ 79.750897843000075, 8.263275442000065 ], [ 79.750836295000056, 8.263358381000046 ], [ 79.75079437900007, 8.263438926000049 ], [ 79.750774570000033, 8.263509750000026 ], [ 79.750794072000076, 8.263558680000074 ], [ 79.75082473100008, 8.263589652000064 ], [ 79.750875073000032, 8.263654759000076 ], [ 79.750881409000044, 8.263650149000057 ], [ 79.750885894000078, 8.263646885000071 ], [ 79.750909731000036, 8.263634285000023 ], [ 79.750993006000044, 8.263567665000039 ], [ 79.750977662000082, 8.263569562000043 ], [ 79.750962849000075, 8.263570086000072 ], [ 79.750948569000059, 8.26356923700007 ], [ 79.750934821000044, 8.263567015000035 ], [ 79.750922234000029, 8.263563627000053 ], [ 79.750910128000044, 8.263558995000039 ], [ 79.750904530000071, 8.26355619900005 ], [ 79.750892867000061, 8.263550373000044 ], [ 79.750882408000052, 8.263543807000076 ], [ 79.750875871000062, 8.263537985000028 ], [ 79.750873234000039, 8.26353427500004 ], [ 79.750871407000034, 8.263531705000048 ], [ 79.750867560000074, 8.263522840000064 ], [ 79.750865127000054, 8.263512802000037 ], [ 79.75086439100005, 8.263503598000057 ], [ 79.750865095000051, 8.263496128000043 ], [ 79.750867766000056, 8.263486387000057 ], [ 79.75087196000004, 8.263477606000038 ], [ 79.750878747000058, 8.263468309000075 ], [ 79.750881858000071, 8.263465836000023 ], [ 79.750886020000053, 8.263462526000069 ], [ 79.750919773000078, 8.263450704000036 ], [ 79.750949786000035, 8.263440192000076 ] ] ], [ [ [ 79.753273756000056, 8.290582482000048 ], [ 79.753293640000038, 8.290509931000031 ], [ 79.753332276000037, 8.290451442000062 ], [ 79.753360290000046, 8.290393469000037 ], [ 79.753373886000077, 8.290330668000024 ], [ 79.753371616000038, 8.290260682000053 ], [ 79.753345454000055, 8.290198502000067 ], [ 79.753305277000038, 8.290149758000041 ], [ 79.753286636000041, 8.29012810200004 ], [ 79.753277248000074, 8.290107373000069 ], [ 79.753295589000061, 8.290069718000041 ], [ 79.753371823000066, 8.290039444000058 ], [ 79.753466183000057, 8.290018618000033 ], [ 79.753553138000029, 8.289984032000064 ], [ 79.75359115200007, 8.289955920000068 ], [ 79.753623288000085, 8.289918662000048 ], [ 79.753670370000066, 8.289823124000065 ], [ 79.753685300000029, 8.289770905000069 ], [ 79.753703633000043, 8.289665620000051 ], [ 79.753708162000066, 8.289563104000024 ], [ 79.753685715000074, 8.289468295000063 ], [ 79.753663147000054, 8.289419958000053 ], [ 79.753609575000041, 8.289321451000035 ], [ 79.75355178500007, 8.289239571000053 ], [ 79.753480498000044, 8.289182520000054 ], [ 79.753396537000071, 8.289147316000026 ], [ 79.753303100000039, 8.28912628300003 ], [ 79.753192462000072, 8.289123107000023 ], [ 79.753133529000081, 8.289132450000068 ], [ 79.753020520000064, 8.289168868000047 ], [ 79.752861564000057, 8.28921258400004 ], [ 79.752794711000035, 8.289195868000036 ], [ 79.752736196000058, 8.289148976000035 ], [ 79.752701478000063, 8.289060824000046 ], [ 79.752691997000056, 8.289005830000065 ], [ 79.752659745000074, 8.288840926000034 ], [ 79.752626986000053, 8.28873225600006 ], [ 79.752573828000038, 8.288543250000032 ], [ 79.752546634000055, 8.288423292000061 ], [ 79.752534782000055, 8.288337913000021 ], [ 79.752508722000073, 8.28827121300003 ], [ 79.752449590000083, 8.288217447000022 ], [ 79.752409520000072, 8.288198358000045 ], [ 79.752314632000036, 8.28817650700006 ], [ 79.752220687000033, 8.288176809000049 ], [ 79.752107782000053, 8.288172814000063 ], [ 79.75204926300006, 8.288127458000076 ], [ 79.752002600000083, 8.288060253000026 ], [ 79.75196081100006, 8.288012268000045 ], [ 79.751922232000084, 8.288202141000056 ], [ 79.751985187000059, 8.288265988000035 ], [ 79.752053588000081, 8.288316160000022 ], [ 79.752096033000043, 8.288329198000042 ], [ 79.752141050000034, 8.288330940000037 ], [ 79.752184736000061, 8.288320473000056 ], [ 79.752256736000049, 8.288277169000025 ], [ 79.752285273000041, 8.288263318000077 ], [ 79.752315052000085, 8.288260140000034 ], [ 79.752345441000045, 8.288267631000053 ], [ 79.752405597000063, 8.288311545000056 ], [ 79.752444436000076, 8.288386143000025 ], [ 79.75245175200007, 8.288434984000048 ], [ 79.752456490000043, 8.288533909000023 ], [ 79.75246648500007, 8.288635286000044 ], [ 79.752487088000066, 8.288741393000066 ], [ 79.752524074000064, 8.288901155000076 ], [ 79.75256631700006, 8.289063192000071 ], [ 79.752611953000041, 8.289176776000033 ], [ 79.752647492000051, 8.289228493000053 ], [ 79.752687776000073, 8.289270366000039 ], [ 79.752731357000073, 8.289300947000072 ], [ 79.752777508000065, 8.289320231000033 ], [ 79.752826237000079, 8.289325872000063 ], [ 79.752922247000072, 8.289298993000045 ], [ 79.752968605000035, 8.289272621000066 ], [ 79.753051637000056, 8.28921053800002 ], [ 79.753130545000033, 8.289163634000033 ], [ 79.753172776000042, 8.289154611000072 ], [ 79.753270961000055, 8.289164355000025 ], [ 79.753321021000033, 8.289181390000067 ], [ 79.75340817600005, 8.289244901000075 ], [ 79.753440828000066, 8.289289648000022 ], [ 79.753491412000074, 8.289385072000073 ], [ 79.753531801000065, 8.289492404000043 ], [ 79.753540454000074, 8.289551104000054 ], [ 79.753536129000054, 8.289609589000065 ], [ 79.753484308000054, 8.289711895000039 ], [ 79.753448259000038, 8.289752940000028 ], [ 79.753366772000049, 8.289815026000042 ], [ 79.753281376000075, 8.289843560000065 ], [ 79.753234803000055, 8.289847148000035 ], [ 79.753107682000064, 8.289864905000059 ], [ 79.753041856000038, 8.289907594000056 ], [ 79.753001273000052, 8.289981989000069 ], [ 79.752991174000044, 8.290026628000021 ], [ 79.752989934000084, 8.290120110000032 ], [ 79.753017140000054, 8.290200557000048 ], [ 79.753059584000084, 8.290249398000071 ], [ 79.753107072000034, 8.290278542000067 ], [ 79.753173825000033, 8.290333954000062 ], [ 79.753206175000059, 8.290390183000056 ], [ 79.753220801000055, 8.290455860000066 ], [ 79.753210915000068, 8.290523372000052 ], [ 79.753185164000058, 8.290583612000034 ], [ 79.753181555000083, 8.290610184000059 ], [ 79.753184849000036, 8.290635327000075 ], [ 79.753215863000037, 8.290681607000067 ], [ 79.753263050000044, 8.29072214200005 ], [ 79.753300958000068, 8.290770157000054 ], [ 79.753317851000077, 8.290836653000042 ], [ 79.753309309000031, 8.290910950000068 ], [ 79.753291789000059, 8.290947071000062 ], [ 79.753265208000073, 8.290976930000056 ], [ 79.753230388000077, 8.290998268000067 ], [ 79.753143757000032, 8.291013145000022 ], [ 79.75304681800003, 8.291012536000039 ], [ 79.752967905000048, 8.291026078000073 ], [ 79.752940816000034, 8.29104219200002 ], [ 79.752946859000076, 8.291162276000023 ], [ 79.752920104000054, 8.291189241000041 ], [ 79.752895175000049, 8.291247222000038 ], [ 79.752894455000046, 8.291279950000046 ], [ 79.752902902000073, 8.291312791000053 ], [ 79.752952659000073, 8.291377744000044 ], [ 79.753023743000085, 8.291443203000028 ], [ 79.753104816000075, 8.291507240000044 ], [ 79.753206607000038, 8.291562652000039 ], [ 79.753386496000076, 8.291709309000055 ], [ 79.753384188000041, 8.291724312000042 ], [ 79.753357787000084, 8.291754713000046 ], [ 79.75334259300007, 8.29180358800005 ], [ 79.753339117000053, 8.291814609000028 ], [ 79.753339599000071, 8.291838570000039 ], [ 79.75335123900004, 8.291865361000021 ], [ 79.753402961000063, 8.291906812000036 ], [ 79.753471361000038, 8.291921995000052 ], [ 79.753540901000065, 8.291918194000061 ], [ 79.753599616000031, 8.291922503000023 ], [ 79.753623722000043, 8.291937393000069 ], [ 79.753665970000043, 8.291992290000053 ], [ 79.753710065000064, 8.292070066000065 ], [ 79.753767854000046, 8.292152670000064 ], [ 79.75384120800004, 8.292218135000041 ], [ 79.753885708000041, 8.292244198000049 ], [ 79.753993362000074, 8.292279191000034 ], [ 79.754054251000071, 8.29228504200006 ], [ 79.754156023000064, 8.292290746000049 ], [ 79.754227517000061, 8.29228075900005 ], [ 79.754313663000062, 8.292244659000062 ], [ 79.754377970000064, 8.292193973000053 ], [ 79.754410202000031, 8.292137396000044 ], [ 79.754426434000038, 8.292064796000034 ], [ 79.754419351000081, 8.291983421000054 ], [ 79.754361244000052, 8.291891745000044 ], [ 79.754281175000074, 8.291833428000075 ], [ 79.754199601000039, 8.291792541000063 ], [ 79.754112123000084, 8.291779242000075 ], [ 79.754039298000066, 8.291817119000029 ], [ 79.753978731000075, 8.291861448000077 ], [ 79.753931030000047, 8.291915935000077 ], [ 79.75390311700005, 8.291934308000066 ], [ 79.753876228000081, 8.291942106000022 ], [ 79.753850371000055, 8.291937789000031 ], [ 79.753827190000038, 8.29191594200006 ], [ 79.753793705000078, 8.291842260000067 ], [ 79.753776302000063, 8.291762020000021 ], [ 79.753768669000067, 8.291729904000022 ], [ 79.753754663000052, 8.291705276000073 ], [ 79.753732200000059, 8.291686594000055 ], [ 79.753663907000032, 8.291665354000031 ], [ 79.753574689000061, 8.291662594000059 ], [ 79.753477547000045, 8.291670393000061 ], [ 79.753415765000057, 8.29169311000004 ], [ 79.753390292000063, 8.291680116000066 ], [ 79.753189088000056, 8.291527346000066 ], [ 79.753068561000077, 8.291451726000048 ], [ 79.753004070000031, 8.291398670000035 ], [ 79.752961110000058, 8.291338435000057 ], [ 79.752951117000066, 8.291307037000024 ], [ 79.752956993000055, 8.291245572000037 ], [ 79.752978934000055, 8.291220132000035 ], [ 79.753041461000066, 8.29118955000007 ], [ 79.753119446000085, 8.291183691000072 ], [ 79.753217007000046, 8.291189546000055 ], [ 79.753329192000081, 8.291191190000063 ], [ 79.753484437000054, 8.291179380000074 ], [ 79.753532128000074, 8.291164403000039 ], [ 79.753623921000042, 8.291119251000055 ], [ 79.753663485000061, 8.291088159000026 ], [ 79.753699749000077, 8.291041284000073 ], [ 79.75372477600007, 8.291008933000057 ], [ 79.753771030000053, 8.290917916000069 ], [ 79.753872700000045, 8.290737621000062 ], [ 79.753938007000045, 8.290684807000048 ], [ 79.753983978000065, 8.290660563000074 ], [ 79.75400230300005, 8.290662737000048 ], [ 79.754040248000081, 8.29066724200004 ], [ 79.754012371000044, 8.290642837000064 ], [ 79.753920872000037, 8.290562734000048 ], [ 79.753874446000054, 8.290411418000076 ], [ 79.753834016000042, 8.290532377000034 ], [ 79.753773185000057, 8.290679956000076 ], [ 79.753733631000046, 8.290742239000053 ], [ 79.753683262000038, 8.290845271000023 ], [ 79.753666364000082, 8.290886727000043 ], [ 79.75360156000005, 8.290955276000034 ], [ 79.753530176000083, 8.291006267000057 ], [ 79.753444362000039, 8.291056046000051 ], [ 79.753358657000035, 8.291099135000024 ], [ 79.75327582400007, 8.291119355000035 ], [ 79.753198810000072, 8.291135705000045 ], [ 79.753139177000037, 8.291135552000071 ], [ 79.753167304000044, 8.291104071000063 ], [ 79.753314359000058, 8.291029674000072 ], [ 79.753369405000058, 8.290943562000052 ], [ 79.753377584000077, 8.290833912000039 ], [ 79.753330627000082, 8.290739582000072 ], [ 79.753286433000085, 8.290664879000076 ], [ 79.753273756000056, 8.290582482000048 ] ] ], [ [ [ 79.767801451000082, 8.326518473000021 ], [ 79.767768635000039, 8.326515363000055 ], [ 79.767723642000078, 8.326507132000074 ], [ 79.767659621000064, 8.326491544000021 ], [ 79.767629660000068, 8.326481584000021 ], [ 79.767353635000063, 8.326390140000058 ], [ 79.767170072000056, 8.326321498000027 ], [ 79.766957777000073, 8.326216903000045 ], [ 79.766817502000038, 8.326126841000075 ], [ 79.76674197300008, 8.326076414000056 ], [ 79.766662779000058, 8.326051096000072 ], [ 79.766600641000082, 8.326047116000041 ], [ 79.766518580000081, 8.326100008000026 ], [ 79.766498507000051, 8.326122474000044 ], [ 79.766477960000032, 8.326149354000052 ], [ 79.766450320000047, 8.326190835000034 ], [ 79.766377825000063, 8.326308493000056 ], [ 79.766357928000048, 8.326336462000029 ], [ 79.766308393000031, 8.32639974500006 ], [ 79.766285832000051, 8.326436130000047 ], [ 79.766274145000068, 8.326466079000056 ], [ 79.76626466700003, 8.326506683000048 ], [ 79.76626034700007, 8.326545569000075 ], [ 79.766260994000049, 8.326581636000071 ], [ 79.766264497000066, 8.326604689000021 ], [ 79.766270477000035, 8.326625048000039 ], [ 79.766278631000034, 8.326642118000052 ], [ 79.766290522000077, 8.326659300000074 ], [ 79.766307629000039, 8.326678033000064 ], [ 79.766328336000072, 8.326695967000035 ], [ 79.766351581000038, 8.326712178000037 ], [ 79.766375778000054, 8.326725550000049 ], [ 79.766400332000046, 8.326735054000039 ], [ 79.766427243000066, 8.326738909000028 ], [ 79.766456063000078, 8.326738315000057 ], [ 79.766518659000042, 8.326731617000064 ], [ 79.766545605000033, 8.32673019300006 ], [ 79.766614721000053, 8.326734790000046 ], [ 79.766637991000039, 8.326737915000024 ], [ 79.766657369000029, 8.326744025000039 ], [ 79.766671626000061, 8.326753512000039 ], [ 79.76668482000008, 8.32676943000007 ], [ 79.766696470000056, 8.326791538000066 ], [ 79.766705202000082, 8.326815478000071 ], [ 79.766712224000059, 8.326842477000071 ], [ 79.766714575000037, 8.326862562000031 ], [ 79.766714344000036, 8.32688489800006 ], [ 79.766711163000082, 8.326912384000025 ], [ 79.766704576000052, 8.326946011000075 ], [ 79.766692327000044, 8.326997390000031 ], [ 79.766680757000074, 8.327035764000073 ], [ 79.766661786000043, 8.327081785000075 ], [ 79.766650881000032, 8.327101801000026 ], [ 79.766639429000065, 8.327119104000076 ], [ 79.766621808000082, 8.327137331000074 ], [ 79.766576092000037, 8.327174254000056 ], [ 79.766559914000084, 8.327192703000037 ], [ 79.766548568000076, 8.327217176000033 ], [ 79.766539882000075, 8.327247922000026 ], [ 79.766537448000065, 8.327264623000076 ], [ 79.766537122000045, 8.327279553000039 ], [ 79.766538910000065, 8.327292386000067 ], [ 79.766542787000049, 8.327302959000065 ], [ 79.766549176000069, 8.327312153000037 ], [ 79.766558604000068, 8.327321081000036 ], [ 79.766587466000033, 8.327338895000025 ], [ 79.766631226000072, 8.327359195000042 ], [ 79.766656462000071, 8.327368411000066 ], [ 79.76668991300005, 8.327376667000067 ], [ 79.766726861000052, 8.327381884000033 ], [ 79.766773052000076, 8.327384121000023 ], [ 79.766823895000073, 8.327382457000056 ], [ 79.766861457000061, 8.32737785300003 ], [ 79.766903527000068, 8.32736907900005 ], [ 79.766975753000054, 8.327348482000048 ], [ 79.767000076000045, 8.32733875200006 ], [ 79.767025230000058, 8.327326330000062 ], [ 79.767074782000066, 8.327296108000041 ], [ 79.767186432000074, 8.327218299000037 ], [ 79.767215180000051, 8.327200914000059 ], [ 79.767241885000033, 8.327187092000031 ], [ 79.767283664000047, 8.327170903000024 ], [ 79.767351449000046, 8.327151621000041 ], [ 79.767378252000071, 8.327145978000033 ], [ 79.767397034000055, 8.32714457000003 ], [ 79.767413641000076, 8.327146064000033 ], [ 79.767431320000071, 8.32715124200007 ], [ 79.767449934000069, 8.327159472000062 ], [ 79.767465904000062, 8.327169162000075 ], [ 79.767478711000081, 8.327179884000032 ], [ 79.76748948200003, 8.327192902000036 ], [ 79.767499035000071, 8.327208847000065 ], [ 79.767506455000046, 8.327226259000042 ], [ 79.767510844000071, 8.32724315400003 ], [ 79.76751183500005, 8.327257278000047 ], [ 79.767509401000041, 8.327270371000054 ], [ 79.767502950000051, 8.327285270000061 ], [ 79.76749251800004, 8.327301193000039 ], [ 79.76747810300003, 8.327318151000043 ], [ 79.767459515000041, 8.327336372000048 ], [ 79.767433502000074, 8.327357832000075 ], [ 79.767421410000054, 8.327364230000057 ], [ 79.767407407000064, 8.327369320000059 ], [ 79.76737591300008, 8.327375639000024 ], [ 79.767312625000045, 8.32738133600003 ], [ 79.76728784200003, 8.327384846000029 ], [ 79.767264025000031, 8.327391132000059 ], [ 79.767244788000085, 8.327400196000042 ], [ 79.767228141000032, 8.327412532000039 ], [ 79.76720980500005, 8.327428737000048 ], [ 79.767194049000068, 8.327445074000025 ], [ 79.767180636000035, 8.327461634000031 ], [ 79.767170556000053, 8.327476864000062 ], [ 79.767163242000038, 8.327491164000037 ], [ 79.767158039000037, 8.327506292000066 ], [ 79.767154473000062, 8.327523326000062 ], [ 79.767151897000076, 8.327558585000077 ], [ 79.767153414000063, 8.327628903000061 ], [ 79.767152318000058, 8.327700753000045 ], [ 79.767157945000065, 8.327856929000063 ], [ 79.767158523000035, 8.327914383000063 ], [ 79.767156071000045, 8.327981510000029 ], [ 79.767145054000082, 8.328156464000074 ], [ 79.767143981000061, 8.328207775000067 ], [ 79.767145095000046, 8.328253797000059 ], [ 79.767148915000064, 8.328302067000038 ], [ 79.767155869000078, 8.328355505000047 ], [ 79.767189422000058, 8.328543148000051 ], [ 79.767200249000041, 8.328618051000035 ], [ 79.767205889000081, 8.328689109000038 ], [ 79.767213681000044, 8.328876663000074 ], [ 79.76721933400006, 8.328931385000033 ], [ 79.767227641000034, 8.328979874000026 ], [ 79.767244976000029, 8.329045909000058 ], [ 79.767270479000047, 8.329119192000064 ], [ 79.767354807000061, 8.329319748000046 ], [ 79.767361569000059, 8.329335830000048 ], [ 79.767461001000072, 8.329588579000074 ], [ 79.767489792000049, 8.329653188000066 ], [ 79.767518264000046, 8.32971002000005 ], [ 79.76754754500007, 8.329761312000073 ], [ 79.767578120000053, 8.329807890000041 ], [ 79.767616367000073, 8.329857545000038 ], [ 79.767706597000085, 8.329961388000072 ], [ 79.767759614000056, 8.330030964000059 ], [ 79.767801579000036, 8.330086037000058 ], [ 79.767829751000079, 8.330117451000035 ], [ 79.767857194000044, 8.33014299000007 ], [ 79.767888460000052, 8.330167387000074 ], [ 79.767921294000075, 8.330189966000034 ], [ 79.767955589000053, 8.330210653000051 ], [ 79.767991366000047, 8.330229466000048 ], [ 79.768028619000063, 8.330246398000043 ], [ 79.768067354000038, 8.330261455000027 ], [ 79.76810757100003, 8.330274637000059 ], [ 79.768149268000059, 8.330285943000035 ], [ 79.76821682800005, 8.330367339000077 ], [ 79.768288522000034, 8.330443845000048 ], [ 79.768360319000067, 8.330511868000031 ], [ 79.768452381000031, 8.330590287000064 ], [ 79.768530067000029, 8.330651381000052 ], [ 79.768598289000067, 8.33069811200005 ], [ 79.768630949000055, 8.330717538000044 ], [ 79.768662825000035, 8.33073442400007 ], [ 79.768694120000077, 8.330748873000061 ], [ 79.768724945000031, 8.330760939000072 ], [ 79.768778244000032, 8.330776502000049 ], [ 79.768839624000066, 8.330788088000077 ], [ 79.768905390000043, 8.330795837000039 ], [ 79.769061860000079, 8.330808987000069 ], [ 79.769177008000042, 8.330829842000071 ], [ 79.769222838000076, 8.330834578000065 ], [ 79.769257054000036, 8.33083305100007 ], [ 79.769286970000053, 8.330826010000067 ], [ 79.769307682000033, 8.330816211000069 ], [ 79.769346944000063, 8.330789541000058 ], [ 79.769363999000063, 8.330780040000036 ], [ 79.769389868000076, 8.330771361000075 ], [ 79.769419808000066, 8.33076548400004 ], [ 79.769460139000046, 8.330762881000055 ], [ 79.769499579000069, 8.330765975000077 ], [ 79.769534725000085, 8.330774442000063 ], [ 79.769564119000052, 8.330787934000057 ], [ 79.769584527000063, 8.330801633000021 ], [ 79.769604858000037, 8.330818733000058 ], [ 79.769624548000081, 8.330838758000027 ], [ 79.76964281100004, 8.330860918000042 ], [ 79.769658363000076, 8.330883481000058 ], [ 79.769670999000084, 8.33090595300007 ], [ 79.769681008000077, 8.330928997000058 ], [ 79.769688599000062, 8.330953007000062 ], [ 79.769693681000035, 8.330977388000065 ], [ 79.769696456000077, 8.331002689000059 ], [ 79.769696925000062, 8.331028912000022 ], [ 79.769695089000038, 8.331056056000023 ], [ 79.769690947000072, 8.33108412100006 ], [ 79.76968449900005, 8.331113107000022 ], [ 79.769675747000065, 8.331143015000066 ], [ 79.769664689000081, 8.331173844000034 ], [ 79.769533679000062, 8.331328382000038 ], [ 79.769409299000074, 8.331321873000036 ], [ 79.769192150000038, 8.33133855400007 ], [ 79.769093406000081, 8.331395386000054 ], [ 79.769027531000063, 8.33161823100005 ], [ 79.769055212000069, 8.33173909900006 ], [ 79.769136368000034, 8.33186833700006 ], [ 79.769295672000055, 8.33197823200004 ], [ 79.76953373300006, 8.33212039600005 ], [ 79.769687559000033, 8.332264485000053 ], [ 79.769723984000052, 8.332313831000022 ], [ 79.769914119000077, 8.332432854000047 ], [ 79.770028106000041, 8.332463797000059 ], [ 79.77011811400007, 8.332455877000029 ], [ 79.770221330000084, 8.332408007000026 ], [ 79.770657975000063, 8.331913526000051 ], [ 79.770714458000043, 8.331715437000071 ], [ 79.770565671000043, 8.331523023000045 ], [ 79.770236607000072, 8.33129298700004 ], [ 79.770212925000067, 8.331286036000051 ], [ 79.770191382000064, 8.331277810000074 ], [ 79.77017197400005, 8.331268308000062 ], [ 79.77015470200007, 8.331257529000027 ], [ 79.770139432000065, 8.331245355000021 ], [ 79.770126340000047, 8.331231880000075 ], [ 79.770115041000054, 8.331216497000071 ], [ 79.770107597000049, 8.331202099000052 ], [ 79.77010216900004, 8.331182540000043 ], [ 79.770099605000041, 8.331158276000053 ], [ 79.770100145000072, 8.331057275000035 ], [ 79.770102119000057, 8.330988115000025 ], [ 79.770100554000066, 8.330963878000034 ], [ 79.770095486000059, 8.330932042000029 ], [ 79.770084112000063, 8.330886803000055 ], [ 79.770067825000069, 8.330840597000076 ], [ 79.770035390000032, 8.330769846000067 ], [ 79.770013261000031, 8.330727487000047 ], [ 79.769998868000073, 8.330705029000057 ], [ 79.769984296000075, 8.330686743000058 ], [ 79.769969146000051, 8.330672134000054 ], [ 79.769953254000029, 8.330661052000039 ], [ 79.769931052000061, 8.330650424000055 ], [ 79.769906870000057, 8.330642597000065 ], [ 79.76988073800004, 8.330637581000076 ], [ 79.769852651000065, 8.330635373000064 ], [ 79.769770411000081, 8.330607650000047 ], [ 79.769687540000064, 8.330584918000056 ], [ 79.769603120000056, 8.330567011000028 ], [ 79.769521704000056, 8.330554866000057 ], [ 79.769477943000084, 8.330551572000047 ], [ 79.769429690000038, 8.330550396000035 ], [ 79.769201273000078, 8.330557298000031 ], [ 79.76903558500004, 8.330553479000059 ], [ 79.768950209000081, 8.330547226000022 ], [ 79.768818650000071, 8.330527566000058 ], [ 79.768777078000085, 8.330518841000071 ], [ 79.768740896000054, 8.33050884000005 ], [ 79.768708572000037, 8.330497136000076 ], [ 79.768679607000081, 8.330483533000063 ], [ 79.768627023000079, 8.330451180000068 ], [ 79.768606974000079, 8.330436679000059 ], [ 79.768592091000073, 8.330420610000033 ], [ 79.768583966000051, 8.330402526000057 ], [ 79.768579862000081, 8.330379250000021 ], [ 79.768580153000073, 8.330354147000037 ], [ 79.768584090000047, 8.330334879000077 ], [ 79.768592784000077, 8.330318348000048 ], [ 79.768605647000072, 8.33030343300004 ], [ 79.768623803000082, 8.330287962000057 ], [ 79.768700608000074, 8.330236391000028 ], [ 79.768777942000042, 8.330195224000022 ], [ 79.768825053000057, 8.330173273000071 ], [ 79.768886043000066, 8.330149107000068 ], [ 79.76902059400004, 8.330101798000044 ], [ 79.769078935000039, 8.330079504000025 ], [ 79.769207037000058, 8.330022373000077 ], [ 79.769293382000058, 8.329981634000035 ], [ 79.769367929000055, 8.329942798000047 ], [ 79.769432040000083, 8.329904750000026 ], [ 79.769483802000082, 8.329869336000058 ], [ 79.769550669000068, 8.329817465000076 ], [ 79.769608018000042, 8.329768215000058 ], [ 79.769660378000083, 8.329718257000025 ], [ 79.769707640000036, 8.329667691000054 ], [ 79.769749736000051, 8.329616595000061 ], [ 79.769780210000079, 8.329574562000062 ], [ 79.769801825000059, 8.329540120000047 ], [ 79.769815139000059, 8.329511916000058 ], [ 79.769842070000038, 8.329445478000025 ], [ 79.769856289000074, 8.329417209000042 ], [ 79.769871641000066, 8.32939493300006 ], [ 79.76988913200006, 8.329377450000038 ], [ 79.769912276000071, 8.329361112000072 ], [ 79.769941318000065, 8.329345963000037 ], [ 79.770054798000047, 8.32930172500005 ], [ 79.770091476000061, 8.329289925000069 ], [ 79.770179771000073, 8.329266921000055 ], [ 79.770220342000073, 8.32925212300006 ], [ 79.770240177000062, 8.329241893000074 ], [ 79.770257543000071, 8.329230181000071 ], [ 79.770279096000081, 8.329212335000022 ], [ 79.770300046000045, 8.329191870000045 ], [ 79.770325584000034, 8.329162175000022 ], [ 79.770348553000076, 8.329129803000058 ], [ 79.770368105000045, 8.329095950000067 ], [ 79.770383525000057, 8.329061852000052 ], [ 79.770394767000084, 8.329027511000049 ], [ 79.770402998000066, 8.32899014000003 ], [ 79.770407971000054, 8.328950851000059 ], [ 79.770409495000081, 8.328911135000055 ], [ 79.770408188000033, 8.328880445000038 ], [ 79.770404549000034, 8.328855127000054 ], [ 79.77039746500003, 8.328826702000072 ], [ 79.770386813000073, 8.328795701000047 ], [ 79.770313066000085, 8.328628561000073 ], [ 79.770255476000045, 8.328509964000034 ], [ 79.770242865000057, 8.328479766000044 ], [ 79.770233176000033, 8.328452017000075 ], [ 79.770224902000052, 8.328420691000076 ], [ 79.770218558000067, 8.328385277000052 ], [ 79.770201756000063, 8.328235450000022 ], [ 79.770183243000076, 8.328126991000033 ], [ 79.770168761000036, 8.328060908000054 ], [ 79.770146916000044, 8.32798905900006 ], [ 79.770123010000077, 8.327924390000021 ], [ 79.770099146000064, 8.327873101000023 ], [ 79.770073191000051, 8.32782983900006 ], [ 79.770038399000043, 8.327785309000035 ], [ 79.769994571000041, 8.327740252000069 ], [ 79.769940746000032, 8.327693509000028 ], [ 79.769869303000064, 8.327638433000061 ], [ 79.769843766000065, 8.327622278000035 ], [ 79.769813352000085, 8.327606628000069 ], [ 79.769704301000047, 8.327561131000039 ], [ 79.769664592000083, 8.327542201000028 ], [ 79.769627998000033, 8.327519413000061 ], [ 79.769599437000068, 8.327494228000035 ], [ 79.769584704000067, 8.327476362000027 ], [ 79.769570290000047, 8.327454442000032 ], [ 79.769516789000079, 8.327355843000021 ], [ 79.769498170000077, 8.327328594000051 ], [ 79.769476832000066, 8.327300858000058 ], [ 79.76945020200003, 8.327269701000034 ], [ 79.769418874000053, 8.327236191000054 ], [ 79.769309474000067, 8.327128378000054 ], [ 79.769269879000035, 8.327087457000061 ], [ 79.769233066000083, 8.327045291000047 ], [ 79.769202858000085, 8.327005210000038 ], [ 79.769180411000036, 8.326969715000075 ], [ 79.76915953200006, 8.326929567000036 ], [ 79.769100979000029, 8.326791539000055 ], [ 79.769078203000049, 8.326743438000051 ], [ 79.76905352700004, 8.326701132000039 ], [ 79.76902322400008, 8.326660041000025 ], [ 79.768993568000042, 8.326625906000061 ], [ 79.768958652000038, 8.326590303000046 ], [ 79.768916687000058, 8.326551367000036 ], [ 79.768817711000054, 8.326464930000043 ], [ 79.768774524000037, 8.326425451000034 ], [ 79.768559094000068, 8.326210307000053 ], [ 79.767741126000033, 8.325870035000037 ], [ 79.767773801000033, 8.325900499000056 ], [ 79.767803195000056, 8.325931977000039 ], [ 79.767829308000046, 8.325964470000031 ], [ 79.767852142000038, 8.325997975000064 ], [ 79.767871695000053, 8.32603249400006 ], [ 79.767887967000036, 8.326068028000066 ], [ 79.767900957000052, 8.326104574000055 ], [ 79.767910669000059, 8.326142135000055 ], [ 79.767916004000085, 8.326174554000033 ], [ 79.767943407000075, 8.326310953000075 ], [ 79.767949358000067, 8.326330380000059 ], [ 79.767952226000034, 8.326358030000051 ], [ 79.767951408000044, 8.32638829900003 ], [ 79.767948671000056, 8.326407110000048 ], [ 79.767944214000067, 8.326424111000051 ], [ 79.767938207000043, 8.326438907000068 ], [ 79.767929615000071, 8.326454192000028 ], [ 79.767917170000032, 8.326471422000054 ], [ 79.767902872000036, 8.326487148000069 ], [ 79.767889901000046, 8.326498352000044 ], [ 79.767876081000054, 8.326506552000069 ], [ 79.76785489100007, 8.326514085000042 ], [ 79.767830060000051, 8.326518050000061 ], [ 79.767801451000082, 8.326518473000021 ] ], [ [ 79.768856286000073, 8.327884143000063 ], [ 79.768834249000065, 8.327851199000065 ], [ 79.768814992000046, 8.327815011000041 ], [ 79.768807113000037, 8.327776917000051 ], [ 79.768804592000038, 8.327742495000052 ], [ 79.768807430000038, 8.32771174100003 ], [ 79.768815626000048, 8.327684659000056 ], [ 79.76882727800006, 8.327664206000065 ], [ 79.768844913000066, 8.327646443000049 ], [ 79.76887006000004, 8.327629761000026 ], [ 79.768900890000054, 8.327615608000031 ], [ 79.768935120000037, 8.327605063000021 ], [ 79.768968934000043, 8.327599330000055 ], [ 79.768996559000072, 8.327598931000068 ], [ 79.769024322000064, 8.327603931000056 ], [ 79.769057582000073, 8.327615880000053 ], [ 79.769092355000055, 8.327634135000039 ], [ 79.769126965000055, 8.327657866000038 ], [ 79.769157901000085, 8.327684676000047 ], [ 79.769174255000053, 8.327704216000029 ], [ 79.76918958400006, 8.327728925000031 ], [ 79.769230062000076, 8.327816350000035 ], [ 79.769245568000031, 8.327845421000063 ], [ 79.769259808000072, 8.327866361000076 ], [ 79.769300438000073, 8.327918663000048 ], [ 79.769310375000032, 8.327934480000067 ], [ 79.769317490000049, 8.32794926300005 ], [ 79.769322564000049, 8.327966152000045 ], [ 79.769324260000076, 8.327984998000034 ], [ 79.769318158000033, 8.328051696000045 ], [ 79.769318412000075, 8.328075871000067 ], [ 79.769324376000043, 8.328101037000067 ], [ 79.769336818000056, 8.328129881000052 ], [ 79.769354625000062, 8.328160714000035 ], [ 79.769393947000083, 8.328220766000072 ], [ 79.769414066000081, 8.328245657000025 ], [ 79.769475948000036, 8.328314359000046 ], [ 79.769492202000038, 8.328337114000021 ], [ 79.769503789000055, 8.328358824000077 ], [ 79.769529381000041, 8.328427826000052 ], [ 79.769537577000051, 8.328456136000057 ], [ 79.769542815000079, 8.328480671000023 ], [ 79.769545107000056, 8.328501550000055 ], [ 79.769544415000041, 8.328518615000064 ], [ 79.769540739000036, 8.328531850000047 ], [ 79.769534086000078, 8.328541237000024 ], [ 79.769522079000069, 8.328547617000027 ], [ 79.769502225000053, 8.328550905000043 ], [ 79.769475315000079, 8.328550857000039 ], [ 79.769447202000038, 8.328547445000027 ], [ 79.769432357000085, 8.328543134000029 ], [ 79.76941812900003, 8.328536074000056 ], [ 79.769404439000084, 8.328526227000054 ], [ 79.769391162000034, 8.328513508000071 ], [ 79.769374203000041, 8.328492341000072 ], [ 79.76935698300008, 8.328465142000027 ], [ 79.769307724000043, 8.328369541000029 ], [ 79.769277573000068, 8.328316314000062 ], [ 79.769259680000062, 8.328274339000075 ], [ 79.769220025000038, 8.328163155000027 ], [ 79.769206205000046, 8.328133422000064 ], [ 79.769191474000081, 8.328108870000051 ], [ 79.769179933000032, 8.328093767000041 ], [ 79.769167463000031, 8.328080638000074 ], [ 79.769135436000056, 8.328056224000022 ], [ 79.769093547000068, 8.32803261600003 ], [ 79.769046816000071, 8.328013713000075 ], [ 79.769008118000045, 8.328000225000039 ], [ 79.768972198000085, 8.327983493000033 ], [ 79.768939054000043, 8.327963520000026 ], [ 79.768908688000067, 8.327940303000048 ], [ 79.768881098000065, 8.327913844000022 ], [ 79.768856286000073, 8.327884143000063 ] ] ] ] } }
]
}
