{
"type": "FeatureCollection",
"name": "marsh_areas",
"crs": { "type": "name", "properties": { "name": "urn:ogc:def:crs:OGC:1.3:CRS84" } },
"xy_coordinate_resolution": 1e-15,
"features": [
{ "type": "Feature", "properties": { "fid": 721151.0, "DN": 3, "area": 4034 }, "geometry": { "type": "MultiPolygon", "coordinates": [ [ [ [ 80.797432110994521, 7.949102117645234 ], [ 80.797450077300198, 7.949102117645234 ], [ 80.797530925675773, 7.949061693457448 ], [ 80.797530925675773, 7.949052710304606 ], [ 80.79781389499027, 7.949012286116821 ], [ 80.797876777060154, 7.949012286116821 ], [ 80.798159746374651, 7.948931437741249 ], [ 80.798159746374651, 7.948913471435567 ], [ 80.798240594750212, 7.948832623059997 ], [ 80.798258561055917, 7.948832623059997 ], [ 80.798339409431478, 7.948792198872212 ], [ 80.798339409431478, 7.94878321571937 ], [ 80.798379833619265, 7.948742791531584 ], [ 80.798388816772103, 7.948742791531584 ], [ 80.798429240959891, 7.948702367343799 ], [ 80.798429240959891, 7.948693384190959 ], [ 80.798227120020954, 7.948652960003173 ], [ 80.798182204256761, 7.948652960003173 ], [ 80.797980083317825, 7.948733808378743 ], [ 80.797980083317825, 7.948751774684427 ], [ 80.797777962378902, 7.948832623059997 ], [ 80.797733046614695, 7.948832623059997 ], [ 80.797530925675773, 7.948873047247782 ], [ 80.797530925675773, 7.948882030400624 ], [ 80.797490501487985, 7.948922454588409 ], [ 80.797481518335147, 7.948922454588409 ], [ 80.797441094147359, 7.948801182025052 ], [ 80.797441094147359, 7.948774232566529 ], [ 80.797400669959572, 7.948652960003173 ], [ 80.797391686806733, 7.948652960003173 ], [ 80.797351262618946, 7.948693384190959 ], [ 80.797351262618946, 7.948702367343799 ], [ 80.797189565867797, 7.948742791531584 ], [ 80.797153633256443, 7.948742791531584 ], [ 80.796991936505293, 7.948823639907156 ], [ 80.796991936505293, 7.948841606212838 ], [ 80.79703236069308, 7.948922454588409 ], [ 80.797041343845919, 7.948922454588409 ], [ 80.797081768033706, 7.948962878776195 ], [ 80.797081768033706, 7.948971861929035 ], [ 80.797203040597054, 7.949012286116821 ], [ 80.797229990055598, 7.949012286116821 ], [ 80.797351262618946, 7.949052710304606 ], [ 80.797351262618946, 7.949061693457448 ], [ 80.797432110994521, 7.949102117645234 ] ] ] ] } },
{ "type": "Feature", "properties": { "fid": 721306.0, "DN": 3, "area": 6790 }, "geometry": { "type": "MultiPolygon", "coordinates": [ [ [ [ 80.79496623553959, 7.949281780702057 ], [ 80.794975218692457, 7.949281780702057 ], [ 80.79501564288023, 7.949322204889842 ], [ 80.79501564288023, 7.949331188042684 ], [ 80.795096491255805, 7.949371612230468 ], [ 80.795114457561482, 7.949371612230468 ], [ 80.795195305937057, 7.949290763854899 ], [ 80.795195305937057, 7.949272797549217 ], [ 80.795357002688206, 7.949191949173645 ], [ 80.79539293529956, 7.949191949173645 ], [ 80.79555463205071, 7.949232373361431 ], [ 80.79555463205071, 7.949241356514271 ], [ 80.795635480426284, 7.949281780702057 ], [ 80.795653446731961, 7.949281780702057 ], [ 80.795734295107522, 7.949241356514271 ], [ 80.795734295107522, 7.949232373361431 ], [ 80.795774719295309, 7.949191949173645 ], [ 80.795783702448148, 7.949191949173645 ], [ 80.795824126635935, 7.94915152498586 ], [ 80.795824126635935, 7.949142541833019 ], [ 80.795783702448148, 7.949102117645234 ], [ 80.795774719295309, 7.949102117645234 ], [ 80.795734295107522, 7.949061693457448 ], [ 80.795734295107522, 7.949052710304606 ], [ 80.795653446731961, 7.949012286116821 ], [ 80.795635480426284, 7.949012286116821 ], [ 80.79555463205071, 7.948971861929035 ], [ 80.79555463205071, 7.948962878776195 ], [ 80.795635480426284, 7.948922454588409 ], [ 80.795653446731961, 7.948922454588409 ], [ 80.795734295107522, 7.948882030400624 ], [ 80.795734295107522, 7.948873047247782 ], [ 80.795693870919735, 7.948832623059997 ], [ 80.795684887766896, 7.948832623059997 ], [ 80.795644463579109, 7.948751774684427 ], [ 80.795644463579109, 7.948733808378743 ], [ 80.795604039391321, 7.948652960003173 ], [ 80.795595056238483, 7.948652960003173 ], [ 80.79555463205071, 7.948612535815387 ], [ 80.79555463205071, 7.948603552662547 ], [ 80.795514207862922, 7.948563128474762 ], [ 80.795505224710084, 7.948563128474762 ], [ 80.795464800522296, 7.948522704286976 ], [ 80.795464800522296, 7.948513721134135 ], [ 80.795424376334523, 7.948473296946349 ], [ 80.795415393181656, 7.948473296946349 ], [ 80.795374968993883, 7.948513721134135 ], [ 80.795374968993883, 7.948522704286976 ], [ 80.795334544806096, 7.948563128474762 ], [ 80.795325561653257, 7.948563128474762 ], [ 80.79528513746547, 7.948522704286976 ], [ 80.79528513746547, 7.948513721134135 ], [ 80.795244713277683, 7.948473296946349 ], [ 80.795235730124844, 7.948473296946349 ], [ 80.795195305937057, 7.948513721134135 ], [ 80.795195305937057, 7.948522704286976 ], [ 80.795154881749269, 7.948563128474762 ], [ 80.795145898596431, 7.948563128474762 ], [ 80.795105474408643, 7.948522704286976 ], [ 80.795105474408643, 7.948513721134135 ], [ 80.795065050220856, 7.948473296946349 ], [ 80.795056067068018, 7.948473296946349 ], [ 80.79501564288023, 7.94855414532192 ], [ 80.79501564288023, 7.948572111627602 ], [ 80.794975218692457, 7.948652960003173 ], [ 80.79496623553959, 7.948652960003173 ], [ 80.794925811351817, 7.948693384190959 ], [ 80.794925811351817, 7.948702367343799 ], [ 80.79488538716403, 7.948742791531584 ], [ 80.794876404011191, 7.948742791531584 ], [ 80.794835979823404, 7.948823639907156 ], [ 80.794835979823404, 7.948841606212838 ], [ 80.794755131447829, 7.948922454588409 ], [ 80.794737165142152, 7.948922454588409 ], [ 80.794656316766577, 7.948962878776195 ], [ 80.794656316766577, 7.948971861929035 ], [ 80.794737165142152, 7.949012286116821 ], [ 80.794755131447829, 7.949012286116821 ], [ 80.794835979823404, 7.949173982867961 ], [ 80.794835979823404, 7.949209915479328 ], [ 80.794876404011191, 7.949371612230468 ], [ 80.79488538716403, 7.949371612230468 ], [ 80.794925811351817, 7.949331188042684 ], [ 80.794925811351817, 7.949322204889842 ], [ 80.79496623553959, 7.949281780702057 ] ], [ [ 80.795096491255805, 7.948832623059997 ], [ 80.795114457561482, 7.948832623059997 ], [ 80.795195305937057, 7.948792198872212 ], [ 80.795195305937057, 7.94878321571937 ], [ 80.795235730124844, 7.948742791531584 ], [ 80.795244713277683, 7.948742791531584 ], [ 80.79528513746547, 7.948823639907156 ], [ 80.79528513746547, 7.948841606212838 ], [ 80.795163864902108, 7.948922454588409 ], [ 80.795136915443592, 7.948922454588409 ], [ 80.79501564288023, 7.948962878776195 ], [ 80.79501564288023, 7.948971861929035 ], [ 80.794975218692457, 7.949012286116821 ], [ 80.79496623553959, 7.949012286116821 ], [ 80.794925811351817, 7.948891013553464 ], [ 80.794925811351817, 7.948864064094941 ], [ 80.79496623553959, 7.948742791531584 ], [ 80.794975218692457, 7.948742791531584 ], [ 80.79501564288023, 7.94878321571937 ], [ 80.79501564288023, 7.948792198872212 ], [ 80.795096491255805, 7.948832623059997 ] ] ] ] } },
{ "type": "Feature", "properties": { "fid": 721605.0, "DN": 3, "area": 4231 }, "geometry": { "type": "MultiPolygon", "coordinates": [ [ [ [ 80.796434981029137, 7.948832623059997 ], [ 80.796470913640505, 7.948832623059997 ], [ 80.79663261039164, 7.948751774684427 ], [ 80.79663261039164, 7.948733808378743 ], [ 80.796511337828292, 7.948652960003173 ], [ 80.796484388369763, 7.948652960003173 ], [ 80.796363115806415, 7.948612535815387 ], [ 80.796363115806415, 7.948603552662547 ], [ 80.796322691618627, 7.948563128474762 ], [ 80.796313708465789, 7.948563128474762 ], [ 80.796273284278001, 7.948522704286976 ], [ 80.796273284278001, 7.948513721134135 ], [ 80.796232860090214, 7.948473296946349 ], [ 80.796223876937376, 7.948473296946349 ], [ 80.796183452749588, 7.948432872758564 ], [ 80.796183452749588, 7.948423889605722 ], [ 80.796223876937376, 7.948383465417937 ], [ 80.796232860090214, 7.948383465417937 ], [ 80.796273284278001, 7.948343041230151 ], [ 80.796273284278001, 7.94833405807731 ], [ 80.796232860090214, 7.948293633889525 ], [ 80.796223876937376, 7.948293633889525 ], [ 80.796183452749588, 7.94825320970174 ], [ 80.796183452749588, 7.9482442265489 ], [ 80.796143028561801, 7.948203802361114 ], [ 80.796134045408962, 7.948203802361114 ], [ 80.796093621221175, 7.948163378173328 ], [ 80.796093621221175, 7.948154395020487 ], [ 80.795851076094465, 7.948113970832702 ], [ 80.79579717717742, 7.948113970832702 ], [ 80.79555463205071, 7.948154395020487 ], [ 80.79555463205071, 7.948163378173328 ], [ 80.795514207862922, 7.948203802361114 ], [ 80.795505224710084, 7.948203802361114 ], [ 80.795464800522296, 7.948284650736684 ], [ 80.795464800522296, 7.948302617042367 ], [ 80.795545648897871, 7.948383465417937 ], [ 80.795563615203548, 7.948383465417937 ], [ 80.795644463579109, 7.948343041230151 ], [ 80.795644463579109, 7.94833405807731 ], [ 80.795684887766896, 7.948293633889525 ], [ 80.795693870919735, 7.948293633889525 ], [ 80.795734295107522, 7.94833405807731 ], [ 80.795734295107522, 7.948343041230151 ], [ 80.795774719295309, 7.948383465417937 ], [ 80.795783702448148, 7.948383465417937 ], [ 80.795824126635935, 7.948423889605722 ], [ 80.795824126635935, 7.948432872758564 ], [ 80.795864550823723, 7.948473296946349 ], [ 80.795873533976561, 7.948473296946349 ], [ 80.795913958164348, 7.948513721134135 ], [ 80.795913958164348, 7.948522704286976 ], [ 80.795954382352136, 7.948563128474762 ], [ 80.795963365504974, 7.948563128474762 ], [ 80.796003789692762, 7.948603552662547 ], [ 80.796003789692762, 7.948612535815387 ], [ 80.796084638068336, 7.948652960003173 ], [ 80.796102604374013, 7.948652960003173 ], [ 80.796183452749588, 7.948693384190959 ], [ 80.796183452749588, 7.948702367343799 ], [ 80.796223876937376, 7.948742791531584 ], [ 80.796232860090214, 7.948742791531584 ], [ 80.796273284278001, 7.94878321571937 ], [ 80.796273284278001, 7.948792198872212 ], [ 80.796434981029137, 7.948832623059997 ] ] ] ] } },
{ "type": "Feature", "properties": { "fid": 773107.0, "DN": 3, "area": 3445 }, "geometry": { "type": "MultiPolygon", "coordinates": [ [ [ [ 80.703787234201471, 7.877326726444084 ], [ 80.703796217354309, 7.877326726444084 ], [ 80.703836641542097, 7.877367150631869 ], [ 80.703836641542097, 7.877376133784709 ], [ 80.703877065729884, 7.877416557972495 ], [ 80.703886048882723, 7.877416557972495 ], [ 80.70392647307051, 7.877376133784709 ], [ 80.70392647307051, 7.877367150631869 ], [ 80.703966897258297, 7.877326726444084 ], [ 80.703975880411136, 7.877326726444084 ], [ 80.704016304598923, 7.877165029692943 ], [ 80.704016304598923, 7.877129097081578 ], [ 80.703935456223348, 7.876967400330436 ], [ 80.703917489917671, 7.876967400330436 ], [ 80.703836641542097, 7.876886551954865 ], [ 80.703836641542097, 7.876868585649182 ], [ 80.703755793166522, 7.876787737273611 ], [ 80.703737826860845, 7.876787737273611 ], [ 80.70365697848527, 7.876747313085826 ], [ 80.70365697848527, 7.876738329932985 ], [ 80.703616554297483, 7.8766979057452 ], [ 80.703607571144644, 7.8766979057452 ], [ 80.703567146956857, 7.876657481557414 ], [ 80.703567146956857, 7.876648498404573 ], [ 80.703526722769084, 7.876608074216787 ], [ 80.703517739616245, 7.876608074216787 ], [ 80.703477315428458, 7.876688922592358 ], [ 80.703477315428458, 7.87670688889804 ], [ 80.703517739616245, 7.876787737273611 ], [ 80.703526722769084, 7.876787737273611 ], [ 80.703567146956857, 7.876828161461397 ], [ 80.703567146956857, 7.876837144614239 ], [ 80.703526722769084, 7.876877568802024 ], [ 80.703517739616245, 7.876877568802024 ], [ 80.703477315428458, 7.877079689740951 ], [ 80.703477315428458, 7.877124605505157 ], [ 80.703558163804018, 7.877326726444084 ], [ 80.703576130109695, 7.877326726444084 ], [ 80.70365697848527, 7.877367150631869 ], [ 80.70365697848527, 7.877376133784709 ], [ 80.703697402673043, 7.877416557972495 ], [ 80.70370638582591, 7.877416557972495 ], [ 80.703746810013683, 7.877376133784709 ], [ 80.703746810013683, 7.877367150631869 ], [ 80.703787234201471, 7.877326726444084 ] ], [ [ 80.703836641542097, 7.877187487575044 ], [ 80.703836641542097, 7.877196470727887 ], [ 80.703796217354309, 7.877236894915672 ], [ 80.703787234201471, 7.877236894915672 ], [ 80.703746810013683, 7.877196470727887 ], [ 80.703746810013683, 7.877187487575044 ], [ 80.703787234201471, 7.877147063387259 ], [ 80.703796217354309, 7.877147063387259 ], [ 80.703836641542097, 7.877187487575044 ] ] ] ] } },
{ "type": "Feature", "properties": { "fid": 773596.0, "DN": 3, "area": 5118 }, "geometry": { "type": "MultiPolygon", "coordinates": [ [ [ [ 80.703198837690366, 7.8766979057452 ], [ 80.703216803996071, 7.8766979057452 ], [ 80.703297652371631, 7.876657481557414 ], [ 80.703297652371631, 7.876648498404573 ], [ 80.703378500747206, 7.876608074216787 ], [ 80.703396467052883, 7.876608074216787 ], [ 80.703477315428458, 7.876567650029002 ], [ 80.703477315428458, 7.876558666876161 ], [ 80.703436891240671, 7.876518242688375 ], [ 80.703427908087832, 7.876518242688375 ], [ 80.703387483900045, 7.876477818500589 ], [ 80.703387483900045, 7.876468835347748 ], [ 80.703347059712257, 7.876428411159964 ], [ 80.703338076559419, 7.876428411159964 ], [ 80.703297652371631, 7.876387986972178 ], [ 80.703297652371631, 7.876379003819338 ], [ 80.703257228183844, 7.876338579631552 ], [ 80.703248245031006, 7.876338579631552 ], [ 80.703207820843218, 7.876379003819338 ], [ 80.703207820843218, 7.876387986972178 ], [ 80.703167396655431, 7.876428411159964 ], [ 80.703158413502592, 7.876428411159964 ], [ 80.703117989314805, 7.876347562784392 ], [ 80.703117989314805, 7.87632959647871 ], [ 80.70303714093923, 7.87624874810314 ], [ 80.703019174633553, 7.87624874810314 ], [ 80.702938326257978, 7.876167899727569 ], [ 80.702938326257978, 7.876149933421886 ], [ 80.702776629506843, 7.876069085046316 ], [ 80.702740696895461, 7.876069085046316 ], [ 80.702579000144326, 7.87602866085853 ], [ 80.702579000144326, 7.87601967770569 ], [ 80.702538575956538, 7.875979253517905 ], [ 80.7025295928037, 7.875979253517905 ], [ 80.702489168615926, 7.875938829330119 ], [ 80.702489168615926, 7.875929846177278 ], [ 80.702448744428139, 7.875889421989493 ], [ 80.702439761275301, 7.875889421989493 ], [ 80.702399337087513, 7.875929846177278 ], [ 80.702399337087513, 7.875938829330119 ], [ 80.702237640336364, 7.875979253517905 ], [ 80.70220170772501, 7.875979253517905 ], [ 80.70204001097386, 7.87601967770569 ], [ 80.70204001097386, 7.87602866085853 ], [ 80.70220170772501, 7.876069085046316 ], [ 80.702237640336364, 7.876069085046316 ], [ 80.702399337087513, 7.876149933421886 ], [ 80.702399337087513, 7.876167899727569 ], [ 80.702480185463088, 7.87624874810314 ], [ 80.702498151768765, 7.87624874810314 ], [ 80.702579000144326, 7.87632959647871 ], [ 80.702579000144326, 7.876347562784392 ], [ 80.702619424332113, 7.876428411159964 ], [ 80.702628407484951, 7.876428411159964 ], [ 80.702668831672739, 7.876468835347748 ], [ 80.702668831672739, 7.876477818500589 ], [ 80.702628407484951, 7.876518242688375 ], [ 80.702619424332113, 7.876518242688375 ], [ 80.702579000144326, 7.876558666876161 ], [ 80.702579000144326, 7.876567650029002 ], [ 80.702821545271036, 7.876608074216787 ], [ 80.702875444188095, 7.876608074216787 ], [ 80.703117989314805, 7.876648498404573 ], [ 80.703117989314805, 7.876657481557414 ], [ 80.703198837690366, 7.8766979057452 ] ] ] ] } },
{ "type": "Feature", "properties": { "fid": 781934.0, "DN": 3, "area": 3740 }, "geometry": { "type": "MultiPolygon", "coordinates": [ [ [ [ 80.642382892955482, 7.864660480937998 ], [ 80.642400859261159, 7.864660480937998 ], [ 80.642481707636733, 7.864417935811286 ], [ 80.642481707636733, 7.864364036894239 ], [ 80.642441283448946, 7.864121491767527 ], [ 80.642432300296107, 7.864121491767527 ], [ 80.64239187610832, 7.864081067579741 ], [ 80.64239187610832, 7.864072084426899 ], [ 80.642351451920533, 7.864031660239114 ], [ 80.642342468767694, 7.864031660239114 ], [ 80.642302044579907, 7.863991236051329 ], [ 80.642302044579907, 7.863982252898488 ], [ 80.642261620392119, 7.863941828710702 ], [ 80.642252637239281, 7.863941828710702 ], [ 80.642212213051494, 7.863860980335131 ], [ 80.642212213051494, 7.86384301402945 ], [ 80.64217178886372, 7.863762165653879 ], [ 80.642162805710882, 7.863762165653879 ], [ 80.642122381523095, 7.86384301402945 ], [ 80.642122381523095, 7.863860980335131 ], [ 80.642041533147534, 7.863941828710702 ], [ 80.642023566841829, 7.863941828710702 ], [ 80.641942718466268, 7.864022677086274 ], [ 80.641942718466268, 7.864040643391956 ], [ 80.641861870090693, 7.864121491767527 ], [ 80.641843903785016, 7.864121491767527 ], [ 80.641763055409442, 7.864202340143097 ], [ 80.641763055409442, 7.864220306448779 ], [ 80.641924752160577, 7.86430115482435 ], [ 80.641960684771959, 7.86430115482435 ], [ 80.642122381523095, 7.864341579012136 ], [ 80.642122381523095, 7.864350562164977 ], [ 80.642162805710882, 7.864390986352761 ], [ 80.64217178886372, 7.864390986352761 ], [ 80.642212213051494, 7.864431410540547 ], [ 80.642212213051494, 7.864440393693389 ], [ 80.642252637239281, 7.864480817881175 ], [ 80.642261620392119, 7.864480817881175 ], [ 80.642302044579907, 7.864561666256744 ], [ 80.642302044579907, 7.864579632562426 ], [ 80.642382892955482, 7.864660480937998 ] ] ] ] } },
{ "type": "Feature", "properties": { "fid": 819670.0, "DN": 3, "area": 3445 }, "geometry": { "type": "MultiPolygon", "coordinates": [ [ [ [ 80.547309694860687, 7.805730998299757 ], [ 80.547300711707848, 7.805730998299757 ], [ 80.547260287520061, 7.805690574111972 ], [ 80.547260287520061, 7.80568159095913 ], [ 80.547219863332288, 7.805641166771345 ], [ 80.547210880179449, 7.805641166771345 ], [ 80.547170455991662, 7.805600742583559 ], [ 80.547170455991662, 7.805591759430718 ], [ 80.547089607616101, 7.805551335242933 ], [ 80.547071641310396, 7.805551335242933 ], [ 80.546990792934835, 7.805510911055148 ], [ 80.546990792934835, 7.805501927902307 ], [ 80.54690994455926, 7.805461503714522 ], [ 80.546891978253583, 7.805461503714522 ], [ 80.546811129878009, 7.805421079526736 ], [ 80.546811129878009, 7.805412096373895 ], [ 80.546770705690221, 7.80537167218611 ], [ 80.546761722537383, 7.80537167218611 ], [ 80.546721298349595, 7.805290823810539 ], [ 80.546721298349595, 7.805272857504857 ], [ 80.54655960159846, 7.805192009129286 ], [ 80.546523668987078, 7.805192009129286 ], [ 80.546361972235943, 7.805272857504857 ], [ 80.546361972235943, 7.805290823810539 ], [ 80.546442820611517, 7.80537167218611 ], [ 80.546460786917194, 7.80537167218611 ], [ 80.546541635292769, 7.805492944749465 ], [ 80.546541635292769, 7.80551989420799 ], [ 80.54662248366833, 7.805641166771345 ], [ 80.546640449974035, 7.805641166771345 ], [ 80.546721298349595, 7.80568159095913 ], [ 80.546721298349595, 7.805690574111972 ], [ 80.546842570912958, 7.805730998299757 ], [ 80.546869520371473, 7.805730998299757 ], [ 80.546990792934835, 7.805771422487543 ], [ 80.546990792934835, 7.805780405640384 ], [ 80.547031217122623, 7.805820829828169 ], [ 80.547040200275461, 7.805820829828169 ], [ 80.547080624463248, 7.805861254015955 ], [ 80.547080624463248, 7.805870237168795 ], [ 80.547201897026611, 7.805910661356581 ], [ 80.547228846485126, 7.805910661356581 ], [ 80.547350119048474, 7.80582981298101 ], [ 80.547350119048474, 7.805811846675327 ], [ 80.547309694860687, 7.805730998299757 ] ], [ [ 80.546631466821182, 7.805322264845483 ], [ 80.546631466821182, 7.805331247998325 ], [ 80.546591042633395, 7.80537167218611 ], [ 80.546582059480556, 7.80537167218611 ], [ 80.546541635292769, 7.805331247998325 ], [ 80.546541635292769, 7.805322264845483 ], [ 80.546582059480556, 7.805281840657697 ], [ 80.546591042633395, 7.805281840657697 ], [ 80.546631466821182, 7.805322264845483 ] ] ] ] } },
{ "type": "Feature", "properties": { "fid": 822227.0, "DN": 3, "area": 3347 }, "geometry": { "type": "MultiPolygon", "coordinates": [ [ [ [ 80.555915555282553, 7.80213773716328 ], [ 80.555942504741097, 7.80213773716328 ], [ 80.556063777304445, 7.802097312975494 ], [ 80.556063777304445, 7.802088329822652 ], [ 80.55614462568002, 7.802047905634867 ], [ 80.556162591985697, 7.802047905634867 ], [ 80.556243440361257, 7.802007481447082 ], [ 80.556243440361257, 7.801998498294241 ], [ 80.556162591985697, 7.801958074106455 ], [ 80.55614462568002, 7.801958074106455 ], [ 80.556063777304445, 7.80191764991867 ], [ 80.556063777304445, 7.801908666765829 ], [ 80.555942504741097, 7.801868242578044 ], [ 80.555915555282553, 7.801868242578044 ], [ 80.555794282719205, 7.801827818390258 ], [ 80.555794282719205, 7.801818835237418 ], [ 80.55571343434363, 7.801778411049632 ], [ 80.555695468037953, 7.801778411049632 ], [ 80.555614619662379, 7.801697562674061 ], [ 80.555614619662379, 7.801679596368379 ], [ 80.555533771286804, 7.801598747992808 ], [ 80.555515804981127, 7.801598747992808 ], [ 80.555434956605552, 7.801517899617236 ], [ 80.555434956605552, 7.801499933311555 ], [ 80.555394532417765, 7.801419084935985 ], [ 80.555385549264926, 7.801419084935985 ], [ 80.555345125077139, 7.80145950912377 ], [ 80.555345125077139, 7.80146849227661 ], [ 80.555304700889351, 7.801508916464396 ], [ 80.555295717736513, 7.801508916464396 ], [ 80.555255293548726, 7.80146849227661 ], [ 80.555255293548726, 7.80145950912377 ], [ 80.555134020985378, 7.801419084935985 ], [ 80.555107071526848, 7.801419084935985 ], [ 80.5549857989635, 7.80145950912377 ], [ 80.5549857989635, 7.80146849227661 ], [ 80.555026223151287, 7.801508916464396 ], [ 80.555035206304126, 7.801508916464396 ], [ 80.555075630491913, 7.801549340652182 ], [ 80.555075630491913, 7.801558323805022 ], [ 80.555156478867474, 7.801598747992808 ], [ 80.555174445173151, 7.801598747992808 ], [ 80.555255293548726, 7.801639172180593 ], [ 80.555255293548726, 7.801648155333434 ], [ 80.555295717736513, 7.801688579521219 ], [ 80.555304700889351, 7.801688579521219 ], [ 80.555345125077139, 7.801729003709005 ], [ 80.555345125077139, 7.801737986861847 ], [ 80.555385549264926, 7.801778411049632 ], [ 80.555394532417765, 7.801778411049632 ], [ 80.555434956605552, 7.801859259425203 ], [ 80.555434956605552, 7.801877225730884 ], [ 80.555596653356702, 7.801958074106455 ], [ 80.555632585968056, 7.801958074106455 ], [ 80.555794282719205, 7.802038922482026 ], [ 80.555794282719205, 7.802056888787709 ], [ 80.555915555282553, 7.80213773716328 ] ] ] ] } },
{ "type": "Feature", "properties": { "fid": 890207.0, "DN": 3, "area": 7680 }, "geometry": { "type": "MultiPolygon", "coordinates": [ [ [ [ 80.987843510192903, 7.686614391625509 ], [ 80.987834527040064, 7.686614391625509 ], [ 80.987794102852277, 7.686573967437724 ], [ 80.987794102852277, 7.686564984284883 ], [ 80.987834527040064, 7.686524560097097 ], [ 80.987843510192903, 7.686524560097097 ], [ 80.98788393438069, 7.686484135909311 ], [ 80.98788393438069, 7.68647515275647 ], [ 80.987924358568478, 7.686434728568685 ], [ 80.987933341721316, 7.686434728568685 ], [ 80.987973765909103, 7.686394304380899 ], [ 80.987973765909103, 7.686385321228058 ], [ 80.988054614284678, 7.686344897040273 ], [ 80.988072580590355, 7.686344897040273 ], [ 80.98815342896593, 7.686304472852488 ], [ 80.98815342896593, 7.686295489699646 ], [ 80.988193853153717, 7.68625506551186 ], [ 80.988202836306556, 7.68625506551186 ], [ 80.988243260494343, 7.686214641324074 ], [ 80.988243260494343, 7.686205658171234 ], [ 80.988283684682131, 7.686165233983449 ], [ 80.988292667834969, 7.686165233983449 ], [ 80.988333092022756, 7.686124809795663 ], [ 80.988333092022756, 7.686115826642823 ], [ 80.988373516210544, 7.686075402455037 ], [ 80.988382499363382, 7.686075402455037 ], [ 80.98842292355117, 7.686034978267251 ], [ 80.98842292355117, 7.68602599511441 ], [ 80.988463347738957, 7.685985570926626 ], [ 80.988472330891796, 7.685985570926626 ], [ 80.988512755079583, 7.685864298363269 ], [ 80.988512755079583, 7.685837348904746 ], [ 80.988593603455143, 7.685716076341389 ], [ 80.98861156976082, 7.685716076341389 ], [ 80.988692418136395, 7.685635227965818 ], [ 80.988692418136395, 7.685617261660136 ], [ 80.98877326651197, 7.685536413284565 ], [ 80.988791232817647, 7.685536413284565 ], [ 80.988872081193222, 7.68549598909678 ], [ 80.988872081193222, 7.685487005943939 ], [ 80.988831657005449, 7.685446581756153 ], [ 80.988822673852582, 7.685446581756153 ], [ 80.988782249664808, 7.685406157568368 ], [ 80.988782249664808, 7.685397174415527 ], [ 80.988741825477021, 7.685356750227742 ], [ 80.988732842324183, 7.685356750227742 ], [ 80.988692418136395, 7.685275901852171 ], [ 80.988692418136395, 7.685257935546488 ], [ 80.988651993948608, 7.685177087170917 ], [ 80.988643010795769, 7.685177087170917 ], [ 80.988602586607982, 7.685217511358703 ], [ 80.988602586607982, 7.685226494511545 ], [ 80.988521738232407, 7.68526691869933 ], [ 80.98850377192673, 7.68526691869933 ], [ 80.98842292355117, 7.685226494511545 ], [ 80.98842292355117, 7.685217511358703 ], [ 80.988301650987808, 7.685177087170917 ], [ 80.988274701529292, 7.685177087170917 ], [ 80.98815342896593, 7.685257935546488 ], [ 80.98815342896593, 7.685275901852171 ], [ 80.988234277341505, 7.685356750227742 ], [ 80.988252243647182, 7.685356750227742 ], [ 80.988333092022756, 7.685518446978883 ], [ 80.988333092022756, 7.685554379590249 ], [ 80.988252243647182, 7.685716076341389 ], [ 80.988234277341505, 7.685716076341389 ], [ 80.98815342896593, 7.685796924716961 ], [ 80.98815342896593, 7.685814891022642 ], [ 80.988113004778143, 7.685895739398212 ], [ 80.988104021625304, 7.685895739398212 ], [ 80.988063597437517, 7.685936163585998 ], [ 80.988063597437517, 7.68594514673884 ], [ 80.988023173249729, 7.685985570926626 ], [ 80.988014190096891, 7.685985570926626 ], [ 80.987973765909103, 7.68602599511441 ], [ 80.987973765909103, 7.686034978267251 ], [ 80.987933341721316, 7.686075402455037 ], [ 80.987924358568478, 7.686075402455037 ], [ 80.98788393438069, 7.686034978267251 ], [ 80.98788393438069, 7.68602599511441 ], [ 80.987843510192903, 7.685985570926626 ], [ 80.987834527040064, 7.685985570926626 ], [ 80.987794102852277, 7.686106843489981 ], [ 80.987794102852277, 7.686133792948505 ], [ 80.987713254476702, 7.68625506551186 ], [ 80.987695288171025, 7.68625506551186 ], [ 80.98761443979545, 7.686497610638573 ], [ 80.98761443979545, 7.68655150955562 ], [ 80.987735712358813, 7.686794054682332 ], [ 80.987762661817328, 7.686794054682332 ], [ 80.98788393438069, 7.686713206306762 ], [ 80.98788393438069, 7.68669524000108 ], [ 80.987843510192903, 7.686614391625509 ] ], [ [ 80.988463347738957, 7.685536413284565 ], [ 80.988472330891796, 7.685536413284565 ], [ 80.988512755079583, 7.685617261660136 ], [ 80.988512755079583, 7.685635227965818 ], [ 80.988472330891796, 7.685716076341389 ], [ 80.988463347738957, 7.685716076341389 ], [ 80.98842292355117, 7.685635227965818 ], [ 80.98842292355117, 7.685617261660136 ], [ 80.988463347738957, 7.685536413284565 ] ] ] ] } },
{ "type": "Feature", "properties": { "fid": 891576.0, "DN": 3, "area": 10634 }, "geometry": { "type": "MultiPolygon", "coordinates": [ [ [ [ 80.989361663023075, 7.684638098000447 ], [ 80.989370646175914, 7.684638098000447 ], [ 80.989411070363701, 7.684557249624875 ], [ 80.989411070363701, 7.684539283319193 ], [ 80.989491918739276, 7.684458434943622 ], [ 80.989509885044953, 7.684458434943622 ], [ 80.989590733420513, 7.684418010755836 ], [ 80.989590733420513, 7.684409027602996 ], [ 80.989631157608301, 7.68436860341521 ], [ 80.989640140761139, 7.68436860341521 ], [ 80.989680564948927, 7.684328179227425 ], [ 80.989680564948927, 7.684319196074584 ], [ 80.989720989136714, 7.684278771886798 ], [ 80.989729972289553, 7.684278771886798 ], [ 80.98977039647734, 7.684197923511228 ], [ 80.98977039647734, 7.684179957205544 ], [ 80.9898512448529, 7.684099108829974 ], [ 80.989869211158606, 7.684099108829974 ], [ 80.989950059534166, 7.683937412078833 ], [ 80.989950059534166, 7.683901479467467 ], [ 80.989990483721954, 7.683739782716327 ], [ 80.989999466874792, 7.683739782716327 ], [ 80.99003989106258, 7.683699358528541 ], [ 80.99003989106258, 7.683690375375701 ], [ 80.990080315250367, 7.683649951187915 ], [ 80.990089298403205, 7.683649951187915 ], [ 80.990129722590993, 7.683569102812344 ], [ 80.990129722590993, 7.683551136506662 ], [ 80.990210570966553, 7.68347028813109 ], [ 80.990228537272259, 7.68347028813109 ], [ 80.990309385647819, 7.68330859137995 ], [ 80.990309385647819, 7.683272658768583 ], [ 80.990349809835607, 7.683110962017443 ], [ 80.990358792988445, 7.683110962017443 ], [ 80.990399217176233, 7.683070537829657 ], [ 80.990399217176233, 7.683061554676817 ], [ 80.99043964136402, 7.683021130489031 ], [ 80.990448624516858, 7.683021130489031 ], [ 80.990489048704646, 7.68294028211346 ], [ 80.990489048704646, 7.682922315807778 ], [ 80.990448624516858, 7.682841467432207 ], [ 80.99043964136402, 7.682841467432207 ], [ 80.990399217176233, 7.682760619056635 ], [ 80.990399217176233, 7.682742652750953 ], [ 80.99027794461287, 7.682661804375382 ], [ 80.990250995154355, 7.682661804375382 ], [ 80.990129722590993, 7.682783076938739 ], [ 80.990129722590993, 7.682810026397263 ], [ 80.990089298403205, 7.682931298960619 ], [ 80.990080315250367, 7.682931298960619 ], [ 80.99003989106258, 7.682890874772833 ], [ 80.99003989106258, 7.682881891619992 ], [ 80.989999466874792, 7.682841467432207 ], [ 80.989990483721954, 7.682841467432207 ], [ 80.989950059534166, 7.682962739995563 ], [ 80.989950059534166, 7.682989689454086 ], [ 80.989909635346379, 7.683110962017443 ], [ 80.989900652193541, 7.683110962017443 ], [ 80.989860228005753, 7.683070537829657 ], [ 80.989860228005753, 7.683061554676817 ], [ 80.989819803817966, 7.683021130489031 ], [ 80.989810820665127, 7.683021130489031 ], [ 80.98977039647734, 7.683223251427957 ], [ 80.98977039647734, 7.683268167192164 ], [ 80.989729972289553, 7.68347028813109 ], [ 80.989720989136714, 7.68347028813109 ], [ 80.989680564948927, 7.68338943975552 ], [ 80.989680564948927, 7.683371473449837 ], [ 80.989640140761139, 7.683290625074267 ], [ 80.989631157608301, 7.683290625074267 ], [ 80.989590733420513, 7.683331049262052 ], [ 80.989590733420513, 7.683340032414893 ], [ 80.989550309232726, 7.683380456602679 ], [ 80.989541326079888, 7.683380456602679 ], [ 80.989500901892114, 7.683420880790464 ], [ 80.989500901892114, 7.683429863943306 ], [ 80.989541326079888, 7.68347028813109 ], [ 80.989550309232726, 7.68347028813109 ], [ 80.989590733420513, 7.683551136506662 ], [ 80.989590733420513, 7.683569102812344 ], [ 80.989550309232726, 7.683649951187915 ], [ 80.989541326079888, 7.683649951187915 ], [ 80.989500901892114, 7.683609527000129 ], [ 80.989500901892114, 7.683600543847287 ], [ 80.98942005351654, 7.683560119659502 ], [ 80.989402087210863, 7.683560119659502 ], [ 80.989321238835288, 7.683600543847287 ], [ 80.989321238835288, 7.683609527000129 ], [ 80.989361663023075, 7.683649951187915 ], [ 80.989370646175914, 7.683649951187915 ], [ 80.989411070363701, 7.683892496314627 ], [ 80.989411070363701, 7.683946395231674 ], [ 80.989370646175914, 7.684188940358386 ], [ 80.989361663023075, 7.684188940358386 ], [ 80.989321238835288, 7.684229364546171 ], [ 80.989321238835288, 7.684238347699012 ], [ 80.989280814647515, 7.684278771886798 ], [ 80.989271831494648, 7.684278771886798 ], [ 80.989231407306875, 7.684480892825725 ], [ 80.989231407306875, 7.684525808589931 ], [ 80.989271831494648, 7.684727929528858 ], [ 80.989280814647515, 7.684727929528858 ], [ 80.989321238835288, 7.684687505341072 ], [ 80.989321238835288, 7.684678522188231 ], [ 80.989361663023075, 7.684638098000447 ] ], [ [ 80.989860228005753, 7.683250200886481 ], [ 80.989860228005753, 7.68324121773364 ], [ 80.989900652193541, 7.683200793545854 ], [ 80.989909635346379, 7.683200793545854 ], [ 80.989950059534166, 7.68324121773364 ], [ 80.989950059534166, 7.683250200886481 ], [ 80.989909635346379, 7.683290625074267 ], [ 80.989900652193541, 7.683290625074267 ], [ 80.989860228005753, 7.683250200886481 ] ], [ [ 80.990089298403205, 7.68347028813109 ], [ 80.990080315250367, 7.68347028813109 ], [ 80.99003989106258, 7.683349015567734 ], [ 80.99003989106258, 7.683322066109211 ], [ 80.990080315250367, 7.683200793545854 ], [ 80.990089298403205, 7.683200793545854 ], [ 80.990129722590993, 7.683322066109211 ], [ 80.990129722590993, 7.683349015567734 ], [ 80.990089298403205, 7.68347028813109 ] ], [ [ 80.989689548101765, 7.684099108829974 ], [ 80.989671581796088, 7.684099108829974 ], [ 80.989590733420513, 7.684018260454403 ], [ 80.989590733420513, 7.684000294148721 ], [ 80.989631157608301, 7.683919445773151 ], [ 80.989640140761139, 7.683919445773151 ], [ 80.989680564948927, 7.68383859739758 ], [ 80.989680564948927, 7.683820631091898 ], [ 80.989720989136714, 7.683739782716327 ], [ 80.989729972289553, 7.683739782716327 ], [ 80.98977039647734, 7.683901479467467 ], [ 80.98977039647734, 7.683937412078833 ], [ 80.989689548101765, 7.684099108829974 ] ] ] ] } },
{ "type": "Feature", "properties": { "fid": 892836.0, "DN": 3, "area": 9748 }, "geometry": { "type": "MultiPolygon", "coordinates": [ [ [ [ 80.990619304420832, 7.68257197284697 ], [ 80.990628287573671, 7.68257197284697 ], [ 80.990668711761458, 7.682491124471399 ], [ 80.990668711761458, 7.682473158165717 ], [ 80.990709135949231, 7.682392309790147 ], [ 80.990718119102098, 7.682392309790147 ], [ 80.990758543289871, 7.682351885602362 ], [ 80.990758543289871, 7.68234290244952 ], [ 80.990798967477659, 7.682302478261735 ], [ 80.990807950630497, 7.682302478261735 ], [ 80.990848374818285, 7.682181205698379 ], [ 80.990848374818285, 7.682154256239856 ], [ 80.990929223193859, 7.6820329836765 ], [ 80.990947189499536, 7.6820329836765 ], [ 80.991028037875111, 7.681952135300929 ], [ 80.991028037875111, 7.681934168995246 ], [ 80.991108886250686, 7.681853320619675 ], [ 80.991126852556363, 7.681853320619675 ], [ 80.991207700931938, 7.681772472244104 ], [ 80.991207700931938, 7.681754505938422 ], [ 80.991248125119725, 7.681673657562852 ], [ 80.991257108272563, 7.681673657562852 ], [ 80.991297532460351, 7.681633233375067 ], [ 80.991297532460351, 7.681624250222225 ], [ 80.991337956648138, 7.681583826034439 ], [ 80.991346939800977, 7.681583826034439 ], [ 80.991387363988764, 7.681381705095512 ], [ 80.991387363988764, 7.681336789331306 ], [ 80.991427788176551, 7.68113466839238 ], [ 80.99143677132939, 7.68113466839238 ], [ 80.991477195517177, 7.681094244204594 ], [ 80.991477195517177, 7.681085261051753 ], [ 80.99151761970495, 7.681044836863968 ], [ 80.991526602857789, 7.681044836863968 ], [ 80.991567027045576, 7.681004412676183 ], [ 80.991567027045576, 7.680995429523341 ], [ 80.991526602857789, 7.680955005335555 ], [ 80.99151761970495, 7.680955005335555 ], [ 80.991477195517177, 7.680874156959985 ], [ 80.991477195517177, 7.680856190654303 ], [ 80.99151761970495, 7.680775342278732 ], [ 80.991526602857789, 7.680775342278732 ], [ 80.991567027045576, 7.680694493903161 ], [ 80.991567027045576, 7.680676527597479 ], [ 80.991647875421137, 7.680595679221907 ], [ 80.991665841726842, 7.680595679221907 ], [ 80.991746690102403, 7.680555255034123 ], [ 80.991746690102403, 7.680546271881282 ], [ 80.991584993351267, 7.680505847693496 ], [ 80.991549060739899, 7.680505847693496 ], [ 80.991387363988764, 7.680586696069067 ], [ 80.991387363988764, 7.680604662374749 ], [ 80.991346939800977, 7.680685510750321 ], [ 80.991337956648138, 7.680685510750321 ], [ 80.991297532460351, 7.680604662374749 ], [ 80.991297532460351, 7.680586696069067 ], [ 80.991257108272563, 7.680505847693496 ], [ 80.991248125119725, 7.680505847693496 ], [ 80.991207700931938, 7.680627120256852 ], [ 80.991207700931938, 7.680654069715376 ], [ 80.991126852556363, 7.680775342278732 ], [ 80.991108886250686, 7.680775342278732 ], [ 80.991028037875111, 7.680937039029874 ], [ 80.991028037875111, 7.680972971641238 ], [ 80.990987613687324, 7.68113466839238 ], [ 80.990978630534485, 7.68113466839238 ], [ 80.990938206346698, 7.681175092580165 ], [ 80.990938206346698, 7.681184075733006 ], [ 80.990978630534485, 7.681224499920791 ], [ 80.990987613687324, 7.681224499920791 ], [ 80.991028037875111, 7.681264924108577 ], [ 80.991028037875111, 7.681273907261417 ], [ 80.990987613687324, 7.681314331449203 ], [ 80.990978630534485, 7.681314331449203 ], [ 80.990938206346698, 7.681395179824774 ], [ 80.990938206346698, 7.681413146130456 ], [ 80.990978630534485, 7.681493994506027 ], [ 80.990987613687324, 7.681493994506027 ], [ 80.991028037875111, 7.681534418693813 ], [ 80.991028037875111, 7.681543401846653 ], [ 80.990947189499536, 7.681583826034439 ], [ 80.990929223193859, 7.681583826034439 ], [ 80.990848374818285, 7.68166467441001 ], [ 80.990848374818285, 7.681682640715692 ], [ 80.99076752644271, 7.681763489091264 ], [ 80.990749560137033, 7.681763489091264 ], [ 80.990668711761458, 7.68188476165462 ], [ 80.990668711761458, 7.681911711113143 ], [ 80.990587863385883, 7.6820329836765 ], [ 80.990569897080206, 7.6820329836765 ], [ 80.990489048704646, 7.68219468042764 ], [ 80.990489048704646, 7.682230613039006 ], [ 80.990448624516858, 7.682392309790147 ], [ 80.99043964136402, 7.682392309790147 ], [ 80.990399217176233, 7.682473158165717 ], [ 80.990399217176233, 7.682491124471399 ], [ 80.99043964136402, 7.68257197284697 ], [ 80.990448624516858, 7.68257197284697 ], [ 80.990489048704646, 7.682612397034756 ], [ 80.990489048704646, 7.682621380187596 ], [ 80.990529472892433, 7.682661804375382 ], [ 80.990538456045272, 7.682661804375382 ], [ 80.990578880233045, 7.682621380187596 ], [ 80.990578880233045, 7.682612397034756 ], [ 80.990619304420832, 7.68257197284697 ] ], [ [ 80.990938206346698, 7.681893744807461 ], [ 80.990938206346698, 7.681902727960302 ], [ 80.990857357971123, 7.681943152148087 ], [ 80.990839391665446, 7.681943152148087 ], [ 80.990758543289871, 7.681902727960302 ], [ 80.990758543289871, 7.681893744807461 ], [ 80.990839391665446, 7.681853320619675 ], [ 80.990857357971123, 7.681853320619675 ], [ 80.990938206346698, 7.681893744807461 ] ] ] ] } },
{ "type": "Feature", "properties": { "fid": 894169.0, "DN": 3, "area": 11126 }, "geometry": { "type": "MultiPolygon", "coordinates": [ [ [ [ 80.991337956648138, 7.680326184636673 ], [ 80.991346939800977, 7.680326184636673 ], [ 80.991387363988764, 7.680366608824459 ], [ 80.991387363988764, 7.680375591977299 ], [ 80.991427788176551, 7.680416016165085 ], [ 80.99143677132939, 7.680416016165085 ], [ 80.991477195517177, 7.680375591977299 ], [ 80.991477195517177, 7.680366608824459 ], [ 80.99151761970495, 7.680326184636673 ], [ 80.991526602857789, 7.680326184636673 ], [ 80.991567027045576, 7.680285760448887 ], [ 80.991567027045576, 7.680276777296045 ], [ 80.991607451233364, 7.68023635310826 ], [ 80.991616434386202, 7.68023635310826 ], [ 80.99165685857399, 7.680195928920475 ], [ 80.99165685857399, 7.680186945767634 ], [ 80.991697282761777, 7.680146521579848 ], [ 80.991706265914615, 7.680146521579848 ], [ 80.991746690102403, 7.680106097392063 ], [ 80.991746690102403, 7.680097114239222 ], [ 80.99178711429019, 7.680056690051437 ], [ 80.991796097443029, 7.680056690051437 ], [ 80.991836521630816, 7.680218386802579 ], [ 80.991836521630816, 7.680254319413944 ], [ 80.991876945818603, 7.680416016165085 ], [ 80.991885928971442, 7.680416016165085 ], [ 80.991926353159229, 7.680254319413944 ], [ 80.991926353159229, 7.680218386802579 ], [ 80.992007201534804, 7.680056690051437 ], [ 80.992025167840481, 7.680056690051437 ], [ 80.992106016216056, 7.679975841675866 ], [ 80.992106016216056, 7.679957875370183 ], [ 80.992146440403843, 7.679877026994612 ], [ 80.992155423556682, 7.679877026994612 ], [ 80.992195847744469, 7.679836602806827 ], [ 80.992195847744469, 7.679827619653986 ], [ 80.992236271932256, 7.679787195466201 ], [ 80.992245255085095, 7.679787195466201 ], [ 80.992285679272882, 7.679746771278415 ], [ 80.992285679272882, 7.679737788125574 ], [ 80.992245255085095, 7.679697363937788 ], [ 80.992236271932256, 7.679697363937788 ], [ 80.992195847744469, 7.679656939750003 ], [ 80.992195847744469, 7.679647956597162 ], [ 80.992236271932256, 7.679607532409376 ], [ 80.992245255085095, 7.679607532409376 ], [ 80.992285679272882, 7.67956710822159 ], [ 80.992285679272882, 7.679558125068749 ], [ 80.99232610346067, 7.679517700880965 ], [ 80.992335086613508, 7.679517700880965 ], [ 80.992375510801295, 7.679477276693179 ], [ 80.992375510801295, 7.679468293540339 ], [ 80.992335086613508, 7.679427869352553 ], [ 80.99232610346067, 7.679427869352553 ], [ 80.992285679272882, 7.679387445164767 ], [ 80.992285679272882, 7.679378462011926 ], [ 80.99232610346067, 7.679338037824141 ], [ 80.992335086613508, 7.679338037824141 ], [ 80.992375510801295, 7.679297613636355 ], [ 80.992375510801295, 7.679288630483514 ], [ 80.992415934989083, 7.679248206295728 ], [ 80.992424918141921, 7.679248206295728 ], [ 80.992465342329709, 7.679207782107943 ], [ 80.992465342329709, 7.679198798955102 ], [ 80.992424918141921, 7.679158374767317 ], [ 80.992415934989083, 7.679158374767317 ], [ 80.992375510801295, 7.679117950579531 ], [ 80.992375510801295, 7.679108967426691 ], [ 80.992335086613508, 7.679068543238905 ], [ 80.99232610346067, 7.679068543238905 ], [ 80.992285679272882, 7.67902811905112 ], [ 80.992285679272882, 7.679019135898279 ], [ 80.99232610346067, 7.678978711710494 ], [ 80.992335086613508, 7.678978711710494 ], [ 80.992375510801295, 7.678938287522708 ], [ 80.992375510801295, 7.678929304369866 ], [ 80.992415934989083, 7.678888880182081 ], [ 80.992424918141921, 7.678888880182081 ], [ 80.992465342329709, 7.678848455994296 ], [ 80.992465342329709, 7.678839472841455 ], [ 80.992505766517496, 7.678799048653669 ], [ 80.992514749670335, 7.678799048653669 ], [ 80.992555173858108, 7.67887989702924 ], [ 80.992555173858108, 7.678897863334923 ], [ 80.992595598045881, 7.678978711710494 ], [ 80.992604581198748, 7.678978711710494 ], [ 80.992645005386521, 7.678897863334923 ], [ 80.992645005386521, 7.67887989702924 ], [ 80.992685429574308, 7.678799048653669 ], [ 80.992694412727147, 7.678799048653669 ], [ 80.992734836914934, 7.678758624465884 ], [ 80.992734836914934, 7.678749641313042 ], [ 80.992613564351586, 7.678709217125257 ], [ 80.992586614893057, 7.678709217125257 ], [ 80.992465342329709, 7.678668792937471 ], [ 80.992465342329709, 7.67865980978463 ], [ 80.992546190705269, 7.678619385596845 ], [ 80.99256415701096, 7.678619385596845 ], [ 80.992645005386521, 7.678578961409059 ], [ 80.992645005386521, 7.678569978256219 ], [ 80.992604581198748, 7.678529554068433 ], [ 80.992595598045881, 7.678529554068433 ], [ 80.992555173858108, 7.678448705692863 ], [ 80.992555173858108, 7.67843073938718 ], [ 80.992514749670335, 7.678349891011609 ], [ 80.992505766517496, 7.678349891011609 ], [ 80.992465342329709, 7.67843073938718 ], [ 80.992465342329709, 7.678448705692863 ], [ 80.992424918141921, 7.678529554068433 ], [ 80.992415934989083, 7.678529554068433 ], [ 80.992375510801295, 7.678569978256219 ], [ 80.992375510801295, 7.678578961409059 ], [ 80.992335086613508, 7.678619385596845 ], [ 80.99232610346067, 7.678619385596845 ], [ 80.992285679272882, 7.678700233972416 ], [ 80.992285679272882, 7.678718200278098 ], [ 80.992245255085095, 7.678799048653669 ], [ 80.992236271932256, 7.678799048653669 ], [ 80.992195847744469, 7.678839472841455 ], [ 80.992195847744469, 7.678848455994296 ], [ 80.992155423556682, 7.678888880182081 ], [ 80.992146440403843, 7.678888880182081 ], [ 80.992106016216056, 7.679091001121008 ], [ 80.992106016216056, 7.679135916885214 ], [ 80.992065592028268, 7.679338037824141 ], [ 80.99205660887543, 7.679338037824141 ], [ 80.992016184687643, 7.679378462011926 ], [ 80.992016184687643, 7.679387445164767 ], [ 80.991975760499855, 7.679427869352553 ], [ 80.991966777347017, 7.679427869352553 ], [ 80.991926353159229, 7.679549141915909 ], [ 80.991926353159229, 7.679576091374432 ], [ 80.991845504783655, 7.679697363937788 ], [ 80.991827538477978, 7.679697363937788 ], [ 80.991746690102403, 7.679737788125574 ], [ 80.991746690102403, 7.679746771278415 ], [ 80.991625417539055, 7.679787195466201 ], [ 80.991598468080525, 7.679787195466201 ], [ 80.991477195517177, 7.679746771278415 ], [ 80.991477195517177, 7.679737788125574 ], [ 80.99143677132939, 7.679697363937788 ], [ 80.991427788176551, 7.679697363937788 ], [ 80.991387363988764, 7.679737788125574 ], [ 80.991387363988764, 7.679746771278415 ], [ 80.991225667237615, 7.679787195466201 ], [ 80.991189734626261, 7.679787195466201 ], [ 80.991028037875111, 7.679989316405127 ], [ 80.991028037875111, 7.680034232169334 ], [ 80.991108886250686, 7.68023635310826 ], [ 80.991126852556363, 7.68023635310826 ], [ 80.991207700931938, 7.680317201483831 ], [ 80.991207700931938, 7.680335167789513 ], [ 80.991248125119725, 7.680416016165085 ], [ 80.991257108272563, 7.680416016165085 ], [ 80.991297532460351, 7.680375591977299 ], [ 80.991297532460351, 7.680366608824459 ], [ 80.991337956648138, 7.680326184636673 ] ], [ [ 80.992106016216056, 7.67956710822159 ], [ 80.992106016216056, 7.679558125068749 ], [ 80.992146440403843, 7.679517700880965 ], [ 80.992155423556682, 7.679517700880965 ], [ 80.992195847744469, 7.679558125068749 ], [ 80.992195847744469, 7.67956710822159 ], [ 80.992155423556682, 7.679607532409376 ], [ 80.992146440403843, 7.679607532409376 ], [ 80.992106016216056, 7.67956710822159 ] ], [ [ 80.992106016216056, 7.679737788125574 ], [ 80.992106016216056, 7.679746771278415 ], [ 80.992025167840481, 7.679787195466201 ], [ 80.992007201534804, 7.679787195466201 ], [ 80.991926353159229, 7.679746771278415 ], [ 80.991926353159229, 7.679737788125574 ], [ 80.992007201534804, 7.679697363937788 ], [ 80.992025167840481, 7.679697363937788 ], [ 80.992106016216056, 7.679737788125574 ] ] ] ] } },
{ "type": "Feature", "properties": { "fid": 899301.0, "DN": 3, "area": 7188 }, "geometry": { "type": "MultiPolygon", "coordinates": [ [ [ [ 80.709666707736034, 7.670265053454534 ], [ 80.709684674041711, 7.670265053454534 ], [ 80.709765522417285, 7.670224629266748 ], [ 80.709765522417285, 7.670215646113907 ], [ 80.70984637079286, 7.670175221926121 ], [ 80.709864337098537, 7.670175221926121 ], [ 80.709945185474112, 7.670134797738336 ], [ 80.709945185474112, 7.670125814585495 ], [ 80.709904761286325, 7.670085390397709 ], [ 80.709895778133486, 7.670085390397709 ], [ 80.709855353945699, 7.670044966209923 ], [ 80.709855353945699, 7.670035983057082 ], [ 80.709814929757925, 7.669995558869298 ], [ 80.709805946605059, 7.669995558869298 ], [ 80.709765522417285, 7.669914710493726 ], [ 80.709765522417285, 7.669896744188044 ], [ 80.709927219168435, 7.669815895812474 ], [ 80.709963151779789, 7.669815895812474 ], [ 80.710124848530938, 7.669735047436903 ], [ 80.710124848530938, 7.66971708113122 ], [ 80.710044000155364, 7.66963623275565 ], [ 80.710026033849687, 7.66963623275565 ], [ 80.709945185474112, 7.669555384380079 ], [ 80.709945185474112, 7.669537418074396 ], [ 80.709864337098537, 7.669456569698826 ], [ 80.70984637079286, 7.669456569698826 ], [ 80.709765522417285, 7.66933529713547 ], [ 80.709765522417285, 7.669308347676946 ], [ 80.709725098229498, 7.66918707511359 ], [ 80.70971611507666, 7.66918707511359 ], [ 80.709675690888872, 7.669146650925804 ], [ 80.709675690888872, 7.669137667772963 ], [ 80.709554418325524, 7.669097243585178 ], [ 80.709527468867009, 7.669097243585178 ], [ 80.709406196303647, 7.669056819397392 ], [ 80.709406196303647, 7.669047836244552 ], [ 80.709487044679207, 7.669007412056766 ], [ 80.709505010984884, 7.669007412056766 ], [ 80.709585859360459, 7.668966987868981 ], [ 80.709585859360459, 7.66895800471614 ], [ 80.709424162609324, 7.668917580528355 ], [ 80.709388229997955, 7.668917580528355 ], [ 80.70922653324682, 7.669119701467281 ], [ 80.70922653324682, 7.669164617231488 ], [ 80.709266957434608, 7.669366738170414 ], [ 80.709275940587446, 7.669366738170414 ], [ 80.709316364775233, 7.669326313982628 ], [ 80.709316364775233, 7.669317330829787 ], [ 80.709356788963021, 7.669276906642002 ], [ 80.709365772115859, 7.669276906642002 ], [ 80.709406196303647, 7.669357755017573 ], [ 80.709406196303647, 7.669375721323256 ], [ 80.709487044679207, 7.669456569698826 ], [ 80.709505010984884, 7.669456569698826 ], [ 80.709585859360459, 7.669496993886612 ], [ 80.709585859360459, 7.669505977039453 ], [ 80.709545435172672, 7.669546401227239 ], [ 80.709536452019833, 7.669546401227239 ], [ 80.709496027832046, 7.669586825415024 ], [ 80.709496027832046, 7.669595808567864 ], [ 80.709455603644273, 7.66963623275565 ], [ 80.709446620491434, 7.66963623275565 ], [ 80.709406196303647, 7.669676656943435 ], [ 80.709406196303647, 7.669685640096276 ], [ 80.709446620491434, 7.669726064284061 ], [ 80.709455603644273, 7.669726064284061 ], [ 80.709496027832046, 7.669766488471847 ], [ 80.709496027832046, 7.669775471624688 ], [ 80.709455603644273, 7.669815895812474 ], [ 80.709446620491434, 7.669815895812474 ], [ 80.709406196303647, 7.670058440939187 ], [ 80.709406196303647, 7.670112339856233 ], [ 80.709487044679207, 7.670354884982945 ], [ 80.709505010984884, 7.670354884982945 ], [ 80.709585859360459, 7.670314460795161 ], [ 80.709585859360459, 7.670305477642319 ], [ 80.709666707736034, 7.670265053454534 ] ], [ [ 80.709585859360459, 7.669865303153101 ], [ 80.709585859360459, 7.669856320000259 ], [ 80.709626283548246, 7.669815895812474 ], [ 80.709635266701085, 7.669815895812474 ], [ 80.709675690888872, 7.669856320000259 ], [ 80.709675690888872, 7.669865303153101 ], [ 80.709635266701085, 7.669905727340886 ], [ 80.709626283548246, 7.669905727340886 ], [ 80.709585859360459, 7.669865303153101 ] ], [ [ 80.709675690888872, 7.670134797738336 ], [ 80.709675690888872, 7.670125814585495 ], [ 80.70971611507666, 7.670085390397709 ], [ 80.709725098229498, 7.670085390397709 ], [ 80.709765522417285, 7.670125814585495 ], [ 80.709765522417285, 7.670134797738336 ], [ 80.709725098229498, 7.670175221926121 ], [ 80.70971611507666, 7.670175221926121 ], [ 80.709675690888872, 7.670134797738336 ] ] ] ] } },
{ "type": "Feature", "properties": { "fid": 905115.0, "DN": 3, "area": 8074 }, "geometry": { "type": "MultiPolygon", "coordinates": [ [ [ [ 80.660757932092153, 7.661731058255398 ], [ 80.660766915244992, 7.661731058255398 ], [ 80.660807339432779, 7.661690634067613 ], [ 80.660807339432779, 7.661681650914772 ], [ 80.660726491057204, 7.661641226726986 ], [ 80.660708524751527, 7.661641226726986 ], [ 80.660627676375952, 7.661479529975844 ], [ 80.660627676375952, 7.66144359736448 ], [ 80.660546828000378, 7.661281900613338 ], [ 80.660528861694701, 7.661281900613338 ], [ 80.660448013319126, 7.661201052237768 ], [ 80.660448013319126, 7.661183085932085 ], [ 80.660528861694701, 7.661102237556515 ], [ 80.660546828000378, 7.661102237556515 ], [ 80.660627676375952, 7.661021389180943 ], [ 80.660627676375952, 7.661003422875261 ], [ 80.660587252188165, 7.66092257449969 ], [ 80.660578269035327, 7.66092257449969 ], [ 80.660537844847539, 7.660882150311904 ], [ 80.660537844847539, 7.660873167159064 ], [ 80.660497420659752, 7.660832742971278 ], [ 80.660488437506913, 7.660832742971278 ], [ 80.660448013319126, 7.660590197844567 ], [ 80.660448013319126, 7.66053629892752 ], [ 80.660528861694701, 7.660293753800807 ], [ 80.660546828000378, 7.660293753800807 ], [ 80.660627676375952, 7.660253329613021 ], [ 80.660627676375952, 7.66024434646018 ], [ 80.660708524751527, 7.660203922272395 ], [ 80.660726491057204, 7.660203922272395 ], [ 80.660807339432779, 7.660163498084609 ], [ 80.660807339432779, 7.660154514931768 ], [ 80.660847763620552, 7.660114090743983 ], [ 80.660856746773419, 7.660114090743983 ], [ 80.660897170961192, 7.660073666556197 ], [ 80.660897170961192, 7.660064683403357 ], [ 80.66101844352454, 7.660024259215572 ], [ 80.661045392983056, 7.660024259215572 ], [ 80.661166665546418, 7.65994341084 ], [ 80.661166665546418, 7.659925444534318 ], [ 80.661004968795282, 7.659844596158747 ], [ 80.660969036183914, 7.659844596158747 ], [ 80.660807339432779, 7.659925444534318 ], [ 80.660807339432779, 7.65994341084 ], [ 80.660726491057204, 7.660024259215572 ], [ 80.660708524751527, 7.660024259215572 ], [ 80.660627676375952, 7.659983835027786 ], [ 80.660627676375952, 7.659974851874944 ], [ 80.66066810056374, 7.659934427687158 ], [ 80.660677083716578, 7.659934427687158 ], [ 80.660717507904366, 7.659894003499373 ], [ 80.660717507904366, 7.659885020346533 ], [ 80.660515386965443, 7.659844596158747 ], [ 80.660470471201222, 7.659844596158747 ], [ 80.660268350262299, 7.66016798966103 ], [ 80.660268350262299, 7.660239854883759 ], [ 80.660227926074512, 7.660563248386042 ], [ 80.660218942921674, 7.660563248386042 ], [ 80.660178518733886, 7.660684520949399 ], [ 80.660178518733886, 7.660711470407922 ], [ 80.660138094546099, 7.660832742971278 ], [ 80.66012911139326, 7.660832742971278 ], [ 80.660088687205473, 7.660873167159064 ], [ 80.660088687205473, 7.660882150311904 ], [ 80.660169535581048, 7.66092257449969 ], [ 80.660187501886725, 7.66092257449969 ], [ 80.660268350262299, 7.661043847063046 ], [ 80.660268350262299, 7.66107079652157 ], [ 80.660308774450087, 7.661192069084926 ], [ 80.660317757602925, 7.661192069084926 ], [ 80.660358181790713, 7.661313341648283 ], [ 80.660358181790713, 7.661340291106805 ], [ 80.660398605978486, 7.661461563670162 ], [ 80.660407589131353, 7.661461563670162 ], [ 80.660448013319126, 7.661623260421303 ], [ 80.660448013319126, 7.661659193032667 ], [ 80.660528861694701, 7.66182088978381 ], [ 80.660546828000378, 7.66182088978381 ], [ 80.660627676375952, 7.661861313971595 ], [ 80.660627676375952, 7.661870297124437 ], [ 80.66066810056374, 7.661910721312223 ], [ 80.660677083716578, 7.661910721312223 ], [ 80.660717507904366, 7.661829872936652 ], [ 80.660717507904366, 7.66181190663097 ], [ 80.660757932092153, 7.661731058255398 ] ], [ [ 80.660448013319126, 7.660971981840317 ], [ 80.660448013319126, 7.660962998687475 ], [ 80.660488437506913, 7.66092257449969 ], [ 80.660497420659752, 7.66092257449969 ], [ 80.660537844847539, 7.660962998687475 ], [ 80.660537844847539, 7.660971981840317 ], [ 80.660497420659752, 7.661012406028103 ], [ 80.660488437506913, 7.661012406028103 ], [ 80.660448013319126, 7.660971981840317 ] ] ] ] } },
{ "type": "Feature", "properties": { "fid": 908536.0, "DN": 3, "area": 5908 }, "geometry": { "type": "MultiPolygon", "coordinates": [ [ [ [ 80.660169535581048, 7.656790324192741 ], [ 80.660187501886725, 7.656790324192741 ], [ 80.660268350262299, 7.656547779066028 ], [ 80.660268350262299, 7.656493880148981 ], [ 80.660349198637874, 7.656251335022269 ], [ 80.660367164943551, 7.656251335022269 ], [ 80.660448013319126, 7.656210910834483 ], [ 80.660448013319126, 7.656201927681642 ], [ 80.660407589131353, 7.656161503493857 ], [ 80.660398605978486, 7.656161503493857 ], [ 80.660358181790713, 7.656121079306072 ], [ 80.660358181790713, 7.65611209615323 ], [ 80.660398605978486, 7.656071671965445 ], [ 80.660407589131353, 7.656071671965445 ], [ 80.660448013319126, 7.655667430087592 ], [ 80.660448013319126, 7.655577598559179 ], [ 80.660367164943551, 7.655173356681326 ], [ 80.660349198637874, 7.655173356681326 ], [ 80.660268350262299, 7.655011659930183 ], [ 80.660268350262299, 7.654975727318819 ], [ 80.660227926074512, 7.654814030567678 ], [ 80.660218942921674, 7.654814030567678 ], [ 80.660178518733886, 7.654773606379893 ], [ 80.660178518733886, 7.654764623227051 ], [ 80.660218942921674, 7.654724199039265 ], [ 80.660227926074512, 7.654724199039265 ], [ 80.660268350262299, 7.654683774851479 ], [ 80.660268350262299, 7.654674791698639 ], [ 80.660187501886725, 7.654634367510853 ], [ 80.660169535581048, 7.654634367510853 ], [ 80.660088687205473, 7.654593943323068 ], [ 80.660088687205473, 7.654584960170228 ], [ 80.6600482630177, 7.654544535982442 ], [ 80.660039279864861, 7.654544535982442 ], [ 80.659998855677074, 7.654584960170228 ], [ 80.659998855677074, 7.654593943323068 ], [ 80.659958431489287, 7.654634367510853 ], [ 80.659949448336448, 7.654634367510853 ], [ 80.659909024148661, 7.654755640074209 ], [ 80.659909024148661, 7.654782589532733 ], [ 80.659949448336448, 7.65490386209609 ], [ 80.659958431489287, 7.65490386209609 ], [ 80.659998855677074, 7.654944286283875 ], [ 80.659998855677074, 7.654953269436716 ], [ 80.660039279864861, 7.654993693624501 ], [ 80.6600482630177, 7.654993693624501 ], [ 80.660088687205473, 7.655114966187857 ], [ 80.660088687205473, 7.65514191564638 ], [ 80.66012911139326, 7.655263188209737 ], [ 80.660138094546099, 7.655263188209737 ], [ 80.660178518733886, 7.655384460773094 ], [ 80.660178518733886, 7.655411410231618 ], [ 80.660218942921674, 7.655532682794973 ], [ 80.660227926074512, 7.655532682794973 ], [ 80.660268350262299, 7.655775227921686 ], [ 80.660268350262299, 7.655829126838732 ], [ 80.660227926074512, 7.656071671965445 ], [ 80.660218942921674, 7.656071671965445 ], [ 80.660178518733886, 7.656192944528801 ], [ 80.660178518733886, 7.656219893987325 ], [ 80.660138094546099, 7.656341166550681 ], [ 80.66012911139326, 7.656341166550681 ], [ 80.660088687205473, 7.656543287489608 ], [ 80.660088687205473, 7.656588203253814 ], [ 80.660169535581048, 7.656790324192741 ] ] ] ] } },
{ "type": "Feature", "properties": { "fid": 913997.0, "DN": 3, "area": 3348 }, "geometry": { "type": "MultiPolygon", "coordinates": [ [ [ [ 80.902049908983059, 7.645830877726483 ], [ 80.902139740511473, 7.645830877726483 ], [ 80.902543982389332, 7.645790453538697 ], [ 80.902543982389332, 7.645781470385856 ], [ 80.90242270982597, 7.64574104619807 ], [ 80.902395760367455, 7.64574104619807 ], [ 80.902274487804107, 7.645700622010285 ], [ 80.902274487804107, 7.645691638857445 ], [ 80.902314911991894, 7.645651214669659 ], [ 80.902323895144733, 7.645651214669659 ], [ 80.90236431933252, 7.645610790481873 ], [ 80.90236431933252, 7.645601807329033 ], [ 80.902243046769172, 7.645561383141247 ], [ 80.902216097310628, 7.645561383141247 ], [ 80.90209482474728, 7.645520958953462 ], [ 80.90209482474728, 7.64551197580062 ], [ 80.901811855432783, 7.645471551612834 ], [ 80.901748973362885, 7.645471551612834 ], [ 80.901466004048388, 7.645552399988405 ], [ 80.901466004048388, 7.645570366294088 ], [ 80.901546852423962, 7.645651214669659 ], [ 80.901564818729639, 7.645651214669659 ], [ 80.901645667105214, 7.64573206304523 ], [ 80.901645667105214, 7.645750029350912 ], [ 80.902049908983059, 7.645830877726483 ] ] ] ] } },
{ "type": "Feature", "properties": { "fid": 915788.0, "DN": 3, "area": 4431 }, "geometry": { "type": "MultiPolygon", "coordinates": [ [ [ [ 80.900060140628753, 7.643315594930948 ], [ 80.900087090087268, 7.643315594930948 ], [ 80.900208362650631, 7.643275170743163 ], [ 80.900208362650631, 7.643266187590322 ], [ 80.900248786838418, 7.643225763402536 ], [ 80.900257769991256, 7.643225763402536 ], [ 80.900298194179044, 7.64318533921475 ], [ 80.900298194179044, 7.643176356061909 ], [ 80.900257769991256, 7.643135931874124 ], [ 80.900248786838418, 7.643135931874124 ], [ 80.900208362650631, 7.643055083498553 ], [ 80.900208362650631, 7.643037117192871 ], [ 80.900289211026205, 7.642956268817301 ], [ 80.900307177331882, 7.642956268817301 ], [ 80.900388025707457, 7.643037117192871 ], [ 80.900388025707457, 7.643055083498553 ], [ 80.900711419209742, 7.643135931874124 ], [ 80.900783284432464, 7.643135931874124 ], [ 80.901106677934749, 7.643095507686338 ], [ 80.901106677934749, 7.643086524533497 ], [ 80.901025829559174, 7.643046100345712 ], [ 80.901007863253497, 7.643046100345712 ], [ 80.900927014877922, 7.643005676157927 ], [ 80.900927014877922, 7.642996693005086 ], [ 80.90096743906571, 7.642956268817301 ], [ 80.900976422218548, 7.642956268817301 ], [ 80.901016846406336, 7.642915844629515 ], [ 80.901016846406336, 7.642906861476673 ], [ 80.900895573842973, 7.642866437288887 ], [ 80.900868624384458, 7.642866437288887 ], [ 80.900747351821096, 7.642826013101102 ], [ 80.900747351821096, 7.642817029948262 ], [ 80.90058565506996, 7.642776605760476 ], [ 80.900549722458607, 7.642776605760476 ], [ 80.900388025707457, 7.642817029948262 ], [ 80.900388025707457, 7.642826013101102 ], [ 80.900347601519684, 7.642866437288887 ], [ 80.900338618366817, 7.642866437288887 ], [ 80.900298194179044, 7.642785588913317 ], [ 80.900298194179044, 7.642767622607635 ], [ 80.900176921615682, 7.642686774232065 ], [ 80.900149972157166, 7.642686774232065 ], [ 80.900028699593804, 7.642929319358776 ], [ 80.900028699593804, 7.642983218275824 ], [ 80.899988275406017, 7.643225763402536 ], [ 80.899979292253178, 7.643225763402536 ], [ 80.899938868065391, 7.643266187590322 ], [ 80.899938868065391, 7.643275170743163 ], [ 80.900060140628753, 7.643315594930948 ] ] ] ] } },
{ "type": "Feature", "properties": { "fid": 917639.0, "DN": 3, "area": 3250 }, "geometry": { "type": "MultiPolygon", "coordinates": [ [ [ [ 80.935265116613394, 7.640440986021765 ], [ 80.9353100323776, 7.640440986021765 ], [ 80.935512153316523, 7.640360137646194 ], [ 80.935512153316523, 7.640342171340512 ], [ 80.935471729128736, 7.640261322964941 ], [ 80.935462745975897, 7.640261322964941 ], [ 80.93542232178811, 7.640220898777155 ], [ 80.93542232178811, 7.640211915624315 ], [ 80.935381897600323, 7.640171491436529 ], [ 80.935372914447484, 7.640171491436529 ], [ 80.935332490259697, 7.640050218873172 ], [ 80.935332490259697, 7.64002326941465 ], [ 80.935089945132987, 7.639901996851293 ], [ 80.935036046215941, 7.639901996851293 ], [ 80.934793501089231, 7.639982845226864 ], [ 80.934793501089231, 7.640000811532547 ], [ 80.934833925277019, 7.640081659908118 ], [ 80.934842908429857, 7.640081659908118 ], [ 80.934883332617645, 7.640122084095903 ], [ 80.934883332617645, 7.640131067248744 ], [ 80.934842908429857, 7.640171491436529 ], [ 80.934833925277019, 7.640171491436529 ], [ 80.934793501089231, 7.640211915624315 ], [ 80.934793501089231, 7.640220898777155 ], [ 80.934955197840367, 7.640261322964941 ], [ 80.934991130451721, 7.640261322964941 ], [ 80.93515282720287, 7.640301747152726 ], [ 80.93515282720287, 7.640310730305568 ], [ 80.935112403015097, 7.640351154493354 ], [ 80.935103419862259, 7.640351154493354 ], [ 80.935062995674471, 7.640391578681139 ], [ 80.935062995674471, 7.64040056183398 ], [ 80.935265116613394, 7.640440986021765 ] ] ] ] } },
{ "type": "Feature", "properties": { "fid": 954987.0, "DN": 3, "area": 5515 }, "geometry": { "type": "MultiPolygon", "coordinates": [ [ [ [ 80.960476335062211, 7.581421671855113 ], [ 80.960494301367888, 7.581421671855113 ], [ 80.960575149743462, 7.581381247667327 ], [ 80.960575149743462, 7.581372264514487 ], [ 80.960655998119023, 7.581331840326701 ], [ 80.960673964424728, 7.581331840326701 ], [ 80.960754812800289, 7.581291416138916 ], [ 80.960754812800289, 7.581282432986074 ], [ 80.960714388612502, 7.581242008798289 ], [ 80.960705405459663, 7.581242008798289 ], [ 80.960664981271876, 7.581201584610503 ], [ 80.960664981271876, 7.581192601457662 ], [ 80.960624557084088, 7.581152177269876 ], [ 80.96061557393125, 7.581152177269876 ], [ 80.960575149743462, 7.581111753082091 ], [ 80.960575149743462, 7.58110276992925 ], [ 80.960494301367888, 7.581062345741465 ], [ 80.960476335062211, 7.581062345741465 ], [ 80.960395486686636, 7.581021921553679 ], [ 80.960395486686636, 7.581012938400839 ], [ 80.960314638311061, 7.580972514213054 ], [ 80.960296672005384, 7.580972514213054 ], [ 80.96021582362981, 7.580932090025268 ], [ 80.96021582362981, 7.580923106872427 ], [ 80.960175399442022, 7.580882682684641 ], [ 80.960166416289184, 7.580882682684641 ], [ 80.960125992101396, 7.580842258496856 ], [ 80.960125992101396, 7.580833275344014 ], [ 80.960045143725822, 7.580792851156229 ], [ 80.960027177420145, 7.580792851156229 ], [ 80.95994632904457, 7.580752426968443 ], [ 80.95994632904457, 7.580743443815602 ], [ 80.959865480669009, 7.580703019627817 ], [ 80.959847514363332, 7.580703019627817 ], [ 80.959766665987758, 7.580743443815602 ], [ 80.959766665987758, 7.580752426968443 ], [ 80.959685817612183, 7.580792851156229 ], [ 80.959667851306506, 7.580792851156229 ], [ 80.959587002930931, 7.580833275344014 ], [ 80.959587002930931, 7.580842258496856 ], [ 80.959627427118704, 7.580882682684641 ], [ 80.959636410271571, 7.580882682684641 ], [ 80.959676834459344, 7.580963531060211 ], [ 80.959676834459344, 7.580981497365894 ], [ 80.959636410271571, 7.581062345741465 ], [ 80.959627427118704, 7.581062345741465 ], [ 80.959587002930931, 7.58110276992925 ], [ 80.959587002930931, 7.581111753082091 ], [ 80.959789123869854, 7.581152177269876 ], [ 80.95983403963406, 7.581152177269876 ], [ 80.960036160572983, 7.581192601457662 ], [ 80.960036160572983, 7.581201584610503 ], [ 80.959955312197408, 7.581242008798289 ], [ 80.959937345891731, 7.581242008798289 ], [ 80.959856497516157, 7.581322857173859 ], [ 80.959856497516157, 7.581340823479541 ], [ 80.959896921703944, 7.581421671855113 ], [ 80.959905904856782, 7.581421671855113 ], [ 80.95994632904457, 7.581381247667327 ], [ 80.95994632904457, 7.581372264514487 ], [ 80.960067601607932, 7.581331840326701 ], [ 80.960094551066447, 7.581331840326701 ], [ 80.96021582362981, 7.581412688702272 ], [ 80.96021582362981, 7.581430655007955 ], [ 80.960296672005384, 7.581511503383526 ], [ 80.960314638311061, 7.581511503383526 ], [ 80.960395486686636, 7.58147107919574 ], [ 80.960395486686636, 7.581462096042898 ], [ 80.960476335062211, 7.581421671855113 ] ], [ [ 80.960485318215049, 7.581201584610503 ], [ 80.960485318215049, 7.581192601457662 ], [ 80.960525742402837, 7.581152177269876 ], [ 80.960534725555675, 7.581152177269876 ], [ 80.960575149743462, 7.581192601457662 ], [ 80.960575149743462, 7.581201584610503 ], [ 80.960534725555675, 7.581242008798289 ], [ 80.960525742402837, 7.581242008798289 ], [ 80.960485318215049, 7.581201584610503 ] ] ] ] } },
{ "type": "Feature", "properties": { "fid": 1063467.0, "DN": 3, "area": 3547 }, "geometry": { "type": "MultiPolygon", "coordinates": [ [ [ [ 80.520203031162396, 7.371036232314321 ], [ 80.52023896377375, 7.371036232314321 ], [ 80.520400660524899, 7.370995808126535 ], [ 80.520400660524899, 7.370986824973695 ], [ 80.520441084712687, 7.370946400785909 ], [ 80.520450067865525, 7.370946400785909 ], [ 80.520490492053312, 7.370905976598124 ], [ 80.520490492053312, 7.370896993445283 ], [ 80.520692612992235, 7.370856569257497 ], [ 80.520737528756442, 7.370856569257497 ], [ 80.520939649695364, 7.370775720881927 ], [ 80.520939649695364, 7.370757754576243 ], [ 80.520777952944229, 7.370676906200673 ], [ 80.520742020332847, 7.370676906200673 ], [ 80.520580323581711, 7.370596057825102 ], [ 80.520580323581711, 7.37057809151942 ], [ 80.520418626830576, 7.37049724314385 ], [ 80.520382694219222, 7.37049724314385 ], [ 80.520220997468073, 7.370618515707205 ], [ 80.520220997468073, 7.37064546516573 ], [ 80.5201805732803, 7.370766737729085 ], [ 80.520171590127433, 7.370766737729085 ], [ 80.520131165939659, 7.37080716191687 ], [ 80.520131165939659, 7.370816145069711 ], [ 80.520009893376297, 7.370856569257497 ], [ 80.519982943917782, 7.370856569257497 ], [ 80.51986167135442, 7.370896993445283 ], [ 80.51986167135442, 7.370905976598124 ], [ 80.519942519729995, 7.370946400785909 ], [ 80.519960486035671, 7.370946400785909 ], [ 80.520041334411246, 7.370986824973695 ], [ 80.520041334411246, 7.370995808126535 ], [ 80.520203031162396, 7.371036232314321 ] ] ] ] } },
{ "type": "Feature", "properties": { "fid": 1083737.0, "DN": 3, "area": 5814 }, "geometry": { "type": "MultiPolygon", "coordinates": [ [ [ [ 80.599254776164912, 7.326749288807228 ], [ 80.599290708776266, 7.326749288807228 ], [ 80.599452405527416, 7.326708864619443 ], [ 80.599452405527416, 7.326699881466602 ], [ 80.599492829715203, 7.326659457278817 ], [ 80.599501812868041, 7.326659457278817 ], [ 80.599542237055829, 7.326619033091031 ], [ 80.599542237055829, 7.32661004993819 ], [ 80.599663509619177, 7.326569625750404 ], [ 80.599690459077706, 7.326569625750404 ], [ 80.599811731641054, 7.326488777374834 ], [ 80.599811731641054, 7.326470811069151 ], [ 80.599892580016629, 7.326389962693581 ], [ 80.599910546322306, 7.326389962693581 ], [ 80.599991394697881, 7.326309114318009 ], [ 80.599991394697881, 7.326291148012327 ], [ 80.600031818885668, 7.326210299636758 ], [ 80.600040802038507, 7.326210299636758 ], [ 80.600081226226294, 7.326169875448972 ], [ 80.600081226226294, 7.32616089229613 ], [ 80.600121650414081, 7.326120468108344 ], [ 80.60013063356692, 7.326120468108344 ], [ 80.600171057754707, 7.326039619732775 ], [ 80.600171057754707, 7.326021653427093 ], [ 80.600251906130268, 7.325940805051522 ], [ 80.600269872435973, 7.325940805051522 ], [ 80.600350720811534, 7.32585995667595 ], [ 80.600350720811534, 7.325841990370268 ], [ 80.600391144999321, 7.325761141994697 ], [ 80.60040012815216, 7.325761141994697 ], [ 80.600440552339947, 7.325720717806912 ], [ 80.600440552339947, 7.325711734654071 ], [ 80.600319279776585, 7.325671310466285 ], [ 80.600292330318069, 7.325671310466285 ], [ 80.600171057754707, 7.325711734654071 ], [ 80.600171057754707, 7.325720717806912 ], [ 80.60013063356692, 7.325761141994697 ], [ 80.600121650414081, 7.325761141994697 ], [ 80.600081226226294, 7.325801566182482 ], [ 80.600081226226294, 7.325810549335323 ], [ 80.600040802038507, 7.325850973523108 ], [ 80.600031818885668, 7.325850973523108 ], [ 80.599991394697881, 7.325891397710894 ], [ 80.599991394697881, 7.325900380863736 ], [ 80.599910546322306, 7.325940805051522 ], [ 80.599892580016629, 7.325940805051522 ], [ 80.599811731641054, 7.325981229239307 ], [ 80.599811731641054, 7.325990212392147 ], [ 80.599730883265494, 7.326030636579933 ], [ 80.599712916959803, 7.326030636579933 ], [ 80.599632068584242, 7.326111484955504 ], [ 80.599632068584242, 7.326129451261187 ], [ 80.599551220208667, 7.326210299636758 ], [ 80.59953325390299, 7.326210299636758 ], [ 80.599452405527416, 7.326291148012327 ], [ 80.599452405527416, 7.326309114318009 ], [ 80.599371557151841, 7.326389962693581 ], [ 80.599353590846164, 7.326389962693581 ], [ 80.599272742470589, 7.326430386881365 ], [ 80.599272742470589, 7.326439370034207 ], [ 80.599232318282816, 7.326479794221992 ], [ 80.599223335129949, 7.326479794221992 ], [ 80.599182910942176, 7.326520218409778 ], [ 80.599182910942176, 7.326529201562619 ], [ 80.599142486754388, 7.326569625750404 ], [ 80.59913350360155, 7.326569625750404 ], [ 80.599093079413763, 7.326650474125975 ], [ 80.599093079413763, 7.326668440431657 ], [ 80.599254776164912, 7.326749288807228 ] ] ] ] } },
{ "type": "Feature", "properties": { "fid": 1099254.0, "DN": 3, "area": 3154 }, "geometry": { "type": "MultiPolygon", "coordinates": [ [ [ [ 80.5552058862081, 7.292882802595923 ], [ 80.555214869360938, 7.292882802595923 ], [ 80.555255293548726, 7.292801954220351 ], [ 80.555255293548726, 7.292783987914669 ], [ 80.5553361419243, 7.292703139539098 ], [ 80.555354108229977, 7.292703139539098 ], [ 80.555434956605552, 7.292622291163527 ], [ 80.555434956605552, 7.292604324857844 ], [ 80.555475380793325, 7.292523476482275 ], [ 80.555484363946192, 7.292523476482275 ], [ 80.555524788133965, 7.292442628106704 ], [ 80.555524788133965, 7.292424661801022 ], [ 80.555282243007269, 7.29234381342545 ], [ 80.55522834409021, 7.29234381342545 ], [ 80.5549857989635, 7.292384237613236 ], [ 80.5549857989635, 7.292393220766076 ], [ 80.554945374775713, 7.292433644953862 ], [ 80.554936391622874, 7.292433644953862 ], [ 80.554895967435087, 7.292554917517219 ], [ 80.554895967435087, 7.292581866975741 ], [ 80.554936391622874, 7.292703139539098 ], [ 80.554945374775713, 7.292703139539098 ], [ 80.5549857989635, 7.292824412102454 ], [ 80.5549857989635, 7.292851361560977 ], [ 80.555066647339061, 7.292972634124334 ], [ 80.555084613644752, 7.292972634124334 ], [ 80.555165462020312, 7.292932209936549 ], [ 80.555165462020312, 7.292923226783708 ], [ 80.5552058862081, 7.292882802595923 ] ], [ [ 80.555116054679701, 7.292792971067511 ], [ 80.555125037832539, 7.292792971067511 ], [ 80.555165462020312, 7.292833395255297 ], [ 80.555165462020312, 7.292842378408138 ], [ 80.555125037832539, 7.292882802595923 ], [ 80.555116054679701, 7.292882802595923 ], [ 80.555075630491913, 7.292842378408138 ], [ 80.555075630491913, 7.292833395255297 ], [ 80.555116054679701, 7.292792971067511 ] ] ] ] } },
{ "type": "Feature", "properties": { "fid": 1103303.0, "DN": 3, "area": 6110 }, "geometry": { "type": "MultiPolygon", "coordinates": [ [ [ [ 80.588263888663704, 7.285606448794555 ], [ 80.588272871816542, 7.285606448794555 ], [ 80.58831329600433, 7.285566024606769 ], [ 80.58831329600433, 7.285557041453928 ], [ 80.588353720192117, 7.285516617266143 ], [ 80.588362703344956, 7.285516617266143 ], [ 80.588403127532743, 7.285395344702787 ], [ 80.588403127532743, 7.285368395244263 ], [ 80.58844355172053, 7.285247122680907 ], [ 80.588452534873369, 7.285247122680907 ], [ 80.588492959061156, 7.285125850117551 ], [ 80.588492959061156, 7.285098900659027 ], [ 80.588533383248944, 7.284977628095671 ], [ 80.588542366401782, 7.284977628095671 ], [ 80.58858279058957, 7.284775507156744 ], [ 80.58858279058957, 7.284730591392538 ], [ 80.588542366401782, 7.284528470453611 ], [ 80.588533383248944, 7.284528470453611 ], [ 80.588492959061156, 7.284568894641397 ], [ 80.588492959061156, 7.284577877794238 ], [ 80.588290838122219, 7.284618301982023 ], [ 80.588245922358027, 7.284618301982023 ], [ 80.58804380141909, 7.284699150357594 ], [ 80.58804380141909, 7.284717116663276 ], [ 80.58796295304353, 7.284797965038846 ], [ 80.587944986737824, 7.284797965038846 ], [ 80.587864138362264, 7.284919237602203 ], [ 80.587864138362264, 7.284946187060727 ], [ 80.587823714174476, 7.285067459624083 ], [ 80.587814731021638, 7.285067459624083 ], [ 80.587774306833865, 7.285107883811868 ], [ 80.587774306833865, 7.285116866964708 ], [ 80.587855155209439, 7.285157291152494 ], [ 80.587873121515116, 7.285157291152494 ], [ 80.587953969890677, 7.28519771534028 ], [ 80.587953969890677, 7.285206698493122 ], [ 80.587994394078464, 7.285247122680907 ], [ 80.588003377231303, 7.285247122680907 ], [ 80.58804380141909, 7.285327971056478 ], [ 80.58804380141909, 7.28534593736216 ], [ 80.588084225606877, 7.28542678573773 ], [ 80.588093208759716, 7.28542678573773 ], [ 80.588133632947503, 7.285467209925516 ], [ 80.588133632947503, 7.285476193078357 ], [ 80.588174057135291, 7.285516617266143 ], [ 80.588183040288129, 7.285516617266143 ], [ 80.588223464475917, 7.285557041453928 ], [ 80.588223464475917, 7.285566024606769 ], [ 80.588263888663704, 7.285606448794555 ] ] ] ] } },
{ "type": "Feature", "properties": { "fid": 1104527.0, "DN": 3, "area": 10841 }, "geometry": { "type": "MultiPolygon", "coordinates": [ [ [ [ 80.588623214777357, 7.284528470453611 ], [ 80.588632197930195, 7.284528470453611 ], [ 80.588672622117983, 7.284488046265825 ], [ 80.588672622117983, 7.284479063112984 ], [ 80.58871304630577, 7.284438638925199 ], [ 80.588722029458609, 7.284438638925199 ], [ 80.588762453646396, 7.284357790549628 ], [ 80.588762453646396, 7.284339824243946 ], [ 80.588843302021957, 7.284258975868376 ], [ 80.588861268327648, 7.284258975868376 ], [ 80.588942116703208, 7.284178127492805 ], [ 80.588942116703208, 7.284160161187122 ], [ 80.588982540890996, 7.284079312811551 ], [ 80.588991524043834, 7.284079312811551 ], [ 80.589031948231622, 7.284038888623765 ], [ 80.589031948231622, 7.284029905470924 ], [ 80.589153220794984, 7.28398948128314 ], [ 80.589180170253499, 7.28398948128314 ], [ 80.589301442816861, 7.284029905470924 ], [ 80.589301442816861, 7.284038888623765 ], [ 80.589382291192436, 7.284079312811551 ], [ 80.589400257498113, 7.284079312811551 ], [ 80.589481105873688, 7.28399846443598 ], [ 80.589481105873688, 7.283980498130298 ], [ 80.5894406816859, 7.283899649754726 ], [ 80.589431698533062, 7.283899649754726 ], [ 80.589391274345274, 7.283859225566941 ], [ 80.589391274345274, 7.283850242414101 ], [ 80.589431698533062, 7.283809818226315 ], [ 80.5894406816859, 7.283809818226315 ], [ 80.589481105873688, 7.283728969850744 ], [ 80.589481105873688, 7.283711003545061 ], [ 80.589561954249262, 7.283630155169492 ], [ 80.589579920554939, 7.283630155169492 ], [ 80.589660768930514, 7.283589730981706 ], [ 80.589660768930514, 7.283580747828864 ], [ 80.589701193118302, 7.28354032364108 ], [ 80.58971017627114, 7.28354032364108 ], [ 80.589750600458927, 7.283580747828864 ], [ 80.589750600458927, 7.283589730981706 ], [ 80.589831448834488, 7.283630155169492 ], [ 80.589849415140179, 7.283630155169492 ], [ 80.58993026351574, 7.283347185854995 ], [ 80.58993026351574, 7.283284303785106 ], [ 80.590011111891314, 7.283001334470608 ], [ 80.590029078196991, 7.283001334470608 ], [ 80.590109926572566, 7.282960910282823 ], [ 80.590109926572566, 7.282951927129982 ], [ 80.590069502384779, 7.282911502942197 ], [ 80.59006051923194, 7.282911502942197 ], [ 80.590020095044153, 7.282871078754411 ], [ 80.590020095044153, 7.282862095601569 ], [ 80.589979670856366, 7.282821671413783 ], [ 80.589970687703527, 7.282821671413783 ], [ 80.58993026351574, 7.282740823038212 ], [ 80.58993026351574, 7.28272285673253 ], [ 80.589808990952392, 7.282642008356961 ], [ 80.589782041493862, 7.282642008356961 ], [ 80.589660768930514, 7.28272285673253 ], [ 80.589660768930514, 7.282740823038212 ], [ 80.589620344742727, 7.282821671413783 ], [ 80.589611361589888, 7.282821671413783 ], [ 80.589570937402101, 7.282862095601569 ], [ 80.589570937402101, 7.282871078754411 ], [ 80.589530513214314, 7.282911502942197 ], [ 80.589521530061475, 7.282911502942197 ], [ 80.589481105873688, 7.282992351317767 ], [ 80.589481105873688, 7.283010317623448 ], [ 80.589400257498113, 7.28309116599902 ], [ 80.589382291192436, 7.28309116599902 ], [ 80.589301442816861, 7.283131590186805 ], [ 80.589301442816861, 7.283140573339646 ], [ 80.589261018629074, 7.283180997527431 ], [ 80.589252035476235, 7.283180997527431 ], [ 80.589211611288448, 7.283221421715217 ], [ 80.589211611288448, 7.283230404868059 ], [ 80.589252035476235, 7.283270829055844 ], [ 80.589261018629074, 7.283270829055844 ], [ 80.589301442816861, 7.28331125324363 ], [ 80.589301442816861, 7.28332023639647 ], [ 80.589220594441286, 7.283360660584256 ], [ 80.58920262813561, 7.283360660584256 ], [ 80.589121779760035, 7.283441508959827 ], [ 80.589121779760035, 7.283459475265509 ], [ 80.589081355572247, 7.28354032364108 ], [ 80.589072372419409, 7.28354032364108 ], [ 80.589031948231622, 7.283580747828864 ], [ 80.589031948231622, 7.283589730981706 ], [ 80.588991524043834, 7.283630155169492 ], [ 80.588982540890996, 7.283630155169492 ], [ 80.588942116703208, 7.283670579357277 ], [ 80.588942116703208, 7.283679562510118 ], [ 80.588982540890996, 7.283719986697903 ], [ 80.588991524043834, 7.283719986697903 ], [ 80.589031948231622, 7.283760410885689 ], [ 80.589031948231622, 7.283769394038529 ], [ 80.588991524043834, 7.283809818226315 ], [ 80.588982540890996, 7.283809818226315 ], [ 80.588942116703208, 7.283850242414101 ], [ 80.588942116703208, 7.283859225566941 ], [ 80.588901692515435, 7.283899649754726 ], [ 80.588892709362568, 7.283899649754726 ], [ 80.588852285174795, 7.283940073942512 ], [ 80.588852285174795, 7.283949057095354 ], [ 80.588811860987022, 7.28398948128314 ], [ 80.588802877834183, 7.28398948128314 ], [ 80.588762453646396, 7.284070329658709 ], [ 80.588762453646396, 7.284088295964391 ], [ 80.588722029458609, 7.284169144339963 ], [ 80.58871304630577, 7.284169144339963 ], [ 80.588672622117983, 7.284209568527748 ], [ 80.588672622117983, 7.28421855168059 ], [ 80.588632197930195, 7.284258975868376 ], [ 80.588623214777357, 7.284258975868376 ], [ 80.58858279058957, 7.284380248431732 ], [ 80.58858279058957, 7.284407197890255 ], [ 80.588623214777357, 7.284528470453611 ] ] ] ] } },
{ "type": "Feature", "properties": { "fid": 1105885.0, "DN": 3, "area": 10643 }, "geometry": { "type": "MultiPolygon", "coordinates": [ [ [ [ 80.591628079402739, 7.281833524601252 ], [ 80.591646045708416, 7.281833524601252 ], [ 80.59172689408399, 7.281752676225683 ], [ 80.59172689408399, 7.28173470992 ], [ 80.591767318271764, 7.281653861544429 ], [ 80.591776301424602, 7.281653861544429 ], [ 80.591816725612389, 7.281573013168858 ], [ 80.591816725612389, 7.281555046863176 ], [ 80.591857149800177, 7.281474198487604 ], [ 80.591866132953015, 7.281474198487604 ], [ 80.591906557140803, 7.28143377429982 ], [ 80.591906557140803, 7.281424791146978 ], [ 80.59194698132859, 7.281384366959193 ], [ 80.591955964481429, 7.281384366959193 ], [ 80.591996388669216, 7.281343942771407 ], [ 80.591996388669216, 7.281334959618566 ], [ 80.591955964481429, 7.281294535430781 ], [ 80.59194698132859, 7.281294535430781 ], [ 80.591906557140803, 7.28121368705521 ], [ 80.591906557140803, 7.281195720749527 ], [ 80.591866132953015, 7.281114872373957 ], [ 80.591857149800177, 7.281114872373957 ], [ 80.591816725612389, 7.281155296561741 ], [ 80.591816725612389, 7.281164279714583 ], [ 80.591776301424602, 7.281204703902368 ], [ 80.591767318271764, 7.281204703902368 ], [ 80.59172689408399, 7.281245128090154 ], [ 80.59172689408399, 7.281254111242995 ], [ 80.591646045708416, 7.281294535430781 ], [ 80.591628079402739, 7.281294535430781 ], [ 80.591547231027164, 7.281254111242995 ], [ 80.591547231027164, 7.281245128090154 ], [ 80.591506806839377, 7.281204703902368 ], [ 80.591497823686538, 7.281204703902368 ], [ 80.591457399498751, 7.281164279714583 ], [ 80.591457399498751, 7.281155296561741 ], [ 80.591416975310963, 7.281114872373957 ], [ 80.591407992158125, 7.281114872373957 ], [ 80.591367567970337, 7.281034023998386 ], [ 80.591367567970337, 7.281016057692703 ], [ 80.59132714378255, 7.280935209317133 ], [ 80.591318160629712, 7.280935209317133 ], [ 80.591277736441924, 7.280975633504918 ], [ 80.591277736441924, 7.28098461665776 ], [ 80.591237312254151, 7.281025040845545 ], [ 80.591228329101284, 7.281025040845545 ], [ 80.591187904913511, 7.280903768282188 ], [ 80.591187904913511, 7.280876818823665 ], [ 80.591107056537936, 7.280755546260309 ], [ 80.591089090232259, 7.280755546260309 ], [ 80.591008241856684, 7.280674697884738 ], [ 80.591008241856684, 7.280656731579056 ], [ 80.590846545105549, 7.280575883203485 ], [ 80.590810612494181, 7.280575883203485 ], [ 80.590648915743046, 7.280656731579056 ], [ 80.590648915743046, 7.280674697884738 ], [ 80.590608491555258, 7.280755546260309 ], [ 80.59059950840242, 7.280755546260309 ], [ 80.590559084214632, 7.280795970448094 ], [ 80.590559084214632, 7.280804953600935 ], [ 80.590518660026845, 7.280845377788721 ], [ 80.590509676874007, 7.280845377788721 ], [ 80.590469252686219, 7.280885801976506 ], [ 80.590469252686219, 7.280894785129347 ], [ 80.590388404310659, 7.280935209317133 ], [ 80.590370438004953, 7.280935209317133 ], [ 80.590289589629393, 7.281096906068274 ], [ 80.590289589629393, 7.281132838679639 ], [ 80.590693831507252, 7.281294535430781 ], [ 80.590783663035666, 7.281294535430781 ], [ 80.591187904913511, 7.281334959618566 ], [ 80.591187904913511, 7.281343942771407 ], [ 80.591147480725724, 7.281384366959193 ], [ 80.591138497572885, 7.281384366959193 ], [ 80.591098073385098, 7.281424791146978 ], [ 80.591098073385098, 7.28143377429982 ], [ 80.591219345948446, 7.281474198487604 ], [ 80.591246295406989, 7.281474198487604 ], [ 80.591367567970337, 7.281555046863176 ], [ 80.591367567970337, 7.281573013168858 ], [ 80.591448416345912, 7.281653861544429 ], [ 80.591466382651589, 7.281653861544429 ], [ 80.591547231027164, 7.28173470992 ], [ 80.591547231027164, 7.281752676225683 ], [ 80.591628079402739, 7.281833524601252 ] ] ] ] } },
{ "type": "Feature", "properties": { "fid": 1114136.0, "DN": 3, "area": 8476 }, "geometry": { "type": "MultiPolygon", "coordinates": [ [ [ [ 80.529873395195935, 7.2679096376974 ], [ 80.529882378348773, 7.2679096376974 ], [ 80.529922802536561, 7.267869213509615 ], [ 80.529922802536561, 7.267860230356773 ], [ 80.530003650912136, 7.267819806168988 ], [ 80.530021617217812, 7.267819806168988 ], [ 80.530102465593387, 7.267738957793417 ], [ 80.530102465593387, 7.267720991487735 ], [ 80.530183313968962, 7.267640143112164 ], [ 80.530201280274639, 7.267640143112164 ], [ 80.530282128650214, 7.267559294736593 ], [ 80.530282128650214, 7.26754132843091 ], [ 80.530362977025788, 7.26746048005534 ], [ 80.530380943331465, 7.26746048005534 ], [ 80.530461791707026, 7.267339207491984 ], [ 80.530461791707026, 7.267312258033461 ], [ 80.530421367519239, 7.267190985470105 ], [ 80.5304123843664, 7.267190985470105 ], [ 80.530371960178627, 7.267150561282319 ], [ 80.530371960178627, 7.267141578129477 ], [ 80.53033153599084, 7.267101153941692 ], [ 80.530322552838001, 7.267101153941692 ], [ 80.530282128650214, 7.267020305566121 ], [ 80.530282128650214, 7.267002339260439 ], [ 80.530241704462426, 7.266921490884869 ], [ 80.530232721309588, 7.266921490884869 ], [ 80.5301922971218, 7.266881066697083 ], [ 80.5301922971218, 7.266872083544242 ], [ 80.530071024558453, 7.266831659356456 ], [ 80.530044075099909, 7.266831659356456 ], [ 80.529922802536561, 7.266912507732027 ], [ 80.529922802536561, 7.266930474037709 ], [ 80.529841954160986, 7.26701132241328 ], [ 80.529823987855309, 7.26701132241328 ], [ 80.529743139479734, 7.267092170788851 ], [ 80.529743139479734, 7.267110137094534 ], [ 80.52966229110416, 7.267190985470105 ], [ 80.529644324798483, 7.267190985470105 ], [ 80.529563476422908, 7.26723140965789 ], [ 80.529563476422908, 7.267240392810731 ], [ 80.529603900610681, 7.267280816998516 ], [ 80.529612883763548, 7.267280816998516 ], [ 80.529653307951321, 7.267321241186302 ], [ 80.529653307951321, 7.267330224339142 ], [ 80.529572459575746, 7.267370648526928 ], [ 80.529554493270069, 7.267370648526928 ], [ 80.529473644894495, 7.267491921090285 ], [ 80.529473644894495, 7.267518870548807 ], [ 80.529433220706721, 7.267640143112164 ], [ 80.529424237553883, 7.267640143112164 ], [ 80.529383813366096, 7.26768056729995 ], [ 80.529383813366096, 7.26768955045279 ], [ 80.529424237553883, 7.267729974640575 ], [ 80.529433220706721, 7.267729974640575 ], [ 80.529473644894495, 7.267770398828361 ], [ 80.529473644894495, 7.267779381981202 ], [ 80.529514069082282, 7.267819806168988 ], [ 80.52952305223512, 7.267819806168988 ], [ 80.529563476422908, 7.267860230356773 ], [ 80.529563476422908, 7.267869213509615 ], [ 80.529644324798483, 7.2679096376974 ], [ 80.52966229110416, 7.2679096376974 ], [ 80.529743139479734, 7.267950061885186 ], [ 80.529743139479734, 7.267959045038026 ], [ 80.529783563667522, 7.267999469225812 ], [ 80.52979254682036, 7.267999469225812 ], [ 80.529832971008148, 7.267959045038026 ], [ 80.529832971008148, 7.267950061885186 ], [ 80.529873395195935, 7.2679096376974 ] ], [ [ 80.529702715291947, 7.267550311583753 ], [ 80.529693732139108, 7.267550311583753 ], [ 80.529653307951321, 7.267469463208181 ], [ 80.529653307951321, 7.267451496902499 ], [ 80.529693732139108, 7.267370648526928 ], [ 80.529702715291947, 7.267370648526928 ], [ 80.529743139479734, 7.267451496902499 ], [ 80.529743139479734, 7.267469463208181 ], [ 80.529702715291947, 7.267550311583753 ] ] ] ] } },
{ "type": "Feature", "properties": { "fid": 1122286.0, "DN": 3, "area": 3252 }, "geometry": { "type": "MultiPolygon", "coordinates": [ [ [ [ 80.538317558866652, 7.253446761623076 ], [ 80.53832654201949, 7.253446761623076 ], [ 80.538366966207278, 7.25340633743529 ], [ 80.538366966207278, 7.253397354282449 ], [ 80.538447814582852, 7.253356930094664 ], [ 80.538465780888529, 7.253356930094664 ], [ 80.538546629264104, 7.253316505906878 ], [ 80.538546629264104, 7.253307522754037 ], [ 80.538587053451892, 7.253267098566251 ], [ 80.53859603660473, 7.253267098566251 ], [ 80.538636460792517, 7.25310540181511 ], [ 80.538636460792517, 7.253069469203745 ], [ 80.53859603660473, 7.252907772452604 ], [ 80.538587053451892, 7.252907772452604 ], [ 80.538546629264104, 7.252948196640389 ], [ 80.538546629264104, 7.25295717979323 ], [ 80.538506205076317, 7.252997603981016 ], [ 80.538497221923478, 7.252997603981016 ], [ 80.538456797735691, 7.252916755605446 ], [ 80.538456797735691, 7.252898789299763 ], [ 80.538295100984556, 7.252817940924192 ], [ 80.538259168373202, 7.252817940924192 ], [ 80.538097471622052, 7.252898789299763 ], [ 80.538097471622052, 7.252916755605446 ], [ 80.538016623246477, 7.252997603981016 ], [ 80.5379986569408, 7.252997603981016 ], [ 80.537917808565226, 7.253118876544372 ], [ 80.537917808565226, 7.253145826002895 ], [ 80.5379986569408, 7.253267098566251 ], [ 80.538016623246477, 7.253267098566251 ], [ 80.538097471622052, 7.253186250190681 ], [ 80.538097471622052, 7.253168283884999 ], [ 80.538178319997627, 7.253087435509428 ], [ 80.538196286303304, 7.253087435509428 ], [ 80.538277134678879, 7.25324913226057 ], [ 80.538277134678879, 7.253285064871934 ], [ 80.538317558866652, 7.253446761623076 ] ] ] ] } },
{ "type": "Feature", "properties": { "fid": 1142377.0, "DN": 3, "area": 3055 }, "geometry": { "type": "MultiPolygon", "coordinates": [ [ [ [ 80.570746740623377, 7.21868196012765 ], [ 80.570755723776216, 7.21868196012765 ], [ 80.570796147964003, 7.218601111752079 ], [ 80.570796147964003, 7.218583145446397 ], [ 80.570917420527351, 7.218502297070826 ], [ 80.570944369985881, 7.218502297070826 ], [ 80.571065642549229, 7.21838102450747 ], [ 80.571065642549229, 7.218354075048946 ], [ 80.571146490924804, 7.21823280248559 ], [ 80.571164457230481, 7.21823280248559 ], [ 80.571245305606055, 7.218192378297805 ], [ 80.571245305606055, 7.218183395144964 ], [ 80.571164457230481, 7.218142970957178 ], [ 80.571146490924804, 7.218142970957178 ], [ 80.571065642549229, 7.218021698393822 ], [ 80.571065642549229, 7.217994748935298 ], [ 80.571025218361456, 7.217873476371942 ], [ 80.571016235208589, 7.217873476371942 ], [ 80.570975811020816, 7.217913900559727 ], [ 80.570975811020816, 7.217922883712569 ], [ 80.570854538457468, 7.217963307900354 ], [ 80.570827588998952, 7.217963307900354 ], [ 80.57070631643559, 7.218044156275925 ], [ 80.57070631643559, 7.218062122581608 ], [ 80.570665892247803, 7.218142970957178 ], [ 80.570656909094964, 7.218142970957178 ], [ 80.570616484907177, 7.218223819332749 ], [ 80.570616484907177, 7.218241785638432 ], [ 80.570656909094964, 7.218322634014003 ], [ 80.570665892247803, 7.218322634014003 ], [ 80.57070631643559, 7.218484330765144 ], [ 80.57070631643559, 7.218520263376509 ], [ 80.570746740623377, 7.21868196012765 ] ] ] ] } },
{ "type": "Feature", "properties": { "fid": 1153371.0, "DN": 3, "area": 3056 }, "geometry": { "type": "MultiPolygon", "coordinates": [ [ [ [ 80.941791377152526, 7.197571550950841 ], [ 80.941809343458203, 7.197571550950841 ], [ 80.941890191833778, 7.1974098541997 ], [ 80.941890191833778, 7.197373921588335 ], [ 80.941930616021565, 7.197212224837194 ], [ 80.941939599174404, 7.197212224837194 ], [ 80.941980023362191, 7.197293073212764 ], [ 80.941980023362191, 7.197311039518446 ], [ 80.942020447549965, 7.197391887894018 ], [ 80.942029430702803, 7.197391887894018 ], [ 80.94206985489059, 7.197230191142876 ], [ 80.94206985489059, 7.197194258531511 ], [ 80.94198900651503, 7.19703256178037 ], [ 80.941971040209353, 7.19703256178037 ], [ 80.941890191833778, 7.196951713404799 ], [ 80.941890191833778, 7.196933747099116 ], [ 80.941971040209353, 7.196852898723545 ], [ 80.94198900651503, 7.196852898723545 ], [ 80.94206985489059, 7.19681247453576 ], [ 80.94206985489059, 7.196803491382919 ], [ 80.942029430702803, 7.196763067195134 ], [ 80.942020447549965, 7.196763067195134 ], [ 80.941980023362191, 7.196722643007348 ], [ 80.941980023362191, 7.196713659854508 ], [ 80.942020447549965, 7.196673235666722 ], [ 80.942029430702803, 7.196673235666722 ], [ 80.94206985489059, 7.196632811478937 ], [ 80.94206985489059, 7.196623828326095 ], [ 80.942029430702803, 7.19658340413831 ], [ 80.942020447549965, 7.19658340413831 ], [ 80.941980023362191, 7.196542979950524 ], [ 80.941980023362191, 7.196533996797683 ], [ 80.942020447549965, 7.196493572609898 ], [ 80.942029430702803, 7.196493572609898 ], [ 80.94206985489059, 7.196412724234327 ], [ 80.94206985489059, 7.196394757928645 ], [ 80.941948582327228, 7.196313909553075 ], [ 80.941921632868713, 7.196313909553075 ], [ 80.941800360305365, 7.196839423994284 ], [ 80.941800360305365, 7.19695620498122 ], [ 80.941759936117592, 7.197481719422429 ], [ 80.941750952964725, 7.197481719422429 ], [ 80.941710528776952, 7.197522143610215 ], [ 80.941710528776952, 7.197531126763056 ], [ 80.941791377152526, 7.197571550950841 ] ] ] ] } },
{ "type": "Feature", "properties": { "fid": 1162621.0, "DN": 3, "area": 3154 }, "geometry": { "type": "MultiPolygon", "coordinates": [ [ [ [ 80.579410991538708, 7.17726962552974 ], [ 80.579428957844385, 7.17726962552974 ], [ 80.57950980621996, 7.17718877715417 ], [ 80.57950980621996, 7.177170810848487 ], [ 80.579590654595535, 7.177089962472916 ], [ 80.579608620901212, 7.177089962472916 ], [ 80.579689469276786, 7.176847417346204 ], [ 80.579689469276786, 7.176793518429156 ], [ 80.579649045088999, 7.176550973302445 ], [ 80.579640061936161, 7.176550973302445 ], [ 80.579599637748373, 7.17659139749023 ], [ 80.579599637748373, 7.176600380643071 ], [ 80.579559213560586, 7.176640804830857 ], [ 80.579550230407747, 7.176640804830857 ], [ 80.57950980621996, 7.176600380643071 ], [ 80.57950980621996, 7.17659139749023 ], [ 80.579469382032187, 7.176550973302445 ], [ 80.57946039887932, 7.176550973302445 ], [ 80.579419974691547, 7.17659139749023 ], [ 80.579419974691547, 7.176600380643071 ], [ 80.579379550503759, 7.176640804830857 ], [ 80.579370567350921, 7.176640804830857 ], [ 80.579330143163133, 7.176762077394213 ], [ 80.579330143163133, 7.176789026852736 ], [ 80.579249294787559, 7.176910299416092 ], [ 80.579231328481882, 7.176910299416092 ], [ 80.579150480106307, 7.177031571979448 ], [ 80.579150480106307, 7.177058521437973 ], [ 80.579231328481882, 7.177179794001328 ], [ 80.579249294787559, 7.177179794001328 ], [ 80.579330143163133, 7.177220218189113 ], [ 80.579330143163133, 7.177229201341954 ], [ 80.579410991538708, 7.17726962552974 ] ] ] ] } },
{ "type": "Feature", "properties": { "fid": 1172908.0, "DN": 3, "area": 7492 }, "geometry": { "type": "MultiPolygon", "coordinates": [ [ [ [ 80.566875001748812, 7.156698205523403 ], [ 80.566901951207342, 7.156698205523403 ], [ 80.56702322377069, 7.156657781335618 ], [ 80.56702322377069, 7.156648798182777 ], [ 80.566942375395115, 7.156608373994992 ], [ 80.566924409089438, 7.156608373994992 ], [ 80.566843560713878, 7.156567949807206 ], [ 80.566843560713878, 7.156558966654365 ], [ 80.566924409089438, 7.156518542466579 ], [ 80.566942375395115, 7.156518542466579 ], [ 80.56702322377069, 7.156478118278794 ], [ 80.56702322377069, 7.156469135125953 ], [ 80.566982799582917, 7.156428710938167 ], [ 80.566973816430078, 7.156428710938167 ], [ 80.566933392242291, 7.156388286750381 ], [ 80.566933392242291, 7.156379303597541 ], [ 80.567054664805653, 7.156338879409756 ], [ 80.567081614264168, 7.156338879409756 ], [ 80.567202886827516, 7.156258031034184 ], [ 80.567202886827516, 7.156240064728502 ], [ 80.567162462639729, 7.156159216352931 ], [ 80.56715347948689, 7.156159216352931 ], [ 80.567113055299103, 7.156199640540716 ], [ 80.567113055299103, 7.156208623693558 ], [ 80.567072631111316, 7.156249047881343 ], [ 80.567063647958477, 7.156249047881343 ], [ 80.56702322377069, 7.155966078566846 ], [ 80.56702322377069, 7.155903196496958 ], [ 80.567104072146265, 7.15562022718246 ], [ 80.567122038451942, 7.15562022718246 ], [ 80.567202886827516, 7.155539378806889 ], [ 80.567202886827516, 7.155521412501207 ], [ 80.567283735203091, 7.155440564125636 ], [ 80.567301701508768, 7.155440564125636 ], [ 80.567382549884343, 7.155359715750064 ], [ 80.567382549884343, 7.155341749444382 ], [ 80.567261277320995, 7.155260901068812 ], [ 80.567234327862451, 7.155260901068812 ], [ 80.567113055299103, 7.155220476881026 ], [ 80.567113055299103, 7.155211493728185 ], [ 80.567072631111316, 7.155171069540399 ], [ 80.567063647958477, 7.155171069540399 ], [ 80.56702322377069, 7.155332766291542 ], [ 80.56702322377069, 7.155368698902906 ], [ 80.566982799582917, 7.155530395654048 ], [ 80.566973816430078, 7.155530395654048 ], [ 80.566933392242291, 7.155489971466262 ], [ 80.566933392242291, 7.155480988313421 ], [ 80.566892968054503, 7.155440564125636 ], [ 80.566883984901665, 7.155440564125636 ], [ 80.566843560713878, 7.155561836688991 ], [ 80.566843560713878, 7.155588786147516 ], [ 80.56680313652609, 7.155710058710872 ], [ 80.566794153373252, 7.155710058710872 ], [ 80.566753729185464, 7.155629210335301 ], [ 80.566753729185464, 7.155611244029618 ], [ 80.566713304997677, 7.155530395654048 ], [ 80.566704321844838, 7.155530395654048 ], [ 80.566663897657051, 7.155732516592975 ], [ 80.566663897657051, 7.155777432357182 ], [ 80.566583049281476, 7.155979553296108 ], [ 80.566565082975799, 7.155979553296108 ], [ 80.566484234600225, 7.156181674235034 ], [ 80.566484234600225, 7.156226589999241 ], [ 80.566524658788012, 7.156428710938167 ], [ 80.56653364194085, 7.156428710938167 ], [ 80.566574066128638, 7.156509559313738 ], [ 80.566574066128638, 7.156527525619421 ], [ 80.566614490316425, 7.156608373994992 ], [ 80.566623473469264, 7.156608373994992 ], [ 80.566663897657051, 7.156689222370562 ], [ 80.566663897657051, 7.156707188676244 ], [ 80.566704321844838, 7.156788037051815 ], [ 80.566713304997677, 7.156788037051815 ], [ 80.566753729185464, 7.156747612864029 ], [ 80.566753729185464, 7.156738629711189 ], [ 80.566875001748812, 7.156698205523403 ] ], [ [ 80.56715347948689, 7.155350732597224 ], [ 80.567162462639729, 7.155350732597224 ], [ 80.567202886827516, 7.15539115678501 ], [ 80.567202886827516, 7.15540013993785 ], [ 80.567162462639729, 7.155440564125636 ], [ 80.56715347948689, 7.155440564125636 ], [ 80.567113055299103, 7.15540013993785 ], [ 80.567113055299103, 7.15539115678501 ], [ 80.56715347948689, 7.155350732597224 ] ] ] ] } },
{ "type": "Feature", "properties": { "fid": 1173488.0, "DN": 3, "area": 3154 }, "geometry": { "type": "MultiPolygon", "coordinates": [ [ [ [ 80.569219604640367, 7.154811743426752 ], [ 80.569228587793205, 7.154811743426752 ], [ 80.569269011980992, 7.154771319238966 ], [ 80.569269011980992, 7.154762336086126 ], [ 80.569349860356567, 7.15472191189834 ], [ 80.569367826662244, 7.15472191189834 ], [ 80.569448675037819, 7.154681487710555 ], [ 80.569448675037819, 7.154672504557714 ], [ 80.569569947601167, 7.154632080369929 ], [ 80.569596897059711, 7.154632080369929 ], [ 80.569718169623059, 7.154551231994358 ], [ 80.569718169623059, 7.154533265688675 ], [ 80.569637321247484, 7.154452417313104 ], [ 80.569619354941807, 7.154452417313104 ], [ 80.569538506566232, 7.154290720561963 ], [ 80.569538506566232, 7.154254787950598 ], [ 80.569498082378445, 7.154093091199456 ], [ 80.569489099225606, 7.154093091199456 ], [ 80.569448675037819, 7.154133515387242 ], [ 80.569448675037819, 7.154142498540082 ], [ 80.569408250850032, 7.154182922727868 ], [ 80.569399267697193, 7.154182922727868 ], [ 80.569358843509406, 7.154223346915654 ], [ 80.569358843509406, 7.154232330068495 ], [ 80.569277995133831, 7.15427275425628 ], [ 80.569260028828154, 7.15427275425628 ], [ 80.569179180452579, 7.154313178444066 ], [ 80.569179180452579, 7.154322161596907 ], [ 80.569098332077004, 7.154362585784693 ], [ 80.569080365771327, 7.154362585784693 ], [ 80.568999517395753, 7.154403009972478 ], [ 80.568999517395753, 7.154411993125319 ], [ 80.568918669020178, 7.154452417313104 ], [ 80.568900702714501, 7.154452417313104 ], [ 80.56881985433894, 7.154533265688675 ], [ 80.56881985433894, 7.154551231994358 ], [ 80.568941126902303, 7.154632080369929 ], [ 80.568968076360818, 7.154632080369929 ], [ 80.569089348924166, 7.154551231994358 ], [ 80.569089348924166, 7.154533265688675 ], [ 80.569129773111939, 7.154452417313104 ], [ 80.569138756264806, 7.154452417313104 ], [ 80.569179180452579, 7.15449284150089 ], [ 80.569179180452579, 7.15450182465373 ], [ 80.569219604640367, 7.154542248841516 ], [ 80.569228587793205, 7.154542248841516 ], [ 80.569269011980992, 7.15450182465373 ], [ 80.569269011980992, 7.15449284150089 ], [ 80.56930943616878, 7.154452417313104 ], [ 80.569318419321618, 7.154452417313104 ], [ 80.569358843509406, 7.154533265688675 ], [ 80.569358843509406, 7.154551231994358 ], [ 80.569277995133831, 7.154632080369929 ], [ 80.569260028828154, 7.154632080369929 ], [ 80.569179180452579, 7.154712928745499 ], [ 80.569179180452579, 7.154730895051181 ], [ 80.569219604640367, 7.154811743426752 ] ] ] ] } },
{ "type": "Feature", "properties": { "fid": 1215071.0, "DN": 3, "area": 4240 }, "geometry": { "type": "MultiPolygon", "coordinates": [ [ [ [ 80.529963226724348, 7.047373235446058 ], [ 80.529972209877187, 7.047373235446058 ], [ 80.530012634064974, 7.047292387070486 ], [ 80.530012634064974, 7.047274420764804 ], [ 80.530093482440549, 7.047193572389233 ], [ 80.530111448746226, 7.047193572389233 ], [ 80.5301922971218, 7.046951027262521 ], [ 80.5301922971218, 7.046897128345474 ], [ 80.530151872934013, 7.046654583218761 ], [ 80.530142889781175, 7.046654583218761 ], [ 80.530102465593387, 7.046735431594332 ], [ 80.530102465593387, 7.046753397900014 ], [ 80.530062041405614, 7.046834246275585 ], [ 80.530053058252747, 7.046834246275585 ], [ 80.530012634064974, 7.046672549524444 ], [ 80.530012634064974, 7.046636616913079 ], [ 80.529931785689399, 7.046474920161938 ], [ 80.529913819383722, 7.046474920161938 ], [ 80.529832971008148, 7.04671746528865 ], [ 80.529832971008148, 7.046771364205697 ], [ 80.529752122632573, 7.04701390933241 ], [ 80.529734156326896, 7.04701390933241 ], [ 80.529653307951321, 7.047054333520196 ], [ 80.529653307951321, 7.047063316673036 ], [ 80.529612883763548, 7.047103740860821 ], [ 80.529603900610681, 7.047103740860821 ], [ 80.529563476422908, 7.047144165048607 ], [ 80.529563476422908, 7.047153148201447 ], [ 80.529603900610681, 7.047193572389233 ], [ 80.529612883763548, 7.047193572389233 ], [ 80.529653307951321, 7.047355269140374 ], [ 80.529653307951321, 7.04739120175174 ], [ 80.529774580514683, 7.047552898502881 ], [ 80.529801529973199, 7.047552898502881 ], [ 80.529922802536561, 7.04747205012731 ], [ 80.529922802536561, 7.047454083821628 ], [ 80.529963226724348, 7.047373235446058 ] ], [ [ 80.529922802536561, 7.046973485144624 ], [ 80.529922802536561, 7.046964501991783 ], [ 80.529963226724348, 7.046924077803998 ], [ 80.529972209877187, 7.046924077803998 ], [ 80.530012634064974, 7.046964501991783 ], [ 80.530012634064974, 7.046973485144624 ], [ 80.529972209877187, 7.04701390933241 ], [ 80.529963226724348, 7.04701390933241 ], [ 80.529922802536561, 7.046973485144624 ] ], [ [ 80.530102465593387, 7.047054333520196 ], [ 80.530102465593387, 7.047063316673036 ], [ 80.530062041405614, 7.047103740860821 ], [ 80.530053058252747, 7.047103740860821 ], [ 80.530012634064974, 7.047063316673036 ], [ 80.530012634064974, 7.047054333520196 ], [ 80.530053058252747, 7.04701390933241 ], [ 80.530062041405614, 7.04701390933241 ], [ 80.530102465593387, 7.047054333520196 ] ] ] ] } },
{ "type": "Feature", "properties": { "fid": 1215769.0, "DN": 3, "area": 12325 }, "geometry": { "type": "MultiPolygon", "coordinates": [ [ [ [ 80.536642200861763, 7.046654583218761 ], [ 80.536678133473146, 7.046654583218761 ], [ 80.536839830224281, 7.046614159030976 ], [ 80.536839830224281, 7.046605175878135 ], [ 80.536799406036494, 7.046564751690349 ], [ 80.536790422883655, 7.046564751690349 ], [ 80.536749998695868, 7.046524327502564 ], [ 80.536749998695868, 7.046515344349723 ], [ 80.53670957450808, 7.046474920161938 ], [ 80.536700591355242, 7.046474920161938 ], [ 80.536660167167454, 7.046232375035226 ], [ 80.536660167167454, 7.046178476118179 ], [ 80.53657931879188, 7.045935930991466 ], [ 80.536561352486203, 7.045935930991466 ], [ 80.536480504110628, 7.045855082615896 ], [ 80.536480504110628, 7.045837116310214 ], [ 80.536440079922841, 7.045756267934642 ], [ 80.536431096770002, 7.045756267934642 ], [ 80.536390672582215, 7.045634995371286 ], [ 80.536390672582215, 7.045608045912762 ], [ 80.536350248394427, 7.045486773349406 ], [ 80.536341265241589, 7.045486773349406 ], [ 80.536300841053816, 7.045365500786049 ], [ 80.536300841053816, 7.045338551327527 ], [ 80.536219992678241, 7.04521727876417 ], [ 80.536202026372564, 7.04521727876417 ], [ 80.536121177996989, 7.0451364303886 ], [ 80.536121177996989, 7.045118464082917 ], [ 80.53595948124584, 7.045037615707347 ], [ 80.535923548634486, 7.045037615707347 ], [ 80.535761851883336, 7.044956767331776 ], [ 80.535761851883336, 7.044938801026094 ], [ 80.535681003507761, 7.044857952650522 ], [ 80.535663037202085, 7.044857952650522 ], [ 80.53558218882651, 7.044817528462737 ], [ 80.53558218882651, 7.044808545309897 ], [ 80.535460916263162, 7.044768121122111 ], [ 80.535433966804646, 7.044768121122111 ], [ 80.535312694241284, 7.044808545309897 ], [ 80.535312694241284, 7.044817528462737 ], [ 80.535231845865724, 7.044857952650522 ], [ 80.535213879560018, 7.044857952650522 ], [ 80.535133031184458, 7.044898376838308 ], [ 80.535133031184458, 7.044907359991149 ], [ 80.535173455372245, 7.044947784178935 ], [ 80.535182438525084, 7.044947784178935 ], [ 80.535222862712871, 7.045028632554505 ], [ 80.535222862712871, 7.045046598860187 ], [ 80.535263286900658, 7.045127447235759 ], [ 80.535272270053497, 7.045127447235759 ], [ 80.535312694241284, 7.04520829561133 ], [ 80.535312694241284, 7.045226261917012 ], [ 80.535393542616845, 7.045307110292582 ], [ 80.535411508922522, 7.045307110292582 ], [ 80.535492357298097, 7.045347534480368 ], [ 80.535492357298097, 7.045356517633209 ], [ 80.535532781485884, 7.045396941820995 ], [ 80.535541764638722, 7.045396941820995 ], [ 80.53558218882651, 7.04543736600878 ], [ 80.53558218882651, 7.045446349161621 ], [ 80.535622613014297, 7.045486773349406 ], [ 80.535631596167136, 7.045486773349406 ], [ 80.535672020354923, 7.045527197537192 ], [ 80.535672020354923, 7.045536180690032 ], [ 80.535752868730498, 7.045576604877818 ], [ 80.535770835036175, 7.045576604877818 ], [ 80.535851683411749, 7.045657453253389 ], [ 80.535851683411749, 7.045675419559071 ], [ 80.535892107599537, 7.045756267934642 ], [ 80.535901090752375, 7.045756267934642 ], [ 80.535941514940163, 7.045837116310214 ], [ 80.535941514940163, 7.045855082615896 ], [ 80.536022363315737, 7.045935930991466 ], [ 80.536040329621414, 7.045935930991466 ], [ 80.536121177996989, 7.046016779367037 ], [ 80.536121177996989, 7.046034745672719 ], [ 80.536202026372564, 7.04611559404829 ], [ 80.536219992678241, 7.04611559404829 ], [ 80.536300841053816, 7.046156018236076 ], [ 80.536300841053816, 7.046165001388916 ], [ 80.536341265241589, 7.046205425576701 ], [ 80.536350248394427, 7.046205425576701 ], [ 80.536390672582215, 7.046245849764487 ], [ 80.536390672582215, 7.046254832917328 ], [ 80.536431096770002, 7.046295257105114 ], [ 80.536440079922841, 7.046295257105114 ], [ 80.536480504110628, 7.046456953856255 ], [ 80.536480504110628, 7.04649288646762 ], [ 80.536642200861763, 7.046654583218761 ] ] ] ] } },
{ "type": "Feature", "properties": { "fid": 1224064.0, "DN": 3, "area": 5029 }, "geometry": { "type": "MultiPolygon", "coordinates": [ [ [ [ 80.493850952302722, 7.018716977882645 ], [ 80.493859935455589, 7.018716977882645 ], [ 80.493900359643362, 7.018636129507074 ], [ 80.493900359643362, 7.018618163201392 ], [ 80.49394078383115, 7.018537314825821 ], [ 80.493949766983988, 7.018537314825821 ], [ 80.493990191171775, 7.01845646645025 ], [ 80.493990191171775, 7.018438500144567 ], [ 80.494111463735138, 7.018357651768997 ], [ 80.494138413193653, 7.018357651768997 ], [ 80.494259685757015, 7.018317227581211 ], [ 80.494259685757015, 7.01830824442837 ], [ 80.494219261569228, 7.018267820240585 ], [ 80.494210278416389, 7.018267820240585 ], [ 80.494169854228602, 7.018065699301658 ], [ 80.494169854228602, 7.018020783537452 ], [ 80.493927309101892, 7.017818662598525 ], [ 80.493873410184847, 7.017818662598525 ], [ 80.493630865058137, 7.018020783537452 ], [ 80.493630865058137, 7.018065699301658 ], [ 80.493550016682562, 7.018267820240585 ], [ 80.493532050376885, 7.018267820240585 ], [ 80.49345120200131, 7.01830824442837 ], [ 80.49345120200131, 7.018317227581211 ], [ 80.493532050376885, 7.018357651768997 ], [ 80.493550016682562, 7.018357651768997 ], [ 80.493630865058137, 7.018478924332353 ], [ 80.493630865058137, 7.018505873790876 ], [ 80.493711713433697, 7.018627146354232 ], [ 80.493729679739374, 7.018627146354232 ], [ 80.493810528114949, 7.018667570542018 ], [ 80.493810528114949, 7.018676553694859 ], [ 80.493850952302722, 7.018716977882645 ] ] ] ] } }
]
}
