{
"type": "FeatureCollection",
"name": "lagoon_areas",
"crs": { "type": "name", "properties": { "name": "urn:ogc:def:crs:OGC:1.3:CRS84" } },
"features": [
{ "type": "Feature", "properties": { "objectid": 204, "Area": 33733586 }, "geometry": { "type": "MultiPolygon", "coordinates": [ [ [ [ 79.855570004000072, 7.104941182000061 ], [ 79.855517822000081, 7.105009927000026 ], [ 79.855459800000062, 7.105095557000027 ], [ 79.855369369000073, 7.105236342000069 ], [ 79.855297418000077, 7.105337691000045 ], [ 79.855264648000059, 7.105377970000063 ], [ 79.855231467000067, 7.105414113000052 ], [ 79.855199044000074, 7.105444677000037 ], [ 79.855165158000034, 7.105471556000055 ], [ 79.855140673000051, 7.105487823000033 ], [ 79.855115251000029, 7.105502 ], [ 79.855089702000043, 7.105513572000064 ], [ 79.855063580000035, 7.105522762000021 ], [ 79.855037602000039, 7.105529383000032 ], [ 79.855011081000043, 7.105533692000051 ], [ 79.854985069000065, 7.105535671000041 ], [ 79.854952942000068, 7.105535682000038 ], [ 79.854918755000085, 7.105532721000031 ], [ 79.854880614000081, 7.105526386000065 ], [ 79.854741841000077, 7.10549373200007 ], [ 79.854720959000076, 7.105486194000036 ], [ 79.85470041700006, 7.105476306000071 ], [ 79.854685955000036, 7.105465096000046 ], [ 79.854673668000032, 7.105451468000069 ], [ 79.854666631000043, 7.105439182000055 ], [ 79.854662853000036, 7.105424181000046 ], [ 79.854662673000064, 7.105410477000021 ], [ 79.854666709000071, 7.10539471800007 ], [ 79.854674700000032, 7.105375691000063 ], [ 79.85469831100005, 7.105328809000071 ], [ 79.854715659000078, 7.105299879000029 ], [ 79.854731206000054, 7.105279164000024 ], [ 79.854765952000037, 7.105239972000049 ], [ 79.854802776000042, 7.10520615400003 ], [ 79.854849461000072, 7.105172333000041 ], [ 79.854904819000069, 7.105138197000031 ], [ 79.85492215000005, 7.105124228000022 ], [ 79.854939330000036, 7.10510797400002 ], [ 79.854979380000032, 7.105059319000077 ], [ 79.85503420100008, 7.104981749000046 ], [ 79.85508075000007, 7.10492967600004 ], [ 79.855107990000079, 7.104887247000022 ], [ 79.855125832000056, 7.104869538000059 ], [ 79.855176442000072, 7.10482892400006 ], [ 79.855206462000069, 7.104800832000024 ], [ 79.855239089000065, 7.104763775000038 ], [ 79.855269564000082, 7.104721652000023 ], [ 79.85530607000004, 7.10465946000005 ], [ 79.855341270000054, 7.104585368000073 ], [ 79.855371223000077, 7.104511510000066 ], [ 79.855438450000065, 7.104332413000066 ], [ 79.855475718000037, 7.104245548000051 ], [ 79.855496022000068, 7.104204958000025 ], [ 79.855516804000047, 7.104168238000057 ], [ 79.855538397000032, 7.104134804000068 ], [ 79.855560994000029, 7.10410435700004 ], [ 79.855584567000051, 7.10407688500004 ], [ 79.855609566000055, 7.104051831000049 ], [ 79.855638111000076, 7.10402709300007 ], [ 79.855670620000069, 7.104002353000055 ], [ 79.855735035000066, 7.103959842000052 ], [ 79.85589493100008, 7.103864095000063 ], [ 79.855935285000044, 7.103836968000053 ], [ 79.855969848000029, 7.103810859000021 ], [ 79.85600118900004, 7.103783613000076 ], [ 79.856028344000038, 7.103755807000027 ], [ 79.856058057000041, 7.103719886000022 ], [ 79.856086504000075, 7.103680221000047 ], [ 79.856108065000058, 7.10364631300007 ], [ 79.856129176000081, 7.103609619000053 ], [ 79.856171098000061, 7.103526006000038 ], [ 79.856207481000069, 7.103442666000035 ], [ 79.856289052000079, 7.10324274200002 ], [ 79.856332868000038, 7.103147315000058 ], [ 79.856384031000061, 7.10304906500005 ], [ 79.856509967000079, 7.102820446000067 ], [ 79.856564261000074, 7.102713424000058 ], [ 79.856588887000044, 7.102659365000022 ], [ 79.856609786000035, 7.102608503000056 ], [ 79.856627272000082, 7.10256006700007 ], [ 79.856641497000055, 7.102513644000055 ], [ 79.856652869000072, 7.102467440000055 ], [ 79.85666092200006, 7.102422797000031 ], [ 79.856665690000057, 7.102379522000035 ], [ 79.856667186000038, 7.102337477000049 ], [ 79.856665408000083, 7.102296496000065 ], [ 79.856660353000052, 7.102256543000067 ], [ 79.856652074000067, 7.102217806000056 ], [ 79.856640386000038, 7.102179603000025 ], [ 79.856620294000038, 7.102128157000038 ], [ 79.856565809000074, 7.102004069000031 ], [ 79.856514426000047, 7.101863834000028 ], [ 79.856479269000033, 7.101781968000068 ], [ 79.856460817000084, 7.101746073000072 ], [ 79.856438450000041, 7.101708578000057 ], [ 79.856379031000074, 7.101618823000024 ], [ 79.856326549000073, 7.101542614000039 ], [ 79.856285337000031, 7.101474830000029 ], [ 79.856266171000073, 7.101436818000025 ], [ 79.856249128000059, 7.101396043000022 ], [ 79.856233905000067, 7.101351708000038 ], [ 79.856222435000063, 7.101309418000028 ], [ 79.856209733000071, 7.101247369000021 ], [ 79.856201924000061, 7.101195163000057 ], [ 79.856198168000049, 7.101147393000076 ], [ 79.856196952000062, 7.101087785000061 ], [ 79.856198703000075, 7.101034382000023 ], [ 79.856206632000067, 7.100899831000049 ], [ 79.85621066200008, 7.100866794000069 ], [ 79.856223754000041, 7.100790053000026 ], [ 79.856231300000047, 7.100714880000055 ], [ 79.856232159000058, 7.100645731000043 ], [ 79.856227564000051, 7.100578503000065 ], [ 79.856217997000044, 7.10049447800003 ], [ 79.85621026900003, 7.100443990000031 ], [ 79.85619992800008, 7.10039564300007 ], [ 79.856187936000083, 7.100355741000044 ], [ 79.856173150000075, 7.100320865000072 ], [ 79.856156005000059, 7.100292954000054 ], [ 79.856136528000036, 7.100272041000039 ], [ 79.856114073000072, 7.100257734000024 ], [ 79.856091864000064, 7.100250995000067 ], [ 79.856068609000033, 7.100248823000072 ], [ 79.856044239000084, 7.100249357000052 ], [ 79.856024256000069, 7.100255551000032 ], [ 79.856006752000042, 7.100266785000031 ], [ 79.855988386000035, 7.100282345000039 ], [ 79.855936371000041, 7.100342954000041 ], [ 79.85590809100006, 7.100386384000046 ], [ 79.85585203800008, 7.100487743000031 ], [ 79.855779194000036, 7.100631946000021 ], [ 79.855702165000082, 7.10079683400005 ], [ 79.855670209000039, 7.100851245000058 ], [ 79.855666258000042, 7.100862663000044 ], [ 79.855663138000068, 7.100879442000064 ], [ 79.855662222000035, 7.100924457000076 ], [ 79.855658874000085, 7.100953913000069 ], [ 79.855650524000055, 7.100990922000051 ], [ 79.855638157000044, 7.101034962000028 ], [ 79.855609022000067, 7.101123950000044 ], [ 79.855568374000029, 7.101224898000055 ], [ 79.855550476000076, 7.101275322000049 ], [ 79.855467815000054, 7.101546839000036 ], [ 79.855444929000043, 7.101617524000062 ], [ 79.855330378000076, 7.101946330000033 ], [ 79.855292, 7.102051704000075 ], [ 79.85523310700006, 7.10219866500006 ], [ 79.855171845000029, 7.102337195000075 ], [ 79.855136254000058, 7.102430761000051 ], [ 79.855132033000075, 7.102442581000048 ], [ 79.855125957000041, 7.102459616000033 ], [ 79.855119889000036, 7.102476652000064 ], [ 79.855113826000036, 7.102493693000042 ], [ 79.855107769000085, 7.102510735000067 ], [ 79.855101714000057, 7.102527778000024 ], [ 79.855095661000064, 7.102544821000038 ], [ 79.855089607000082, 7.10256186600003 ], [ 79.855083552000053, 7.102578908000055 ], [ 79.855077494000057, 7.102595950000023 ], [ 79.855071431000056, 7.102612990000068 ], [ 79.855065362000062, 7.102630028000021 ], [ 79.855059285000038, 7.102647062000074 ], [ 79.855053200000043, 7.102664093000044 ], [ 79.855051690000039, 7.10266831000007 ], [ 79.855046929000082, 7.102681055000062 ], [ 79.855040591000034, 7.102697993000049 ], [ 79.85503424400008, 7.102714930000047 ], [ 79.855027891000077, 7.10273186400002 ], [ 79.85502153300007, 7.102748794000036 ], [ 79.855015170000058, 7.10276572500004 ], [ 79.855008805000068, 7.102782655000055 ], [ 79.855002438000042, 7.102799585000071 ], [ 79.854996071000073, 7.10281651300005 ], [ 79.854989703000058, 7.102833443000065 ], [ 79.854983339000057, 7.102850373000024 ], [ 79.854976979000071, 7.102867303000039 ], [ 79.854970624000032, 7.102884236000023 ], [ 79.854969701000073, 7.102886693000073 ], [ 79.854964318000043, 7.102901189000022 ], [ 79.85495800700005, 7.102918143000068 ], [ 79.854951701000061, 7.102935098000046 ], [ 79.854945408000049, 7.102952057000039 ], [ 79.854939148000085, 7.102969023000071 ], [ 79.854932932000054, 7.102986001000033 ], [ 79.854931755000052, 7.102989244000071 ], [ 79.854927272000054, 7.103003169000033 ], [ 79.854921749000084, 7.103020386000026 ], [ 79.854916237000054, 7.103037611000047 ], [ 79.854910739000047, 7.103054842000063 ], [ 79.854905251000048, 7.103072078000025 ], [ 79.854899772000067, 7.103089315000034 ], [ 79.854894301000058, 7.103106558000036 ], [ 79.854888838000079, 7.103123800000049 ], [ 79.854883380000047, 7.10314104400004 ], [ 79.854877926000086, 7.103158287000042 ], [ 79.854875922000076, 7.103164641000035 ], [ 79.854872703000069, 7.103175599000053 ], [ 79.854867652000053, 7.103192969000077 ], [ 79.854862628000035, 7.10321035000004 ], [ 79.854857613000036, 7.10322773200005 ], [ 79.854852583000081, 7.103245106000031 ], [ 79.854847515000074, 7.103262464000068 ], [ 79.854842248000068, 7.103280277000067 ], [ 79.854836373000069, 7.103296839000052 ], [ 79.854805459000033, 7.103381855000066 ], [ 79.854801959000042, 7.103391172000045 ], [ 79.854798472000084, 7.103398474000073 ], [ 79.854758723000032, 7.103479729000071 ], [ 79.854750635000073, 7.103495916000043 ], [ 79.854746341000066, 7.103504540000074 ], [ 79.854742266000073, 7.103511936000075 ], [ 79.854733481000039, 7.103527746000054 ], [ 79.854724652000073, 7.103543539000043 ], [ 79.854715801000054, 7.103559322000024 ], [ 79.854706950000036, 7.103575105000061 ], [ 79.854698125000084, 7.103590897000061 ], [ 79.854689158000042, 7.103606604000049 ], [ 79.854684035000048, 7.103616363000071 ], [ 79.854680945000041, 7.103622705000021 ], [ 79.854673065000043, 7.103638978000049 ], [ 79.854641730000083, 7.103704210000046 ], [ 79.854634040000064, 7.10372058400003 ], [ 79.854626605000078, 7.103736365000032 ], [ 79.854619243000059, 7.103753574000052 ], [ 79.854612152000072, 7.103770209000061 ], [ 79.854605077000031, 7.103786853000031 ], [ 79.854598015000079, 7.10380350500003 ], [ 79.854590961000042, 7.103820162000034 ], [ 79.854583914000045, 7.103836820000026 ], [ 79.854576866000059, 7.103853481000044 ], [ 79.854569815000048, 7.103870140000026 ], [ 79.854562758000043, 7.10388679600004 ], [ 79.85455569100003, 7.103903445000071 ], [ 79.854548608000073, 7.103920087000063 ], [ 79.854545641000072, 7.103927039000041 ], [ 79.854541356000084, 7.103936655000041 ], [ 79.854533976000084, 7.103953168000032 ], [ 79.854526580000083, 7.10396967500003 ], [ 79.854519175000064, 7.103986177000024 ], [ 79.854511763000062, 7.104002678000029 ], [ 79.85450435100006, 7.104019178000044 ], [ 79.854496942000083, 7.104035680000038 ], [ 79.854489541000078, 7.104052184000068 ], [ 79.854482153000049, 7.104068694000034 ], [ 79.854474785000036, 7.104085209000061 ], [ 79.854471366000041, 7.104092907000052 ], [ 79.854467693000061, 7.104101842000034 ], [ 79.854460871000072, 7.104118591000031 ], [ 79.854454085000043, 7.104135362000022 ], [ 79.854447311000058, 7.104152138000075 ], [ 79.85444052400004, 7.104168908000076 ], [ 79.854433703000041, 7.104185655000038 ], [ 79.854428149000057, 7.104199150000056 ], [ 79.854426678000038, 7.104202308000026 ], [ 79.854419010000072, 7.104218689000049 ], [ 79.854379935000054, 7.104300692000038 ], [ 79.854371036000032, 7.104315962000044 ], [ 79.854297664000057, 7.104440691000036 ], [ 79.854288373000031, 7.104456222000067 ], [ 79.854279154000039, 7.104471792000027 ], [ 79.854269938000073, 7.104487362000043 ], [ 79.854260727000053, 7.104502935000028 ], [ 79.85425482100004, 7.10451292700003 ], [ 79.854251459000068, 7.104518470000073 ], [ 79.854242055000043, 7.104533923000076 ], [ 79.85423262900008, 7.104549364000036 ], [ 79.854223196000078, 7.104564803000073 ], [ 79.854213770000058, 7.104580243000044 ], [ 79.854204363000065, 7.104595695000057 ], [ 79.854194991000043, 7.104611162000026 ], [ 79.854192254000054, 7.104615705000072 ], [ 79.854185976000053, 7.104626838000058 ], [ 79.854177116000074, 7.104642606000027 ], [ 79.854168272000038, 7.104658383000071 ], [ 79.854159440000046, 7.104674170000067 ], [ 79.854150614000048, 7.104689961000076 ], [ 79.854141791000075, 7.104705754000065 ], [ 79.85413296300004, 7.104721545000075 ], [ 79.85412412800008, 7.10473733200007 ], [ 79.854115283000056, 7.104753109000058 ], [ 79.854106420000051, 7.104768875000048 ], [ 79.854105498000081, 7.104770510000037 ], [ 79.854097244000059, 7.104784465000023 ], [ 79.854088028000035, 7.104800036000029 ], [ 79.854078875000084, 7.104815648000056 ], [ 79.854050989000029, 7.104862208000043 ], [ 79.854041653000081, 7.104877685000076 ], [ 79.854040649000069, 7.104879336000067 ], [ 79.85403148100005, 7.104892619000054 ], [ 79.854021150000051, 7.104907464000064 ], [ 79.854010775000063, 7.104922286000033 ], [ 79.85400037900007, 7.104937097000061 ], [ 79.853989981000041, 7.104951915000072 ], [ 79.853979609000078, 7.104966741000055 ], [ 79.853969281000047, 7.104981591000069 ], [ 79.853966127000035, 7.104986159000021 ], [ 79.853959327000041, 7.104996690000064 ], [ 79.853949526000065, 7.10501189200005 ], [ 79.853939733000061, 7.10502709900004 ], [ 79.853929869000069, 7.105042264000076 ], [ 79.853920088000052, 7.105057484000042 ], [ 79.853910231000043, 7.105072656000061 ], [ 79.853900468000063, 7.105087887000025 ], [ 79.853890790000037, 7.105103172000042 ], [ 79.85388112000004, 7.105118462000064 ], [ 79.853871379000054, 7.105133705000071 ], [ 79.853861645000052, 7.105148952000036 ], [ 79.853851902000031, 7.10516423200005 ], [ 79.85384252700004, 7.105179659000044 ], [ 79.853833141000052, 7.105195121000065 ], [ 79.853823762000047, 7.105210589000023 ], [ 79.853814392000061, 7.105226060000064 ], [ 79.853805025000042, 7.105241536000051 ], [ 79.853795664000074, 7.105257014000074 ], [ 79.853786306000075, 7.105272496000055 ], [ 79.853776952000032, 7.105287979000025 ], [ 79.853767598000047, 7.105303464000031 ], [ 79.85375824700003, 7.105318950000026 ], [ 79.853748895000081, 7.105334435000032 ], [ 79.853739542000085, 7.105349919000048 ], [ 79.853730188000043, 7.105365403000064 ], [ 79.853720831000032, 7.105380885000045 ], [ 79.853715309000052, 7.105390019000026 ], [ 79.853711485000076, 7.105396373000076 ], [ 79.853702148000082, 7.105411868000033 ], [ 79.853692808000062, 7.105427361000068 ], [ 79.853683470000078, 7.105442856000025 ], [ 79.853674140000066, 7.105458354000064 ], [ 79.853664824000077, 7.105473859000028 ], [ 79.853655528000047, 7.105489375000047 ], [ 79.85364874000004, 7.10550074300005 ], [ 79.853646380000043, 7.105504975000031 ], [ 79.853637573000071, 7.105520779000074 ], [ 79.853593881000052, 7.105599986000072 ], [ 79.853589788000079, 7.105607596000027 ], [ 79.853585949000035, 7.105616191000024 ], [ 79.853527918000054, 7.105748754000047 ], [ 79.853520718000084, 7.105765352000049 ], [ 79.853515126000048, 7.105778247000046 ], [ 79.853513619000069, 7.105781982000053 ], [ 79.853506878000076, 7.105798763000053 ], [ 79.853500161000056, 7.105815557000028 ], [ 79.853493465000042, 7.105832360000022 ], [ 79.853486779000036, 7.10584916800002 ], [ 79.853480096000055, 7.105865977000065 ], [ 79.853473410000049, 7.105882786000052 ], [ 79.853466712000056, 7.105899588000057 ], [ 79.853459993000058, 7.105916378000074 ], [ 79.853453248000051, 7.105933157000038 ], [ 79.853451442000051, 7.10593762000002 ], [ 79.853446094000049, 7.105949761000034 ], [ 79.853438770000082, 7.105966297000066 ], [ 79.853431421000039, 7.105982823000033 ], [ 79.853424057000041, 7.105999344000054 ], [ 79.853416680000066, 7.10601586000007 ], [ 79.853409305000071, 7.106032378000066 ], [ 79.853401937000058, 7.106048899000029 ], [ 79.853394583000068, 7.106065425000054 ], [ 79.853387252000061, 7.106081959000051 ], [ 79.853386167000053, 7.106084427000042 ], [ 79.853380290000075, 7.10609865400005 ], [ 79.853373441000031, 7.106115406000072 ], [ 79.853366615000084, 7.106132170000024 ], [ 79.853359774000069, 7.106148923000035 ], [ 79.853352888000074, 7.10616563800005 ], [ 79.853346043000045, 7.106181908000053 ], [ 79.853303253000036, 7.106262066000056 ], [ 79.853301616000067, 7.106265003000033 ], [ 79.85329321200004, 7.10627703800003 ], [ 79.853230437000036, 7.106365593000021 ], [ 79.853219854000031, 7.106380283000021 ], [ 79.853209334000042, 7.106395015000032 ], [ 79.853199114000063, 7.10640933600007 ], [ 79.853188076000038, 7.106424331000028 ], [ 79.85315564800004, 7.106467853000026 ], [ 79.853153384000052, 7.106470771000033 ], [ 79.853103006000083, 7.106516633000069 ], [ 79.853039426000066, 7.106548229000055 ], [ 79.853037593000067, 7.106548667000027 ], [ 79.85294867500005, 7.106565385000067 ], [ 79.852930819000051, 7.106568693000042 ], [ 79.852921288000061, 7.106570517000023 ], [ 79.852913090000072, 7.10657236000003 ], [ 79.852895440000054, 7.106576371000074 ], [ 79.852877791000083, 7.106580403000066 ], [ 79.852860145000079, 7.10658445100006 ], [ 79.852842502000044, 7.106588517000034 ], [ 79.85282486300008, 7.106592596000041 ], [ 79.852807228000074, 7.106596687000035 ], [ 79.852789599000062, 7.106600788000037 ], [ 79.852787982000052, 7.106601169000044 ], [ 79.852772070000071, 7.106605325000032 ], [ 79.852754558000072, 7.106609972000058 ], [ 79.852737049000041, 7.106614644000047 ], [ 79.852684532000069, 7.106628417000024 ], [ 79.852676944000052, 7.106630318000043 ], [ 79.852666836000083, 7.106631910000033 ], [ 79.852577251000071, 7.106645030000038 ], [ 79.852559325000072, 7.106647574000021 ], [ 79.852557607000051, 7.106647813000052 ], [ 79.85254132700004, 7.106649460000028 ], [ 79.852523303000055, 7.106651208000073 ], [ 79.852505271000041, 7.10665292300007 ], [ 79.852487243000041, 7.106654646000038 ], [ 79.852469228000075, 7.106656420000036 ], [ 79.852451301000031, 7.106658278000054 ], [ 79.852433366000071, 7.106661126000063 ], [ 79.852415497000038, 7.106663979000075 ], [ 79.852397612000061, 7.106666764000067 ], [ 79.852379726000038, 7.106669554000064 ], [ 79.852361854000037, 7.106672447000051 ], [ 79.852343997000048, 7.106675452000047 ], [ 79.852326127000083, 7.10667836500005 ], [ 79.852308272000073, 7.10668137600004 ], [ 79.85229040400003, 7.10668430000004 ], [ 79.852272534000065, 7.106687227000066 ], [ 79.852254666000078, 7.106690154000034 ], [ 79.852236800000071, 7.106693077000045 ], [ 79.852228387000082, 7.106694454000035 ], [ 79.852218952000044, 7.106696097000054 ], [ 79.85220111700005, 7.10669920600003 ], [ 79.852183282000055, 7.106702319000021 ], [ 79.852165447000061, 7.106705435000038 ], [ 79.852147614000046, 7.106708557000047 ], [ 79.852129783000066, 7.106711688000075 ], [ 79.852111954000065, 7.106714826000029 ], [ 79.852094126000054, 7.106717976000027 ], [ 79.852076302000057, 7.106721135000043 ], [ 79.852058483000064, 7.106724308000025 ], [ 79.852056431000051, 7.106724675000066 ], [ 79.852040744000078, 7.106727904000024 ], [ 79.852023014000054, 7.106731571000068 ], [ 79.852005269000074, 7.106735169000046 ], [ 79.851987543000064, 7.106738869000026 ], [ 79.851969845000042, 7.106742686000075 ], [ 79.851952135000033, 7.106746439000062 ], [ 79.851934438000058, 7.106750218000059 ], [ 79.851932006000084, 7.106750743000021 ], [ 79.851916909000067, 7.106754690000059 ], [ 79.851899388000049, 7.106759245000035 ], [ 79.851881862000084, 7.106763805000071 ], [ 79.851864394000074, 7.10676858000005 ], [ 79.851846932000058, 7.106773362000069 ], [ 79.851829469000052, 7.106778108000071 ], [ 79.851828125000054, 7.106778475000056 ], [ 79.851812216000042, 7.106783564000068 ], [ 79.851743330000033, 7.106805949000034 ], [ 79.851726214000053, 7.106811641000036 ], [ 79.851709454000058, 7.106818545000067 ], [ 79.851642684000069, 7.106846623000024 ], [ 79.851630649000072, 7.106851778000021 ], [ 79.851626167000063, 7.10685397900005 ], [ 79.851609945000064, 7.106861986000069 ], [ 79.851593696000066, 7.106869955000036 ], [ 79.851577491000057, 7.106878015000063 ], [ 79.851561290000063, 7.10688609500005 ], [ 79.851545134000048, 7.106894269000065 ], [ 79.85152894600003, 7.106902374000072 ], [ 79.851512760000048, 7.106910483000036 ], [ 79.851497995000045, 7.106917879000036 ], [ 79.851496591000057, 7.106918617000076 ], [ 79.851480526000046, 7.106927017000032 ], [ 79.851410897000051, 7.10696405300007 ], [ 79.851316969000038, 7.107038981000073 ], [ 79.851302632000056, 7.107050540000046 ], [ 79.851289085000076, 7.107062069000051 ], [ 79.85127533800005, 7.107073842000034 ], [ 79.851261602000079, 7.107085629000039 ], [ 79.851247855000054, 7.107097403000068 ], [ 79.85123408000004, 7.107109125000022 ], [ 79.851228936000041, 7.107113454000057 ], [ 79.851219889000049, 7.107120327000075 ], [ 79.851205404000041, 7.10713118700005 ], [ 79.851190885000051, 7.107142012000054 ], [ 79.851176380000084, 7.107152850000034 ], [ 79.851161946000047, 7.107163745000037 ], [ 79.851156699000057, 7.107167761000028 ], [ 79.851148160000037, 7.10717541300005 ], [ 79.851094793000073, 7.107224341000062 ], [ 79.851093674000083, 7.107225412000048 ], [ 79.851043787000037, 7.107291935000035 ], [ 79.851041034000048, 7.107296937000058 ], [ 79.851010027000029, 7.107357317000037 ], [ 79.851008859000046, 7.107361592000075 ], [ 79.850993779000078, 7.107432878000054 ], [ 79.850997613000061, 7.107558884000071 ], [ 79.85099831000008, 7.107576996000034 ], [ 79.850998958000048, 7.10759555900006 ], [ 79.850999992000084, 7.107613167000068 ], [ 79.851003473000048, 7.107674085000042 ], [ 79.850988309000059, 7.107792908000022 ], [ 79.850987518000068, 7.107798729000024 ], [ 79.850985337000054, 7.107810733000065 ], [ 79.850982025000064, 7.10782851700003 ], [ 79.850978662000045, 7.107846300000062 ], [ 79.850975285000061, 7.107864081000059 ], [ 79.850971933000039, 7.107881859000031 ], [ 79.850968641000065, 7.107899634000034 ], [ 79.850965755000061, 7.107915691000073 ], [ 79.850965589000054, 7.107917420000035 ], [ 79.850964041000054, 7.107935414000053 ], [ 79.850962628000048, 7.107953456000075 ], [ 79.850961257000051, 7.107971511000073 ], [ 79.850959833000047, 7.10798955000007 ], [ 79.850958589000072, 7.108003833000055 ], [ 79.850957994000055, 7.108007508000071 ], [ 79.850942595000049, 7.108095209000055 ], [ 79.850942158000066, 7.108096510000053 ], [ 79.850926767000033, 7.108136806000061 ], [ 79.850841423000077, 7.108244938000041 ], [ 79.850833183000077, 7.108255132000068 ], [ 79.850829806000036, 7.108258775000024 ], [ 79.850743024000053, 7.108351012000071 ], [ 79.850730577000036, 7.10836415600005 ], [ 79.850718134000033, 7.108377301000075 ], [ 79.850707096000065, 7.108388976000072 ], [ 79.85070567300005, 7.108390421000024 ], [ 79.85069283100006, 7.108403288000034 ], [ 79.850679201000048, 7.108416362000071 ], [ 79.850664448000032, 7.108431980000034 ], [ 79.850660023000046, 7.108436443000073 ], [ 79.850657976000036, 7.108441467000034 ], [ 79.850657116000036, 7.108443343000033 ], [ 79.850650485000074, 7.108459742000036 ], [ 79.850581036000051, 7.108518463000053 ], [ 79.850576840000031, 7.10852189700006 ], [ 79.850505177000059, 7.108567706000031 ], [ 79.850489855000035, 7.108577338000032 ], [ 79.850487843000053, 7.108578602000023 ], [ 79.850434997000036, 7.108606566000049 ], [ 79.85043163000006, 7.108608246000074 ], [ 79.850407353000037, 7.108611730000064 ], [ 79.850402236000036, 7.108612349000055 ], [ 79.850389282000037, 7.108612873000027 ], [ 79.850371181000071, 7.108613991000027 ], [ 79.850353072000075, 7.10861490700006 ], [ 79.850343573000032, 7.108614938000073 ], [ 79.850334973000031, 7.108615378000025 ], [ 79.850316901000042, 7.108615395000072 ], [ 79.85031560200008, 7.108615419000046 ], [ 79.85022685000007, 7.108606264000059 ], [ 79.850220582000077, 7.108605529000044 ], [ 79.850209054000061, 7.108603173000063 ], [ 79.850191325000083, 7.108599299000048 ], [ 79.850155405000066, 7.108591687000057 ], [ 79.850065516000029, 7.108587711000041 ], [ 79.85005478100004, 7.108587345000046 ], [ 79.850047438000047, 7.108587615000033 ], [ 79.850029314000039, 7.108588506000046 ], [ 79.850011191000078, 7.108589477000066 ], [ 79.849993157000085, 7.108590194000044 ], [ 79.849990417000072, 7.10859025600007 ], [ 79.849933422000049, 7.108581336000043 ], [ 79.849930368000059, 7.108580145000076 ], [ 79.849905625000076, 7.108570069000052 ], [ 79.849888854000085, 7.108563053000069 ], [ 79.849876595000069, 7.108558158000051 ], [ 79.84987188000008, 7.108556968000073 ], [ 79.849818804000051, 7.108544940000058 ], [ 79.84981698100006, 7.108544645000052 ], [ 79.849712387000068, 7.108565509000073 ], [ 79.849703877000081, 7.108567278000066 ], [ 79.849694789000068, 7.108569720000048 ], [ 79.849659883000072, 7.108579370000029 ], [ 79.849523767000051, 7.108643955000048 ], [ 79.849454681000054, 7.108699322000064 ], [ 79.849427766000076, 7.108745201000033 ], [ 79.84942004800007, 7.108771981000075 ], [ 79.849419999000077, 7.108796860000041 ], [ 79.849425686000075, 7.108827494000025 ], [ 79.849477013000069, 7.108913550000068 ], [ 79.849487168000053, 7.108928522000042 ], [ 79.849497318000033, 7.108943498000031 ], [ 79.849507464000055, 7.108958474000076 ], [ 79.849517611000067, 7.108973455000068 ], [ 79.849527758000079, 7.108988435000072 ], [ 79.849537905000034, 7.109003413000039 ], [ 79.84954805700005, 7.109018387000049 ], [ 79.849558212000034, 7.109033359000023 ], [ 79.849565971000061, 7.109044780000033 ], [ 79.849568399000077, 7.109048310000048 ], [ 79.849578719000078, 7.109063187000061 ], [ 79.849589045000073, 7.109078060000058 ], [ 79.849599276000049, 7.109092962000034 ], [ 79.849602881000067, 7.10909829600007 ], [ 79.849626025000077, 7.10914291000006 ], [ 79.849626680000085, 7.109144382000068 ], [ 79.849625151000055, 7.10917906800006 ], [ 79.849624973000061, 7.109180572000071 ], [ 79.84960738400008, 7.10920720200005 ], [ 79.849604475000035, 7.109211419000076 ], [ 79.849596273000031, 7.109221504000061 ], [ 79.849561764000043, 7.109263457000054 ], [ 79.849556453000048, 7.10926971300006 ], [ 79.849520920000032, 7.109299133000036 ], [ 79.849519005000047, 7.109300540000049 ], [ 79.849480759000073, 7.109309921000033 ], [ 79.849479004000045, 7.109310234000077 ], [ 79.849434881000036, 7.109292941000035 ], [ 79.849155798000083, 7.109276087000069 ], [ 79.849025573000063, 7.109268310000061 ], [ 79.849001368000074, 7.109313660000055 ], [ 79.848973434000072, 7.109355005000054 ], [ 79.848942519000047, 7.109391549000065 ], [ 79.848904997000034, 7.109427491000076 ], [ 79.84886169300006, 7.109463318000053 ], [ 79.848823922000065, 7.109487861000048 ], [ 79.848806680000052, 7.109496183000033 ], [ 79.848790545000043, 7.109501852000051 ], [ 79.848775487000069, 7.109504877000063 ], [ 79.848761571000068, 7.109505245000037 ], [ 79.848745826000084, 7.109502487000043 ], [ 79.848729288000072, 7.10949636600003 ], [ 79.84871183100006, 7.109486840000045 ], [ 79.848693196000056, 7.109473765000075 ], [ 79.848657437000043, 7.109442419000061 ], [ 79.848581548000084, 7.109366342000044 ], [ 79.848563374000037, 7.109345915000063 ], [ 79.848544681000078, 7.109321273000035 ], [ 79.848489174000065, 7.109236424000073 ], [ 79.848468905000061, 7.109207725000033 ], [ 79.84844791900008, 7.109182444000055 ], [ 79.84842701000008, 7.109162278000042 ], [ 79.848392151000041, 7.109137016000034 ], [ 79.848351964000074, 7.109114483000042 ], [ 79.848307094000063, 7.109095053000033 ], [ 79.848257712000077, 7.109078779000072 ], [ 79.848216785000034, 7.109068463000028 ], [ 79.84817361100005, 7.109060147000037 ], [ 79.848128468000084, 7.109053886000027 ], [ 79.848081759000081, 7.109049737000021 ], [ 79.848033496000085, 7.109047736000036 ], [ 79.847984852000081, 7.109047963000023 ], [ 79.847938031000069, 7.109050339000021 ], [ 79.847891830000037, 7.109054995000065 ], [ 79.847845103000054, 7.109062033000043 ], [ 79.847798999000076, 7.10907129800006 ], [ 79.847754250000037, 7.109082647000037 ], [ 79.847711405000041, 7.109095937000063 ], [ 79.847671055000035, 7.109110974000032 ], [ 79.847633408000036, 7.109127668000042 ], [ 79.847598744000038, 7.109145892000072 ], [ 79.847567264000077, 7.109165543000074 ], [ 79.847528046000036, 7.109196083000029 ], [ 79.847491993000062, 7.10923308200006 ], [ 79.847457653000049, 7.109277988000031 ], [ 79.847424884000077, 7.109331087000044 ], [ 79.847394214000076, 7.10939096900006 ], [ 79.847363306000034, 7.109461653000039 ], [ 79.84730651700005, 7.109611376000032 ], [ 79.847290127000065, 7.109660793000046 ], [ 79.847274120000066, 7.109721118000039 ], [ 79.847259774000065, 7.109789696000064 ], [ 79.84722458400006, 7.11001 ], [ 79.847211127000037, 7.110083952000025 ], [ 79.847036549000052, 7.110912366000036 ], [ 79.847029385000042, 7.110958891000053 ], [ 79.847023427000067, 7.111011955000038 ], [ 79.847004151000078, 7.111251108000033 ], [ 79.846996078000075, 7.111310146000051 ], [ 79.846985912000036, 7.111361810000062 ], [ 79.846976005000045, 7.111399203000076 ], [ 79.846964392000075, 7.111433589000058 ], [ 79.846950958000036, 7.111465297000052 ], [ 79.846935620000068, 7.111494522000044 ], [ 79.846908539000083, 7.111534446000064 ], [ 79.846866939000051, 7.11158586800002 ], [ 79.846832608000057, 7.11162524100007 ], [ 79.846798602000035, 7.111660217000065 ], [ 79.846766735000074, 7.111688473000072 ], [ 79.846736637000049, 7.111710333000076 ], [ 79.846708210000031, 7.111725863000061 ], [ 79.846682242000043, 7.111734895000041 ], [ 79.846657751000066, 7.111738047000074 ], [ 79.846633100000076, 7.111735343000021 ], [ 79.846606061000045, 7.11172678500003 ], [ 79.846567658000083, 7.111707225000032 ], [ 79.846523328000046, 7.111677161000046 ], [ 79.846430450000071, 7.111602450000021 ], [ 79.84640237800005, 7.111575185000049 ], [ 79.846377256000039, 7.111544244000072 ], [ 79.846351871000081, 7.111506492000046 ], [ 79.846273383000039, 7.111366692000047 ], [ 79.846241557000042, 7.11131645100005 ], [ 79.846223168000051, 7.111292310000067 ], [ 79.84620467600007, 7.111271857000077 ], [ 79.846185720000051, 7.111254698000039 ], [ 79.846166096000047, 7.111240652000049 ], [ 79.846122268000045, 7.111217971000031 ], [ 79.846070466000072, 7.111198174000037 ], [ 79.846013142000061, 7.111182209000049 ], [ 79.845952521000072, 7.111170677000075 ], [ 79.845891332000065, 7.111164071000076 ], [ 79.845831702000055, 7.111162590000049 ], [ 79.845775734000085, 7.111166283000045 ], [ 79.845724977000032, 7.111175044000049 ], [ 79.84567972900004, 7.11118902100003 ], [ 79.845659891000082, 7.111197835000041 ], [ 79.845642034000036, 7.111207812000032 ], [ 79.845629059000032, 7.111217198000077 ], [ 79.845616834000054, 7.111228536000056 ], [ 79.845594392000066, 7.111257317000025 ], [ 79.845576676000064, 7.11128941100003 ], [ 79.845559758000036, 7.111329633000025 ], [ 79.845511302000034, 7.111479542000041 ], [ 79.845490477000055, 7.111534727000048 ], [ 79.845478416000049, 7.111560601000065 ], [ 79.84546580600005, 7.111583342000074 ], [ 79.845452439000042, 7.111603315000025 ], [ 79.845438202000082, 7.111620689000063 ], [ 79.84542229200008, 7.111636292000071 ], [ 79.845403863000058, 7.111651038000048 ], [ 79.845382999000037, 7.111664857000051 ], [ 79.845359332000044, 7.111678006000034 ], [ 79.845306383000036, 7.111701567000068 ], [ 79.845193116000075, 7.111742882000044 ], [ 79.845146578000083, 7.111762008000028 ], [ 79.845101225000064, 7.111785687000065 ], [ 79.845065091000038, 7.11181158100004 ], [ 79.845044805000043, 7.111831150000057 ], [ 79.845018564000043, 7.111861659000056 ], [ 79.844994793000069, 7.111893455000029 ], [ 79.844972074000054, 7.111927993000052 ], [ 79.844950981000068, 7.111964328000056 ], [ 79.844931552000048, 7.112002299000039 ], [ 79.844914129000074, 7.112041242000032 ], [ 79.844899068000075, 7.112080362000029 ], [ 79.84488955300003, 7.112109686000053 ], [ 79.844882722000079, 7.112137890000042 ], [ 79.844877865000058, 7.112167804000023 ], [ 79.844875119000051, 7.112198989000035 ], [ 79.844874477000076, 7.112231656000063 ], [ 79.844875942000044, 7.112265898000032 ], [ 79.844879525000067, 7.112301929000068 ], [ 79.844885261000059, 7.112340109000058 ], [ 79.844895509000082, 7.112391344000059 ], [ 79.844909625000071, 7.112448777000054 ], [ 79.844967378000035, 7.112649075000036 ], [ 79.844987493000076, 7.112726548000069 ], [ 79.845052629000065, 7.113049403000048 ], [ 79.845082319000085, 7.113184086000047 ], [ 79.84511334900003, 7.11331619300006 ], [ 79.845149602000049, 7.113460761000056 ], [ 79.845187570000064, 7.11360230400004 ], [ 79.845226990000072, 7.113739930000065 ], [ 79.845269850000079, 7.113880656000049 ], [ 79.845336846000066, 7.114086627000063 ], [ 79.845411866000063, 7.114302369000029 ], [ 79.84542632800003, 7.114338018000069 ], [ 79.845462441000052, 7.114416929000072 ], [ 79.845475610000051, 7.114450539000075 ], [ 79.845485249000035, 7.114484830000038 ], [ 79.845489216000033, 7.114515895000068 ], [ 79.845489052000062, 7.114541738000071 ], [ 79.845486188000052, 7.114568743000063 ], [ 79.845480627000029, 7.114596845000051 ], [ 79.845472389000065, 7.114625957000044 ], [ 79.845461482000076, 7.114656024000055 ], [ 79.845447969000077, 7.114686857000038 ], [ 79.84543192700005, 7.114718281000023 ], [ 79.845413481000037, 7.11475004700003 ], [ 79.845371434000072, 7.114811614000075 ], [ 79.84534455000005, 7.114845493000075 ], [ 79.845329463000041, 7.114861738000059 ], [ 79.845292877000077, 7.114892361000045 ], [ 79.845216609000033, 7.114944541000057 ], [ 79.84518715400003, 7.114966804000062 ], [ 79.845160800000031, 7.114991355000029 ], [ 79.845136939000042, 7.115020595000033 ], [ 79.845118085000081, 7.115047661000062 ], [ 79.845099968000056, 7.115077177000046 ], [ 79.845066125000073, 7.115143256000067 ], [ 79.845048528000063, 7.115184538000051 ], [ 79.84503221600005, 7.115228261000027 ], [ 79.845024265000063, 7.115254329000038 ], [ 79.845018159000062, 7.115281419000041 ], [ 79.845012808000035, 7.115319793000026 ], [ 79.845010737000052, 7.115360538000061 ], [ 79.845011922000083, 7.115404094000041 ], [ 79.845016384000076, 7.115451337000025 ], [ 79.845030881000071, 7.115539310000031 ], [ 79.845075529000042, 7.115751373000023 ], [ 79.845084282000073, 7.115806880000036 ], [ 79.84508943600008, 7.115856712000038 ], [ 79.845091192000041, 7.115903662000051 ], [ 79.845089444000052, 7.11595079500006 ], [ 79.845084500000041, 7.116004410000073 ], [ 79.845066172000031, 7.116157992000069 ], [ 79.845063098000082, 7.116205987000058 ], [ 79.845062927000072, 7.11624910200004 ], [ 79.845067246000042, 7.116325759000063 ], [ 79.84507639800006, 7.116400203000069 ], [ 79.845090345000074, 7.116471912000065 ], [ 79.845108965000065, 7.116540558000054 ], [ 79.845133394000072, 7.116609267000058 ], [ 79.84516289100003, 7.11667499400005 ], [ 79.845197643000063, 7.116738146000046 ], [ 79.84523727100003, 7.116798026000026 ], [ 79.845259592000048, 7.116827064000063 ], [ 79.845318328000076, 7.116895882000051 ], [ 79.845407627000043, 7.117019717000062 ], [ 79.845440822000057, 7.117062191000059 ], [ 79.845473410000068, 7.117099701000029 ], [ 79.845503370000074, 7.11712934600007 ], [ 79.845539075000033, 7.11715898500006 ], [ 79.845575273000065, 7.11718565700005 ], [ 79.845617637000032, 7.117213013000026 ], [ 79.845645767000065, 7.117234628000062 ], [ 79.845673344000033, 7.117260572000021 ], [ 79.84569988800007, 7.117290598000068 ], [ 79.84572948400006, 7.117334223000057 ], [ 79.845758040000078, 7.117382655000029 ], [ 79.845825278000063, 7.117505919000052 ], [ 79.845869856000036, 7.117594465000025 ], [ 79.845905585000082, 7.117673595000042 ], [ 79.845941065000034, 7.11776324300007 ], [ 79.845974243000057, 7.117858411000043 ], [ 79.846007026000052, 7.117964671000038 ], [ 79.846033079000051, 7.118058376000022 ], [ 79.846072627000069, 7.11821326200004 ], [ 79.846142042000054, 7.118509222000057 ], [ 79.846168376000037, 7.118615679000072 ], [ 79.846207238000034, 7.118760180000038 ], [ 79.846244849000072, 7.11888274000006 ], [ 79.846285238000064, 7.118996003000063 ], [ 79.846327508000059, 7.119097017000058 ], [ 79.846373181000047, 7.11918969200002 ], [ 79.846397523000064, 7.119233305000023 ], [ 79.846423396000034, 7.11927587100007 ], [ 79.846454349000055, 7.119322276000048 ], [ 79.846487104000062, 7.119366688000071 ], [ 79.846521382000049, 7.119408666000027 ], [ 79.846557553000082, 7.119448617000046 ], [ 79.846596521000038, 7.119487358000072 ], [ 79.846626755000045, 7.119514391000052 ], [ 79.846662357000071, 7.119541199000025 ], [ 79.846698597000056, 7.119564355000023 ], [ 79.846738748000064, 7.119586948000062 ], [ 79.846803917000045, 7.119620172000054 ], [ 79.846947751000073, 7.119688586000052 ], [ 79.846984442000064, 7.119702347000043 ], [ 79.847027381000032, 7.119716021000045 ], [ 79.847206659000051, 7.119764005000036 ], [ 79.847279398000069, 7.119786932000068 ], [ 79.847315846000072, 7.119801407000068 ], [ 79.847346977000029, 7.119816615000047 ], [ 79.847373422000032, 7.119832862000067 ], [ 79.847395461000076, 7.119850328000041 ], [ 79.847417578000034, 7.119874750000065 ], [ 79.847432984000079, 7.119901664000054 ], [ 79.847443349000059, 7.119935332000068 ], [ 79.847449372000085, 7.11997614400002 ], [ 79.847450728000069, 7.120025878000035 ], [ 79.847446791000039, 7.120079735000047 ], [ 79.847437767000031, 7.120134758000063 ], [ 79.847424257000057, 7.120187248000036 ], [ 79.847412811000083, 7.120220056000051 ], [ 79.847400535000077, 7.12024763900007 ], [ 79.847385905000067, 7.120272499000066 ], [ 79.84736786600007, 7.120296823000047 ], [ 79.84734547000005, 7.120321613000044 ], [ 79.847319092000077, 7.120346211000026 ], [ 79.847288432000084, 7.120370908000041 ], [ 79.847252734000051, 7.120396312000025 ], [ 79.847199007000029, 7.120430533000047 ], [ 79.847083982000072, 7.120498413000064 ], [ 79.847012599000038, 7.120543349000059 ], [ 79.846978126000067, 7.120563209000068 ], [ 79.846900676000075, 7.120601240000042 ], [ 79.846734887000082, 7.120671646000062 ], [ 79.846665759000075, 7.120703841000022 ], [ 79.846629457000063, 7.12072312600003 ], [ 79.846596817000034, 7.120742619000055 ], [ 79.846567182000058, 7.120762712000044 ], [ 79.846540237000056, 7.120783624000069 ], [ 79.846518873000036, 7.120802581000021 ], [ 79.846499830000084, 7.120822173000022 ], [ 79.846480707000069, 7.120844827000042 ], [ 79.846461586000032, 7.120870550000063 ], [ 79.846428231000061, 7.120922238000048 ], [ 79.846349610000061, 7.121056384000042 ], [ 79.846325700000079, 7.121092105000059 ], [ 79.84630248700006, 7.121122337000031 ], [ 79.846277683000039, 7.121149679000041 ], [ 79.846251954000081, 7.121172977000072 ], [ 79.846210165000059, 7.12120518200004 ], [ 79.846164939000062, 7.121235746000025 ], [ 79.84610097500007, 7.121272932000068 ], [ 79.846033258000034, 7.12130591600004 ], [ 79.845962492000069, 7.121334242000046 ], [ 79.845894673000032, 7.121355546000075 ], [ 79.845856433000051, 7.121362735000048 ], [ 79.845812448000061, 7.121367009000039 ], [ 79.845669195000085, 7.121369650000076 ], [ 79.845621214000062, 7.121372302000054 ], [ 79.845578265000086, 7.121378110000023 ], [ 79.845541009000044, 7.121387394000067 ], [ 79.845496923000042, 7.121404591000044 ], [ 79.845453366000072, 7.121427376000042 ], [ 79.84541028700005, 7.121455776000062 ], [ 79.845367323000062, 7.121490024000025 ], [ 79.845335459000069, 7.121519227000022 ], [ 79.845303153000032, 7.121552043000065 ], [ 79.845270068000048, 7.121588812000027 ], [ 79.845235521000063, 7.121630291000031 ], [ 79.845177643000056, 7.121705430000077 ], [ 79.845053255000039, 7.121875444000068 ], [ 79.844965826000077, 7.121988659000067 ], [ 79.844927983000048, 7.12204285100006 ], [ 79.84488787600003, 7.122104707000062 ], [ 79.844754799000043, 7.122325173000036 ], [ 79.844700826000064, 7.122410325000033 ], [ 79.844641916000057, 7.122494173000064 ], [ 79.844584187000066, 7.12256549500006 ], [ 79.844557379000037, 7.122594234000076 ], [ 79.844527519000053, 7.122622881000041 ], [ 79.844494298000029, 7.122651736000023 ], [ 79.844457071000079, 7.122681364000073 ], [ 79.844385375000059, 7.122733304000064 ], [ 79.844214213000043, 7.122849682000037 ], [ 79.844135992000076, 7.122908554000048 ], [ 79.844101814000055, 7.122937587000024 ], [ 79.844071323000037, 7.122966211000062 ], [ 79.844044072000031, 7.122994847000029 ], [ 79.844019833000061, 7.123023740000065 ], [ 79.84400011300005, 7.123050621000061 ], [ 79.843982693000044, 7.123078006000071 ], [ 79.843968014000041, 7.123105033000058 ], [ 79.843956010000056, 7.123132137000027 ], [ 79.843937722000078, 7.123186270000076 ], [ 79.843900953000059, 7.123320964000072 ], [ 79.843888794000065, 7.123355508000031 ], [ 79.843875670000045, 7.123385320000068 ], [ 79.843856763000076, 7.123418642000047 ], [ 79.843831525000041, 7.123455604000071 ], [ 79.843803047000051, 7.123491608000052 ], [ 79.843770600000084, 7.12352776900002 ], [ 79.843720899000061, 7.12357653600003 ], [ 79.843662772000073, 7.123626991000037 ], [ 79.843578686000058, 7.123692592000054 ], [ 79.843527055000038, 7.123728336000056 ], [ 79.843484874000069, 7.123752735000039 ], [ 79.843436205000046, 7.123777317000076 ], [ 79.843260481000073, 7.123854748000042 ], [ 79.843192579000061, 7.123887618000026 ], [ 79.843139239000038, 7.123918057000026 ], [ 79.843033130000038, 7.123987283000076 ], [ 79.842958861000056, 7.12404073600004 ], [ 79.842896195000037, 7.124091832000033 ], [ 79.842849464000039, 7.124136704000023 ], [ 79.842804035000086, 7.124188338000067 ], [ 79.842761284000062, 7.12424453400007 ], [ 79.842717056000083, 7.124310136000076 ], [ 79.842675738000082, 7.124377037000045 ], [ 79.842571545000055, 7.124552881000056 ], [ 79.842510150000066, 7.124647074000052 ], [ 79.842478044000075, 7.124690853000061 ], [ 79.842444641000043, 7.12473195900003 ], [ 79.842306120000046, 7.124885389000042 ], [ 79.842251980000071, 7.124950887000068 ], [ 79.842225514000063, 7.124987676000046 ], [ 79.842203225000048, 7.125023222000038 ], [ 79.842185043000029, 7.125057466000044 ], [ 79.842168718000039, 7.125094714000056 ], [ 79.842155835000085, 7.125130210000066 ], [ 79.842144341000051, 7.125168323000025 ], [ 79.842134107000049, 7.12520947400003 ], [ 79.842124914000067, 7.125254548000044 ], [ 79.842112171000053, 7.125334360000068 ], [ 79.842088955000065, 7.125511424000024 ], [ 79.842071727000075, 7.125619838000034 ], [ 79.842066464000084, 7.125669720000076 ], [ 79.84206269200007, 7.125726229000065 ], [ 79.84205366100008, 7.125973273000056 ], [ 79.842048680000062, 7.126031848000025 ], [ 79.842041681000069, 7.126083771000026 ], [ 79.842030398000077, 7.126139386000034 ], [ 79.842015629000059, 7.126189657000054 ], [ 79.841997121000077, 7.126235440000073 ], [ 79.841974693000054, 7.126277167000069 ], [ 79.841913112000043, 7.12637 ], [ 79.841886071000033, 7.126405702000056 ], [ 79.841859886000066, 7.126436514000034 ], [ 79.841833636000047, 7.126463401000024 ], [ 79.841807674000052, 7.126485879000029 ], [ 79.84178187100008, 7.126504057000034 ], [ 79.841756163000071, 7.126517980000074 ], [ 79.84173961700003, 7.126524471000039 ], [ 79.841721739000036, 7.126528863000033 ], [ 79.841701904000047, 7.126531320000026 ], [ 79.84167982200006, 7.126531862000036 ], [ 79.841636439000069, 7.126528578000034 ], [ 79.841523854000059, 7.126513051000074 ], [ 79.841492982000034, 7.12651154200006 ], [ 79.841466293000053, 7.126512940000055 ], [ 79.841439668000078, 7.126518129000033 ], [ 79.84141044100005, 7.126528986000039 ], [ 79.841380320000042, 7.126544473000024 ], [ 79.841349935000039, 7.126564416000065 ], [ 79.841323423000063, 7.126585221000028 ], [ 79.841296045000036, 7.126609793000057 ], [ 79.841267268000081, 7.126638585000023 ], [ 79.841235407000056, 7.126673283000059 ], [ 79.841154080000081, 7.126767378000068 ], [ 79.84108513700005, 7.126843647000044 ], [ 79.841038199000081, 7.126898012000026 ], [ 79.840982978000056, 7.126966368000069 ], [ 79.840932968000061, 7.127033643000061 ], [ 79.840886929000078, 7.127101732000028 ], [ 79.840846099000032, 7.127169059000039 ], [ 79.840808044000084, 7.127240053000037 ], [ 79.84077237200006, 7.127314904000059 ], [ 79.840739658000075, 7.127392723000071 ], [ 79.840710911000031, 7.127471381000021 ], [ 79.840686425000058, 7.127550060000033 ], [ 79.840666429000066, 7.127628033000065 ], [ 79.840659978000076, 7.127662414000042 ], [ 79.840655842000047, 7.127699008000036 ], [ 79.840653984000085, 7.127738176000037 ], [ 79.840654362000066, 7.127780630000075 ], [ 79.840660024000044, 7.127862236000055 ], [ 79.840682405000052, 7.128067558000055 ], [ 79.840685373000042, 7.12812445000003 ], [ 79.840684852000038, 7.12817457500006 ], [ 79.840679616000045, 7.128228496000077 ], [ 79.840669216000038, 7.128277240000045 ], [ 79.84065380800007, 7.128320902000041 ], [ 79.840631397000038, 7.128365092000024 ], [ 79.84060667600005, 7.128403444000071 ], [ 79.840575871000055, 7.128443933000028 ], [ 79.840535744000078, 7.12849052100006 ], [ 79.840443299000071, 7.128590013000064 ], [ 79.840403923000054, 7.128634632000058 ], [ 79.840366178000068, 7.128682531000038 ], [ 79.840334150000047, 7.128730579000035 ], [ 79.840283004000071, 7.128817776000062 ], [ 79.840169508000031, 7.129026583000041 ], [ 79.840000695000072, 7.129314546000046 ], [ 79.839901283000074, 7.129476812000064 ], [ 79.83976752600006, 7.129676822000022 ], [ 79.839712298000052, 7.12976622900004 ], [ 79.839690782000048, 7.129805217000069 ], [ 79.839673862000041, 7.129840003000027 ], [ 79.839621058000034, 7.12996597800003 ], [ 79.839600379000046, 7.13001114900004 ], [ 79.839577096000085, 7.130053763000035 ], [ 79.839552240000046, 7.130090120000034 ], [ 79.839526290000038, 7.13012105100006 ], [ 79.839496496000038, 7.130150921000052 ], [ 79.839462576000074, 7.130180014000075 ], [ 79.83942395400004, 7.130208827000047 ], [ 79.839385586000049, 7.130234352000059 ], [ 79.839341354000055, 7.130261226000073 ], [ 79.839170352000053, 7.130356272000029 ], [ 79.839100858000052, 7.130397789000028 ], [ 79.839064962000066, 7.130421610000042 ], [ 79.839032727000074, 7.130445137000038 ], [ 79.839003538000043, 7.130468819000043 ], [ 79.838977100000079, 7.130492897000067 ], [ 79.838902620000056, 7.130567060000033 ], [ 79.838848251000059, 7.130624757000021 ], [ 79.838802052000062, 7.130678662000037 ], [ 79.838763165000046, 7.130729994000035 ], [ 79.838728444000083, 7.130783330000042 ], [ 79.838695701000063, 7.130842102000031 ], [ 79.838664651000045, 7.130906807000031 ], [ 79.838634737000064, 7.130978599000059 ], [ 79.838606556000059, 7.131055337000021 ], [ 79.838576630000034, 7.131145842000024 ], [ 79.838554342000066, 7.131219560000034 ], [ 79.838534865000042, 7.131293477000042 ], [ 79.83851762200004, 7.131369863000032 ], [ 79.838502964000043, 7.131447417000061 ], [ 79.838490972000045, 7.13152567800006 ], [ 79.838481657000045, 7.131604577000076 ], [ 79.838474604000055, 7.131688047000068 ], [ 79.838470529000062, 7.131769787000053 ], [ 79.838469444000054, 7.131849536000061 ], [ 79.838471353000045, 7.131927092000069 ], [ 79.838476127000035, 7.132000848000075 ], [ 79.83848376900005, 7.132072230000063 ], [ 79.838494769000079, 7.132145214000047 ], [ 79.838509044000034, 7.132219149000036 ], [ 79.838522560000058, 7.132277868000074 ], [ 79.838538028000073, 7.132336775000056 ], [ 79.838555394000082, 7.13239567200003 ], [ 79.838574596000058, 7.132454344000053 ], [ 79.838597019000076, 7.132516431000056 ], [ 79.838621346000082, 7.132577722000065 ], [ 79.838642371000049, 7.132626233000053 ], [ 79.838663163000035, 7.132667687000037 ], [ 79.838701466000032, 7.132732498000053 ], [ 79.838749410000048, 7.132802078000054 ], [ 79.838799552000069, 7.132867858000054 ], [ 79.838929247000067, 7.133030489000021 ], [ 79.838994214000081, 7.133120093000059 ], [ 79.839023108000049, 7.133165294000037 ], [ 79.839047984000047, 7.13320892400003 ], [ 79.839099676000046, 7.133317571000021 ], [ 79.839133133000075, 7.133395464000046 ], [ 79.839161929000056, 7.133469280000043 ], [ 79.839186500000039, 7.133540141000026 ], [ 79.839207036000062, 7.133608602000038 ], [ 79.83922416300004, 7.13367708800007 ], [ 79.839237708000041, 7.13374336000004 ], [ 79.839248876000056, 7.13381411000006 ], [ 79.839258098000073, 7.133892841000034 ], [ 79.839267979000056, 7.134030770000038 ], [ 79.839274224000064, 7.13423485900006 ], [ 79.839273838000054, 7.134359656000072 ], [ 79.839267902000074, 7.13443922600004 ], [ 79.839255392000041, 7.13452571800002 ], [ 79.839236185000061, 7.134621177000042 ], [ 79.839208825000071, 7.134734845000025 ], [ 79.839164090000054, 7.134906466000075 ], [ 79.839137363000077, 7.135023822000051 ], [ 79.83911966900007, 7.13512753200007 ], [ 79.839113739000084, 7.135179476000076 ], [ 79.839110548000065, 7.13522639100006 ], [ 79.839109955000083, 7.135294742000042 ], [ 79.839114915000039, 7.135362642000075 ], [ 79.839126856000064, 7.135434973000031 ], [ 79.839144892000036, 7.13550906100005 ], [ 79.839146735000043, 7.135519288000069 ], [ 79.839152088000048, 7.135549009000044 ], [ 79.839161423000064, 7.135624255000039 ], [ 79.839165944000058, 7.135694690000037 ], [ 79.839167992000057, 7.135785024000029 ], [ 79.839166982000052, 7.135862971000051 ], [ 79.839153284000076, 7.13619757500004 ], [ 79.839149191000047, 7.13626651200002 ], [ 79.839144800000042, 7.136300032000065 ], [ 79.839137334000043, 7.136339586000076 ], [ 79.83912828900003, 7.136376892000044 ], [ 79.839117320000071, 7.13641412000004 ], [ 79.839072562000069, 7.136516286000074 ], [ 79.839056761000052, 7.13654796700007 ], [ 79.839023206000036, 7.136608537000029 ], [ 79.838998755000034, 7.136663165000073 ], [ 79.838979082000037, 7.136716971000055 ], [ 79.838965097000084, 7.136761045000071 ], [ 79.83895169300007, 7.136811988000034 ], [ 79.838941272000056, 7.136861160000024 ], [ 79.83893628800007, 7.13690390000005 ], [ 79.838931147000039, 7.136985989000038 ], [ 79.838929346000043, 7.137139043000047 ], [ 79.838934270000038, 7.137217372000066 ], [ 79.838954340000043, 7.137405860000058 ], [ 79.838956990000042, 7.137456038000039 ], [ 79.838956842000073, 7.137500991000024 ], [ 79.838952878000043, 7.137551165000048 ], [ 79.838943958000073, 7.137603162000062 ], [ 79.838929668000048, 7.137661841000067 ], [ 79.838910431000045, 7.137724104000029 ], [ 79.838875261000055, 7.137817749000021 ], [ 79.838827422000065, 7.137927629000046 ], [ 79.838799011000049, 7.137981917000047 ], [ 79.83872393200005, 7.138112585000044 ], [ 79.838705428000083, 7.138148984000054 ], [ 79.83868960500007, 7.138184531000036 ], [ 79.838673214000039, 7.138226723000059 ], [ 79.838656951000075, 7.138274413000033 ], [ 79.838605721000079, 7.13844669100007 ], [ 79.838583266000057, 7.138514991000022 ], [ 79.83855494900007, 7.138586263000036 ], [ 79.838514337000049, 7.138675201000069 ], [ 79.838443304000066, 7.138814024000055 ], [ 79.838325859000065, 7.139026302000048 ], [ 79.838283613000044, 7.139097444000072 ], [ 79.83818356200004, 7.139258022000035 ], [ 79.838139596000076, 7.139333789000034 ], [ 79.838068743000065, 7.139472862000048 ], [ 79.83802066700008, 7.139572985000029 ], [ 79.837983617000077, 7.13965995500007 ], [ 79.837955973000078, 7.139738436000073 ], [ 79.83793662800008, 7.139811227000052 ], [ 79.837923965000073, 7.139884706000032 ], [ 79.837917073000085, 7.13995111600002 ], [ 79.837913769000068, 7.140020094000022 ], [ 79.837914083000044, 7.140090957000041 ], [ 79.837918015000071, 7.140162793000059 ], [ 79.837923669000077, 7.140217148000033 ], [ 79.837932829000067, 7.140270660000056 ], [ 79.837946223000074, 7.140327787000047 ], [ 79.837964111000076, 7.140389327000037 ], [ 79.837997846000064, 7.140487192000023 ], [ 79.838058440000054, 7.140647669000032 ], [ 79.838093326000035, 7.140745581000033 ], [ 79.838114598000061, 7.140798456000027 ], [ 79.838139583000043, 7.140853767000067 ], [ 79.838169592000042, 7.14091456500006 ], [ 79.838293933000045, 7.141146741000057 ], [ 79.838343045000045, 7.141245272000049 ], [ 79.838366966000081, 7.141299217000039 ], [ 79.838386864000086, 7.141349863000073 ], [ 79.838403131000064, 7.141398227000025 ], [ 79.838415939000072, 7.141444819000071 ], [ 79.83842532400007, 7.141489618000037 ], [ 79.838431481000043, 7.141533342000059 ], [ 79.838434427000038, 7.141575904000035 ], [ 79.83843427100004, 7.141618981000022 ], [ 79.838430900000048, 7.141677151000067 ], [ 79.838424467000038, 7.141736941000033 ], [ 79.838415038000051, 7.141797728000029 ], [ 79.838402723000058, 7.141858790000072 ], [ 79.838388751000082, 7.141915395000069 ], [ 79.838372618000051, 7.141970696000044 ], [ 79.838354661000039, 7.142023302000041 ], [ 79.838333915000078, 7.142076401000054 ], [ 79.838309909000031, 7.142130962000067 ], [ 79.838283214000057, 7.142185484000038 ], [ 79.838253996000049, 7.142239629000073 ], [ 79.838222465000058, 7.142293007000035 ], [ 79.838187357000038, 7.142343897000046 ], [ 79.838143506000051, 7.142396663000056 ], [ 79.838093343000082, 7.142449535000026 ], [ 79.837988875000065, 7.142551720000029 ], [ 79.837946008000074, 7.14259547000006 ], [ 79.837903549000032, 7.142643020000037 ], [ 79.837868626000045, 7.14268789700003 ], [ 79.837820552000039, 7.142759721000061 ], [ 79.837768922000066, 7.142845467000029 ], [ 79.837618979000069, 7.143112619000021 ], [ 79.837576264000063, 7.143194134000055 ], [ 79.837532788000033, 7.143288848000054 ], [ 79.837507446000075, 7.143349435000061 ], [ 79.837488520000079, 7.143403987000056 ], [ 79.837475878000078, 7.143453829000066 ], [ 79.837469813000041, 7.143491793000067 ], [ 79.837465853000083, 7.143535319000023 ], [ 79.837461287000053, 7.143657922000045 ], [ 79.83745336000004, 7.14380582800004 ], [ 79.837454560000083, 7.143859510000027 ], [ 79.837460083000053, 7.143906108000067 ], [ 79.837470545000031, 7.14394995400005 ], [ 79.837487060000058, 7.143996621000042 ], [ 79.837503821000041, 7.144034652000073 ], [ 79.837525595000045, 7.144078155000045 ], [ 79.83762961900004, 7.144275049000044 ], [ 79.837680658000068, 7.144366360000049 ], [ 79.837726162000081, 7.144442605000052 ], [ 79.837774633000038, 7.144519474000049 ], [ 79.837826133000078, 7.144597065000028 ], [ 79.837880745000064, 7.144675505000066 ], [ 79.837991712000075, 7.144825147000063 ], [ 79.83808960500005, 7.144946833000063 ], [ 79.838140156000065, 7.145012369000028 ], [ 79.838188246000072, 7.145077723000043 ], [ 79.838227687000085, 7.145134436000035 ], [ 79.838273920000063, 7.14520579200007 ], [ 79.838321885000084, 7.145285971000021 ], [ 79.838353813000083, 7.145346510000024 ], [ 79.83838122800006, 7.145406318000028 ], [ 79.83839800700008, 7.145448401000067 ], [ 79.838413127000081, 7.145492239000021 ], [ 79.838445450000052, 7.145606841000074 ], [ 79.838459260000036, 7.145670752000058 ], [ 79.838464607000049, 7.145725240000047 ], [ 79.838464787000078, 7.145756808000044 ], [ 79.838462957000047, 7.14579032000006 ], [ 79.838453112000082, 7.145862358000045 ], [ 79.838436370000068, 7.145936411000037 ], [ 79.83840480300006, 7.146045355000069 ], [ 79.83837965500004, 7.146125303000076 ], [ 79.838353528000084, 7.146200733000057 ], [ 79.838334918000044, 7.146247680000045 ], [ 79.838315627000043, 7.146289077000063 ], [ 79.838292901000045, 7.146329457000036 ], [ 79.838268478000032, 7.146364422000033 ], [ 79.838242475000072, 7.146393771000021 ], [ 79.838214965000077, 7.146417644000053 ], [ 79.838177556000062, 7.146440753000036 ], [ 79.838129614000081, 7.146461235000061 ], [ 79.838095961000079, 7.146478745000024 ], [ 79.83806721600007, 7.146498616000031 ], [ 79.83800490200008, 7.146546468000054 ], [ 79.837938288000032, 7.146591214000068 ], [ 79.837881758000037, 7.146625597000025 ], [ 79.837780219000081, 7.146680452000055 ], [ 79.837720126000079, 7.14671777600006 ], [ 79.837691219000078, 7.14674063700005 ], [ 79.837665166000079, 7.146763522000072 ], [ 79.837567081000032, 7.146858595000026 ], [ 79.83748588900005, 7.146931710000047 ], [ 79.837426375000064, 7.14698005200006 ], [ 79.837309332000075, 7.147068691000072 ], [ 79.837255866000078, 7.14710635800003 ], [ 79.837201427000082, 7.147140927000066 ], [ 79.837145716000066, 7.147171971000034 ], [ 79.837063759000046, 7.147210729000051 ], [ 79.837030992000052, 7.147227905000022 ], [ 79.83698822100007, 7.147254677000035 ], [ 79.836944985000059, 7.147286682000072 ], [ 79.836905773000069, 7.147319733000074 ], [ 79.836863640000047, 7.147358894000035 ], [ 79.836731868000072, 7.14749263300007 ], [ 79.836683937000032, 7.14753913100003 ], [ 79.836637284000062, 7.14758031100007 ], [ 79.836589781000043, 7.147617343000036 ], [ 79.836527584000066, 7.147661972000037 ], [ 79.836457512000038, 7.147708981000051 ], [ 79.83615076500007, 7.147900525000068 ], [ 79.836084066000069, 7.147944190000032 ], [ 79.836006617000066, 7.147997401000055 ], [ 79.835832804000063, 7.14812379600005 ], [ 79.835449556000071, 7.148414280000054 ], [ 79.835278539000058, 7.148536969000077 ], [ 79.835138375000042, 7.148629567000057 ], [ 79.83506593900006, 7.148673908000035 ], [ 79.835016176000067, 7.14870217400005 ], [ 79.83492282800006, 7.148748714000021 ], [ 79.834703472000058, 7.148848378000025 ], [ 79.834650655000075, 7.148874786000022 ], [ 79.834604007000053, 7.148900323000021 ], [ 79.834559274000071, 7.148927557000036 ], [ 79.834518654000078, 7.148955425000054 ], [ 79.834483427000066, 7.14898277900005 ], [ 79.834443352000051, 7.149017679000053 ], [ 79.834389057000067, 7.149070083000026 ], [ 79.834329602000082, 7.149133095000025 ], [ 79.834233381000047, 7.149242184000059 ], [ 79.834175924000078, 7.149311638000029 ], [ 79.834110809000038, 7.149395654000045 ], [ 79.833999931000051, 7.149544160000062 ], [ 79.83397112800003, 7.149586824000039 ], [ 79.833909242000061, 7.149684491000073 ], [ 79.833880957000076, 7.149725570000044 ], [ 79.83385403300008, 7.149759993000032 ], [ 79.833827373000076, 7.149789027000054 ], [ 79.833807832000048, 7.149807151000061 ], [ 79.833789376000084, 7.149821603000021 ], [ 79.833767698000031, 7.149835822000057 ], [ 79.833743155000036, 7.149849416000052 ], [ 79.833694075000039, 7.149871712000049 ], [ 79.833568781000054, 7.149921029000041 ], [ 79.833535828000038, 7.149936665000041 ], [ 79.833507722000036, 7.149952634000044 ], [ 79.833480640000062, 7.149971676000064 ], [ 79.833453336000048, 7.149995744000023 ], [ 79.833424731000036, 7.150025288000052 ], [ 79.833396093000033, 7.150059316000068 ], [ 79.833364668000058, 7.150101548000066 ], [ 79.833329776000085, 7.150153378000027 ], [ 79.833234206000043, 7.150302537000073 ], [ 79.833195471000067, 7.150368581000066 ], [ 79.833166913000071, 7.150422327000058 ], [ 79.833136788000047, 7.150483232000056 ], [ 79.833042250000062, 7.15068799200003 ], [ 79.833006201000046, 7.15076304400003 ], [ 79.832968477000065, 7.150835473000029 ], [ 79.832931611000049, 7.150899120000076 ], [ 79.832900929000061, 7.150946279000038 ], [ 79.832865639000033, 7.150993457000027 ], [ 79.832828507000045, 7.151038509000045 ], [ 79.832734351000056, 7.151147807000029 ], [ 79.832687839000073, 7.151206839000054 ], [ 79.832665871000074, 7.151238282000065 ], [ 79.832646988000079, 7.151268556000048 ], [ 79.832630849000054, 7.151298206000035 ], [ 79.832617320000054, 7.151327493000053 ], [ 79.832601685000043, 7.15137192800006 ], [ 79.832589374000065, 7.151422928000045 ], [ 79.832580060000055, 7.151480031000062 ], [ 79.832565948000081, 7.151598915000022 ], [ 79.832558627000083, 7.151649249000059 ], [ 79.832548017000079, 7.151701032000062 ], [ 79.832534725000073, 7.151745990000052 ], [ 79.832518156000049, 7.151786326000035 ], [ 79.832495385000072, 7.151829647000056 ], [ 79.832470737000051, 7.151870029000065 ], [ 79.832408842000063, 7.151965098000062 ], [ 79.832380515000068, 7.15201395400004 ], [ 79.832358366000051, 7.15206179200004 ], [ 79.832343514000058, 7.15210821900007 ], [ 79.832335155000067, 7.152146131000052 ], [ 79.83232842700005, 7.152188888000069 ], [ 79.832310681000081, 7.152369427000053 ], [ 79.832278759000076, 7.152592145000028 ], [ 79.832267666000064, 7.152684585000031 ], [ 79.832262092000065, 7.152755712000044 ], [ 79.832260185000052, 7.152821016000075 ], [ 79.832261715000072, 7.152890772000035 ], [ 79.832266773000072, 7.152966091000053 ], [ 79.832279555000071, 7.153081927000073 ], [ 79.832310996000047, 7.153305148000072 ], [ 79.83232244900006, 7.153396909000037 ], [ 79.832369841000059, 7.153849758000035 ], [ 79.83238562400004, 7.154039752000074 ], [ 79.832391403000031, 7.154160027000046 ], [ 79.832393874000047, 7.154310031000023 ], [ 79.832393583000055, 7.154460288000053 ], [ 79.832390094000061, 7.15459609800007 ], [ 79.832382885000072, 7.154728042000045 ], [ 79.832371901000045, 7.154851791000056 ], [ 79.832356893000053, 7.154969681000068 ], [ 79.832338245000074, 7.155078791000051 ], [ 79.832323066000072, 7.155144460000031 ], [ 79.832302773000038, 7.15521704300005 ], [ 79.832226219000063, 7.155452629000024 ], [ 79.832200427000032, 7.155538500000034 ], [ 79.832179649000068, 7.155621764000045 ], [ 79.832165195000073, 7.155700599000056 ], [ 79.83214650900004, 7.155835153000055 ], [ 79.832134790000055, 7.155960380000067 ], [ 79.832130259000053, 7.156056862000071 ], [ 79.832127868000043, 7.156245138000031 ], [ 79.832129892000069, 7.156341303000033 ], [ 79.832133251000073, 7.156381418000024 ], [ 79.832138310000062, 7.156418185000064 ], [ 79.83214524400006, 7.156452630000047 ], [ 79.832154079000077, 7.156484662000025 ], [ 79.832164771000066, 7.156514253000068 ], [ 79.832177915000045, 7.156543018000036 ], [ 79.832201190000035, 7.156584141000053 ], [ 79.832231319000073, 7.156628517000058 ], [ 79.832267913000067, 7.156676227000048 ], [ 79.832331756000031, 7.156754351000075 ], [ 79.832355202000031, 7.156779634000031 ], [ 79.83238287100005, 7.156806492000044 ], [ 79.832488369000032, 7.156899194000061 ], [ 79.832529190000059, 7.156937886000037 ], [ 79.832567231000041, 7.156980542000042 ], [ 79.832596918000036, 7.157023351000021 ], [ 79.832619585000032, 7.157063266000023 ], [ 79.832640439000045, 7.157106396000074 ], [ 79.832659514000056, 7.157152817000053 ], [ 79.832676868000078, 7.157202659000063 ], [ 79.832692505000068, 7.157255894000059 ], [ 79.83270658400005, 7.157313011000042 ], [ 79.832719214000065, 7.15737443300003 ], [ 79.832730612000034, 7.157441215000063 ], [ 79.832741014000078, 7.157514727000034 ], [ 79.832745949000071, 7.157565541000054 ], [ 79.832748833000039, 7.15762688600006 ], [ 79.83274902200003, 7.157695097000044 ], [ 79.832746347000068, 7.157779402000074 ], [ 79.832732543000077, 7.158068379000042 ], [ 79.832725964000076, 7.158167917000071 ], [ 79.832717853000077, 7.15825570100003 ], [ 79.832705172000033, 7.158354090000046 ], [ 79.832689592000065, 7.158441710000034 ], [ 79.832668010000077, 7.158536047000041 ], [ 79.832609751000064, 7.158764104000056 ], [ 79.832599860000073, 7.158814932000041 ], [ 79.832577532000073, 7.158950944000026 ], [ 79.832569118000038, 7.158990220000021 ], [ 79.832559827000068, 7.159024516000045 ], [ 79.832541848000062, 7.159073201000069 ], [ 79.832519593000029, 7.159114905000024 ], [ 79.832489447000057, 7.15915594300003 ], [ 79.832450216000041, 7.159197827000071 ], [ 79.832400150000069, 7.159242655000071 ], [ 79.832281869000042, 7.159339445000057 ], [ 79.83215634000004, 7.159450688000049 ], [ 79.832066712000085, 7.159527899000068 ], [ 79.831985402000043, 7.15959510700003 ], [ 79.831909010000061, 7.159655117000057 ], [ 79.831839789000071, 7.159706440000036 ], [ 79.831772477000072, 7.159753262000038 ], [ 79.83170646800005, 7.159796005000032 ], [ 79.831641386000058, 7.15983490800005 ], [ 79.831604115000061, 7.159855029000028 ], [ 79.831562007000059, 7.159874677000062 ], [ 79.831395593000082, 7.159941060000051 ], [ 79.831328178000035, 7.159971857000073 ], [ 79.831294042000081, 7.159990659000073 ], [ 79.831263726000032, 7.160010256000021 ], [ 79.831235738000032, 7.160031692000075 ], [ 79.831207985000049, 7.160056391000069 ], [ 79.831162796000058, 7.160104349000051 ], [ 79.83111731200006, 7.160162537000076 ], [ 79.831073968000055, 7.160226264000073 ], [ 79.830982125000048, 7.160373148000076 ], [ 79.830940036000072, 7.160436489000062 ], [ 79.830893261000085, 7.16049967500004 ], [ 79.830751552000038, 7.160682293000036 ], [ 79.830710965000037, 7.160739160000048 ], [ 79.830676887000038, 7.160791583000048 ], [ 79.830649304000076, 7.160840275000055 ], [ 79.830625559000055, 7.160894153000072 ], [ 79.830605841000079, 7.16094911700003 ], [ 79.830562827000051, 7.161082413000031 ], [ 79.830537812000046, 7.16114678100007 ], [ 79.830523248000077, 7.161177174000045 ], [ 79.830507872000055, 7.161204330000032 ], [ 79.830491425000048, 7.161228703000063 ], [ 79.830473747000042, 7.16125052600006 ], [ 79.830444670000077, 7.16127958900006 ], [ 79.830410383000071, 7.16130746500005 ], [ 79.830370337000033, 7.161334620000048 ], [ 79.830322731000081, 7.161362284000063 ], [ 79.830157855000039, 7.16144502800006 ], [ 79.83006879800007, 7.16149265100006 ], [ 79.830022918000054, 7.161513496000055 ], [ 79.82988606400005, 7.16157105700006 ], [ 79.829845608000085, 7.161591086000044 ], [ 79.829811842000083, 7.161610947000042 ], [ 79.82977420800006, 7.161639109000021 ], [ 79.829758527000081, 7.161654009000074 ], [ 79.829744805000075, 7.161669572000051 ], [ 79.82973137700003, 7.161687964000066 ], [ 79.82971890400006, 7.161708242000032 ], [ 79.82969700600006, 7.161754164000058 ], [ 79.829685400000074, 7.161786396000025 ], [ 79.82967532300006, 7.161821487000054 ], [ 79.829666759000077, 7.161859493000065 ], [ 79.829659680000077, 7.161900529000036 ], [ 79.829649886000084, 7.161992011000052 ], [ 79.829645450000044, 7.162100344000066 ], [ 79.829647568000041, 7.162139124000021 ], [ 79.829654004000076, 7.162182424000036 ], [ 79.829689135000081, 7.162331150000057 ], [ 79.829699430000062, 7.162388422000049 ], [ 79.829702206000036, 7.162417399000049 ], [ 79.829702786000041, 7.162444488000062 ], [ 79.829701105000083, 7.162471812000035 ], [ 79.829697231000068, 7.162501408000026 ], [ 79.829690468000081, 7.162536019000072 ], [ 79.829680874000076, 7.162573780000059 ], [ 79.829622612000037, 7.162756324000043 ], [ 79.82958138500004, 7.162916235000068 ], [ 79.829499174000034, 7.163256300000057 ], [ 79.829438604000075, 7.16355950600007 ], [ 79.829415195000081, 7.163665986000069 ], [ 79.829386614000043, 7.163773974000037 ], [ 79.829350670000053, 7.163884550000034 ], [ 79.82931099700005, 7.163993618000063 ], [ 79.829269303000046, 7.164096824000069 ], [ 79.829224793000037, 7.164195889000041 ], [ 79.829180768000072, 7.164283539000053 ], [ 79.829152682000085, 7.164333445000068 ], [ 79.829120052000064, 7.164387497000064 ], [ 79.828966553000043, 7.164624683000056 ], [ 79.828761668000084, 7.164957962000074 ], [ 79.828723439000044, 7.165025043000071 ], [ 79.828690449000078, 7.165087178000022 ], [ 79.828608337000048, 7.16525893000005 ], [ 79.828583531000049, 7.165316161000021 ], [ 79.82856324200003, 7.165368070000056 ], [ 79.828546426000059, 7.165417452000042 ], [ 79.82853371300007, 7.16546244500006 ], [ 79.828527388000055, 7.165494473000024 ], [ 79.828522666000083, 7.165530696000076 ], [ 79.828513418000057, 7.165667729000063 ], [ 79.828506817000061, 7.165723375000027 ], [ 79.828501094000046, 7.165752230000066 ], [ 79.828493855000033, 7.165778528000033 ], [ 79.828484888000048, 7.165803013000072 ], [ 79.828473236000036, 7.165828590000046 ], [ 79.828452825000056, 7.165865267000072 ], [ 79.828426734000061, 7.165904616000034 ], [ 79.828312754000081, 7.166052667000031 ], [ 79.828259776000039, 7.166130321000026 ], [ 79.828185576000067, 7.166232481000065 ], [ 79.828154364000056, 7.166277932000071 ], [ 79.828130154000064, 7.166317328000048 ], [ 79.828110928000058, 7.166353868000044 ], [ 79.828096004000031, 7.166388850000033 ], [ 79.828085165000061, 7.166422814000043 ], [ 79.82807807100005, 7.16646195200002 ], [ 79.828076379000038, 7.166506459000061 ], [ 79.828079670000079, 7.166556548000074 ], [ 79.828092863000052, 7.166661626000064 ], [ 79.828096845000061, 7.166706489000035 ], [ 79.82809719800008, 7.166752864000046 ], [ 79.828092539000068, 7.166793466000058 ], [ 79.828081476000079, 7.166838490000032 ], [ 79.828064011000038, 7.166887426000073 ], [ 79.828042684000081, 7.166935912000042 ], [ 79.827980959000058, 7.167064607000043 ], [ 79.827964842000085, 7.167103654000073 ], [ 79.827952656000036, 7.167139206000058 ], [ 79.827935526000033, 7.167205613000021 ], [ 79.827920735000077, 7.167277472000023 ], [ 79.827909079000051, 7.167351004000068 ], [ 79.827900422000084, 7.167426727000077 ], [ 79.827894235000031, 7.167515707000064 ], [ 79.827892035000048, 7.167606840000076 ], [ 79.827893833000076, 7.167699646000074 ], [ 79.82789961800006, 7.167793521000021 ], [ 79.827904272000069, 7.167834069000037 ], [ 79.827911975000063, 7.167879104000065 ], [ 79.827947276000032, 7.16803636800006 ], [ 79.827958877000071, 7.168098260000022 ], [ 79.82796546600008, 7.16815805400006 ], [ 79.827966583000034, 7.168227139000066 ], [ 79.827964292000047, 7.168278400000077 ], [ 79.82795942000007, 7.168330824000066 ], [ 79.827951968000036, 7.168384425000056 ], [ 79.827941933000034, 7.168439229000057 ], [ 79.827929311000048, 7.168495247000067 ], [ 79.827914093000061, 7.168552532000035 ], [ 79.827896267000085, 7.168611127000077 ], [ 79.827875812000059, 7.168671101000029 ], [ 79.827832958000045, 7.168781175000049 ], [ 79.82778141700004, 7.16889665900004 ], [ 79.827711843000031, 7.169035630000053 ], [ 79.827685907000046, 7.169083748000048 ], [ 79.827661785000032, 7.16912390300007 ], [ 79.827619526000035, 7.169185888000072 ], [ 79.827568279000047, 7.169252445000041 ], [ 79.82751464200004, 7.16931656600002 ], [ 79.827371681000045, 7.169481147000056 ], [ 79.827331448000052, 7.169530270000052 ], [ 79.827296832000059, 7.169575337000026 ], [ 79.827265256000032, 7.169619885000031 ], [ 79.827237515000036, 7.16966302700007 ], [ 79.827194466000037, 7.169736470000032 ], [ 79.827152905000048, 7.16981174700004 ], [ 79.827099087000079, 7.169916552000075 ], [ 79.827048856000033, 7.17002328600006 ], [ 79.827002436000043, 7.17013147800003 ], [ 79.826960027000041, 7.170240653000064 ], [ 79.826939457000037, 7.170298370000069 ], [ 79.826922039000067, 7.170352740000055 ], [ 79.82685129500004, 7.170605527000021 ], [ 79.826765607000084, 7.170880174000047 ], [ 79.826740947000076, 7.170952244000034 ], [ 79.82671705100006, 7.17101604000004 ], [ 79.826692779000041, 7.171074572000066 ], [ 79.826668065000035, 7.171127975000047 ], [ 79.826645172000042, 7.171172007000052 ], [ 79.826619423000068, 7.171216920000063 ], [ 79.826590578000037, 7.17126313600005 ], [ 79.826558156000033, 7.171311425000056 ], [ 79.826491756000053, 7.171402730000068 ], [ 79.826343435000069, 7.17159414300005 ], [ 79.826280606000068, 7.171678708000059 ], [ 79.826179443000058, 7.171828699000059 ], [ 79.826063506000082, 7.171995224000057 ], [ 79.826011243000039, 7.172075349000067 ], [ 79.825961814000038, 7.172161399000061 ], [ 79.825941686000078, 7.172201888000075 ], [ 79.825924284000052, 7.172241335000024 ], [ 79.825909736000085, 7.172279292000042 ], [ 79.825896465000085, 7.172319948000052 ], [ 79.82588432600005, 7.172363510000025 ], [ 79.825873482000077, 7.172409559000073 ], [ 79.82585927000008, 7.172485209000058 ], [ 79.825847466000084, 7.172569619000058 ], [ 79.825837293000063, 7.172668620000024 ], [ 79.825827837000077, 7.172790381000027 ], [ 79.825826628000073, 7.172841567000035 ], [ 79.825827772000082, 7.172898535000058 ], [ 79.825841007000065, 7.173111191000032 ], [ 79.825843450000036, 7.173198970000044 ], [ 79.825842373000057, 7.173244655000076 ], [ 79.825839375000044, 7.173287156000072 ], [ 79.825833974000034, 7.173331130000065 ], [ 79.825826274000065, 7.173376888000064 ], [ 79.825816460000055, 7.173423467000021 ], [ 79.825804375000075, 7.173471784000071 ], [ 79.825772789000041, 7.173575926000069 ], [ 79.825737963000051, 7.173673910000048 ], [ 79.825655612000048, 7.173887696000065 ], [ 79.825621154000032, 7.173982290000026 ], [ 79.825563999000053, 7.174157270000023 ], [ 79.825455713000053, 7.174465087000044 ], [ 79.825428207000073, 7.174553328000059 ], [ 79.825406724000061, 7.174633124000025 ], [ 79.825393863000045, 7.174690155000064 ], [ 79.825383792000082, 7.174744936000025 ], [ 79.825376274000064, 7.174799218000032 ], [ 79.82537209700007, 7.174847122000074 ], [ 79.825370769000074, 7.174935237000057 ], [ 79.825377003000085, 7.175096188000055 ], [ 79.825377960000083, 7.175158632000034 ], [ 79.825375707000035, 7.175222027000075 ], [ 79.825369685000055, 7.175276922000023 ], [ 79.825358159000075, 7.17533568500005 ], [ 79.825340544000085, 7.175400724000042 ], [ 79.825320254000076, 7.175463402000048 ], [ 79.825266597000052, 7.175617377000037 ], [ 79.825242274000061, 7.175698800000021 ], [ 79.825232362000065, 7.175740939000036 ], [ 79.825225279000051, 7.17578052600004 ], [ 79.825220899000044, 7.175818270000036 ], [ 79.825219179000044, 7.175854542000025 ], [ 79.825220235000074, 7.175893554000027 ], [ 79.825223985000036, 7.175936659000058 ], [ 79.82523025100005, 7.175981702000058 ], [ 79.825239182000075, 7.176030061000063 ], [ 79.825261718000036, 7.17612587800005 ], [ 79.82531588900008, 7.176326362000054 ], [ 79.825337911000076, 7.17639755700003 ], [ 79.825365116000057, 7.17647594400006 ], [ 79.82546833300006, 7.176745228000073 ], [ 79.82550642800004, 7.176851379000027 ], [ 79.825537179000037, 7.176950219000048 ], [ 79.825583400000085, 7.177119201000039 ], [ 79.825623369000084, 7.177281931000039 ], [ 79.82565825100005, 7.177442441000039 ], [ 79.825688011000068, 7.177600573000063 ], [ 79.825712625000051, 7.177756199000044 ], [ 79.825726025000051, 7.177857327000027 ], [ 79.825736143000086, 7.177948817000072 ], [ 79.825742168000033, 7.178028228000073 ], [ 79.825745924000046, 7.178113220000057 ], [ 79.825747365000041, 7.178280911000058 ], [ 79.825741071000039, 7.17868045900002 ], [ 79.825742405000085, 7.178785409000056 ], [ 79.82574635900005, 7.178879987000073 ], [ 79.825759522000055, 7.17903631300004 ], [ 79.825804700000049, 7.179423177000047 ], [ 79.825816633000045, 7.179537339000035 ], [ 79.825820407000037, 7.179598286000044 ], [ 79.825820735000036, 7.179671170000063 ], [ 79.825815999000042, 7.179738 ], [ 79.825806057000079, 7.179800951000061 ], [ 79.825790941000037, 7.179859074000035 ], [ 79.82577763200004, 7.17989628600003 ], [ 79.82576159000007, 7.179932183000062 ], [ 79.825742417000072, 7.179967513000065 ], [ 79.825719248000041, 7.180004005000058 ], [ 79.825691436000056, 7.180042900000046 ], [ 79.825660523000067, 7.180081658000063 ], [ 79.825626181000075, 7.180120756000065 ], [ 79.825588292000077, 7.180160296000054 ], [ 79.825547655000037, 7.18019948400007 ], [ 79.82550315800006, 7.180239383000071 ], [ 79.82545547400008, 7.180279366000036 ], [ 79.825404008000078, 7.180319811000061 ], [ 79.82534843500008, 7.180361121000033 ], [ 79.825290920000043, 7.18040144500003 ], [ 79.825228913000046, 7.18044254800003 ], [ 79.825175200000047, 7.18047574700006 ], [ 79.825119059000031, 7.18050766500005 ], [ 79.825059694000061, 7.180538671000022 ], [ 79.824997804000077, 7.18056838800004 ], [ 79.824933738000084, 7.180596680000065 ], [ 79.824861362000036, 7.180625865000025 ], [ 79.824764945000084, 7.18066161400003 ], [ 79.824698424000076, 7.180684707000069 ], [ 79.82465114300004, 7.180699283000024 ], [ 79.824639418000061, 7.18070289700006 ], [ 79.824618754000085, 7.18070722300007 ], [ 79.824599942000077, 7.180709041000057 ], [ 79.824580643000047, 7.180708424000045 ], [ 79.824561405000054, 7.180705590000059 ], [ 79.824536803000058, 7.180699565000054 ], [ 79.824534955000047, 7.180699043000061 ], [ 79.824512697000046, 7.180691509000042 ], [ 79.824469269000076, 7.180669986000055 ], [ 79.824451324000051, 7.180665607000037 ], [ 79.824433587000044, 7.180663734000063 ], [ 79.824408725000069, 7.180664046000061 ], [ 79.824384659000032, 7.18066759200002 ], [ 79.824361790000069, 7.180673701000046 ], [ 79.824323295000056, 7.180687031000048 ], [ 79.824297697000077, 7.18069855400006 ], [ 79.824291114000061, 7.180701515000067 ], [ 79.824265049000076, 7.180719459000045 ], [ 79.824247068000034, 7.180729404000033 ], [ 79.824199921000059, 7.180746079000073 ], [ 79.824174921000065, 7.180757338000035 ], [ 79.824133173000064, 7.180783743000063 ], [ 79.824083882000082, 7.18082294200002 ], [ 79.824035993000052, 7.18086463800006 ], [ 79.823983751000071, 7.180913360000034 ], [ 79.823934204000068, 7.180963176000034 ], [ 79.823857844000031, 7.18104801100003 ], [ 79.823821619000057, 7.181092327000044 ], [ 79.823787567000068, 7.181136818000027 ], [ 79.823754429000076, 7.181183271000066 ], [ 79.823722933000056, 7.181230768000034 ], [ 79.823695659000066, 7.181275439000046 ], [ 79.823674966000056, 7.18131379600004 ], [ 79.823646179000036, 7.181376936000049 ], [ 79.823620617000074, 7.181444836000026 ], [ 79.82359199900003, 7.181534047000071 ], [ 79.823533854000061, 7.181729528000062 ], [ 79.823509477000073, 7.181798934000028 ], [ 79.823485162000054, 7.181857549000028 ], [ 79.823453259000075, 7.181922421000024 ], [ 79.823411712000052, 7.181995058000041 ], [ 79.823365370000033, 7.182068118000075 ], [ 79.823268187000053, 7.182211804000076 ], [ 79.823222762000057, 7.182281630000034 ], [ 79.823183243000074, 7.182347067000023 ], [ 79.823153115000082, 7.182402418000038 ], [ 79.823122646000058, 7.182467422000059 ], [ 79.823094222000066, 7.182542731000069 ], [ 79.823064159000069, 7.182639196000025 ], [ 79.823039234000078, 7.182732436000038 ], [ 79.823034949000032, 7.182752366000045 ], [ 79.823015525000073, 7.182842727000036 ], [ 79.822998805000054, 7.182950121000033 ], [ 79.822989312000061, 7.183052348000047 ], [ 79.822986828000069, 7.183152180000036 ], [ 79.82299108400008, 7.18323904500005 ], [ 79.823001714000043, 7.183317737000039 ], [ 79.823020390000067, 7.183403856000041 ], [ 79.823033505000069, 7.183449093000036 ], [ 79.823047441000085, 7.183497167000041 ], [ 79.823082088000035, 7.183598644000028 ], [ 79.823116193000033, 7.183692318000055 ], [ 79.823186931000066, 7.183876557000076 ], [ 79.823214466000081, 7.183943486000032 ], [ 79.823244928000065, 7.184010994000062 ], [ 79.823279384000045, 7.184081278000065 ], [ 79.823352428000078, 7.184214815000075 ], [ 79.823398657000041, 7.184304206000036 ], [ 79.823424838000051, 7.184362589000045 ], [ 79.823476403000029, 7.184490051000068 ], [ 79.823515111000063, 7.184594796000056 ], [ 79.823547818000065, 7.184705509000025 ], [ 79.823574618000066, 7.184777334000046 ], [ 79.823601360000055, 7.184876073000055 ], [ 79.823610207000058, 7.184941881000043 ], [ 79.823624991000031, 7.185031624000032 ], [ 79.823639777000039, 7.185121367000022 ], [ 79.823663552000085, 7.185208139000054 ], [ 79.823705303000054, 7.18528896600003 ], [ 79.823756055000047, 7.185360841000033 ], [ 79.823812840000073, 7.185411797000029 ], [ 79.823869638000076, 7.18545677000003 ], [ 79.823923441000034, 7.185501736000049 ], [ 79.823968235000052, 7.18555864800004 ], [ 79.823995066000066, 7.185615521000045 ], [ 79.824018884000054, 7.185681360000046 ], [ 79.824033712000073, 7.185750171000052 ], [ 79.82407248800007, 7.185822020000046 ], [ 79.824099369000066, 7.185854971000026 ], [ 79.824140477000071, 7.185925575000056 ], [ 79.824154703000033, 7.185963230000027 ], [ 79.82417010100005, 7.185998132000066 ], [ 79.824182827000072, 7.186031978000074 ], [ 79.824194943000066, 7.186069864000046 ], [ 79.824245719000032, 7.186265148000075 ], [ 79.824273757000071, 7.186392953000052 ], [ 79.824282337000056, 7.186423397000056 ], [ 79.824291711000058, 7.186450188000038 ], [ 79.824303744000076, 7.186477410000066 ], [ 79.824317809000036, 7.186502005000023 ], [ 79.824375385000053, 7.186581951000051 ], [ 79.824394711000082, 7.186612481000054 ], [ 79.824430413000073, 7.186683148000043 ], [ 79.824454253000056, 7.18674089600006 ], [ 79.824464496000076, 7.186773425000069 ], [ 79.824471538000068, 7.186804232000043 ], [ 79.824475144000075, 7.186831172000041 ], [ 79.824475748000054, 7.186859005000031 ], [ 79.824472204000074, 7.18690119300004 ], [ 79.824458144000062, 7.186991418000048 ], [ 79.824452119000057, 7.18705207000005 ], [ 79.824440763000041, 7.187130325000055 ], [ 79.824439218000066, 7.187161408000065 ], [ 79.824441742000033, 7.18718737100005 ], [ 79.824446962000081, 7.187206054000058 ], [ 79.824454912000078, 7.187222124000073 ], [ 79.82449335900003, 7.18727063800003 ], [ 79.824506370000051, 7.187291525000035 ], [ 79.824522979000051, 7.187325423000061 ], [ 79.824536407000039, 7.187360448000049 ], [ 79.82454535100004, 7.187391916000024 ], [ 79.824548603000039, 7.187415913000052 ], [ 79.824548726000046, 7.187443556000062 ], [ 79.824544294000077, 7.187519103000056 ], [ 79.824545477000072, 7.187541330000045 ], [ 79.824548983000057, 7.187560739000048 ], [ 79.824554685000066, 7.187578869000049 ], [ 79.824562941000067, 7.187598632000061 ], [ 79.824603400000058, 7.187678615000038 ], [ 79.824637501000041, 7.187762661000022 ], [ 79.824659441000051, 7.187826758000028 ], [ 79.82467216100008, 7.187881879000031 ], [ 79.82467732200007, 7.187932967000052 ], [ 79.824677315000031, 7.187993820000031 ], [ 79.824670599000058, 7.188103280000064 ], [ 79.824660899000037, 7.18818866600003 ], [ 79.824636894000037, 7.188356403000057 ], [ 79.824629247000075, 7.188397030000033 ], [ 79.824621621000063, 7.188424264000048 ], [ 79.824607374000038, 7.188463108000064 ], [ 79.824597038000036, 7.188486576000059 ], [ 79.824586560000057, 7.188504787000056 ], [ 79.824571252000055, 7.188522868000064 ], [ 79.824551046000067, 7.188537718000021 ], [ 79.824525243000039, 7.188549902000034 ], [ 79.824492705000068, 7.188559929000064 ], [ 79.824379212000053, 7.188582052000072 ], [ 79.824351893000085, 7.188584070000047 ], [ 79.824271833000068, 7.188585097000043 ], [ 79.824248271000044, 7.188588559000038 ], [ 79.824228583000036, 7.188594758000022 ], [ 79.824213015000055, 7.188602857000035 ], [ 79.824195406000058, 7.188614392000034 ], [ 79.824162810000075, 7.188641994000022 ], [ 79.824137148000034, 7.188672137000026 ], [ 79.824127715000031, 7.188687197000036 ], [ 79.824120824000033, 7.188701837000053 ], [ 79.824116770000046, 7.188715881000064 ], [ 79.824115117000076, 7.188731478000022 ], [ 79.824115830000039, 7.188748893000025 ], [ 79.824118930000054, 7.188768692000053 ], [ 79.824146561000077, 7.188869884000042 ], [ 79.824161751000076, 7.188965819000032 ], [ 79.82417018700005, 7.189006479000057 ], [ 79.824182816000075, 7.189048300000024 ], [ 79.824200710000071, 7.189094345000058 ], [ 79.824270005000074, 7.189242914000033 ], [ 79.824289868000051, 7.189282286000036 ], [ 79.824315331000037, 7.189323002000037 ], [ 79.824344334000045, 7.189356970000063 ], [ 79.824368665000065, 7.18937988600004 ], [ 79.824396037000042, 7.189401890000056 ], [ 79.824426196000047, 7.189422772000057 ], [ 79.824458743000037, 7.189442257000053 ], [ 79.824494146000063, 7.189460507000035 ], [ 79.82453044500005, 7.18947640500005 ], [ 79.824559273000034, 7.189486224000063 ], [ 79.824590624000052, 7.189494029000059 ], [ 79.824647868000056, 7.189502650000065 ], [ 79.824717470000053, 7.189506878000032 ], [ 79.824883683000053, 7.189509144000056 ], [ 79.824984740000048, 7.189505593000035 ], [ 79.825192098000059, 7.189487811000049 ], [ 79.825449451000054, 7.189452816000028 ], [ 79.825667739000039, 7.189428946000021 ], [ 79.825743297000031, 7.18942395800002 ], [ 79.825798460000044, 7.189424836000057 ], [ 79.825848120000046, 7.189430501000061 ], [ 79.825897761000078, 7.189441913000053 ], [ 79.825951850000081, 7.189459584000076 ], [ 79.82602079000003, 7.189488297000025 ], [ 79.826130436000085, 7.189541434000034 ], [ 79.826171610000074, 7.18956382600004 ], [ 79.826202855000076, 7.189585222000062 ], [ 79.826229669000043, 7.189610396000035 ], [ 79.826246870000034, 7.189635517000056 ], [ 79.826259623000055, 7.189664165000067 ], [ 79.826284474000033, 7.189734982000061 ], [ 79.826300072000038, 7.189766158000054 ], [ 79.826335185000062, 7.189814080000076 ], [ 79.826371584000071, 7.189853742000025 ], [ 79.826400185000068, 7.189878237000073 ], [ 79.826425157000074, 7.189894279000043 ], [ 79.82645787000007, 7.189909271000033 ], [ 79.826535184000079, 7.189937996000026 ], [ 79.82659084800008, 7.189963601000045 ], [ 79.826613142000042, 7.189976830000035 ], [ 79.826628213000049, 7.189992408000023 ], [ 79.826636384000039, 7.190005338000049 ], [ 79.826644413000054, 7.190021899000044 ], [ 79.826679807000062, 7.190104869000038 ], [ 79.826693215000034, 7.190141321000056 ], [ 79.826700088000052, 7.190165849000039 ], [ 79.826704775000053, 7.190190111000049 ], [ 79.826707740000074, 7.190216406000047 ], [ 79.826708912000072, 7.190244555000049 ], [ 79.826708119000045, 7.19027859800002 ], [ 79.826705081000057, 7.190316482000071 ], [ 79.826691188000041, 7.19041506800005 ], [ 79.826676233000057, 7.19047405200007 ], [ 79.826633014000038, 7.190607597000053 ], [ 79.826610535000043, 7.19070085900006 ], [ 79.826597373000084, 7.190763639000068 ], [ 79.826588016000073, 7.190818345000025 ], [ 79.826581945000044, 7.190867524000055 ], [ 79.826578601000051, 7.190916454000046 ], [ 79.826577602000043, 7.190977283000052 ], [ 79.826579523000078, 7.19104825200003 ], [ 79.82659024600008, 7.191250120000063 ], [ 79.826597656000047, 7.191356528000028 ], [ 79.826606273000039, 7.191451092000023 ], [ 79.826616674000036, 7.191543415000069 ], [ 79.826645014000064, 7.19173902600005 ], [ 79.826665424000055, 7.191854410000076 ], [ 79.826686980000034, 7.191953309000041 ], [ 79.826709890000075, 7.192038079000042 ], [ 79.826738714000044, 7.192124647000071 ], [ 79.826780251000059, 7.192231995000043 ], [ 79.82690262300008, 7.192526785000041 ], [ 79.826996713000085, 7.192746215000057 ], [ 79.827045253000051, 7.192863466000063 ], [ 79.827101436000078, 7.192983909000077 ], [ 79.827116615000079, 7.193027552000046 ], [ 79.827124479000076, 7.193067086000042 ], [ 79.827128494000078, 7.193121882000071 ], [ 79.827127921000056, 7.193143388000067 ], [ 79.827125630000069, 7.193162653000059 ], [ 79.827119726000035, 7.193188227000064 ], [ 79.827112255000031, 7.193211188000021 ], [ 79.82710350800005, 7.193230603000075 ], [ 79.827093412000067, 7.193246718000069 ], [ 79.827081520000036, 7.193260106000025 ], [ 79.827066020000075, 7.193272963000027 ], [ 79.827046727000038, 7.193285475000039 ], [ 79.827022380000074, 7.193298464000065 ], [ 79.826984257000049, 7.193312975000026 ], [ 79.826931902000069, 7.193325702000038 ], [ 79.826904995000064, 7.193329083000037 ], [ 79.826874255000064, 7.193330775000049 ], [ 79.826715696000065, 7.193331562000026 ], [ 79.826607663000061, 7.193330240000023 ], [ 79.826515725000036, 7.193326416000048 ], [ 79.82641895900008, 7.193319256000052 ], [ 79.82637055500004, 7.193315675000065 ], [ 79.82602795400004, 7.193283210000061 ], [ 79.825970289000054, 7.193276679000064 ], [ 79.825921299000072, 7.193268925000041 ], [ 79.825836380000055, 7.193251608000025 ], [ 79.82581342900005, 7.193244616000072 ], [ 79.825785211000039, 7.19323339400006 ], [ 79.825763346000031, 7.193223207000074 ], [ 79.825747037000042, 7.193212947000063 ], [ 79.82573392200004, 7.193201091000049 ], [ 79.825720855000043, 7.193185112000037 ], [ 79.825710797000056, 7.193169583000042 ], [ 79.825702298000067, 7.193152443000031 ], [ 79.825693203000071, 7.193128601000069 ], [ 79.825688834000061, 7.193111667000039 ], [ 79.82568554900007, 7.193085152000037 ], [ 79.825685112000031, 7.193075947000068 ], [ 79.825682290000032, 7.193016428000021 ], [ 79.825671213000078, 7.192944376000071 ], [ 79.825668418000078, 7.19291339800003 ], [ 79.82566594900004, 7.192902730000071 ], [ 79.82565917800008, 7.192885931000035 ], [ 79.825650482000071, 7.192872942000065 ], [ 79.82563474400007, 7.192858424000065 ], [ 79.82561660600004, 7.19284581900007 ], [ 79.825568622000048, 7.192820875000052 ], [ 79.825521708000053, 7.192801537000037 ], [ 79.825413320000052, 7.192764605000036 ], [ 79.825294320000069, 7.192720813000051 ], [ 79.825234383000065, 7.192698757000073 ], [ 79.825183247000041, 7.192682002000026 ], [ 79.825136770000086, 7.19266870000007 ], [ 79.82507892700005, 7.192655786000046 ], [ 79.825021081000045, 7.192642871000032 ], [ 79.824963725000032, 7.192634232000046 ], [ 79.82493699500003, 7.192633053000066 ], [ 79.824910352000074, 7.192634301000055 ], [ 79.824880086000064, 7.192637976000071 ], [ 79.824848558000042, 7.19264398100006 ], [ 79.824770222000041, 7.19266525300003 ], [ 79.824751291000041, 7.192673323000065 ], [ 79.824736873000063, 7.192682909000041 ], [ 79.824723250000034, 7.19269723900004 ], [ 79.824710429000049, 7.192716844000074 ], [ 79.824697078000042, 7.192743741000072 ], [ 79.824678833000064, 7.192786310000031 ], [ 79.824667525000052, 7.192827621000049 ], [ 79.82464863000007, 7.192926979000049 ], [ 79.824589232000051, 7.193152742000052 ], [ 79.824567023000043, 7.193251016000033 ], [ 79.824556958000073, 7.193289763000053 ], [ 79.824547672000051, 7.193318599000065 ], [ 79.824539307000066, 7.193339072000072 ], [ 79.824494113000071, 7.19342578100003 ], [ 79.824487005000037, 7.19344476200007 ], [ 79.824482144000058, 7.193463829000052 ], [ 79.82447484000005, 7.193515306000052 ], [ 79.824472975000049, 7.193550706000053 ], [ 79.824473365000074, 7.193576268000072 ], [ 79.824478695000039, 7.193609888000026 ], [ 79.824494229000038, 7.193653680000068 ], [ 79.824509507000073, 7.193683323000073 ], [ 79.824530498000058, 7.193715704000056 ], [ 79.82455223900007, 7.193743101000052 ], [ 79.824574623000046, 7.193765344000042 ], [ 79.824593958000037, 7.193780029000038 ], [ 79.824614810000071, 7.193793371000027 ], [ 79.824648772000046, 7.193812280000031 ], [ 79.824702009000077, 7.193839084000047 ], [ 79.82473092500004, 7.193856446000041 ], [ 79.824754823000035, 7.193873817000053 ], [ 79.824783726000078, 7.193899922000071 ], [ 79.824820226000043, 7.193939208000074 ], [ 79.824851110000054, 7.193976948000056 ], [ 79.824879668000051, 7.194017452000026 ], [ 79.824905935000061, 7.194060661000037 ], [ 79.824928464000038, 7.194104604000074 ], [ 79.824948257000074, 7.194151074000047 ], [ 79.824966438000047, 7.194202610000048 ], [ 79.82498191600007, 7.194256906000021 ], [ 79.82498808400004, 7.194291195000062 ], [ 79.824991772000033, 7.194326099000023 ], [ 79.824995809000029, 7.194423523000069 ], [ 79.825001206000081, 7.194488558000046 ], [ 79.825009502000057, 7.194533776000071 ], [ 79.82502856900004, 7.19460103800003 ], [ 79.82505192900004, 7.194663973000047 ], [ 79.825080740000033, 7.194724114000053 ], [ 79.825111796000044, 7.194774521000056 ], [ 79.825148282000043, 7.194820348000064 ], [ 79.825189275000071, 7.194861523000043 ], [ 79.825239128000078, 7.194901941000069 ], [ 79.825279852000051, 7.194928658000038 ], [ 79.825299574000042, 7.194938621000063 ], [ 79.825317735000056, 7.194945866000069 ], [ 79.82536219800005, 7.194957378000026 ], [ 79.825404432000084, 7.194963851000068 ], [ 79.825451733000079, 7.194965809000053 ], [ 79.825516932000085, 7.194964705000075 ], [ 79.825576031000082, 7.194970072000046 ], [ 79.825604372000043, 7.194974987000023 ], [ 79.825629266000078, 7.194981248000033 ], [ 79.825649695000038, 7.194987998000045 ], [ 79.825666570000067, 7.194996780000054 ], [ 79.825679238000077, 7.195006916000068 ], [ 79.825691492000033, 7.195019602000059 ], [ 79.825715347000084, 7.195048345000032 ], [ 79.825734799000031, 7.195075390000056 ], [ 79.825762703000066, 7.195123661000025 ], [ 79.825795001000074, 7.19518826500007 ], [ 79.825827228000037, 7.19523951900004 ], [ 79.825846421000051, 7.19526383300007 ], [ 79.825868471000035, 7.195287628000074 ], [ 79.825879956000051, 7.195297894000021 ], [ 79.825892471000031, 7.195305953000059 ], [ 79.825907613000084, 7.195311308000043 ], [ 79.825927343000046, 7.195315158000028 ], [ 79.825975165000045, 7.195320491000075 ], [ 79.826025165000033, 7.19531930900007 ], [ 79.826097884000035, 7.195313308000038 ], [ 79.826128418000053, 7.195313586000054 ], [ 79.826157834000071, 7.195317084000067 ], [ 79.826200718000052, 7.195327378000059 ], [ 79.826240690000077, 7.195340505000047 ], [ 79.826271923000036, 7.195355178000057 ], [ 79.826299715000061, 7.195374492000042 ], [ 79.826328452000041, 7.195402672000057 ], [ 79.826354246000051, 7.195436838000035 ], [ 79.826377453000077, 7.195476242000041 ], [ 79.826404807000074, 7.195533093000051 ], [ 79.826435898000057, 7.195608142000026 ], [ 79.826466442000083, 7.195691038000064 ], [ 79.826483809000081, 7.195755770000062 ], [ 79.826501069000074, 7.195840826000051 ], [ 79.826516865000031, 7.195893518000048 ], [ 79.82652896500008, 7.195921875000067 ], [ 79.826546787000041, 7.195955948000062 ], [ 79.826558058000046, 7.195970645000045 ], [ 79.826573389000032, 7.195984743000054 ], [ 79.82659033200008, 7.195996126000068 ], [ 79.82660757900004, 7.196005421000052 ], [ 79.82664352200004, 7.196017790000042 ], [ 79.82670177600005, 7.196029931000055 ], [ 79.826785836000056, 7.196050160000027 ], [ 79.826870528000029, 7.196065764000025 ], [ 79.826924820000045, 7.196073028000058 ], [ 79.826960457000041, 7.196077797000044 ], [ 79.827060052000036, 7.196087018000071 ], [ 79.827171921000058, 7.19609400500002 ], [ 79.827354312000068, 7.196101321000071 ], [ 79.827483075000032, 7.196108112000047 ], [ 79.827582927000037, 7.19611584200004 ], [ 79.827664409000079, 7.196124956000062 ], [ 79.827783568000029, 7.196143036000024 ], [ 79.827907545000073, 7.19616738700006 ], [ 79.827947985000037, 7.196178043000032 ], [ 79.827982635000069, 7.196189034000042 ], [ 79.828019096000048, 7.196202887000027 ], [ 79.828054351000048, 7.196218609000027 ], [ 79.828095440000084, 7.196240428000067 ], [ 79.828137725000033, 7.196268840000073 ], [ 79.828193132000081, 7.196314142000062 ], [ 79.828238463000048, 7.196354951000046 ], [ 79.828273381000031, 7.196390245000032 ], [ 79.828312408000045, 7.196433811000077 ], [ 79.828419881000059, 7.196562775000075 ], [ 79.828503601000079, 7.196650975000068 ], [ 79.828555718000075, 7.196702120000054 ], [ 79.828642978000062, 7.196784260000072 ], [ 79.828805339000041, 7.196931593000045 ], [ 79.828883087000065, 7.197004858000071 ], [ 79.82896114600004, 7.197082416000057 ], [ 79.829029202000072, 7.197155546000033 ], [ 79.829153839000071, 7.197298825000075 ], [ 79.829270842000085, 7.197444070000074 ], [ 79.829329070000085, 7.197520612000062 ], [ 79.829377692000037, 7.197587519000024 ], [ 79.829423421000058, 7.197653861000049 ], [ 79.829464902000041, 7.197717680000039 ], [ 79.829508176000047, 7.197789993000072 ], [ 79.829550740000059, 7.197872216000064 ], [ 79.829601015000037, 7.197984156000075 ], [ 79.829674707000038, 7.198158850000027 ], [ 79.829710742000032, 7.198234980000052 ], [ 79.829749119000041, 7.198306638000076 ], [ 79.829810067000039, 7.19840935600007 ], [ 79.829853977000084, 7.19847822600002 ], [ 79.829900889000044, 7.198542606000046 ], [ 79.829962422000051, 7.198619993000023 ], [ 79.830006813000068, 7.198683156000072 ], [ 79.830046497000069, 7.198749354000029 ], [ 79.830078284000081, 7.198812452000027 ], [ 79.830101531000082, 7.198878664000063 ], [ 79.83012259700007, 7.198960156000055 ], [ 79.830138481000063, 7.199047883000048 ], [ 79.830153732000042, 7.199168591000046 ], [ 79.830170514000031, 7.199267578000047 ], [ 79.830196183000055, 7.199377457000026 ], [ 79.830215253000063, 7.199450266000042 ], [ 79.83024384600003, 7.199559426000064 ], [ 79.830257467000081, 7.199621277000062 ], [ 79.830267371000048, 7.199674995000066 ], [ 79.830284555000048, 7.199803191000058 ], [ 79.83028962700007, 7.199857823000059 ], [ 79.83029216500006, 7.199903548000066 ], [ 79.830292372000031, 7.199936963000027 ], [ 79.830290736000052, 7.199969605000035 ], [ 79.830280406000043, 7.200048249000076 ], [ 79.830271399000083, 7.200090773000056 ], [ 79.830261016000065, 7.200125799000034 ], [ 79.830248546000064, 7.200157624000042 ], [ 79.83023023700008, 7.200195084000029 ], [ 79.830213095000033, 7.200223765000032 ], [ 79.830195023000044, 7.200247950000062 ], [ 79.830176668000036, 7.200266924000061 ], [ 79.830150824000043, 7.200288186000023 ], [ 79.830108020000068, 7.200318330000073 ], [ 79.830044534000081, 7.200358779000055 ], [ 79.829979474000083, 7.200396674000046 ], [ 79.829920943000047, 7.200427787000024 ], [ 79.829881586000056, 7.200446286000044 ], [ 79.829827515000034, 7.200468788000023 ], [ 79.829716260000055, 7.200509920000059 ], [ 79.829668269000081, 7.200530814000047 ], [ 79.829632454000034, 7.200548716000071 ], [ 79.829593225000053, 7.200571255000057 ], [ 79.829549409000037, 7.200599473000068 ], [ 79.829522951000058, 7.20061914200005 ], [ 79.829502104000085, 7.200637609000069 ], [ 79.829479960000072, 7.200660613000025 ], [ 79.82944832000004, 7.200697665000064 ], [ 79.829394557000057, 7.20076754300004 ], [ 79.829346337000061, 7.200839533000021 ], [ 79.829280401000062, 7.200948457000038 ], [ 79.829230107000058, 7.201025286000061 ], [ 79.829166370000053, 7.201115752000021 ], [ 79.829105362000064, 7.20119526600007 ], [ 79.829060785000081, 7.201246911000055 ], [ 79.829011992000062, 7.201296152000054 ], [ 79.828948782000055, 7.201352903000043 ], [ 79.828882227000065, 7.201406774000077 ], [ 79.828759756000068, 7.201492812000026 ], [ 79.828547846000049, 7.201630139000031 ], [ 79.82841841700008, 7.201709685000026 ], [ 79.828362844000083, 7.20174117800002 ], [ 79.828312890000063, 7.201767398000072 ], [ 79.828238958000043, 7.201802103000034 ], [ 79.828178758000035, 7.201825585000051 ], [ 79.82811960500004, 7.20184443200003 ], [ 79.828003396000042, 7.201875745000052 ], [ 79.827907530000061, 7.201906640000061 ], [ 79.827827421000052, 7.201939568000057 ], [ 79.827774754000075, 7.201966355000025 ], [ 79.827742411000031, 7.201988709000034 ], [ 79.827710873000058, 7.202015721000066 ], [ 79.827669194000066, 7.202057230000037 ], [ 79.827606406000029, 7.202123973000027 ], [ 79.827576462000081, 7.202152020000028 ], [ 79.82754671500004, 7.202175881000073 ], [ 79.827508379000051, 7.202201444000025 ], [ 79.827464651000071, 7.202226592000045 ], [ 79.827329127000041, 7.202293861000044 ], [ 79.827283383000065, 7.202318821000063 ], [ 79.827244384000039, 7.202342988000055 ], [ 79.827212753000083, 7.202365849000046 ], [ 79.827180164000083, 7.202393018000066 ], [ 79.827100471000051, 7.202468760000045 ], [ 79.827039632000037, 7.202520660000062 ], [ 79.826970808000056, 7.202569269000037 ], [ 79.826940712000066, 7.20258780000006 ], [ 79.826911175000077, 7.202603883000052 ], [ 79.826872862000073, 7.20262153300007 ], [ 79.826828528000078, 7.202637822000042 ], [ 79.826782709000042, 7.202650997000035 ], [ 79.826734925000039, 7.202661282000065 ], [ 79.82670175800007, 7.202666458000067 ], [ 79.826670131000071, 7.202668632000041 ], [ 79.826579215000038, 7.202665588000059 ], [ 79.826541277000047, 7.202667182000027 ], [ 79.826507534000029, 7.202670313000056 ], [ 79.826474081000072, 7.20267575500003 ], [ 79.826370741000062, 7.202696420000052 ], [ 79.826252920000059, 7.202722209000058 ], [ 79.826138461000085, 7.202750987000059 ], [ 79.826043568000046, 7.202779770000063 ], [ 79.825956130000066, 7.202812230000063 ], [ 79.825879629000042, 7.202846972000032 ], [ 79.825812185000075, 7.202884084000061 ], [ 79.825739924000061, 7.202930648000063 ], [ 79.825675606000061, 7.202977439000051 ], [ 79.825562583000078, 7.20306647700005 ], [ 79.825424225000063, 7.203181478000033 ], [ 79.825357020000069, 7.203241841000022 ], [ 79.825307928000029, 7.203291768000042 ], [ 79.825270038000042, 7.203340949000051 ], [ 79.825243049000051, 7.203368556000044 ], [ 79.825206487000059, 7.203397976000076 ], [ 79.82511426700006, 7.203463486000032 ], [ 79.825046053000051, 7.203509054000051 ], [ 79.824961423000047, 7.203562949000059 ], [ 79.824875, 7.203615265000053 ], [ 79.824799373000076, 7.203661046000036 ], [ 79.824662174000082, 7.20374759200007 ], [ 79.824588155000072, 7.203791430000024 ], [ 79.824531966000052, 7.203821411000035 ], [ 79.824474904000056, 7.203847740000072 ], [ 79.824402813000063, 7.203875518000075 ], [ 79.82434859600005, 7.203892941000049 ], [ 79.824316178000061, 7.20390112900003 ], [ 79.824281876000043, 7.203907610000044 ], [ 79.824203355000066, 7.20391651400007 ], [ 79.824039310000046, 7.203923933000056 ], [ 79.823911532000068, 7.203927147000059 ], [ 79.823789865000037, 7.203926872000068 ], [ 79.823673905000078, 7.203923422000059 ], [ 79.823490507000031, 7.203912804000026 ], [ 79.823202885000057, 7.203891962000057 ], [ 79.823077398000066, 7.203885917000036 ], [ 79.82299107700004, 7.203884051000045 ], [ 79.822960641000066, 7.203883393000069 ], [ 79.822745351000037, 7.203886878000048 ], [ 79.82253139200003, 7.203894941000044 ], [ 79.822395191000055, 7.203904081000076 ], [ 79.822259012000075, 7.203917958000034 ], [ 79.822150629000078, 7.203934286000049 ], [ 79.822106887000075, 7.203944514000057 ], [ 79.822080761000052, 7.203956009000024 ], [ 79.822049271000083, 7.203977188000067 ], [ 79.822026605000076, 7.203989878000073 ], [ 79.822006204000047, 7.203997826000034 ], [ 79.821982748000039, 7.204004105000024 ], [ 79.821934580000061, 7.204010797000024 ], [ 79.821837659000039, 7.204014620000066 ], [ 79.821764549000079, 7.204022665000025 ], [ 79.821621568000069, 7.204051909000043 ], [ 79.821484149000071, 7.204086661000076 ], [ 79.82134635500006, 7.204127414000027 ], [ 79.821191241000065, 7.204178596000077 ], [ 79.820951610000066, 7.204264298000055 ], [ 79.820813804000068, 7.204317092000053 ], [ 79.820702382000036, 7.204363929000067 ], [ 79.820590452000033, 7.204416832000049 ], [ 79.820407986000077, 7.204512068000042 ], [ 79.820222502000036, 7.20461430000006 ], [ 79.820133799000075, 7.204667573000052 ], [ 79.820051341000067, 7.204723791000049 ], [ 79.819984974000079, 7.20477549900005 ], [ 79.819954402000064, 7.204802673000074 ], [ 79.819925500000068, 7.204830786000059 ], [ 79.819890826000062, 7.204867665000052 ], [ 79.819857274000071, 7.204906937000032 ], [ 79.819825722000076, 7.204947534000041 ], [ 79.819794413000068, 7.204991739000036 ], [ 79.819766839000067, 7.20503463700004 ], [ 79.819743751000033, 7.205074674000059 ], [ 79.819723145000069, 7.205115116000059 ], [ 79.819703853000078, 7.205158582000024 ], [ 79.819687516000045, 7.205200679000029 ], [ 79.819673372000068, 7.205243795000058 ], [ 79.819662338000057, 7.205285743000047 ], [ 79.819654178000064, 7.20532718100003 ], [ 79.819647846000066, 7.20537315200005 ], [ 79.819644500000038, 7.205417737000062 ], [ 79.819644180000068, 7.205460627000036 ], [ 79.819646796000029, 7.205500725000036 ], [ 79.819657042000074, 7.205567399000074 ], [ 79.819675648000043, 7.205640910000056 ], [ 79.819698127000038, 7.20570562000006 ], [ 79.819723049000061, 7.205758083000035 ], [ 79.819753825000078, 7.205807459000027 ], [ 79.819784223000056, 7.205844823000064 ], [ 79.819802744000071, 7.205862953000064 ], [ 79.81982604600006, 7.205882833000032 ], [ 79.819874943000059, 7.205918183000051 ], [ 79.819904099000041, 7.205935726000064 ], [ 79.819941607000032, 7.20595531400005 ], [ 79.820019697000077, 7.205990145000044 ], [ 79.820119275000081, 7.206024850000063 ], [ 79.820231002000071, 7.206058422000069 ], [ 79.820332839000059, 7.206085200000075 ], [ 79.82043658300006, 7.206107190000068 ], [ 79.820537791000049, 7.206123375000061 ], [ 79.820627690000038, 7.206132586000024 ], [ 79.820675623000056, 7.206134355000074 ], [ 79.820735647000049, 7.206134471000041 ], [ 79.820872636000047, 7.206128358000058 ], [ 79.821102188000054, 7.206113168000059 ], [ 79.821310711000081, 7.206096557000023 ], [ 79.821536678000029, 7.206074644000068 ], [ 79.821876736000036, 7.20603819300004 ], [ 79.822111602000064, 7.206008940000061 ], [ 79.822407124000051, 7.205968770000027 ], [ 79.822647080000081, 7.205940413000064 ], [ 79.822836326000072, 7.205924261000064 ], [ 79.82298684400007, 7.205919203000064 ], [ 79.823055403000069, 7.205916901000023 ], [ 79.823129119000043, 7.205912664000039 ], [ 79.823192237000058, 7.205906845000072 ], [ 79.823271243000079, 7.205895014000021 ], [ 79.823350555000047, 7.205877565000037 ], [ 79.823445640000045, 7.205851922000022 ], [ 79.823573465000038, 7.20581458700002 ], [ 79.82368955000004, 7.20578553100006 ], [ 79.823790194000082, 7.205765502000077 ], [ 79.823848185000031, 7.205756195000049 ], [ 79.82389114800003, 7.205751037000027 ], [ 79.823945542000047, 7.205747541000051 ], [ 79.824000280000064, 7.205746659000056 ], [ 79.824061169000061, 7.205748196000059 ], [ 79.824124023000081, 7.205751938000049 ], [ 79.824193297000079, 7.205757866000056 ], [ 79.824261174000071, 7.205765752000048 ], [ 79.824318068000082, 7.205774759000064 ], [ 79.824372620000076, 7.205786243000034 ], [ 79.824437702000068, 7.205804422000028 ], [ 79.824502394000035, 7.205826976000026 ], [ 79.824574132000066, 7.205856582000024 ], [ 79.824646102000031, 7.205889866000064 ], [ 79.824698995000062, 7.205916584000022 ], [ 79.824743846000047, 7.205943834000038 ], [ 79.824782736000031, 7.205971718000058 ], [ 79.824802590000047, 7.205988833000049 ], [ 79.824816199000054, 7.206002807000061 ], [ 79.824838303000035, 7.206034053000053 ], [ 79.824855630000059, 7.206068859000027 ], [ 79.824869270000079, 7.206114968000065 ], [ 79.824879315000032, 7.206160953000051 ], [ 79.824886174000085, 7.206209123000065 ], [ 79.824889721000034, 7.206260628000052 ], [ 79.82489034200006, 7.206389521000062 ], [ 79.824895199000082, 7.206481325000027 ], [ 79.824903746000075, 7.206538874000046 ], [ 79.824914942000078, 7.206592568000076 ], [ 79.824921162000066, 7.206614605000027 ], [ 79.824931351000032, 7.206637618000059 ], [ 79.824942450000037, 7.206654227000058 ], [ 79.82495541600008, 7.20666970700006 ], [ 79.824972007000042, 7.206686719000061 ], [ 79.824987748000069, 7.206699997000044 ], [ 79.825018305000071, 7.206718714000033 ], [ 79.825060127000029, 7.20673742300005 ], [ 79.825092006000034, 7.206755264000037 ], [ 79.825123989000076, 7.20677943000004 ], [ 79.825164938000057, 7.206814441000063 ], [ 79.825203728000076, 7.206841295000061 ], [ 79.825228722000077, 7.206855093000058 ], [ 79.825252867000074, 7.206864084000074 ], [ 79.825276495000082, 7.206865343000061 ], [ 79.825300560000073, 7.206861343000071 ], [ 79.825314235000064, 7.206855664000045 ], [ 79.825327106000032, 7.206847640000035 ], [ 79.82535185100005, 7.206825055000024 ], [ 79.825363432000074, 7.206811406000043 ], [ 79.825371807000067, 7.206798949000074 ], [ 79.82537816200005, 7.206786212000054 ], [ 79.825381751000066, 7.206773092000049 ], [ 79.825382985000033, 7.206748529000038 ], [ 79.825379380000072, 7.206721082000058 ], [ 79.825362685000073, 7.206657638000024 ], [ 79.825354681000078, 7.206614825000031 ], [ 79.825353702000029, 7.206586281000057 ], [ 79.825355606000073, 7.206525852000027 ], [ 79.825361508000071, 7.206460979000042 ], [ 79.825372449000042, 7.20639817700004 ], [ 79.825389130000076, 7.20633665400004 ], [ 79.825411136000071, 7.206276180000032 ], [ 79.82543045400007, 7.206234816000062 ], [ 79.825452915000085, 7.206193858000063 ], [ 79.825488673000052, 7.206135408000023 ], [ 79.825515630000041, 7.206094510000071 ], [ 79.82557034000007, 7.206024494000076 ], [ 79.825642200000061, 7.205942571000037 ], [ 79.825696545000085, 7.205875947000038 ], [ 79.825745464000079, 7.205808859000058 ], [ 79.825772599000061, 7.205768238000076 ], [ 79.82579017200004, 7.205738919000055 ], [ 79.825815201000069, 7.205688179000049 ], [ 79.825837113000034, 7.205634489000033 ], [ 79.825851516000057, 7.205584071000033 ], [ 79.825866571000063, 7.205515540000022 ], [ 79.82587423800004, 7.205489906000025 ], [ 79.825883373000067, 7.205466956000066 ], [ 79.82589600600005, 7.205445158000032 ], [ 79.825913374000038, 7.205421828000055 ], [ 79.825968788000068, 7.205358386000057 ], [ 79.825983553000071, 7.205336976000069 ], [ 79.825993943000071, 7.205316638000056 ], [ 79.826000486000055, 7.205292203000056 ], [ 79.826002247000076, 7.205260211000052 ], [ 79.826000763000081, 7.205240835000041 ], [ 79.825994551000065, 7.205220635000046 ], [ 79.825989126000081, 7.205213666000077 ], [ 79.825981016000071, 7.205206537000038 ], [ 79.825963879000085, 7.205197136000038 ], [ 79.825946910000084, 7.205193474000055 ], [ 79.825926520000053, 7.205195713000023 ], [ 79.825885597000081, 7.205206987000054 ], [ 79.825850738000042, 7.205220030000021 ], [ 79.825818110000057, 7.205236161000073 ], [ 79.825780321000082, 7.205259412000032 ], [ 79.825741897000057, 7.205285771000035 ], [ 79.825695964000033, 7.205320183000026 ], [ 79.825628502000029, 7.205373723000037 ], [ 79.825610150000045, 7.205390507000061 ], [ 79.825597567000045, 7.20540544000005 ], [ 79.825587153000072, 7.205422450000071 ], [ 79.82556715000004, 7.205468228000029 ], [ 79.825547346000064, 7.205503609000061 ], [ 79.825523994000037, 7.205538775000036 ], [ 79.825498927000069, 7.205572424000025 ], [ 79.825465783000084, 7.205611936000025 ], [ 79.825430203000053, 7.205649427000026 ], [ 79.825392073000046, 7.205685236000022 ], [ 79.825352530000032, 7.205718250000075 ], [ 79.825312499000063, 7.20574758600003 ], [ 79.825270691000071, 7.205773931000067 ], [ 79.825226648000069, 7.205797009000037 ], [ 79.825179585000058, 7.205817966000041 ], [ 79.825142428000049, 7.205830850000041 ], [ 79.825104857000042, 7.205839074000039 ], [ 79.825070108000034, 7.205843014000038 ], [ 79.825035562000039, 7.205841625000062 ], [ 79.825010776000056, 7.205836310000052 ], [ 79.824989225000081, 7.205829527000049 ], [ 79.824945171000081, 7.205813428000056 ], [ 79.82489578600007, 7.205792876000032 ], [ 79.824818373000085, 7.205756217000044 ], [ 79.824728433000075, 7.205707976000042 ], [ 79.824686256000064, 7.205688099000042 ], [ 79.824657733000038, 7.205676396000058 ], [ 79.824600746000044, 7.205659153000056 ], [ 79.824536203000036, 7.205647046000024 ], [ 79.824489147000065, 7.205635221000023 ], [ 79.824444934000041, 7.205618035000043 ], [ 79.824389330000031, 7.205590954000058 ], [ 79.82434452900003, 7.205572308000058 ], [ 79.824297953000041, 7.205558781000036 ], [ 79.824211403000049, 7.205537285000048 ], [ 79.824164499000062, 7.20552222300006 ], [ 79.824117926000042, 7.205505021000022 ], [ 79.824088387000074, 7.205492774000049 ], [ 79.82405938200003, 7.205478104000065 ], [ 79.82403789500006, 7.205464139000071 ], [ 79.824018272000046, 7.205447233000029 ], [ 79.824006184000041, 7.205433278000044 ], [ 79.823996134000083, 7.205417795000074 ], [ 79.823986829000035, 7.205399594000028 ], [ 79.823979449000035, 7.205380231000049 ], [ 79.823976650000077, 7.20536488700003 ], [ 79.823976349000077, 7.205349399000056 ], [ 79.823978307000061, 7.205331320000028 ], [ 79.823982199000056, 7.205313561000025 ], [ 79.823988627000062, 7.205298379000055 ], [ 79.823998072000052, 7.205283780000059 ], [ 79.824030948000029, 7.205246392000049 ], [ 79.824052542000061, 7.205213707000041 ], [ 79.824071567000033, 7.205170044000056 ], [ 79.824092513000039, 7.205107374000022 ], [ 79.824112803000048, 7.205058351000048 ], [ 79.824143928000069, 7.205004039000073 ], [ 79.824173718000054, 7.204962888000068 ], [ 79.824195367000073, 7.204940779000026 ], [ 79.824222582000061, 7.20491792100006 ], [ 79.82430634800005, 7.204856695000046 ], [ 79.824333255000056, 7.204832287000045 ], [ 79.824358847000042, 7.204805376000024 ], [ 79.824385096000071, 7.204774806000046 ], [ 79.824423868000054, 7.204725861000043 ], [ 79.824507265000079, 7.204612195000038 ], [ 79.824567089000084, 7.204538819000049 ], [ 79.824651111000037, 7.204439878000073 ], [ 79.824724034000042, 7.204356603000065 ], [ 79.824796956000057, 7.204276184000037 ], [ 79.824869086000035, 7.20420004500005 ], [ 79.824989421000055, 7.204080777000058 ], [ 79.825110568000071, 7.203967115000069 ], [ 79.825173788000029, 7.203912735000074 ], [ 79.825205967000045, 7.203888180000035 ], [ 79.825239398000065, 7.203865060000055 ], [ 79.825277921000065, 7.203842210000062 ], [ 79.825302097000076, 7.203827870000055 ], [ 79.825366368000061, 7.203795276000051 ], [ 79.825439957000071, 7.203765382000029 ], [ 79.825515671000062, 7.203738917000067 ], [ 79.825594147000061, 7.203715270000032 ], [ 79.825674802000037, 7.203695784000047 ], [ 79.825789411000073, 7.203673236000043 ], [ 79.825969107000049, 7.20364132800006 ], [ 79.826049346000048, 7.203624031000061 ], [ 79.826124341000082, 7.203604341000073 ], [ 79.826233545000036, 7.203568219000033 ], [ 79.826340879000043, 7.203528413000072 ], [ 79.82643358200005, 7.203489679000029 ], [ 79.826522634000071, 7.203446838000048 ], [ 79.826592171000073, 7.203409062000048 ], [ 79.826660589000085, 7.203368772000033 ], [ 79.826844238000035, 7.203251523000063 ], [ 79.826975709000067, 7.203162580000026 ], [ 79.827114110000082, 7.203059002000032 ], [ 79.827177044000052, 7.203014945000064 ], [ 79.827218128000084, 7.202988195000046 ], [ 79.827251770000032, 7.202968177000059 ], [ 79.827280153000061, 7.202953206000075 ], [ 79.827319462000048, 7.202934438000057 ], [ 79.827415547000044, 7.202893311000025 ], [ 79.827453503000072, 7.202873829000055 ], [ 79.827483956000037, 7.202855369000076 ], [ 79.827522530000067, 7.202826283000036 ], [ 79.827576480000062, 7.20277847400007 ], [ 79.827622182000084, 7.202743210000051 ], [ 79.827674650000063, 7.202712517000066 ], [ 79.827745349000054, 7.202677238000035 ], [ 79.827776777000054, 7.202658310000061 ], [ 79.827800465000053, 7.202642024000056 ], [ 79.827850641000055, 7.202598568000042 ], [ 79.827917422000041, 7.20253045100003 ], [ 79.827977480000072, 7.202476757000056 ], [ 79.828014525000071, 7.202447840000048 ], [ 79.828053005000072, 7.202420455000038 ], [ 79.828086313000085, 7.202398435000021 ], [ 79.828119300000083, 7.202379873000041 ], [ 79.828152872000032, 7.202364845000034 ], [ 79.828186044000063, 7.202352432000055 ], [ 79.828215374000081, 7.202343952000035 ], [ 79.828243771000075, 7.202339115000029 ], [ 79.82826486600004, 7.202337955000075 ], [ 79.828303339000058, 7.202339755000025 ], [ 79.828401125000084, 7.202349750000053 ], [ 79.828530488000069, 7.20236840900003 ], [ 79.828707352000038, 7.202397133000034 ], [ 79.82879392500007, 7.202412369000058 ], [ 79.828864862000046, 7.202426904000049 ], [ 79.828938118000053, 7.202444645000071 ], [ 79.828978269000061, 7.202457114000026 ], [ 79.829016686000045, 7.202472822000061 ], [ 79.829068648000032, 7.202498759000036 ], [ 79.829108571000063, 7.202522286000033 ], [ 79.829139358000077, 7.202545962000045 ], [ 79.829149978000032, 7.202556809000043 ], [ 79.829160705000049, 7.202570670000057 ], [ 79.829170025000053, 7.202584777000027 ], [ 79.829186821000064, 7.202616065000029 ], [ 79.829205916000035, 7.202639782000062 ], [ 79.829233996000085, 7.202661445000047 ], [ 79.829273561000036, 7.202685563000045 ], [ 79.829303413000048, 7.20271208500003 ], [ 79.829325617000052, 7.20273908300004 ], [ 79.829347160000054, 7.202768621000075 ], [ 79.829392793000068, 7.202839256000061 ], [ 79.829423365000082, 7.202896258000067 ], [ 79.829450532000067, 7.202956598000071 ], [ 79.82947383100003, 7.203019303000076 ], [ 79.829494632000035, 7.203087460000063 ], [ 79.82950866300007, 7.203142023000055 ], [ 79.829515300000082, 7.203179599000066 ], [ 79.829514765000056, 7.203193471000077 ], [ 79.829512305000037, 7.203207477000035 ], [ 79.829507616000058, 7.203222916000072 ], [ 79.829501695000033, 7.203235995000057 ], [ 79.82949052500004, 7.203252170000042 ], [ 79.829476787000033, 7.203266760000076 ], [ 79.829458678000037, 7.203282862000037 ], [ 79.829445451000083, 7.20329266400006 ], [ 79.82943750700008, 7.203298551000046 ], [ 79.829416929000047, 7.203311546000066 ], [ 79.82939659200008, 7.203322075000074 ], [ 79.829372131000071, 7.203332698000054 ], [ 79.829347553000048, 7.203341180000052 ], [ 79.829317626000034, 7.203348122000023 ], [ 79.82928495200008, 7.203353563000064 ], [ 79.829206996000039, 7.203361509000047 ], [ 79.829128155000035, 7.203362678000076 ], [ 79.82904162300008, 7.203358813000023 ], [ 79.828978135000057, 7.203357899000025 ], [ 79.828926955000043, 7.203360643000053 ], [ 79.828877473000034, 7.20336842200004 ], [ 79.828838027000074, 7.203378912000062 ], [ 79.828798371000062, 7.203391814000042 ], [ 79.828756815000077, 7.203407266000056 ], [ 79.828714398000045, 7.203425057000061 ], [ 79.828628411000068, 7.203467492000073 ], [ 79.828544690000058, 7.203515891000052 ], [ 79.828489644000058, 7.203551655000069 ], [ 79.828416148000031, 7.203604272000064 ], [ 79.828331670000068, 7.20366793900007 ], [ 79.828218722000031, 7.203756278000071 ], [ 79.828034658000036, 7.203906270000061 ], [ 79.827856402000066, 7.204060942000069 ], [ 79.827707876000034, 7.204196159000048 ], [ 79.827610356000037, 7.20428756900003 ], [ 79.827567578000071, 7.20432997000006 ], [ 79.827526707000061, 7.204373927000063 ], [ 79.827485680000052, 7.204422197000042 ], [ 79.827436792000071, 7.20448411600006 ], [ 79.827395552000041, 7.20453972200005 ], [ 79.827339434000066, 7.20462241000007 ], [ 79.827283185000056, 7.204713903000027 ], [ 79.827221757000075, 7.204822157000024 ], [ 79.827159701000085, 7.204938076000076 ], [ 79.827116380000064, 7.205028420000076 ], [ 79.827074013000072, 7.205125957000064 ], [ 79.826988985000071, 7.20533929100003 ], [ 79.826936509000063, 7.205466201000036 ], [ 79.826900267000042, 7.205547328000023 ], [ 79.826861101000077, 7.205628967000052 ], [ 79.826754802000039, 7.205836506000026 ], [ 79.82660254700005, 7.206118010000068 ], [ 79.82648653800004, 7.206341509000026 ], [ 79.826388082000051, 7.206549887000051 ], [ 79.826273645000072, 7.206808138000042 ], [ 79.826223092000077, 7.206915995000031 ], [ 79.826188967000064, 7.206985148000058 ], [ 79.826151855000035, 7.207055918000037 ], [ 79.826123408000058, 7.207106244000045 ], [ 79.826053500000057, 7.20721168700004 ], [ 79.826026438000042, 7.20725641100006 ], [ 79.826007961000073, 7.20729067000002 ], [ 79.825994089000062, 7.20732117700004 ], [ 79.825979094000047, 7.207364425000037 ], [ 79.825967371000047, 7.207413066000072 ], [ 79.825958028000059, 7.207470408000063 ], [ 79.825949836000063, 7.207543307000037 ], [ 79.825938329000053, 7.207688920000066 ], [ 79.825932696000052, 7.207844583000053 ], [ 79.825923816000056, 7.208012225000061 ], [ 79.825915605000034, 7.208109539000077 ], [ 79.825905025000054, 7.208189630000049 ], [ 79.825900128000058, 7.208238938000022 ], [ 79.825895384000034, 7.208268361000023 ], [ 79.82588730100008, 7.208294615000057 ], [ 79.825873715000057, 7.208319354000025 ], [ 79.825856599000076, 7.20834184000006 ], [ 79.828404316000046, 7.208302108000055 ], [ 79.828390229000036, 7.208267233000072 ], [ 79.82837633500003, 7.208219744000075 ], [ 79.82836969300007, 7.208182693000026 ], [ 79.828367660000083, 7.208148761000075 ], [ 79.828370135000057, 7.208112081000024 ], [ 79.828377536000062, 7.208065012000077 ], [ 79.828392791000056, 7.207986479000056 ], [ 79.828408074000038, 7.207926860000043 ], [ 79.828426335000074, 7.207874419000063 ], [ 79.828426962000037, 7.207872618000067 ], [ 79.828447681000057, 7.207829396000022 ], [ 79.828465394000034, 7.20780052200007 ], [ 79.828522251000038, 7.207715287000042 ], [ 79.828560416000073, 7.207642250000049 ], [ 79.828573263000067, 7.207620267000038 ], [ 79.828592212000046, 7.207594637000057 ], [ 79.828615856000056, 7.207568946000038 ], [ 79.828659954000045, 7.207529909000073 ], [ 79.828759283000068, 7.207452604000025 ], [ 79.828897512000083, 7.207358507000038 ], [ 79.829002256000081, 7.207282449000047 ], [ 79.829034105000062, 7.207254320000061 ], [ 79.829048266000029, 7.207236910000063 ], [ 79.829058510000038, 7.207224317000055 ], [ 79.829078024000069, 7.207193176000033 ], [ 79.829095324000036, 7.207158550000031 ], [ 79.829110835000051, 7.207118549000029 ], [ 79.829116309000085, 7.207094244000075 ], [ 79.829117911000083, 7.207070768000051 ], [ 79.829116728000031, 7.20704382100007 ], [ 79.829103833000033, 7.206953014000021 ], [ 79.829100965000066, 7.206920497000056 ], [ 79.82910195200003, 7.206889779000051 ], [ 79.829107546000046, 7.206863424000062 ], [ 79.829119797000033, 7.206833998000036 ], [ 79.829134392000071, 7.206804294000051 ], [ 79.829147952000085, 7.206781369000055 ], [ 79.829161498000076, 7.206763083000055 ], [ 79.829174751000039, 7.206749634000062 ], [ 79.829188074000058, 7.206740482000043 ], [ 79.829201598000054, 7.206735517000027 ], [ 79.829217444000051, 7.206733751000058 ], [ 79.829240134000031, 7.206735873000071 ], [ 79.829267469000058, 7.206742776000056 ], [ 79.82937253800003, 7.206782046000058 ], [ 79.829409837000071, 7.206800315000066 ], [ 79.829493983000077, 7.206848681000054 ], [ 79.829535547000035, 7.206867061000025 ], [ 79.829567577000034, 7.206876528000066 ], [ 79.829602201000057, 7.20688427400006 ], [ 79.829638236000051, 7.206890027000043 ], [ 79.829675743000053, 7.206893816000047 ], [ 79.82973314700007, 7.206895784000039 ], [ 79.829792625000039, 7.206893454000067 ], [ 79.829853434000086, 7.206886835000034 ], [ 79.829913523000073, 7.206876154000042 ], [ 79.829939172000081, 7.206868840000027 ], [ 79.829967340000053, 7.206857988000024 ], [ 79.830058248000057, 7.206814314000042 ], [ 79.830091438000068, 7.206800104000024 ], [ 79.830124176000083, 7.206789627000035 ], [ 79.830154318000041, 7.206784295000034 ], [ 79.830183136000073, 7.206782412000052 ], [ 79.830213273000084, 7.206782425000029 ], [ 79.830276406000053, 7.206788123000024 ], [ 79.830341421000071, 7.206801252000048 ], [ 79.830373933000033, 7.206810585000028 ], [ 79.830402574000061, 7.206820651000044 ], [ 79.83045149700007, 7.206843122000066 ], [ 79.830501628000036, 7.206872728000064 ], [ 79.830553071000054, 7.206909522000046 ], [ 79.830606171000056, 7.206953751000071 ], [ 79.830646182000066, 7.206990953000059 ], [ 79.830670897000061, 7.207018457000061 ], [ 79.830695665000064, 7.207051172000035 ], [ 79.83075432000004, 7.207135693000055 ], [ 79.830788785000038, 7.207177224000077 ], [ 79.83081184200006, 7.207199286000048 ], [ 79.830838818000075, 7.207221546000028 ], [ 79.830868412000029, 7.207242914000062 ], [ 79.830901435000044, 7.207264026000075 ], [ 79.830971662000081, 7.207302844000026 ], [ 79.831130156000029, 7.207381466000072 ], [ 79.831335413000033, 7.207492643000023 ], [ 79.831559042000038, 7.207608581000045 ], [ 79.831633599000043, 7.207644293000044 ], [ 79.831742082000062, 7.207693056000039 ], [ 79.831801604000077, 7.207719811000061 ], [ 79.831872947000079, 7.207754602000023 ], [ 79.831932438000081, 7.207787186000076 ], [ 79.831996258000061, 7.207827634000068 ], [ 79.832019940000066, 7.20784055300004 ], [ 79.832271569000056, 7.207931969000072 ], [ 79.83242716500007, 7.207986116000029 ], [ 79.832510959000047, 7.208010212000033 ], [ 79.832594759000074, 7.208031317000064 ], [ 79.832636674000071, 7.208034394000038 ], [ 79.832741476000081, 7.208034609000038 ], [ 79.832825331000038, 7.208028800000022 ], [ 79.832891232000065, 7.208016973000042 ], [ 79.832981076000067, 7.20801117700006 ], [ 79.833082878000084, 7.208014376000051 ], [ 79.833208611000032, 7.208029587000055 ], [ 79.833341135000069, 7.208055196000032 ], [ 79.833598624000047, 7.208128205000037 ], [ 79.83391483500003, 7.208191964000036 ], [ 79.834299421000082, 7.208246915000075 ], [ 79.834636273000058, 7.208311622000053 ], [ 79.83476741100003, 7.20833693700007 ], [ 79.834820536000052, 7.208347625000044 ], [ 79.834937917000047, 7.208371193000062 ], [ 79.835000182000044, 7.208383438000055 ], [ 79.835145985000054, 7.208410047000029 ], [ 79.835276263000083, 7.208414202000029 ], [ 79.835446644000058, 7.208384199000022 ], [ 79.835652730000049, 7.208348735000072 ], [ 79.83580033100003, 7.208316153000055 ], [ 79.835840921000056, 7.208303692000072 ], [ 79.835916242000053, 7.208275320000041 ], [ 79.835975283000039, 7.208247167000025 ], [ 79.836024559000066, 7.208216652000033 ], [ 79.836048059000063, 7.208197791000032 ], [ 79.836071946000061, 7.208174693000046 ], [ 79.836098022000044, 7.208145529000035 ], [ 79.836178291000067, 7.20804901300005 ], [ 79.83619875800008, 7.208028051000042 ], [ 79.836258059000045, 7.207972535000067 ], [ 79.836303643000065, 7.207932434000043 ], [ 79.836344101000066, 7.207900567000024 ], [ 79.83638039300007, 7.207875781000041 ], [ 79.836426335000056, 7.20784883500005 ], [ 79.836472441000069, 7.20782540700003 ], [ 79.836518887000068, 7.207805307000058 ], [ 79.836563391000084, 7.207789388000037 ], [ 79.836611897000068, 7.207775493000042 ], [ 79.836664350000035, 7.207763517000046 ], [ 79.83675326000008, 7.207746667000038 ], [ 79.836787892000075, 7.207744332000061 ], [ 79.83682318700005, 7.207747420000032 ], [ 79.83707860800007, 7.207778296000072 ], [ 79.837118634000035, 7.207758044000059 ], [ 79.837162288000059, 7.207727947000024 ], [ 79.837228981000067, 7.20767174100007 ], [ 79.837266415000045, 7.207634121000069 ], [ 79.837290754000037, 7.20760548100003 ], [ 79.837315597000043, 7.207572974000072 ], [ 79.83734544400005, 7.207530017000067 ], [ 79.837364536000052, 7.207499534000021 ], [ 79.837389962000032, 7.207448618000058 ], [ 79.837431577000075, 7.207348213000046 ], [ 79.837449783000068, 7.207308289000025 ], [ 79.837470741000061, 7.207269974000042 ], [ 79.837504941000077, 7.207215355000073 ], [ 79.83753837200004, 7.207166631000064 ], [ 79.837575135000066, 7.207116965000068 ], [ 79.837679071000082, 7.20698817300007 ], [ 79.837749121000058, 7.20689006200007 ], [ 79.837814340000079, 7.20673746500006 ], [ 79.837857604000078, 7.206665782000073 ], [ 79.837888894000059, 7.206594077000034 ], [ 79.837908209000034, 7.206519953000054 ], [ 79.837920329000042, 7.206450600000039 ], [ 79.837922915000036, 7.206357303000061 ], [ 79.837927892000039, 7.206266405000065 ], [ 79.837930459000063, 7.206182678000062 ], [ 79.83794498900005, 7.206106152000075 ], [ 79.837969125000029, 7.206017685000063 ], [ 79.838005204000069, 7.205945988000053 ], [ 79.83801217000007, 7.205928702000051 ], [ 79.838028130000055, 7.205886403000022 ], [ 79.838034415000038, 7.205846112000074 ], [ 79.838038002000076, 7.205789339000034 ], [ 79.838039367000079, 7.205739698000059 ], [ 79.838038034000078, 7.205673574000059 ], [ 79.838024735000033, 7.20560060300005 ], [ 79.838006944000085, 7.205539534000025 ], [ 79.837957793000044, 7.205448383000032 ], [ 79.837911340000062, 7.205373714000075 ], [ 79.837888916000054, 7.205317464000075 ], [ 79.837871267000082, 7.205263481000031 ], [ 79.837869839000064, 7.205192633000024 ], [ 79.837882219000051, 7.205102607000072 ], [ 79.837895487000083, 7.204939324000065 ], [ 79.837892917000033, 7.204811798000037 ], [ 79.837920231000055, 7.204641146000029 ], [ 79.837949116000061, 7.204548426000031 ], [ 79.837989966000066, 7.204462552000052 ], [ 79.83808626900003, 7.204193648000057 ], [ 79.83811888200006, 7.204051238000034 ], [ 79.838149792000081, 7.203880428000048 ], [ 79.838150271000075, 7.203772438000044 ], [ 79.838156873000059, 7.203648027000042 ], [ 79.838158418000035, 7.203551988000072 ], [ 79.838158417000045, 7.203440663000038 ], [ 79.838156465000054, 7.203336053000044 ], [ 79.838152078000064, 7.203271288000053 ], [ 79.838141331000031, 7.203173320000076 ], [ 79.838133726000081, 7.203127013000028 ], [ 79.838121778000072, 7.203078661000063 ], [ 79.838069018000056, 7.20284489900007 ], [ 79.838002336000045, 7.202653375000068 ], [ 79.837921262000066, 7.202471391000074 ], [ 79.837868767000032, 7.202370807000023 ], [ 79.837773281000068, 7.202207931000032 ], [ 79.83767298500004, 7.202054617000044 ], [ 79.837553466000031, 7.201929971000027 ], [ 79.837414754000065, 7.201819640000053 ], [ 79.837275944000055, 7.201757155000053 ], [ 79.837185015000045, 7.201709123000057 ], [ 79.837094046000061, 7.201680229000033 ], [ 79.836975813000038, 7.201547145000063 ], [ 79.836847405000071, 7.201377776000072 ], [ 79.836797753000042, 7.201315987000044 ], [ 79.836746006000055, 7.201256170000022 ], [ 79.836696137000047, 7.201208224000027 ], [ 79.836664830000075, 7.201183251000032 ], [ 79.836633234000033, 7.20116200800004 ], [ 79.83660113500008, 7.20114435000005 ], [ 79.836568385000078, 7.201130198000044 ], [ 79.836520179000047, 7.201115934000029 ], [ 79.836395603000085, 7.20109461800007 ], [ 79.836369987000069, 7.201085927000065 ], [ 79.836350191000065, 7.201074825000035 ], [ 79.836285564000036, 7.201033103000043 ], [ 79.836218470000063, 7.200985291000052 ], [ 79.836202892000074, 7.200971842000058 ], [ 79.836142933000076, 7.200909110000055 ], [ 79.836067933000038, 7.200826480000046 ], [ 79.83596016100006, 7.200716320000026 ], [ 79.835851180000077, 7.200597782000045 ], [ 79.835807730000056, 7.200548446000028 ], [ 79.835794251000038, 7.200528917000042 ], [ 79.835777538000059, 7.200500663000071 ], [ 79.83575528700004, 7.200455838000039 ], [ 79.835731304000035, 7.200395179000054 ], [ 79.83571101900003, 7.200329041000032 ], [ 79.835713320000082, 7.200294364000058 ], [ 79.835725559000082, 7.200269555000034 ], [ 79.835777951000068, 7.200227360000042 ], [ 79.835807910000085, 7.200199088000033 ], [ 79.835838912000042, 7.200163057000054 ], [ 79.835866469000052, 7.200123009000038 ], [ 79.835885649000033, 7.200088878000031 ], [ 79.835902881000038, 7.200052071000073 ], [ 79.835918235000065, 7.200012435000076 ], [ 79.835931809000044, 7.199969729000031 ], [ 79.835950799000045, 7.199890595000056 ], [ 79.83596581300003, 7.199798910000027 ], [ 79.835976551000044, 7.199703570000054 ], [ 79.835999450000031, 7.199447786000064 ], [ 79.836009018000084, 7.199373599000069 ], [ 79.836020265000059, 7.199308947000077 ], [ 79.836046673000055, 7.199188261000074 ], [ 79.836067030000038, 7.19912664900005 ], [ 79.83608193300006, 7.19908932200002 ], [ 79.836115326000083, 7.199024315000031 ], [ 79.836141134000059, 7.198962046000076 ], [ 79.836162692000073, 7.198905220000029 ], [ 79.836237747000041, 7.198716757000057 ], [ 79.836271587000056, 7.198568502000057 ], [ 79.836271862000046, 7.198434531000032 ], [ 79.836267355000075, 7.198295766000058 ], [ 79.83625801800008, 7.198176128000057 ], [ 79.836234396000066, 7.198013402000072 ], [ 79.836191572000075, 7.197869774000026 ], [ 79.836158331000036, 7.197726164000073 ], [ 79.836091660000079, 7.197529856000074 ], [ 79.835961060000045, 7.197217117000037 ], [ 79.835914538000054, 7.19705562300004 ], [ 79.83579252100003, 7.196646419000047 ], [ 79.835730721000061, 7.196422605000066 ], [ 79.835703926000065, 7.196314880000045 ], [ 79.835680934000038, 7.196213109000041 ], [ 79.835635256000046, 7.195979344000023 ], [ 79.835625619000041, 7.195837675000064 ], [ 79.835659302000067, 7.195765975000029 ], [ 79.83578903800003, 7.195579636000048 ], [ 79.836000243000058, 7.195290306000061 ], [ 79.836041601000034, 7.195245078000028 ], [ 79.836120985000036, 7.195143405000067 ], [ 79.83617253400007, 7.19508298300002 ], [ 79.836195621000059, 7.195057955000038 ], [ 79.836244433000047, 7.195013673000062 ], [ 79.836271497000041, 7.194991811000023 ], [ 79.836304565000034, 7.194970845000057 ], [ 79.836339838000072, 7.194954543000051 ], [ 79.836387925000054, 7.194940064000036 ], [ 79.836424711000063, 7.194931439000072 ], [ 79.836508323000032, 7.194915879000064 ], [ 79.836609807000059, 7.194894045000069 ], [ 79.836635184000045, 7.194890351000026 ], [ 79.836665220000043, 7.194888106000064 ], [ 79.83672621900007, 7.194888544000037 ], [ 79.836800519000064, 7.194893670000056 ], [ 79.836856774000069, 7.194899691000046 ], [ 79.836957645000041, 7.194914947000029 ], [ 79.837010713000041, 7.194920093000064 ], [ 79.837058857000045, 7.194922914000074 ], [ 79.837119437000069, 7.194923465000045 ], [ 79.837207775000081, 7.194921480000062 ], [ 79.837263095000083, 7.194917860000032 ], [ 79.837314150000054, 7.194911454000021 ], [ 79.837402861000044, 7.19488433500004 ], [ 79.837528862000056, 7.194852839000021 ], [ 79.837578114000053, 7.194839058000071 ], [ 79.837922717000083, 7.194732316000056 ], [ 79.83814801300008, 7.194670575000032 ], [ 79.838387684000054, 7.194608862000052 ], [ 79.838588939000033, 7.194590133000077 ], [ 79.838699099000053, 7.194604712000057 ], [ 79.838761342000055, 7.194623978000038 ], [ 79.838866633000066, 7.194676824000055 ], [ 79.838948047000031, 7.194691343000045 ], [ 79.839077392000036, 7.194696391000036 ], [ 79.839182839000046, 7.194672683000022 ], [ 79.839345835000074, 7.194620383000029 ], [ 79.839547150000044, 7.194572945000061 ], [ 79.839729183000031, 7.194582885000045 ], [ 79.839983071000063, 7.194597756000064 ], [ 79.840225423000049, 7.194637641000043 ], [ 79.840321090000032, 7.194659347000027 ], [ 79.840573683000059, 7.194722628000022 ], [ 79.840811364000047, 7.194784808000065 ], [ 79.841045610000037, 7.194845070000042 ], [ 79.841240370000037, 7.194890993000058 ], [ 79.841409502000033, 7.194926734000035 ], [ 79.84157570800005, 7.194956701000024 ], [ 79.841746744000034, 7.194982042000049 ], [ 79.841958557000055, 7.195008520000044 ], [ 79.842335902000059, 7.195051794000051 ], [ 79.842485465000038, 7.195071496000025 ], [ 79.84261470000007, 7.195091029000025 ], [ 79.84274488300008, 7.195114029000024 ], [ 79.842872274000058, 7.195140669000068 ], [ 79.842999908000081, 7.195172100000036 ], [ 79.843128197000055, 7.195207913000047 ], [ 79.843313977000037, 7.195266104000041 ], [ 79.84532613600004, 7.195924406000074 ], [ 79.846106293000048, 7.196299190000047 ], [ 79.846426751000081, 7.196562996000068 ], [ 79.846613052000066, 7.196831316000043 ], [ 79.846737161000078, 7.197056448000069 ], [ 79.846779939000044, 7.197223999000073 ], [ 79.846765276000042, 7.197367510000049 ], [ 79.846726754000031, 7.197463126000059 ], [ 79.846611414000051, 7.197639927000068 ], [ 79.846563225000068, 7.197778587000073 ], [ 79.84655341000007, 7.197893400000055 ], [ 79.846591495000041, 7.198013094000032 ], [ 79.846618097000032, 7.198071855000023 ], [ 79.846639191000065, 7.198118454000053 ], [ 79.846844629000032, 7.198401166000053 ], [ 79.847064516000046, 7.198645630000044 ], [ 79.847164932000055, 7.198741527000038 ], [ 79.847284521000063, 7.198832678000031 ], [ 79.847399386000063, 7.198890326000026 ], [ 79.847567011000081, 7.19891937400007 ], [ 79.847801756000081, 7.198924631000068 ], [ 79.848357619000069, 7.198868336000032 ], [ 79.848487041000055, 7.198835104000068 ], [ 79.848611693000066, 7.198792294000043 ], [ 79.848693235000042, 7.198744611000052 ], [ 79.848765233000051, 7.198677770000074 ], [ 79.848818166000058, 7.198563044000025 ], [ 79.848943957000074, 7.198330283000075 ], [ 79.849024046000068, 7.198191377000057 ], [ 79.849107772000082, 7.198054116000037 ], [ 79.849195309000038, 7.197918164000043 ], [ 79.849292446000049, 7.197775246000049 ], [ 79.849393470000052, 7.197634458000039 ], [ 79.84949814600003, 7.197496130000047 ], [ 79.849606220000055, 7.197360597000056 ], [ 79.849717430000055, 7.197228185000029 ], [ 79.849831510000058, 7.197099216000026 ], [ 79.84994817900008, 7.196974004000026 ], [ 79.850067162000073, 7.196852847000059 ], [ 79.850125959000081, 7.196795477000023 ], [ 79.850177646000077, 7.19674803700002 ], [ 79.85023461000003, 7.196699082000066 ], [ 79.850294631000054, 7.196650730000044 ], [ 79.850358553000035, 7.19660235200007 ], [ 79.850426003000052, 7.196554276000029 ], [ 79.850554790000047, 7.196431365000024 ], [ 79.850626788000056, 7.196364525000035 ], [ 79.850727637000034, 7.196245110000064 ], [ 79.850804466000056, 7.19615914000002 ], [ 79.850890875000061, 7.196073188000071 ], [ 79.850967646000072, 7.196015927000076 ], [ 79.851077951000036, 7.195958731000076 ], [ 79.851216984000075, 7.195911164000051 ], [ 79.851317650000055, 7.195882658000073 ], [ 79.851533375000031, 7.195816105000063 ], [ 79.851710802000071, 7.195735121000041 ], [ 79.852070591000029, 7.195501393000029 ], [ 79.852358564000042, 7.195243598000047 ], [ 79.852622612000062, 7.194971399000053 ], [ 79.852781413000059, 7.194622434000053 ], [ 79.853031617000056, 7.194087048000029 ], [ 79.853118209000058, 7.193910187000029 ], [ 79.853185502000031, 7.193800273000022 ], [ 79.853252853000072, 7.19366165200006 ], [ 79.853325111000061, 7.193465625000044 ], [ 79.853349334000029, 7.193331700000044 ], [ 79.853383197000085, 7.193169088000047 ], [ 79.853440966000051, 7.193030448000059 ], [ 79.853575505000038, 7.19283454300006 ], [ 79.853647569000032, 7.192734210000026 ], [ 79.85375821100007, 7.192509550000068 ], [ 79.853820696000071, 7.192381153000042 ], [ 79.853886657000032, 7.192194896000046 ], [ 79.853916133000041, 7.192079008000064 ], [ 79.853971167000054, 7.191882780000071 ], [ 79.85399549300007, 7.191697420000025 ], [ 79.853995853000072, 7.191517994000037 ], [ 79.853972320000082, 7.191308616000072 ], [ 79.85397266800004, 7.191135172000031 ], [ 79.853997090000064, 7.190901965000023 ], [ 79.854069386000049, 7.190686798000058 ], [ 79.854117462000033, 7.190603162000059 ], [ 79.854177611000068, 7.190471703000071 ], [ 79.854231821000042, 7.190316308000035 ], [ 79.854267980000031, 7.190202744000032 ], [ 79.854268256000069, 7.190065184000048 ], [ 79.854262616000085, 7.189891726000042 ], [ 79.854263, 7.189700338000023 ], [ 79.854275457000085, 7.189461128000062 ], [ 79.854347620000055, 7.189311749000069 ], [ 79.85443768600004, 7.189192312000046 ], [ 79.854635597000083, 7.189049167000064 ], [ 79.854749535000053, 7.188971643000059 ], [ 79.854899452000041, 7.188870267000027 ], [ 79.855097348000072, 7.188733102000072 ], [ 79.855235396000069, 7.188577876000068 ], [ 79.855538546000048, 7.188155757000061 ], [ 79.855679333000069, 7.187975883000036 ], [ 79.85581901200004, 7.187792413000068 ], [ 79.855947473000072, 7.187615235000067 ], [ 79.856058350000069, 7.187451685000042 ], [ 79.856125938000048, 7.18734498300006 ], [ 79.85618789800003, 7.187240827000039 ], [ 79.856246399000042, 7.187135252000076 ], [ 79.856299751000051, 7.187030930000049 ], [ 79.856321151000031, 7.186994650000031 ], [ 79.856356064000067, 7.186945251000054 ], [ 79.856406738000032, 7.186886959000049 ], [ 79.856429310000067, 7.186858268000037 ], [ 79.856452067000077, 7.186826785000051 ], [ 79.856471624000051, 7.186796025000035 ], [ 79.856487596000079, 7.186764113000038 ], [ 79.856510387000071, 7.186711144000071 ], [ 79.856528999000034, 7.186662092000063 ], [ 79.856539094000084, 7.18662538500007 ], [ 79.856550889000061, 7.186596751000025 ], [ 79.856571756000051, 7.186558331000072 ], [ 79.856624254000053, 7.186473791000026 ], [ 79.856729045000066, 7.186316818000023 ], [ 79.856831070000055, 7.186158613000032 ], [ 79.856930327000043, 7.185999177000042 ], [ 79.857026819000055, 7.185838512000032 ], [ 79.857120545000043, 7.185676616000023 ], [ 79.857211505000066, 7.185513488000026 ], [ 79.857299698000077, 7.185349130000077 ], [ 79.85738460500005, 7.185184567000022 ], [ 79.857463607000057, 7.185025321000069 ], [ 79.857540122000046, 7.184864876000063 ], [ 79.857616712000038, 7.184697518000064 ], [ 79.857691152000029, 7.184527776000039 ], [ 79.857742808000069, 7.184418175000076 ], [ 79.857831515000044, 7.184245893000025 ], [ 79.857910515000071, 7.184098953000046 ], [ 79.85817336100007, 7.183710027000075 ], [ 79.858303170000056, 7.183480619000022 ], [ 79.85836110300005, 7.183258244000058 ], [ 79.858354275000067, 7.183078803000058 ], [ 79.858340319000035, 7.182870641000022 ], [ 79.858319161000054, 7.182669641000075 ], [ 79.858269259000053, 7.182468583000059 ], [ 79.858220242000073, 7.182359212000051 ], [ 79.858158359000072, 7.182225060000064 ], [ 79.858132106000085, 7.182177159000048 ], [ 79.858086694000065, 7.182126830000072 ], [ 79.858002971000076, 7.182069247000072 ], [ 79.857909618000065, 7.182035567000071 ], [ 79.85776115200008, 7.182011349000049 ], [ 79.857658208000032, 7.181982434000076 ], [ 79.857581623000044, 7.181948789000046 ], [ 79.857521848000033, 7.181893645000059 ], [ 79.857459735000077, 7.181809789000056 ], [ 79.85741919600008, 7.181718799000066 ], [ 79.857404981000059, 7.181639823000069 ], [ 79.857405206000067, 7.181527383000059 ], [ 79.857422127000063, 7.181450860000041 ], [ 79.85745576100004, 7.181401167000047 ], [ 79.857488163000085, 7.181368934000034 ], [ 79.857511811000052, 7.181353650000062 ], [ 79.857632072000058, 7.18127591800004 ], [ 79.857876616000055, 7.18116875000004 ], [ 79.858430333000058, 7.180976070000042 ], [ 79.858732407000048, 7.180847484000026 ], [ 79.858849087000067, 7.180768582000042 ], [ 79.858912303000068, 7.180725831000075 ], [ 79.859148965000031, 7.180496031000075 ], [ 79.85922107600004, 7.180442565000021 ], [ 79.859292020000055, 7.180384446000062 ], [ 79.859360475000074, 7.180322880000062 ], [ 79.859428530000059, 7.180256065000037 ], [ 79.859495351000078, 7.180184782000026 ], [ 79.859562269000037, 7.180107545000055 ], [ 79.859647391000067, 7.180000620000044 ], [ 79.859733338000069, 7.179882686000042 ], [ 79.859822597000061, 7.179749756000035 ], [ 79.859908430000075, 7.179612409000072 ], [ 79.859986137000078, 7.179481051000039 ], [ 79.860071582000046, 7.179330484000047 ], [ 79.860310367000068, 7.178892518000055 ], [ 79.860457730000064, 7.178631197000072 ], [ 79.860504424000055, 7.178552524000054 ], [ 79.860611619000053, 7.178377768000075 ], [ 79.860662916000081, 7.178295993000063 ], [ 79.860966030000043, 7.177873432000069 ], [ 79.861081378000051, 7.177687056000025 ], [ 79.861196997000036, 7.177364316000023 ], [ 79.861276642000064, 7.17706303600005 ], [ 79.861377761000085, 7.176804861000051 ], [ 79.861577270000055, 7.176411805000043 ], [ 79.861631111000065, 7.176333462000059 ], [ 79.861691205000056, 7.176250560000028 ], [ 79.861799728000051, 7.176108658000032 ], [ 79.861996666000039, 7.175860172000057 ], [ 79.862160768000081, 7.175648006000074 ], [ 79.862400618000038, 7.175344805000066 ], [ 79.862474623000082, 7.175248082000053 ], [ 79.86253873000004, 7.175160823000056 ], [ 79.862607842000045, 7.175061337000045 ], [ 79.862675621000051, 7.174956701000042 ], [ 79.862745133000033, 7.174842463000061 ], [ 79.862815672000067, 7.17471957600003 ], [ 79.862889206000034, 7.174584522000032 ], [ 79.862968084000045, 7.174432891000038 ], [ 79.863202645000058, 7.173961346000056 ], [ 79.863374276000059, 7.173624811000025 ], [ 79.863452030000076, 7.173464274000025 ], [ 79.863513885000032, 7.173324391000051 ], [ 79.863544402000059, 7.173248464000039 ], [ 79.863571491000073, 7.17317513100005 ], [ 79.863596476000055, 7.173100301000034 ], [ 79.863613828000041, 7.173040725000021 ], [ 79.863636541000062, 7.172938599000076 ], [ 79.863678366000045, 7.172703960000035 ], [ 79.863690548000079, 7.172648865000042 ], [ 79.863703542000053, 7.172599621000074 ], [ 79.863717056000041, 7.172556673000031 ], [ 79.863732116000051, 7.172516204000033 ], [ 79.863752013000067, 7.172469337000052 ], [ 79.863774678000084, 7.172421474000032 ], [ 79.863825291000069, 7.172327719000066 ], [ 79.863888671000041, 7.172224802000073 ], [ 79.863958559000082, 7.172120519000032 ], [ 79.864121553000075, 7.17188593700007 ], [ 79.864175467000052, 7.171814503000064 ], [ 79.864237771000035, 7.171736430000067 ], [ 79.864447394000081, 7.171486725000022 ], [ 79.864521667000076, 7.171395841000049 ], [ 79.864590561000057, 7.171306595000033 ], [ 79.864650118000043, 7.171223139000062 ], [ 79.864736134000054, 7.171093045000021 ], [ 79.864822451000066, 7.170952976000024 ], [ 79.864910325000039, 7.170800922000069 ], [ 79.865002580000066, 7.170632002000048 ], [ 79.865140815000075, 7.170365317000062 ], [ 79.86545330000007, 7.169744119000029 ], [ 79.865611511000054, 7.169414838000023 ], [ 79.865772975000084, 7.169064212000023 ], [ 79.865898868000045, 7.168781328000023 ], [ 79.865981486000067, 7.168587623000064 ], [ 79.866071455000053, 7.168367507000028 ], [ 79.866319572000066, 7.167747059000021 ], [ 79.866392008000048, 7.167573081000057 ], [ 79.866482685000051, 7.167362644000036 ], [ 79.866525370000033, 7.167259042000069 ], [ 79.86661795200007, 7.167025286000069 ], [ 79.866693300000065, 7.166820316000042 ], [ 79.866756606000081, 7.166629975000035 ], [ 79.866784155000062, 7.166539009000076 ], [ 79.866809145000047, 7.166450268000062 ], [ 79.866831941000044, 7.16636231800004 ], [ 79.866852270000038, 7.166276071000027 ], [ 79.866887951000081, 7.166109971000026 ], [ 79.866905621000058, 7.166018843000074 ], [ 79.866916077000042, 7.16595346500003 ], [ 79.866923324000084, 7.165893538000034 ], [ 79.866928261000055, 7.165828624000028 ], [ 79.866931399000066, 7.16575853300003 ], [ 79.866932234000046, 7.165699151000069 ], [ 79.866931234000049, 7.165642275000039 ], [ 79.866928392000034, 7.16558771800004 ], [ 79.866923704000044, 7.165535368000064 ], [ 79.866917348000072, 7.165486356000031 ], [ 79.866909509000038, 7.165441224000062 ], [ 79.866899687000057, 7.165398445000051 ], [ 79.866887108000071, 7.165353909000032 ], [ 79.866862194000078, 7.165281118000053 ], [ 79.866828444000078, 7.16519700300006 ], [ 79.866760295000063, 7.165040688000033 ], [ 79.86671725900004, 7.164938025000026 ], [ 79.86664730800004, 7.16479941700004 ], [ 79.866626450000069, 7.164755028000059 ], [ 79.866608161000045, 7.164708583000049 ], [ 79.866595802000063, 7.164665975000048 ], [ 79.866590170000052, 7.164635931000021 ], [ 79.866586672000039, 7.164601254000047 ], [ 79.866585114000031, 7.164562918000058 ], [ 79.866585761000067, 7.164523548000034 ], [ 79.866588515000046, 7.164484564000077 ], [ 79.866593329000068, 7.16444559100006 ], [ 79.866600136000045, 7.164407161000042 ], [ 79.866608842000062, 7.164369817000022 ], [ 79.866618724000034, 7.164337077000027 ], [ 79.866631483000049, 7.164303213000039 ], [ 79.866647230000069, 7.164267919000054 ], [ 79.866666250000037, 7.164230559000032 ], [ 79.866695528000037, 7.164179195000031 ], [ 79.866735840000047, 7.164114209000047 ], [ 79.866757651000057, 7.164080955000031 ], [ 79.866780768000069, 7.164050038000028 ], [ 79.866821187000085, 7.164003356000023 ], [ 79.866870207000034, 7.163954341000021 ], [ 79.866920543000049, 7.163908762000062 ], [ 79.86704968500004, 7.163797034000027 ], [ 79.86711544800005, 7.16373444200002 ], [ 79.867145811000057, 7.163701789000072 ], [ 79.867172534000076, 7.163669782000056 ], [ 79.867198914000085, 7.163634107000064 ], [ 79.86722721700005, 7.16359232800005 ], [ 79.867272641000056, 7.163518291000059 ], [ 79.867321716000049, 7.163429732000054 ], [ 79.867422436000084, 7.163235936000035 ], [ 79.867590712000037, 7.162921102000041 ], [ 79.86773222000005, 7.162644294000074 ], [ 79.867764790000081, 7.162297524000053 ], [ 79.867769822000071, 7.162237326000024 ], [ 79.867792673000054, 7.161960558000033 ], [ 79.867803203000051, 7.161792561000027 ], [ 79.867822770000032, 7.161410019000073 ], [ 79.867834662000064, 7.161234549000028 ], [ 79.867849614000079, 7.161076530000059 ], [ 79.867871208000054, 7.160904770000059 ], [ 79.867906596000068, 7.160678200000063 ], [ 79.867953224000075, 7.160425543000031 ], [ 79.867994689000056, 7.160221339000032 ], [ 79.868096389000073, 7.15974338500007 ], [ 79.868109937000042, 7.159677436000038 ], [ 79.868145165000044, 7.159505964000061 ], [ 79.868210930000032, 7.159226599000021 ], [ 79.868226744000083, 7.159135258000049 ], [ 79.868234484000084, 7.159053371000027 ], [ 79.868236698000032, 7.158991191000041 ], [ 79.868236501000069, 7.158927744000039 ], [ 79.86823389400007, 7.158863195000038 ], [ 79.868228885000065, 7.158797737000043 ], [ 79.868221486000039, 7.158731540000076 ], [ 79.868211724000048, 7.158664871000042 ], [ 79.868199636000043, 7.158597980000025 ], [ 79.868185271000073, 7.158531143000062 ], [ 79.868162469000083, 7.158441844000038 ], [ 79.868146841000055, 7.158394843000053 ], [ 79.86812032000006, 7.158332821000045 ], [ 79.868058089000044, 7.158206901000028 ], [ 79.868033576000073, 7.158152741000038 ], [ 79.868012472000032, 7.158094813000048 ], [ 79.867999722000036, 7.158041816000036 ], [ 79.867991366000069, 7.157967445000054 ], [ 79.867989591000082, 7.157888005000075 ], [ 79.867994443000043, 7.157805192000069 ], [ 79.868005822000043, 7.157720538000035 ], [ 79.868024725000055, 7.157630929000049 ], [ 79.868032946000085, 7.157600990000049 ], [ 79.868043099000033, 7.157572080000023 ], [ 79.868056005000085, 7.15754163400004 ], [ 79.868072161000043, 7.157508476000032 ], [ 79.868142688000034, 7.15738076100007 ], [ 79.868170064000083, 7.15732526100004 ], [ 79.868181850000042, 7.157296592000023 ], [ 79.868191190000061, 7.157269236000047 ], [ 79.868208551000066, 7.157198812000047 ], [ 79.868218563000084, 7.157142876000023 ], [ 79.868226656000047, 7.15708171700004 ], [ 79.86823310300008, 7.157013223000035 ], [ 79.868238271000052, 7.156933692000052 ], [ 79.868238086000076, 7.156865340000024 ], [ 79.868229125000084, 7.156695648000039 ], [ 79.868229775000032, 7.156649784000024 ], [ 79.868233459000066, 7.156603342000039 ], [ 79.868243778000078, 7.156520033000049 ], [ 79.868257769000081, 7.156442493000043 ], [ 79.868275801000038, 7.156369296000037 ], [ 79.868296478000048, 7.156305967000037 ], [ 79.868317407000063, 7.156254783000065 ], [ 79.868344987000057, 7.156195657000069 ], [ 79.868354306000072, 7.156176924000022 ], [ 79.86842974800004, 7.156025288000023 ], [ 79.868478693000043, 7.155932593000045 ], [ 79.868525752000039, 7.155848673000037 ], [ 79.868581175000031, 7.155753984000057 ], [ 79.868936967000081, 7.155162516000075 ], [ 79.868967503000079, 7.155106673000034 ], [ 79.868978115000061, 7.155085485000029 ], [ 79.868877700000041, 7.15471308900004 ], [ 79.868635330000075, 7.153415804000076 ], [ 79.869176252000045, 7.154756466000038 ], [ 79.869227181000042, 7.154682983000043 ], [ 79.869278360000067, 7.154604219000021 ], [ 79.869327007000038, 7.154524192000054 ], [ 79.869373120000034, 7.154442901000039 ], [ 79.869416700000045, 7.154360345000043 ], [ 79.869457748000059, 7.154276526000046 ], [ 79.869496900000058, 7.15418992900004 ], [ 79.869533632000071, 7.154101505000028 ], [ 79.869567783000036, 7.154011638000043 ], [ 79.869599196000081, 7.153920742000025 ], [ 79.869624793000071, 7.153838949000033 ], [ 79.869646626000076, 7.153759723000064 ], [ 79.869667840000034, 7.15367184400003 ], [ 79.869688731000053, 7.153573655000059 ], [ 79.86971877700006, 7.153414473000055 ], [ 79.869738477000055, 7.153298412000026 ], [ 79.869752386000073, 7.153195890000063 ], [ 79.869784528000082, 7.152927435000038 ], [ 79.869795658000044, 7.152850606000072 ], [ 79.869808699000032, 7.152773912000043 ], [ 79.869831484000031, 7.152655690000074 ], [ 79.869890301000055, 7.152375977000077 ], [ 79.86992189700004, 7.152216119000059 ], [ 79.869937037000057, 7.152152072000035 ], [ 79.869974518000049, 7.152007104000063 ], [ 79.86998937900006, 7.151941883000063 ], [ 79.870001595000076, 7.151871078000056 ], [ 79.870007444000066, 7.151807641000062 ], [ 79.870008016000043, 7.151771988000064 ], [ 79.870006395000075, 7.15173777800004 ], [ 79.869994770000062, 7.151651302000062 ], [ 79.86998636800007, 7.15160824000003 ], [ 79.869976491000045, 7.151567163000038 ], [ 79.869965170000057, 7.151528188000043 ], [ 79.869952428000033, 7.151491399000065 ], [ 79.869938383000033, 7.151457074000064 ], [ 79.869922975000065, 7.151425021000023 ], [ 79.869872373000078, 7.151337547000026 ], [ 79.869852448000074, 7.151307995000025 ], [ 79.86983318800003, 7.151282974000026 ], [ 79.86981419600005, 7.151261977000047 ], [ 79.869795328000066, 7.151244845000065 ], [ 79.86976812100005, 7.151226761000032 ], [ 79.869738858000062, 7.151215403000037 ], [ 79.869703515000083, 7.151209122000068 ], [ 79.869662878000042, 7.151208310000072 ], [ 79.869616550000046, 7.151213040000073 ], [ 79.869564983000032, 7.151223336000044 ], [ 79.869507484000053, 7.151239425000028 ], [ 79.869447505000039, 7.15126030700003 ], [ 79.86941145600008, 7.151276714000062 ], [ 79.869374836000077, 7.151297210000052 ], [ 79.869337577000067, 7.151321835000033 ], [ 79.869299540000043, 7.151350678000028 ], [ 79.86925913500005, 7.15138513900007 ], [ 79.869217222000032, 7.151424679000058 ], [ 79.869170001000043, 7.151473244000044 ], [ 79.869139876000077, 7.151508073000059 ], [ 79.869103883000037, 7.151555724000048 ], [ 79.869064327000046, 7.151614570000049 ], [ 79.868988467000065, 7.151735397000039 ], [ 79.868942971000081, 7.151813911000033 ], [ 79.86878389900005, 7.152115413000047 ], [ 79.868601069000078, 7.152471218000073 ], [ 79.868456435000041, 7.152740960000074 ], [ 79.868444104000048, 7.152763958000037 ], [ 79.86836072300008, 7.152912797000056 ], [ 79.868343755000069, 7.152943090000065 ], [ 79.868273978000047, 7.153060227000026 ], [ 79.868204632000072, 7.153169545000026 ], [ 79.868120543000032, 7.153295315000037 ], [ 79.868033435000029, 7.153419215000042 ], [ 79.868001597000045, 7.153487467000048 ], [ 79.867971405000048, 7.153565524000044 ], [ 79.867943584000045, 7.153649606000045 ], [ 79.867891567000072, 7.153823216000035 ], [ 79.867868234000071, 7.153896512000074 ], [ 79.867845669000076, 7.153960024000071 ], [ 79.867801744000076, 7.154072080000049 ], [ 79.867670228000065, 7.154394760000059 ], [ 79.867347504000065, 7.15515782600005 ], [ 79.867214750000073, 7.155481635000058 ], [ 79.867186685000036, 7.155561872000021 ], [ 79.867158963000065, 7.155653115000064 ], [ 79.867132819000062, 7.155749382000067 ], [ 79.86706399600007, 7.15601751500003 ], [ 79.867041051000058, 7.156098135000036 ], [ 79.86701862700005, 7.156169068000054 ], [ 79.866989960000069, 7.156248494000067 ], [ 79.866959739000038, 7.156319997000026 ], [ 79.866927363000059, 7.156384992000028 ], [ 79.86689248700003, 7.15644416300006 ], [ 79.866857984000035, 7.156493828000066 ], [ 79.86682094300005, 7.156539257000077 ], [ 79.866791980000073, 7.156570087000034 ], [ 79.866711054000064, 7.156649318000063 ], [ 79.866663422000045, 7.15669439900006 ], [ 79.866623118000064, 7.156728973000043 ], [ 79.866585411000074, 7.156757093000067 ], [ 79.866549506000069, 7.15677927400003 ], [ 79.866514505000055, 7.156796026000052 ], [ 79.866480292000062, 7.156807357000048 ], [ 79.866438955000035, 7.156814862000033 ], [ 79.866391286000066, 7.156819644000052 ], [ 79.86634618100004, 7.156820408000044 ], [ 79.866306973000064, 7.156816917000071 ], [ 79.866274628000042, 7.156809262000024 ], [ 79.866249501000084, 7.156797539000024 ], [ 79.866233451000085, 7.156784034000054 ], [ 79.866219855000054, 7.156765472000075 ], [ 79.866208590000042, 7.156741699000065 ], [ 79.866199487000074, 7.156712355000025 ], [ 79.866193410000051, 7.156683240000064 ], [ 79.866188425000075, 7.156648596000025 ], [ 79.866173279000066, 7.156492981000042 ], [ 79.866171781000048, 7.156423262000033 ], [ 79.866177219000065, 7.156266724000034 ], [ 79.866174701000034, 7.156187651000039 ], [ 79.866164727000069, 7.156064839000067 ], [ 79.866130828000053, 7.155774959000041 ], [ 79.866119127000047, 7.155642513000032 ], [ 79.866108634000057, 7.15544224000007 ], [ 79.866092174000073, 7.154968198000063 ], [ 79.866066119000038, 7.15458785900006 ], [ 79.866063732000043, 7.154510584000036 ], [ 79.866063997000083, 7.154440127000044 ], [ 79.866067031000057, 7.154371126000058 ], [ 79.866072961000043, 7.154294452000045 ], [ 79.866085075000058, 7.15418681400007 ], [ 79.866102022000064, 7.154073439000058 ], [ 79.866124011000068, 7.15395290400005 ], [ 79.866151666000064, 7.153821739000023 ], [ 79.866173318000051, 7.153728368000031 ], [ 79.86619391000005, 7.153651953000065 ], [ 79.866220070000054, 7.153565855000068 ], [ 79.866298912000047, 7.153320458000053 ], [ 79.866320067000061, 7.153246678000073 ], [ 79.866340739000066, 7.15316537800004 ], [ 79.866371790000073, 7.153031211000041 ], [ 79.866401401000076, 7.152888566000058 ], [ 79.866430043000037, 7.152735207000035 ], [ 79.86645879200006, 7.152565396000057 ], [ 79.866521993000049, 7.152152229000023 ], [ 79.86653782500008, 7.152033448000054 ], [ 79.866549388000067, 7.151928804000022 ], [ 79.866557836000084, 7.151824954000062 ], [ 79.866561293000075, 7.151743812000063 ], [ 79.866561119000039, 7.151663756000062 ], [ 79.866556192000075, 7.15145463500005 ], [ 79.866556836000029, 7.151393269000039 ], [ 79.866559425000048, 7.15133825700002 ], [ 79.866567515000042, 7.151249684000049 ], [ 79.866579592000051, 7.151154642000051 ], [ 79.866595788000041, 7.151051925000047 ], [ 79.86661715200006, 7.150934813000049 ], [ 79.866647999000065, 7.150785 ], [ 79.866665051000041, 7.150715906000073 ], [ 79.866685093000058, 7.150642556000037 ], [ 79.86672769900008, 7.150501994000024 ], [ 79.866839047000042, 7.150157879000062 ], [ 79.866867457000069, 7.150062095000067 ], [ 79.866890813000055, 7.149975235000056 ], [ 79.866946015000053, 7.14974985300006 ], [ 79.866982996000047, 7.149584618000063 ], [ 79.867010592000042, 7.149441571000068 ], [ 79.867037305000053, 7.149275162000038 ], [ 79.867054802000041, 7.149144575000037 ], [ 79.867069263000076, 7.149013991000061 ], [ 79.867081365000047, 7.148874253000031 ], [ 79.867087213000048, 7.148771608000061 ], [ 79.867089361000069, 7.148688250000021 ], [ 79.867089683000074, 7.148595796000052 ], [ 79.867083333000039, 7.14824780500004 ], [ 79.86708331400007, 7.148102341000026 ], [ 79.867093989000068, 7.147736203000022 ], [ 79.867108313000074, 7.147433706000072 ], [ 79.86712274100006, 7.147223970000027 ], [ 79.867140564000067, 7.147027833000038 ], [ 79.867165880000073, 7.146805461000042 ], [ 79.867195864000053, 7.146583436000071 ], [ 79.867134775000068, 7.145980438000038 ], [ 79.867128693000041, 7.145738093000034 ], [ 79.867108121000058, 7.144918175000043 ], [ 79.867138251000085, 7.144233961000054 ], [ 79.867158263000078, 7.143779505000055 ], [ 79.867277094000031, 7.142650247000063 ], [ 79.867306708000058, 7.142368830000066 ], [ 79.867341058000079, 7.142190879000054 ], [ 79.867466495000031, 7.141635669000038 ], [ 79.867547814000034, 7.141275750000034 ], [ 79.867884336000031, 7.139953134000052 ], [ 79.868062087000055, 7.139453221000053 ], [ 79.868288957000061, 7.138815158000057 ], [ 79.868388884000069, 7.138571987000034 ], [ 79.868866553000032, 7.13740957400006 ], [ 79.869626494000045, 7.135841663000065 ], [ 79.869738943000073, 7.135580056000038 ], [ 79.870334030000038, 7.134195614000021 ], [ 79.870386825000082, 7.13407279200004 ], [ 79.87074182200007, 7.133127718000026 ], [ 79.870932444000061, 7.132620239000062 ], [ 79.871035912000082, 7.132352785000023 ], [ 79.871047760000067, 7.131951653000044 ], [ 79.871081081000057, 7.130917887000066 ], [ 79.871075158000053, 7.130271934000064 ], [ 79.871075852000047, 7.129916669000067 ], [ 79.871098471000039, 7.129710979000038 ], [ 79.871227697000052, 7.129428919000077 ], [ 79.871339220000038, 7.129201069000032 ], [ 79.871340006000082, 7.129199462000031 ], [ 79.871343119000073, 7.129195889000073 ], [ 79.871321871000077, 7.129037950000054 ], [ 79.871243167000046, 7.128865546000043 ], [ 79.871193221000055, 7.128686021000021 ], [ 79.87117291800007, 7.128256819000057 ], [ 79.871165861000065, 7.128223795000054 ], [ 79.871152928000072, 7.12817637400002 ], [ 79.87114355500006, 7.128129639000065 ], [ 79.871118244000058, 7.127968531000022 ], [ 79.871099104000052, 7.127858808000042 ], [ 79.871084063000069, 7.12779475800005 ], [ 79.871057844000063, 7.127703612000062 ], [ 79.871036810000078, 7.127619258000038 ], [ 79.871025866000082, 7.127568750000023 ], [ 79.871003630000075, 7.127451274000066 ], [ 79.870988365000073, 7.127379206000057 ], [ 79.870979717000068, 7.127345836000075 ], [ 79.870969453000043, 7.127315365000072 ], [ 79.870957373000067, 7.127293077000047 ], [ 79.870937200000071, 7.127264836000052 ], [ 79.870913734000055, 7.127238609000074 ], [ 79.870884475000082, 7.127212626000073 ], [ 79.870813060000046, 7.127154132000044 ], [ 79.870614996000029, 7.126983062000022 ], [ 79.870550426000079, 7.126925451000034 ], [ 79.870488062000049, 7.126866818000053 ], [ 79.870449763000067, 7.126820131000045 ], [ 79.870385057000078, 7.126731050000046 ], [ 79.870287149000035, 7.126606539000022 ], [ 79.870239321000042, 7.126539770000022 ], [ 79.870148748000076, 7.126406119000023 ], [ 79.870109514000035, 7.126345617000027 ], [ 79.870066542000075, 7.126275133000036 ], [ 79.869990740000048, 7.126126378000038 ], [ 79.869832419000033, 7.125824381000029 ], [ 79.869791512000063, 7.125738312000067 ], [ 79.869763743000078, 7.125662833000035 ], [ 79.86973669300005, 7.125578117000032 ], [ 79.869668912000066, 7.125328577000062 ], [ 79.869579892000047, 7.125036116000047 ], [ 79.869533690000083, 7.124878140000021 ], [ 79.869508286000041, 7.124784155000043 ], [ 79.86948588000007, 7.124692867000022 ], [ 79.869467702000065, 7.124608810000041 ], [ 79.869452446000082, 7.124525572000039 ], [ 79.869439341000032, 7.124434410000049 ], [ 79.86943033600005, 7.124341224000034 ], [ 79.869425104000072, 7.124236213000074 ], [ 79.869423432000076, 7.124131444000056 ], [ 79.86942530400006, 7.124019642000064 ], [ 79.869430750000049, 7.123907735000046 ], [ 79.869439838000062, 7.123793402000047 ], [ 79.869452326000044, 7.123679300000049 ], [ 79.869476217000056, 7.123514426000042 ], [ 79.869506344000058, 7.123352322000073 ], [ 79.869542735000039, 7.123192154000037 ], [ 79.869585593000068, 7.123033914000075 ], [ 79.869632821000039, 7.12288484100003 ], [ 79.869686303000037, 7.122738731000027 ], [ 79.869745193000085, 7.122598637000067 ], [ 79.869810505000032, 7.12246170800006 ], [ 79.869876738000073, 7.122336952000069 ], [ 79.869948115000057, 7.12221469800005 ], [ 79.870024717000035, 7.122094731000061 ], [ 79.870106090000036, 7.121977797000056 ], [ 79.870180540000035, 7.121878866000031 ], [ 79.870258890000059, 7.121781894000037 ], [ 79.870448417000034, 7.12157103100003 ], [ 79.870476494000059, 7.121533036000073 ], [ 79.870519241000068, 7.121466050000038 ], [ 79.870566097000051, 7.121399731000054 ], [ 79.870608104000041, 7.121348324000053 ], [ 79.870652213000085, 7.121302014000037 ], [ 79.870686039000077, 7.121269853000058 ], [ 79.870711064000034, 7.121249191000061 ], [ 79.870729804000064, 7.121238016000063 ], [ 79.870746814000086, 7.121232533000068 ], [ 79.870782370000029, 7.121227198000042 ], [ 79.870829297000057, 7.121224236000046 ], [ 79.870862772000066, 7.121223679000025 ], [ 79.870907138000064, 7.121226034000074 ], [ 79.870925464000038, 7.121229799000048 ], [ 79.87094318000004, 7.121235342000034 ], [ 79.870979568000052, 7.121253446000026 ], [ 79.871014459000037, 7.121277471000042 ], [ 79.871037124000054, 7.121298142000057 ], [ 79.871057694000058, 7.121323629000074 ], [ 79.871076594000044, 7.121354489000055 ], [ 79.871094454000058, 7.121391811000024 ], [ 79.871110332000057, 7.121432069000036 ], [ 79.871149020000075, 7.121540305000053 ], [ 79.871161832000041, 7.121570658000053 ], [ 79.871174630000041, 7.121596190000048 ], [ 79.871191231000068, 7.121622694000052 ], [ 79.871209184000065, 7.121644393000054 ], [ 79.871227633000046, 7.121660810000037 ], [ 79.871252869000045, 7.121677357000067 ], [ 79.871296708000045, 7.121698839000032 ], [ 79.871347267000033, 7.121716056000025 ], [ 79.871404401000063, 7.121728960000041 ], [ 79.871467865000056, 7.121737493000069 ], [ 79.87153440600008, 7.12174152800003 ], [ 79.871605923000061, 7.121741464000024 ], [ 79.871669297000039, 7.121738235000066 ], [ 79.871788052000056, 7.121728296000072 ], [ 79.871833322000043, 7.121723143000054 ], [ 79.871871059000057, 7.121717032000049 ], [ 79.871903384000063, 7.121709618000068 ], [ 79.871930729000042, 7.121700783000051 ], [ 79.871953726000072, 7.121690249000039 ], [ 79.871972042000039, 7.121678081000027 ], [ 79.871985868000081, 7.121664079000027 ], [ 79.871994218000054, 7.121649199000046 ], [ 79.87199798100005, 7.121636147000061 ], [ 79.872019173000069, 7.121503327000028 ], [ 79.872006939000073, 7.121171670000024 ], [ 79.871999435000077, 7.121083201000033 ], [ 79.87198972200008, 7.120995042000061 ], [ 79.871977256000037, 7.120903555000041 ], [ 79.871964528000035, 7.120826659000045 ], [ 79.871953, 7.120778856000072 ], [ 79.871916113000054, 7.120647409000071 ], [ 79.871848973000056, 7.120364894000033 ], [ 79.871809099000075, 7.120210906000068 ], [ 79.871781898000052, 7.120124614000076 ], [ 79.871750122000037, 7.120042669000043 ], [ 79.871701669000061, 7.11993183200002 ], [ 79.871607814000072, 7.119732515000067 ], [ 79.871589436000079, 7.119688630000041 ], [ 79.871579414000053, 7.119660506000059 ], [ 79.871571540000048, 7.119632500000023 ], [ 79.871562664000066, 7.119592641000054 ], [ 79.871542957000031, 7.11948405000004 ], [ 79.871529664000036, 7.119419996000033 ], [ 79.871504234000042, 7.119314193000037 ], [ 79.871434582000063, 7.119069763000027 ], [ 79.871336417000066, 7.118752327000038 ], [ 79.871300867000059, 7.118632966000064 ], [ 79.87126767400008, 7.118511599000044 ], [ 79.871140937000064, 7.118286256000033 ], [ 79.871103853000079, 7.118247053000061 ], [ 79.87107805800008, 7.118215295000027 ], [ 79.871049934000041, 7.118174448000048 ], [ 79.871003157000075, 7.118093309000074 ], [ 79.870954432000076, 7.118018986000038 ], [ 79.870899403000067, 7.117930044000047 ], [ 79.870841858000063, 7.117827157000022 ], [ 79.870818606000057, 7.117779978000044 ], [ 79.870798588000071, 7.117734763000044 ], [ 79.870781566000062, 7.117690932000073 ], [ 79.87076756700003, 7.117648506000023 ], [ 79.870756536000044, 7.117607318000069 ], [ 79.87074844700004, 7.117567266000037 ], [ 79.870741687000077, 7.117507296000042 ], [ 79.870741916000043, 7.117449629000021 ], [ 79.87074524500008, 7.117417203000059 ], [ 79.870752354000047, 7.117375294000055 ], [ 79.87075698700005, 7.117313403000026 ], [ 79.870762608000064, 7.11727909800004 ], [ 79.87076938000007, 7.117249 ], [ 79.870799183000031, 7.117148155000052 ], [ 79.87083837800003, 7.117033303000028 ], [ 79.870865389000073, 7.116967472000056 ], [ 79.870902801000057, 7.116892059000065 ], [ 79.870938238000065, 7.116811211000027 ], [ 79.87095604600006, 7.116763460000072 ], [ 79.870965044000059, 7.116730324000059 ], [ 79.870971043000054, 7.116667245000031 ], [ 79.870973164000077, 7.116595485000062 ], [ 79.870976265000081, 7.116545811000037 ], [ 79.870981484000083, 7.116492166000057 ], [ 79.871022710000034, 7.116001066000024 ], [ 79.870979137000063, 7.115720821000025 ], [ 79.871036174000039, 7.11556039200002 ], [ 79.871159323000029, 7.115434716000038 ], [ 79.871575140000061, 7.115176815000041 ], [ 79.87162204100008, 7.115140711000038 ], [ 79.871694293000076, 7.115081454000062 ], [ 79.871773145000077, 7.115010009000059 ], [ 79.871893212000032, 7.114897108000036 ], [ 79.871973970000056, 7.114824379000027 ], [ 79.872028472000068, 7.114777815000025 ], [ 79.872084405000066, 7.114733676000071 ], [ 79.872123778000059, 7.114705362000052 ], [ 79.872176825000054, 7.114671561000023 ], [ 79.872230670000079, 7.114640780000059 ], [ 79.872262694000085, 7.114625605000072 ], [ 79.872291013000051, 7.114614366000069 ], [ 79.87238258900004, 7.114587578000055 ], [ 79.872465007000073, 7.114568280000071 ], [ 79.872632783000086, 7.114527848000023 ], [ 79.872954246000063, 7.114515879000066 ], [ 79.873193707000041, 7.114538379000066 ], [ 79.873335487000077, 7.114554394000038 ], [ 79.873556127000029, 7.114532786000041 ], [ 79.873726526000041, 7.114416646000052 ], [ 79.873824444000036, 7.114300365000076 ], [ 79.873969591000048, 7.11420621000002 ], [ 79.874076817000059, 7.114165496000055 ], [ 79.874158770000065, 7.114156211000022 ], [ 79.874300662000053, 7.114115563000041 ], [ 79.874433166000074, 7.114040272000068 ], [ 79.874508981000076, 7.113945983000065 ], [ 79.874543860000074, 7.113835875000063 ], [ 79.874525184000049, 7.113716220000072 ], [ 79.874490782000066, 7.113580795000075 ], [ 79.874453118000076, 7.113502025000059 ], [ 79.874412371000062, 7.113388623000048 ], [ 79.874409384000046, 7.113303625000071 ], [ 79.874437912000076, 7.113218688000075 ], [ 79.874542041000041, 7.113149637000049 ], [ 79.874835337000036, 7.113036882000074 ], [ 79.875024529000029, 7.112980586000049 ], [ 79.87509073700005, 7.112964976000058 ], [ 79.87514750400004, 7.112943049000023 ], [ 79.875173499000084, 7.112891354000055 ], [ 79.875175511000066, 7.112877469000068 ], [ 79.875175610000042, 7.112863489000063 ], [ 79.875169479000078, 7.112829271000066 ], [ 79.875164317000042, 7.112814065000066 ], [ 79.875157711000043, 7.112801188000049 ], [ 79.875137169000084, 7.11277495500002 ], [ 79.875108756000031, 7.112749628000074 ], [ 79.87507327700007, 7.112725380000029 ], [ 79.875055947000078, 7.112716115000069 ], [ 79.875039039000058, 7.112709199000051 ], [ 79.875013667000076, 7.112704947000054 ], [ 79.874985424000045, 7.112705723000033 ], [ 79.874950667000064, 7.112711083000022 ], [ 79.874899449000054, 7.112722564000023 ], [ 79.874860807000061, 7.112728430000061 ], [ 79.874812063000036, 7.112733583000022 ], [ 79.874769470000047, 7.112733581000043 ], [ 79.874750261000031, 7.112730232000047 ], [ 79.874729526000067, 7.112723523000057 ], [ 79.874654735000036, 7.112690239000074 ], [ 79.874564369000041, 7.112655172000075 ], [ 79.874501016000067, 7.112637369000026 ], [ 79.874420177000047, 7.112614264000058 ], [ 79.874306760000081, 7.112598305000063 ], [ 79.874231078000037, 7.112623341000074 ], [ 79.874193170000069, 7.112670485000024 ], [ 79.874164649000079, 7.112752274000059 ], [ 79.87415181800003, 7.112868720000051 ], [ 79.874135828000078, 7.112988309000059 ], [ 79.874085266000066, 7.113060611000037 ], [ 79.873943204000057, 7.113189399000021 ], [ 79.87382640900006, 7.113289903000066 ], [ 79.87367792100008, 7.113481636000074 ], [ 79.87353265400003, 7.113638747000039 ], [ 79.873411602000033, 7.113720527000055 ], [ 79.873188862000063, 7.113789178000047 ], [ 79.872999768000057, 7.113795106000055 ], [ 79.87273519300004, 7.113722192000068 ], [ 79.872574628000052, 7.113643184000068 ], [ 79.872448598000062, 7.113630349000061 ], [ 79.872366662000047, 7.113630190000038 ], [ 79.87220583900006, 7.113683390000062 ], [ 79.872038548000035, 7.113821572000063 ], [ 79.871845393000058, 7.114002954000057 ], [ 79.87169063500005, 7.114146196000036 ], [ 79.871600688000058, 7.114214204000064 ], [ 79.871334713000067, 7.114278281000054 ], [ 79.87114071600007, 7.114277904000062 ], [ 79.871000649000052, 7.114256100000034 ], [ 79.870849879000048, 7.114194800000064 ], [ 79.870745863000081, 7.114108473000044 ], [ 79.87064527900003, 7.114104689000044 ], [ 79.870587764000049, 7.114122520000024 ], [ 79.870497810000074, 7.114194115000032 ], [ 79.870465295000031, 7.114287356000034 ], [ 79.870414726000035, 7.11442721100002 ], [ 79.87034622300007, 7.114552678000052 ], [ 79.870256186000063, 7.114667336000025 ], [ 79.870105081000077, 7.114778287000036 ], [ 79.869855437000069, 7.11492150600003 ], [ 79.86969851200007, 7.115089700000055 ], [ 79.869432061000055, 7.11539779800006 ], [ 79.86924130500006, 7.115576855000029 ], [ 79.869046774000083, 7.115849205000075 ], [ 79.868971078000072, 7.115978247000044 ], [ 79.868838034000078, 7.116038992000028 ], [ 79.868755390000047, 7.116046008000069 ], [ 79.86863689900008, 7.116013480000049 ], [ 79.86847656100008, 7.115942389000054 ], [ 79.868433199000037, 7.115943583000046 ], [ 79.86840886400006, 7.115944253000066 ], [ 79.868324557000051, 7.115905214000065 ], [ 79.86827080200004, 7.115836927000032 ], [ 79.868220794000081, 7.11568969700005 ], [ 79.868172232000063, 7.115480630000036 ], [ 79.868148628000085, 7.115368500000045 ], [ 79.86809241900005, 7.115210399000034 ], [ 79.868057328000077, 7.115103669000064 ], [ 79.868035647000056, 7.115022783000029 ], [ 79.868020827000066, 7.114942024000072 ], [ 79.868014780000067, 7.114883044000067 ], [ 79.867998115000034, 7.114641808000044 ], [ 79.867989621000049, 7.114478905000055 ], [ 79.867982896000058, 7.114307394000036 ], [ 79.867975080000065, 7.114026888000069 ], [ 79.867962873000067, 7.113471885000024 ], [ 79.867954786000041, 7.113240105000045 ], [ 79.867943938000053, 7.113013671000033 ], [ 79.867942936000077, 7.112907784000072 ], [ 79.867944489000081, 7.112752977000071 ], [ 79.867942725000034, 7.112651010000036 ], [ 79.867939763000038, 7.112597298000026 ], [ 79.867935008000075, 7.112545941000064 ], [ 79.867928534000043, 7.112498499000026 ], [ 79.86791991900003, 7.112452295000026 ], [ 79.867904809000038, 7.112392830000033 ], [ 79.867885222000041, 7.112334275000023 ], [ 79.867833558000029, 7.112202638000042 ], [ 79.867804736000039, 7.112133585000038 ], [ 79.867779908000045, 7.112079765000033 ], [ 79.867750906000083, 7.112021448000064 ], [ 79.86767446500005, 7.111884753000027 ], [ 79.867650065000078, 7.111837075000039 ], [ 79.867632760000049, 7.111798804000045 ], [ 79.867619183000045, 7.11175974300005 ], [ 79.867345623000062, 7.11180597200007 ], [ 79.867230440000071, 7.111913202000039 ], [ 79.867134582000062, 7.111941724000076 ], [ 79.867057941000041, 7.11194157400007 ], [ 79.86697179600003, 7.111903127000062 ], [ 79.866876145000049, 7.11182638400004 ], [ 79.86677076400008, 7.111826179000047 ], [ 79.866655597000033, 7.111931219000041 ], [ 79.866674383000031, 7.112122645000056 ], [ 79.866693243000043, 7.112275794000027 ], [ 79.866664165000032, 7.112447988000042 ], [ 79.866520333000039, 7.112514693000037 ], [ 79.866434188000085, 7.112476246000028 ], [ 79.866329032000067, 7.112361207000049 ], [ 79.866153480000037, 7.112120633000075 ], [ 79.866075736000084, 7.112072633000025 ], [ 79.865967996000052, 7.11205448100003 ], [ 79.865788334000058, 7.112072071000057 ], [ 79.865560643000038, 7.112155359000042 ], [ 79.865380852000044, 7.112238741000056 ], [ 79.865236904000085, 7.112364059000072 ], [ 79.865188841000077, 7.11244769700005 ], [ 79.865188465000074, 7.112639086000058 ], [ 79.865199912000037, 7.112908250000032 ], [ 79.865199349000079, 7.113195335000057 ], [ 79.865181164000035, 7.113308936000067 ], [ 79.865151027000081, 7.113410552000062 ], [ 79.865055085000051, 7.113482136000073 ], [ 79.864792727000065, 7.113532815000042 ], [ 79.864495911000063, 7.113531601000034 ], [ 79.864460514000029, 7.113554989000022 ], [ 79.864408566000066, 7.113583967000068 ], [ 79.864376136000033, 7.113608036000073 ], [ 79.864353893000043, 7.113629834000051 ], [ 79.864338408000037, 7.113647836000041 ], [ 79.864326050000045, 7.113667289000034 ], [ 79.864316981000059, 7.113688144000037 ], [ 79.864312052000059, 7.113711644000034 ], [ 79.864313621000065, 7.113739764000059 ], [ 79.864328185000033, 7.113798240000051 ], [ 79.86433767300008, 7.113844745000051 ], [ 79.864354590000062, 7.113943554000059 ], [ 79.864356874000066, 7.113964903000067 ], [ 79.864355864000061, 7.11398570700004 ], [ 79.864352274000055, 7.114000222000072 ], [ 79.864343105000046, 7.114021222000076 ], [ 79.864328586000056, 7.114045895000061 ], [ 79.864315300000044, 7.114063182000052 ], [ 79.864302038000062, 7.114076157000056 ], [ 79.864267039000083, 7.11410501000006 ], [ 79.86422996400006, 7.114131650000047 ], [ 79.864155547000053, 7.114177970000071 ], [ 79.864031313000055, 7.11424886900005 ], [ 79.863988601000074, 7.114275950000035 ], [ 79.863953074000051, 7.114301104000049 ], [ 79.863921055000048, 7.114327049000053 ], [ 79.863890895000054, 7.114355455000066 ], [ 79.863860719000058, 7.11438782700003 ], [ 79.86383225600008, 7.11442235100003 ], [ 79.863804598000058, 7.114460014000031 ], [ 79.863778339000078, 7.114499852000051 ], [ 79.863752142000067, 7.114543789000038 ], [ 79.863726728000074, 7.114590489000022 ], [ 79.863670453000054, 7.114706521000073 ], [ 79.863598896000042, 7.114868559000058 ], [ 79.863551771000061, 7.114969633000044 ], [ 79.863507362000064, 7.115054736000047 ], [ 79.863458102000038, 7.115135469000052 ], [ 79.863390717000073, 7.115231721000043 ], [ 79.86331524700006, 7.115329822000035 ], [ 79.863222514000086, 7.115442847000054 ], [ 79.863067124000054, 7.115626674000055 ], [ 79.862951281000051, 7.115772178000043 ], [ 79.862902043000076, 7.115839399000038 ], [ 79.862857718000043, 7.115904604000036 ], [ 79.862820710000051, 7.115963897000029 ], [ 79.862782548000041, 7.116031050000061 ], [ 79.862742124000079, 7.116107973000055 ], [ 79.862703969000052, 7.116185236000035 ], [ 79.862667024000075, 7.116264985000043 ], [ 79.862631202000046, 7.11634748900002 ], [ 79.862596907000068, 7.11643183800004 ], [ 79.862563869000041, 7.116518704000043 ], [ 79.862532233000081, 7.116607729000066 ], [ 79.862502052000082, 7.116698756000062 ], [ 79.862453840000057, 7.116858844000035 ], [ 79.862409510000077, 7.117025954000042 ], [ 79.862381568000046, 7.117143853000073 ], [ 79.862356250000062, 7.117261090000056 ], [ 79.862351668000031, 7.117286413000045 ], [ 79.862345890000086, 7.117333986000062 ], [ 79.862340513000049, 7.11736118500005 ], [ 79.862315742000078, 7.117439033000039 ], [ 79.862300137000034, 7.117494707000048 ], [ 79.862284860000045, 7.117559209000035 ], [ 79.862271554000074, 7.11762727200005 ], [ 79.862256027000058, 7.117729457000053 ], [ 79.862243496000076, 7.117843760000028 ], [ 79.862233795000066, 7.117966832000036 ], [ 79.862220444000059, 7.118181707000076 ], [ 79.862216426000032, 7.118275972000049 ], [ 79.86221477600003, 7.118372736000026 ], [ 79.86221548900005, 7.118472277000023 ], [ 79.86221856700007, 7.118574986000056 ], [ 79.862224553000033, 7.11868983100004 ], [ 79.862233353000079, 7.118809805000069 ], [ 79.862245045000066, 7.118936051000048 ], [ 79.862259837000067, 7.11907078400003 ], [ 79.862279026000067, 7.119224502000066 ], [ 79.862303414000053, 7.119402394000076 ], [ 79.862342633000083, 7.119672862000073 ], [ 79.862359095000045, 7.119771073000038 ], [ 79.862384320000047, 7.119895859000053 ], [ 79.862414802000046, 7.120024210000054 ], [ 79.862436923000075, 7.120105060000071 ], [ 79.862462988000061, 7.120179398000062 ], [ 79.862500551000039, 7.120266604000051 ], [ 79.862548287000038, 7.120361028000048 ], [ 79.862604069000042, 7.12046 ], [ 79.862721, 7.120655443000032 ], [ 79.862768643000038, 7.120737838000025 ], [ 79.862815351000052, 7.120825096000033 ], [ 79.862852974000077, 7.120904368000026 ], [ 79.862872726000035, 7.120951654000066 ], [ 79.862889733000031, 7.120997580000051 ], [ 79.862904116000038, 7.121042479000039 ], [ 79.862915946000044, 7.121086572000024 ], [ 79.862925186000041, 7.121129591000056 ], [ 79.862932003000083, 7.121172136000041 ], [ 79.86293626500003, 7.12121238800006 ], [ 79.862938973000041, 7.121260337000024 ], [ 79.862943851000068, 7.121420618000059 ], [ 79.862942572000065, 7.121455934000039 ], [ 79.862938958000029, 7.121491942000034 ], [ 79.862933008000084, 7.121520571000076 ], [ 79.862915728000075, 7.121561859000053 ], [ 79.862899790000085, 7.121590939000043 ], [ 79.862872433000064, 7.121629279000047 ], [ 79.86285790900007, 7.121658187000037 ], [ 79.862843802000043, 7.121702547000041 ], [ 79.862833830000056, 7.121746600000051 ], [ 79.86282450300007, 7.121818635000068 ], [ 79.862815451000074, 7.121931904000064 ], [ 79.862809174000063, 7.121985985000038 ], [ 79.862793735000082, 7.12208475400007 ], [ 79.862776651000047, 7.122171525000056 ], [ 79.862771635000058, 7.122209345000044 ], [ 79.862756563000062, 7.122365135000052 ], [ 79.862750791000053, 7.122456022000051 ], [ 79.862749303000044, 7.122515333000024 ], [ 79.862751823000053, 7.122584744000051 ], [ 79.862758297000084, 7.122651807000068 ], [ 79.862768367000058, 7.122716671000035 ], [ 79.862784539000074, 7.122793849000061 ], [ 79.862804630000085, 7.122869839000032 ], [ 79.862823924000054, 7.12292800900002 ], [ 79.862849213000061, 7.122991740000032 ], [ 79.862913798000079, 7.123136441000042 ], [ 79.862928656000065, 7.123175244000038 ], [ 79.862942630000077, 7.123217993000026 ], [ 79.862959199000045, 7.123289625000041 ], [ 79.862973413000077, 7.12337134400002 ], [ 79.862980292000032, 7.123428445000059 ], [ 79.862989870000035, 7.12354190800005 ], [ 79.86299359800006, 7.123632870000051 ], [ 79.862992634000079, 7.123707613000022 ], [ 79.862977907000072, 7.12397932600004 ], [ 79.862964951000038, 7.124142846000041 ], [ 79.862963889000071, 7.124255233000042 ], [ 79.862955399000043, 7.12437337800003 ], [ 79.862953047000076, 7.124500956000077 ], [ 79.862945060000072, 7.12460178200007 ], [ 79.86292719100004, 7.124745176000033 ], [ 79.862923507000062, 7.124797980000039 ], [ 79.862921653000058, 7.124853274000031 ], [ 79.862922071000071, 7.124935311000058 ], [ 79.862926001000062, 7.125026890000072 ], [ 79.86294917500004, 7.125325555000074 ], [ 79.862955549000048, 7.125433143000066 ], [ 79.862957703000063, 7.125534722000054 ], [ 79.86295493800003, 7.125633954000023 ], [ 79.86295030000008, 7.125673457000062 ], [ 79.862943244000064, 7.125701367000033 ], [ 79.862922731000083, 7.125748347000069 ], [ 79.862907237000059, 7.125771057000065 ], [ 79.862893804000066, 7.125784183000064 ], [ 79.862884362000045, 7.125789243000042 ], [ 79.862867015000063, 7.125793205000036 ], [ 79.862831929000038, 7.125796069000046 ], [ 79.862813232000065, 7.125800745000049 ], [ 79.862797284000067, 7.125812691000021 ], [ 79.862781858000062, 7.125832787000036 ], [ 79.862774157000047, 7.125846952000074 ], [ 79.862766011000076, 7.125868020000041 ], [ 79.862750508000033, 7.12592692000004 ], [ 79.86273314500005, 7.125983469000062 ], [ 79.862705989000062, 7.126063740000063 ], [ 79.86268911500008, 7.126106119000042 ], [ 79.862675827000032, 7.126127299000075 ], [ 79.862657950000084, 7.126147619000051 ], [ 79.862636129000066, 7.126162761000046 ], [ 79.86261406400007, 7.126173682000058 ], [ 79.862594327000068, 7.126179171000047 ], [ 79.862573858000076, 7.126179441000033 ], [ 79.862557516000038, 7.126174479000042 ], [ 79.862539097000081, 7.126164356000061 ], [ 79.862514861000079, 7.12614626800007 ], [ 79.862494448000064, 7.126125719000072 ], [ 79.862481659000082, 7.126108382000041 ], [ 79.862469274000034, 7.126082174000032 ], [ 79.862453328000072, 7.12603456100004 ], [ 79.862433766000038, 7.125989479000054 ], [ 79.862425324000071, 7.125961760000052 ], [ 79.862390498000082, 7.125789314000031 ], [ 79.862383544000068, 7.12574236200004 ], [ 79.862378522000085, 7.125682396000059 ], [ 79.86237531300003, 7.125616210000032 ], [ 79.862374514000066, 7.125549876000036 ], [ 79.862135221000074, 7.125340625000035 ], [ 79.862085206000074, 7.125348787000064 ], [ 79.862044641000068, 7.125323901000058 ], [ 79.862042018000068, 7.125321417000066 ], [ 79.862006800000074, 7.125286337000034 ], [ 79.861997034000069, 7.125266230000022 ], [ 79.861995081000032, 7.125251811000055 ], [ 79.861994690000074, 7.125248145000057 ], [ 79.861992973000042, 7.125230057000067 ], [ 79.861991178000039, 7.12521330200002 ], [ 79.861991081000042, 7.125212014000056 ], [ 79.861989723000079, 7.125193982000042 ], [ 79.86198836300008, 7.125175948000049 ], [ 79.86198700500006, 7.125157913000066 ], [ 79.861985651000055, 7.125139876000048 ], [ 79.861984242000062, 7.125121843000045 ], [ 79.861982841000042, 7.125103813000067 ], [ 79.861981568000033, 7.125085772000034 ], [ 79.861980298000049, 7.125067734000027 ], [ 79.861978985000064, 7.125049702000069 ], [ 79.861978041000043, 7.12503659500004 ], [ 79.86197786200006, 7.125031661000037 ], [ 79.861977216000071, 7.125013593000062 ], [ 79.861976581000079, 7.124995524000042 ], [ 79.861975955000048, 7.124977452000053 ], [ 79.861975335000068, 7.124959380000064 ], [ 79.861974719000045, 7.124941306000039 ], [ 79.861974108000084, 7.124923231000025 ], [ 79.861973499000044, 7.124905154000032 ], [ 79.861972893000029, 7.124887079000075 ], [ 79.861972285000036, 7.124869004000061 ], [ 79.861971677000042, 7.124850927000068 ], [ 79.861971066000081, 7.124832852000054 ], [ 79.861970450000058, 7.124814778000029 ], [ 79.861970160000055, 7.124806460000059 ], [ 79.861969780000038, 7.124796703000072 ], [ 79.861969036000062, 7.12477861900004 ], [ 79.861968255000079, 7.124760539000022 ], [ 79.861967611000068, 7.124742473000026 ], [ 79.861967245000073, 7.124731406000024 ], [ 79.861967588000084, 7.124724438000044 ], [ 79.861968515000058, 7.124706392000064 ], [ 79.861974347000057, 7.124598020000064 ], [ 79.861975349000033, 7.124579961000052 ], [ 79.861976071000072, 7.124567040000045 ], [ 79.861976563000042, 7.124561927000059 ], [ 79.861978341000054, 7.124543929000026 ], [ 79.861980156000072, 7.124525925000057 ], [ 79.861981982000032, 7.124507919000052 ], [ 79.861912243000063, 7.124080652000032 ], [ 79.861737583000036, 7.123888509000039 ], [ 79.861328980000053, 7.123121937000064 ], [ 79.861328425000067, 7.123114856000029 ], [ 79.86132206800005, 7.123024661000045 ], [ 79.86132083900003, 7.123006591000035 ], [ 79.861319629000036, 7.122988952000071 ], [ 79.86131894600004, 7.122970329000054 ], [ 79.861316920000036, 7.122922638000034 ], [ 79.861316214000055, 7.12292083400007 ], [ 79.861276409000084, 7.122824537000042 ], [ 79.861271913000053, 7.122817081000051 ], [ 79.861233980000065, 7.122755407000056 ], [ 79.861225703000059, 7.122742063000032 ], [ 79.861224310000068, 7.122740129000022 ], [ 79.861213627000041, 7.122725470000034 ], [ 79.861184103000085, 7.122684824000032 ], [ 79.861182522000036, 7.122681211000042 ], [ 79.861154545000034, 7.12261445200005 ], [ 79.861149671000078, 7.122602665000045 ], [ 79.861147980000055, 7.122597606000056 ], [ 79.861142322000035, 7.122580408000033 ], [ 79.861136707000071, 7.122563176000028 ], [ 79.861126084000034, 7.122531190000075 ], [ 79.861125022000067, 7.122529031000056 ], [ 79.861078569000085, 7.122437149000064 ], [ 79.861075551000056, 7.122432470000035 ], [ 79.861016220000067, 7.122341558000073 ], [ 79.861006284000041, 7.122326445000056 ], [ 79.861004838000042, 7.12232424900003 ], [ 79.860995716000048, 7.122311778000039 ], [ 79.860985029000062, 7.122297188000061 ], [ 79.860974372000044, 7.122282572000074 ], [ 79.860963707000053, 7.122267957000076 ], [ 79.860952936000047, 7.122253415000046 ], [ 79.860942167000076, 7.12223887500005 ], [ 79.860931436000044, 7.122224304000042 ], [ 79.860920706000059, 7.122209735000069 ], [ 79.860909976000073, 7.122195168000076 ], [ 79.860906345000046, 7.122190232000037 ], [ 79.860899033000067, 7.122180755000045 ], [ 79.860865776000082, 7.122137836000036 ], [ 79.860861378000038, 7.122132386000033 ], [ 79.860801612000046, 7.122074144000067 ], [ 79.860798948000081, 7.122071689000052 ], [ 79.86074380000008, 7.122033489000046 ], [ 79.860742328000072, 7.122032736000051 ], [ 79.860661457000049, 7.121992110000065 ], [ 79.860645256000055, 7.121984022000049 ], [ 79.860643784000047, 7.121983284000066 ], [ 79.860582819000058, 7.121956149000027 ], [ 79.860578921000069, 7.121955292000052 ], [ 79.860490255000059, 7.121936960000028 ], [ 79.86047250300004, 7.12193336200005 ], [ 79.860470441000075, 7.121932954000044 ], [ 79.860454541000081, 7.121931070000073 ], [ 79.860436493000066, 7.121929037000029 ], [ 79.860418543000037, 7.121926923000046 ], [ 79.860413792000031, 7.121926306000034 ], [ 79.860411975000034, 7.121925748000024 ], [ 79.860349332000055, 7.121905968000021 ], [ 79.860342777000085, 7.121903835000069 ], [ 79.860332569000036, 7.121899301000042 ], [ 79.860316065000063, 7.121891852000033 ], [ 79.860299557000076, 7.121884360000024 ], [ 79.860283051000067, 7.121876916000076 ], [ 79.860274394000044, 7.121873073000074 ], [ 79.860266256000045, 7.121870295000065 ], [ 79.860197575000029, 7.121847291000051 ], [ 79.860185021000063, 7.121843139000021 ], [ 79.860180317000072, 7.121841884000048 ], [ 79.860162826000078, 7.121837253000024 ], [ 79.860145317000047, 7.121832652000023 ], [ 79.860127799000054, 7.121828064000056 ], [ 79.860110281000061, 7.121823478000067 ], [ 79.860092769000062, 7.121818877000067 ], [ 79.860079075000044, 7.121815258000026 ], [ 79.860075318000042, 7.121814074000042 ], [ 79.860032861000036, 7.12180040100003 ], [ 79.860031345000039, 7.121799386000021 ], [ 79.859995069000036, 7.121774237000068 ], [ 79.859993241000041, 7.12177272200006 ], [ 79.859966, 7.121728767000036 ], [ 79.859952620000058, 7.121639253000069 ], [ 79.859952068000041, 7.121635344000026 ], [ 79.859951571000067, 7.121621258000062 ], [ 79.859948888000076, 7.121530840000048 ], [ 79.859948671000041, 7.121522585000037 ], [ 79.859948957000086, 7.121512775000042 ], [ 79.859949524000058, 7.121494704000042 ], [ 79.859950121000054, 7.121476625000071 ], [ 79.859950731000083, 7.121458543000074 ], [ 79.859951333000083, 7.121440462000066 ], [ 79.859951907000038, 7.121422390000021 ], [ 79.859952229000044, 7.121411374000047 ], [ 79.859952059000079, 7.121404324000025 ], [ 79.859951568000042, 7.121386248000022 ], [ 79.859951038000077, 7.121368163000056 ], [ 79.85995050300005, 7.121350076000056 ], [ 79.859949991000065, 7.121331997000027 ], [ 79.859949531000041, 7.121313901000065 ], [ 79.859950354000034, 7.121295883000073 ], [ 79.859951224000042, 7.121277819000056 ], [ 79.85995211900007, 7.121259748000057 ], [ 79.859953013000052, 7.121241676000068 ], [ 79.859953885000039, 7.121223610000072 ], [ 79.859954628000082, 7.121207392000031 ], [ 79.859954595000033, 7.121205556000064 ], [ 79.859952981000049, 7.121133196000073 ], [ 79.859952702000044, 7.121124474000055 ], [ 79.859951236000029, 7.121115306000036 ], [ 79.859939369000074, 7.121043934000056 ], [ 79.859936315000084, 7.121026090000043 ], [ 79.859934012000053, 7.121012497000038 ], [ 79.85993312800008, 7.12100829000002 ], [ 79.859929310000041, 7.120990574000075 ], [ 79.859919772000069, 7.120945555000048 ], [ 79.859919240000067, 7.120937395000055 ], [ 79.859909538000068, 7.120774947000029 ], [ 79.859908486000052, 7.120756880000044 ], [ 79.859907432000057, 7.120738814000049 ], [ 79.859906374000047, 7.120720753000057 ], [ 79.859905299000047, 7.120702504000064 ], [ 79.859904414000084, 7.120684624000035 ], [ 79.859900975000073, 7.120612362000031 ], [ 79.859900783000057, 7.120607439000025 ], [ 79.859901668000077, 7.120594360000041 ], [ 79.859910828000068, 7.120468068000037 ], [ 79.859912180000038, 7.120450450000021 ], [ 79.859914408000066, 7.120432101000063 ], [ 79.859916597000051, 7.120414155000049 ], [ 79.859918741000058, 7.120396201000062 ], [ 79.859920945000056, 7.120378253000069 ], [ 79.859923154000057, 7.120360305000077 ], [ 79.859925431000079, 7.120342362000031 ], [ 79.859927654000046, 7.120324413000048 ], [ 79.859929878000059, 7.120306464000066 ], [ 79.859932103000062, 7.120288514000038 ], [ 79.859934328000065, 7.120270564000066 ], [ 79.859936551000033, 7.120252615000027 ], [ 79.859938772000078, 7.120234664000066 ], [ 79.859940989000052, 7.120216716000073 ], [ 79.859942205000038, 7.120206778000068 ], [ 79.859943154000064, 7.120198733000052 ], [ 79.859947397000042, 7.120162797000035 ], [ 79.859947644000044, 7.120160856000041 ], [ 79.859925300000043, 7.119970841000054 ], [ 79.859917694000046, 7.119937892000053 ], [ 79.859913218000031, 7.119902463000074 ], [ 79.859910195000055, 7.119858230000034 ], [ 79.859909254000058, 7.119811624000022 ], [ 79.85991226200008, 7.119701552000038 ], [ 79.859922318000031, 7.11949369000007 ], [ 79.85992331500006, 7.119435820000035 ], [ 79.859922076000032, 7.119374600000071 ], [ 79.859915642000033, 7.119317491000061 ], [ 79.859895917000074, 7.119234810000023 ], [ 79.859880260000068, 7.119128551000074 ], [ 79.859865680000041, 7.119002345000069 ], [ 79.859854505000044, 7.118868217000056 ], [ 79.859853849000046, 7.118822370000032 ], [ 79.859856262000051, 7.118778697000039 ], [ 79.859862316000033, 7.118729643000052 ], [ 79.859872998000071, 7.118687148000049 ], [ 79.859874142000081, 7.118670082000051 ], [ 79.859873328000049, 7.118654635000041 ], [ 79.859860516000083, 7.118606790000058 ], [ 79.859843673000057, 7.118559813000047 ], [ 79.859816589000047, 7.118500570000037 ], [ 79.859779519000085, 7.118430661000048 ], [ 79.859767532000035, 7.118400062000035 ], [ 79.859758421000038, 7.118370527000025 ], [ 79.859736406000081, 7.118283355000074 ], [ 79.859713999000064, 7.11817555500005 ], [ 79.859698778000052, 7.11808773100006 ], [ 79.859685768000077, 7.117992231000073 ], [ 79.859674867000081, 7.11792643800004 ], [ 79.859661464000055, 7.117874527000026 ], [ 79.859650149000061, 7.117839373000038 ], [ 79.859642760000042, 7.117821864000064 ], [ 79.859630115000073, 7.117801719000056 ], [ 79.859614291000071, 7.117785207000054 ], [ 79.859581479000042, 7.117763596000032 ], [ 79.859547460000044, 7.117737434000048 ], [ 79.859511472000065, 7.117706587000043 ], [ 79.859467563000067, 7.117663678000042 ], [ 79.859434577000059, 7.117633735000027 ], [ 79.859409190000065, 7.11761377800002 ], [ 79.859382276000076, 7.117597128000057 ], [ 79.859309858000074, 7.117565933000037 ], [ 79.859215284000072, 7.117511163000074 ], [ 79.85918465900005, 7.117496122000034 ], [ 79.859153797000033, 7.11748417900003 ], [ 79.85910958900007, 7.117471927000054 ], [ 79.859064467000053, 7.117461416000026 ], [ 79.85896512100004, 7.117443815000058 ], [ 79.858878415000049, 7.117425492000052 ], [ 79.858819019000066, 7.117410431000053 ], [ 79.858770045000085, 7.117393259000039 ], [ 79.858750912000062, 7.117383128000029 ], [ 79.858721333000062, 7.117364520000024 ], [ 79.858653509000078, 7.117315677000022 ], [ 79.858578462000082, 7.117270099000052 ], [ 79.858494016000066, 7.117205707000039 ], [ 79.858440870000038, 7.117172552000056 ], [ 79.85841832400007, 7.117156214000033 ], [ 79.858404940000071, 7.117143184000042 ], [ 79.85839240100006, 7.117127039000025 ], [ 79.858379141000057, 7.117105957000035 ], [ 79.858362967000062, 7.117076108000049 ], [ 79.858331332000034, 7.117010328000049 ], [ 79.858296804000076, 7.116930878000062 ], [ 79.858265990000064, 7.116869028000053 ], [ 79.858249869000076, 7.116831439000066 ], [ 79.85822715900008, 7.116767803000073 ], [ 79.858203339000056, 7.116686364000032 ], [ 79.858192864000046, 7.116632277000065 ], [ 79.858188022000036, 7.116582638000068 ], [ 79.858180317000063, 7.116422473000057 ], [ 79.858176232000062, 7.116295196000067 ], [ 79.858175998000036, 7.116190161000077 ], [ 79.858179891000077, 7.11612931600007 ], [ 79.858186656000044, 7.116082280000057 ], [ 79.858195948000059, 7.116044566000028 ], [ 79.858245907000082, 7.115887422000071 ], [ 79.858269531000076, 7.115824298000064 ], [ 79.858284150000031, 7.115794397000059 ], [ 79.858299524000074, 7.115767552000023 ], [ 79.858337109000047, 7.115707302000033 ], [ 79.858369440000047, 7.115660310000067 ], [ 79.858406936000051, 7.115612464000037 ], [ 79.858457275000035, 7.11555732100004 ], [ 79.858504587000084, 7.115500066000038 ], [ 79.858558629000072, 7.11542985400007 ], [ 79.85861195800004, 7.115356624000071 ], [ 79.858647039000061, 7.115303857000072 ], [ 79.858685320000063, 7.115242215000023 ], [ 79.858716179000055, 7.115188659000069 ], [ 79.858737611000038, 7.115147682000043 ], [ 79.858750781000083, 7.115117442000042 ], [ 79.858755590000044, 7.115100803000075 ], [ 79.858757180000055, 7.115088656000069 ], [ 79.858756686000049, 7.115063104000058 ], [ 79.858750587000031, 7.11501852400005 ], [ 79.858746936000045, 7.114965354000049 ], [ 79.858746823000047, 7.114936765000039 ], [ 79.85874907300007, 7.114909149000027 ], [ 79.858753874000058, 7.11488057300005 ], [ 79.858759917000043, 7.114858237000021 ], [ 79.858767168000043, 7.114839809000046 ], [ 79.858778560000076, 7.114819155000021 ], [ 79.858791803000031, 7.114799891000075 ], [ 79.858818868000071, 7.114765679000072 ], [ 79.858885936000036, 7.11468921200003 ], [ 79.858938743000067, 7.114618931000052 ], [ 79.858976196000071, 7.114575407000075 ], [ 79.859000231000039, 7.114551904000052 ], [ 79.859028733000059, 7.114527082000052 ], [ 79.859105111000076, 7.114473087000022 ], [ 79.859127185000034, 7.114454642000055 ], [ 79.859143247000077, 7.11443766900004 ], [ 79.859158709000042, 7.11441506400007 ], [ 79.859170705000054, 7.114389733000053 ], [ 79.85917661600007, 7.114360941000029 ], [ 79.859180114000083, 7.114328985000043 ], [ 79.859181829000079, 7.114292589000058 ], [ 79.859181475000071, 7.114253167000072 ], [ 79.859175762000064, 7.114171157000044 ], [ 79.859173871000053, 7.114115376000029 ], [ 79.859169605000034, 7.114071745000047 ], [ 79.859162038000079, 7.114030770000056 ], [ 79.859152293000079, 7.114002119000077 ], [ 79.859137830000066, 7.11397493000004 ], [ 79.859112249000077, 7.113935752000032 ], [ 79.859077187000082, 7.113888145000033 ], [ 79.85904781000005, 7.113833875000068 ], [ 79.85902191200006, 7.113801840000065 ], [ 79.858989474000055, 7.113769383000033 ], [ 79.858956635000084, 7.113745150000057 ], [ 79.85892080800005, 7.113724869000066 ], [ 79.858879524000031, 7.113706262000051 ], [ 79.858833520000076, 7.113690284000029 ], [ 79.85871970200003, 7.113659906000066 ], [ 79.858642424000038, 7.113635113000043 ], [ 79.858614707000072, 7.113623455000038 ], [ 79.858589208000069, 7.113610169000026 ], [ 79.858567658000084, 7.113595997000061 ], [ 79.858548211000084, 7.113579555000058 ], [ 79.858535658000051, 7.113565822000055 ], [ 79.858522092000044, 7.113547852000067 ], [ 79.85850081600006, 7.113511924000022 ], [ 79.858480253000039, 7.113467057000037 ], [ 79.858464421000065, 7.113421035000044 ], [ 79.858453700000041, 7.113376575000075 ], [ 79.858447802000057, 7.113331544000062 ], [ 79.85844768100003, 7.113293270000042 ], [ 79.858454307000045, 7.113256049000029 ], [ 79.858466649000036, 7.113224307000053 ], [ 79.858483801000034, 7.113194088000057 ], [ 79.858507680000059, 7.11316142000004 ], [ 79.858535051000047, 7.113130173000059 ], [ 79.858584353000083, 7.113081137000052 ], [ 79.858638900000074, 7.113030322000043 ], [ 79.858712039000068, 7.112964831000056 ], [ 79.858771414000046, 7.112915153000074 ], [ 79.858816115000081, 7.112881802000061 ], [ 79.858865913000045, 7.112847342000066 ], [ 79.859011549000058, 7.112753522000048 ], [ 79.859113519000061, 7.112682950000021 ], [ 79.859193851000043, 7.112635067000042 ], [ 79.859285903000057, 7.112586903000022 ], [ 79.859353092000049, 7.112549165000075 ], [ 79.859404869000059, 7.112514732000022 ], [ 79.859425931000033, 7.11249775400006 ], [ 79.859445035000078, 7.112479483000072 ], [ 79.859464323000054, 7.112455680000039 ], [ 79.859478240000044, 7.11242978100006 ], [ 79.85948533100003, 7.112403397000037 ], [ 79.859486209000067, 7.112374316000057 ], [ 79.859480751000035, 7.112339849000023 ], [ 79.859469610000076, 7.11230353600007 ], [ 79.859452476000058, 7.112262854000051 ], [ 79.859428722000075, 7.112216124000042 ], [ 79.859397045000037, 7.11215978000007 ], [ 79.859349315000031, 7.112081339000042 ], [ 79.859315077000076, 7.112027542000021 ], [ 79.859280609000052, 7.111977158000059 ], [ 79.859245041000065, 7.111930499000039 ], [ 79.859206479000079, 7.111883869000053 ], [ 79.859164127000042, 7.111836173000029 ], [ 79.859116146000076, 7.111785351000037 ], [ 79.85900898400007, 7.111678460000064 ], [ 79.858910024000068, 7.111582760000033 ], [ 79.858856195000044, 7.111532665000027 ], [ 79.858801580000033, 7.111485047000031 ], [ 79.858751709000046, 7.111445780000054 ], [ 79.858699552000076, 7.111409909000031 ], [ 79.858650197000031, 7.111381467000058 ], [ 79.858599429000037, 7.111358307000046 ], [ 79.858554307000077, 7.111343204000036 ], [ 79.858507572000065, 7.111332987000026 ], [ 79.85845583400004, 7.111326921000057 ], [ 79.858403447000057, 7.111325111000042 ], [ 79.858325927000067, 7.111328246000028 ], [ 79.858249379000085, 7.111335888000042 ], [ 79.858120797000083, 7.111353218000033 ], [ 79.858003689000043, 7.111374202000036 ], [ 79.857963574000053, 7.111378880000075 ], [ 79.85792637600008, 7.111381036000068 ], [ 79.857890959000031, 7.111380671000063 ], [ 79.857851579000055, 7.111377398000059 ], [ 79.857710573000077, 7.11135674600007 ], [ 79.85765150800006, 7.111351486000046 ], [ 79.857590906000041, 7.111348090000035 ], [ 79.857515214000045, 7.111346815000047 ], [ 79.857393849000061, 7.111347198000033 ], [ 79.857268097000031, 7.11135052800006 ], [ 79.857214258000056, 7.111353569000073 ], [ 79.85716209800006, 7.111359594000021 ], [ 79.857115835000059, 7.111369113000023 ], [ 79.85707459200006, 7.111382724000066 ], [ 79.857037957000045, 7.111400021000065 ], [ 79.856971545000079, 7.111438124000074 ], [ 79.856870925000067, 7.11150359100003 ], [ 79.856801549000068, 7.111553588000049 ], [ 79.856773677000035, 7.111577480000051 ], [ 79.856752434000043, 7.111598129000072 ], [ 79.856722691000073, 7.111633452000035 ], [ 79.85669063000006, 7.11167890300004 ], [ 79.856665410000062, 7.111718388000043 ], [ 79.856636704000039, 7.111771498000053 ], [ 79.85660991900005, 7.111814542000047 ], [ 79.85656705100007, 7.111875353000073 ], [ 79.856492332000073, 7.111974196000062 ], [ 79.85644108200006, 7.112058608000041 ], [ 79.856404639000061, 7.112113256000043 ], [ 79.856351491000055, 7.112184112000023 ], [ 79.856318058000056, 7.112219480000022 ], [ 79.856306510000081, 7.112234796000052 ], [ 79.856298755000068, 7.112250412000037 ], [ 79.856295494000051, 7.112263212000073 ], [ 79.856293104000031, 7.112288518000071 ], [ 79.85629306900006, 7.112320966000027 ], [ 79.856286873000045, 7.112352391000059 ], [ 79.856272275000038, 7.112388675000034 ], [ 79.85625112300005, 7.112423508000063 ], [ 79.856235771000058, 7.112443902000052 ], [ 79.856218889000047, 7.112462858000072 ], [ 79.856201251000073, 7.112480204000065 ], [ 79.856182635000039, 7.11249523500004 ], [ 79.856167482000046, 7.112503551000032 ], [ 79.85615100900003, 7.112509655000053 ], [ 79.856135277000078, 7.112511366000035 ], [ 79.856119192000051, 7.112510155000052 ], [ 79.85610530200006, 7.112506535000023 ], [ 79.856091838000054, 7.112500650000072 ], [ 79.856059942000059, 7.112481761000026 ], [ 79.856036112000083, 7.112462410000035 ], [ 79.856004975000076, 7.112433184000054 ], [ 79.855965879000053, 7.112405858000045 ], [ 79.855939169000067, 7.112382154000045 ], [ 79.855921404000071, 7.112361514000042 ], [ 79.855905234000033, 7.112339808000058 ], [ 79.855874191000055, 7.112286588000075 ], [ 79.855845155000054, 7.112246948000063 ], [ 79.855804914000032, 7.112201503000051 ], [ 79.855710836000071, 7.112101754000037 ], [ 79.855678025000032, 7.112062980000076 ], [ 79.855650384000057, 7.112025394000057 ], [ 79.855627542000036, 7.111989787000027 ], [ 79.855606341000055, 7.111951257000044 ], [ 79.855569607000064, 7.111871812000061 ], [ 79.855536344000029, 7.111808944000074 ], [ 79.855516947000069, 7.111767395000072 ], [ 79.855500001000053, 7.111718182000061 ], [ 79.855482832000064, 7.111659943000063 ], [ 79.855466005000039, 7.111596949000045 ], [ 79.855453031000081, 7.111538492000022 ], [ 79.855445101000043, 7.111494333000053 ], [ 79.855440506000036, 7.111451210000041 ], [ 79.855439887000045, 7.11139812600004 ], [ 79.855441615000075, 7.111355075000063 ], [ 79.855446407000045, 7.111306715000069 ], [ 79.855454247000068, 7.111257411000054 ], [ 79.855465167000034, 7.111206936000031 ], [ 79.855479245000083, 7.111154945000067 ], [ 79.855507610000075, 7.111070253000037 ], [ 79.855544928000029, 7.110977693000052 ], [ 79.855588544000057, 7.110881778000021 ], [ 79.855717095000045, 7.110613788000023 ], [ 79.85575315300008, 7.110530307000033 ], [ 79.855781957000033, 7.110454705000052 ], [ 79.855854941000075, 7.110224243000062 ], [ 79.855926788000033, 7.109983409000051 ], [ 79.855985227000076, 7.109772931000066 ], [ 79.856035373000054, 7.109575543000062 ], [ 79.856070020000061, 7.109425140000042 ], [ 79.856101910000064, 7.109271817000035 ], [ 79.856132090000074, 7.109110583000074 ], [ 79.856160699000043, 7.108940567000047 ], [ 79.856187491000071, 7.108763887000066 ], [ 79.856213790000083, 7.108572462000041 ], [ 79.856239991000052, 7.108364061000032 ], [ 79.856271286000037, 7.108097326000063 ], [ 79.856279222000069, 7.108060705000071 ], [ 79.856291556000031, 7.108017433000043 ], [ 79.85630162700005, 7.107990511000025 ], [ 79.856315843000061, 7.107960917000071 ], [ 79.856333267000082, 7.107935799000074 ], [ 79.856355260000043, 7.107911744000035 ], [ 79.856383164000079, 7.107887150000067 ], [ 79.856421315000034, 7.107858339000074 ], [ 79.856488500000069, 7.107810979000021 ], [ 79.856543395000074, 7.107774327000072 ], [ 79.856668421000052, 7.107698747000029 ], [ 79.856771274000039, 7.107632475000059 ], [ 79.856849125000053, 7.107577423000066 ], [ 79.857004554000071, 7.107461339000054 ], [ 79.857121276000044, 7.107377588000077 ], [ 79.857238720000055, 7.107297035000045 ], [ 79.857354589000067, 7.107221561000074 ], [ 79.857424690000073, 7.107179245000054 ], [ 79.857477611000036, 7.107151836000071 ], [ 79.857526460000031, 7.107130697000059 ], [ 79.857627544000081, 7.107092170000044 ], [ 79.857722023000065, 7.107053486000041 ], [ 79.857779410000035, 7.10702834500006 ], [ 79.857830344000035, 7.107003580000026 ], [ 79.857877307000081, 7.10697854600005 ], [ 79.857923698000036, 7.106950769000036 ], [ 79.857969463000074, 7.106920284000068 ], [ 79.858014296000079, 7.106887288000053 ], [ 79.858051958000033, 7.106857010000056 ], [ 79.858088549000058, 7.106825162000064 ], [ 79.85812388800008, 7.106791900000076 ], [ 79.858157795000068, 7.106757396000035 ], [ 79.858212493000053, 7.106695377000051 ], [ 79.858296628000062, 7.106588462000047 ], [ 79.858348001000081, 7.106514601000072 ], [ 79.858368750000068, 7.106480614000077 ], [ 79.858386525000071, 7.106448087000047 ], [ 79.858401491000052, 7.106416688000024 ], [ 79.85841362900004, 7.106386434000058 ], [ 79.858422974000064, 7.106357236000065 ], [ 79.858429541000078, 7.106329035000044 ], [ 79.858434301000045, 7.106285848000027 ], [ 79.858431996000036, 7.106244509000021 ], [ 79.858422319000056, 7.106198731000063 ], [ 79.858404990000054, 7.106148283000039 ], [ 79.858372102000033, 7.10607655900003 ], [ 79.858275953000032, 7.105892997000069 ], [ 79.858247723000034, 7.105843580000055 ], [ 79.858215495000081, 7.10579356900007 ], [ 79.858164486000078, 7.105723441000066 ], [ 79.858103370000038, 7.105648421000069 ], [ 79.858038183000076, 7.105574502000024 ], [ 79.857858191000048, 7.105377733000068 ], [ 79.857806114000084, 7.10531706200004 ], [ 79.85776144600004, 7.105261257000052 ], [ 79.85772100500003, 7.105206115000044 ], [ 79.857685598000046, 7.105152467000039 ], [ 79.857660404000057, 7.105109839000022 ], [ 79.857618349000063, 7.105032349000055 ], [ 79.857584706000068, 7.104977112000029 ], [ 79.857553755000083, 7.104931935000025 ], [ 79.857523455000035, 7.104892850000056 ], [ 79.857485441000051, 7.104850867000039 ], [ 79.857446567000068, 7.104815946000031 ], [ 79.857407565000074, 7.10478882600006 ], [ 79.857369037000069, 7.104769763000036 ], [ 79.857331997000074, 7.104758565000054 ], [ 79.857292144000041, 7.104753861000063 ], [ 79.857239425000046, 7.104753679000055 ], [ 79.857187807000059, 7.104757928000026 ], [ 79.857145010000067, 7.104765544000031 ], [ 79.857105802000035, 7.104777482000031 ], [ 79.857075381000072, 7.104792764000024 ], [ 79.85706310300003, 7.104801919000067 ], [ 79.857053049000058, 7.104812134000042 ], [ 79.857042638000053, 7.104827804000024 ], [ 79.857034895000083, 7.104845849000071 ], [ 79.857029044000058, 7.104867649000028 ], [ 79.857025283000041, 7.104891868000038 ], [ 79.857022186000052, 7.104950243000076 ], [ 79.857022432000065, 7.10504536600007 ], [ 79.857014160000062, 7.105146110000021 ], [ 79.857011109000041, 7.105272196000044 ], [ 79.85700750500007, 7.105306434000056 ], [ 79.857002408000085, 7.105334277000054 ], [ 79.85699508700003, 7.105360064000024 ], [ 79.856985233000046, 7.105384005000076 ], [ 79.85696964400006, 7.105410541000026 ], [ 79.856941887000062, 7.105446413000038 ], [ 79.856920194000054, 7.10547936100005 ], [ 79.856905288000064, 7.105506264000041 ], [ 79.85688646400007, 7.105547265000041 ], [ 79.856865926000069, 7.105582374000051 ], [ 79.856842945000039, 7.105613442000049 ], [ 79.856818024000063, 7.105637973000057 ], [ 79.856799989000081, 7.105648461000044 ], [ 79.856775841000058, 7.10565639500004 ], [ 79.856751345000077, 7.10566148700002 ], [ 79.856726867000077, 7.105662924000058 ], [ 79.856705760000068, 7.105659804000027 ], [ 79.856685528000071, 7.105652932000055 ], [ 79.856667673000061, 7.105643034000025 ], [ 79.856653093000034, 7.105630145000021 ], [ 79.856644668000058, 7.105618142000026 ], [ 79.856631963000041, 7.105593476000024 ], [ 79.856612381000048, 7.105544739000038 ], [ 79.856601155000078, 7.105494866000072 ], [ 79.856587096000055, 7.105416818000037 ], [ 79.856574210000076, 7.10535813100006 ], [ 79.856560757000068, 7.105311820000054 ], [ 79.856528483000034, 7.105214411000077 ], [ 79.856510101000083, 7.105166048000058 ], [ 79.856493331000081, 7.105127270000025 ], [ 79.856447114000048, 7.105042682000033 ], [ 79.856428589000075, 7.105004535000035 ], [ 79.856419975000051, 7.104983004000076 ], [ 79.856412902000045, 7.104957472000024 ], [ 79.85640759100005, 7.104930095000043 ], [ 79.856404870000063, 7.104906553000035 ], [ 79.856405506000044, 7.104887591000022 ], [ 79.85640922500005, 7.104868149000026 ], [ 79.856416270000068, 7.104843867000056 ], [ 79.856424686000082, 7.104822929000022 ], [ 79.856434858000057, 7.10480284700003 ], [ 79.856454345000031, 7.10476920900004 ], [ 79.856477783000059, 7.104733008000039 ], [ 79.856532352000045, 7.104658120000067 ], [ 79.856581061000043, 7.104597430000069 ], [ 79.856624252000074, 7.104549576000068 ], [ 79.856665708000037, 7.104510179000044 ], [ 79.856727579000051, 7.104458373000057 ], [ 79.856759210000064, 7.104427010000052 ], [ 79.856789220000053, 7.104394693000074 ], [ 79.856790103000037, 7.104393259000062 ], [ 79.856822682000029, 7.104340379000064 ], [ 79.856832153000084, 7.104324894000058 ], [ 79.856841403000033, 7.104309973000056 ], [ 79.856852236000066, 7.104294822000043 ], [ 79.856894442000055, 7.10423600300004 ], [ 79.856905099000073, 7.104221185000029 ], [ 79.856916677000072, 7.104207546000055 ], [ 79.856928432000075, 7.104193800000075 ], [ 79.856940216000055, 7.104180063000058 ], [ 79.856952011000033, 7.104166329000066 ], [ 79.856963792000045, 7.104152586000055 ], [ 79.856975777000059, 7.104138548000037 ], [ 79.856986778000078, 7.104124653000042 ], [ 79.856997980000074, 7.104110441000046 ], [ 79.857009171000072, 7.104096217000063 ], [ 79.857020358000057, 7.104081988000075 ], [ 79.857031548000066, 7.104067764000035 ], [ 79.857042743000079, 7.104053553000028 ], [ 79.857053956000073, 7.104039362000037 ], [ 79.857065578000061, 7.104024710000033 ], [ 79.85707734500005, 7.104011828000068 ], [ 79.857138850000069, 7.10394543600006 ], [ 79.857149296000046, 7.103935074000049 ], [ 79.857360603000075, 7.103725474000044 ], [ 79.857552543000054, 7.103552405000073 ], [ 79.857726356000057, 7.103463033000025 ], [ 79.857846117000065, 7.103457289000062 ], [ 79.857971829000064, 7.103469498000038 ], [ 79.85813332500004, 7.103553550000072 ], [ 79.858300665000058, 7.103709384000069 ], [ 79.858449866000058, 7.103954895000072 ], [ 79.85862893500007, 7.104236351000054 ], [ 79.858742213000085, 7.104481791000069 ], [ 79.858825683000077, 7.104661383000064 ], [ 79.858897367000054, 7.104745258000037 ], [ 79.858990248000055, 7.104841263000026 ], [ 79.859004662000075, 7.104852220000055 ], [ 79.859019079000063, 7.104863177000027 ], [ 79.859091011000032, 7.104918036000072 ], [ 79.859100839000064, 7.104925585000046 ], [ 79.859105065000051, 7.104929378000065 ], [ 79.859209471000042, 7.105024241000024 ], [ 79.859211578000043, 7.105027174000043 ], [ 79.859215730000074, 7.105033806000051 ], [ 79.859235408000075, 7.105065232000072 ], [ 79.859239241000068, 7.105073831000027 ], [ 79.859268323000038, 7.105140142000039 ], [ 79.85927282800003, 7.105150619000028 ], [ 79.859274665000044, 7.105156976000046 ], [ 79.859294129000034, 7.105226683000069 ], [ 79.859294857000066, 7.105229324000049 ], [ 79.859401924000053, 7.105303310000068 ], [ 79.85972188900007, 7.105524210000056 ], [ 79.859791437000069, 7.105552824000029 ], [ 79.859858003000056, 7.105586197000036 ], [ 79.85991105100004, 7.105618801000048 ], [ 79.859966917000065, 7.105659655000068 ], [ 79.860024513000042, 7.105707276000032 ], [ 79.860128374000055, 7.105799200000035 ], [ 79.860292033000064, 7.105940201000067 ], [ 79.860356529000057, 7.106002986000021 ], [ 79.860383363000039, 7.106032498000047 ], [ 79.860407188000067, 7.106061400000044 ], [ 79.860426907000033, 7.106088060000047 ], [ 79.860444329000075, 7.10611459100005 ], [ 79.860459536000064, 7.106141119000029 ], [ 79.860472577000053, 7.106167730000038 ], [ 79.860483841000075, 7.106195461000027 ], [ 79.860497563000081, 7.106236391000039 ], [ 79.860514895000051, 7.10630143700007 ], [ 79.860521083000037, 7.10634417700004 ], [ 79.860521113000061, 7.106379482000023 ], [ 79.860514800000033, 7.106408213000066 ], [ 79.860494653000046, 7.106470949000027 ], [ 79.860490521000031, 7.106493278000073 ], [ 79.86049223100008, 7.106509432000053 ], [ 79.860495512000057, 7.106515847000026 ], [ 79.860500411000032, 7.106521323000038 ], [ 79.860510886000043, 7.106527795000034 ], [ 79.860525135000046, 7.106532130000062 ], [ 79.860543303000043, 7.106534383000053 ], [ 79.86056579500007, 7.106534599000042 ], [ 79.860604399000067, 7.106531697000037 ], [ 79.860701214000073, 7.106520130000035 ], [ 79.860780945000045, 7.106516053000064 ], [ 79.860846984000034, 7.106510284000024 ], [ 79.860919564000085, 7.106501366000032 ], [ 79.861002211000084, 7.106488813000055 ], [ 79.861093994000043, 7.106473016000052 ], [ 79.861160999000049, 7.106459010000037 ], [ 79.861280541000042, 7.106428235000067 ], [ 79.861538834000044, 7.106351522000068 ], [ 79.861653065000041, 7.106320738000022 ], [ 79.861712399000055, 7.106307194000067 ], [ 79.861778575000073, 7.10629418000002 ], [ 79.862047592000067, 7.10624970300006 ], [ 79.862162734000037, 7.106227193000052 ], [ 79.86222457000008, 7.106212246000041 ], [ 79.862281340000038, 7.106195985000056 ], [ 79.862334178000083, 7.106178086000057 ], [ 79.862383676000036, 7.106158342000072 ], [ 79.862435151000057, 7.106134446000056 ], [ 79.862487542000054, 7.106106728000043 ], [ 79.86254133400007, 7.106074933000059 ], [ 79.862597411000081, 7.106038542000022 ], [ 79.862707680000085, 7.105959228000074 ], [ 79.862922117000039, 7.105792262000023 ], [ 79.863013247000083, 7.105724381000073 ], [ 79.863106877000064, 7.10566101400002 ], [ 79.863211524000064, 7.105598812000039 ], [ 79.863336823000054, 7.105528959000026 ], [ 79.863478007000083, 7.10545413400007 ], [ 79.863974386000052, 7.10520303100003 ], [ 79.864234933000034, 7.105059050000023 ], [ 79.864326176000077, 7.105010633000063 ], [ 79.864390021000077, 7.104979150000077 ], [ 79.864449723000064, 7.104952089000051 ], [ 79.86450681000008, 7.104928762000043 ], [ 79.864562, 7.104908881000028 ], [ 79.864704457000073, 7.104866139000023 ], [ 79.864805761000071, 7.104840526000032 ], [ 79.864851551000072, 7.104831466000064 ], [ 79.864894489000051, 7.104824906000033 ], [ 79.864935198000069, 7.104820756000038 ], [ 79.864973948000056, 7.104818986000055 ], [ 79.864999809000039, 7.104819832000032 ], [ 79.86502676200007, 7.104823015000022 ], [ 79.865055049000034, 7.104828562000023 ], [ 79.865085117000035, 7.104836560000024 ], [ 79.865146421000077, 7.104857899000024 ], [ 79.86526708100007, 7.104907958000069 ], [ 79.86531728600005, 7.104926904000024 ], [ 79.865369770000029, 7.10494243100004 ], [ 79.865416706000076, 7.104950763000033 ], [ 79.865446097000074, 7.104952528000069 ], [ 79.865474215000063, 7.104951258000028 ], [ 79.865557649000039, 7.104936503000033 ], [ 79.865592426000035, 7.104927818000021 ], [ 79.865622339000083, 7.104918129000055 ], [ 79.865648133000036, 7.104907191000052 ], [ 79.86567001800006, 7.104894911000031 ], [ 79.865684230000056, 7.104884540000057 ], [ 79.865696712000044, 7.104872931000045 ], [ 79.865708497000071, 7.104859144000045 ], [ 79.86571940500005, 7.104843318000064 ], [ 79.865738752000084, 7.104805265000039 ], [ 79.865755084000057, 7.104758046000029 ], [ 79.865770615000031, 7.104692144000069 ], [ 79.865788457000065, 7.104588568000054 ], [ 79.865793610000082, 7.104528857000048 ], [ 79.865794076000043, 7.104462798000043 ], [ 79.865788658000042, 7.104373903000067 ], [ 79.865784335000058, 7.104330932000039 ], [ 79.865779496000073, 7.104299595000043 ], [ 79.865766177000069, 7.104240717000039 ], [ 79.865726442000039, 7.104096300000037 ], [ 79.865717963000066, 7.104055943000049 ], [ 79.865712669000061, 7.104019052000069 ], [ 79.865709648000063, 7.10397944500005 ], [ 79.865708716000086, 7.103934970000068 ], [ 79.865713111000048, 7.103744815000027 ], [ 79.865711288000057, 7.103701063000074 ], [ 79.865707180000072, 7.103661782000074 ], [ 79.865701353000077, 7.103633228000035 ], [ 79.865691730000037, 7.103601203000039 ], [ 79.865644730000042, 7.103481505000047 ], [ 79.865629512000055, 7.103433419000055 ], [ 79.865624522000076, 7.103407931000049 ], [ 79.865622729000052, 7.103384730000073 ], [ 79.865624100000048, 7.103363339000055 ], [ 79.865628652000055, 7.103343522000046 ], [ 79.865635434000069, 7.103326093000021 ], [ 79.865644564000036, 7.103308146000074 ], [ 79.865669771000057, 7.103270868000038 ], [ 79.865704186000073, 7.103231822000055 ], [ 79.865747721000048, 7.103191103000029 ], [ 79.865778067000065, 7.103166094000073 ], [ 79.865801211000075, 7.103150830000061 ], [ 79.865827575000083, 7.103136837000022 ], [ 79.865890491000073, 7.103107089000048 ], [ 79.865918800000031, 7.103091135000057 ], [ 79.865940522000074, 7.103075352000076 ], [ 79.865966039000057, 7.103052025000068 ], [ 79.865993138000078, 7.103022383000052 ], [ 79.86602141700007, 7.102986423000061 ], [ 79.866055840000058, 7.102937457000053 ], [ 79.866098294000039, 7.102873212000077 ], [ 79.866116801000032, 7.10283871300004 ], [ 79.86613343700003, 7.102801069000066 ], [ 79.86614837500008, 7.10275989400003 ], [ 79.866161908000038, 7.102714384000024 ], [ 79.86618194700003, 7.102627738000024 ], [ 79.866221116000077, 7.102420699000049 ], [ 79.866233395000052, 7.102368813000055 ], [ 79.866246500000045, 7.102323187000025 ], [ 79.866262196000037, 7.102278841000043 ], [ 79.866279794000036, 7.102238801000055 ], [ 79.866299565000077, 7.102202453000075 ], [ 79.866321686000049, 7.102169478000064 ], [ 79.866359228000078, 7.102125054000055 ], [ 79.866407586000037, 7.102076356000055 ], [ 79.866464630000053, 7.102025404000074 ], [ 79.866541079000058, 7.101962494000077 ], [ 79.866565994000041, 7.101944263000064 ], [ 79.866595200000063, 7.101925440000059 ], [ 79.866729573000043, 7.101847339000074 ], [ 79.866761583000084, 7.101824979000071 ], [ 79.866788245000066, 7.101802656000075 ], [ 79.866817974000071, 7.101770720000047 ], [ 79.866850917000079, 7.101726290000045 ], [ 79.866879889000074, 7.101678886000059 ], [ 79.866905627000051, 7.101627864000022 ], [ 79.866920640000046, 7.101592549000031 ], [ 79.866933753000069, 7.101556626000047 ], [ 79.866956858000037, 7.101475224000069 ], [ 79.866963668000039, 7.101441894000061 ], [ 79.866967878000082, 7.101411363000068 ], [ 79.86696956000003, 7.101382772000022 ], [ 79.866968633000056, 7.101357697000026 ], [ 79.866962129000058, 7.101322780000032 ], [ 79.866949084000055, 7.101284498000041 ], [ 79.866932834000067, 7.101248443000031 ], [ 79.866889642000046, 7.10116243300007 ], [ 79.866871464000042, 7.101118334000034 ], [ 79.866831512000033, 7.100989354000035 ], [ 79.866817937000064, 7.10093824300003 ], [ 79.866807276000031, 7.100891169000022 ], [ 79.866798797000058, 7.100844048000056 ], [ 79.866788820000068, 7.100771143000031 ], [ 79.866783095000073, 7.100715258000037 ], [ 79.866780065000057, 7.100664860000052 ], [ 79.866779622000081, 7.100619349000056 ], [ 79.866781676000073, 7.100577104000024 ], [ 79.866786262000062, 7.100537655000039 ], [ 79.866793345000076, 7.10050127300002 ], [ 79.866801949000035, 7.100471976000051 ], [ 79.866813599000068, 7.100442122000061 ], [ 79.866828412000075, 7.100411405000045 ], [ 79.866846672000065, 7.100379230000044 ], [ 79.866885708000041, 7.100320501000056 ], [ 79.866992055000082, 7.100175182000044 ], [ 79.867018360000031, 7.100134086000025 ], [ 79.86704185800005, 7.100091740000039 ], [ 79.867070130000059, 7.100035901000069 ], [ 79.867099789000065, 7.099972628000046 ], [ 79.867222275000074, 7.099694032000059 ], [ 79.867254891000073, 7.099627095000073 ], [ 79.867286726000032, 7.09956771800006 ], [ 79.867312993000041, 7.099523296000029 ], [ 79.867331733000071, 7.099496990000034 ], [ 79.867356113000085, 7.099467912000023 ], [ 79.867418584000063, 7.099398886000074 ], [ 79.867446398000084, 7.099363292000021 ], [ 79.867458170000077, 7.099344519000056 ], [ 79.86746693200007, 7.099326721000068 ], [ 79.867472842000041, 7.099309574000074 ], [ 79.867475956000078, 7.099292908000052 ], [ 79.86747568800007, 7.09926736400007 ], [ 79.867470301000083, 7.099238287000048 ], [ 79.867459998000072, 7.099206882000033 ], [ 79.867445030000056, 7.09917381300005 ], [ 79.867425519000051, 7.099139584000056 ], [ 79.867402661000085, 7.099106471000027 ], [ 79.867378211000073, 7.099076896000042 ], [ 79.867352336000067, 7.099051115000066 ], [ 79.867320385000085, 7.099024584000063 ], [ 79.867285937000077, 7.099000684000032 ], [ 79.867251062000037, 7.098980840000024 ], [ 79.867217231000041, 7.098965882000073 ], [ 79.867186233000041, 7.098956463000036 ], [ 79.867158022000069, 7.098952421000035 ], [ 79.867134355000076, 7.098953696000024 ], [ 79.867110625000066, 7.098960598000076 ], [ 79.867091018000053, 7.098970254000051 ], [ 79.867070545000047, 7.098983716000021 ], [ 79.867048902000079, 7.099001175000069 ], [ 79.867025314000045, 7.099023250000073 ], [ 79.866934416000049, 7.099120776000063 ], [ 79.866861603000075, 7.099193429000024 ], [ 79.866737185000034, 7.099333389000037 ], [ 79.866705426000067, 7.099365268000042 ], [ 79.86667514800007, 7.099392305000038 ], [ 79.866642599000045, 7.099417647000053 ], [ 79.866604811000059, 7.099443651000058 ], [ 79.866457555000068, 7.099533142000041 ], [ 79.866398314000037, 7.099573012000064 ], [ 79.866368623000085, 7.099596138000038 ], [ 79.866339101000051, 7.099622149000027 ], [ 79.866223977000061, 7.09973734700003 ], [ 79.866171134000069, 7.099783994000063 ], [ 79.866148741000075, 7.099800662000064 ], [ 79.866126560000055, 7.09981472100003 ], [ 79.86602662100006, 7.099869012000056 ], [ 79.865992146000053, 7.099893795000071 ], [ 79.865969557000085, 7.099917332000075 ], [ 79.865951282000083, 7.09994497100007 ], [ 79.86593716200008, 7.099976940000033 ], [ 79.865926984000055, 7.100013710000042 ], [ 79.865920800000083, 7.100053575000061 ], [ 79.865917738000064, 7.100099829000044 ], [ 79.865917540000055, 7.100153003000059 ], [ 79.865921652000054, 7.100318103000063 ], [ 79.865919611000038, 7.100369370000067 ], [ 79.865914504000045, 7.10041379300003 ], [ 79.865906256000073, 7.100452765000057 ], [ 79.865894662000073, 7.100487624000039 ], [ 79.865879264000057, 7.10052143200005 ], [ 79.865837083000031, 7.100603223000064 ], [ 79.865819771000076, 7.100646803000075 ], [ 79.865815431000044, 7.100665712000023 ], [ 79.865812413000072, 7.100687792000031 ], [ 79.865805924000085, 7.100784257000043 ], [ 79.865802224000049, 7.100805309000066 ], [ 79.865796939000063, 7.100823114000036 ], [ 79.865785509000034, 7.100845243000037 ], [ 79.865767503000029, 7.100865233000036 ], [ 79.865739793000046, 7.100888274000056 ], [ 79.865711126000065, 7.100905511000065 ], [ 79.865685714000051, 7.100915100000066 ], [ 79.865659837000067, 7.100918896000053 ], [ 79.865630122000084, 7.10091910500006 ], [ 79.865619243000083, 7.100917122000055 ], [ 79.865610846000038, 7.100913727000034 ], [ 79.865602859000035, 7.100906137000038 ], [ 79.865597705000084, 7.100893080000048 ], [ 79.865589137000029, 7.100825223000072 ], [ 79.865589488000069, 7.100773463000053 ], [ 79.865593398000044, 7.100708427000029 ], [ 79.865597002000072, 7.100672559000031 ], [ 79.865603425000074, 7.100629931000071 ], [ 79.865612675000079, 7.100582603000021 ], [ 79.86565943800008, 7.100380757000039 ], [ 79.865684462000047, 7.10023379200004 ], [ 79.865710662000083, 7.100058125000032 ], [ 79.86573098000008, 7.099894971000026 ], [ 79.865736254000069, 7.099831590000065 ], [ 79.865744514000085, 7.099681573000055 ], [ 79.865752074000056, 7.09960800500005 ], [ 79.865758890000052, 7.099566890000062 ], [ 79.865770008000084, 7.099516021000056 ], [ 79.865783306000083, 7.099464348000026 ], [ 79.865798679000079, 7.099412297000072 ], [ 79.865816812000048, 7.099357948000034 ], [ 79.865837112000065, 7.099303462000023 ], [ 79.865858966000076, 7.099250329000029 ], [ 79.865881777000084, 7.099200103000044 ], [ 79.865904794000073, 7.099154193000061 ], [ 79.865930118000051, 7.099108306000062 ], [ 79.865957724000054, 7.099062464000042 ], [ 79.865987440000083, 7.09901697600003 ], [ 79.866016584000079, 7.098976022000045 ], [ 79.866050751000046, 7.09893201400007 ], [ 79.86614914200004, 7.098815986000034 ], [ 79.86623502100008, 7.098723922000033 ], [ 79.866326807000064, 7.098634589000028 ], [ 79.866405707000069, 7.098564064000072 ], [ 79.866488116000085, 7.098495734000039 ], [ 79.866573816000084, 7.09842978000006 ], [ 79.866662556000051, 7.098366394000038 ], [ 79.866754098000058, 7.098305749000076 ], [ 79.866848124000057, 7.098248058000024 ], [ 79.866944315000069, 7.098193515000048 ], [ 79.867042335000065, 7.098142314000029 ], [ 79.86718386900003, 7.098075306000055 ], [ 79.867311133000044, 7.098019485000066 ], [ 79.867409345000056, 7.097981871000059 ], [ 79.867498416000046, 7.097954077000054 ], [ 79.867553846000078, 7.097940571000038 ], [ 79.867587484000069, 7.097935790000065 ], [ 79.867633824000052, 7.097934159000033 ], [ 79.867731280000044, 7.097937285000057 ], [ 79.867771852000033, 7.097936904000051 ], [ 79.867812810000032, 7.097932568000033 ], [ 79.867847060000031, 7.097923556000069 ], [ 79.867873797000072, 7.097910918000025 ], [ 79.867895528000076, 7.097894544000042 ], [ 79.867914145000043, 7.097874486000023 ], [ 79.867954764000046, 7.097823465000033 ], [ 79.86797550700004, 7.097803329000044 ], [ 79.86798705700005, 7.097795633000032 ], [ 79.867999645000054, 7.097789676000048 ], [ 79.868012769000075, 7.097785710000039 ], [ 79.86802657000004, 7.097783660000061 ], [ 79.868045045000031, 7.097783801000048 ], [ 79.86806481800005, 7.097786987000063 ], [ 79.868086063000078, 7.097793248000073 ], [ 79.868109103000052, 7.097802673000047 ], [ 79.868161021000049, 7.09783089900003 ], [ 79.868279241000039, 7.097908079000035 ], [ 79.868332379000037, 7.097938899000042 ], [ 79.868360927000083, 7.097952401000043 ], [ 79.868387402000053, 7.097962266000025 ], [ 79.868412278000051, 7.097968674000072 ], [ 79.868435817000034, 7.097971684000072 ], [ 79.868468293000035, 7.09797164500003 ], [ 79.868485044000067, 7.097971624000024 ], [ 79.868540721000045, 7.097965621000071 ], [ 79.868587352000077, 7.097957402000077 ], [ 79.868734978000077, 7.097927340000069 ], [ 79.868861412000058, 7.097909599000047 ], [ 79.869093293000049, 7.097870198000066 ], [ 79.869193690000031, 7.097857403000035 ], [ 79.869271156000082, 7.09785237400007 ], [ 79.869341075000079, 7.097853113000042 ], [ 79.869405345000075, 7.097859646000074 ], [ 79.869464776000029, 7.097872070000051 ], [ 79.869496777000052, 7.097881850000022 ], [ 79.869528135000053, 7.097893842000076 ], [ 79.869561839000085, 7.097909138000034 ], [ 79.869597249000037, 7.097927534000064 ], [ 79.869671959000073, 7.09797246100004 ], [ 79.869781569000054, 7.098046244000045 ], [ 79.869816203000084, 7.098073122000073 ], [ 79.869853110000065, 7.098105859000043 ], [ 79.869967382000084, 7.098219990000075 ], [ 79.870008831000064, 7.098258928000064 ], [ 79.870050326000069, 7.098293062000039 ], [ 79.870090020000077, 7.098320034000039 ], [ 79.870116126000084, 7.098334511000076 ], [ 79.870145929000046, 7.098348233000024 ], [ 79.870188046000067, 7.09836573900003 ], [ 79.870227890000081, 7.098380377000069 ], [ 79.870294348000073, 7.098399744000062 ], [ 79.870325546000061, 7.098406240000031 ], [ 79.870355452000069, 7.098410624000053 ], [ 79.87040445000008, 7.098413161000053 ], [ 79.870426068000029, 7.098411595000073 ], [ 79.870449069000074, 7.098408040000038 ], [ 79.870495339000058, 7.09839647900003 ], [ 79.870583282000041, 7.098367856000039 ], [ 79.870619193000039, 7.098357529000054 ], [ 79.870654585000068, 7.098350125000024 ], [ 79.870694554000067, 7.098345614000038 ], [ 79.870738764000066, 7.098343620000037 ], [ 79.870788015000073, 7.098344178000048 ], [ 79.870974699000044, 7.098356479000074 ], [ 79.871052669000051, 7.09835805900002 ], [ 79.871223748000034, 7.098347493000063 ], [ 79.871297765000065, 7.098340485000051 ], [ 79.871365622000042, 7.098332178000021 ], [ 79.871474189000082, 7.098313909000069 ], [ 79.871524342000043, 7.098302857000022 ], [ 79.871572107000077, 7.098290450000036 ], [ 79.87161782000004, 7.098276592000047 ], [ 79.871677220000038, 7.098256132000074 ], [ 79.871792457000083, 7.098212280000041 ], [ 79.871881708000046, 7.098172460000058 ], [ 79.871959942000046, 7.098131036000041 ], [ 79.872028670000077, 7.098087200000066 ], [ 79.872059639000042, 7.09806426800003 ], [ 79.872088409000071, 7.098040610000055 ], [ 79.872116971000082, 7.098014296000031 ], [ 79.872143060000042, 7.097987077000028 ], [ 79.872178342000041, 7.097945121000066 ], [ 79.872205682000072, 7.097910049000063 ], [ 79.872225570000069, 7.097881425000026 ], [ 79.872241560000077, 7.097854619000032 ], [ 79.872254034000036, 7.097829037000054 ], [ 79.872263648000057, 7.097803301000056 ], [ 79.872270900000046, 7.097777524000037 ], [ 79.872277060000044, 7.097748478000028 ], [ 79.872287320000055, 7.097674347000066 ], [ 79.87228781400006, 7.097637288000044 ], [ 79.872282693000045, 7.097545437000065 ], [ 79.872283616000061, 7.097520401000054 ], [ 79.872286656000085, 7.09749822200007 ], [ 79.872292435000077, 7.097475385000052 ], [ 79.872301309000079, 7.097450407000053 ], [ 79.872346714000059, 7.09734753400005 ], [ 79.872364705000052, 7.097288151000043 ], [ 79.872378934000039, 7.097228179000069 ], [ 79.872393345000035, 7.097154470000021 ], [ 79.872406797000053, 7.097076708000031 ], [ 79.872414625000033, 7.097013532000062 ], [ 79.872420310000052, 7.096933162000028 ], [ 79.872422382000082, 7.096843035000063 ], [ 79.872421548000034, 7.096757037000032 ], [ 79.872416539000085, 7.096554512000068 ], [ 79.872416562000069, 7.096455147000029 ], [ 79.872419765000075, 7.09637411500006 ], [ 79.87242772500008, 7.096276600000067 ], [ 79.872428059000072, 7.09614801500004 ], [ 79.872432081000056, 7.096093214000064 ], [ 79.872436241000059, 7.096070018000034 ], [ 79.872441955000056, 7.096049199000049 ], [ 79.872449304000043, 7.096030452000036 ], [ 79.87245835300007, 7.096013619000075 ], [ 79.872468729000047, 7.095999112000072 ], [ 79.872484539000084, 7.095981623000057 ], [ 79.872502336000082, 7.095964944000059 ], [ 79.872521771000038, 7.095949291000068 ], [ 79.872560474000068, 7.095924566000065 ], [ 79.872577289000048, 7.095916552000062 ], [ 79.872594161000052, 7.095910810000021 ], [ 79.872612969000045, 7.095906731000071 ], [ 79.872633329000053, 7.095904502000053 ], [ 79.87267969100003, 7.095905513000048 ], [ 79.872722856000053, 7.095911339000054 ], [ 79.872818952000046, 7.09592985300003 ], [ 79.872912237000037, 7.09594504100005 ], [ 79.872978107000051, 7.095960134000052 ], [ 79.873122064000029, 7.095998713000029 ], [ 79.873185868000064, 7.096014057000048 ], [ 79.873270915000035, 7.09602972600004 ], [ 79.873377140000059, 7.096045860000061 ], [ 79.873521779000043, 7.096062914000072 ], [ 79.873665635000066, 7.096074205000036 ], [ 79.873812157000032, 7.096079750000058 ], [ 79.873884563000047, 7.096080193000034 ], [ 79.873940176000076, 7.096078835000071 ], [ 79.874044885000046, 7.096072051000021 ], [ 79.874302958000044, 7.096046237000053 ], [ 79.874421197000061, 7.096037980000062 ], [ 79.874565784000083, 7.096034749000069 ], [ 79.874854230000039, 7.096036863000052 ], [ 79.874975428000084, 7.096035690000065 ], [ 79.875258627000051, 7.096023319000039 ], [ 79.875380823000057, 7.096014382000021 ], [ 79.87546294200007, 7.096004032000053 ], [ 79.875537136000048, 7.095990132000054 ], [ 79.875584145000062, 7.095977877000053 ], [ 79.875705683000035, 7.095940922000068 ], [ 79.875740647000043, 7.095932644000072 ], [ 79.875778307000076, 7.095926044000066 ], [ 79.875834072000032, 7.095919813000023 ], [ 79.875896805000082, 7.095916620000025 ], [ 79.876101981000033, 7.09591746600006 ], [ 79.876175119000038, 7.095915685000023 ], [ 79.876250407000043, 7.095909530000029 ], [ 79.876366971000039, 7.09589644600004 ], [ 79.876505829000052, 7.095877105000056 ], [ 79.876642050000044, 7.095853957000031 ], [ 79.876771361000067, 7.095827921000023 ], [ 79.876912716000049, 7.095795138000028 ], [ 79.877035517000081, 7.095776375000071 ], [ 79.87705836400005, 7.095770877000064 ], [ 79.877078083000072, 7.095764380000048 ], [ 79.877099574000056, 7.095754351000039 ], [ 79.877117463000047, 7.095742139000038 ], [ 79.877133185000048, 7.095726494000075 ], [ 79.877148885000054, 7.095705925000061 ], [ 79.877164709000056, 7.095679344000075 ], [ 79.877171587000078, 7.095664389000035 ], [ 79.877178222000055, 7.095649963000028 ], [ 79.877188948000082, 7.095618307000052 ], [ 79.877194031000045, 7.095592999000075 ], [ 79.877195326000049, 7.095558131000075 ], [ 79.877190709000047, 7.095465526000055 ], [ 79.877193010000042, 7.095390517000055 ], [ 79.877197936000073, 7.095310407000056 ], [ 79.87721158800008, 7.095166163000044 ], [ 79.877246740000032, 7.09487456100004 ], [ 79.877259749000075, 7.094750803000068 ], [ 79.877265917000045, 7.094674349000059 ], [ 79.877269879000039, 7.094603404000054 ], [ 79.877272765000043, 7.094441566000057 ], [ 79.877277267000068, 7.094397170000036 ], [ 79.87729127800003, 7.094293459000028 ], [ 79.877295304000029, 7.094247945000063 ], [ 79.877295607000065, 7.094208556000069 ], [ 79.877291927000044, 7.094175197000027 ], [ 79.877284131000067, 7.094146742000021 ], [ 79.877272094000034, 7.094122782000056 ], [ 79.87725929000004, 7.094106633000024 ], [ 79.87724244900005, 7.094091902000059 ], [ 79.877216496000074, 7.094073508000065 ], [ 79.877191339000035, 7.09405943400003 ], [ 79.877172370000039, 7.094051789000048 ], [ 79.877155634000076, 7.094048013000076 ], [ 79.877139764000049, 7.094048003000069 ], [ 79.877122935000045, 7.094051527000033 ], [ 79.877102767000054, 7.094059774000073 ], [ 79.877081470000064, 7.094072517000029 ], [ 79.877059121000059, 7.09408970800007 ], [ 79.877035856000077, 7.094111245000022 ], [ 79.877009439000062, 7.094139741000049 ], [ 79.876982854000062, 7.09417250000007 ], [ 79.876968289000047, 7.094194329000061 ], [ 79.876954496000053, 7.09421992700004 ], [ 79.876940999000055, 7.094250174000024 ], [ 79.876926152000067, 7.094288837000022 ], [ 79.876914108000051, 7.094323231000033 ], [ 79.876904840000066, 7.094355948000043 ], [ 79.876890746000072, 7.094424074000074 ], [ 79.876871538000046, 7.09454865400005 ], [ 79.876866355000061, 7.094611391000058 ], [ 79.876864884000042, 7.094681253000033 ], [ 79.876866646000053, 7.094754714000032 ], [ 79.876875967000046, 7.094960151000066 ], [ 79.876876232000029, 7.095023041000047 ], [ 79.876873929000055, 7.095079088000034 ], [ 79.876866061000044, 7.095151372000032 ], [ 79.876838938000049, 7.095305344000053 ], [ 79.876826294000068, 7.095368241000074 ], [ 79.876812843000039, 7.095419034000031 ], [ 79.876794708000034, 7.095468778000054 ], [ 79.876773114000059, 7.095510739000076 ], [ 79.876748358000043, 7.095544994000022 ], [ 79.87671442900006, 7.095580030000065 ], [ 79.876669510000056, 7.095616444000029 ], [ 79.876616886000079, 7.095650675000059 ], [ 79.876556564000055, 7.095682444000033 ], [ 79.876498396000045, 7.095706620000044 ], [ 79.876449453000077, 7.095719875000043 ], [ 79.876391964000049, 7.095729429000073 ], [ 79.876227990000075, 7.095743986000059 ], [ 79.876006302000064, 7.095768836000047 ], [ 79.875205103000042, 7.095839697000031 ], [ 79.875011947000075, 7.09585469600006 ], [ 79.874839809000036, 7.095865760000038 ], [ 79.874705017000053, 7.095872431000032 ], [ 79.874425279000036, 7.095883190000052 ], [ 79.87428264700003, 7.095887334000054 ], [ 79.874159059000078, 7.095889191000026 ], [ 79.873964780000051, 7.09588722500007 ], [ 79.873764880000067, 7.095877735000045 ], [ 79.873597605000043, 7.095880372000067 ], [ 79.873560997000084, 7.095878454000058 ], [ 79.873528802000067, 7.095874458000026 ], [ 79.873493205000045, 7.095866361000049 ], [ 79.873461792000057, 7.095854613000029 ], [ 79.873442024000042, 7.095844124000052 ], [ 79.873384102000045, 7.095807585000045 ], [ 79.873357006000049, 7.095787102000031 ], [ 79.873338391000061, 7.095768457000077 ], [ 79.873327637000045, 7.095751016000065 ], [ 79.873325192000038, 7.095742707000056 ], [ 79.873324697000044, 7.095734656000047 ], [ 79.87332632500005, 7.095725569000024 ], [ 79.873330172000067, 7.095715473000041 ], [ 79.873344605000057, 7.095692070000041 ], [ 79.87338234300006, 7.095648642000072 ], [ 79.873399249000045, 7.095633863000046 ], [ 79.873421027000063, 7.095621031000064 ], [ 79.87344777900006, 7.095610417000046 ], [ 79.873479125000074, 7.095601803000022 ], [ 79.873573875000034, 7.095580795000046 ], [ 79.873601593000046, 7.095571414000062 ], [ 79.87362438100007, 7.095560293000062 ], [ 79.873638573000051, 7.095550742000057 ], [ 79.873661654000045, 7.095531513000026 ], [ 79.873706155000036, 7.095489785000041 ], [ 79.873735451000073, 7.095455794000031 ], [ 79.873754461000033, 7.095425312000032 ], [ 79.873760152000045, 7.095411197000033 ], [ 79.873763143000076, 7.095398050000028 ], [ 79.873763462000056, 7.095386158000053 ], [ 79.873761180000031, 7.095373491000032 ], [ 79.873755881000079, 7.095358913000041 ], [ 79.873747680000065, 7.095343350000064 ], [ 79.873723067000071, 7.095310142000073 ], [ 79.873704799000052, 7.095290838000039 ], [ 79.87368426300003, 7.095272125000065 ], [ 79.873662420000073, 7.095254883000052 ], [ 79.873640571000067, 7.095240142000023 ], [ 79.873621833000072, 7.095229681000035 ], [ 79.873605872000041, 7.095222931000023 ], [ 79.873590339000032, 7.095219298000075 ], [ 79.873573762000035, 7.095218247000048 ], [ 79.873555062000037, 7.095219925000038 ], [ 79.87353493300003, 7.095224476000055 ], [ 79.873513157000048, 7.095231947000059 ], [ 79.873489291000055, 7.095242487000064 ], [ 79.873444083000038, 7.095267032000038 ], [ 79.873330250000038, 7.095336151000026 ], [ 79.873299210000084, 7.095352449000075 ], [ 79.873271589000069, 7.09536454800002 ], [ 79.873208292000072, 7.09538413000007 ], [ 79.873049377000029, 7.095423123000046 ], [ 79.873008173000073, 7.095436440000071 ], [ 79.872972205000053, 7.095451136000065 ], [ 79.872941264000076, 7.09546700900006 ], [ 79.872908457000051, 7.095487178000042 ], [ 79.872781067000062, 7.095579705000034 ], [ 79.872751053000059, 7.095599442000037 ], [ 79.872723251000082, 7.095615466000027 ], [ 79.872690722000073, 7.095631610000055 ], [ 79.872653316000083, 7.095647764000034 ], [ 79.872523231000059, 7.095696592000024 ], [ 79.872474855000064, 7.095716425000035 ], [ 79.872428269000068, 7.095739212000069 ], [ 79.872388912000076, 7.095763316000046 ], [ 79.872364680000032, 7.09578158100004 ], [ 79.872338597000066, 7.095804765000025 ], [ 79.872308166000039, 7.095834160000038 ], [ 79.87228235300006, 7.095861856000056 ], [ 79.872262309000064, 7.095886176000022 ], [ 79.872245299000042, 7.095909949000031 ], [ 79.872232246000067, 7.095931611000026 ], [ 79.872220957000081, 7.095954948000042 ], [ 79.872207071000048, 7.095992672000023 ], [ 79.872194892000039, 7.096038074000035 ], [ 79.872172406000061, 7.096147349000034 ], [ 79.87214251000006, 7.096277240000063 ], [ 79.872122343000058, 7.096379995000063 ], [ 79.872105511000029, 7.096481295000046 ], [ 79.872091228000045, 7.096584824000047 ], [ 79.872079218000067, 7.096693638000033 ], [ 79.87207489900004, 7.096761668000056 ], [ 79.872073879000084, 7.09682420300004 ], [ 79.87207522500006, 7.096894156000076 ], [ 79.872086848000038, 7.09711916200007 ], [ 79.872089651000067, 7.097197765000033 ], [ 79.872089823000067, 7.097271227000022 ], [ 79.872087018000059, 7.097337511000035 ], [ 79.872054871000046, 7.097637870000028 ], [ 79.872043628000085, 7.097701741000037 ], [ 79.872028973000056, 7.097754795000071 ], [ 79.872019794000039, 7.097778965000032 ], [ 79.872009457000047, 7.097801064000066 ], [ 79.871997908000083, 7.097821210000063 ], [ 79.871985106000068, 7.097839475000058 ], [ 79.871970868000062, 7.097856094000065 ], [ 79.87195420300003, 7.097872320000022 ], [ 79.87191389000003, 7.097903269000028 ], [ 79.871862634000081, 7.097933277000038 ], [ 79.871798393000063, 7.097963332000063 ], [ 79.871677934000047, 7.098010955000063 ], [ 79.871614857000054, 7.098030990000041 ], [ 79.871535220000055, 7.098048685000037 ], [ 79.87144488000007, 7.098061366000024 ], [ 79.871351410000045, 7.098069121000037 ], [ 79.871154968000042, 7.098079067000072 ], [ 79.871071423000046, 7.098085023000067 ], [ 79.870991789000072, 7.098093746000075 ], [ 79.870812534000038, 7.098117355000056 ], [ 79.870735183000079, 7.098125340000024 ], [ 79.870674358000031, 7.098129096000036 ], [ 79.870618943000068, 7.098129773000039 ], [ 79.870567386000062, 7.098127387000034 ], [ 79.870519011000056, 7.098121899000034 ], [ 79.87045901700003, 7.098109768000029 ], [ 79.870396276000065, 7.098090397000021 ], [ 79.870328363000056, 7.098063121000052 ], [ 79.870249103000049, 7.098025447000055 ], [ 79.870090485000048, 7.09794391500003 ], [ 79.870031509000057, 7.097910156000069 ], [ 79.869957422000084, 7.097861950000038 ], [ 79.869782471000065, 7.097740138000063 ], [ 79.869734727000036, 7.097709560000055 ], [ 79.86969087500006, 7.097683911000047 ], [ 79.869642329000044, 7.097658867000064 ], [ 79.869595486000037, 7.097638515000028 ], [ 79.869547048000072, 7.097621586000059 ], [ 79.869491943000071, 7.097605949000069 ], [ 79.869431671000029, 7.097592058000032 ], [ 79.869363083000053, 7.097579164000024 ], [ 79.869124553000063, 7.097543113000029 ], [ 79.868977113000085, 7.097524756000041 ], [ 79.868824850000067, 7.097510981000028 ], [ 79.868660107000039, 7.097501449000049 ], [ 79.868489441000065, 7.097496888000023 ], [ 79.868469219000076, 7.097496909000029 ], [ 79.868327828000076, 7.097497056000066 ], [ 79.868140727000082, 7.097501239000053 ], [ 79.868095512000082, 7.097502248000069 ], [ 79.868000485000039, 7.097507858000029 ], [ 79.867917362000071, 7.097516566000024 ], [ 79.867839297000046, 7.097529160000022 ], [ 79.867759684000077, 7.097546585000032 ], [ 79.867675158000054, 7.097569822000025 ], [ 79.867588095000031, 7.097598468000058 ], [ 79.867497860000071, 7.097632727000075 ], [ 79.867403315000047, 7.097673030000067 ], [ 79.867301224000073, 7.097720848000051 ], [ 79.86718908000006, 7.097777456000074 ], [ 79.867067962000078, 7.097841917000039 ], [ 79.866865293000046, 7.097952888000066 ], [ 79.86683049800007, 7.097976095000035 ], [ 79.866792368000063, 7.098006563000069 ], [ 79.866752114000064, 7.09804276400007 ], [ 79.866639937000059, 7.098149154000055 ], [ 79.866605310000068, 7.098178637000046 ], [ 79.866574256000035, 7.09820178800004 ], [ 79.866538139000056, 7.098223487000041 ], [ 79.866504372000065, 7.098237443000073 ], [ 79.86647225300004, 7.098243942000067 ], [ 79.866456696000057, 7.098244417000046 ], [ 79.866441424000072, 7.098243048000029 ], [ 79.866415124000071, 7.098236133000057 ], [ 79.866375882000057, 7.098218312000029 ], [ 79.866351328000064, 7.098203471000033 ], [ 79.866334523000035, 7.098188015000062 ], [ 79.866325293000045, 7.098173925000026 ], [ 79.866317509000055, 7.098155637000048 ], [ 79.866289103000042, 7.098058138000056 ], [ 79.86627595300007, 7.097992445000045 ], [ 79.866268163000029, 7.097917960000075 ], [ 79.866265260000034, 7.097843653000041 ], [ 79.86626347400005, 7.097650749000024 ], [ 79.866260425000064, 7.097595108000064 ], [ 79.866255262000038, 7.097545536000041 ], [ 79.866230883000071, 7.097396227000047 ], [ 79.866218204000063, 7.097333113000047 ], [ 79.86620152200004, 7.097274502000062 ], [ 79.866176682000059, 7.097212049000063 ], [ 79.866161549000083, 7.097182450000048 ], [ 79.866139709000038, 7.097155190000024 ], [ 79.86612354600004, 7.097142462000022 ], [ 79.866102959000045, 7.097135798000068 ], [ 79.866081091000069, 7.097134329000028 ], [ 79.866062149000072, 7.097138769000026 ], [ 79.86604228300007, 7.097148141000048 ], [ 79.865989103000061, 7.097178404000033 ], [ 79.86594738000008, 7.097210466000035 ], [ 79.865898522000066, 7.097256967000021 ], [ 79.865799487000061, 7.097358687000053 ], [ 79.865770015000066, 7.097392751000029 ], [ 79.865745486000037, 7.097424926000031 ], [ 79.865707489000044, 7.097484722000047 ], [ 79.865677058000074, 7.097544821000042 ], [ 79.865654756000083, 7.097604321000063 ], [ 79.865632712000036, 7.097682137000049 ], [ 79.865621741000041, 7.097734188000061 ], [ 79.865613254000039, 7.097793697000043 ], [ 79.865594017000035, 7.098016555000072 ], [ 79.865589008000029, 7.098128884000062 ], [ 79.865584074000083, 7.098394208000059 ], [ 79.865580761000047, 7.098462950000055 ], [ 79.865575909000029, 7.098524907000069 ], [ 79.865568760000031, 7.098588162000055 ], [ 79.865558784000029, 7.098657584000023 ], [ 79.865506811000046, 7.098952983000061 ], [ 79.865488150000033, 7.099084720000064 ], [ 79.865476737000051, 7.099222172000054 ], [ 79.865464684000074, 7.099490124000056 ], [ 79.865457458000037, 7.099600656000064 ], [ 79.865433038000049, 7.099834280000039 ], [ 79.865425049000066, 7.099894517000052 ], [ 79.865416248000031, 7.099947083000075 ], [ 79.865397478000034, 7.100028831000031 ], [ 79.865367472000059, 7.100125859000059 ], [ 79.865332150000029, 7.100218373000075 ], [ 79.865292441000065, 7.100305069000058 ], [ 79.865269096000077, 7.100344463000056 ], [ 79.865238997000063, 7.100386559000071 ], [ 79.865207202000079, 7.100425958000073 ], [ 79.86512691300004, 7.100520222000057 ], [ 79.86508850000007, 7.100570370000071 ], [ 79.865070984000056, 7.100596805000066 ], [ 79.865056327000048, 7.100622247000047 ], [ 79.865044268000076, 7.10064714400005 ], [ 79.865034693000041, 7.100671741000042 ], [ 79.865027664000081, 7.100695644000041 ], [ 79.865022402000079, 7.100721140000076 ], [ 79.865018835000058, 7.100748580000072 ], [ 79.865016897000032, 7.10077846300004 ], [ 79.865017143000046, 7.100836250000043 ], [ 79.86502448300007, 7.100987115000066 ], [ 79.865023712000038, 7.101030134000041 ], [ 79.865020257000083, 7.101068146000046 ], [ 79.865009556000075, 7.101124136000067 ], [ 79.864993054000081, 7.101188279000041 ], [ 79.864972598000065, 7.101253227000029 ], [ 79.864947704000031, 7.101320930000043 ], [ 79.864908505000074, 7.101413720000039 ], [ 79.864805587000035, 7.101636457000041 ], [ 79.86477463500006, 7.101694437000049 ], [ 79.864743738000072, 7.10174027100004 ], [ 79.864727660000085, 7.101759650000076 ], [ 79.864710986000034, 7.101776890000053 ], [ 79.864693441000043, 7.101792234000072 ], [ 79.864675820000059, 7.101805001000059 ], [ 79.864643210000054, 7.10182282300002 ], [ 79.864555920000043, 7.101861861000032 ], [ 79.864531314000033, 7.101876329000049 ], [ 79.864503384000045, 7.101895484000067 ], [ 79.864475951000031, 7.101916868000046 ], [ 79.864448769000035, 7.101940658000046 ], [ 79.864421673000038, 7.101966997000034 ], [ 79.864394398000059, 7.10199613900005 ], [ 79.864359586000035, 7.102037005000057 ], [ 79.864322579000032, 7.102084434000062 ], [ 79.864187942000058, 7.10227188500005 ], [ 79.864014045000033, 7.102501788000041 ], [ 79.863939879000043, 7.102608195000073 ], [ 79.863879242000053, 7.102705054000069 ], [ 79.863847147000058, 7.102762314000074 ], [ 79.863818801000036, 7.102818227000057 ], [ 79.863796483000044, 7.102867680000031 ], [ 79.863777015000039, 7.102918337000062 ], [ 79.863760687000081, 7.102967825000064 ], [ 79.863744612000062, 7.103023515000075 ], [ 79.863690814000051, 7.103239329000075 ], [ 79.863665334000075, 7.103329362000068 ], [ 79.863650171000074, 7.103374803000065 ], [ 79.863627396000084, 7.103435880000063 ], [ 79.863573256000052, 7.103568947000042 ], [ 79.863534603000062, 7.103656577000038 ], [ 79.86349179900003, 7.103748625000037 ], [ 79.863389684000083, 7.103954550000026 ], [ 79.863259795000033, 7.104205716000024 ], [ 79.863227393000045, 7.104261775000055 ], [ 79.863182420000044, 7.10433204800006 ], [ 79.863168183000084, 7.104351902000076 ], [ 79.863154656000063, 7.104367285000023 ], [ 79.863137490000042, 7.104382910000027 ], [ 79.863117550000084, 7.104397802000051 ], [ 79.863093888000037, 7.104412503000049 ], [ 79.863067120000039, 7.104426486000023 ], [ 79.863033039000072, 7.104441494000071 ], [ 79.863009523000073, 7.104449788000068 ], [ 79.862977843000067, 7.10445634000007 ], [ 79.86294143300006, 7.104459191000046 ], [ 79.862903716000062, 7.104458848000036 ], [ 79.862800700000037, 7.104453843000044 ], [ 79.862770201000046, 7.104454456000042 ], [ 79.862743353000042, 7.104457058000037 ], [ 79.862693185000069, 7.104466373000037 ], [ 79.862640953000039, 7.104479587000071 ], [ 79.862586286000067, 7.104496790000042 ], [ 79.862527753000052, 7.104518425000037 ], [ 79.862435594000033, 7.104557449000026 ], [ 79.862136737000071, 7.104693226000052 ], [ 79.862045640000076, 7.104739897000059 ], [ 79.861841947000073, 7.104850530000022 ], [ 79.861748828000032, 7.104897101000063 ], [ 79.861662182000032, 7.104934630000059 ], [ 79.861581361000049, 7.104962926000042 ], [ 79.861511085000075, 7.104982332000077 ], [ 79.861435844000084, 7.104999495000072 ], [ 79.861354938000034, 7.105014582000024 ], [ 79.861266284000067, 7.105027987000028 ], [ 79.861137763000045, 7.105043365000029 ], [ 79.860936683000034, 7.105063079000047 ], [ 79.860824713000056, 7.105072714000073 ], [ 79.860735362000071, 7.105078004000063 ], [ 79.860649734000049, 7.10507976100007 ], [ 79.860571437000033, 7.105077487000074 ], [ 79.860488864000047, 7.105070623000074 ], [ 79.860402689000068, 7.105059164000068 ], [ 79.860312070000077, 7.105042990000072 ], [ 79.860215953000079, 7.105021899000064 ], [ 79.860112729000036, 7.104995558000041 ], [ 79.85999726700004, 7.104962664000027 ], [ 79.859875072000079, 7.104925579000053 ], [ 79.859785643000066, 7.104895983000063 ], [ 79.859706237000069, 7.104866349000076 ], [ 79.85963544100008, 7.104835985000022 ], [ 79.859570274000077, 7.104803506000053 ], [ 79.859501851000061, 7.104763996000031 ], [ 79.859432664000053, 7.104719266000075 ], [ 79.859366038000076, 7.104671277000023 ], [ 79.859316995000029, 7.104632464000076 ], [ 79.859270413000047, 7.104592411000056 ], [ 79.859225472000048, 7.104550275000065 ], [ 79.859188347000043, 7.104511896000076 ], [ 79.859155693000048, 7.104473626000072 ], [ 79.859124281000049, 7.104432178000025 ], [ 79.859093956000038, 7.10438735300005 ], [ 79.859064499000056, 7.104338822000045 ], [ 79.859019821000061, 7.104255034000062 ], [ 79.858974680000074, 7.104157632000067 ], [ 79.858934939000051, 7.104062661000057 ], [ 79.858847202000049, 7.103842386000053 ], [ 79.858803629000079, 7.103740927000047 ], [ 79.85878781200006, 7.103709603000027 ], [ 79.858748580000054, 7.103640161000044 ], [ 79.858734066000068, 7.103610544000048 ], [ 79.858721807000052, 7.103575984000031 ], [ 79.858716954000045, 7.10354477900006 ], [ 79.858718102000068, 7.103514974000063 ], [ 79.858723707000081, 7.103481897000052 ], [ 79.858733537000035, 7.103446940000026 ], [ 79.858747009000069, 7.103412209000055 ], [ 79.858763723000038, 7.103379173000064 ], [ 79.858782020000035, 7.103351480000072 ], [ 79.85879740200005, 7.103334606000033 ], [ 79.858815183000047, 7.103323364000062 ], [ 79.858831874000032, 7.103317724000021 ], [ 79.858850992000043, 7.103314936000061 ], [ 79.858872717000054, 7.103314969000053 ], [ 79.858897402000082, 7.103317826000023 ], [ 79.858953625000083, 7.103331002000061 ], [ 79.859083746000067, 7.103372728000068 ], [ 79.85914060500005, 7.103387867000038 ], [ 79.859170107000068, 7.10339323200003 ], [ 79.859196633000067, 7.103395824000074 ], [ 79.859220659000073, 7.10339569000007 ], [ 79.859242410000036, 7.103392826000061 ], [ 79.859257306000075, 7.103388882000047 ], [ 79.859273887000029, 7.103382454000041 ], [ 79.859319760000062, 7.103360391000024 ], [ 79.859362780000083, 7.103334772000039 ], [ 79.859403942000085, 7.103305526000042 ], [ 79.859440396000082, 7.103274899000041 ], [ 79.859472185000072, 7.103243089000046 ], [ 79.859498407000046, 7.103210999000055 ], [ 79.859518550000075, 7.103179271000045 ], [ 79.859528913000076, 7.103156507000051 ], [ 79.859535552000068, 7.103131825000048 ], [ 79.859538744000076, 7.103104264000024 ], [ 79.859538508000071, 7.103073406000021 ], [ 79.859535760000085, 7.103045063000025 ], [ 79.859530590000077, 7.103012679000074 ], [ 79.859505296000066, 7.102895321000062 ], [ 79.859496980000074, 7.102848490000042 ], [ 79.859492583000076, 7.102801982000074 ], [ 79.859493752000049, 7.102761504000057 ], [ 79.859505569000078, 7.102691116000074 ], [ 79.859525632000043, 7.102611699000022 ], [ 79.859562698000047, 7.10249522600003 ], [ 79.859600297000043, 7.102390413000023 ], [ 79.859639295000079, 7.102295858000048 ], [ 79.85968138100003, 7.102206484000021 ], [ 79.859726478000084, 7.102122486000042 ], [ 79.859774017000063, 7.102044912000054 ], [ 79.859807746000058, 7.101998667000032 ], [ 79.859848901000078, 7.101950152000029 ], [ 79.859895055000038, 7.101901317000056 ], [ 79.860028582000041, 7.101767036000069 ], [ 79.86006739700008, 7.10172394600005 ], [ 79.860099853000065, 7.101683717000071 ], [ 79.860137060000056, 7.10162974800005 ], [ 79.860177051000051, 7.101563068000075 ], [ 79.860215378000078, 7.101491017000058 ], [ 79.860254596000061, 7.101409124000043 ], [ 79.860300468000048, 7.101304661000029 ], [ 79.860412589000077, 7.101037689000066 ], [ 79.860469175000048, 7.100894226000037 ], [ 79.860525652000035, 7.100743013000056 ], [ 79.860573305000059, 7.100606620000065 ], [ 79.860691924000037, 7.100255029000039 ], [ 79.860850049000078, 7.099821014000042 ], [ 79.860907806000057, 7.099656254000024 ], [ 79.860939379000058, 7.099560302000043 ], [ 79.860967072000051, 7.099470515000064 ], [ 79.860991460000037, 7.099385032000043 ], [ 79.861012803000051, 7.099302919000024 ], [ 79.86103703200007, 7.099196541000026 ], [ 79.861056346000055, 7.099093843000048 ], [ 79.861080091000076, 7.09892895400003 ], [ 79.861090293000075, 7.098839484000052 ], [ 79.86109420400004, 7.09876945600007 ], [ 79.861093766000067, 7.09866561900003 ], [ 79.861088728000084, 7.098599385000057 ], [ 79.861078992000046, 7.098543803000041 ], [ 79.861069157000031, 7.098511 ], [ 79.861055746000034, 7.098477783000021 ], [ 79.861038619000055, 7.098443799000052 ], [ 79.861017439000079, 7.098408375000076 ], [ 79.860972554000057, 7.098344728000029 ], [ 79.860853917000043, 7.098192674000074 ], [ 79.860824680000064, 7.09815012200005 ], [ 79.860801133000052, 7.098110638000037 ], [ 79.860745027000064, 7.098001748000058 ], [ 79.860708158000079, 7.097922693000044 ], [ 79.860668600000054, 7.097822526000073 ], [ 79.860645373000068, 7.097750606000034 ], [ 79.860634244000039, 7.097700716000077 ], [ 79.860627105000049, 7.097644936000052 ], [ 79.860623475000068, 7.097588304000055 ], [ 79.860618550000083, 7.097452177000036 ], [ 79.86062073800008, 7.097352853000075 ], [ 79.860635098000046, 7.097125498000025 ], [ 79.860636301000056, 7.09707013700006 ], [ 79.860635346000038, 7.097020044000033 ], [ 79.860627860000079, 7.09689786000007 ], [ 79.860624764000079, 7.096866245000058 ], [ 79.860617589000071, 7.096830226000066 ], [ 79.860604889000058, 7.096794494000051 ], [ 79.860592840000038, 7.096769431000041 ], [ 79.860577616000057, 7.096752043000038 ], [ 79.860554883000077, 7.096736118000024 ], [ 79.860543478000068, 7.096731387000034 ], [ 79.860532731000035, 7.096729123000046 ], [ 79.860505031000059, 7.09672996200004 ], [ 79.860470475000056, 7.096736092000071 ], [ 79.860441466000054, 7.096746321000069 ], [ 79.86038702500008, 7.096770230000061 ], [ 79.860328658000071, 7.096800917000053 ], [ 79.860250514000029, 7.096849256000041 ], [ 79.860197278000044, 7.096885856000029 ], [ 79.860156290000077, 7.096919417000038 ], [ 79.86012173000006, 7.096954857000071 ], [ 79.860088340000061, 7.096996998000066 ], [ 79.860056855000039, 7.097044944000061 ], [ 79.86002773000007, 7.097097959000052 ], [ 79.860011432000078, 7.09713501400006 ], [ 79.859996036000041, 7.097178842000062 ], [ 79.859946556000068, 7.09735304000003 ], [ 79.859926060000078, 7.097450171000048 ], [ 79.859895689000041, 7.097629573000063 ], [ 79.859882543000083, 7.097699534000071 ], [ 79.859866400000044, 7.097770144000037 ], [ 79.85984841100003, 7.097832649000054 ], [ 79.859803853000074, 7.097959779000064 ], [ 79.859783871000047, 7.098010051000074 ], [ 79.859763858000065, 7.09805551900007 ], [ 79.859738270000037, 7.098107263000031 ], [ 79.859710749000044, 7.098158154000032 ], [ 79.859685220000074, 7.098200793000046 ], [ 79.859659643000043, 7.098238894000076 ], [ 79.85961231400006, 7.098299796000049 ], [ 79.85955215000007, 7.098367465000024 ], [ 79.859500514000047, 7.098418407000054 ], [ 79.859399274000054, 7.098511700000074 ], [ 79.859345308000059, 7.098557269000025 ], [ 79.859283484000059, 7.098606110000048 ], [ 79.859072463000075, 7.098762714000031 ], [ 79.858995032000053, 7.098822312000038 ], [ 79.858920856000054, 7.098883963000048 ], [ 79.858857023000041, 7.098942890000046 ], [ 79.858757620000063, 7.099045989000047 ], [ 79.858728178000035, 7.099079086000074 ], [ 79.858703557000069, 7.099109372000044 ], [ 79.858675177000066, 7.099148507000052 ], [ 79.858647665000035, 7.099190540000052 ], [ 79.858621409000079, 7.099234936000073 ], [ 79.858597588000066, 7.099279659000047 ], [ 79.858570726000039, 7.099339269000041 ], [ 79.858545529000082, 7.099406979000037 ], [ 79.858521358000075, 7.099483847000045 ], [ 79.858490586000073, 7.099594133000039 ], [ 79.858470303000047, 7.099675503000071 ], [ 79.858453322000059, 7.099755301000073 ], [ 79.858439661000034, 7.099833440000054 ], [ 79.858429332000071, 7.099909852000053 ], [ 79.858422198000085, 7.099984712000037 ], [ 79.858417784000039, 7.100060183000039 ], [ 79.85841613100007, 7.10013766700007 ], [ 79.858417444000054, 7.100205617000029 ], [ 79.858421384000053, 7.100254666000069 ], [ 79.858428300000071, 7.10030873200003 ], [ 79.858465796000075, 7.100522041000033 ], [ 79.858477895000078, 7.100614147000044 ], [ 79.858482244000072, 7.100684436000051 ], [ 79.858484937000071, 7.100770269000066 ], [ 79.858484846000067, 7.100839685000039 ], [ 79.858482322000043, 7.10090408700006 ], [ 79.858475397000063, 7.100987416000066 ], [ 79.85846415900005, 7.101075823000031 ], [ 79.858448439000085, 7.101170735000039 ], [ 79.85842754600003, 7.101276370000051 ], [ 79.858404103000055, 7.10138071800003 ], [ 79.858380036000085, 7.101474190000033 ], [ 79.858354444000042, 7.101560268000071 ], [ 79.85832694100003, 7.101640201000066 ], [ 79.85827942700007, 7.101758831000041 ], [ 79.858260332000043, 7.101800549000075 ], [ 79.858241479000071, 7.101837040000021 ], [ 79.858221515000082, 7.101870949000045 ], [ 79.858197321000034, 7.101907919000041 ], [ 79.858119527000042, 7.102015774000051 ], [ 79.85807189600007, 7.102074358000039 ], [ 79.858015452000075, 7.102136768000037 ], [ 79.857958263000057, 7.102195507000033 ], [ 79.857812226000078, 7.102340495000021 ], [ 79.857736773000056, 7.102420953000035 ], [ 79.85760795300007, 7.102576329000044 ], [ 79.857574069000066, 7.102621077000038 ], [ 79.857546513000045, 7.102661745000034 ], [ 79.857521689000066, 7.10270317800007 ], [ 79.857497873000057, 7.102746913000033 ], [ 79.857475051000051, 7.10279308500003 ], [ 79.857455075000075, 7.102837897000029 ], [ 79.857433585000081, 7.10290033800004 ], [ 79.85739833000008, 7.103033980000021 ], [ 79.857380565000085, 7.103090553000072 ], [ 79.857337869000048, 7.103194899000073 ], [ 79.857322062000037, 7.103226506000055 ], [ 79.857306038000047, 7.103252797000039 ], [ 79.85729032900008, 7.103272917000027 ], [ 79.857270601000039, 7.103293489000066 ], [ 79.857186417000037, 7.103365747000055 ], [ 79.857153889000074, 7.103398743000071 ], [ 79.857134875000042, 7.103425751000032 ], [ 79.857103115000029, 7.103489704000026 ], [ 79.85709470900008, 7.103502123000055 ], [ 79.857085813000083, 7.103512115000058 ], [ 79.857064014000059, 7.103528093000023 ], [ 79.857053647000043, 7.103532611000048 ], [ 79.857047372000068, 7.103532355000027 ], [ 79.857040964000078, 7.10353021800006 ], [ 79.85702819800008, 7.103520441000057 ], [ 79.856934800000033, 7.103556665000042 ], [ 79.856821295000032, 7.103600688000029 ], [ 79.856779061000054, 7.103718965000041 ], [ 79.856747327000051, 7.103791147000038 ], [ 79.856664316000035, 7.103931315000068 ], [ 79.856619187000035, 7.104002748000028 ], [ 79.856569728000068, 7.104068920000032 ], [ 79.856567881000046, 7.104070780000029 ], [ 79.856490664000034, 7.104147110000042 ], [ 79.856477746000053, 7.10415977200006 ], [ 79.856474221000042, 7.104163228000061 ], [ 79.856388517000084, 7.104239352000036 ], [ 79.856286964000049, 7.104335355000046 ], [ 79.856213217000061, 7.104401343000063 ], [ 79.856164258000035, 7.104440288000035 ], [ 79.856080429000031, 7.104499974000021 ], [ 79.855988687000035, 7.104575993000026 ], [ 79.855857460000038, 7.104677249000076 ], [ 79.855758781000077, 7.104760808000037 ], [ 79.85562453600005, 7.104880693000041 ], [ 79.855598125000085, 7.104908592000072 ], [ 79.855570004000072, 7.104941182000061 ] ], [ [ 79.830610915000079, 7.187887052000065 ], [ 79.830593644000032, 7.187810054000067 ], [ 79.830578575000061, 7.18773419200005 ], [ 79.830565726000032, 7.187659544000041 ], [ 79.830555109000045, 7.187586194000062 ], [ 79.830546731000084, 7.187514188000023 ], [ 79.830540596000048, 7.187443578000057 ], [ 79.830536711000036, 7.187374409000029 ], [ 79.830535092000048, 7.187308611000049 ], [ 79.830535600000076, 7.187244244000055 ], [ 79.830538242000046, 7.187180811000076 ], [ 79.83054308100003, 7.187116159000027 ], [ 79.83055022700006, 7.187049419000061 ], [ 79.830559620000031, 7.186981538000055 ], [ 79.830571248000069, 7.186912591000066 ], [ 79.830585099000075, 7.186842671000022 ], [ 79.830601303000037, 7.18677124200002 ], [ 79.830619722000051, 7.186699044000022 ], [ 79.830640320000043, 7.186626209000053 ], [ 79.83066305300008, 7.186552898000059 ], [ 79.830722210000033, 7.186381425000036 ], [ 79.830805774000055, 7.186126384000033 ], [ 79.830836326000053, 7.18604418700005 ], [ 79.830866319000052, 7.185973656000044 ], [ 79.830892866000056, 7.18591959500003 ], [ 79.830920279000054, 7.185871405000057 ], [ 79.830948837000051, 7.185828597000068 ], [ 79.830978710000068, 7.185790917000077 ], [ 79.831010114000037, 7.185758117000034 ], [ 79.831043092000073, 7.18573017500006 ], [ 79.831077739000079, 7.185707007000076 ], [ 79.83111413000006, 7.185688567000057 ], [ 79.831169874000068, 7.185668227000065 ], [ 79.831233141000041, 7.185651992000032 ], [ 79.83130249800007, 7.185640239000065 ], [ 79.831375427000069, 7.185633404000043 ], [ 79.831517885000039, 7.185629185000039 ], [ 79.831582831000048, 7.185630713000023 ], [ 79.831613279000067, 7.185634054000047 ], [ 79.831639456000062, 7.185639304000063 ], [ 79.831661749000034, 7.185646544000065 ], [ 79.831680308000045, 7.185655827000062 ], [ 79.831691219000049, 7.185663638000051 ], [ 79.831700341000044, 7.18567250600006 ], [ 79.831708165000066, 7.18568298200006 ], [ 79.831714929000043, 7.185695346000045 ], [ 79.83172550200004, 7.185726424000052 ], [ 79.831732104000082, 7.185766346000037 ], [ 79.831735179000077, 7.185818975000075 ], [ 79.831736663000072, 7.185956770000075 ], [ 79.831732576000036, 7.186009802000058 ], [ 79.831723362000048, 7.186064401000067 ], [ 79.831713047000051, 7.186106638000069 ], [ 79.831699729000036, 7.186150353000073 ], [ 79.831683285000054, 7.186195946000055 ], [ 79.831663455000069, 7.186244154000065 ], [ 79.831617563000066, 7.186341503000051 ], [ 79.831517252000083, 7.186534135000045 ], [ 79.831477160000077, 7.186615503000041 ], [ 79.83144014700008, 7.186700936000022 ], [ 79.831412330000035, 7.186780297000041 ], [ 79.831377717000066, 7.186896828000044 ], [ 79.831343963000052, 7.187025725000069 ], [ 79.831309172000033, 7.187174149000043 ], [ 79.831237238000085, 7.187505567000073 ], [ 79.831203637000044, 7.187651932000051 ], [ 79.831180013000051, 7.187746473000061 ], [ 79.83115642000007, 7.187833333000071 ], [ 79.831099923000068, 7.188017350000052 ], [ 79.83106146700004, 7.188200602000052 ], [ 79.831051269000056, 7.188234584000043 ], [ 79.831039886000042, 7.188263010000071 ], [ 79.83102694400003, 7.188286808000043 ], [ 79.831012248000036, 7.18830631700007 ], [ 79.831001297000057, 7.188317139000048 ], [ 79.830989437000085, 7.188326163000056 ], [ 79.830958960000032, 7.188341490000028 ], [ 79.830917057000079, 7.188354589000028 ], [ 79.830869887000063, 7.188363016000039 ], [ 79.830823851000048, 7.188365731000033 ], [ 79.830783782000083, 7.188362534000021 ], [ 79.830768075000037, 7.188359032000051 ], [ 79.830755359000079, 7.188354482000022 ], [ 79.83074356000003, 7.188348010000027 ], [ 79.830732573000034, 7.188339549000034 ], [ 79.830716868000081, 7.188322158000062 ], [ 79.830702998000049, 7.188299663000066 ], [ 79.830690829000048, 7.188271859000054 ], [ 79.830680139000037, 7.188238247000072 ], [ 79.830666615000041, 7.188177065000048 ], [ 79.830643042000077, 7.188025972000048 ], [ 79.830630367000083, 7.18796508500003 ], [ 79.830610915000079, 7.187887052000065 ] ], [ [ 79.828954790000068, 7.190425241000071 ], [ 79.828955191000034, 7.190460236000035 ], [ 79.828950012000064, 7.190493127000025 ], [ 79.828938454000081, 7.190530004000038 ], [ 79.828919787000075, 7.190572350000025 ], [ 79.828868301000057, 7.190671458000054 ], [ 79.828846552000073, 7.190710054000022 ], [ 79.828812158000062, 7.19076442100004 ], [ 79.828769068000042, 7.190826045000051 ], [ 79.82858858700007, 7.191070606000039 ], [ 79.82852232700003, 7.191154194000035 ], [ 79.828325707000033, 7.191395012000044 ], [ 79.828266349000046, 7.191472458000021 ], [ 79.828215576000048, 7.191543547000038 ], [ 79.828182561000062, 7.191593339000065 ], [ 79.828159066000069, 7.191631809000057 ], [ 79.828144641000051, 7.191662561000044 ], [ 79.828106747000049, 7.191756187000067 ], [ 79.828092709000032, 7.191781707000075 ], [ 79.82807796700007, 7.191800907000072 ], [ 79.828059050000036, 7.191816429000028 ], [ 79.828036654000073, 7.191825634000054 ], [ 79.828006491000053, 7.191830576000029 ], [ 79.827969804000077, 7.191830614000025 ], [ 79.827925537000056, 7.191825636000033 ], [ 79.827863500000035, 7.191812854000034 ], [ 79.827830044000052, 7.191774508000037 ], [ 79.827782264000064, 7.191712208000069 ], [ 79.827696325000034, 7.191568492000044 ], [ 79.827596045000064, 7.191410390000044 ], [ 79.827457616000061, 7.191166086000067 ], [ 79.827342786000031, 7.190980190000062 ], [ 79.827329864000035, 7.190927362000025 ], [ 79.827323284000045, 7.190881645000047 ], [ 79.827322197000058, 7.190856601000064 ], [ 79.82732321900005, 7.190832955000076 ], [ 79.827326157000073, 7.190812004000065 ], [ 79.827331521000076, 7.190790522000043 ], [ 79.827347813000074, 7.190747964000025 ], [ 79.827392701000065, 7.190657631000022 ], [ 79.827409559000046, 7.190617537000037 ], [ 79.827434621000066, 7.190534530000036 ], [ 79.827455884000074, 7.190440821000038 ], [ 79.827474978000055, 7.190328792000059 ], [ 79.827502195000079, 7.190134299000022 ], [ 79.827538785000058, 7.189888953000036 ], [ 79.827556231000074, 7.18975295000007 ], [ 79.827568481000071, 7.189631982000037 ], [ 79.827576541000042, 7.189512222000076 ], [ 79.827581037000073, 7.189374579000059 ], [ 79.827581174000045, 7.189241325000069 ], [ 79.827577166000083, 7.189107948000071 ], [ 79.827569100000062, 7.188975545000062 ], [ 79.82755695700007, 7.188843022000071 ], [ 79.827540741000064, 7.188710378000053 ], [ 79.82752044800003, 7.188577612000074 ], [ 79.827518145000056, 7.188497679000022 ], [ 79.827517683000053, 7.188417908000076 ], [ 79.827519063000068, 7.188338299000065 ], [ 79.827522281000086, 7.188258854000026 ], [ 79.827527859000043, 7.188172807000058 ], [ 79.827537060000054, 7.188068170000065 ], [ 79.827546052000059, 7.187980768000045 ], [ 79.827555430000075, 7.187906908000059 ], [ 79.827573234000056, 7.187801775000025 ], [ 79.827595331000055, 7.187708321000059 ], [ 79.82762621300003, 7.187596965000068 ], [ 79.827641541000048, 7.187547217000031 ], [ 79.827659610000069, 7.187499090000074 ], [ 79.827679146000037, 7.187458450000065 ], [ 79.827699228000085, 7.187426060000064 ], [ 79.827727357000072, 7.187389951000057 ], [ 79.827760365000074, 7.187353066000071 ], [ 79.827794088000076, 7.187320617000069 ], [ 79.827825698000083, 7.187294894000047 ], [ 79.82785672600005, 7.18727421400007 ], [ 79.827886858000056, 7.187258788000065 ], [ 79.82791590800008, 7.187248706000048 ], [ 79.827941256000031, 7.187244197000041 ], [ 79.827969092000046, 7.18724346700003 ], [ 79.827999803000068, 7.187246501000061 ], [ 79.828033567000034, 7.187253326000075 ], [ 79.828071480000062, 7.187264244000062 ], [ 79.828114205000077, 7.187279536000062 ], [ 79.828177901000061, 7.18730583100006 ], [ 79.828208651000068, 7.187320972000066 ], [ 79.828258056000038, 7.187352194000027 ], [ 79.828309256000068, 7.18739302900002 ], [ 79.828361947000076, 7.187442479000026 ], [ 79.828468115000078, 7.187551891000055 ], [ 79.828514227000085, 7.187596649000056 ], [ 79.828556560000038, 7.187632773000075 ], [ 79.82866165300004, 7.18771586500003 ], [ 79.828709433000085, 7.18775869600006 ], [ 79.828741463000085, 7.187793675000023 ], [ 79.828766051000059, 7.187828165000042 ], [ 79.828783400000077, 7.187861954000027 ], [ 79.828796690000047, 7.187901504000024 ], [ 79.828805807000037, 7.187942277000047 ], [ 79.828811907000045, 7.187986799000043 ], [ 79.82881490300008, 7.188034962000074 ], [ 79.828814539000064, 7.188082399000052 ], [ 79.828811692000045, 7.188108834000047 ], [ 79.828806268000051, 7.188137959000073 ], [ 79.828776119000054, 7.188251770000022 ], [ 79.828766631000065, 7.188300844000025 ], [ 79.828762065000035, 7.188343908000036 ], [ 79.828759325000078, 7.188389992000054 ], [ 79.828759062000074, 7.188496934000057 ], [ 79.828765136000072, 7.188663121000047 ], [ 79.828771612000082, 7.188938181000026 ], [ 79.828781684000035, 7.189131250000059 ], [ 79.828792197000041, 7.189255549000052 ], [ 79.828805609000085, 7.189381228000059 ], [ 79.828821709000067, 7.189506291000043 ], [ 79.828840540000044, 7.189631137000049 ], [ 79.828867958000046, 7.189890476000073 ], [ 79.828901839000082, 7.190148888000067 ], [ 79.828918583000075, 7.190259049000076 ], [ 79.828946884000061, 7.190375479000068 ], [ 79.828954790000068, 7.190425241000071 ] ], [ [ 79.835322132000044, 7.192022231000067 ], [ 79.835329021000064, 7.19189638000006 ], [ 79.835373910000044, 7.191514786000027 ], [ 79.83540176300005, 7.191352657000039 ], [ 79.835427259000085, 7.191142185000047 ], [ 79.835428623000041, 7.191114812000023 ], [ 79.835427836000065, 7.190990920000047 ], [ 79.835430015000043, 7.190953681000053 ], [ 79.835434439000039, 7.190911780000022 ], [ 79.835454716000072, 7.190773320000062 ], [ 79.835484486000041, 7.190632888000039 ], [ 79.835493830000075, 7.190573414000028 ], [ 79.835496601000045, 7.190520374000073 ], [ 79.835492438000074, 7.190404718000025 ], [ 79.835494441000037, 7.190377406000039 ], [ 79.835501678000071, 7.190318627000067 ], [ 79.835506760000044, 7.19029273700005 ], [ 79.835515262000058, 7.190264827000021 ], [ 79.835538590000056, 7.190213696000058 ], [ 79.835554848000072, 7.190168193000034 ], [ 79.835567467000033, 7.19012351300006 ], [ 79.835583660000054, 7.190056527000024 ], [ 79.835739376000049, 7.189655882000068 ], [ 79.836175468000079, 7.188652694000041 ], [ 79.836189587000035, 7.188631802000032 ], [ 79.836205609000046, 7.188620116000038 ], [ 79.836254964000034, 7.188592314000061 ], [ 79.836276689000044, 7.188581630000044 ], [ 79.836308361000079, 7.188570851000065 ], [ 79.836335241000029, 7.188568881000037 ], [ 79.836358578000045, 7.188571844000023 ], [ 79.836380269000074, 7.188580325000032 ], [ 79.836402875000033, 7.188595550000059 ], [ 79.836423941000078, 7.18861511700004 ], [ 79.836446208000041, 7.188641328000074 ], [ 79.83647275800007, 7.188681602000031 ], [ 79.836486619000084, 7.188699111000062 ], [ 79.836505536000061, 7.188718732000041 ], [ 79.83655286700008, 7.188763040000026 ], [ 79.836582234000048, 7.188794883000071 ], [ 79.836630483000079, 7.188862472000039 ], [ 79.836663520000059, 7.188905243000022 ], [ 79.836708283000064, 7.188959056000044 ], [ 79.836756112000046, 7.189012662000039 ], [ 79.836884221000048, 7.189144489000057 ], [ 79.837046180000073, 7.189301020000073 ], [ 79.837105755000039, 7.189360350000072 ], [ 79.837174981000032, 7.189432431000057 ], [ 79.837275542000043, 7.189544085000023 ], [ 79.837344797000071, 7.189626243000021 ], [ 79.837377832000072, 7.189669604000073 ], [ 79.837414810000041, 7.189729309000029 ], [ 79.837450488000059, 7.189798881000058 ], [ 79.837465198000075, 7.189824722000026 ], [ 79.837508737000064, 7.189884038000059 ], [ 79.837533779000069, 7.189925315000039 ], [ 79.837549091000085, 7.189944743000069 ], [ 79.837556028000051, 7.189949657000057 ], [ 79.837564307000036, 7.189953020000075 ], [ 79.837601876000065, 7.18996140400003 ], [ 79.837642110000047, 7.189980415000036 ], [ 79.837670005000064, 7.189988637000056 ], [ 79.837698151000041, 7.18999042400003 ], [ 79.837790013000074, 7.189988787000061 ], [ 79.837835394000081, 7.189989915000069 ], [ 79.837881938000066, 7.189994993000028 ], [ 79.837915112000076, 7.190004114000033 ], [ 79.838004192000085, 7.190050423000059 ], [ 79.838071175000039, 7.190093621000074 ], [ 79.838133330000062, 7.19015594900003 ], [ 79.838161956000079, 7.190213424000035 ], [ 79.838161839000065, 7.190270840000039 ], [ 79.838161634000073, 7.190371317000029 ], [ 79.838147135000042, 7.190433488000053 ], [ 79.838127874000065, 7.19048129600003 ], [ 79.838103832000058, 7.190524310000058 ], [ 79.838030580000066, 7.190567320000071 ], [ 79.837989395000079, 7.190592288000062 ], [ 79.83779690700004, 7.190676795000059 ], [ 79.837715345000049, 7.190734045000056 ], [ 79.837700855000037, 7.190791433000072 ], [ 79.837681535000058, 7.190867947000072 ], [ 79.837681321000048, 7.190973209000049 ], [ 79.837690756000029, 7.191045 ], [ 79.837724126000069, 7.19112640700007 ], [ 79.837757201000045, 7.191197637000073 ], [ 79.837755709000078, 7.191290742000035 ], [ 79.837749466000048, 7.191378879000069 ], [ 79.837743720000049, 7.191419656000051 ], [ 79.837736135000057, 7.191457030000038 ], [ 79.837726590000045, 7.191491579000058 ], [ 79.837714997000035, 7.191523612000026 ], [ 79.837702139000044, 7.191551679000042 ], [ 79.837687329000062, 7.191577858000073 ], [ 79.837670962000061, 7.19160166000006 ], [ 79.837650812000049, 7.191626253000038 ], [ 79.837614076000079, 7.19166507400007 ], [ 79.837446801000056, 7.191829754000025 ], [ 79.837286389000042, 7.191986792000023 ], [ 79.837201591000053, 7.192081641000073 ], [ 79.837136046000069, 7.192162046000021 ], [ 79.837007381000035, 7.192296490000047 ], [ 79.836786339000071, 7.192537377000065 ], [ 79.836651275000065, 7.192660155000056 ], [ 79.836549905000084, 7.19274686600005 ], [ 79.836474936000059, 7.192816246000064 ], [ 79.836378750000051, 7.192888040000071 ], [ 79.836347725000053, 7.192916079000042 ], [ 79.836308123000038, 7.192955390000066 ], [ 79.836290704000078, 7.192978977000053 ], [ 79.836270192000029, 7.193012988000021 ], [ 79.836258824000083, 7.193035105000035 ], [ 79.83624784400007, 7.193061055000044 ], [ 79.836212509000063, 7.193162628000039 ], [ 79.836184803000037, 7.193250203000048 ], [ 79.836165942000036, 7.193320062000055 ], [ 79.836155162000068, 7.193349081000065 ], [ 79.83614611400003, 7.193367563000038 ], [ 79.83613613600005, 7.193383729000061 ], [ 79.836105558000042, 7.193419505000065 ], [ 79.835259671000074, 7.193470604000026 ], [ 79.835256403000074, 7.193447892000052 ], [ 79.835257479000063, 7.193421559000058 ], [ 79.835270367000078, 7.193350357000043 ], [ 79.835289088000081, 7.193229107000036 ], [ 79.83529999600006, 7.193111452000039 ], [ 79.835300540000048, 7.193069249000075 ], [ 79.83529763100006, 7.192910287000075 ], [ 79.835284284000068, 7.192567544000042 ], [ 79.835282920000054, 7.192460622000056 ], [ 79.835284758000057, 7.192426676000025 ], [ 79.835293877000083, 7.192325564000043 ], [ 79.835311218000072, 7.192174608000073 ], [ 79.835322132000044, 7.192022231000067 ] ], [ [ 79.833215317000054, 7.198898598000028 ], [ 79.83311726800008, 7.198900471000059 ], [ 79.833073643000034, 7.198905185000058 ], [ 79.833038590000058, 7.19891476500004 ], [ 79.833000668000068, 7.198932253000066 ], [ 79.832969343000059, 7.198951323000074 ], [ 79.832849939000084, 7.199047981000035 ], [ 79.832808973000056, 7.199077584000065 ], [ 79.832787178000046, 7.199090489000071 ], [ 79.832751661000032, 7.199108466000041 ], [ 79.83273487200006, 7.199115511000059 ], [ 79.832720084000073, 7.199119655000061 ], [ 79.832692554000062, 7.199122657000032 ], [ 79.832640271000059, 7.199123624000038 ], [ 79.832544428000062, 7.19911976800006 ], [ 79.832534525000085, 7.199115840000047 ], [ 79.832523986000069, 7.199108495000075 ], [ 79.832477038000036, 7.199063384000056 ], [ 79.832426660000067, 7.198986452000042 ], [ 79.832380456000067, 7.198908157000062 ], [ 79.832338428000071, 7.198828496000033 ], [ 79.83230057600008, 7.198747473000026 ], [ 79.832267479000052, 7.198666608000053 ], [ 79.832243924000068, 7.198598899000046 ], [ 79.83222352100006, 7.198525093000057 ], [ 79.832206394000082, 7.19844507800002 ], [ 79.83219166300006, 7.198353496000038 ], [ 79.832179265000036, 7.198248296000031 ], [ 79.832127257000081, 7.197661984000035 ], [ 79.832117646000029, 7.197515207000038 ], [ 79.832110484000054, 7.197366232000036 ], [ 79.83210577400007, 7.197215093000068 ], [ 79.832103514000039, 7.197061828000074 ], [ 79.832103897000081, 7.196889669000029 ], [ 79.832107432000043, 7.196719646000076 ], [ 79.832114167000043, 7.19654904500004 ], [ 79.832124090000036, 7.196378654000057 ], [ 79.832137204000048, 7.19620849000006 ], [ 79.832153485000049, 7.196038937000026 ], [ 79.832172933000038, 7.195870034000052 ], [ 79.832195432000049, 7.195702772000061 ], [ 79.832220029000041, 7.195546109000077 ], [ 79.832250395000074, 7.195375538000064 ], [ 79.832288247000065, 7.195181470000023 ], [ 79.832337141000039, 7.194945423000036 ], [ 79.832387004000054, 7.194735771000069 ], [ 79.832488073000036, 7.194351616000063 ], [ 79.832526339000083, 7.194199424000033 ], [ 79.832561610000084, 7.194043764000071 ], [ 79.832589531000053, 7.193898654000066 ], [ 79.832613520000052, 7.193753225000023 ], [ 79.832636711000077, 7.193592246000037 ], [ 79.83265924300008, 7.193416670000033 ], [ 79.832716330000039, 7.192943343000024 ], [ 79.832764499000064, 7.192605520000029 ], [ 79.832777846000056, 7.19248258600004 ], [ 79.832784416000038, 7.192373242000031 ], [ 79.832786828000053, 7.192247358000031 ], [ 79.832784789000073, 7.192121243000031 ], [ 79.832778310000037, 7.191995481000049 ], [ 79.832767420000039, 7.191870636000033 ], [ 79.832757088000051, 7.191784603000031 ], [ 79.832755653000049, 7.191772650000075 ], [ 79.832742845000041, 7.191693893000036 ], [ 79.832726880000052, 7.191613611000037 ], [ 79.83268616600003, 7.191425667000033 ], [ 79.832668734000038, 7.191332697000064 ], [ 79.832648242000062, 7.191199797000024 ], [ 79.832629616000077, 7.191054506000057 ], [ 79.83261069200006, 7.190877142000033 ], [ 79.832572212000059, 7.19045907900005 ], [ 79.832552656000075, 7.190270528000042 ], [ 79.832529387000079, 7.190083383000058 ], [ 79.832467875000077, 7.18963134300003 ], [ 79.832441280000069, 7.189399151000032 ], [ 79.832416576000071, 7.189141545000041 ], [ 79.832409601000052, 7.18904823400004 ], [ 79.83240703000007, 7.18896727300006 ], [ 79.832408303000079, 7.188801880000028 ], [ 79.832411812000032, 7.188754252000024 ], [ 79.83241857400003, 7.188713561000043 ], [ 79.832428546000074, 7.188678645000039 ], [ 79.832444699000064, 7.188638879000052 ], [ 79.832467344000065, 7.18859528400003 ], [ 79.832494666000059, 7.188552401000038 ], [ 79.832525725000039, 7.188511743000049 ], [ 79.832558680000034, 7.188475716000028 ], [ 79.83258623100005, 7.188451545000021 ], [ 79.832617499000037, 7.18842924300003 ], [ 79.832652543000052, 7.188408765000077 ], [ 79.83269146300006, 7.188390053000035 ], [ 79.832734206000055, 7.188373108000064 ], [ 79.832781211000054, 7.188357734000022 ], [ 79.832832860000053, 7.18834380100003 ], [ 79.832890234000047, 7.188331016000063 ], [ 79.833001717000059, 7.188311292000037 ], [ 79.833070667000072, 7.188302389000057 ], [ 79.833150805000059, 7.18829708800007 ], [ 79.833230565000065, 7.188297128000045 ], [ 79.83330931200004, 7.188302595000039 ], [ 79.833384885000044, 7.188313433000076 ], [ 79.833460456000068, 7.188330257000075 ], [ 79.833537344000035, 7.188353264000057 ], [ 79.833619163000037, 7.188384120000023 ], [ 79.833698671000036, 7.188420688000065 ], [ 79.833776263000061, 7.188463279000075 ], [ 79.833850966000057, 7.188511295000069 ], [ 79.833921408000037, 7.188563959000021 ], [ 79.833985270000085, 7.188619641000059 ], [ 79.834042025000031, 7.188678077000077 ], [ 79.834067374000085, 7.188708113000075 ], [ 79.834086727000056, 7.18873409400004 ], [ 79.834117044000038, 7.188783221000051 ], [ 79.834143657000084, 7.188838128000043 ], [ 79.834166859000049, 7.188899399000036 ], [ 79.834187128000053, 7.188968283000065 ], [ 79.834200935000069, 7.189026925000064 ], [ 79.834213980000072, 7.18909357900003 ], [ 79.834252468000045, 7.189334865000035 ], [ 79.834270034000042, 7.189429561000054 ], [ 79.834326445000045, 7.189666411000076 ], [ 79.834428709000065, 7.19012252300007 ], [ 79.834454304000076, 7.190226504000066 ], [ 79.834476444000074, 7.19030934500006 ], [ 79.834502877000034, 7.19039747000005 ], [ 79.834588753000048, 7.190668132000042 ], [ 79.834612827000058, 7.190755589000048 ], [ 79.834630934000074, 7.190834435000056 ], [ 79.834646699000075, 7.190926843000057 ], [ 79.834657305000064, 7.191023905000065 ], [ 79.834662835000074, 7.191126371000053 ], [ 79.834663384000066, 7.191235912000025 ], [ 79.834659842000065, 7.191338575000032 ], [ 79.834652432000041, 7.191452144000039 ], [ 79.834641613000031, 7.191574641000045 ], [ 79.834606434000079, 7.191928228000052 ], [ 79.834597991000066, 7.192038706000062 ], [ 79.834592938000071, 7.192137548000062 ], [ 79.834590045000084, 7.192328478000036 ], [ 79.834589082000036, 7.192623347000051 ], [ 79.834590613000046, 7.19286601400006 ], [ 79.834594634000041, 7.193122738000056 ], [ 79.834593443000074, 7.193180933000065 ], [ 79.834590147000085, 7.193241274000059 ], [ 79.834580866000067, 7.193339798000068 ], [ 79.834578316000034, 7.193358578000073 ], [ 79.834566186000075, 7.193447892000052 ], [ 79.834545975000083, 7.193568067000058 ], [ 79.83449930900008, 7.193816369000047 ], [ 79.834480590000055, 7.193922998000062 ], [ 79.834463850000077, 7.194035469000028 ], [ 79.834452729000077, 7.194136396000033 ], [ 79.834447071000056, 7.194221846000062 ], [ 79.834445543000072, 7.194302917000073 ], [ 79.834447952000062, 7.194377759000076 ], [ 79.834457446000044, 7.194503413000064 ], [ 79.834459557000059, 7.194710004000058 ], [ 79.834456835000083, 7.194757191000065 ], [ 79.834453383000039, 7.194776700000034 ], [ 79.834447941000064, 7.194796692000068 ], [ 79.83443032100007, 7.194842782000023 ], [ 79.834344054000042, 7.194997206000039 ], [ 79.834327279000036, 7.19503491200004 ], [ 79.834316303000037, 7.195070199000043 ], [ 79.834306170000048, 7.195122771000058 ], [ 79.834302602000037, 7.195172561000049 ], [ 79.83430532400007, 7.19525092400005 ], [ 79.834313561000045, 7.195322984000029 ], [ 79.83433270900008, 7.19542130800005 ], [ 79.834352086000081, 7.195533062000038 ], [ 79.834357039000054, 7.195570805000045 ], [ 79.834366290000048, 7.195689655000024 ], [ 79.834382559000062, 7.195850819000043 ], [ 79.834399394000059, 7.196045476000052 ], [ 79.83440071800004, 7.196075769000061 ], [ 79.834400758000072, 7.196160311000028 ], [ 79.834414583000068, 7.196442762000061 ], [ 79.834418563000042, 7.196511549000036 ], [ 79.834426343000075, 7.196546586000068 ], [ 79.834436528000083, 7.196578187000057 ], [ 79.834448867000049, 7.196602721000033 ], [ 79.834466759000065, 7.196627248000027 ], [ 79.834489982000036, 7.196650850000026 ], [ 79.834513955000034, 7.196670341000072 ], [ 79.834543092000047, 7.196690432000025 ], [ 79.834650112000077, 7.196753699000055 ], [ 79.83468901100008, 7.196779078000077 ], [ 79.834724022000046, 7.196807404000026 ], [ 79.834749936000037, 7.196836196000049 ], [ 79.834766235000075, 7.196861354000021 ], [ 79.834781573000043, 7.196889853000073 ], [ 79.834794987000066, 7.196919941000033 ], [ 79.834806719000085, 7.196952041000031 ], [ 79.834816756000066, 7.196986082000024 ], [ 79.834825196000054, 7.197022331000028 ], [ 79.834832074000076, 7.197060942000064 ], [ 79.834837435000054, 7.197102169000061 ], [ 79.834843179000075, 7.197178894000047 ], [ 79.834844976000056, 7.197267950000025 ], [ 79.834839620000082, 7.197569884000075 ], [ 79.834836931000041, 7.197629125000049 ], [ 79.834831205000057, 7.197694460000037 ], [ 79.834822217000067, 7.197767269000053 ], [ 79.834785388000057, 7.198002794000047 ], [ 79.834773681000058, 7.198086746000058 ], [ 79.83476534700003, 7.198166670000035 ], [ 79.834761195000056, 7.198239289000071 ], [ 79.834760552000034, 7.198309308000034 ], [ 79.834762835000049, 7.198387557000046 ], [ 79.834778659000051, 7.198634379000055 ], [ 79.834782677000078, 7.198717187000057 ], [ 79.83478393200005, 7.198790879000057 ], [ 79.834782363000045, 7.198857840000073 ], [ 79.834777151000083, 7.198939479000046 ], [ 79.834771551000074, 7.19906710600003 ], [ 79.834766450000075, 7.199128252000037 ], [ 79.83476149300003, 7.199163117000069 ], [ 79.834755174000065, 7.199193398000034 ], [ 79.83474736900007, 7.199219677000031 ], [ 79.834738, 7.199242210000023 ], [ 79.834725085000059, 7.199263854000037 ], [ 79.834709054000029, 7.199281979000034 ], [ 79.834689573000048, 7.199296979000053 ], [ 79.834666644000038, 7.199308814000062 ], [ 79.834640211000078, 7.199317522000058 ], [ 79.834610161000057, 7.199323139000057 ], [ 79.834576353000045, 7.199325695000027 ], [ 79.834538553000073, 7.199325207000072 ], [ 79.834470090000082, 7.199318251000022 ], [ 79.834388022000041, 7.199303416000021 ], [ 79.834305889000063, 7.199284566000074 ], [ 79.834110469000052, 7.199235558000055 ], [ 79.834018768000078, 7.199215909000031 ], [ 79.833948694000071, 7.199205410000047 ], [ 79.833874685000069, 7.199201509000034 ], [ 79.83384589800005, 7.199197284000036 ], [ 79.833808575000035, 7.199183816000073 ], [ 79.833792133000031, 7.199175343000036 ], [ 79.833777891000068, 7.199166036000065 ], [ 79.833725610000045, 7.199122209000052 ], [ 79.833661835000044, 7.199061737000022 ], [ 79.833649186000059, 7.199051801000053 ], [ 79.833611682000083, 7.199031751000064 ], [ 79.833539513000062, 7.198993168000072 ], [ 79.833455170000036, 7.19894357000004 ], [ 79.833424525000055, 7.19892922300005 ], [ 79.833396159000074, 7.19891997600007 ], [ 79.83333824500005, 7.198908004000032 ], [ 79.833287064000046, 7.198901790000036 ], [ 79.833215317000054, 7.198898598000028 ] ], [ [ 79.831099008000081, 7.190790500000048 ], [ 79.831162990000053, 7.190841766000062 ], [ 79.831228180000039, 7.19089808800004 ], [ 79.831295152000052, 7.190959955000039 ], [ 79.831365054000059, 7.191028426000059 ], [ 79.831446563000043, 7.191112501000021 ], [ 79.83153524800008, 7.191207999000028 ], [ 79.831605456000034, 7.191287438000074 ], [ 79.83166852800008, 7.191363094000053 ], [ 79.831720071000063, 7.191428994000034 ], [ 79.831767152000054, 7.191493431000026 ], [ 79.831808869000042, 7.191554975000031 ], [ 79.831851636000067, 7.191623158000027 ], [ 79.831899250000049, 7.191703347000043 ], [ 79.83193994100003, 7.191777040000034 ], [ 79.831975102000058, 7.19184677100003 ], [ 79.832005177000042, 7.191913443000033 ], [ 79.832027391000054, 7.191969345000075 ], [ 79.832046112000057, 7.192023713000026 ], [ 79.832061218000035, 7.192076039000028 ], [ 79.832073756000057, 7.192129996000062 ], [ 79.832084222000049, 7.192188019000071 ], [ 79.832092356000032, 7.192249203000074 ], [ 79.832098209000037, 7.192313882000064 ], [ 79.832101832000035, 7.192382660000021 ], [ 79.832103288000042, 7.192460263000044 ], [ 79.832102379000048, 7.192545571000039 ], [ 79.832098159000054, 7.192663577000076 ], [ 79.83209376800005, 7.192730019000066 ], [ 79.832086427000036, 7.19280137100003 ], [ 79.832076114000074, 7.192876942000055 ], [ 79.832062660000076, 7.192958025000053 ], [ 79.832045477000065, 7.19304819000007 ], [ 79.831986702000052, 7.193321358000048 ], [ 79.831966368000053, 7.193404097000041 ], [ 79.831942649000041, 7.193491506000044 ], [ 79.831886673000042, 7.193676520000054 ], [ 79.831740652000065, 7.194125978000045 ], [ 79.831705615000033, 7.194244008000055 ], [ 79.831668475000072, 7.194380134000028 ], [ 79.831635573000085, 7.194509518000075 ], [ 79.831600836000064, 7.194654233000051 ], [ 79.831452458000058, 7.195302558000037 ], [ 79.831410838000068, 7.195469604000039 ], [ 79.831370329000038, 7.195619699000076 ], [ 79.83132297700007, 7.195779180000045 ], [ 79.83127389100008, 7.195927609000023 ], [ 79.831196068000054, 7.196142175000034 ], [ 79.83111333100004, 7.196355267000058 ], [ 79.831086672000083, 7.196453951000024 ], [ 79.831055075000052, 7.196549942000047 ], [ 79.831018543000084, 7.19664324200005 ], [ 79.830977073000042, 7.196733852000023 ], [ 79.830865657000061, 7.19695629000006 ], [ 79.830819433000045, 7.19703972800005 ], [ 79.830792106000047, 7.197082047000038 ], [ 79.830764989000045, 7.197118366000041 ], [ 79.830737629000055, 7.197149293000052 ], [ 79.83070979200005, 7.197175081000069 ], [ 79.830687005000073, 7.197192163000068 ], [ 79.830663727000058, 7.197206102000052 ], [ 79.83063995100008, 7.197216916000059 ], [ 79.83061538700008, 7.197224730000073 ], [ 79.830586119000031, 7.197230698000055 ], [ 79.830553569000074, 7.197234352000066 ], [ 79.830517718000067, 7.197235696000064 ], [ 79.830478493000044, 7.197234732000027 ], [ 79.830432295000037, 7.197231106000061 ], [ 79.830381415000033, 7.197224747000064 ], [ 79.830343500000083, 7.197218460000045 ], [ 79.83030810300005, 7.197210041000062 ], [ 79.830271264000032, 7.197198550000053 ], [ 79.830233885000041, 7.197184155000059 ], [ 79.830195871000058, 7.197166820000064 ], [ 79.830157075000045, 7.197146478000036 ], [ 79.830119989000082, 7.19712468900002 ], [ 79.83008183700008, 7.19710006300005 ], [ 79.830000894000079, 7.197041347000038 ], [ 79.829913837000049, 7.196970671000031 ], [ 79.829780987000049, 7.196855808000066 ], [ 79.829727329000036, 7.196803718000069 ], [ 79.829674570000066, 7.196746007000058 ], [ 79.829622242000084, 7.196682167000063 ], [ 79.829569527000046, 7.196611211000061 ], [ 79.82951814200004, 7.196535954000069 ], [ 79.829463124000085, 7.196449605000055 ], [ 79.829297552000071, 7.196172550000028 ], [ 79.829242028000067, 7.196082212000022 ], [ 79.828984978000051, 7.195689015000028 ], [ 79.82891857900006, 7.195583474000045 ], [ 79.82886105700004, 7.195487774000071 ], [ 79.828796466000085, 7.195373095000036 ], [ 79.82874040300004, 7.195264276000046 ], [ 79.828646965000075, 7.195060991000048 ], [ 79.828599945000065, 7.194954292000034 ], [ 79.828570355000068, 7.194881130000056 ], [ 79.828546384000049, 7.194814708000024 ], [ 79.828527058000077, 7.194752313000038 ], [ 79.828512079000063, 7.194692936000024 ], [ 79.828501464000055, 7.194637175000025 ], [ 79.828493328000036, 7.19457430500006 ], [ 79.82848825700006, 7.194509021000044 ], [ 79.828486145000056, 7.194440621000069 ], [ 79.82848725000008, 7.194361265000055 ], [ 79.828491972000052, 7.194277772000021 ], [ 79.828500787000053, 7.194185762000075 ], [ 79.828511820000074, 7.194104053000046 ], [ 79.828526128000078, 7.194023935000075 ], [ 79.828543902000035, 7.193943538000042 ], [ 79.828565022000078, 7.193863395000051 ], [ 79.828589343000033, 7.193784060000041 ], [ 79.828620238000042, 7.193696681000063 ], [ 79.82865393600008, 7.193613747000029 ], [ 79.828684644000077, 7.193550827000024 ], [ 79.828721654000049, 7.19348622800004 ], [ 79.828762051000069, 7.193423973000051 ], [ 79.828809967000041, 7.193356837000067 ], [ 79.828863335000051, 7.193287004000069 ], [ 79.829018785000073, 7.193090020000056 ], [ 79.829064969000058, 7.193027605000054 ], [ 79.829104269000084, 7.19297051500007 ], [ 79.829185998000071, 7.192839647000028 ], [ 79.829274809000083, 7.192691096000033 ], [ 79.829358616000036, 7.192544995000048 ], [ 79.829439892000039, 7.192397288000052 ], [ 79.829474255000036, 7.192374267000048 ], [ 79.829508796000084, 7.192354246000036 ], [ 79.829543520000072, 7.192337228000042 ], [ 79.829578423000044, 7.192323212000076 ], [ 79.829613508000079, 7.192312198000025 ], [ 79.829648775000067, 7.192304188000037 ], [ 79.829684222000083, 7.192299179000031 ], [ 79.82971985000006, 7.192297171000064 ], [ 79.829763494000076, 7.192298559000051 ], [ 79.829805402000034, 7.192302986000072 ], [ 79.829840772000068, 7.192309995000073 ], [ 79.82987078900004, 7.192319678000047 ], [ 79.82989328900004, 7.192330772000048 ], [ 79.829913117000046, 7.192345508000074 ], [ 79.829932081000038, 7.192365173000042 ], [ 79.829950337000071, 7.192390063000062 ], [ 79.829972321000071, 7.192428149000023 ], [ 79.830016887000056, 7.192519711000045 ], [ 79.83006597800005, 7.192611826000075 ], [ 79.830092984000032, 7.192668685000058 ], [ 79.830120186000045, 7.192731231000039 ], [ 79.830162298000062, 7.192837378000036 ], [ 79.830216889000042, 7.192985460000045 ], [ 79.830248292000078, 7.193078705000062 ], [ 79.830272283000056, 7.193160697000053 ], [ 79.830292340000085, 7.193247641000028 ], [ 79.830298815000049, 7.193289222000033 ], [ 79.830303709000077, 7.193333964000033 ], [ 79.830308814000034, 7.193421633000071 ], [ 79.830314184000031, 7.193643752000071 ], [ 79.830318738000074, 7.193706378000059 ], [ 79.830325710000068, 7.193762248000041 ], [ 79.830354376000059, 7.193925706000073 ], [ 79.83037697900005, 7.194030908000059 ], [ 79.830389726000078, 7.194079241000054 ], [ 79.830403391000061, 7.194123944000069 ], [ 79.830418172000066, 7.194165658000031 ], [ 79.830434190000062, 7.194204721000062 ], [ 79.830453025000054, 7.194244324000067 ], [ 79.830474993000053, 7.194284607000043 ], [ 79.830500328000085, 7.194326002000025 ], [ 79.830529384000045, 7.194369090000066 ], [ 79.830591087000073, 7.194451383000057 ], [ 79.830699041000059, 7.194584064000026 ], [ 79.830789138000057, 7.194717049000076 ], [ 79.830810921000079, 7.194745862000048 ], [ 79.830831381000053, 7.194769336000036 ], [ 79.830851013000085, 7.194788152000058 ], [ 79.830870550000043, 7.194803110000066 ], [ 79.830890255000043, 7.194814406000035 ], [ 79.830910275000065, 7.194822126000076 ], [ 79.830930829000067, 7.194826334000027 ], [ 79.830968245000065, 7.194829302000073 ], [ 79.830998452000074, 7.194829026000036 ], [ 79.831024039000056, 7.194826027000033 ], [ 79.831047441000067, 7.194819049000046 ], [ 79.831056164000074, 7.194814216000054 ], [ 79.831062932000066, 7.19480846700003 ], [ 79.83106874200007, 7.194800860000043 ], [ 79.831073483000068, 7.194791446000067 ], [ 79.831079784000053, 7.194767131000049 ], [ 79.831081871000038, 7.194729936000044 ], [ 79.83107853100006, 7.194680536000021 ], [ 79.831071345000055, 7.194624217000069 ], [ 79.831060348000051, 7.194583618000024 ], [ 79.831045070000073, 7.194546636000041 ], [ 79.831023729000037, 7.194506077000028 ], [ 79.83093770000005, 7.194369885000071 ], [ 79.830907548000084, 7.194328564000045 ], [ 79.830829914000049, 7.194233362000034 ], [ 79.830811287000074, 7.194207242000061 ], [ 79.830796274000079, 7.194182837000028 ], [ 79.830778996000049, 7.194147427000075 ], [ 79.830763490000038, 7.194106512000076 ], [ 79.830750619000071, 7.194062323000026 ], [ 79.83073999700008, 7.194013759000029 ], [ 79.830731290000074, 7.193959001000053 ], [ 79.830724238000073, 7.193895927000028 ], [ 79.830715859000065, 7.193787495000038 ], [ 79.830714794000073, 7.193743980000022 ], [ 79.830716297000038, 7.193703729000049 ], [ 79.830720088000078, 7.193658744000061 ], [ 79.830744376000041, 7.193458302000067 ], [ 79.830747216000077, 7.193407020000052 ], [ 79.830746684000076, 7.193360871000039 ], [ 79.830740263000052, 7.193291371000043 ], [ 79.830728983000085, 7.193216906000032 ], [ 79.830713024000033, 7.193138715000032 ], [ 79.830692050000039, 7.193054997000047 ], [ 79.830666214000075, 7.192965791000063 ], [ 79.830635132000054, 7.192869024000061 ], [ 79.830604065000045, 7.192783032000023 ], [ 79.830572277000044, 7.192703717000029 ], [ 79.830526629000076, 7.192605148000041 ], [ 79.830324431000065, 7.192197517000068 ], [ 79.83030013900003, 7.192145113000038 ], [ 79.830280506000065, 7.192098202000068 ], [ 79.830260602000067, 7.192042453000056 ], [ 79.83024161000003, 7.191976229000034 ], [ 79.830225607000045, 7.191906892000077 ], [ 79.830212153000048, 7.191832917000056 ], [ 79.830201748000036, 7.191758803000027 ], [ 79.830193325000039, 7.191678970000055 ], [ 79.830186886000035, 7.191593860000069 ], [ 79.830183443000067, 7.191514084000062 ], [ 79.830182741000044, 7.191438241000071 ], [ 79.830184638000048, 7.19136412000006 ], [ 79.83018912600005, 7.191291940000042 ], [ 79.830196197000078, 7.191221873000075 ], [ 79.830232541000044, 7.190980284000034 ], [ 79.830246293000073, 7.190909605000058 ], [ 79.830261361000055, 7.190848354000025 ], [ 79.830280394000056, 7.19078819300006 ], [ 79.830302328000073, 7.190734730000031 ], [ 79.830327496000052, 7.190687150000031 ], [ 79.830356109000036, 7.190645077000056 ], [ 79.83037315100006, 7.190624440000022 ], [ 79.830428599000072, 7.190563151000049 ], [ 79.830451136000079, 7.190542604000029 ], [ 79.830472070000042, 7.19052819500007 ], [ 79.830492955000068, 7.190519072000029 ], [ 79.830515798000079, 7.190514946000064 ], [ 79.830543119000083, 7.190515284000071 ], [ 79.830576454000038, 7.190520212000024 ], [ 79.830647771000031, 7.190536287000043 ], [ 79.830681053000035, 7.190545962000044 ], [ 79.830724962000033, 7.190562876000058 ], [ 79.830772808000063, 7.190585733000034 ], [ 79.830832246000057, 7.190618526000037 ], [ 79.83096387300003, 7.190696044000049 ], [ 79.831031186000075, 7.190740703000074 ], [ 79.831099008000081, 7.190790500000048 ] ], [ [ 79.83748943300003, 7.193620155000076 ], [ 79.837529987000039, 7.193657453000071 ], [ 79.837568667000085, 7.193701157000021 ], [ 79.837604550000037, 7.19375023300006 ], [ 79.83763644000004, 7.193803053000067 ], [ 79.837663067000051, 7.193857686000058 ], [ 79.837684576000072, 7.19391567100007 ], [ 79.837701250000066, 7.193977723000046 ], [ 79.837712439000029, 7.194041664000054 ], [ 79.837717799000075, 7.194105122000053 ], [ 79.837717302000044, 7.194166903000053 ], [ 79.837711177000074, 7.194223968000074 ], [ 79.837698683000042, 7.194283689000031 ], [ 79.837679381000044, 7.194347438000023 ], [ 79.837653901000067, 7.194412521000061 ], [ 79.837611892000041, 7.194502641000042 ], [ 79.837593740000045, 7.194536476000053 ], [ 79.837575826000034, 7.194566056000042 ], [ 79.837545434000049, 7.194607608000069 ], [ 79.837513805000071, 7.194640203000063 ], [ 79.837497838000047, 7.194652966000035 ], [ 79.837480264000078, 7.194664603000035 ], [ 79.837437721000072, 7.194686639000054 ], [ 79.837408285000038, 7.194698198000026 ], [ 79.837377566000043, 7.194707669000024 ], [ 79.837346294000042, 7.194714824000073 ], [ 79.837315184000033, 7.194719504000034 ], [ 79.837286224000081, 7.194721568000034 ], [ 79.837258499000029, 7.194721242000071 ], [ 79.837228548000041, 7.194718371000022 ], [ 79.837198337000075, 7.194713079000053 ], [ 79.837168967000082, 7.194705571000043 ], [ 79.837141203000044, 7.194696058000034 ], [ 79.837114735000057, 7.194684369000072 ], [ 79.837089124000045, 7.194670406000057 ], [ 79.837064296000051, 7.194654082000056 ], [ 79.837040494000064, 7.19463551900003 ], [ 79.837017717000037, 7.194614715000057 ], [ 79.836995968000053, 7.194591670000023 ], [ 79.836955313000033, 7.194580897000037 ], [ 79.836914371000034, 7.194572781000034 ], [ 79.836876854000081, 7.194567812000059 ], [ 79.836837728000035, 7.19456552500003 ], [ 79.836784920000071, 7.19456597900006 ], [ 79.836716743000068, 7.194570056000032 ], [ 79.836675110000044, 7.194574788000068 ], [ 79.836631885000031, 7.194582327000035 ], [ 79.836568190000037, 7.194597639000051 ], [ 79.836497578000035, 7.194619253000042 ], [ 79.83626509000004, 7.194703956000069 ], [ 79.836073893000048, 7.194765626000049 ], [ 79.835992965000059, 7.194795276000036 ], [ 79.835931835000054, 7.194822728000076 ], [ 79.835851442000035, 7.194865917000072 ], [ 79.835787547000052, 7.194905184000049 ], [ 79.835732405000044, 7.194944751000037 ], [ 79.835697316000051, 7.194974007000042 ], [ 79.835659949000046, 7.19500938300007 ], [ 79.835625580000055, 7.195045805000063 ], [ 79.835594098000058, 7.195083299000032 ], [ 79.835566249000067, 7.195121813000071 ], [ 79.835537094000074, 7.195188882000025 ], [ 79.835529637000036, 7.195201920000045 ], [ 79.835521894000067, 7.195211352000058 ], [ 79.835510348000071, 7.19521910800006 ], [ 79.83549417200004, 7.195222555000043 ], [ 79.835472011000036, 7.19522263600004 ], [ 79.835451161000037, 7.19521865300004 ], [ 79.835436574000084, 7.195212299000048 ], [ 79.835426206000079, 7.195203620000029 ], [ 79.83541241000006, 7.195181735000062 ], [ 79.835403933000066, 7.195163141000023 ], [ 79.835397470000032, 7.195142347000058 ], [ 79.835391982000033, 7.195116567000071 ], [ 79.83538302900007, 7.195062521000068 ], [ 79.835379623000051, 7.195028131000072 ], [ 79.835378294000066, 7.194986436000022 ], [ 79.835378677000051, 7.194893338000043 ], [ 79.835374323000053, 7.194675114000063 ], [ 79.835373360000062, 7.194508856000027 ], [ 79.835375086000056, 7.194301033000045 ], [ 79.835380069000053, 7.194093155000076 ], [ 79.835380253000039, 7.194058883000025 ], [ 79.835384586000032, 7.194027532000064 ], [ 79.835393071000055, 7.193999101000031 ], [ 79.835405704000038, 7.193973590000041 ], [ 79.835419189000049, 7.19395637100007 ], [ 79.835437901000034, 7.193940360000056 ], [ 79.835462176000078, 7.19392519400003 ], [ 79.835494477000054, 7.193909327000028 ], [ 79.835565820000056, 7.193877917000066 ], [ 79.835608750000063, 7.193862614000068 ], [ 79.835936695000044, 7.193771318000074 ], [ 79.836061900000061, 7.193729731000076 ], [ 79.836113040000043, 7.193715470000029 ], [ 79.836145250000072, 7.193709182000021 ], [ 79.836174855000081, 7.193705889000057 ], [ 79.836300777000076, 7.193703544000073 ], [ 79.836404261000041, 7.193694365000056 ], [ 79.836461805000056, 7.19368599400002 ], [ 79.836507466000057, 7.19367376200006 ], [ 79.836528085000054, 7.19366552300005 ], [ 79.836548014000073, 7.193655384000067 ], [ 79.836592618000054, 7.193625890000021 ], [ 79.836669732000075, 7.193565269000032 ], [ 79.836736811000037, 7.193497902000047 ], [ 79.836760598000069, 7.193476468000028 ], [ 79.836786929000084, 7.193458304000046 ], [ 79.836812836000036, 7.193447178000042 ], [ 79.836834843000076, 7.193442066000046 ], [ 79.836859248000053, 7.193439652000052 ], [ 79.836886426000035, 7.193439889000047 ], [ 79.836917420000077, 7.193442785000059 ], [ 79.837033612000084, 7.19346282600003 ], [ 79.837178702000074, 7.193483549000064 ], [ 79.837229598000079, 7.193493911000076 ], [ 79.837274420000085, 7.193505985000058 ], [ 79.83732739800007, 7.193525432000058 ], [ 79.837390979000077, 7.193555697000022 ], [ 79.837443786000051, 7.193586792000076 ], [ 79.83748943300003, 7.193620155000076 ] ], [ [ 79.826807833000032, 7.195844624000074 ], [ 79.826810716000068, 7.195813715000043 ], [ 79.826818420000052, 7.195780673000058 ], [ 79.826845905000084, 7.19568630200007 ], [ 79.826851178000084, 7.195658598000023 ], [ 79.826852939000048, 7.195634730000052 ], [ 79.826850895000064, 7.19561171600003 ], [ 79.826843906000079, 7.195587986000021 ], [ 79.82682940400008, 7.195551261000048 ], [ 79.82681206500007, 7.19551651300003 ], [ 79.826796698000066, 7.195491207000032 ], [ 79.826780223000071, 7.195468436000056 ], [ 79.826762405000068, 7.195448038000052 ], [ 79.826745671000083, 7.195432740000058 ], [ 79.826732643000071, 7.195424256000024 ], [ 79.826716613000031, 7.195416212000055 ], [ 79.826643818000036, 7.195387101000051 ], [ 79.826628843000037, 7.195378732000052 ], [ 79.826616914000056, 7.195369715000027 ], [ 79.826607372000069, 7.195359471000074 ], [ 79.826598345000036, 7.195345987000053 ], [ 79.82659076300007, 7.195330616000035 ], [ 79.826584294000043, 7.195312841000032 ], [ 79.826574642000082, 7.195271737000041 ], [ 79.826557898000033, 7.195165261000056 ], [ 79.826553710000042, 7.195119832000046 ], [ 79.826549873000033, 7.195019660000071 ], [ 79.826546549000057, 7.194975842000076 ], [ 79.826538663000065, 7.194925348000027 ], [ 79.826525336000032, 7.194866034000029 ], [ 79.826501346000043, 7.194781501000023 ], [ 79.826445126000067, 7.194605481000053 ], [ 79.826363327000081, 7.194377854000038 ], [ 79.826338118000081, 7.194303568000066 ], [ 79.826291118000086, 7.194153904000075 ], [ 79.826268361000075, 7.194065805000037 ], [ 79.826258593000034, 7.194014773000049 ], [ 79.826250080000079, 7.193958637000037 ], [ 79.826230902000077, 7.19378757800007 ], [ 79.826228805000085, 7.193739080000057 ], [ 79.826233053000067, 7.193680847000053 ], [ 79.826236771000083, 7.193656672000031 ], [ 79.826241970000069, 7.193636511000022 ], [ 79.826248687000032, 7.193619813000055 ], [ 79.82625807900007, 7.193603848000066 ], [ 79.826271399000063, 7.193586913000047 ], [ 79.826288031000047, 7.193570221000073 ], [ 79.826307858000064, 7.193553890000032 ], [ 79.826330622000057, 7.193538133000061 ], [ 79.826367563000076, 7.193517521000047 ], [ 79.826406846000054, 7.193503827000029 ], [ 79.826463034000085, 7.193492094000021 ], [ 79.826480644000071, 7.193489124000052 ], [ 79.826514154000051, 7.193483472000025 ], [ 79.826548872000046, 7.193479378000063 ], [ 79.826604807000081, 7.193476539000073 ], [ 79.826669164000066, 7.193477434000044 ], [ 79.826829021000037, 7.193487 ], [ 79.826944744000059, 7.193490740000072 ], [ 79.827004332000058, 7.193497142000069 ], [ 79.827029789000051, 7.19350238800007 ], [ 79.827054273000044, 7.193509406000032 ], [ 79.827111787000035, 7.193531495000059 ], [ 79.827165100000059, 7.193559039000036 ], [ 79.82721663600006, 7.193592817000024 ], [ 79.827256230000046, 7.193632041000058 ], [ 79.827289933000031, 7.193673628000056 ], [ 79.827317740000069, 7.193717579000065 ], [ 79.827339656000049, 7.193763893000039 ], [ 79.827349080000033, 7.193790006000029 ], [ 79.827354925000066, 7.193811117000052 ], [ 79.827367606000053, 7.193890205000059 ], [ 79.827375764000067, 7.193930748000071 ], [ 79.827393049000079, 7.194007186000022 ], [ 79.827412474000084, 7.194083180000064 ], [ 79.827421168000058, 7.194175494000035 ], [ 79.827432397000052, 7.194267056000058 ], [ 79.827446162000058, 7.194357868000054 ], [ 79.827462461000039, 7.194447929000034 ], [ 79.827481290000037, 7.194537205000074 ], [ 79.827502650000042, 7.194625732000077 ], [ 79.827526508000062, 7.194713381000042 ], [ 79.82755303700003, 7.194800788000066 ], [ 79.827591088000077, 7.194916954000064 ], [ 79.827625291000061, 7.195012074000033 ], [ 79.827659591000042, 7.195097087000022 ], [ 79.827694840000049, 7.195173947000058 ], [ 79.827725284000053, 7.195232597000029 ], [ 79.827752629000031, 7.195279044000074 ], [ 79.827776917000051, 7.195313401000021 ], [ 79.827836073000071, 7.195390418000045 ], [ 79.82786132800004, 7.19542771600004 ], [ 79.827878815000076, 7.195459578000055 ], [ 79.827899624000054, 7.195507490000068 ], [ 79.827919712000039, 7.195562592000044 ], [ 79.827925810000067, 7.195586072000026 ], [ 79.827929567000069, 7.195607834000043 ], [ 79.827931025000055, 7.195627726000055 ], [ 79.827930345000084, 7.195648026000072 ], [ 79.827927550000084, 7.195670272000029 ], [ 79.827922686000079, 7.195693449000032 ], [ 79.827915369000038, 7.195718555000042 ], [ 79.827906012000085, 7.195743593000032 ], [ 79.827894878000052, 7.195767855000042 ], [ 79.827882332000058, 7.195790547000058 ], [ 79.827870472000029, 7.195808544000045 ], [ 79.827858376000052, 7.195823360000077 ], [ 79.827843661000031, 7.195837972000049 ], [ 79.827826725000079, 7.195851821000076 ], [ 79.827807295000071, 7.19586509100003 ], [ 79.82778546000003, 7.19587768100007 ], [ 79.827733968000075, 7.195901151000044 ], [ 79.827673044000051, 7.195922358000075 ], [ 79.827580237000063, 7.195949081000037 ], [ 79.827518499000064, 7.195962102000067 ], [ 79.827447333000066, 7.195970102000047 ], [ 79.827377263000074, 7.195973467000044 ], [ 79.827201873000035, 7.195976977000043 ], [ 79.827138063000064, 7.19597649800005 ], [ 79.827028632000065, 7.195970594000073 ], [ 79.826982251000061, 7.195965788000024 ], [ 79.826948487000038, 7.195959291000065 ], [ 79.826943821000043, 7.195958392000023 ], [ 79.826920181000048, 7.19595144300007 ], [ 79.826898630000073, 7.195942888000047 ], [ 79.826851630000078, 7.195916348000026 ], [ 79.826835856000059, 7.195904696000071 ], [ 79.826824428000066, 7.19589382700002 ], [ 79.826816655000073, 7.195882585000049 ], [ 79.826811342000042, 7.195869695000056 ], [ 79.826807833000032, 7.195844624000074 ] ], [ [ 79.829166208000061, 7.202273222000031 ], [ 79.829147164000062, 7.202235538000025 ], [ 79.829112448000046, 7.202151694000065 ], [ 79.829095863000077, 7.20211663200007 ], [ 79.829074927000079, 7.20208261700003 ], [ 79.829051057000072, 7.202055055000073 ], [ 79.829029737000042, 7.202035683000076 ], [ 79.829003515000068, 7.202015134000021 ], [ 79.828872054000044, 7.201922707000051 ], [ 79.828785714000048, 7.201866925000047 ], [ 79.828696746000048, 7.201814858000034 ], [ 79.828676896000047, 7.201792563000026 ], [ 79.828662773000076, 7.201770664000037 ], [ 79.828654336000056, 7.201749001000053 ], [ 79.828651874000059, 7.201728372000048 ], [ 79.828656005000084, 7.201710670000068 ], [ 79.828666395000084, 7.201691440000047 ], [ 79.828683087000059, 7.201670537000041 ], [ 79.828706794000084, 7.201647064000042 ], [ 79.828748472000029, 7.201611673000059 ], [ 79.82876509700003, 7.201600772000063 ], [ 79.828784612000049, 7.201590274000068 ], [ 79.828917333000049, 7.201532465000071 ], [ 79.82903660900007, 7.201485484000045 ], [ 79.829068070000062, 7.201470806000032 ], [ 79.829095037000059, 7.201455887000066 ], [ 79.82912527700006, 7.201435054000058 ], [ 79.829160795000064, 7.201404195000066 ], [ 79.82919412800004, 7.201369892000059 ], [ 79.829225293000036, 7.201332345000026 ], [ 79.829245810000032, 7.201304009000069 ], [ 79.829264390000048, 7.201275054000064 ], [ 79.82927524400003, 7.201254839000057 ], [ 79.829284965000056, 7.201232417000028 ], [ 79.82930089000007, 7.201182738000057 ], [ 79.829324392000046, 7.201083421000021 ], [ 79.82936287900003, 7.200998906000052 ], [ 79.829391699000041, 7.200963080000065 ], [ 79.829413309000074, 7.200938006000058 ], [ 79.829466711000066, 7.200898579000068 ], [ 79.829553607000037, 7.200859347000062 ], [ 79.829683087000035, 7.20079860900006 ], [ 79.82972804700006, 7.200777171000027 ], [ 79.829819747000045, 7.200741475000029 ], [ 79.82986648800005, 7.200727217000065 ], [ 79.829977928000062, 7.200702326000055 ], [ 79.830017708000071, 7.200691241000072 ], [ 79.830100384000048, 7.200675263000051 ], [ 79.830143282000051, 7.200670370000068 ], [ 79.830193586000064, 7.200670473000059 ], [ 79.830314853000061, 7.200667449000036 ], [ 79.83034869100004, 7.200669663000042 ], [ 79.830395277000036, 7.200684183000021 ], [ 79.830419713000083, 7.200696199000049 ], [ 79.830467136000038, 7.200732348000031 ], [ 79.83050238900006, 7.200773381000033 ], [ 79.830513138000072, 7.200788655000053 ], [ 79.830528362000052, 7.200823914000068 ], [ 79.830538585000056, 7.200869569000076 ], [ 79.830550887000072, 7.200940212000035 ], [ 79.830562834000034, 7.201083912000058 ], [ 79.83055710800005, 7.201343469000051 ], [ 79.830568802000073, 7.20142990100004 ], [ 79.830573553000079, 7.201514217000067 ], [ 79.830571363000047, 7.20159641500004 ], [ 79.830562230000055, 7.20167649800004 ], [ 79.830554772000085, 7.201717141000074 ], [ 79.830545452000081, 7.201757216000033 ], [ 79.830534270000044, 7.201796724000076 ], [ 79.830521225000041, 7.201835664000043 ], [ 79.830509373000041, 7.20186579500006 ], [ 79.830495073000066, 7.20189696500006 ], [ 79.830458027000077, 7.201964726000028 ], [ 79.830351207000035, 7.202131227000052 ], [ 79.830248519000065, 7.202296272000069 ], [ 79.830204066000078, 7.202364114000034 ], [ 79.830171352000036, 7.202410732000033 ], [ 79.830139891000044, 7.202452358000073 ], [ 79.830108987000074, 7.202489915000058 ], [ 79.830078301000071, 7.202523805000055 ], [ 79.830044870000052, 7.202556840000057 ], [ 79.830011160000083, 7.202586104000034 ], [ 79.829976993000059, 7.202611755000021 ], [ 79.829942242000072, 7.202633882000043 ], [ 79.829908660000058, 7.202651671000069 ], [ 79.829813107000064, 7.202695756000026 ], [ 79.829770745000076, 7.202712602000076 ], [ 79.829734124000083, 7.202723879000075 ], [ 79.829709606000051, 7.202728992000061 ], [ 79.829687023000076, 7.202731404000076 ], [ 79.829666204000034, 7.202731133000043 ], [ 79.829647063000039, 7.20272817700004 ], [ 79.829629986000043, 7.202722716000039 ], [ 79.829612617000066, 7.202714116000038 ], [ 79.829594594000071, 7.202702209000051 ], [ 79.829575340000076, 7.202686613000026 ], [ 79.829490343000032, 7.202603149000026 ], [ 79.829371672000036, 7.202500060000034 ], [ 79.829312525000034, 7.202446045000045 ], [ 79.829263561000062, 7.202397100000042 ], [ 79.829222129000073, 7.20235049300004 ], [ 79.829190609000079, 7.202309934000027 ], [ 79.829166208000061, 7.202273222000031 ] ], [ [ 79.834741281000049, 7.207418834000066 ], [ 79.834708497000065, 7.207344007000074 ], [ 79.834684622000054, 7.207305083000051 ], [ 79.834648776000051, 7.207263143000034 ], [ 79.834594969000079, 7.207218175000037 ], [ 79.834547127000064, 7.207185184000025 ], [ 79.83444710200007, 7.207127179000054 ], [ 79.834408942000039, 7.207107328000063 ], [ 79.83436976400003, 7.20709103300004 ], [ 79.834327338000037, 7.207077165000044 ], [ 79.834285134000083, 7.207066492000024 ], [ 79.834240272000045, 7.20705794600002 ], [ 79.83419228300005, 7.207051487000058 ], [ 79.834144043000038, 7.207047486000022 ], [ 79.834079282000062, 7.207046112000057 ], [ 79.833984916000077, 7.20704852800003 ], [ 79.833860290000075, 7.207047892000048 ], [ 79.833776189000048, 7.207049164000068 ], [ 79.833628562000058, 7.207055022000077 ], [ 79.833481757000072, 7.207065501000045 ], [ 79.833336002000067, 7.207080597000072 ], [ 79.833172006000041, 7.20710182800002 ], [ 79.833039564000046, 7.207113560000039 ], [ 79.832965678000051, 7.207117130000029 ], [ 79.832887363000054, 7.207118566000076 ], [ 79.832811167000045, 7.207117923000055 ], [ 79.832735337000031, 7.207115085000055 ], [ 79.832652376000055, 7.207108883000046 ], [ 79.832559500000059, 7.207097458000021 ], [ 79.832484642000054, 7.207085083000038 ], [ 79.832413023000072, 7.207069126000022 ], [ 79.832345037000039, 7.207047200000034 ], [ 79.832284945000083, 7.207022090000066 ], [ 79.832239061000053, 7.206997392000062 ], [ 79.832196578000037, 7.206967574000032 ], [ 79.832126319000054, 7.206911054000045 ], [ 79.832067623000057, 7.206861236000066 ], [ 79.832028563000051, 7.206831911000052 ], [ 79.831997698000066, 7.20681249200004 ], [ 79.831963650000034, 7.20679358700005 ], [ 79.831885833000058, 7.206757153000069 ], [ 79.831797662000042, 7.20672303200007 ], [ 79.831705036000074, 7.206695165000042 ], [ 79.831624376000036, 7.206676342000037 ], [ 79.831537664000052, 7.206663153000022 ], [ 79.831484208000063, 7.206652704000021 ], [ 79.831426061000059, 7.206637986000032 ], [ 79.831367730000068, 7.206619915000033 ], [ 79.831331999000042, 7.206606201000056 ], [ 79.831299072000036, 7.206590422000033 ], [ 79.831198768000036, 7.206530945000054 ], [ 79.831149348000054, 7.206505707000076 ], [ 79.831095204000064, 7.206480241000065 ], [ 79.831046854000078, 7.206459575000054 ], [ 79.83099609900006, 7.206440064000049 ], [ 79.830944223000074, 7.206422180000061 ], [ 79.830891902000076, 7.20640617600003 ], [ 79.830831383000032, 7.206389930000057 ], [ 79.830779963000055, 7.206380893000073 ], [ 79.830734694000057, 7.206378561000065 ], [ 79.830684090000034, 7.20638150800005 ], [ 79.83064773600006, 7.206387064000069 ], [ 79.830621111000085, 7.206393671000058 ], [ 79.830590142000062, 7.206404975000055 ], [ 79.830528014000038, 7.206431173000055 ], [ 79.830456004000041, 7.206454190000045 ], [ 79.830416195000055, 7.206461857000022 ], [ 79.830373209000072, 7.206464997000069 ], [ 79.830345488000034, 7.206462616000067 ], [ 79.830318473000034, 7.206453521000071 ], [ 79.830289221000044, 7.206436262000068 ], [ 79.830261485000051, 7.206412901000022 ], [ 79.830237024000041, 7.206384191000041 ], [ 79.830226773000049, 7.206368189000045 ], [ 79.830219318000047, 7.206353411000066 ], [ 79.830208940000034, 7.206322667000052 ], [ 79.830196105000084, 7.20626143800007 ], [ 79.830183373000068, 7.206175427000062 ], [ 79.830169894000051, 7.206058279000047 ], [ 79.830150850000052, 7.205928694000022 ], [ 79.83007402100003, 7.205471332000059 ], [ 79.830041642000083, 7.205256424000027 ], [ 79.830019701000083, 7.205138737000027 ], [ 79.829991187000076, 7.205004083000063 ], [ 79.829979436000031, 7.204934244000071 ], [ 79.829974470000082, 7.204892827000037 ], [ 79.82997245100006, 7.204852345000063 ], [ 79.829972850000047, 7.204810296000062 ], [ 79.829975927000078, 7.204771139000059 ], [ 79.829980481000064, 7.204742368000041 ], [ 79.82998804600004, 7.204709799000057 ], [ 79.830022109000083, 7.20458788600007 ], [ 79.830030918000034, 7.204560914000069 ], [ 79.830045781000081, 7.204526594000072 ], [ 79.830065349000051, 7.20448963900003 ], [ 79.830081934000077, 7.204463402000044 ], [ 79.830102084000032, 7.204436517000033 ], [ 79.830139123000038, 7.204394377000028 ], [ 79.830212048000078, 7.204319693000059 ], [ 79.830316904000085, 7.204220392000025 ], [ 79.83037295500003, 7.204160757000068 ], [ 79.830409222000071, 7.204118122000068 ], [ 79.830412017000072, 7.204114617000073 ], [ 79.830447756000069, 7.204069813000046 ], [ 79.83060133400005, 7.203863996000052 ], [ 79.830671618000054, 7.203775955000026 ], [ 79.830759550000039, 7.20367539800003 ], [ 79.830872167000052, 7.203551109000045 ], [ 79.830975608000074, 7.203446038000038 ], [ 79.831016225000042, 7.203400240000065 ], [ 79.831051535000086, 7.203351923000071 ], [ 79.83108611800003, 7.203297126000052 ], [ 79.831109236000032, 7.20325422600007 ], [ 79.831142808000038, 7.203175728000076 ], [ 79.831158291000065, 7.203144136000049 ], [ 79.831189969000036, 7.203091442000073 ], [ 79.831219776000069, 7.203053134000072 ], [ 79.831301480000036, 7.202964462000068 ], [ 79.831349872000033, 7.202916264000066 ], [ 79.831388119000053, 7.202881122000065 ], [ 79.831464553000046, 7.20282061100005 ], [ 79.831572355000048, 7.20274442300007 ], [ 79.831638723000083, 7.202694370000074 ], [ 79.831696633000035, 7.202644034000059 ], [ 79.831762124000079, 7.202578578000043 ], [ 79.831805806000034, 7.202531676000035 ], [ 79.831849070000032, 7.202482400000065 ], [ 79.831890677000047, 7.202432103000035 ], [ 79.831931080000061, 7.202380315000028 ], [ 79.83197180600007, 7.202324832000045 ], [ 79.832012747000078, 7.202265779000072 ], [ 79.832049156000039, 7.202210078000064 ], [ 79.832084203000079, 7.202152949000038 ], [ 79.83211964000003, 7.202090374000022 ], [ 79.832149469000058, 7.202032062000058 ], [ 79.832177260000037, 7.201971184000058 ], [ 79.832203633000063, 7.201905995000061 ], [ 79.832227964000083, 7.201837743000056 ], [ 79.832249741000055, 7.201767698000026 ], [ 79.832269968000048, 7.201691696000069 ], [ 79.832284595000033, 7.201625933000059 ], [ 79.832298791000085, 7.20153179700003 ], [ 79.832309593000048, 7.201396416000023 ], [ 79.832315020000067, 7.201278354000067 ], [ 79.832323851000069, 7.200960972000075 ], [ 79.832330324000054, 7.200846679000051 ], [ 79.832337775000042, 7.200772516000029 ], [ 79.83234746100004, 7.200709495000069 ], [ 79.832361409000043, 7.200638199000025 ], [ 79.832401954000034, 7.200463586000069 ], [ 79.832422317000066, 7.20036753100004 ], [ 79.832452682000053, 7.200177831000076 ], [ 79.832469778000075, 7.200101352000047 ], [ 79.832488543000068, 7.200038676000077 ], [ 79.832509361000064, 7.199993618000065 ], [ 79.832535008000036, 7.199951525000074 ], [ 79.83256526200006, 7.199912527000038 ], [ 79.832580396000083, 7.199896434000038 ], [ 79.832596301000081, 7.199882370000068 ], [ 79.832629398000051, 7.199859058000072 ], [ 79.83268251800007, 7.199827486000061 ], [ 79.832721056000082, 7.199801661000038 ], [ 79.832828501000051, 7.199716376000026 ], [ 79.832899461000068, 7.199665725000045 ], [ 79.832941681000079, 7.199638884000024 ], [ 79.832988239000031, 7.199611544000049 ], [ 79.833024795000085, 7.199591600000076 ], [ 79.833061531000055, 7.199573676000057 ], [ 79.833107820000066, 7.199554582000076 ], [ 79.833159352000052, 7.199537511000074 ], [ 79.833211872000049, 7.199523404000047 ], [ 79.833262844000046, 7.199513072000059 ], [ 79.833310689000029, 7.199506622000058 ], [ 79.833356213000059, 7.199503695000033 ], [ 79.833393089000083, 7.19950390200006 ], [ 79.833451224000044, 7.199507792000077 ], [ 79.833479341000043, 7.199510971000052 ], [ 79.833504840000046, 7.199515846000054 ], [ 79.833566565000069, 7.199541518000046 ], [ 79.833626740000057, 7.199559685000054 ], [ 79.833635680000043, 7.199562993000029 ], [ 79.83368041500006, 7.199579593000067 ], [ 79.83375587200004, 7.199599380000052 ], [ 79.833773965000034, 7.199606712000048 ], [ 79.833792687000084, 7.199616781000032 ], [ 79.833834996000064, 7.199647829000071 ], [ 79.833864797000047, 7.199664893000033 ], [ 79.83389730600004, 7.199676784000076 ], [ 79.833935077000035, 7.199685359000057 ], [ 79.833989247000034, 7.199693445000037 ], [ 79.834084340000061, 7.199703764000049 ], [ 79.834167881000042, 7.199716557000045 ], [ 79.834228284000062, 7.199722257000076 ], [ 79.834276162000037, 7.199721047000025 ], [ 79.834355407000032, 7.199713445000043 ], [ 79.834457848000056, 7.199713913000039 ], [ 79.834560933000034, 7.199707114000034 ], [ 79.834611859000063, 7.199705550000033 ], [ 79.834632452000051, 7.199705946000051 ], [ 79.834654760000035, 7.199708487000066 ], [ 79.83468399000003, 7.199717398000075 ], [ 79.834717597000065, 7.199733817000038 ], [ 79.834747969000034, 7.199753584000064 ], [ 79.834784417000037, 7.199783019000051 ], [ 79.834809821000079, 7.199806963000071 ], [ 79.834831559000065, 7.199832325000045 ], [ 79.834861988000057, 7.199873542000034 ], [ 79.834877721000055, 7.199901772000032 ], [ 79.834891600000049, 7.199937126000066 ], [ 79.834899826000083, 7.199969574000022 ], [ 79.834904419000054, 7.200006618000032 ], [ 79.834905093000032, 7.200048131000074 ], [ 79.83490142900007, 7.200101253000071 ], [ 79.834888009000053, 7.20021715200005 ], [ 79.834880930000054, 7.200308175000032 ], [ 79.834862614000031, 7.200466688000063 ], [ 79.834856523000042, 7.200537447000045 ], [ 79.83485283400006, 7.200639117000037 ], [ 79.834851091000075, 7.200861590000045 ], [ 79.834845564000034, 7.201035446000049 ], [ 79.834848538000074, 7.201117284000077 ], [ 79.834862785000041, 7.201270091000026 ], [ 79.834871380000038, 7.201393037000059 ], [ 79.834874565000064, 7.201482541000075 ], [ 79.834874545000048, 7.201534285000037 ], [ 79.83486990800003, 7.201589931000058 ], [ 79.834861282000077, 7.201642139000057 ], [ 79.834854384000039, 7.201669557000059 ], [ 79.834833866000054, 7.201730313000041 ], [ 79.834824125000068, 7.201765823000073 ], [ 79.834811529000035, 7.201821081000048 ], [ 79.834802870000033, 7.201872273000049 ], [ 79.834797531000049, 7.201923591000025 ], [ 79.834795228000075, 7.201975337000022 ], [ 79.834795892000045, 7.202023421000035 ], [ 79.834799796000084, 7.202081805000034 ], [ 79.834804649000034, 7.202120474000026 ], [ 79.834811373000036, 7.202155142000038 ], [ 79.834820222000076, 7.202187271000071 ], [ 79.834833103000051, 7.202224296000054 ], [ 79.834842175000063, 7.202245912000024 ], [ 79.834854006000057, 7.202268892000063 ], [ 79.834909076000031, 7.202357985000049 ], [ 79.834929770000031, 7.202397862000055 ], [ 79.834947440000064, 7.20244372600007 ], [ 79.834960529000057, 7.202482932000066 ], [ 79.834969556000033, 7.202517189000048 ], [ 79.834975160000056, 7.20254873600004 ], [ 79.834977773000048, 7.202579989000071 ], [ 79.834978251000052, 7.202607167000053 ], [ 79.834976556000072, 7.202628015000073 ], [ 79.834972248000042, 7.202649551000036 ], [ 79.834955922000063, 7.202700127000071 ], [ 79.834939560000066, 7.202739253000061 ], [ 79.834914015000038, 7.202794599000072 ], [ 79.834905015000061, 7.202829242000064 ], [ 79.834901765000041, 7.202854238000043 ], [ 79.834901248000051, 7.202877520000072 ], [ 79.834903386000065, 7.202898127000026 ], [ 79.834908535000068, 7.202920624000058 ], [ 79.834925062000082, 7.202967142000034 ], [ 79.834941181000033, 7.203001115000063 ], [ 79.834953104000078, 7.203018309000072 ], [ 79.834981545000062, 7.20305094400004 ], [ 79.835008303000052, 7.203084906000072 ], [ 79.835037552000074, 7.203126044000044 ], [ 79.835055327000077, 7.203157997000062 ], [ 79.835092484000029, 7.203235291000055 ], [ 79.835134094000068, 7.203308908000054 ], [ 79.83515471700008, 7.203353399000036 ], [ 79.835171894000041, 7.203397620000032 ], [ 79.835190083000043, 7.203455349000023 ], [ 79.835198336000076, 7.203492342000061 ], [ 79.835201124000037, 7.203528091000067 ], [ 79.835199489000047, 7.203566085000034 ], [ 79.835194324000042, 7.203599094000026 ], [ 79.835183873000062, 7.203635976000044 ], [ 79.835166068000035, 7.203688483000064 ], [ 79.835157073000062, 7.203709373000038 ], [ 79.835146542000075, 7.203724820000048 ], [ 79.835119388000066, 7.203752928000029 ], [ 79.835109468000041, 7.203765556000064 ], [ 79.835101547000079, 7.203782403000048 ], [ 79.835096300000032, 7.203803700000037 ], [ 79.835093736000033, 7.203826550000031 ], [ 79.835089571000083, 7.20389854900003 ], [ 79.835088776000077, 7.203953178000063 ], [ 79.835092732000078, 7.204007647000026 ], [ 79.835102843000072, 7.204066258000069 ], [ 79.835115260000066, 7.204117566000036 ], [ 79.835130951000053, 7.204167467000048 ], [ 79.835153609000031, 7.204227338000067 ], [ 79.835182210000085, 7.204294454000035 ], [ 79.835213321000083, 7.204358674000048 ], [ 79.835252332000039, 7.204432702000076 ], [ 79.835289713000066, 7.204497902000071 ], [ 79.835329406000085, 7.204561880000028 ], [ 79.835366337000039, 7.204606823000063 ], [ 79.835400920000041, 7.204653103000055 ], [ 79.835433158000058, 7.204700717000037 ], [ 79.835463046000029, 7.204749668000034 ], [ 79.835491163000029, 7.204801016000033 ], [ 79.835516665000057, 7.204853225000022 ], [ 79.835538984000038, 7.204905041000075 ], [ 79.835559112000055, 7.204958789000045 ], [ 79.835574873000041, 7.205005279000034 ], [ 79.835585696000066, 7.205043203000059 ], [ 79.835592917000042, 7.205076863000045 ], [ 79.835597742000061, 7.205112345000032 ], [ 79.835600308000039, 7.205149261000031 ], [ 79.835600698000064, 7.205188011000075 ], [ 79.835594337000032, 7.205305662000058 ], [ 79.835590087000071, 7.205333573000075 ], [ 79.83558294900007, 7.205356184000038 ], [ 79.835570603000065, 7.20537782100007 ], [ 79.835556317000055, 7.205395097000064 ], [ 79.835539800000049, 7.20540526700006 ], [ 79.835506078000037, 7.205420252000067 ], [ 79.835456552000039, 7.20543931900005 ], [ 79.835434295000084, 7.205450460000066 ], [ 79.835402643000066, 7.205474562000063 ], [ 79.835388389000059, 7.20548836200004 ], [ 79.835376463000046, 7.205502369000044 ], [ 79.835351538000054, 7.205540196000072 ], [ 79.835329113000057, 7.205579682000064 ], [ 79.83531700900005, 7.20560402600006 ], [ 79.835298347000048, 7.205652068000063 ], [ 79.835283225000069, 7.205706829000064 ], [ 79.835269823000033, 7.20577743900003 ], [ 79.835250376000033, 7.205918591000056 ], [ 79.835240743000043, 7.205976581000073 ], [ 79.835163332000036, 7.206312909000076 ], [ 79.835137676000045, 7.206431366000061 ], [ 79.835113397000043, 7.206561867000062 ], [ 79.835095030000048, 7.206689524000069 ], [ 79.835083960000077, 7.206787654000038 ], [ 79.835074624000072, 7.20689160400002 ], [ 79.835066874000063, 7.207002939000063 ], [ 79.835060437000038, 7.207125549000068 ], [ 79.835051426000064, 7.207379973000059 ], [ 79.835054717000048, 7.207550665000042 ], [ 79.835052967000081, 7.207619086000022 ], [ 79.835049659000049, 7.207649666000066 ], [ 79.835046129000034, 7.207700560000035 ], [ 79.835034067000038, 7.207742401000075 ], [ 79.835016057000075, 7.207763298000032 ], [ 79.834986051000044, 7.207793140000035 ], [ 79.834947094000086, 7.207808012000044 ], [ 79.834911162000083, 7.20780793800003 ], [ 79.83489792000006, 7.207805875000076 ], [ 79.834872247000078, 7.207801878000055 ], [ 79.83484831100003, 7.207792858000062 ], [ 79.834818409000036, 7.207771862000072 ], [ 79.834806470000046, 7.207753896000042 ], [ 79.834782612000083, 7.207706 ], [ 79.834770789000061, 7.207631216000038 ], [ 79.834761929000081, 7.207571389000066 ], [ 79.834756082000069, 7.20750259600004 ], [ 79.834741281000049, 7.207418834000066 ] ], [ [ 79.836748216000046, 7.202968490000046 ], [ 79.836763972000085, 7.202977401000055 ], [ 79.836779696000065, 7.202986362000047 ], [ 79.836815628000068, 7.203006518000052 ], [ 79.837216001000058, 7.203210562000038 ], [ 79.83743725100004, 7.203372497000032 ], [ 79.83759860300006, 7.203540290000035 ], [ 79.837664223000047, 7.20366602200005 ], [ 79.837675930000046, 7.20379762500005 ], [ 79.837663475000056, 7.204030853000063 ], [ 79.837632993000057, 7.204293950000022 ], [ 79.837566665000054, 7.204515106000031 ], [ 79.837560198000062, 7.204748345000041 ], [ 79.837541644000055, 7.205035389000045 ], [ 79.83747526500008, 7.205280469000058 ], [ 79.837420963000056, 7.205477726000026 ], [ 79.837378662000049, 7.20566304700003 ], [ 79.837366305000046, 7.205848428000024 ], [ 79.837401858000078, 7.206033908000052 ], [ 79.837485272000038, 7.206243408000034 ], [ 79.837517982000065, 7.206457638000074 ], [ 79.837518727000031, 7.206467996000072 ], [ 79.837519030000067, 7.206475687000022 ], [ 79.83751970000003, 7.206493757000032 ], [ 79.837520329000085, 7.206511830000068 ], [ 79.837520871000038, 7.20652840200006 ], [ 79.837520876000042, 7.206529904000035 ], [ 79.837520905000076, 7.206547987000022 ], [ 79.837520890000064, 7.206566070000065 ], [ 79.837520847000064, 7.206584472000031 ], [ 79.837520435000044, 7.206602233000069 ], [ 79.837519985000085, 7.206620311000052 ], [ 79.837519559000043, 7.206638393000048 ], [ 79.837519498000063, 7.206640791000041 ], [ 79.837518946000046, 7.206656461000023 ], [ 79.837518554000042, 7.206664655000054 ], [ 79.837517042000059, 7.206674404000069 ], [ 79.837514516000056, 7.206688329000031 ], [ 79.83751326600003, 7.206692046000057 ], [ 79.837507138000035, 7.206709058000058 ], [ 79.837500843000043, 7.206726007000043 ], [ 79.837500083000066, 7.206728001000045 ], [ 79.837493180000081, 7.206742373000054 ], [ 79.837485204000075, 7.20675860700004 ], [ 79.837481806000085, 7.206765394000058 ], [ 79.837476577000075, 7.206774488000065 ], [ 79.837467503000084, 7.206790137000041 ], [ 79.837458398000081, 7.206805768000038 ], [ 79.837449276000029, 7.206821391000062 ], [ 79.837439904000064, 7.206837451000069 ], [ 79.837430906000066, 7.206852558000037 ], [ 79.837421635000055, 7.206868093000026 ], [ 79.83741234200005, 7.206883613000059 ], [ 79.837410768000041, 7.206886236000059 ], [ 79.837402790000056, 7.206898973000023 ], [ 79.837393171000031, 7.206914294000057 ], [ 79.83738349500004, 7.206929578000029 ], [ 79.837380593000034, 7.206934084000068 ], [ 79.837373048000075, 7.20694433500006 ], [ 79.837362209000048, 7.206958820000068 ], [ 79.837353381000071, 7.206970666000075 ], [ 79.837351454000043, 7.206973368000035 ], [ 79.837340977000053, 7.206988112000033 ], [ 79.837330574000077, 7.207002913000053 ], [ 79.837327236000078, 7.207007778000047 ], [ 79.837321059000033, 7.207018275000053 ], [ 79.83731193400007, 7.207033895000052 ], [ 79.837302838000085, 7.207049532000042 ], [ 79.83729376000008, 7.207065177000061 ], [ 79.837284685000043, 7.207080827000027 ], [ 79.837275613000031, 7.20709647700005 ], [ 79.837267616000076, 7.207110270000044 ], [ 79.837266549000049, 7.20711213200002 ], [ 79.837257553000029, 7.207127826000033 ], [ 79.837248558000056, 7.207143520000045 ], [ 79.837239562000036, 7.207159215000047 ], [ 79.837230566000073, 7.20717490800007 ], [ 79.837221572000033, 7.207190603000072 ], [ 79.837212577000059, 7.207206299000063 ], [ 79.83720865500004, 7.207213143000047 ], [ 79.837203621000072, 7.20722201600006 ], [ 79.837196840000047, 7.207234004000043 ], [ 79.837194708000084, 7.207237758000076 ], [ 79.837185770000076, 7.207253485000024 ], [ 79.837185011000031, 7.207254767000052 ], [ 79.837175278000075, 7.207268695000039 ], [ 79.837163529000065, 7.207281386000034 ], [ 79.837149692000082, 7.207293677000052 ], [ 79.837137389000077, 7.207304498000042 ], [ 79.837136068000063, 7.20730558200006 ], [ 79.83712203500005, 7.207317010000054 ], [ 79.837118145000034, 7.207320074000052 ], [ 79.837107130000049, 7.207327240000041 ], [ 79.83709755700005, 7.207333214000073 ], [ 79.837091410000085, 7.207336140000052 ], [ 79.837082512000052, 7.207340024000075 ], [ 79.837074451000035, 7.207342366000034 ], [ 79.837068034000083, 7.20734397800004 ], [ 79.837056640000071, 7.207345468000028 ], [ 79.83705337400005, 7.207345822000036 ], [ 79.837038573000029, 7.207346526000038 ], [ 79.83702048400005, 7.207347338000034 ], [ 79.837001852000071, 7.207348141000068 ], [ 79.836984292000068, 7.207348570000022 ], [ 79.836966190000055, 7.20734897400007 ], [ 79.836948667000058, 7.207349323000074 ], [ 79.836929979000047, 7.207349278000038 ], [ 79.83691187200003, 7.207349170000043 ], [ 79.836910045000081, 7.207349152000063 ], [ 79.836893786000076, 7.207348402000036 ], [ 79.836875702000043, 7.207347465000055 ], [ 79.836870770000075, 7.207347095000046 ], [ 79.836857918000078, 7.207344267000053 ], [ 79.83685504400006, 7.207343457000036 ], [ 79.836841757000059, 7.207336262000069 ], [ 79.836840371000051, 7.207335434000072 ], [ 79.836827793000054, 7.207324804000052 ], [ 79.836819966000064, 7.207317923000062 ], [ 79.836814777000029, 7.207312288000026 ], [ 79.836802532000036, 7.207298538000032 ], [ 79.836791189000053, 7.207284859000026 ], [ 79.83678618600004, 7.207278620000068 ], [ 79.836780778000048, 7.207270117000064 ], [ 79.836772924000059, 7.207257077000065 ], [ 79.83677182100007, 7.207254441000032 ], [ 79.836765150000076, 7.207237636000059 ], [ 79.836758701000065, 7.207220740000025 ], [ 79.836755069000048, 7.207211124000025 ], [ 79.836752842000067, 7.207203653000022 ], [ 79.836747795000065, 7.20718628700007 ], [ 79.836742841000046, 7.207168896000042 ], [ 79.836741484000072, 7.207164082000077 ], [ 79.836738387000082, 7.207151373000045 ], [ 79.836734142000068, 7.207133794000072 ], [ 79.836729916000081, 7.207116209000048 ], [ 79.836725694000052, 7.207098623000036 ], [ 79.83672146300006, 7.207081042000027 ], [ 79.836720653000043, 7.207077690000062 ], [ 79.836717137000051, 7.207063481000034 ], [ 79.836712796000029, 7.207045925000045 ], [ 79.836708447000035, 7.207028369000057 ], [ 79.836704086000054, 7.207010818000072 ], [ 79.836699708000083, 7.206993272000034 ], [ 79.836699280000062, 7.206991566000056 ], [ 79.836695043000077, 7.20697579800003 ], [ 79.836690332000046, 7.206958338000049 ], [ 79.83668560600006, 7.206940881000037 ], [ 79.83668087500007, 7.20692342500007 ], [ 79.836675986000046, 7.206905389000042 ], [ 79.836671350000074, 7.206888531000061 ], [ 79.836666553000043, 7.206871094000064 ], [ 79.836661750000076, 7.206853658000057 ], [ 79.836656936000054, 7.206836225000075 ], [ 79.836652015000084, 7.206818467000062 ], [ 79.836646930000029, 7.206801467000048 ], [ 79.836641710000038, 7.206784152000068 ], [ 79.836636489000057, 7.206766837000032 ], [ 79.836634472000071, 7.206760144000043 ], [ 79.83663133500005, 7.206749501000047 ], [ 79.836626228000057, 7.206732152000029 ], [ 79.836621148000063, 7.206714795000039 ], [ 79.836617495000041, 7.206702055000051 ], [ 79.836616420000041, 7.206697348000034 ], [ 79.836612480000042, 7.206679700000052 ], [ 79.83660860100008, 7.206662036000068 ], [ 79.836604765000061, 7.206644364000056 ], [ 79.83660304700004, 7.206636384000035 ], [ 79.83660128300005, 7.206626624000023 ], [ 79.836598115000072, 7.206608820000042 ], [ 79.836594980000029, 7.206591010000068 ], [ 79.836591861000045, 7.206573196000022 ], [ 79.836591322000061, 7.206570083000031 ], [ 79.83658904300006, 7.206555334000029 ], [ 79.836586321000084, 7.206537455000046 ], [ 79.836584257000084, 7.206523956000069 ], [ 79.836583567000048, 7.206519582000055 ], [ 79.836580749000063, 7.206501720000063 ], [ 79.83657789800003, 7.206483861000038 ], [ 79.836576920000084, 7.206477919000065 ], [ 79.836574529000075, 7.206466097000032 ], [ 79.836570875000064, 7.206448387000023 ], [ 79.836567516000059, 7.206432327000073 ], [ 79.83656712700008, 7.20643069700003 ], [ 79.836562887000071, 7.206413117000068 ], [ 79.836558591000085, 7.206395549000035 ], [ 79.836556463000079, 7.206387007000046 ], [ 79.836553894000076, 7.206378090000044 ], [ 79.836548822000054, 7.206360730000029 ], [ 79.836543732000052, 7.206343376000063 ], [ 79.836538594000046, 7.206325880000065 ], [ 79.836533558000042, 7.206308665000051 ], [ 79.836528474000033, 7.206291309000051 ], [ 79.836523432000035, 7.206273942000053 ], [ 79.836520789000076, 7.20626468200004 ], [ 79.83651881000003, 7.206256464000035 ], [ 79.836514616000045, 7.206238875000054 ], [ 79.836510455000052, 7.206221275000075 ], [ 79.836506330000077, 7.206203667000068 ], [ 79.83650224400003, 7.206186052000021 ], [ 79.836501397000063, 7.206182363000039 ], [ 79.836498751000079, 7.206168314000024 ], [ 79.836495444000036, 7.206150535000063 ], [ 79.836492175000046, 7.206132749000062 ], [ 79.83648893600008, 7.206114957000068 ], [ 79.836486083000068, 7.206099147000032 ], [ 79.836485788000061, 7.206097152000041 ], [ 79.836483170000065, 7.206079259000035 ], [ 79.836480583000082, 7.206061361000025 ], [ 79.836478023000041, 7.206043459000057 ], [ 79.836475480000047, 7.206025555000053 ], [ 79.836473764000061, 7.206013404000032 ], [ 79.836473063000085, 7.206007635000049 ], [ 79.836470898000073, 7.205989681000062 ], [ 79.836468751000041, 7.20597172500004 ], [ 79.836466621000056, 7.20595376700004 ], [ 79.836464510000042, 7.205935808000049 ], [ 79.83646353000006, 7.205927394000071 ], [ 79.836462573000063, 7.205917829000043 ], [ 79.836460792000082, 7.205899833000046 ], [ 79.836459022000042, 7.20588183600006 ], [ 79.836457260000032, 7.205863838000027 ], [ 79.836455500000056, 7.205845839000062 ], [ 79.836453740000081, 7.20582784000004 ], [ 79.836451975000045, 7.205809843000054 ], [ 79.836451466000085, 7.205804671000067 ], [ 79.836450181000032, 7.205791849000036 ], [ 79.836448377000067, 7.205773856000064 ], [ 79.836446575000082, 7.205755861000057 ], [ 79.836444769000082, 7.205737867000039 ], [ 79.836442961000046, 7.205719874000067 ], [ 79.836441146000084, 7.205701882000028 ], [ 79.836439322000047, 7.205683890000046 ], [ 79.836439132000066, 7.20568203800002 ], [ 79.836437303000082, 7.205665919000069 ], [ 79.836435244000029, 7.205647953000039 ], [ 79.836433179000039, 7.205629987000066 ], [ 79.836431111000081, 7.205612022000025 ], [ 79.83642934900007, 7.205596663000051 ], [ 79.836429054000064, 7.205594055000063 ], [ 79.836427025000035, 7.205576085000075 ], [ 79.836424992000047, 7.20555811600002 ], [ 79.836422968000079, 7.205540146000033 ], [ 79.836420955000051, 7.205522174000066 ], [ 79.836419748000083, 7.205511287000036 ], [ 79.836419061000072, 7.205504190000056 ], [ 79.836417340000082, 7.205486187000076 ], [ 79.836415634000048, 7.20546818400004 ], [ 79.836413939000067, 7.205450180000071 ], [ 79.836412246000066, 7.205432176000045 ], [ 79.83641177100003, 7.205427089000068 ], [ 79.836410646000047, 7.205414162000068 ], [ 79.836409085000071, 7.205396146000055 ], [ 79.836407531000077, 7.205378129000053 ], [ 79.836405986000045, 7.205360111000061 ], [ 79.836404489000074, 7.205342494000035 ], [ 79.836403132000044, 7.205324057000041 ], [ 79.836401822000084, 7.205306021000069 ], [ 79.836400518000062, 7.205287984000051 ], [ 79.83640002900006, 7.205281219000028 ], [ 79.836399226000083, 7.205269947000033 ], [ 79.836397952000084, 7.205251908000037 ], [ 79.836396668000077, 7.20523386900004 ], [ 79.836395624000033, 7.205219546000023 ], [ 79.83639527400004, 7.205215840000051 ], [ 79.83639355400004, 7.205197840000039 ], [ 79.836391781000032, 7.205179844000043 ], [ 79.836390650000055, 7.205168902000025 ], [ 79.836389569000062, 7.205161906000058 ], [ 79.836386732000051, 7.205144047000033 ], [ 79.836383805000082, 7.205126202000031 ], [ 79.836382516000072, 7.205118613000025 ], [ 79.836380318000067, 7.205108467000059 ], [ 79.836376458000075, 7.205090799000061 ], [ 79.836372579000056, 7.205073136000067 ], [ 79.836368684000036, 7.205055476000041 ], [ 79.836364779000064, 7.205037817000061 ], [ 79.836360866000064, 7.20502016100005 ], [ 79.836356948000059, 7.205002507000074 ], [ 79.836354268000036, 7.204990429000077 ], [ 79.836352966000049, 7.204984866000075 ], [ 79.836348839000038, 7.204967257000021 ], [ 79.836344700000041, 7.204949652000039 ], [ 79.836340558000074, 7.204932048000046 ], [ 79.836336408000079, 7.204914445000043 ], [ 79.836332256000048, 7.204896844000075 ], [ 79.836328103000085, 7.20487924300005 ], [ 79.836324073000071, 7.204862169000023 ], [ 79.836319736000064, 7.204844053000045 ], [ 79.836315522000064, 7.204826466000043 ], [ 79.836311306000084, 7.20480888000003 ], [ 79.83630708700008, 7.204791293000028 ], [ 79.836302868000075, 7.204773707000072 ], [ 79.836298649000071, 7.204756122000049 ], [ 79.836294428000031, 7.204738536000036 ], [ 79.836293049000062, 7.204732791000026 ], [ 79.836290189000067, 7.204720955000028 ], [ 79.83628593800006, 7.204703376000055 ], [ 79.836281687000053, 7.20468579900006 ], [ 79.836277435000056, 7.20466822000003 ], [ 79.83627318200007, 7.204650641000057 ], [ 79.836268929000084, 7.204633063000074 ], [ 79.836264675000052, 7.204615486000023 ], [ 79.836261627000056, 7.204602884000053 ], [ 79.836260421000077, 7.204597908000039 ], [ 79.83625617000007, 7.204580330000056 ], [ 79.836251914000059, 7.204562753000062 ], [ 79.836247979000063, 7.204546616000073 ], [ 79.83624760400005, 7.204545190000033 ], [ 79.836242995000077, 7.204527703000053 ], [ 79.836238362000074, 7.204510221000021 ], [ 79.836233654000068, 7.204492763000076 ], [ 79.836233063000066, 7.204490618000023 ], [ 79.836228080000069, 7.204475563000074 ], [ 79.836222346000056, 7.204458410000029 ], [ 79.836216573000058, 7.204441271000064 ], [ 79.836210772000072, 7.20442414200005 ], [ 79.836208856000042, 7.204418504000046 ], [ 79.836204638000083, 7.204407131000039 ], [ 79.836198317000083, 7.204390184000033 ], [ 79.836191971000062, 7.204373247000035 ], [ 79.836185605000082, 7.204356318000066 ], [ 79.836182197000085, 7.204347292000023 ], [ 79.836179030000039, 7.204339471000026 ], [ 79.836172168000076, 7.204322737000041 ], [ 79.836166177000052, 7.204308011000023 ], [ 79.836165424000058, 7.204305957000031 ], [ 79.836159260000045, 7.204288956000028 ], [ 79.836153207000052, 7.20427191400006 ], [ 79.836151880000045, 7.204268013000046 ], [ 79.836148705000085, 7.20425442800007 ], [ 79.836144782000076, 7.204236775000027 ], [ 79.836142984000048, 7.204228486000034 ], [ 79.836141444000077, 7.204219014000046 ], [ 79.836138640000058, 7.204201149000028 ], [ 79.836136725000074, 7.204188599000076 ], [ 79.836136067000041, 7.204183253000053 ], [ 79.836133903000075, 7.204165298000021 ], [ 79.836131761000047, 7.204147341000066 ], [ 79.836129627000048, 7.204129383000065 ], [ 79.836127483000041, 7.204111427000043 ], [ 79.836127103000081, 7.204108288000043 ], [ 79.836125185000071, 7.204093491000037 ], [ 79.836124980000079, 7.204091917000028 ], [ 79.836122918000058, 7.204075548000048 ], [ 79.836116703000073, 7.204042969000056 ], [ 79.836113312000066, 7.20402520600004 ], [ 79.836109918000034, 7.204007442000034 ], [ 79.836106526000037, 7.203989678000028 ], [ 79.83610313500003, 7.203971915000068 ], [ 79.836099747000048, 7.203954151000062 ], [ 79.836096362000035, 7.203936385000077 ], [ 79.836092982000082, 7.203918619000035 ], [ 79.836089607000076, 7.203900852000061 ], [ 79.83608717900006, 7.203888035000034 ], [ 79.836086303000059, 7.203883074000032 ], [ 79.836083194000082, 7.203865258000064 ], [ 79.836080111000058, 7.203847439000072 ], [ 79.836077034000084, 7.203829619000032 ], [ 79.836073944000077, 7.203811801000029 ], [ 79.836070824000046, 7.20379398700004 ], [ 79.836068648000037, 7.203781757000058 ], [ 79.83606747500005, 7.203776219000076 ], [ 79.836063669000055, 7.20375854100007 ], [ 79.836059821000049, 7.203740870000047 ], [ 79.836055958000031, 7.203723204000028 ], [ 79.836052098000039, 7.20370553500004 ], [ 79.836048266000034, 7.203687862000038 ], [ 79.836044519000041, 7.203670356000032 ], [ 79.836041341000055, 7.203652371000032 ], [ 79.836038226000085, 7.203634556000054 ], [ 79.836035134000042, 7.203616738000051 ], [ 79.836032058000058, 7.203598917000022 ], [ 79.836028985000041, 7.20358109700004 ], [ 79.836025907000078, 7.203563275000022 ], [ 79.836024123000072, 7.203552995000052 ], [ 79.836022824000054, 7.203545456000029 ], [ 79.836019739000051, 7.203527637000036 ], [ 79.836016645000029, 7.203509820000022 ], [ 79.836013548000039, 7.203492003000065 ], [ 79.836010446000046, 7.20347418700004 ], [ 79.836007344000052, 7.203456371000073 ], [ 79.836004152000044, 7.203438571000049 ], [ 79.836000978000072, 7.203420767000068 ], [ 79.835997809000048, 7.20340296300003 ], [ 79.835994744000061, 7.203385140000023 ], [ 79.83599169200005, 7.203367315000037 ], [ 79.835988756000063, 7.203349470000035 ], [ 79.835985830000084, 7.203331625000033 ], [ 79.835982817000058, 7.203313795000042 ], [ 79.835980824000046, 7.203301903000067 ], [ 79.83598025100008, 7.203295917000048 ], [ 79.83597281200008, 7.203205365000031 ], [ 79.835979382000062, 7.203115938000053 ], [ 79.835979949000034, 7.203112918000045 ], [ 79.836013835000074, 7.203053045000047 ], [ 79.836014638000051, 7.203051921000053 ], [ 79.836053855000046, 7.203016673000036 ], [ 79.836057602000039, 7.203013619000046 ], [ 79.836112763000074, 7.202982373000054 ], [ 79.836116536000077, 7.202980914000022 ], [ 79.836167501000034, 7.202962197000033 ], [ 79.83618025700008, 7.202957635000075 ], [ 79.836184611000078, 7.202956322000034 ], [ 79.836201957000071, 7.202951135000035 ], [ 79.836219315000051, 7.202945990000046 ], [ 79.836236682000049, 7.20294087000002 ], [ 79.836254049000047, 7.202935756000045 ], [ 79.836271413000077, 7.202930631000072 ], [ 79.836288770000067, 7.202925476000075 ], [ 79.836292952000065, 7.202924222000036 ], [ 79.83630604800004, 7.202920068000026 ], [ 79.836323289000063, 7.202914541000041 ], [ 79.836340517000053, 7.202908986000068 ], [ 79.836445289000039, 7.202875652000046 ], [ 79.836454489000062, 7.202873010000076 ], [ 79.836516972000084, 7.202869921000058 ], [ 79.836518322000074, 7.202869904000067 ], [ 79.836587593000047, 7.202886024000065 ], [ 79.836653513000044, 7.202915355000073 ], [ 79.83665575100008, 7.202916386000027 ], [ 79.836669416000063, 7.202923970000029 ], [ 79.836685189000036, 7.20293285300005 ], [ 79.836700945000075, 7.202941763000069 ], [ 79.836716699000078, 7.202950677000047 ], [ 79.836722598000051, 7.202954016000035 ], [ 79.836732457000039, 7.202959586000077 ], [ 79.836748216000046, 7.202968490000046 ] ] ], [ [ [ 79.87460791500007, 6.795085125000071 ], [ 79.874628640000083, 6.795039959000064 ], [ 79.874652767000043, 6.794994251000048 ], [ 79.87468020700004, 6.794948175000059 ], [ 79.87470875300005, 6.794904941000027 ], [ 79.874739939000051, 6.794861788000048 ], [ 79.874828401000059, 6.794751662000067 ], [ 79.874860198000079, 6.79471718700006 ], [ 79.874890060000041, 6.794689671000071 ], [ 79.874919472000045, 6.794667752000066 ], [ 79.874949007000055, 6.794651029000022 ], [ 79.874981207000076, 6.794637826000042 ], [ 79.875019679000047, 6.79462627700002 ], [ 79.87507247700006, 6.794614294000041 ], [ 79.875141771000074, 6.794601057000023 ], [ 79.875174911000045, 6.794597914000065 ], [ 79.875209742000038, 6.794597103000058 ], [ 79.875246592000053, 6.794598612000073 ], [ 79.875286086000074, 6.794602467000061 ], [ 79.875364613000045, 6.794615144000034 ], [ 79.875516081000058, 6.794647183000052 ], [ 79.87557791100005, 6.794658653000056 ], [ 79.875641795000035, 6.79466687200005 ], [ 79.875698585000066, 6.794669469000041 ], [ 79.875735316000032, 6.794668032000061 ], [ 79.87577017600006, 6.794663910000054 ], [ 79.875858758000049, 6.794643708000024 ], [ 79.875895632000038, 6.794633471000054 ], [ 79.875926166000056, 6.794623032000061 ], [ 79.875952791000032, 6.79461155100006 ], [ 79.875976010000045, 6.794598787000041 ], [ 79.876006219000033, 6.794576452000058 ], [ 79.876037235000069, 6.794546435000029 ], [ 79.876150003000078, 6.79441205300003 ], [ 79.876179235000052, 6.794373781000047 ], [ 79.876209829000061, 6.79433010300005 ], [ 79.876326430000063, 6.794148015000076 ], [ 79.876379852000071, 6.794071535000057 ], [ 79.876408993000041, 6.794034617000023 ], [ 79.87643801400003, 6.794001546000061 ], [ 79.876475920000075, 6.793962670000042 ], [ 79.876517964000072, 6.79392290800007 ], [ 79.876569065000069, 6.793877998000028 ], [ 79.876628764000031, 6.79382870400002 ], [ 79.876843429000076, 6.793660776000024 ], [ 79.876947801000085, 6.793585431000054 ], [ 79.877162380000073, 6.793438115000072 ], [ 79.877252414000054, 6.793374431000075 ], [ 79.877530527000033, 6.79316594200003 ], [ 79.877626123000084, 6.793092656000056 ], [ 79.877718536000032, 6.79301808300005 ], [ 79.877798356000085, 6.792948792000061 ], [ 79.87786929400005, 6.792881555000065 ], [ 79.877932595000061, 6.792815160000032 ], [ 79.877960337000047, 6.792783145000044 ], [ 79.877986221000072, 6.792749721000064 ], [ 79.878011995000065, 6.792712658000028 ], [ 79.878037790000064, 6.792671705000032 ], [ 79.878085328000054, 6.792586839000023 ], [ 79.878171129000066, 6.792418103000045 ], [ 79.878207614000075, 6.792349950000073 ], [ 79.878248413000051, 6.79228157600005 ], [ 79.878288645000055, 6.792223567000065 ], [ 79.878312326000071, 6.792193746000066 ], [ 79.878336567000076, 6.792166320000035 ], [ 79.878361623000046, 6.792141022000067 ], [ 79.878387089000057, 6.792118256000037 ], [ 79.878422519000083, 6.792093003000048 ], [ 79.878510275000053, 6.792040012000029 ], [ 79.878539019000073, 6.792018197000061 ], [ 79.878568924000035, 6.79198641000005 ], [ 79.878588056000069, 6.791955975000064 ], [ 79.878600705000053, 6.791929678000031 ], [ 79.878639447000069, 6.791833220000058 ], [ 79.878663679000056, 6.791762597000059 ], [ 79.878685039000061, 6.791684581000027 ], [ 79.878700561000073, 6.791607433000024 ], [ 79.878705556000057, 6.791562168000041 ], [ 79.878707059000078, 6.791511439000033 ], [ 79.878705607000029, 6.791459412000052 ], [ 79.878697884000076, 6.791318381000053 ], [ 79.878697570000043, 6.791276113000038 ], [ 79.878699244000074, 6.791238476000046 ], [ 79.878705291000074, 6.791185024000072 ], [ 79.87871498700008, 6.791129248000061 ], [ 79.878728174000059, 6.791072088000021 ], [ 79.878745022000032, 6.791012710000075 ], [ 79.878771038000082, 6.790935628000057 ], [ 79.878803924000067, 6.790851026000041 ], [ 79.878840572000058, 6.790765126000053 ], [ 79.878944707000073, 6.790530962000048 ], [ 79.878974274000029, 6.790459254000041 ], [ 79.878998770000067, 6.790394416000026 ], [ 79.879016561000071, 6.790342121000037 ], [ 79.879030119000049, 6.790296857000044 ], [ 79.879040274000033, 6.79025361500004 ], [ 79.879067110000051, 6.790120996000041 ], [ 79.879078489000051, 6.790080308000029 ], [ 79.879091457000072, 6.790045449000047 ], [ 79.879107753000085, 6.79001332100006 ], [ 79.879131356000073, 6.789976825000053 ], [ 79.879151066000077, 6.789950875000045 ], [ 79.879192871000043, 6.78990407200007 ], [ 79.879238833000045, 6.78986221200006 ], [ 79.879264750000061, 6.789842266000051 ], [ 79.879291025000043, 6.789824518000046 ], [ 79.879314908000083, 6.789810621000072 ], [ 79.879341038000064, 6.789797916000055 ], [ 79.879402518000063, 6.789774701000056 ], [ 79.879497929000081, 6.789746834000027 ], [ 79.879580425000086, 6.789726637000058 ], [ 79.87966367100006, 6.789711701000044 ], [ 79.879746526000076, 6.789702237000029 ], [ 79.87982758000004, 6.78969840000002 ], [ 79.879889668000033, 6.789699791000032 ], [ 79.87995759000006, 6.789705201000061 ], [ 79.880033627000046, 6.789714747000062 ], [ 79.880129328000066, 6.789729861000069 ], [ 79.880210672000032, 6.789748064000037 ], [ 79.880404077000037, 6.789801217000047 ], [ 79.880453533000036, 6.789811832000055 ], [ 79.880510393000066, 6.789821090000032 ], [ 79.880588527000043, 6.78983134300006 ], [ 79.880667097000071, 6.789838986000063 ], [ 79.880980666000085, 6.789865442000064 ], [ 79.88098565100006, 6.789837151000029 ], [ 79.880991198000061, 6.789805673000046 ], [ 79.88092543700003, 6.789803472000074 ], [ 79.88086086900006, 6.789797020000037 ], [ 79.880797493000046, 6.789786319000029 ], [ 79.880735308000055, 6.789771368000061 ], [ 79.880675849000056, 6.789752527000076 ], [ 79.880615850000083, 6.789728852000053 ], [ 79.880556048000074, 6.789700635000031 ], [ 79.880497366000043, 6.789668308000046 ], [ 79.880447396000079, 6.789636048000034 ], [ 79.880393187000038, 6.789595038000073 ], [ 79.880280428000049, 6.78949970900004 ], [ 79.880204591000052, 6.789433189000022 ], [ 79.880142613000032, 6.789375622000023 ], [ 79.88008818000003, 6.789321328000028 ], [ 79.880039576000058, 6.789268592000042 ], [ 79.879996152000047, 6.789216693000071 ], [ 79.879952175000085, 6.789158196000074 ], [ 79.879911947000039, 6.789100099000052 ], [ 79.879879176000031, 6.789047658000072 ], [ 79.879851698000039, 6.788997670000072 ], [ 79.879829133000044, 6.78894968700007 ], [ 79.879807005000032, 6.788895084000046 ], [ 79.879783502000066, 6.788829282000052 ], [ 79.879755875000058, 6.788744825000038 ], [ 79.879734247000044, 6.78866983000006 ], [ 79.879715314000066, 6.788593872000035 ], [ 79.879699140000071, 6.788517211000055 ], [ 79.879685782000081, 6.788440110000067 ], [ 79.879674282000053, 6.788352556000063 ], [ 79.879661317000057, 6.788222004000033 ], [ 79.879654230000085, 6.788170315000059 ], [ 79.879637046000084, 6.788144446000047 ], [ 79.879612662000056, 6.788128610000058 ], [ 79.879582542000037, 6.788108459000057 ], [ 79.879559603000075, 6.788088320000043 ], [ 79.879545287000042, 6.788063892000025 ], [ 79.879541030000041, 6.788036610000063 ], [ 79.879542532000073, 6.788000726000064 ], [ 79.879557546000058, 6.787969864000047 ], [ 79.87956562200003, 6.78793904500003 ], [ 79.87958289900007, 6.787914674000035 ], [ 79.879622421000079, 6.787898239000071 ], [ 79.879695219000041, 6.787904195000067 ], [ 79.879760642000065, 6.787910924000073 ], [ 79.879861522000056, 6.787920134000046 ], [ 79.87998770400003, 6.787917702000072 ], [ 79.880054266000059, 6.787901880000049 ], [ 79.880092176000062, 6.787885991000053 ], [ 79.880147815000043, 6.787855161000039 ], [ 79.880314193000061, 6.787744073000056 ], [ 79.880372489000081, 6.787701057000049 ], [ 79.88043113100008, 6.787654380000049 ], [ 79.880496152000035, 6.787598741000068 ], [ 79.880562498000074, 6.787537947000033 ], [ 79.880630894000035, 6.78747134300005 ], [ 79.880702822000046, 6.787397483000063 ], [ 79.880814612000052, 6.787276590000033 ], [ 79.880969203000063, 6.787102653000034 ], [ 79.881021210000085, 6.787038058000064 ], [ 79.881070591000082, 6.786966970000037 ], [ 79.881167203000075, 6.786811489000058 ], [ 79.881209071000058, 6.78673873300005 ], [ 79.881253480000055, 6.786657698000056 ], [ 79.881373196000084, 6.786425957000063 ], [ 79.881421350000039, 6.786326694000024 ], [ 79.881464315000073, 6.786233197000058 ], [ 79.881516812000029, 6.786110218000033 ], [ 79.881568592000065, 6.785978339000053 ], [ 79.881621089000078, 6.785833749000062 ], [ 79.881673127000056, 6.785679766000044 ], [ 79.881702023000059, 6.785583299000052 ], [ 79.881730556000036, 6.785476023000058 ], [ 79.881758742000045, 6.785359014000051 ], [ 79.881836529000054, 6.785019008000063 ], [ 79.881863458000055, 6.784913070000073 ], [ 79.881890073000079, 6.784818818000076 ], [ 79.881966644000045, 6.784571104000065 ], [ 79.882019685000046, 6.784412187000044 ], [ 79.882062874000042, 6.784295893000035 ], [ 79.882154677000074, 6.78406827200007 ], [ 79.882178529000043, 6.784015985000053 ], [ 79.882202290000066, 6.78397263200003 ], [ 79.882227932000035, 6.783934844000044 ], [ 79.882253983000055, 6.783904781000047 ], [ 79.882279523000079, 6.783880982000028 ], [ 79.882310314000051, 6.783856443000047 ], [ 79.88242166100008, 6.783779741000046 ], [ 79.882462496000073, 6.783749020000073 ], [ 79.88248464600008, 6.783729918000063 ], [ 79.882527810000056, 6.783689017000029 ], [ 79.882560708000085, 6.783652063000034 ], [ 79.88257727000007, 6.783625617000041 ], [ 79.882599853000045, 6.783575911000071 ], [ 79.882616478000045, 6.783529008000073 ], [ 79.882629672000064, 6.783477348000076 ], [ 79.882636425000044, 6.783441046000064 ], [ 79.882641164000063, 6.783405640000069 ], [ 79.882643838000035, 6.783371505000048 ], [ 79.882644434000042, 6.783338832000027 ], [ 79.88264022900006, 6.783286501000021 ], [ 79.882624964000058, 6.783188997000025 ], [ 79.882612710000046, 6.783134622000034 ], [ 79.882595432000073, 6.783074664000026 ], [ 79.882529426000076, 6.782884459000059 ], [ 79.882508210000083, 6.782817695000062 ], [ 79.882491894000054, 6.78275446300006 ], [ 79.882481432000077, 6.78269642500004 ], [ 79.882477729000072, 6.782659021000029 ], [ 79.88247687900008, 6.782617457000072 ], [ 79.882483719000049, 6.782482329000061 ], [ 79.882484465000061, 6.782435590000034 ], [ 79.88248199800006, 6.782392469000058 ], [ 79.882475949000082, 6.782354086000055 ], [ 79.882451091000064, 6.782264694000048 ], [ 79.882439804000057, 6.782235782000043 ], [ 79.882427265000047, 6.782211668000059 ], [ 79.882408179000038, 6.782185253000023 ], [ 79.882384232000049, 6.782159081000032 ], [ 79.882360606000077, 6.782138902000042 ], [ 79.882326361000082, 6.782119624000075 ], [ 79.882280123000044, 6.782106476000024 ], [ 79.882233279000047, 6.782104565000054 ], [ 79.882197489000077, 6.782110804000069 ], [ 79.882158750000031, 6.782124389000046 ], [ 79.882125123000037, 6.782142537000027 ], [ 79.882101362000071, 6.782160203000046 ], [ 79.882039262000035, 6.78221723200005 ], [ 79.881996711000056, 6.782263872000044 ], [ 79.881954072000042, 6.782320037000034 ], [ 79.881935650000059, 6.782348772000034 ], [ 79.881916080000053, 6.78238331600005 ], [ 79.88181488500004, 6.782577928000023 ], [ 79.881751276000045, 6.782711559000063 ], [ 79.881686927000032, 6.782857927000066 ], [ 79.881623065000042, 6.783013418000053 ], [ 79.881592126000044, 6.783096863000026 ], [ 79.881559475000074, 6.78319622600003 ], [ 79.881483162000052, 6.783444803000066 ], [ 79.881459975000041, 6.783513695000067 ], [ 79.881437380000079, 6.78357505300005 ], [ 79.881412515000079, 6.783635898000057 ], [ 79.881348026000069, 6.783781631000068 ], [ 79.881314239000062, 6.783849456000041 ], [ 79.881280894000042, 6.783907877000047 ], [ 79.881252639000081, 6.783951898000055 ], [ 79.881218842000067, 6.784000649000063 ], [ 79.881157405000067, 6.784084325000038 ], [ 79.881125207000082, 6.78412581300006 ], [ 79.881061435000049, 6.784201513000028 ], [ 79.880909915000075, 6.784371742000076 ], [ 79.880841600000053, 6.784455140000034 ], [ 79.880782475000046, 6.784534772000029 ], [ 79.880645657000059, 6.78472811000006 ], [ 79.880572928000049, 6.784822561000055 ], [ 79.880514142000038, 6.784890095000037 ], [ 79.880391876000033, 6.785018336000064 ], [ 79.880233781000072, 6.785190636000038 ], [ 79.880172076000065, 6.785260639000057 ], [ 79.880121081000084, 6.785322508000036 ], [ 79.880076366000083, 6.785381707000056 ], [ 79.880037512000058, 6.785438933000023 ], [ 79.87999007500008, 6.785516908000034 ], [ 79.879950577000045, 6.785589277000042 ], [ 79.87991493700008, 6.785663243000045 ], [ 79.879885269000056, 6.785732494000058 ], [ 79.879861343000073, 6.785797606000074 ], [ 79.879842769000049, 6.785859598000059 ], [ 79.879834832000085, 6.785896626000067 ], [ 79.879829123000036, 6.785938337000061 ], [ 79.879818841000031, 6.786100872000077 ], [ 79.879810221000071, 6.786168762000045 ], [ 79.879798032000053, 6.786220999000022 ], [ 79.879781901000058, 6.78627818700005 ], [ 79.87976750100006, 6.786319325000022 ], [ 79.879751338000062, 6.786356134000073 ], [ 79.87972604600003, 6.78640269300007 ], [ 79.879694339000082, 6.786451423000074 ], [ 79.879654982000034, 6.786504208000053 ], [ 79.879605427000058, 6.786564532000057 ], [ 79.879584634000082, 6.786586096000065 ], [ 79.879559721000078, 6.786608733000037 ], [ 79.879447195000068, 6.786700702000076 ], [ 79.879422763000036, 6.786724161000052 ], [ 79.879402482000046, 6.786746961000063 ], [ 79.879363926000053, 6.786800560000074 ], [ 79.879342547000078, 6.786833524000031 ], [ 79.879327295000053, 6.786863020000055 ], [ 79.87931797400006, 6.786890069000037 ], [ 79.879313022000076, 6.786921975000041 ], [ 79.879312276000064, 6.786956045000068 ], [ 79.879315832000032, 6.786987703000023 ], [ 79.879327441000044, 6.787022447000027 ], [ 79.879351873000076, 6.787051911000049 ], [ 79.879410555000049, 6.787099588000046 ], [ 79.879428833000077, 6.787120412000036 ], [ 79.879447878000065, 6.787157978000039 ], [ 79.879458968000051, 6.787193057000025 ], [ 79.879466636000075, 6.787231614000063 ], [ 79.879470593000065, 6.787272211000072 ], [ 79.879470319000063, 6.787314585000047 ], [ 79.87946536000004, 6.78735682000007 ], [ 79.879456771000036, 6.787391918000026 ], [ 79.879438601000061, 6.787447434000057 ], [ 79.87942851300005, 6.787471614000026 ], [ 79.879414986000029, 6.787497850000022 ], [ 79.879361609000057, 6.787584984000034 ], [ 79.879343069000072, 6.787618700000053 ], [ 79.879328324000085, 6.787653839000029 ], [ 79.879320200000052, 6.787686660000077 ], [ 79.879317350000065, 6.787718140000038 ], [ 79.879320072000041, 6.787759511000047 ], [ 79.879335326000046, 6.787793990000068 ], [ 79.879358253000078, 6.787820827000075 ], [ 79.879375436000032, 6.787847654000075 ], [ 79.879381113000079, 6.787884029000054 ], [ 79.87937286600004, 6.787929148000046 ], [ 79.879338816000029, 6.787977734000037 ], [ 79.879304299000069, 6.788006379000024 ], [ 79.879256407000071, 6.788019688000077 ], [ 79.879195136000078, 6.788019576000067 ], [ 79.879151702000058, 6.788010820000068 ], [ 79.879025912000031, 6.787991190000071 ], [ 79.878965282000081, 6.787987176000058 ], [ 79.878927685000065, 6.78798639300004 ], [ 79.87889146200007, 6.787989517000028 ], [ 79.87885030800004, 6.788002242000061 ], [ 79.878818330000058, 6.788020146000065 ], [ 79.878798332000031, 6.788036356000021 ], [ 79.87877921200004, 6.788055857000074 ], [ 79.878760938000084, 6.788078657000028 ], [ 79.87874327600008, 6.788105018000067 ], [ 79.878726049000079, 6.788135203000024 ], [ 79.878708923000033, 6.788169793000066 ], [ 79.878683490000071, 6.78822920500005 ], [ 79.87862679300008, 6.788378597000076 ], [ 79.878599803000043, 6.788442857000064 ], [ 79.878507366000065, 6.788623143000052 ], [ 79.878451622000057, 6.788735174000067 ], [ 79.878392739000049, 6.788858682000068 ], [ 79.878338145000043, 6.788979083000072 ], [ 79.878262613000061, 6.789157916000022 ], [ 79.878196132000085, 6.789331670000024 ], [ 79.878150105000032, 6.789464972000076 ], [ 79.87810937100005, 6.789595905000056 ], [ 79.87807385800005, 6.789724694000029 ], [ 79.878043523000031, 6.789851507000037 ], [ 79.878022764000036, 6.789952655000036 ], [ 79.878010421000056, 6.790025953000054 ], [ 79.878003350000085, 6.790089399000067 ], [ 79.87799104100003, 6.790234858000076 ], [ 79.877982837000047, 6.790301226000054 ], [ 79.877972242000055, 6.790358006000076 ], [ 79.877958382000031, 6.790409732000057 ], [ 79.877943425000069, 6.790455344000065 ], [ 79.877926039000045, 6.790502127000025 ], [ 79.877883762000067, 6.790599802000031 ], [ 79.877833250000037, 6.790699266000047 ], [ 79.877766863000033, 6.790801492000071 ], [ 79.877744360000065, 6.790840616000025 ], [ 79.877718091000077, 6.790902156000072 ], [ 79.877698300000077, 6.790962318000027 ], [ 79.877687870000045, 6.791010354000036 ], [ 79.877683402000059, 6.791057400000057 ], [ 79.877684158000079, 6.791109849000065 ], [ 79.877690369000049, 6.791164841000068 ], [ 79.877698212000041, 6.791205469000033 ], [ 79.877706099000079, 6.791231802000027 ], [ 79.877717439000037, 6.791259764000074 ], [ 79.877748035000081, 6.791326191000053 ], [ 79.877760550000062, 6.791360773000065 ], [ 79.877772591000053, 6.791416520000041 ], [ 79.87777982700004, 6.791473560000043 ], [ 79.877781713000047, 6.791524774000038 ], [ 79.877778823000085, 6.791571132000058 ], [ 79.877770342000076, 6.791616979000025 ], [ 79.877755682000043, 6.791667201000053 ], [ 79.877727537000055, 6.791740489000063 ], [ 79.877671816000031, 6.791867719000038 ], [ 79.877629591000073, 6.791948303000026 ], [ 79.877574003000063, 6.792042423000055 ], [ 79.877492371000073, 6.79217135500005 ], [ 79.877416676000053, 6.792280907000077 ], [ 79.877340897000067, 6.792380492000063 ], [ 79.877251859000069, 6.79248688000007 ], [ 79.877207461000069, 6.792537030000062 ], [ 79.877166884000076, 6.792580266000073 ], [ 79.877128022000079, 6.792618823000055 ], [ 79.87709016000008, 6.792653397000038 ], [ 79.877033882000035, 6.792699921000064 ], [ 79.876983175000078, 6.792739134000044 ], [ 79.876939668000034, 6.792769649000036 ], [ 79.876898998000058, 6.792794705000063 ], [ 79.876848195000036, 6.792820318000054 ], [ 79.876800651000053, 6.792836188000024 ], [ 79.876749510000082, 6.792846901000075 ], [ 79.876618658000041, 6.792867032000061 ], [ 79.876582832000054, 6.792875352000067 ], [ 79.876551654000082, 6.792885339000065 ], [ 79.876505549000058, 6.792905267000037 ], [ 79.876457778000031, 6.79293042200004 ], [ 79.876407954000058, 6.792960997000023 ], [ 79.876353747000053, 6.792998404000059 ], [ 79.876190012000052, 6.793123378000075 ], [ 79.87606435400005, 6.793216996000069 ], [ 79.876020460000063, 6.793252430000052 ], [ 79.875983461000033, 6.793285463000075 ], [ 79.875945667000053, 6.793324127000062 ], [ 79.875923576000048, 6.793352595000044 ], [ 79.87590225100007, 6.793387090000067 ], [ 79.875853814000038, 6.793475351000041 ], [ 79.875831887000061, 6.793507789000046 ], [ 79.875799304000054, 6.793542733000038 ], [ 79.875767631000031, 6.79356507600005 ], [ 79.875740262000079, 6.793579301000022 ], [ 79.875707464000072, 6.793593431000033 ], [ 79.875616957000034, 6.793628738000052 ], [ 79.875563144000068, 6.79364767800007 ], [ 79.875488806000078, 6.793668505000028 ], [ 79.875408236000055, 6.793685412000059 ], [ 79.875329630000067, 6.793697506000058 ], [ 79.875241395000046, 6.793707287000075 ], [ 79.875152191000041, 6.793714472000033 ], [ 79.874913974000037, 6.793730322000044 ], [ 79.874780128000054, 6.793743972000073 ], [ 79.874722724000037, 6.793752355000038 ], [ 79.874668963000033, 6.793762097000069 ], [ 79.874449667000079, 6.793810227000051 ], [ 79.87439719200006, 6.793824253000025 ], [ 79.874350697000068, 6.793839 ], [ 79.874304360000053, 6.793856505000065 ], [ 79.874255135000055, 6.793877634000069 ], [ 79.874205679000056, 6.79390122500007 ], [ 79.874154933000057, 6.793927723000024 ], [ 79.874024157000065, 6.794003245000056 ], [ 79.873996026000043, 6.794020807000038 ], [ 79.87396441900006, 6.794044789000054 ], [ 79.873937476000037, 6.794071057000053 ], [ 79.873918718000084, 6.794093980000071 ], [ 79.873900440000057, 6.794120045000057 ], [ 79.873882535000064, 6.794149393000055 ], [ 79.873864725000033, 6.794182482000053 ], [ 79.873852466000073, 6.794209446000025 ], [ 79.873841875000039, 6.794240291000051 ], [ 79.87381034100008, 6.794370121000043 ], [ 79.87376974600005, 6.794499909000024 ], [ 79.873748515000045, 6.79455245500003 ], [ 79.873730617000035, 6.794583454000076 ], [ 79.873699136000084, 6.794625478000057 ], [ 79.873677065000038, 6.794649824000032 ], [ 79.873652800000059, 6.794673653000075 ], [ 79.873641897000084, 6.794678600000054 ], [ 79.873606272000075, 6.794694760000027 ], [ 79.873575960000039, 6.794702837000045 ], [ 79.873541742000043, 6.794704805000038 ], [ 79.873508743000059, 6.794706521000023 ], [ 79.873481803000061, 6.794699946000037 ], [ 79.873451612000054, 6.794679537000036 ], [ 79.87344852700005, 6.794635947000074 ], [ 79.873434677000034, 6.794592700000067 ], [ 79.873365271000068, 6.794508840000049 ], [ 79.873227006000036, 6.794482905000052 ], [ 79.873072152000077, 6.794474747000038 ], [ 79.872993289000078, 6.794465377000051 ], [ 79.872889731000043, 6.794503975000055 ], [ 79.872732987000063, 6.794491475000029 ], [ 79.872689097000034, 6.794790244000069 ], [ 79.872808614000064, 6.794798993000029 ], [ 79.87286520300006, 6.794803133000073 ], [ 79.872970199000065, 6.79486526900007 ], [ 79.873067030000072, 6.794893119000051 ], [ 79.873162401000059, 6.794927114000075 ], [ 79.873249219000058, 6.794940297000039 ], [ 79.873343822000038, 6.794902136000076 ], [ 79.873368275000075, 6.794886087000066 ], [ 79.873403317000054, 6.794868246000021 ], [ 79.87343072200008, 6.794821912000032 ], [ 79.873462112000084, 6.794790963000025 ], [ 79.873491830000034, 6.794795238000063 ], [ 79.873522985000079, 6.794807692000063 ], [ 79.873559686000078, 6.794800461000023 ], [ 79.873588871000038, 6.79480968300004 ], [ 79.873627308000039, 6.794835755000065 ], [ 79.873633912000059, 6.794840235000038 ], [ 79.873650024000085, 6.79485612600007 ], [ 79.873666018000051, 6.794880618000036 ], [ 79.873689507000051, 6.794923287000074 ], [ 79.873700211000084, 6.794950014000051 ], [ 79.873707582000065, 6.794979062000039 ], [ 79.873711702000037, 6.795010742000045 ], [ 79.873712655000077, 6.795045690000052 ], [ 79.873707558000035, 6.79511210000004 ], [ 79.873684224000044, 6.795275999000069 ], [ 79.873681493000049, 6.795319117000076 ], [ 79.873682287000065, 6.795357254000066 ], [ 79.873686896000038, 6.795393303000026 ], [ 79.873698216000037, 6.795440670000062 ], [ 79.873714736000068, 6.795497518000047 ], [ 79.873733893000065, 6.79555287900007 ], [ 79.873754019000046, 6.79560277500002 ], [ 79.87377605100005, 6.795650268000031 ], [ 79.873795573000052, 6.795686889000024 ], [ 79.873818149000044, 6.79572250700005 ], [ 79.873865528000067, 6.795785050000063 ], [ 79.873967770000036, 6.795903537000072 ], [ 79.874008547000074, 6.79595431000007 ], [ 79.874045607000085, 6.796006843000043 ], [ 79.874124203000065, 6.796126584000035 ], [ 79.874159045000056, 6.796175186000028 ], [ 79.87426399800006, 6.796301982000045 ], [ 79.874304583000082, 6.796347415000071 ], [ 79.874342200000058, 6.796386537000046 ], [ 79.874379646000079, 6.796422070000062 ], [ 79.874416097000051, 6.796453030000066 ], [ 79.874452002000055, 6.796479795000039 ], [ 79.874487602000045, 6.79650254400002 ], [ 79.874523995000061, 6.796521830000074 ], [ 79.87456061000006, 6.796537190000038 ], [ 79.874606730000039, 6.796552385000041 ], [ 79.874821389000033, 6.796628285000054 ], [ 79.875061351000056, 6.796490862000041 ], [ 79.874963137000066, 6.796346843000038 ], [ 79.874788428000045, 6.796078301000023 ], [ 79.874732688000051, 6.795988262000037 ], [ 79.87468941700007, 6.79591047100007 ], [ 79.874666202000071, 6.795863428000075 ], [ 79.874646195000082, 6.795817902000067 ], [ 79.874604635000082, 6.795704305000072 ], [ 79.874588522000067, 6.79565311600004 ], [ 79.874575667000045, 6.795605780000074 ], [ 79.87456575300007, 6.795561127000042 ], [ 79.87455867500006, 6.795518664000042 ], [ 79.874553277000075, 6.795467 ], [ 79.874550514000077, 6.795413852000024 ], [ 79.87455052100006, 6.795361693000075 ], [ 79.874553271000082, 6.795310813000071 ], [ 79.874558687000047, 6.795262085000047 ], [ 79.87456673500003, 6.79521556900005 ], [ 79.874577080000051, 6.795172665000052 ], [ 79.874590652000052, 6.795129623000037 ], [ 79.87460791500007, 6.795085125000071 ] ] ] ] } }
]
}
