{
"type": "FeatureCollection",
"name": "water_areas",
"crs": { "type": "name", "properties": { "name": "urn:ogc:def:crs:OGC:1.3:CRS84" } },
"features": [
{ "type": "Feature", "properties": { "id": null, "type": null, "name": null, "path": null, "layer": null, "Area": 20172009 }, "geometry": { "type": "MultiPolygon", "coordinates": [ [ [ [ 80.19001606109245, 6.854032833348631 ], [ 80.190359138963188, 6.853920356938934 ], [ 80.191309527212979, 6.853541946503681 ], [ 80.191515024743381, 6.853460124043848 ], [ 80.191374867876803, 6.853398805414717 ], [ 80.19113881210157, 6.853335857207991 ], [ 80.190540804137669, 6.853414542466399 ], [ 80.189942796173767, 6.853398805414717 ], [ 80.189423473468324, 6.854032221744905 ], [ 80.189544487217304, 6.854187435031639 ], [ 80.19001606109245, 6.854032833348631 ] ] ], [ [ [ 80.192598762922628, 6.852892618899284 ], [ 80.193818641117446, 6.852149929975324 ], [ 80.194070389237126, 6.851996664814317 ], [ 80.194259243961426, 6.851881698912246 ], [ 80.194191800127825, 6.851699203833098 ], [ 80.194113114869424, 6.850534662008656 ], [ 80.193940007300924, 6.84971633532121 ], [ 80.194018692559339, 6.848929482737128 ], [ 80.194081640766058, 6.848111156049681 ], [ 80.194018692559339, 6.847544622189142 ], [ 80.19397148140429, 6.847261355258873 ], [ 80.193719688577389, 6.847324303465599 ], [ 80.193467895750445, 6.846946614225239 ], [ 80.193609529215578, 6.846490239726471 ], [ 80.193625266267262, 6.84590796881425 ], [ 80.193420684595395, 6.845608964832299 ], [ 80.193184628820177, 6.84562470188398 ], [ 80.193184628820177, 6.845923705865932 ], [ 80.193153154716811, 6.846411554468062 ], [ 80.192885624838226, 6.847009562431966 ], [ 80.19285415073486, 6.847418725775689 ], [ 80.192382039184409, 6.847843626171093 ], [ 80.192193194564226, 6.848425897083314 ], [ 80.191894190582275, 6.848347211824906 ], [ 80.191925664685641, 6.848709164013584 ], [ 80.192901361889909, 6.848929482737127 ], [ 80.193058732406726, 6.850377291491839 ], [ 80.192712517269726, 6.851321514592738 ], [ 80.192476461494508, 6.851998207815049 ], [ 80.192083035202458, 6.852596215778952 ], [ 80.192004349944057, 6.852832271554177 ], [ 80.192048292669341, 6.853227756081557 ], [ 80.192598762922628, 6.852892618899284 ] ] ], [ [ [ 79.8650388, 6.9059113 ], [ 79.864994, 6.9059962 ], [ 79.8650852, 6.9061453 ], [ 79.8651308, 6.906128 ], [ 79.8651147, 6.9060135 ], [ 79.8652377, 6.9057422 ], [ 79.8651944, 6.9057166 ], [ 79.8651093, 6.9057712 ], [ 79.8650866, 6.9057651 ], [ 79.8650471, 6.9057105 ], [ 79.8650992, 6.9056004 ], [ 79.8650447, 6.9055652 ], [ 79.8649753, 6.9055593 ], [ 79.8648821, 6.9056463 ], [ 79.864817, 6.9057439 ], [ 79.8650388, 6.9059113 ] ] ], [ [ [ 79.8497867, 6.9182621 ], [ 79.8499311, 6.9183324 ], [ 79.8501805, 6.9183457 ], [ 79.8503012, 6.9183244 ], [ 79.8504755, 6.9183271 ], [ 79.850674, 6.9183883 ], [ 79.8507894, 6.9184416 ], [ 79.8510469, 6.9184922 ], [ 79.85124, 6.9184922 ], [ 79.8514653, 6.9184602 ], [ 79.8515961, 6.9183859 ], [ 79.8519518, 6.91845 ], [ 79.8525075, 6.9186649 ], [ 79.8528394, 6.9189625 ], [ 79.8534929, 6.9194694 ], [ 79.853576, 6.919504 ], [ 79.8536485, 6.9194161 ], [ 79.8537906, 6.9190966 ], [ 79.8538899, 6.918849 ], [ 79.8538844, 6.9187072 ], [ 79.8540899, 6.9182609 ], [ 79.8545264, 6.9174353 ], [ 79.8553238, 6.9165165 ], [ 79.8554924, 6.9162017 ], [ 79.8555273, 6.9160046 ], [ 79.8554185, 6.915937 ], [ 79.8550516, 6.9159005 ], [ 79.8547623, 6.9157976 ], [ 79.8545278, 6.9158847 ], [ 79.853022, 6.9165967 ], [ 79.8524417, 6.916732 ], [ 79.8514817, 6.9166375 ], [ 79.8510928, 6.9166554 ], [ 79.8508678, 6.9167708 ], [ 79.8507493, 6.916818 ], [ 79.8505175, 6.9174593 ], [ 79.8504434, 6.9175516 ], [ 79.8504209, 6.9175797 ], [ 79.8501287, 6.9179436 ], [ 79.8497948, 6.9182175 ], [ 79.8497867, 6.9182621 ] ], [ [ 79.8545459, 6.9169828 ], [ 79.8544752, 6.9169293 ], [ 79.8545942, 6.9167757 ], [ 79.8546454, 6.9168162 ], [ 79.8546783, 6.9167781 ], [ 79.8546092, 6.9167252 ], [ 79.8546457, 6.916686 ], [ 79.8547, 6.9167281 ], [ 79.8547198, 6.9167075 ], [ 79.8547909, 6.9167664 ], [ 79.8547096, 6.9168643 ], [ 79.8547484, 6.9168986 ], [ 79.8546252, 6.9170467 ], [ 79.8545649, 6.9169977 ], [ 79.8545335, 6.9170391 ], [ 79.8545535, 6.9170551 ], [ 79.8544992, 6.9171301 ], [ 79.8544374, 6.9170837 ], [ 79.8544917, 6.9170094 ], [ 79.8545134, 6.9170254 ], [ 79.8545459, 6.9169828 ] ], [ [ 79.8527991, 6.9174526 ], [ 79.852831, 6.9173956 ], [ 79.852865, 6.9173787 ], [ 79.8529671, 6.9174069 ], [ 79.8532066, 6.9173513 ], [ 79.8533477, 6.9173942 ], [ 79.8535185, 6.9175047 ], [ 79.8536581, 6.9176482 ], [ 79.8536326, 6.9177587 ], [ 79.8534923, 6.9179838 ], [ 79.8534419, 6.9180134 ], [ 79.8533455, 6.9180134 ], [ 79.8531478, 6.9179705 ], [ 79.8528834, 6.9176194 ], [ 79.8527991, 6.9174526 ] ] ], [ [ [ 79.846790194373256, 6.925590269990777 ], [ 79.846790194373256, 6.925039038826101 ], [ 79.847518156140353, 6.924195360593147 ], [ 79.847779044172498, 6.924170113364229 ], [ 79.847795875658434, 6.923682000271846 ], [ 79.847391919995772, 6.923757741958595 ], [ 79.846954301361222, 6.924018629990731 ], [ 79.846432525296947, 6.924666642199585 ], [ 79.846255794694514, 6.92507901360522 ], [ 79.846306289152352, 6.925895340673518 ], [ 79.846760739272838, 6.926341375051041 ], [ 79.847070017827107, 6.926692732320127 ], [ 79.84765175606006, 6.92657701585426 ], [ 79.847951566903419, 6.926570704047032 ], [ 79.848145128991774, 6.926595951275949 ], [ 79.84808832272671, 6.926183579870314 ], [ 79.848048347947596, 6.926051031918503 ], [ 79.847025835176481, 6.925760688785964 ], [ 79.846790194373256, 6.925590269990777 ] ] ], [ [ [ 79.8606692, 6.9211308 ], [ 79.8606243, 6.9211561 ], [ 79.86058, 6.9211675 ], [ 79.8605251, 6.9211675 ], [ 79.8604546, 6.9211461 ], [ 79.860407, 6.9211275 ], [ 79.8603279, 6.9211009 ], [ 79.8602012, 6.9210842 ], [ 79.8601207, 6.9210896 ], [ 79.8600771, 6.9210996 ], [ 79.8600228, 6.9211248 ], [ 79.8599665, 6.9211575 ], [ 79.8599102, 6.9212107 ], [ 79.8598612, 6.9212606 ], [ 79.859819, 6.9213252 ], [ 79.8597171, 6.9216855 ], [ 79.8596525, 6.9218513 ], [ 79.8595638, 6.9220236 ], [ 79.8594207, 6.9222977 ], [ 79.8593032, 6.9223932 ], [ 79.8591314, 6.9225066 ], [ 79.8589822, 6.9225611 ], [ 79.8588483, 6.9225853 ], [ 79.8585443, 6.9226103 ], [ 79.8582599, 6.922631 ], [ 79.8581859, 6.9226621 ], [ 79.8581053, 6.9227683 ], [ 79.8578456, 6.9233272 ], [ 79.8575052, 6.9237994 ], [ 79.8573598, 6.924029 ], [ 79.8572958, 6.9241112 ], [ 79.8572485, 6.9241372 ], [ 79.8571925, 6.9241415 ], [ 79.856626, 6.9239855 ], [ 79.8564353, 6.9239358 ], [ 79.8563462, 6.9239283 ], [ 79.8562722, 6.9239679 ], [ 79.8562651, 6.9240609 ], [ 79.8563809, 6.9242886 ], [ 79.8566003, 6.9246532 ], [ 79.8567933, 6.9250519 ], [ 79.8567501, 6.9252105 ], [ 79.8566809, 6.9253083 ], [ 79.856565, 6.9254638 ], [ 79.8562623, 6.9257777 ], [ 79.8555848, 6.9252114 ], [ 79.8553298, 6.924737 ], [ 79.8551829, 6.9249825 ], [ 79.8549161, 6.9252388 ], [ 79.8545399, 6.925581 ], [ 79.8544002, 6.9256586 ], [ 79.8539792, 6.9260333 ], [ 79.853818, 6.9261312 ], [ 79.8538559, 6.9261971 ], [ 79.8539526, 6.9261971 ], [ 79.8540475, 6.9261914 ], [ 79.8540892, 6.9262084 ], [ 79.8541233, 6.9261763 ], [ 79.8541707, 6.926182 ], [ 79.8541897, 6.9262102 ], [ 79.8541954, 6.9262347 ], [ 79.8542561, 6.9262498 ], [ 79.8545652, 6.9260351 ], [ 79.8553182, 6.9255211 ], [ 79.8555173, 6.9257358 ], [ 79.8555951, 6.9258864 ], [ 79.8559371, 6.9262598 ], [ 79.8550377, 6.9271627 ], [ 79.8546756, 6.9275647 ], [ 79.854552, 6.9278573 ], [ 79.8547108, 6.9280666 ], [ 79.8547249, 6.92822 ], [ 79.8546866, 6.9283555 ], [ 79.8535397, 6.9287374 ], [ 79.8521539, 6.9288276 ], [ 79.851745, 6.9290757 ], [ 79.8510457, 6.9291158 ], [ 79.850306, 6.9292846 ], [ 79.8497795, 6.9296354 ], [ 79.8487653, 6.9306558 ], [ 79.8479839, 6.9311986 ], [ 79.8477657, 6.9313783 ], [ 79.8478939, 6.9316003 ], [ 79.8479184, 6.931682 ], [ 79.8479102, 6.931977 ], [ 79.8480565, 6.9320084 ], [ 79.8482229, 6.9320148 ], [ 79.8485185, 6.932013 ], [ 79.8487481, 6.9320117 ], [ 79.8491693, 6.9319851 ], [ 79.8498599, 6.9318999 ], [ 79.8511232, 6.9317361 ], [ 79.8515162, 6.9316772 ], [ 79.8515864, 6.9316714 ], [ 79.8519195, 6.93162 ], [ 79.851999, 6.9316043 ], [ 79.8523143, 6.9315408 ], [ 79.8527255, 6.9314457 ], [ 79.853434, 6.9312555 ], [ 79.8534635, 6.9312568 ], [ 79.8534762, 6.9312735 ], [ 79.8534844, 6.9312999 ], [ 79.8535717, 6.9315827 ], [ 79.8540695, 6.933213 ], [ 79.8536965, 6.9333516 ], [ 79.8537773, 6.9335613 ], [ 79.8566429, 6.9326819 ], [ 79.8566336, 6.9326427 ], [ 79.8569678, 6.9325389 ], [ 79.8570724, 6.9325136 ], [ 79.8572091, 6.9323782 ], [ 79.8573031, 6.9324737 ], [ 79.8574197, 6.9323485 ], [ 79.8574251, 6.9323299 ], [ 79.8574103, 6.9323092 ], [ 79.8573285, 6.9323059 ], [ 79.8572387, 6.9322819 ], [ 79.8569342, 6.9322101 ], [ 79.8542185, 6.9330288 ], [ 79.8542547, 6.9331526 ], [ 79.854421, 6.9331073 ], [ 79.8544485, 6.9332049 ], [ 79.8544706, 6.9332831 ], [ 79.854244, 6.933347 ], [ 79.854193, 6.9331699 ], [ 79.8542095, 6.9331646 ], [ 79.8541193, 6.9329136 ], [ 79.8540483, 6.9326749 ], [ 79.8540047, 6.9325281 ], [ 79.854505, 6.932367 ], [ 79.8548293, 6.9322321 ], [ 79.8550983, 6.9321128 ], [ 79.8552726, 6.9320063 ], [ 79.8554021, 6.9319072 ], [ 79.8555022, 6.9318044 ], [ 79.855498, 6.9316966 ], [ 79.8553968, 6.931664 ], [ 79.855174, 6.9317326 ], [ 79.8546293, 6.9318714 ], [ 79.8543122, 6.9319605 ], [ 79.8541169, 6.9320052 ], [ 79.853994, 6.9320382 ], [ 79.8538358, 6.9319632 ], [ 79.8536554, 6.9312558 ], [ 79.8536484, 6.9312283 ], [ 79.8536523, 6.9311879 ], [ 79.8542306, 6.9309826 ], [ 79.8545364, 6.9308575 ], [ 79.8546222, 6.9308202 ], [ 79.8546892, 6.930735 ], [ 79.8550567, 6.9302637 ], [ 79.8558372, 6.9292439 ], [ 79.8564166, 6.928525 ], [ 79.8568846, 6.9279179 ], [ 79.857036, 6.9276871 ], [ 79.8571334, 6.9275444 ], [ 79.8571837, 6.9274479 ], [ 79.8572386, 6.9273499 ], [ 79.857332, 6.9272349 ], [ 79.8574317, 6.9271237 ], [ 79.8575396, 6.9270007 ], [ 79.8577215, 6.9267472 ], [ 79.8578635, 6.9265298 ], [ 79.8580266, 6.9262956 ], [ 79.8581493, 6.9261353 ], [ 79.8581734, 6.926126 ], [ 79.8582043, 6.92613 ], [ 79.8583102, 6.9261859 ], [ 79.8584551, 6.9262538 ], [ 79.8584832, 6.9262564 ], [ 79.8584966, 6.9262498 ], [ 79.8585154, 6.9262245 ], [ 79.8586403, 6.9259439 ], [ 79.8587957, 6.9255402 ], [ 79.8589861, 6.9249398 ], [ 79.8590698, 6.9247253 ], [ 79.8591377, 6.9245697 ], [ 79.8592195, 6.9244299 ], [ 79.8592986, 6.9243487 ], [ 79.8594582, 6.9242222 ], [ 79.8596688, 6.9240225 ], [ 79.8598659, 6.9238015 ], [ 79.8599061, 6.9237602 ], [ 79.8599142, 6.9237189 ], [ 79.8599236, 6.9226938 ], [ 79.8599195, 6.9225913 ], [ 79.8599249, 6.9225354 ], [ 79.8599397, 6.9225021 ], [ 79.86, 6.922385 ], [ 79.8604064, 6.9218325 ], [ 79.8608248, 6.9213345 ], [ 79.8611036, 6.9208558 ], [ 79.8611252, 6.9208087 ], [ 79.8611373, 6.9207541 ], [ 79.8611091, 6.9206822 ], [ 79.8610568, 6.9206489 ], [ 79.8610032, 6.9206369 ], [ 79.8609401, 6.9206516 ], [ 79.8608516, 6.9207235 ], [ 79.8607477, 6.9209385 ], [ 79.860692, 6.9211009 ], [ 79.8606692, 6.9211308 ] ] ], [ [ [ 79.847305658630319, 6.926964140030983 ], [ 79.847080537505818, 6.927048297460701 ], [ 79.845728758790955, 6.929641398263991 ], [ 79.845535196702599, 6.929935949268016 ], [ 79.845471026662437, 6.929975924047133 ], [ 79.845394233007809, 6.929981183886491 ], [ 79.844684154694562, 6.929926481557175 ], [ 79.844084533007788, 6.929730815533073 ], [ 79.843581692365206, 6.929594059709776 ], [ 79.843215607545915, 6.929581436095318 ], [ 79.842963135256753, 6.929625618745922 ], [ 79.842910536863172, 6.929804453284079 ], [ 79.84299679822864, 6.929865467420628 ], [ 79.843036773007753, 6.929947520914606 ], [ 79.843009421843107, 6.930094796416618 ], [ 79.842946303770816, 6.930153706617423 ], [ 79.842860042405349, 6.930181057782082 ], [ 79.842777988911365, 6.930172642039111 ], [ 79.842706455096106, 6.93036620412747 ], [ 79.842784300718591, 6.930410386778074 ], [ 79.844081377104104, 6.930427218264013 ], [ 79.845225918148316, 6.930511375693735 ], [ 79.845958087786883, 6.930721769268038 ], [ 79.847452934132335, 6.927767843484822 ], [ 79.847945255096207, 6.927018842360302 ], [ 79.847945255096207, 6.926917853444636 ], [ 79.847846370116272, 6.926896814087206 ], [ 79.847684367064062, 6.926842111757887 ], [ 79.847600209634336, 6.926736914970735 ], [ 79.847488701039964, 6.926776889749853 ], [ 79.847471869554013, 6.926911541637407 ], [ 79.847305658630319, 6.926964140030983 ] ] ], [ [ [ 79.8648081, 6.9617944 ], [ 79.8650023, 6.9615111 ], [ 79.8649935, 6.9613914 ], [ 79.864711, 6.9612103 ], [ 79.8645875, 6.9612424 ], [ 79.8643757, 6.9615403 ], [ 79.8643786, 6.9616367 ], [ 79.8647052, 6.9618352 ], [ 79.8648081, 6.9617944 ] ] ], [ [ [ 79.8651553, 6.9621185 ], [ 79.8652582, 6.9620981 ], [ 79.8654553, 6.961809 ], [ 79.8654171, 6.9616776 ], [ 79.8651464, 6.9614936 ], [ 79.8650582, 6.9615199 ], [ 79.8648434, 6.9618294 ], [ 79.8648611, 6.961917 ], [ 79.8651553, 6.9621185 ] ] ], [ [ [ 79.8665701, 7.0176372 ], [ 79.8667364, 7.0176944 ], [ 79.8667538, 7.0174016 ], [ 79.8656072, 7.0172991 ], [ 79.8654221, 7.0172259 ], [ 79.8653859, 7.0171859 ], [ 79.8653738, 7.0171101 ], [ 79.8654006, 7.0170342 ], [ 79.8655991, 7.0168638 ], [ 79.865693, 7.0167174 ], [ 79.8657534, 7.0166003 ], [ 79.8658159, 7.0162842 ], [ 79.8657413, 7.0160851 ], [ 79.8656139, 7.015948 ], [ 79.8654959, 7.0159055 ], [ 79.8653765, 7.015952 ], [ 79.8649326, 7.0164126 ], [ 79.8646134, 7.0167028 ], [ 79.8642084, 7.0171779 ], [ 79.8641561, 7.017359 ], [ 79.864194, 7.0173993 ], [ 79.8644431, 7.0173922 ], [ 79.8645866, 7.0174521 ], [ 79.864604, 7.0174954 ], [ 79.8646027, 7.017536 ], [ 79.8644887, 7.017733 ], [ 79.864486, 7.0178315 ], [ 79.8645182, 7.0179007 ], [ 79.8645772, 7.0179633 ], [ 79.8646322, 7.0179686 ], [ 79.8646872, 7.017934 ], [ 79.8647784, 7.0178009 ], [ 79.8648588, 7.0176318 ], [ 79.8650828, 7.0174481 ], [ 79.8652585, 7.0174056 ], [ 79.8654342, 7.0174175 ], [ 79.865571, 7.0174481 ], [ 79.8661208, 7.0175373 ], [ 79.8665701, 7.0176372 ] ] ], [ [ [ 79.863634829914204, 7.035354964632482 ], [ 79.863517009512591, 7.036154460214835 ], [ 79.863792625094931, 7.036194434993952 ], [ 79.863925173046738, 7.03541597876903 ], [ 79.863634829914204, 7.035354964632482 ] ] ], [ [ [ 79.861187952645011, 7.04516140913076 ], [ 79.861116418829738, 7.045203487845621 ], [ 79.860842907183141, 7.045089875315496 ], [ 79.86075874975343, 7.0449531194922 ], [ 79.860819763889978, 7.044839506962076 ], [ 79.861013325978334, 7.044751141660868 ], [ 79.86116060148035, 7.04489841716288 ], [ 79.861251070717302, 7.044984678528345 ], [ 79.861320500596818, 7.045037276921921 ], [ 79.86177074284582, 7.045190864231162 ], [ 79.861795990074739, 7.045521182142818 ], [ 79.861871731761497, 7.045525390014305 ], [ 79.862019007263498, 7.04506462808658 ], [ 79.860737710395995, 7.04441240800624 ], [ 79.860521005014462, 7.045249774431968 ], [ 79.861756015295626, 7.045859915797447 ], [ 79.861804405817708, 7.045681081259289 ], [ 79.861183744773513, 7.045493830978159 ], [ 79.861251070717302, 7.045165617002246 ], [ 79.861187952645011, 7.04516140913076 ] ] ], [ [ [ 79.8608747, 7.0508647 ], [ 79.8609117, 7.0507186 ], [ 79.860788, 7.0506522 ], [ 79.8607577, 7.0500273 ], [ 79.860458, 7.0497524 ], [ 79.8581138, 7.0489506 ], [ 79.8581783, 7.0497524 ], [ 79.8608747, 7.0508647 ] ] ], [ [ [ 79.8578938, 7.0498353 ], [ 79.8577534, 7.0498993 ], [ 79.8578293, 7.0500687 ], [ 79.8586828, 7.0503698 ], [ 79.8586335, 7.05008 ], [ 79.8578938, 7.0498353 ] ] ], [ [ [ 79.8582693, 7.0506672 ], [ 79.8574272, 7.0503736 ], [ 79.8573817, 7.0507764 ], [ 79.8578483, 7.0508969 ], [ 79.8582162, 7.0509082 ], [ 79.8582693, 7.0506672 ] ] ], [ [ [ 79.8632535, 7.0503002 ], [ 79.8629585, 7.0509444 ], [ 79.8635137, 7.0511334 ], [ 79.864482, 7.0507846 ], [ 79.8632535, 7.0503002 ] ] ], [ [ [ 79.8574841, 7.051966 ], [ 79.8576131, 7.0520902 ], [ 79.8583186, 7.0523236 ], [ 79.8583945, 7.0520488 ], [ 79.85734, 7.0516949 ], [ 79.85734, 7.0519095 ], [ 79.8574841, 7.051966 ] ] ], [ [ [ 79.8633434, 7.0522194 ], [ 79.8630644, 7.052081 ], [ 79.863106, 7.051514 ], [ 79.8617515, 7.0514022 ], [ 79.8616268, 7.051876 ], [ 79.861718, 7.0522687 ], [ 79.8622383, 7.0523498 ], [ 79.8622222, 7.0525548 ], [ 79.862587, 7.0527345 ], [ 79.8629974, 7.0525535 ], [ 79.8633434, 7.0522194 ] ] ], [ [ [ 79.8585315, 7.0527571 ], [ 79.8585784, 7.0525269 ], [ 79.8581667, 7.0524563 ], [ 79.8581144, 7.0525934 ], [ 79.8581372, 7.0526427 ], [ 79.8583759, 7.0527558 ], [ 79.8584591, 7.0527718 ], [ 79.8585315, 7.0527571 ] ] ], [ [ [ 79.8595514, 7.0526624 ], [ 79.8591, 7.052542 ], [ 79.8586942, 7.0526172 ], [ 79.8585812, 7.0529813 ], [ 79.8579545, 7.0527979 ], [ 79.8579621, 7.0532986 ], [ 79.8583072, 7.0536073 ], [ 79.8585917, 7.0535584 ], [ 79.8586828, 7.0530953 ], [ 79.8588231, 7.0530125 ], [ 79.8590242, 7.0531819 ], [ 79.8599232, 7.0533777 ], [ 79.860128, 7.0531029 ], [ 79.8600711, 7.0528205 ], [ 79.8602873, 7.0526248 ], [ 79.8596197, 7.0521919 ], [ 79.8595514, 7.0526624 ] ] ], [ [ [ 79.85814033597164, 7.05533209750446 ], [ 79.857976228983674, 7.055167990516503 ], [ 79.857799498381269, 7.055155366902046 ], [ 79.857736380308978, 7.055487788749445 ], [ 79.857770043280865, 7.055666623287602 ], [ 79.858142439907382, 7.055668727223345 ], [ 79.85814033597164, 7.05533209750446 ] ] ], [ [ [ 79.8566821, 7.0663859 ], [ 79.8567581, 7.0664466 ], [ 79.8568817, 7.0660266 ], [ 79.8566848, 7.0660878 ], [ 79.8565266, 7.0658935 ], [ 79.8557004, 7.0655049 ], [ 79.8555127, 7.0655182 ], [ 79.8555234, 7.065614 ], [ 79.8552713, 7.0656832 ], [ 79.8553598, 7.0658722 ], [ 79.8552257, 7.0659387 ], [ 79.8551157, 7.0657045 ], [ 79.8549092, 7.0658003 ], [ 79.8546973, 7.065811 ], [ 79.8550165, 7.0663566 ], [ 79.855459, 7.0660319 ], [ 79.8561135, 7.0663141 ], [ 79.8559016, 7.0668997 ], [ 79.8562503, 7.0670061 ], [ 79.8564032, 7.067078 ], [ 79.8564273, 7.0672484 ], [ 79.856515, 7.0672729 ], [ 79.8565787, 7.0670564 ], [ 79.8563656, 7.0669769 ], [ 79.8563683, 7.0669183 ], [ 79.8564675, 7.0668278 ], [ 79.8563576, 7.0665696 ], [ 79.8563844, 7.0664684 ], [ 79.8566312, 7.0664711 ], [ 79.8566821, 7.0663859 ] ] ], [ [ [ 79.8549333, 7.0698623 ], [ 79.8551667, 7.069833 ], [ 79.8553276, 7.0695136 ], [ 79.8546007, 7.0691249 ], [ 79.8543057, 7.0696227 ], [ 79.8547053, 7.0701364 ], [ 79.8548743, 7.0701604 ], [ 79.8549333, 7.0698623 ] ] ], [ [ [ 79.8548582, 7.0710202 ], [ 79.8547751, 7.070935 ], [ 79.8545176, 7.0708844 ], [ 79.8543781, 7.0708604 ], [ 79.8544264, 7.0710175 ], [ 79.8547912, 7.0712145 ], [ 79.8548582, 7.0710202 ] ] ], [ [ [ 79.8535466, 7.0710973 ], [ 79.8532945, 7.0717921 ], [ 79.8538953, 7.0720343 ], [ 79.854185, 7.0713555 ], [ 79.8535466, 7.0710973 ] ] ], [ [ [ 79.8527232, 7.0718533 ], [ 79.8527393, 7.0719784 ], [ 79.8530638, 7.0720237 ], [ 79.8531067, 7.0719012 ], [ 79.8527232, 7.0718533 ] ] ], [ [ [ 79.8542923, 7.0721834 ], [ 79.8541689, 7.0722419 ], [ 79.8539865, 7.0721674 ], [ 79.8539597, 7.0722712 ], [ 79.854295, 7.0724096 ], [ 79.854362, 7.0722739 ], [ 79.8544532, 7.0722685 ], [ 79.8544478, 7.0722047 ], [ 79.8542923, 7.0721834 ] ] ], [ [ [ 79.8535332, 7.0721062 ], [ 79.8534206, 7.0719917 ], [ 79.8532113, 7.0719039 ], [ 79.8532382, 7.0720955 ], [ 79.8532838, 7.0720982 ], [ 79.8533455, 7.0720636 ], [ 79.8533803, 7.0720875 ], [ 79.8533696, 7.0721461 ], [ 79.8532677, 7.0721355 ], [ 79.8531389, 7.0726864 ], [ 79.8533642, 7.0727903 ], [ 79.8534206, 7.0726518 ], [ 79.8535198, 7.0726093 ], [ 79.8536351, 7.0726465 ], [ 79.8538363, 7.0721887 ], [ 79.8537934, 7.0721621 ], [ 79.8536271, 7.0722579 ], [ 79.8535654, 7.0722073 ], [ 79.8535332, 7.0721062 ] ] ], [ [ [ 79.8532328, 7.0744632 ], [ 79.853324, 7.0743793 ], [ 79.8532905, 7.0743314 ], [ 79.8532355, 7.0743234 ], [ 79.8530075, 7.0742037 ], [ 79.852986, 7.0742276 ], [ 79.8529257, 7.0742915 ], [ 79.8528533, 7.0743155 ], [ 79.8527125, 7.0742835 ], [ 79.8526454, 7.0742449 ], [ 79.8525488, 7.0746109 ], [ 79.852805, 7.0746562 ], [ 79.853155, 7.074776 ], [ 79.853379, 7.0748625 ], [ 79.8534286, 7.074748 ], [ 79.8533897, 7.0747334 ], [ 79.8532583, 7.0746202 ], [ 79.8532328, 7.0744632 ] ] ], [ [ [ 79.83423015821873, 7.142495525418587 ], [ 79.834175455889422, 7.14301730148286 ], [ 79.835757615568184, 7.143055172326234 ], [ 79.835761823439668, 7.142848986623417 ], [ 79.835610340066168, 7.142769037065182 ], [ 79.83423015821873, 7.142495525418587 ] ] ], [ [ [ 79.8313064, 7.1521201 ], [ 79.831228, 7.1522833 ], [ 79.8316652, 7.1525708 ], [ 79.8317751, 7.1523419 ], [ 79.8313064, 7.1521201 ] ] ], [ [ [ 79.8317134, 7.1526 ], [ 79.8320407, 7.1528183 ], [ 79.8320773, 7.152462 ], [ 79.8318207, 7.1523525 ], [ 79.8317134, 7.1526 ] ] ], [ [ [ 79.8251052, 7.1718203 ], [ 79.8250749, 7.1719896 ], [ 79.8254428, 7.1721345 ], [ 79.8254751, 7.1719106 ], [ 79.8251052, 7.1718203 ] ] ], [ [ [ 79.864483529016894, 7.198267634389186 ], [ 79.864485812438389, 7.198167163843081 ], [ 79.864522347182429, 7.198107794884019 ], [ 79.864583999562996, 7.198084960668996 ], [ 79.864693603795104, 7.198057559610967 ], [ 79.864775806969192, 7.198037008817445 ], [ 79.864917379102337, 7.198011891180919 ], [ 79.865074935186001, 7.197989056965895 ], [ 79.86517997257512, 7.19797535643688 ], [ 79.865262175749194, 7.197961655907867 ], [ 79.86527359285671, 7.197925121163828 ], [ 79.865275876278218, 7.197868035626269 ], [ 79.865269026013706, 7.197794966138193 ], [ 79.865250758641693, 7.197719613228614 ], [ 79.865209657054649, 7.197678511641571 ], [ 79.865042967284978, 7.19769677901359 ], [ 79.864905961994822, 7.197710479542605 ], [ 79.864816908556236, 7.197731030336126 ], [ 79.864721004853138, 7.197760714815657 ], [ 79.864611400621015, 7.19779268271669 ], [ 79.864549748240449, 7.197815516931714 ], [ 79.864453844537351, 7.197842917989743 ], [ 79.864351090569755, 7.197865752204766 ], [ 79.864264320552664, 7.197884019576786 ], [ 79.864172983692569, 7.197906853791809 ], [ 79.864163850006548, 7.197911420634814 ], [ 79.864163850006548, 7.197943388535847 ], [ 79.864168416849552, 7.197989056965895 ], [ 79.86417070027106, 7.198016458023924 ], [ 79.864248336602145, 7.198532511283463 ], [ 79.864330539776233, 7.198548495233979 ], [ 79.864396758999803, 7.198548495233979 ], [ 79.864451561115857, 7.198537078126467 ], [ 79.864474395330873, 7.198509677068438 ], [ 79.864483529016894, 7.198438891001865 ], [ 79.864483529016894, 7.198363538092286 ], [ 79.864483529016894, 7.198267634389186 ] ] ], [ [ [ 79.861362091823082, 7.231242524305108 ], [ 79.861314139971526, 7.231217406668581 ], [ 79.861263904698475, 7.231201422718065 ], [ 79.861231936797438, 7.231192289032055 ], [ 79.861190835210394, 7.231196855875059 ], [ 79.86114973362335, 7.231203706139567 ], [ 79.861120049143821, 7.231219690090083 ], [ 79.861106348614811, 7.231237957462103 ], [ 79.861099498350299, 7.231260791677126 ], [ 79.861092648085801, 7.231281342470647 ], [ 79.861090364664292, 7.231288192735155 ], [ 79.861099498350299, 7.231349845115719 ], [ 79.861129182829828, 7.231384096438255 ], [ 79.861168000995377, 7.231427481446801 ], [ 79.861222803111431, 7.23148456698436 ], [ 79.861277605227485, 7.231534802257412 ], [ 79.861343824451055, 7.231591887794972 ], [ 79.861414610517627, 7.231639839646522 ], [ 79.861478546319702, 7.231660390440044 ], [ 79.861558466072282, 7.231619288853 ], [ 79.861604134502329, 7.231550786207929 ], [ 79.861638385824861, 7.231493700670369 ], [ 79.86165436977538, 7.231438898554313 ], [ 79.861622401874342, 7.231393230124264 ], [ 79.861526498171244, 7.2313315777437 ], [ 79.8614853965842, 7.23130189326417 ], [ 79.86142146078214, 7.231272208784638 ], [ 79.861362091823082, 7.231242524305108 ] ] ], [ [ [ 79.860033140508705, 7.232719898017149 ], [ 79.859987472078657, 7.232719898017149 ], [ 79.859928103119586, 7.232719898017149 ], [ 79.859877867846535, 7.232738165389168 ], [ 79.859855033631518, 7.232765566447197 ], [ 79.859827632573484, 7.232813518298747 ], [ 79.859802514936959, 7.232868320414804 ], [ 79.859779680721928, 7.232925405952364 ], [ 79.85975912992842, 7.232952807010393 ], [ 79.859731728870386, 7.232980208068421 ], [ 79.859708894655355, 7.233025876498469 ], [ 79.859674643332824, 7.23309437914354 ], [ 79.859667793068311, 7.233130913887578 ], [ 79.859660942803814, 7.233192566268142 ], [ 79.859651809117807, 7.233229101012181 ], [ 79.859638108588783, 7.233249651805703 ], [ 79.859610707530763, 7.233274769442229 ], [ 79.859585589894238, 7.233297603657252 ], [ 79.859569605943719, 7.233315871029271 ], [ 79.859560472257712, 7.233327288136783 ], [ 79.859546771728688, 7.233347838930305 ], [ 79.859535354621187, 7.233366106302324 ], [ 79.859158590073292, 7.234140186191632 ], [ 79.859147172965777, 7.234188138043182 ], [ 79.859140322701265, 7.234222389365717 ], [ 79.859149456387271, 7.234258924109756 ], [ 79.859174574023797, 7.234279474903277 ], [ 79.859206541924834, 7.234293175432292 ], [ 79.859236226404363, 7.234293175432292 ], [ 79.859288745098922, 7.234293175432292 ], [ 79.859332130107461, 7.234288608589287 ], [ 79.859396065909536, 7.234268057795766 ], [ 79.859432600653577, 7.234256640688254 ], [ 79.859485119348122, 7.234242940159239 ], [ 79.859530787778169, 7.234215539101211 ], [ 79.859578739629725, 7.234188138043182 ], [ 79.859612990952257, 7.23414703645614 ], [ 79.859624408059773, 7.234089950918579 ], [ 79.859635825167288, 7.233987196950972 ], [ 79.859654092539301, 7.233934678256418 ], [ 79.85968377701883, 7.233870742454351 ], [ 79.859713461498359, 7.233811373495289 ], [ 79.859763696771424, 7.233724603478199 ], [ 79.85980023151545, 7.23364011688261 ], [ 79.859827632573484, 7.23358303134505 ], [ 79.859871017582037, 7.233507678435472 ], [ 79.859921252855088, 7.233471143691434 ], [ 79.859962354442132, 7.2334391757904 ], [ 79.859992038921661, 7.233411774732372 ], [ 79.859994322343155, 7.233382090252841 ], [ 79.859992038921661, 7.233361539459319 ], [ 79.859980621814145, 7.233325004715281 ], [ 79.859978338392636, 7.233299887078755 ], [ 79.860017156558186, 7.233277052863731 ], [ 79.860142744740813, 7.233272486020726 ], [ 79.860186129749366, 7.233222250747674 ], [ 79.860211247385891, 7.233167448631616 ], [ 79.860266049501945, 7.233080678614526 ], [ 79.86027746660946, 7.233039577027483 ], [ 79.860298017402982, 7.232971074382411 ], [ 79.860327701882511, 7.232909422001847 ], [ 79.860332268725514, 7.232861470150297 ], [ 79.860309434510484, 7.232822651984756 ], [ 79.860266049501945, 7.232802101191235 ], [ 79.860222664493392, 7.232786117240718 ], [ 79.860133611054806, 7.232756432761187 ], [ 79.860090226046253, 7.232735881967666 ], [ 79.860033140508705, 7.232719898017149 ] ] ], [ [ [ 79.853755687445684, 7.269043589127067 ], [ 79.85377254451204, 7.268984589394806 ], [ 79.853768330245458, 7.268917161129365 ], [ 79.85374304464591, 7.268828661530972 ], [ 79.853721973312958, 7.26871487633304 ], [ 79.853667187847293, 7.268647448067599 ], [ 79.853612402381628, 7.268601091135108 ], [ 79.85355761691595, 7.268575805535567 ], [ 79.853464903050963, 7.268508377270126 ], [ 79.85337218918599, 7.268499948736945 ], [ 79.853304760920551, 7.268516805803306 ], [ 79.853262618254647, 7.268554734202617 ], [ 79.853241546921694, 7.268605305401698 ], [ 79.853224689855338, 7.268664305133959 ], [ 79.853220475588742, 7.2686895907335 ], [ 79.853186761456016, 7.269022517794117 ], [ 79.853334260786681, 7.269035160593887 ], [ 79.853502831450285, 7.269052017660248 ], [ 79.853570259715724, 7.269060446193428 ], [ 79.853700901980019, 7.269073088993198 ], [ 79.853755687445684, 7.269043589127067 ] ] ], [ [ [ 79.8954605, 6.7954066 ], [ 79.8955142, 6.7953393 ], [ 79.8955095, 6.7952906 ], [ 79.8953226, 6.7952697 ], [ 79.8949955, 6.7954089 ], [ 79.894853, 6.7953439 ], [ 79.8945072, 6.7952465 ], [ 79.8944628, 6.7952534 ], [ 79.8942782, 6.7954367 ], [ 79.8939137, 6.7955759 ], [ 79.8938833, 6.7956107 ], [ 79.8938833, 6.7956455 ], [ 79.8939581, 6.7963091 ], [ 79.8940539, 6.7964738 ], [ 79.8941403, 6.7964993 ], [ 79.8944735, 6.7964863 ], [ 79.8945446, 6.796439 ], [ 79.894874, 6.7963601 ], [ 79.8949324, 6.7963114 ], [ 79.89486, 6.7959959 ], [ 79.8948553, 6.7958775 ], [ 79.8949207, 6.7956873 ], [ 79.8950165, 6.7955388 ], [ 79.8954605, 6.7954066 ] ] ], [ [ [ 79.8867644, 6.8169051 ], [ 79.8867958, 6.8163909 ], [ 79.8866137, 6.8156492 ], [ 79.8854964, 6.8150945 ], [ 79.884875, 6.8162569 ], [ 79.8853803, 6.8165405 ], [ 79.8862811, 6.8169955 ], [ 79.8867644, 6.8169051 ] ] ], [ [ [ 79.9004423, 6.8178446 ], [ 79.900522, 6.817805 ], [ 79.9005997, 6.8176563 ], [ 79.900704, 6.817613 ], [ 79.9012237, 6.8177109 ], [ 79.9021436, 6.8177693 ], [ 79.9027884, 6.8175791 ], [ 79.9028965, 6.8174472 ], [ 79.9014285, 6.8167731 ], [ 79.9009164, 6.8166111 ], [ 79.9009961, 6.8164567 ], [ 79.9008501, 6.8164152 ], [ 79.900558, 6.8169783 ], [ 79.900374, 6.8176826 ], [ 79.9002697, 6.8178098 ], [ 79.9004423, 6.8178446 ] ], [ [ 79.9008292, 6.816694 ], [ 79.9013697, 6.816871 ], [ 79.9026082, 6.8174567 ], [ 79.9019937, 6.8176469 ], [ 79.9011232, 6.8175339 ], [ 79.9006566, 6.8174868 ], [ 79.9008292, 6.816694 ] ] ], [ [ [ 79.892346551759502, 6.826109461235594 ], [ 79.892290037077316, 6.826032395759889 ], [ 79.892243797791892, 6.826001569569607 ], [ 79.892171870014565, 6.825970743379325 ], [ 79.892007463666403, 6.825945054887423 ], [ 79.891961224380978, 6.825924504093901 ], [ 79.891920122793934, 6.825852576316577 ], [ 79.891843057318226, 6.825790923936013 ], [ 79.891765991842519, 6.82576523544411 ], [ 79.891694064065192, 6.825749822348969 ], [ 79.891591310097596, 6.825724133857068 ], [ 79.89152965771703, 6.825708720761926 ], [ 79.891462867638083, 6.825652206079742 ], [ 79.891390939860756, 6.825605966794319 ], [ 79.891319012083429, 6.825564865207276 ], [ 79.891252222004482, 6.825544314413754 ], [ 79.891159743433633, 6.825523763620233 ], [ 79.89108781565632, 6.825508350525093 ], [ 79.891031300974134, 6.82547238663643 ], [ 79.89099019938709, 6.825421009652626 ], [ 79.890933684704905, 6.825385045763963 ], [ 79.890825793038914, 6.825307980288258 ], [ 79.890738452166445, 6.825261741002834 ], [ 79.890717901372923, 6.825251465606074 ], [ 79.890645973595596, 6.825251465606074 ], [ 79.890661386690738, 6.82533366878016 ], [ 79.89068193748426, 6.825395321160724 ], [ 79.890707625976162, 6.825492937429951 ], [ 79.890738452166445, 6.825580278302417 ], [ 79.890794966848631, 6.825667619174883 ], [ 79.890866894625958, 6.825734409253828 ], [ 79.890949097800046, 6.825790923936013 ], [ 79.891056989466037, 6.825852576316577 ], [ 79.891159743433633, 6.825914228697141 ], [ 79.891252222004482, 6.825996431871227 ], [ 79.89132928748019, 6.826099185838834 ], [ 79.891385802162375, 6.826201939806442 ], [ 79.891421766051039, 6.826268729885386 ], [ 79.891468005336463, 6.826309831472429 ], [ 79.891545070812171, 6.826345795361092 ], [ 79.891688926366811, 6.826386896948135 ], [ 79.891807093429563, 6.826433136233558 ], [ 79.891904709698792, 6.826505064010883 ], [ 79.891950948984217, 6.826551303296306 ], [ 79.891997188269642, 6.826633506470392 ], [ 79.892012601364783, 6.826654057263913 ], [ 79.89207939144373, 6.826705434247717 ], [ 79.892120493030774, 6.826823601310466 ], [ 79.892151319221043, 6.826859565199128 ], [ 79.892182145411326, 6.826931492976453 ], [ 79.892233522395131, 6.827003420753778 ], [ 79.892300312474077, 6.827013696150539 ], [ 79.892341414061121, 6.826998283055397 ], [ 79.892377377949785, 6.826946906071594 ], [ 79.892403066441688, 6.826864702897508 ], [ 79.89242361723521, 6.826772224326661 ], [ 79.892454443425493, 6.826664332660674 ], [ 79.892557197393103, 6.826541027899546 ], [ 79.892634262868796, 6.826489650915741 ], [ 79.892737016836406, 6.826402310043275 ], [ 79.892808944613734, 6.826314969170809 ], [ 79.892808944613734, 6.826227628298343 ], [ 79.892757567629928, 6.826171113616159 ], [ 79.892685639852601, 6.826119736632355 ], [ 79.892567472789864, 6.826109461235594 ], [ 79.892459581123873, 6.826145425124257 ], [ 79.892392791044927, 6.826145425124257 ], [ 79.892346551759502, 6.826109461235594 ] ] ], [ [ [ 79.897072, 6.829605 ], [ 79.8974874, 6.8286578 ], [ 79.8979634, 6.8284092 ], [ 79.8982593, 6.8285147 ], [ 79.8984338, 6.8282397 ], [ 79.8986121, 6.8281625 ], [ 79.8989971, 6.8291079 ], [ 79.8992193, 6.8303067 ], [ 79.8992471, 6.8317792 ], [ 79.8998254, 6.8316329 ], [ 79.8999515, 6.8315903 ], [ 79.9005925, 6.8309059 ], [ 79.9005711, 6.8303067 ], [ 79.8995787, 6.8299258 ], [ 79.8996618, 6.8284824 ], [ 79.8992836, 6.8283492 ], [ 79.8993131, 6.8278299 ], [ 79.8993909, 6.8276382 ], [ 79.8986989, 6.8257207 ], [ 79.8981088, 6.8245276 ], [ 79.8976904, 6.8243145 ], [ 79.8972988, 6.8260829 ], [ 79.8968214, 6.8273133 ], [ 79.8965692, 6.8278566 ], [ 79.8962367, 6.829039 ], [ 79.8961564, 6.8299455 ], [ 79.8962581, 6.8304345 ], [ 79.8966497, 6.8306902 ], [ 79.8968225, 6.8307334 ], [ 79.896981, 6.8304524 ], [ 79.897072, 6.829605 ] ] ], [ [ [ 79.884855787520948, 6.82837004852297 ], [ 79.88487633831447, 6.828457389395437 ], [ 79.884896889107992, 6.828513904077621 ], [ 79.884953403790178, 6.828601244950087 ], [ 79.884994505377222, 6.828657759632271 ], [ 79.885035606964266, 6.828703998917694 ], [ 79.885107534741593, 6.828765651298259 ], [ 79.8851846002173, 6.82879133979016 ], [ 79.885292491883277, 6.82879133979016 ], [ 79.885390108152507, 6.828770788996639 ], [ 79.885451760533073, 6.828714274314454 ], [ 79.885482586723356, 6.828662897330651 ], [ 79.885487724421736, 6.828570418759805 ], [ 79.885482586723356, 6.82850362868086 ], [ 79.885467173628214, 6.828436838601915 ], [ 79.885446622834692, 6.828344360031068 ], [ 79.885462035929834, 6.828241606063461 ], [ 79.885513412913639, 6.828113163603952 ], [ 79.88552882600878, 6.828030960429866 ], [ 79.885533963707161, 6.827917931065499 ], [ 79.885533963707161, 6.827830590193032 ], [ 79.885518550612019, 6.827727836225425 ], [ 79.885456898231453, 6.827548016782112 ], [ 79.885446622834692, 6.82751205289345 ], [ 79.88542093434279, 6.827460675909646 ], [ 79.885379832755746, 6.827409298925843 ], [ 79.885307904978418, 6.827368197338799 ], [ 79.885220564105964, 6.827342508846898 ], [ 79.88508184624969, 6.827332233450137 ], [ 79.884953403790178, 6.827337371148517 ], [ 79.884840374425806, 6.827383610433941 ], [ 79.884783859743621, 6.827476089004787 ], [ 79.884758171251718, 6.827553154480492 ], [ 79.884753033553338, 6.827614806861057 ], [ 79.884753033553338, 6.82766104614648 ], [ 79.884753033553338, 6.827707285431903 ], [ 79.884758171251718, 6.827732973923806 ], [ 79.884794135140382, 6.828015547334726 ], [ 79.884830099029045, 6.828097750508811 ], [ 79.884830099029045, 6.828262156856983 ], [ 79.884855787520948, 6.82837004852297 ] ] ], [ [ [ 79.9011873, 6.8287367 ], [ 79.9011619, 6.828495 ], [ 79.9011934, 6.8283213 ], [ 79.9014401, 6.8279844 ], [ 79.9014368, 6.8279424 ], [ 79.9013959, 6.8279005 ], [ 79.9013047, 6.8278705 ], [ 79.9011464, 6.8278572 ], [ 79.9009131, 6.8278925 ], [ 79.9008326, 6.8278565 ], [ 79.9006469, 6.8276988 ], [ 79.9004973, 6.8276874 ], [ 79.9001574, 6.8279757 ], [ 79.9001192, 6.8280546 ], [ 79.9001601, 6.8281382 ], [ 79.9004162, 6.8284385 ], [ 79.9006858, 6.8288939 ], [ 79.9008118, 6.8290676 ], [ 79.9008896, 6.8291202 ], [ 79.9009708, 6.8291182 ], [ 79.9010579, 6.829045 ], [ 79.9011739, 6.8288599 ], [ 79.9011873, 6.8287367 ] ] ], [ [ [ 79.892613712075303, 6.828241606063461 ], [ 79.892572610488259, 6.828195366778038 ], [ 79.892536646599595, 6.828154265190995 ], [ 79.89249040731417, 6.828108025905572 ], [ 79.892454443425507, 6.828061786620149 ], [ 79.892428754933604, 6.828036098128247 ], [ 79.892392791044941, 6.828005271937965 ], [ 79.892356827156277, 6.827974445747683 ], [ 79.892320863267614, 6.827969308049302 ], [ 79.892274623982189, 6.827984721144443 ], [ 79.892243797791906, 6.828020685033105 ], [ 79.892177007712959, 6.828097750508811 ], [ 79.892115355332407, 6.828169678286137 ], [ 79.892022876761558, 6.828267294555364 ], [ 79.891956086682612, 6.82836491082459 ], [ 79.891884158905285, 6.828477940188958 ], [ 79.891827644223099, 6.828544730267903 ], [ 79.891776267239294, 6.828616658045227 ], [ 79.891724890255489, 6.828673172727412 ], [ 79.891673513271684, 6.828714274314454 ], [ 79.89163754938302, 6.828755375901498 ], [ 79.89163754938302, 6.828806752885301 ], [ 79.891642687081401, 6.828847854472344 ], [ 79.89163241168464, 6.828894093757768 ], [ 79.891611860891132, 6.828919782249669 ], [ 79.891555346208946, 6.828996847725374 ], [ 79.891534795415424, 6.829022536217277 ], [ 79.891247084306116, 6.829233181850872 ], [ 79.891216258115833, 6.829320522723338 ], [ 79.891241946607735, 6.829397588199043 ], [ 79.89128818589316, 6.82950034216665 ], [ 79.891319012083443, 6.829536306055313 ], [ 79.891360113670487, 6.829556856848835 ], [ 79.891442316844575, 6.829551719150454 ], [ 79.891498831526761, 6.829505479865031 ], [ 79.891565621605707, 6.829448965182847 ], [ 79.891642687081401, 6.829428414389326 ], [ 79.891730027953869, 6.829402725897423 ], [ 79.891796818032816, 6.829361624310381 ], [ 79.891853332715002, 6.829325660421718 ], [ 79.891925260492329, 6.829274283437915 ], [ 79.892048565253461, 6.829150978676785 ], [ 79.892099942237266, 6.829104739391362 ], [ 79.892177007712959, 6.829043087010798 ], [ 79.892218109300003, 6.829007123122135 ], [ 79.892228384696764, 6.828950608439952 ], [ 79.892130768427535, 6.82892491994805 ], [ 79.892053702951841, 6.828878680662626 ], [ 79.892028014459939, 6.828806752885301 ], [ 79.892033152158319, 6.828734825107976 ], [ 79.892084529142124, 6.828662897330651 ], [ 79.892161594617818, 6.828616658045227 ], [ 79.892243797791906, 6.828601244950087 ], [ 79.892315725569233, 6.828632071140369 ], [ 79.892331138664375, 6.828688585822553 ], [ 79.892320863267614, 6.828765651298259 ], [ 79.892315725569233, 6.828827303678823 ], [ 79.892346551759516, 6.828852992170725 ], [ 79.892392791044941, 6.828822165980442 ], [ 79.892449305727126, 6.828760513599878 ], [ 79.892531508901214, 6.828698861219314 ], [ 79.892623987472064, 6.828626933441988 ], [ 79.892716466042899, 6.828560143363044 ], [ 79.892788393820226, 6.82850876637924 ], [ 79.892814082312128, 6.828483077887339 ], [ 79.892814082312128, 6.828447113998676 ], [ 79.892788393820226, 6.828406012411633 ], [ 79.892742154534801, 6.82837004852297 ], [ 79.892695915249377, 6.828318671539167 ], [ 79.892649675963952, 6.828277569952124 ], [ 79.892613712075303, 6.828241606063461 ] ] ], [ [ [ 79.90259, 6.8315989 ], [ 79.9026002, 6.8314106 ], [ 79.9024647, 6.8314319 ], [ 79.9023239, 6.8314572 ], [ 79.9021523, 6.8314918 ], [ 79.9019927, 6.831553 ], [ 79.9018948, 6.8316183 ], [ 79.9019589, 6.8318044 ], [ 79.9019796, 6.8319383 ], [ 79.9019915, 6.8320086 ], [ 79.9019708, 6.8321188 ], [ 79.9019954, 6.8321842 ], [ 79.9020541, 6.8322251 ], [ 79.9021751, 6.8322548 ], [ 79.9022615, 6.8322359 ], [ 79.9023187, 6.8321322 ], [ 79.9024443, 6.832099 ], [ 79.9026618, 6.8319616 ], [ 79.9027171, 6.8318949 ], [ 79.9027329, 6.8318085 ], [ 79.9026438, 6.8317167 ], [ 79.9026101, 6.8316707 ], [ 79.90259, 6.8315989 ] ] ], [ [ [ 79.8999736, 6.8335634 ], [ 79.8999731, 6.8336599 ], [ 79.8999421, 6.8337508 ], [ 79.9000358, 6.8339035 ], [ 79.9004316, 6.8339183 ], [ 79.9005339, 6.833867 ], [ 79.9006053, 6.8338678 ], [ 79.9006844, 6.833887 ], [ 79.9007542, 6.8339352 ], [ 79.9007857, 6.8340072 ], [ 79.9007602, 6.834113 ], [ 79.9009513, 6.8341889 ], [ 79.9011055, 6.8341463 ], [ 79.9012249, 6.8340864 ], [ 79.9012168, 6.8339499 ], [ 79.9011451, 6.8337788 ], [ 79.9010979, 6.8337137 ], [ 79.9009615, 6.8336218 ], [ 79.9009154, 6.8335895 ], [ 79.9008295, 6.833492 ], [ 79.9008799, 6.8334115 ], [ 79.900891, 6.8333143 ], [ 79.9008547, 6.8332338 ], [ 79.9007876, 6.8331755 ], [ 79.9006702, 6.8331505 ], [ 79.9005047, 6.8331024 ], [ 79.9000551, 6.8330118 ], [ 79.8998539, 6.8329729 ], [ 79.8997952, 6.8329785 ], [ 79.8997322, 6.8330943 ], [ 79.8996813, 6.8333633 ], [ 79.899804, 6.8333909 ], [ 79.8999512, 6.8335078 ], [ 79.8999736, 6.8335634 ] ] ], [ [ [ 79.9019177, 6.8342558 ], [ 79.9017108, 6.8341753 ], [ 79.9015235, 6.8341475 ], [ 79.9013754, 6.8341808 ], [ 79.9012635, 6.8342724 ], [ 79.9011601, 6.8345139 ], [ 79.9011797, 6.8346222 ], [ 79.901479, 6.8350364 ], [ 79.9018317, 6.8352402 ], [ 79.9020906, 6.8355105 ], [ 79.9022301, 6.8354612 ], [ 79.9023566, 6.8352467 ], [ 79.9027229, 6.8349331 ], [ 79.9025328, 6.8347138 ], [ 79.9023902, 6.8347776 ], [ 79.9022616, 6.8347804 ], [ 79.9021861, 6.8345639 ], [ 79.9020799, 6.8344085 ], [ 79.9019177, 6.8342558 ] ] ], [ [ [ 79.9035491, 6.8353029 ], [ 79.9036163, 6.8353265 ], [ 79.9036677, 6.8352872 ], [ 79.9040301, 6.8345238 ], [ 79.9041224, 6.8343294 ], [ 79.9040907, 6.8342273 ], [ 79.9039892, 6.8342027 ], [ 79.9039093, 6.834117 ], [ 79.903676, 6.8341038 ], [ 79.9035584, 6.8341359 ], [ 79.9033043, 6.834053 ], [ 79.9031184, 6.8340662 ], [ 79.9029515, 6.8341076 ], [ 79.9028244, 6.8342168 ], [ 79.9027334, 6.8343807 ], [ 79.9025229, 6.8346085 ], [ 79.9026177, 6.8346914 ], [ 79.9030312, 6.8349531 ], [ 79.9030786, 6.835004 ], [ 79.9030956, 6.8350624 ], [ 79.9030615, 6.8351791 ], [ 79.9030179, 6.83523 ], [ 79.9028724, 6.8352202 ], [ 79.9027061, 6.835364 ], [ 79.902631, 6.835633 ], [ 79.9025908, 6.8356809 ], [ 79.9025372, 6.8357076 ], [ 79.9024889, 6.8357049 ], [ 79.9024325, 6.835838 ], [ 79.9024621, 6.8359073 ], [ 79.9027705, 6.8359978 ], [ 79.9028805, 6.8359845 ], [ 79.9029878, 6.8359419 ], [ 79.9032158, 6.835601 ], [ 79.9032453, 6.8354812 ], [ 79.903205, 6.8353986 ], [ 79.9034265, 6.8353422 ], [ 79.9034531, 6.8353097 ], [ 79.9034779, 6.8352794 ], [ 79.9035491, 6.8353029 ] ] ], [ [ [ 79.8977803, 6.8409373 ], [ 79.8977152, 6.8409466 ], [ 79.8976207, 6.8409932 ], [ 79.8975509, 6.8410145 ], [ 79.8974497, 6.8410092 ], [ 79.8973776, 6.8410068 ], [ 79.8973421, 6.8410178 ], [ 79.8973085, 6.8410525 ], [ 79.8974648, 6.8410521 ], [ 79.897569, 6.8410771 ], [ 79.8983445, 6.841393 ], [ 79.8983134, 6.8413334 ], [ 79.8982651, 6.8412955 ], [ 79.8981759, 6.8412489 ], [ 79.8980592, 6.8412102 ], [ 79.8980294, 6.8411793 ], [ 79.8980076, 6.8411383 ], [ 79.8979888, 6.8410391 ], [ 79.8979794, 6.8410012 ], [ 79.8979425, 6.8409732 ], [ 79.8978829, 6.8409539 ], [ 79.8977803, 6.8409373 ] ] ], [ [ [ 79.8807539, 6.8435623 ], [ 79.8808773, 6.8434931 ], [ 79.8811563, 6.8435304 ], [ 79.8816981, 6.8436422 ], [ 79.8820682, 6.8440417 ], [ 79.8824169, 6.8444465 ], [ 79.8827334, 6.8449844 ], [ 79.8829265, 6.8450377 ], [ 79.8829051, 6.8451176 ], [ 79.8824243, 6.8452346 ], [ 79.882095, 6.8453147 ], [ 79.8821409, 6.8453927 ], [ 79.8837066, 6.845002 ], [ 79.8811917, 6.8424455 ], [ 79.8805684, 6.8400852 ], [ 79.8805142, 6.8400853 ], [ 79.8804929, 6.8399461 ], [ 79.880548, 6.8399315 ], [ 79.8804458, 6.8396845 ], [ 79.8799472, 6.8394287 ], [ 79.8783765, 6.8369999 ], [ 79.8782306, 6.8371107 ], [ 79.8784178, 6.8384223 ], [ 79.8786855, 6.8402979 ], [ 79.8787302, 6.8402864 ], [ 79.8787584, 6.8404609 ], [ 79.878717, 6.8404736 ], [ 79.8788994, 6.8421793 ], [ 79.8814593, 6.8454639 ], [ 79.8815433, 6.8451831 ], [ 79.8813655, 6.8449951 ], [ 79.8811348, 6.8446595 ], [ 79.8807593, 6.8442867 ], [ 79.88077, 6.8441269 ], [ 79.8807192, 6.843901 ], [ 79.8806735, 6.8437647 ], [ 79.8807539, 6.8435623 ] ], [ [ 79.8804239, 6.8399644 ], [ 79.8804551, 6.8400991 ], [ 79.8804227, 6.8401162 ], [ 79.8807368, 6.8413973 ], [ 79.8805909, 6.8415677 ], [ 79.879118, 6.8418243 ], [ 79.8788443, 6.8404456 ], [ 79.8788074, 6.8404508 ], [ 79.8787759, 6.8402723 ], [ 79.8791661, 6.8401616 ], [ 79.8791575, 6.8397781 ], [ 79.8798508, 6.8396935 ], [ 79.8800394, 6.8399417 ], [ 79.8801712, 6.8398994 ], [ 79.8803138, 6.8398943 ], [ 79.8803934, 6.8399725 ], [ 79.8804239, 6.8399644 ] ] ], [ [ [ 79.9004001, 6.8424729 ], [ 79.9002945, 6.8424509 ], [ 79.9002601, 6.8424639 ], [ 79.9002425, 6.8424809 ], [ 79.9003497, 6.8426322 ], [ 79.9003904, 6.8426015 ], [ 79.9003419, 6.8425668 ], [ 79.9003435, 6.8425195 ], [ 79.900406, 6.8425008 ], [ 79.9004001, 6.8424729 ] ] ], [ [ [ 79.8810913, 6.8442626 ], [ 79.8812178, 6.8442046 ], [ 79.8811393, 6.8440815 ], [ 79.8810007, 6.8441277 ], [ 79.8810913, 6.8442626 ] ] ], [ [ [ 79.8968355, 6.8465671 ], [ 79.8966749, 6.8460408 ], [ 79.8966296, 6.8459655 ], [ 79.8964978, 6.8458336 ], [ 79.8962437, 6.8457094 ], [ 79.8957746, 6.8455258 ], [ 79.895763008301714, 6.845565247717401 ], [ 79.8957605523333, 6.845550511906912 ], [ 79.89565779836569, 6.845437482542544 ], [ 79.895544769001319, 6.845345003971698 ], [ 79.895462565827231, 6.845221699210569 ], [ 79.895370087256396, 6.845077843655918 ], [ 79.895318710272591, 6.844913437307746 ], [ 79.895318710272591, 6.844728480166054 ], [ 79.895359811859635, 6.844594900008165 ], [ 79.895421464240187, 6.844471595247035 ], [ 79.895421464240187, 6.844348290485907 ], [ 79.895411188843426, 6.844194159534496 ], [ 79.895411188843426, 6.84411195636041 ], [ 79.895390638049903, 6.844060579376607 ], [ 79.895349536462874, 6.843978376202521 ], [ 79.89530843487583, 6.843844796044631 ], [ 79.895318710272591, 6.84369066509322 ], [ 79.895390638049903, 6.843557084935331 ], [ 79.895442015033709, 6.843433780174202 ], [ 79.895442015033709, 6.843320750809834 ], [ 79.895442015033709, 6.843228272238988 ], [ 79.895431739636948, 6.843084416684338 ], [ 79.895462565827231, 6.842920010336166 ], [ 79.895483116620753, 6.842786430178276 ], [ 79.895493392017514, 6.842673400813909 ], [ 79.895493392017514, 6.842611748433344 ], [ 79.895503667414275, 6.842539820656019 ], [ 79.895513942811036, 6.842498719068976 ], [ 79.895626972175407, 6.842385689704608 ], [ 79.895626972175407, 6.842354863514326 ], [ 79.895616696778646, 6.842313761927283 ], [ 79.895524218207797, 6.842303486530522 ], [ 79.895442015033709, 6.84227266034024 ], [ 79.895370087256396, 6.842241834149958 ], [ 79.895287884082308, 6.842200732562915 ], [ 79.895205680908219, 6.842159630975872 ], [ 79.895000172972999, 6.842108253992069 ], [ 79.89490769440215, 6.842046601611504 ], [ 79.894784389641032, 6.8419952246277 ], [ 79.894702186466944, 6.841923296850375 ], [ 79.894650809483139, 6.841861644469811 ], [ 79.894589157102573, 6.841789716692486 ], [ 79.894517229325245, 6.841758890502204 ], [ 79.894404199960874, 6.841748615105443 ], [ 79.894291170596517, 6.841748615105443 ], [ 79.894137039645102, 6.841779441295725 ], [ 79.894034285677492, 6.841799992089246 ], [ 79.893941807106643, 6.841820542882768 ], [ 79.893921256313121, 6.841820542882768 ], [ 79.893859603932569, 6.841841093676289 ], [ 79.893746574568198, 6.841738339708682 ], [ 79.89367464679087, 6.841656136534596 ], [ 79.893602719013543, 6.841584208757271 ], [ 79.893530791236216, 6.841502005583186 ], [ 79.893479414252411, 6.841440353202621 ], [ 79.893407486475084, 6.841471179392904 ], [ 79.893345834094532, 6.841522556376707 ], [ 79.893243080126922, 6.841615034947553 ], [ 79.893160876952834, 6.841738339708682 ], [ 79.893047847588463, 6.841841093676289 ], [ 79.892996470604658, 6.841913021453615 ], [ 79.892893716637047, 6.842067152405026 ], [ 79.892832064256496, 6.842169906372633 ], [ 79.892739585685646, 6.84227266034024 ], [ 79.89267793330508, 6.842385689704608 ], [ 79.892554628543948, 6.842570646846301 ], [ 79.892482700766621, 6.842683676210669 ], [ 79.892421048386055, 6.842765879384755 ], [ 79.892379946799011, 6.842848082558841 ], [ 79.89232856981522, 6.842940561129687 ], [ 79.892266917434654, 6.843063865890816 ], [ 79.892164163467044, 6.843197446048706 ], [ 79.892092235689717, 6.843310475413073 ], [ 79.892061409499433, 6.843382403190398 ], [ 79.891999757118867, 6.843485157158006 ], [ 79.891958655531823, 6.843587911125613 ], [ 79.89192782934154, 6.843659838902938 ], [ 79.891907278548018, 6.843711215886742 ], [ 79.891897003151257, 6.843731766680263 ], [ 79.891876452357735, 6.843752317473784 ], [ 79.891876452357735, 6.843772868267306 ], [ 79.891044145220121, 6.845303902384654 ], [ 79.89113662379097, 6.845396380955501 ], [ 79.891239377758581, 6.845458033336065 ], [ 79.891403784106743, 6.845571062700434 ], [ 79.891568190454919, 6.845684092064801 ], [ 79.891763422993378, 6.845817672222691 ], [ 79.891948380135062, 6.845961527777341 ], [ 79.892112786483239, 6.84608483253847 ], [ 79.892308019021698, 6.846197861902838 ], [ 79.892482700766621, 6.846280065076924 ], [ 79.89267793330508, 6.846351992854249 ], [ 79.892852615050018, 6.846413645234813 ], [ 79.893088949175507, 6.846403369838052 ], [ 79.893212253936639, 6.846321166663967 ], [ 79.893438312665367, 6.84622868809312 ], [ 79.893592443616782, 6.846167035712556 ], [ 79.893777400758481, 6.846115658728752 ], [ 79.893972633296926, 6.846095107935231 ], [ 79.894126764248341, 6.84608483253847 ], [ 79.894311721390039, 6.846074557141709 ], [ 79.894455576944679, 6.846115658728752 ], [ 79.894578881705812, 6.846125934125513 ], [ 79.894774114244271, 6.846167035712556 ], [ 79.894948795989194, 6.846146484919034 ], [ 79.895154303924414, 6.84608483253847 ], [ 79.895328985669352, 6.846002629364384 ], [ 79.895483116620753, 6.845910150793538 ], [ 79.895626972175407, 6.845827947619451 ], [ 79.895698899952734, 6.845786846032409 ], [ 79.895750276936539, 6.845725193651845 ], [ 79.8957605523333, 6.84567381666804 ], [ 79.895768899549466, 6.845623733371076 ], [ 79.8963436, 6.8458237 ], [ 79.8964536, 6.845899 ], [ 79.8965652, 6.8460368 ], [ 79.8966095, 6.846129 ], [ 79.8967392, 6.8465877 ], [ 79.8970805, 6.8473497 ], [ 79.897324, 6.84813 ], [ 79.897337, 6.8482305 ], [ 79.8974041, 6.8482315 ], [ 79.8974031, 6.848073 ], [ 79.8972043, 6.8473846 ], [ 79.8968355, 6.8465671 ] ] ], [ [ [ 79.8915153, 6.8459256 ], [ 79.891528, 6.84589 ], [ 79.8915347, 6.8458753 ], [ 79.8915508, 6.8458447 ], [ 79.8915773, 6.8457646 ], [ 79.8915288, 6.8457314 ], [ 79.8915225, 6.8457292 ], [ 79.8915066, 6.8457581 ], [ 79.8914878, 6.8457981 ], [ 79.8914757, 6.8458301 ], [ 79.8914636, 6.8459008 ], [ 79.8915153, 6.8459256 ] ] ], [ [ [ 79.892534077750483, 6.846536949995943 ], [ 79.892487838465058, 6.846485573012139 ], [ 79.892472425369917, 6.846470159916998 ], [ 79.892159025768706, 6.846305753568828 ], [ 79.892045996404349, 6.846259514283404 ], [ 79.892002325968107, 6.846233825791503 ], [ 79.891948380135119, 6.846210706148791 ], [ 79.891894434302117, 6.84619529305365 ], [ 79.891840488469128, 6.846174742260128 ], [ 79.891765991842618, 6.846143916069846 ], [ 79.891719752557194, 6.846123365276325 ], [ 79.891670944422572, 6.846113089879564 ], [ 79.891634980533922, 6.846110521030374 ], [ 79.891552777359834, 6.846110521030374 ], [ 79.891534795415495, 6.846110521030374 ], [ 79.89151167577279, 6.846174742260128 ], [ 79.89148341843169, 6.846280065076926 ], [ 79.891480849582507, 6.846362268251012 ], [ 79.891480849582507, 6.846454746821858 ], [ 79.891473143034929, 6.846554931940275 ], [ 79.891450023392224, 6.846709062891686 ], [ 79.891437179146266, 6.846780990669012 ], [ 79.89140892180518, 6.846852918446336 ], [ 79.891388371011658, 6.846888882334999 ], [ 79.891352407122994, 6.846927415072852 ], [ 79.891293323591626, 6.846958241263134 ], [ 79.891241946607821, 6.846978792056655 ], [ 79.891177725378057, 6.846991636302606 ], [ 79.891090384505603, 6.846986498604226 ], [ 79.891026163275839, 6.846976223207465 ], [ 79.890949097800132, 6.846971085509085 ], [ 79.890869463475241, 6.846978792056655 ], [ 79.890825793039014, 6.846986498604226 ], [ 79.890787260301153, 6.847007049397748 ], [ 79.890759002960067, 6.847032737889649 ], [ 79.890751296412489, 6.847063564079932 ], [ 79.890751296412489, 6.847091821421023 ], [ 79.890748727563306, 6.847130354158876 ], [ 79.890748727563306, 6.847153473801588 ], [ 79.890725607920572, 6.847623573203392 ], [ 79.890707625976233, 6.847708345226668 ], [ 79.890692212881092, 6.847772566456422 ], [ 79.890687075182711, 6.847829081138606 ], [ 79.890679368635148, 6.84789073351917 ], [ 79.890669093238387, 6.847947248201354 ], [ 79.890666524389189, 6.848029451375441 ], [ 79.890669093238387, 6.848103948001955 ], [ 79.89067166208757, 6.848198995421992 ], [ 79.890681937484331, 6.848276060897698 ], [ 79.890692212881092, 6.848394227960446 ], [ 79.890707625976233, 6.848466155737771 ], [ 79.890730745618953, 6.848550927761047 ], [ 79.890751296412475, 6.848633130935133 ], [ 79.890766709507616, 6.848694783315698 ], [ 79.890787260301138, 6.848779555338973 ], [ 79.890789829150322, 6.848797537283304 ], [ 79.890830930737337, 6.849046715654749 ], [ 79.890866894626001, 6.849221397399681 ], [ 79.890874601173564, 6.849283049780245 ], [ 79.890890014268706, 6.849411492239755 ], [ 79.890902858514664, 6.849496264263031 ], [ 79.890918271609806, 6.849588742833878 ], [ 79.890918271609806, 6.849668377158773 ], [ 79.890918271609806, 6.849750580332858 ], [ 79.890920840458989, 6.849804526165853 ], [ 79.890928547006567, 6.849845627752895 ], [ 79.890933684704947, 6.849873885093988 ], [ 79.890936253554131, 6.849891867038319 ], [ 79.890895151967158, 6.850205266639522 ], [ 79.890895151967158, 6.850282332115228 ], [ 79.890884876570397, 6.850343984495792 ], [ 79.890905427363919, 6.850431325368258 ], [ 79.891013319029909, 6.850482702352061 ], [ 79.8911212106959, 6.850528941637485 ], [ 79.891177725378085, 6.850544354732626 ], [ 79.891275341647315, 6.850575180922908 ], [ 79.891491124979282, 6.850554630129387 ], [ 79.891557915058229, 6.850492977748822 ], [ 79.891619567438795, 6.850395361479595 ], [ 79.891676082120981, 6.850282332115228 ], [ 79.891691495216122, 6.850169302750859 ], [ 79.8916709444226, 6.850051135688111 ], [ 79.891660669025839, 6.849968932514026 ], [ 79.891655531327459, 6.84988159164156 ], [ 79.891655531327459, 6.849778837673952 ], [ 79.891660669025839, 6.849583605135498 ], [ 79.891681219819361, 6.849357546406762 ], [ 79.891712046009644, 6.849223966248872 ], [ 79.891748009898308, 6.849131487678026 ], [ 79.891825075374015, 6.849064697599081 ], [ 79.891881590056187, 6.849003045218517 ], [ 79.891927829341611, 6.848905428949291 ], [ 79.891927829341611, 6.848848914267106 ], [ 79.89191241624647, 6.848741022601119 ], [ 79.891881590056187, 6.848653681728653 ], [ 79.891861039262665, 6.848540652364284 ], [ 79.891855901564284, 6.848417347603156 ], [ 79.891861039262665, 6.848278629746885 ], [ 79.891881590056187, 6.8481964265728 ], [ 79.89191755394485, 6.848088534906813 ], [ 79.891984344023797, 6.847965230145683 ], [ 79.892035721007602, 6.847811099194272 ], [ 79.892128199578451, 6.847651830544481 ], [ 79.892179576562256, 6.847559351973635 ], [ 79.892225815847681, 6.847472011101169 ], [ 79.892369671402307, 6.84733843094328 ], [ 79.892436461481253, 6.847271640864335 ], [ 79.892523802353722, 6.847194575388629 ], [ 79.892564903940766, 6.847107234516163 ], [ 79.892559766242385, 6.847035306738839 ], [ 79.892523802353722, 6.846953103564752 ], [ 79.892518664655341, 6.846814385708483 ], [ 79.892580317035907, 6.846665392455452 ], [ 79.892570041639146, 6.846598602376507 ], [ 79.892534077750483, 6.846536949995943 ] ] ], [ [ [ 79.8739081, 6.8566596 ], [ 79.8739306, 6.8565546 ], [ 79.8737667, 6.8565194 ], [ 79.8737104, 6.8566022 ], [ 79.8737158, 6.8567247 ], [ 79.873799, 6.8567569 ], [ 79.8738658, 6.856821 ], [ 79.8739569, 6.856813 ], [ 79.8739081, 6.8566596 ] ] ], [ [ [ 79.8990034, 6.85716 ], [ 79.8989806, 6.8571094 ], [ 79.898833, 6.8570349 ], [ 79.8987995, 6.8569057 ], [ 79.8988625, 6.8561294 ], [ 79.8988384, 6.8560509 ], [ 79.8987874, 6.8560096 ], [ 79.8987566, 6.8560083 ], [ 79.8987365, 6.8560336 ], [ 79.8987405, 6.8561334 ], [ 79.8987861, 6.8562865 ], [ 79.8987861, 6.8564849 ], [ 79.898766, 6.8565355 ], [ 79.8986506, 6.8565755 ], [ 79.8980498, 6.8566953 ], [ 79.8980203, 6.8567393 ], [ 79.8980418, 6.8569097 ], [ 79.8984334, 6.8580015 ], [ 79.8984776, 6.8580362 ], [ 79.8985903, 6.8580375 ], [ 79.8987767, 6.8579563 ], [ 79.898774, 6.8577352 ], [ 79.8988666, 6.8574649 ], [ 79.8989846, 6.8572719 ], [ 79.8990034, 6.85716 ] ] ], [ [ [ 79.8961401, 6.8585688 ], [ 79.8963346, 6.8585062 ], [ 79.8965693, 6.8584649 ], [ 79.8967181, 6.8583983 ], [ 79.896639, 6.8579256 ], [ 79.8966591, 6.8578444 ], [ 79.8966926, 6.8578045 ], [ 79.8969354, 6.8577738 ], [ 79.8971446, 6.8578511 ], [ 79.8972452, 6.8579483 ], [ 79.8973471, 6.8581773 ], [ 79.8973887, 6.8582199 ], [ 79.8974651, 6.8582505 ], [ 79.8977964, 6.8582479 ], [ 79.8979036, 6.8582239 ], [ 79.8979788, 6.858176 ], [ 79.8980069, 6.8581267 ], [ 79.8980069, 6.8580694 ], [ 79.8977615, 6.8572452 ], [ 79.8976006, 6.8569576 ], [ 79.8975308, 6.8568711 ], [ 79.8973444, 6.8567992 ], [ 79.8967503, 6.85667 ], [ 79.8965786, 6.8566554 ], [ 79.8963091, 6.8565608 ], [ 79.8962715, 6.8566048 ], [ 79.8960999, 6.8570016 ], [ 79.8959939, 6.8571334 ], [ 79.8958866, 6.857184 ], [ 79.8955125, 6.8571733 ], [ 79.8953716, 6.8572026 ], [ 79.8950538, 6.8573265 ], [ 79.8949184, 6.8574343 ], [ 79.8948151, 6.85767 ], [ 79.8948298, 6.8579163 ], [ 79.8948459, 6.8580002 ], [ 79.8949854, 6.8581826 ], [ 79.895149, 6.8585501 ], [ 79.895259, 6.8588697 ], [ 79.8953368, 6.8589842 ], [ 79.8954441, 6.8589948 ], [ 79.8955286, 6.8589855 ], [ 79.8958155, 6.8588177 ], [ 79.8959483, 6.8587671 ], [ 79.8960154, 6.8587192 ], [ 79.8960771, 6.8586194 ], [ 79.8961401, 6.8585688 ] ] ], [ [ [ 79.8732671, 6.8580187 ], [ 79.8734858, 6.857932 ], [ 79.8735385, 6.8577073 ], [ 79.873521, 6.8575988 ], [ 79.8734526, 6.8575595 ], [ 79.8733453, 6.8575711 ], [ 79.873293, 6.8576027 ], [ 79.8732541, 6.857694 ], [ 79.8731596, 6.8577645 ], [ 79.8731261, 6.8578564 ], [ 79.8732012, 6.8579842 ], [ 79.8732671, 6.8580187 ] ] ], [ [ [ 79.899598413023483, 6.858944491584517 ], [ 79.899603550721864, 6.85898559317156 ], [ 79.899660065404049, 6.859026694758603 ], [ 79.899690891594332, 6.859078071742407 ], [ 79.899690891594332, 6.85912944872621 ], [ 79.899690891594332, 6.859227064995437 ], [ 79.899716580086235, 6.859319543566284 ], [ 79.899757681673279, 6.859381195946848 ], [ 79.899793645561942, 6.859447986025793 ], [ 79.899834747148986, 6.859499363009596 ], [ 79.899922088021455, 6.859514776104738 ], [ 79.900004291195543, 6.859509638406357 ], [ 79.900086494369631, 6.859483949914456 ], [ 79.900096769766378, 6.859417159835511 ], [ 79.900107045163139, 6.859329818963045 ], [ 79.900101907464759, 6.85926816658248 ], [ 79.9001173205599, 6.859216789598676 ], [ 79.900225212225891, 6.859155137218112 ], [ 79.900302277701599, 6.85912944872621 ], [ 79.900374205478926, 6.859098622535928 ], [ 79.900399893970828, 6.859042107853744 ], [ 79.900399893970828, 6.858970180076419 ], [ 79.900405031669209, 6.858857150712051 ], [ 79.900363930082165, 6.85884687531529 ], [ 79.900261176114554, 6.85884173761691 ], [ 79.900184110638847, 6.858836599918529 ], [ 79.900132733655042, 6.858810911426628 ], [ 79.90011218286152, 6.858744121347683 ], [ 79.900096769766378, 6.858677331268738 ], [ 79.900086494369631, 6.858600265793033 ], [ 79.900081356671251, 6.858543751110849 ], [ 79.90007621897287, 6.858492374127045 ], [ 79.900024841989065, 6.858482098730285 ], [ 79.899952914211738, 6.858497511825425 ], [ 79.899886124132792, 6.858538613412469 ], [ 79.899839884847367, 6.858554026507609 ], [ 79.899814196355464, 6.858579714999512 ], [ 79.899814196355464, 6.858615678888174 ], [ 79.899824471752225, 6.858682468967118 ], [ 79.899839884847367, 6.858723570554162 ], [ 79.899845022545747, 6.858790360633106 ], [ 79.899839884847367, 6.858836599918529 ], [ 79.899809058657084, 6.858872563807192 ], [ 79.899598413023483, 6.858944491584517 ] ] ], [ [ [ 79.8914212, 6.8591825 ], [ 79.8914839, 6.8591181 ], [ 79.8915229, 6.8591138 ], [ 79.891564, 6.8591481 ], [ 79.8915683, 6.8592083 ], [ 79.8916462, 6.8592663 ], [ 79.8917262, 6.8591481 ], [ 79.8917847, 6.8591073 ], [ 79.891789, 6.8590321 ], [ 79.8917176, 6.8589656 ], [ 79.8912221, 6.858914 ], [ 79.8911918, 6.8589784 ], [ 79.8911897, 6.8590257 ], [ 79.8912113, 6.8590558 ], [ 79.8914212, 6.8591825 ] ] ], [ [ [ 79.901843587215708, 6.861539029266601 ], [ 79.901874413405992, 6.861539029266601 ], [ 79.901905239596275, 6.861508203076319 ], [ 79.901930928088177, 6.861492789981178 ], [ 79.901915514993036, 6.861441412997375 ], [ 79.901884688802753, 6.861390036013571 ], [ 79.901828174120567, 6.861333521331387 ], [ 79.901792210231903, 6.861287282045963 ], [ 79.901745970946479, 6.861210216570258 ], [ 79.901710007057815, 6.861122875697792 ], [ 79.901699731661054, 6.861061223317228 ], [ 79.901674043169152, 6.860989295539903 ], [ 79.901643216978869, 6.860932780857719 ], [ 79.901638079280488, 6.860865990778774 ], [ 79.901632941582108, 6.860824889191731 ], [ 79.901617528486966, 6.860783787604688 ], [ 79.90156101380478, 6.860742686017645 ], [ 79.901509636820975, 6.860742686017645 ], [ 79.901447984440409, 6.860747823716026 ], [ 79.901391469758238, 6.860747823716026 ], [ 79.901340092774433, 6.860752961414406 ], [ 79.901257889600345, 6.860752961414406 ], [ 79.901237338806823, 6.860732410620884 ], [ 79.901242476505203, 6.860681033637081 ], [ 79.901273302695486, 6.860655345145179 ], [ 79.901340092774433, 6.860634794351657 ], [ 79.901427433646901, 6.860619381256517 ], [ 79.901499361424214, 6.860614243558136 ], [ 79.901596977693444, 6.860593692764614 ], [ 79.901715144756196, 6.860547453479191 ], [ 79.901817898723806, 6.860506351892148 ], [ 79.901920652691416, 6.860434424114824 ], [ 79.902028544357393, 6.860347083242357 ], [ 79.902126160626622, 6.860280293163412 ], [ 79.902218639197471, 6.860213503084468 ], [ 79.902295704673179, 6.860162126100664 ], [ 79.902377907847267, 6.860115886815241 ], [ 79.902470386418102, 6.860095336021719 ], [ 79.902537176497049, 6.860074785228198 ], [ 79.902562864988951, 6.860064509831437 ], [ 79.902593691179234, 6.860023408244395 ], [ 79.902629655067898, 6.859972031260591 ], [ 79.902624517369517, 6.859936067371928 ], [ 79.902598828877615, 6.859915516578407 ], [ 79.902526901100288, 6.859900103483266 ], [ 79.902465248719722, 6.859874414991364 ], [ 79.902424147132692, 6.859833313404321 ], [ 79.902413871735931, 6.859756247928615 ], [ 79.902413871735931, 6.859689457849671 ], [ 79.902424147132692, 6.859627805469106 ], [ 79.902434422529453, 6.859571290786922 ], [ 79.90244983562458, 6.859525051501499 ], [ 79.902511488005146, 6.859340094359806 ], [ 79.902526901100288, 6.859268166582481 ], [ 79.90255258959219, 6.859216789598677 ], [ 79.902624517369517, 6.859191101106775 ], [ 79.902706720543605, 6.859191101106775 ], [ 79.90274782213065, 6.859191101106775 ], [ 79.902865989193401, 6.859201376503536 ], [ 79.902937916970728, 6.859216789598677 ], [ 79.903020120144802, 6.859221927297058 ], [ 79.903092047922129, 6.859227064995438 ], [ 79.903128011810793, 6.859201376503536 ], [ 79.903158838001076, 6.859149999519732 ], [ 79.903169113397837, 6.85911403563107 ], [ 79.903169113397837, 6.859078071742408 ], [ 79.903143424905934, 6.859042107853745 ], [ 79.903050946335085, 6.8589753177748 ], [ 79.903009844748041, 6.858959904679659 ], [ 79.902948192367475, 6.858939353886138 ], [ 79.902907090780445, 6.858913665394236 ], [ 79.902871126891782, 6.858872563807193 ], [ 79.902865989193401, 6.858816049125009 ], [ 79.902871126891782, 6.858738983649303 ], [ 79.902896815383684, 6.858672193570359 ], [ 79.902922503875587, 6.858595128094653 ], [ 79.902948192367475, 6.858528338015708 ], [ 79.902973880859378, 6.858456410238383 ], [ 79.903030395541563, 6.858379344762678 ], [ 79.903071497128607, 6.858358793969157 ], [ 79.903163975699457, 6.858374207064298 ], [ 79.903246178873545, 6.85840503325458 ], [ 79.903343795142774, 6.858435859444862 ], [ 79.903436273713623, 6.858451272540004 ], [ 79.903528752284458, 6.858476961031905 ], [ 79.903605817760166, 6.858497511825426 ], [ 79.903672607839113, 6.858497511825426 ], [ 79.903708571727776, 6.858446134841623 ], [ 79.903734260219679, 6.858399895556199 ], [ 79.90374967331482, 6.858358793969157 ], [ 79.90374453561644, 6.858317692382114 ], [ 79.903693158632635, 6.85827145309669 ], [ 79.90364691934721, 6.858240626906408 ], [ 79.903574991569883, 6.858204663017745 ], [ 79.903492788395795, 6.858168699129084 ], [ 79.903446549110384, 6.85812245984366 ], [ 79.903446549110384, 6.858071082859857 ], [ 79.9034876506974, 6.857880988019786 ], [ 79.903528752284444, 6.85780906024246 ], [ 79.903554440776347, 6.857726857068375 ], [ 79.90358526696663, 6.857649791592669 ], [ 79.903600680061771, 6.857593276910485 ], [ 79.903595542363391, 6.857547037625062 ], [ 79.903564716173108, 6.857516211434779 ], [ 79.903549303077966, 6.85752648683154 ], [ 79.903523614586064, 6.857557313021823 ], [ 79.903503063792542, 6.857598414608866 ], [ 79.903477375300639, 6.857629240799148 ], [ 79.903415722920073, 6.857639516195908 ], [ 79.903354070539507, 6.857639516195908 ], [ 79.903297555857321, 6.85765492929105 ], [ 79.903251316571897, 6.857716581671614 ], [ 79.903215352683233, 6.85780392254408 ], [ 79.903184526492964, 6.857896401114926 ], [ 79.903153700302681, 6.857968328892252 ], [ 79.903112598715637, 6.858071082859859 ], [ 79.903050946335071, 6.858194387620988 ], [ 79.90303553323993, 6.85822521381127 ], [ 79.902979018557744, 6.858250902303172 ], [ 79.902927641573939, 6.85822007611289 ], [ 79.902865989193373, 6.858178974525846 ], [ 79.902809474511187, 6.858127597542043 ], [ 79.902773510622524, 6.858117322145282 ], [ 79.902691307448436, 6.858122459843663 ], [ 79.902624517369503, 6.858163561430706 ], [ 79.902583415782459, 6.85823548920803 ], [ 79.902552589592176, 6.858276590795073 ], [ 79.902542314195415, 6.858281728493454 ], [ 79.902454973322946, 6.8583742070643 ], [ 79.902434422529424, 6.858399895556202 ], [ 79.902362494752097, 6.858471823333527 ], [ 79.902341943958575, 6.858482098730288 ], [ 79.902254603086106, 6.858554026507613 ], [ 79.902249465387726, 6.858569439602754 ], [ 79.902223776895823, 6.85865678047522 ], [ 79.902208363800682, 6.858708157459024 ], [ 79.902208363800682, 6.858774947537968 ], [ 79.902213501499062, 6.858852013013674 ], [ 79.902218639197443, 6.858959904679661 ], [ 79.902218639197443, 6.859052383250508 ], [ 79.902223776895823, 6.859149999519735 ], [ 79.902208363800682, 6.859257891185723 ], [ 79.902208363800682, 6.85935550745495 ], [ 79.902208363800682, 6.859432572930655 ], [ 79.902223776895823, 6.859519913803122 ], [ 79.902218639197443, 6.859591841580446 ], [ 79.902203226102301, 6.85963808086587 ], [ 79.90214671142013, 6.859679182452912 ], [ 79.902079921341183, 6.859704870944815 ], [ 79.901966891976812, 6.859735697135097 ], [ 79.901910377294627, 6.859756247928618 ], [ 79.901905239596246, 6.859756247928618 ], [ 79.901848724914061, 6.859766523325379 ], [ 79.901792210231875, 6.859864139594606 ], [ 79.901781934835114, 6.859879552689747 ], [ 79.901653492375615, 6.859972031260593 ], [ 79.901591839995049, 6.860013132847636 ], [ 79.901489086027439, 6.860079922926581 ], [ 79.901406882853351, 6.860136437608765 ], [ 79.901319541980882, 6.860177539195808 ], [ 79.901252751901936, 6.860198089989329 ], [ 79.901129447140818, 6.860239191576373 ], [ 79.901026693173208, 6.860264880068274 ], [ 79.900877699920173, 6.860285430861795 ], [ 79.900872562221792, 6.860285430861795 ], [ 79.900826322936368, 6.860295706258556 ], [ 79.900780083650943, 6.860300843956937 ], [ 79.90074925746066, 6.860300843956937 ], [ 79.900713293571997, 6.860275155465035 ], [ 79.900697880476855, 6.860234053877992 ], [ 79.900672191984967, 6.860182676894188 ], [ 79.900656778889825, 6.860136437608765 ], [ 79.900641365794684, 6.860079922926581 ], [ 79.900631090397923, 6.86005423443468 ], [ 79.900625952699542, 6.86005423443468 ], [ 79.900430720161083, 6.860033683641158 ], [ 79.900369067780517, 6.860033683641158 ], [ 79.900343379288614, 6.860033683641158 ], [ 79.900327966193473, 6.859997719752495 ], [ 79.900281726908048, 6.85992579197517 ], [ 79.900266313812907, 6.859884690388127 ], [ 79.900266313812907, 6.859833313404324 ], [ 79.900261176114526, 6.85978193642052 ], [ 79.900256038416146, 6.859725421738336 ], [ 79.900240625321004, 6.859689457849673 ], [ 79.900235487622624, 6.859658631659391 ], [ 79.900230349924243, 6.85963808086587 ], [ 79.900230349924243, 6.859632943167489 ], [ 79.900220074527482, 6.859627805469109 ], [ 79.900220074527482, 6.859617530072348 ], [ 79.900096769766378, 6.859627805469106 ], [ 79.900096769766378, 6.859704870944812 ], [ 79.900101907464759, 6.859781936420517 ], [ 79.900122458258281, 6.859894965784886 ], [ 79.900132733655042, 6.85996175586383 ], [ 79.900096769766378, 6.860023408244395 ], [ 79.900050530480954, 6.860069647529818 ], [ 79.900004291195529, 6.8601004737201 ], [ 79.899983740402007, 6.860131299910382 ], [ 79.899973465005246, 6.860146713005523 ], [ 79.899973465005246, 6.860192952290946 ], [ 79.900029979687432, 6.860223778481228 ], [ 79.900101907464759, 6.860234053877989 ], [ 79.900168697543705, 6.860234053877989 ], [ 79.900271451511315, 6.86025460467151 ], [ 79.900379343177306, 6.860311119353694 ], [ 79.900512923335185, 6.860408735622921 ], [ 79.90056430031899, 6.860465250305106 ], [ 79.900615677302795, 6.860516627288909 ], [ 79.90066191658822, 6.860568004272713 ], [ 79.900697880476883, 6.860593692764614 ], [ 79.900738982063928, 6.860614243558136 ], [ 79.900790359047733, 6.860624518954897 ], [ 79.900852011428299, 6.860624518954897 ], [ 79.900959903094275, 6.860598830462995 ], [ 79.900980453887797, 6.860598830462995 ], [ 79.901026693173222, 6.860603968161375 ], [ 79.901067794760266, 6.860660482843559 ], [ 79.901072932458646, 6.860716997525744 ], [ 79.90110889634731, 6.86080947609659 ], [ 79.901155135632735, 6.860937918556099 ], [ 79.901191099521398, 6.861030397126946 ], [ 79.901232201108442, 6.861107462602651 ], [ 79.901263027298725, 6.861179390379976 ], [ 79.90130926658415, 6.861256455855681 ], [ 79.901360643567955, 6.861348934426528 ], [ 79.901401745154999, 6.861425999902234 ], [ 79.901427433646901, 6.861472239187657 ], [ 79.901468535233931, 6.861508203076319 ], [ 79.901519912217736, 6.861533891568222 ], [ 79.901612390788586, 6.861539029266601 ], [ 79.901684318565913, 6.861539029266601 ], [ 79.901781934835142, 6.861539029266601 ], [ 79.901843587215708, 6.861539029266601 ] ] ], [ [ [ 79.893972633296997, 6.859494225311217 ], [ 79.893998321788899, 6.859401746740371 ], [ 79.894018872582421, 6.859324681264665 ], [ 79.89400859718566, 6.85925789118572 ], [ 79.893977770995377, 6.859221927297058 ], [ 79.893900705519684, 6.859139724122972 ], [ 79.89386474163102, 6.859124311027831 ], [ 79.893833915440737, 6.859129448726211 ], [ 79.893736299171508, 6.859196238805156 ], [ 79.893669509092561, 6.859263028884101 ], [ 79.893597581315234, 6.859319543566285 ], [ 79.89356161742657, 6.859360645153328 ], [ 79.893510240442765, 6.85939147134361 ], [ 79.893479414252482, 6.859422297533892 ], [ 79.893428037268691, 6.859468536819316 ], [ 79.893345834094603, 6.859545602295021 ], [ 79.893243080126993, 6.859632943167487 ], [ 79.893166014651285, 6.859699733246432 ], [ 79.893052985286914, 6.859787074118898 ], [ 79.892965644414446, 6.859859001896223 ], [ 79.892878303541991, 6.859930929673548 ], [ 79.892780687272761, 6.860007995149253 ], [ 79.892703621797054, 6.860074785228198 ], [ 79.892631694019727, 6.860121024513622 ], [ 79.892554628544019, 6.860192952290947 ], [ 79.892503251560214, 6.86024432927475 ], [ 79.892431323782887, 6.860311119353695 ], [ 79.892359396005574, 6.86037277173426 ], [ 79.892277192831486, 6.860434424114824 ], [ 79.892194989657398, 6.860501214193769 ], [ 79.89211792418169, 6.860562866574333 ], [ 79.892071684896266, 6.860598830462996 ], [ 79.892035721007602, 6.860629656653278 ], [ 79.891968930928655, 6.860701584430602 ], [ 79.891917553944864, 6.860752961414406 ], [ 79.891881590056201, 6.860788925303069 ], [ 79.891855901564298, 6.86080947609659 ], [ 79.891830213072396, 6.860835164588492 ], [ 79.891814799977254, 6.860907092365817 ], [ 79.891886727754581, 6.860963607048001 ], [ 79.891953517833514, 6.860994433238283 ], [ 79.892061409499505, 6.861050947920467 ], [ 79.892164163467115, 6.861107462602651 ], [ 79.892241228942822, 6.861138288792933 ], [ 79.89231829441853, 6.861184528078357 ], [ 79.892354258307194, 6.8612256296654 ], [ 79.892359396005574, 6.861277006649203 ], [ 79.892349120608813, 6.861333521331387 ], [ 79.892328569815291, 6.861390036013571 ], [ 79.892302881323388, 6.861446550695756 ], [ 79.892277192831486, 6.86150820307632 ], [ 79.892261779736344, 6.861569855456884 ], [ 79.892256642037964, 6.861626370139068 ], [ 79.892261779736344, 6.861662334027731 ], [ 79.892338845212052, 6.861682884821252 ], [ 79.892390222195857, 6.861667471726111 ], [ 79.89246214997317, 6.861585268552025 ], [ 79.892503251560214, 6.86151847847308 ], [ 79.892528940052117, 6.861431137600614 ], [ 79.892549490845639, 6.861333521331387 ], [ 79.892590592432683, 6.861169114983215 ], [ 79.892600867829444, 6.861081774110749 ], [ 79.892672795606771, 6.860963607048001 ], [ 79.892754998780859, 6.860865990778774 ], [ 79.892832064256567, 6.860824889191731 ], [ 79.892903992033894, 6.860788925303069 ], [ 79.892965644414446, 6.860711859827363 ], [ 79.893017021398251, 6.860650207446799 ], [ 79.893058122985295, 6.860588555066235 ], [ 79.8931094999691, 6.860511489590529 ], [ 79.893150601556144, 6.860439561813204 ], [ 79.893171152349666, 6.860326532448836 ], [ 79.893186565444807, 6.860213503084468 ], [ 79.893232804730232, 6.8601004737201 ], [ 79.893253355523754, 6.860033683641156 ], [ 79.893258493222135, 6.859982306657352 ], [ 79.893361247189745, 6.859941205070309 ], [ 79.893489689649243, 6.859894965784886 ], [ 79.893602719013614, 6.859838451102702 ], [ 79.893731161473127, 6.859720284039954 ], [ 79.893823640043976, 6.859638080865867 ], [ 79.893916118614825, 6.85954046459664 ], [ 79.893972633296997, 6.859494225311217 ] ] ], [ [ [ 79.889800822212152, 6.86463192369158 ], [ 79.889831648402435, 6.864588253255348 ], [ 79.88985476804514, 6.864544582819114 ], [ 79.889859905743521, 6.864513756628832 ], [ 79.889859905743521, 6.864459810795839 ], [ 79.889857336894337, 6.864436691153127 ], [ 79.889844492648379, 6.864416140359605 ], [ 79.889813666458096, 6.864395589566084 ], [ 79.88978540911701, 6.864377607621753 ], [ 79.889762289474291, 6.864367332224992 ], [ 79.889723756736444, 6.864346781431471 ], [ 79.889695499395359, 6.86433393718552 ], [ 79.889654397808314, 6.864303110995237 ], [ 79.889633847014792, 6.864287697900096 ], [ 79.889597883126129, 6.864279991352526 ], [ 79.88951054225366, 6.864220907821152 ], [ 79.889456596420658, 6.864215770122772 ], [ 79.889425770230389, 6.864208063575201 ], [ 79.88940265058767, 6.864208063575201 ], [ 79.889369255548203, 6.864220907821152 ], [ 79.889328153961159, 6.864238889765483 ], [ 79.889294758921679, 6.864254302860624 ], [ 79.889266501580593, 6.864269715955765 ], [ 79.88923053769193, 6.864285129050906 ], [ 79.889184298406505, 6.864303110995237 ], [ 79.88913805912108, 6.864321092939568 ], [ 79.889071269042134, 6.864344212582281 ], [ 79.889027598605907, 6.864362194526612 ], [ 79.888989065868046, 6.864380176470942 ], [ 79.888953101979382, 6.864395589566084 ], [ 79.888909431543155, 6.864411002661225 ], [ 79.888873467654491, 6.864421278057986 ], [ 79.888845210313406, 6.864434122303937 ], [ 79.888809246424742, 6.864449535399078 ], [ 79.888763007139318, 6.864475223890979 ], [ 79.88875530059174, 6.86448806813693 ], [ 79.888739887496598, 6.864513756628832 ], [ 79.888737318647415, 6.864521463176403 ], [ 79.888714199004696, 6.864552289366685 ], [ 79.888703923607935, 6.864567702461826 ], [ 79.888693648211188, 6.864583115556967 ], [ 79.888688510512807, 6.864590822104538 ], [ 79.888675666266849, 6.864613941747249 ], [ 79.888667959719285, 6.864634492540771 ], [ 79.888655115473327, 6.864665318731053 ], [ 79.888637133529002, 6.864703851468906 ], [ 79.888619151584663, 6.86475265960352 ], [ 79.888606307338719, 6.864786054642992 ], [ 79.888583187696, 6.864837431626795 ], [ 79.888565205751675, 6.864868257817077 ], [ 79.888547223807336, 6.864911928253311 ], [ 79.888531810712195, 6.864945323292782 ], [ 79.88851382876787, 6.864981287181445 ], [ 79.888493277974348, 6.865024957617679 ], [ 79.888488140275967, 6.865040370712819 ], [ 79.888490709125151, 6.865063490355531 ], [ 79.888431625593782, 6.865155968926378 ], [ 79.888400799403499, 6.865173950870709 ], [ 79.888362266665652, 6.865204777060991 ], [ 79.88834171587213, 6.865225327854513 ], [ 79.888323733927791, 6.865256154044795 ], [ 79.888303183134269, 6.865284411385887 ], [ 79.888282632340747, 6.865315237576169 ], [ 79.888272356943986, 6.865343494917261 ], [ 79.888259512698042, 6.865374321107543 ], [ 79.888251806150464, 6.865402578448635 ], [ 79.8882440996029, 6.865435973488108 ], [ 79.8882440996029, 6.865459093130819 ], [ 79.88823896190452, 6.86546936852758 ], [ 79.888233824206139, 6.865479643924341 ], [ 79.888223590076024, 6.865798181223923 ], [ 79.888249237301267, 6.865798181223923 ], [ 79.88826850367019, 6.865802034497708 ], [ 79.888298045435889, 6.865804603346898 ], [ 79.888303183134269, 6.865804603346898 ], [ 79.888307036408051, 6.865769923882831 ], [ 79.888304467558854, 6.865739097692549 ], [ 79.888298045435889, 6.865712124776052 ], [ 79.88829676101129, 6.865671023189009 ], [ 79.888295476586691, 6.865620930629801 ], [ 79.888300614285072, 6.865578544618162 ], [ 79.888304467558854, 6.86553487418193 ], [ 79.888304467558854, 6.865486066047316 ], [ 79.888314742955615, 6.865448817734058 ], [ 79.888339147022918, 6.865416707119181 ], [ 79.888363551090237, 6.865383312079708 ], [ 79.888389239582139, 6.865356339163212 ], [ 79.888414928074042, 6.865338357218881 ], [ 79.888439332141346, 6.865321659699144 ], [ 79.88846887390703, 6.865284411385887 ], [ 79.888479149303791, 6.865275420413721 ], [ 79.888621720433861, 6.865060921506341 ], [ 79.888644840076566, 6.865001837974967 ], [ 79.888662822020905, 6.864945323292782 ], [ 79.88868594166361, 6.864909359404121 ], [ 79.888709061306315, 6.864860551269507 ], [ 79.888742456345796, 6.864806605436513 ], [ 79.888773282536079, 6.864744953055949 ], [ 79.888793833329601, 6.864675594127814 ], [ 79.888814384123123, 6.864637061389961 ], [ 79.888842641464208, 6.864606235199679 ], [ 79.88889144959883, 6.864606235199679 ], [ 79.888940257733438, 6.864608804048869 ], [ 79.888996772415624, 6.864634492540771 ], [ 79.889050718248612, 6.864657612183483 ], [ 79.889081544438895, 6.864670456429433 ], [ 79.889096957534036, 6.864683300675384 ], [ 79.889122646025939, 6.864698713770525 ], [ 79.88923053769193, 6.864703851468906 ], [ 79.889299896620059, 6.864691007222955 ], [ 79.889358980151442, 6.864683300675384 ], [ 79.889410357135247, 6.864675594127814 ], [ 79.889466871817419, 6.864673025278623 ], [ 79.889559350388268, 6.864673025278623 ], [ 79.88961329622127, 6.864675594127814 ], [ 79.88967751745102, 6.864675594127814 ], [ 79.889749445228347, 6.864662749881862 ], [ 79.889800822212152, 6.86463192369158 ] ] ], [ [ [ 79.888223590076024, 6.865798181223923 ], [ 79.888219695535582, 6.865798181223923 ], [ 79.888223548809364, 6.865799465648518 ], [ 79.888223590076024, 6.865798181223923 ] ] ], [ [ [ 79.8919146, 6.8667807 ], [ 79.8920166, 6.8666386 ], [ 79.8918752, 6.8665385 ], [ 79.8918123, 6.8666261 ], [ 79.8918863, 6.8666784 ], [ 79.8918471, 6.866733 ], [ 79.8919146, 6.8667807 ] ] ], [ [ [ 79.9004215, 6.8719621 ], [ 79.9003925, 6.8719059 ], [ 79.9002996, 6.871952 ], [ 79.9003286, 6.8720154 ], [ 79.9004215, 6.8719621 ] ] ], [ [ [ 79.8915118, 6.8786038 ], [ 79.8915153, 6.8785113 ], [ 79.8914588, 6.8784377 ], [ 79.891368, 6.8784166 ], [ 79.8912902, 6.878452 ], [ 79.8912467, 6.8785691 ], [ 79.8912828, 6.8786462 ], [ 79.8913578, 6.8786873 ], [ 79.8914499, 6.878673 ], [ 79.8914869, 6.8786437 ], [ 79.8915118, 6.8786038 ] ] ], [ [ [ 79.8860836, 6.8803125 ], [ 79.8861608, 6.8803203 ], [ 79.8861736, 6.8801958 ], [ 79.8860964, 6.8801879 ], [ 79.8860836, 6.8803125 ] ] ], [ [ [ 79.8853851, 6.8953488 ], [ 79.885351, 6.8954392 ], [ 79.8852751, 6.8963505 ], [ 79.8849679, 6.8964427 ], [ 79.8849689, 6.8965143 ], [ 79.8849698, 6.8965708 ], [ 79.885038, 6.8966254 ], [ 79.885131, 6.8966536 ], [ 79.8852277, 6.8966197 ], [ 79.885277, 6.8965049 ], [ 79.8854079, 6.8964051 ], [ 79.8860527, 6.8964296 ], [ 79.8865098, 6.8964823 ], [ 79.88702, 6.8964239 ], [ 79.8872779, 6.8963091 ], [ 79.8873481, 6.8960473 ], [ 79.8872666, 6.8958779 ], [ 79.8868778, 6.8958214 ], [ 79.8866634, 6.8957065 ], [ 79.8862158, 6.8956839 ], [ 79.8859351, 6.8956369 ], [ 79.8858119, 6.8953318 ], [ 79.8857474, 6.8948743 ], [ 79.8855975, 6.8947199 ], [ 79.885406, 6.894718 ], [ 79.8855748, 6.8949421 ], [ 79.8855881, 6.8951228 ], [ 79.8853851, 6.8953488 ] ] ], [ [ [ 79.885831093930207, 6.901133129976403 ], [ 79.885885896046261, 6.901126279711895 ], [ 79.886091403981467, 6.901085178124853 ], [ 79.886125655304014, 6.90099612468626 ], [ 79.886064002923447, 6.900886520454145 ], [ 79.885995500278369, 6.900797467015552 ], [ 79.885940698162315, 6.900694713047945 ], [ 79.885926997633305, 6.900585108815831 ], [ 79.885933847897803, 6.900454953790194 ], [ 79.886111954774989, 6.900311098235544 ], [ 79.886235259536122, 6.900222044796951 ], [ 79.88633116323922, 6.900098740035823 ], [ 79.88643391720683, 6.899975435274694 ], [ 79.88653667117444, 6.899879531571594 ], [ 79.886632574877538, 6.89981787919103 ], [ 79.886687376993592, 6.899680873900887 ], [ 79.88665312567106, 6.899571269668772 ], [ 79.886543521438952, 6.899557569139758 ], [ 79.88644761773584, 6.899564419404265 ], [ 79.886351714032742, 6.899564419404265 ], [ 79.886242109800634, 6.899550718875251 ], [ 79.886139355833024, 6.899564419404265 ], [ 79.886050302394437, 6.899626071784829 ], [ 79.885954398691325, 6.899687724165394 ], [ 79.885721489698085, 6.899797328397508 ], [ 79.885557083349923, 6.899838429984551 ], [ 79.885461179646811, 6.899845280249058 ], [ 79.885283072769624, 6.899872681307087 ], [ 79.885132366950472, 6.89991378289413 ], [ 79.885015912453852, 6.899934333687651 ], [ 79.884570645260879, 6.899995986068215 ], [ 79.884310335209619, 6.89996173474568 ], [ 79.883995223042291, 6.89991378289413 ], [ 79.883803415636081, 6.899879531571594 ], [ 79.883502003997776, 6.89986583104258 ], [ 79.883269095004522, 6.899783627868493 ], [ 79.88320744262397, 6.899756226810466 ], [ 79.88310468865636, 6.899708274958915 ], [ 79.88300193468875, 6.89964662257835 ], [ 79.882967683366218, 6.899578119933279 ], [ 79.882960833101706, 6.899509617288207 ], [ 79.882960833101706, 6.899475365965672 ], [ 79.882947132572696, 6.899413713585107 ], [ 79.882947132572696, 6.899338360675529 ], [ 79.882953982837194, 6.8993109596175 ], [ 79.882960833101706, 6.899290408823979 ], [ 79.882940282308184, 6.899256157501443 ], [ 79.882892330456627, 6.899249307236936 ], [ 79.882810127282553, 6.899221906178908 ], [ 79.882755325166485, 6.8992150559144 ], [ 79.882714223579441, 6.899256157501443 ], [ 79.882693672785933, 6.899331510411022 ], [ 79.882652571198889, 6.899447964907643 ], [ 79.882625170140855, 6.899564419404265 ], [ 79.882604619347333, 6.899667173371872 ], [ 79.882597769082821, 6.899783627868493 ], [ 79.882584068553811, 6.899893232100609 ], [ 79.882577218289299, 6.900030237390752 ], [ 79.882604619347333, 6.900126141093851 ], [ 79.882652571198889, 6.900235745325966 ], [ 79.882700523050431, 6.900365900351602 ], [ 79.882782726224519, 6.900544007228787 ], [ 79.882844378605085, 6.900646761196395 ], [ 79.882899180721139, 6.900742664899495 ], [ 79.882953982837194, 6.900824868073581 ], [ 79.883036186011282, 6.900955023099216 ], [ 79.883084137862838, 6.901023525744288 ], [ 79.883173191301424, 6.901133129976403 ], [ 79.88323484368199, 6.901208482885981 ], [ 79.883303346327068, 6.901290686060067 ], [ 79.88335129817861, 6.901366038969646 ], [ 79.883378699236644, 6.901420841085703 ], [ 79.883433501352698, 6.90147564320176 ], [ 79.883495153733264, 6.901441391879224 ], [ 79.883707511932982, 6.901297536324575 ], [ 79.883817116165105, 6.901263285002038 ], [ 79.883913019868203, 6.90123588394401 ], [ 79.884056875422843, 6.901208482885981 ], [ 79.884282934151585, 6.901167381298938 ], [ 79.884426789706239, 6.901153680769924 ], [ 79.884515843144825, 6.901139980240909 ], [ 79.884611746847924, 6.901146830505417 ], [ 79.884741901873568, 6.901160531034432 ], [ 79.884810404518632, 6.901160531034432 ], [ 79.884954260073286, 6.901160531034432 ], [ 79.885084415098916, 6.901167381298938 ], [ 79.885207719860048, 6.901167381298938 ], [ 79.885296773298649, 6.901167381298938 ], [ 79.885358425679215, 6.901167381298938 ], [ 79.885461179646811, 6.901160531034432 ], [ 79.885598184936953, 6.901160531034432 ], [ 79.885721489698085, 6.901139980240909 ], [ 79.885831093930207, 6.901133129976403 ] ], [ [ 79.882974533630716, 6.899906932629622 ], [ 79.882995084424238, 6.899954884481173 ], [ 79.883029335746784, 6.900002836332723 ], [ 79.883070437333814, 6.90005763844878 ], [ 79.88311838918537, 6.900112440564837 ], [ 79.883152640507902, 6.900180943209908 ], [ 79.883214292888468, 6.900263146383995 ], [ 79.883262244740024, 6.900331649029066 ], [ 79.88332389712059, 6.900434402996673 ], [ 79.883378699236644, 6.900502905641745 ], [ 79.88344035161721, 6.900564558022309 ], [ 79.883502003997776, 6.90063306066738 ], [ 79.883549955849318, 6.900694713047945 ], [ 79.883618458494396, 6.90077691622203 ], [ 79.883659560081441, 6.900852269131609 ], [ 79.88367326061045, 6.900913921512173 ], [ 79.88367326061045, 6.900961873363724 ], [ 79.883659560081441, 6.90099612468626 ], [ 79.883522554791298, 6.901037226273303 ], [ 79.883433501352698, 6.900989274421752 ], [ 79.883371848972132, 6.900934472305695 ], [ 79.883296496062556, 6.900852269131609 ], [ 79.88323484368199, 6.90077691622203 ], [ 79.883159490772414, 6.900653611460902 ], [ 79.883111538920858, 6.900557707757802 ], [ 79.883056736804804, 6.900461804054702 ], [ 79.883008784953262, 6.900365900351602 ], [ 79.882947132572696, 6.900242595590472 ], [ 79.882912881250149, 6.900167242680895 ], [ 79.882864929398608, 6.900071338977794 ], [ 79.882816977547051, 6.899982285539201 ], [ 79.882789576489031, 6.89991378289413 ], [ 79.882782726224519, 6.899831579720044 ], [ 79.882830678076076, 6.899742526281451 ], [ 79.882837528340573, 6.899742526281451 ], [ 79.882851228869598, 6.899749376545958 ], [ 79.88287177966312, 6.899763077074972 ], [ 79.882892330456627, 6.899797328397508 ], [ 79.882919731514662, 6.899838429984551 ], [ 79.882974533630716, 6.899906932629622 ] ] ], [ [ [ 79.8798229, 6.9025118 ], [ 79.8797813, 6.902344 ], [ 79.879678, 6.9021869 ], [ 79.8795077, 6.902352 ], [ 79.8794903, 6.9024026 ], [ 79.8795238, 6.9025531 ], [ 79.8797277, 6.9025531 ], [ 79.8798229, 6.9025118 ] ] ], [ [ [ 79.879379, 6.9023813 ], [ 79.8793012, 6.9023534 ], [ 79.87932, 6.9024266 ], [ 79.8794192, 6.9024612 ], [ 79.8794635, 6.9024226 ], [ 79.8794581, 6.9023321 ], [ 79.879379, 6.9023813 ] ] ], [ [ [ 79.8722884, 6.9027519 ], [ 79.872307, 6.9027297 ], [ 79.8723223, 6.9027056 ], [ 79.8723339, 6.9026778 ], [ 79.8723379, 6.9026455 ], [ 79.8723372, 6.9026216 ], [ 79.8723326, 6.9025943 ], [ 79.8723186, 6.902569 ], [ 79.872301, 6.9025604 ], [ 79.8722757, 6.9025594 ], [ 79.8722543, 6.9025619 ], [ 79.8722312, 6.9025718 ], [ 79.8722153, 6.9025847 ], [ 79.8721989, 6.9025986 ], [ 79.8721819, 6.9026172 ], [ 79.8721667, 6.9026396 ], [ 79.8721563, 6.9026632 ], [ 79.8721481, 6.9026844 ], [ 79.8721428, 6.902705 ], [ 79.872139, 6.9027251 ], [ 79.8721422, 6.9027438 ], [ 79.8721512, 6.9027678 ], [ 79.8721704, 6.9027932 ], [ 79.8722029, 6.9028009 ], [ 79.8722295, 6.9027941 ], [ 79.8722476, 6.9027833 ], [ 79.8722661, 6.9027705 ], [ 79.8722884, 6.9027519 ] ] ], [ [ [ 79.8836464, 6.9032174 ], [ 79.8836718, 6.9031003 ], [ 79.8835565, 6.90283 ], [ 79.8833473, 6.9027142 ], [ 79.8832561, 6.9027102 ], [ 79.8830643, 6.9027528 ], [ 79.883004, 6.902806 ], [ 79.8830026, 6.9028646 ], [ 79.8830321, 6.9029232 ], [ 79.8830764, 6.9029392 ], [ 79.8832722, 6.9028526 ], [ 79.8833393, 6.9028606 ], [ 79.8833835, 6.9029032 ], [ 79.8834211, 6.9030537 ], [ 79.8834103, 6.9031429 ], [ 79.88335, 6.9032094 ], [ 79.883354, 6.90328 ], [ 79.8833889, 6.9033333 ], [ 79.8835538, 6.9033373 ], [ 79.8835954, 6.903292 ], [ 79.8836464, 6.9032174 ] ] ], [ [ [ 79.8829128, 6.9036248 ], [ 79.8829477, 6.903525 ], [ 79.8829208, 6.9034478 ], [ 79.8829436, 6.9033319 ], [ 79.8828833, 6.9032694 ], [ 79.8829101, 6.9032214 ], [ 79.8828953, 6.9031788 ], [ 79.8828296, 6.9031775 ], [ 79.8828095, 6.9031362 ], [ 79.8828565, 6.9030949 ], [ 79.8829168, 6.9031056 ], [ 79.8828806, 6.903035 ], [ 79.8827934, 6.9029871 ], [ 79.882721, 6.9028566 ], [ 79.8826365, 6.902846 ], [ 79.8826298, 6.9029112 ], [ 79.8827465, 6.9030816 ], [ 79.8827277, 6.9031868 ], [ 79.8827961, 6.903292 ], [ 79.8828109, 6.9035955 ], [ 79.8828565, 6.9036421 ], [ 79.8829128, 6.9036248 ] ] ], [ [ [ 79.881793, 6.9044463 ], [ 79.8819163, 6.9043851 ], [ 79.8819673, 6.9043172 ], [ 79.8819593, 6.9042865 ], [ 79.8819177, 6.9042599 ], [ 79.8817675, 6.9042772 ], [ 79.8816186, 6.9042652 ], [ 79.8812793, 6.9041627 ], [ 79.8812471, 6.9042812 ], [ 79.8813061, 6.9044649 ], [ 79.8813075, 6.9045728 ], [ 79.8813745, 6.904654 ], [ 79.8813933, 6.904883 ], [ 79.8816723, 6.9050308 ], [ 79.8817112, 6.9050268 ], [ 79.8817661, 6.9048391 ], [ 79.8817594, 6.9045235 ], [ 79.881793, 6.9044463 ] ] ], [ [ [ 79.8808193, 6.9055913 ], [ 79.880999, 6.9055473 ], [ 79.8810755, 6.9055647 ], [ 79.8810929, 6.9055314 ], [ 79.8809776, 6.905361 ], [ 79.8808515, 6.9053037 ], [ 79.8807523, 6.9052038 ], [ 79.8807241, 6.9052198 ], [ 79.8807737, 6.9053796 ], [ 79.8807549, 6.9054541 ], [ 79.8807791, 6.9055407 ], [ 79.8808193, 6.9055913 ] ] ], [ [ [ 79.8814644, 6.905526 ], [ 79.8814201, 6.9054408 ], [ 79.8814912, 6.905333 ], [ 79.881506, 6.9051626 ], [ 79.8815556, 6.905128 ], [ 79.8815234, 6.9050188 ], [ 79.8814805, 6.9049802 ], [ 79.8813826, 6.9050161 ], [ 79.8813651, 6.9051186 ], [ 79.8813021, 6.9052225 ], [ 79.8812217, 6.9052038 ], [ 79.8811251, 6.9051146 ], [ 79.8810862, 6.9051027 ], [ 79.8810352, 6.9051027 ], [ 79.8810111, 6.9051293 ], [ 79.8810098, 6.9051626 ], [ 79.8811305, 6.9052771 ], [ 79.8812914, 6.9055513 ], [ 79.8816267, 6.9059667 ], [ 79.8816588, 6.905996 ], [ 79.881683, 6.9059747 ], [ 79.8816508, 6.9058389 ], [ 79.8816548, 6.9057178 ], [ 79.8816253, 6.9056286 ], [ 79.8814644, 6.905526 ] ] ], [ [ [ 79.8811935, 6.9057164 ], [ 79.881219, 6.9056738 ], [ 79.8811358, 6.905578 ], [ 79.8811117, 6.905574 ], [ 79.8810969, 6.9055979 ], [ 79.8811653, 6.9057151 ], [ 79.8811935, 6.9057164 ] ] ], [ [ [ 79.8812284, 6.9057164 ], [ 79.8811982, 6.9057337 ], [ 79.8812686, 6.9058409 ], [ 79.8813242, 6.9058336 ], [ 79.8813296, 6.9057857 ], [ 79.8812659, 6.9057257 ], [ 79.8812284, 6.9057164 ] ] ], [ [ [ 79.8812954, 6.9058655 ], [ 79.8813893, 6.9061331 ], [ 79.8814926, 6.9062476 ], [ 79.8815797, 6.9061971 ], [ 79.8815757, 6.9061531 ], [ 79.8814107, 6.9059015 ], [ 79.8813665, 6.9058536 ], [ 79.8812954, 6.9058655 ] ] ], [ [ [ 79.8858062, 6.9061075 ], [ 79.8858517, 6.9060454 ], [ 79.8857853, 6.905987 ], [ 79.8854079, 6.9059926 ], [ 79.8853624, 6.9060793 ], [ 79.885497, 6.9061659 ], [ 79.8856525, 6.9061527 ], [ 79.8858062, 6.9061075 ] ] ], [ [ [ 79.8816374, 6.9074312 ], [ 79.8814523, 6.9078626 ], [ 79.881463, 6.9079185 ], [ 79.881565, 6.9079372 ], [ 79.8816374, 6.9077694 ], [ 79.881734, 6.9074419 ], [ 79.8816857, 6.9074206 ], [ 79.8816374, 6.9074312 ] ] ], [ [ [ 79.8694424, 6.913017 ], [ 79.8694916, 6.9130126 ], [ 79.8694828, 6.9129187 ], [ 79.8694317, 6.9129237 ], [ 79.8694424, 6.913017 ] ] ], [ [ [ 79.8867782, 6.9171791 ], [ 79.8868104, 6.9168703 ], [ 79.8867245, 6.9166786 ], [ 79.8865743, 6.9166466 ], [ 79.8861666, 6.916849 ], [ 79.8860808, 6.9171472 ], [ 79.8862417, 6.9174561 ], [ 79.88651, 6.9173709 ], [ 79.8867782, 6.9171791 ] ] ], [ [ [ 79.8671517, 6.923544 ], [ 79.8669871, 6.923506 ], [ 79.8668262, 6.9235593 ], [ 79.8667591, 6.9236125 ], [ 79.8667859, 6.9237509 ], [ 79.8668834, 6.9238422 ], [ 79.8670703, 6.9239799 ], [ 79.8672661, 6.9240571 ], [ 79.8674413, 6.9236798 ], [ 79.8671517, 6.923544 ] ] ], [ [ [ 79.88887, 6.9263337 ], [ 79.8889102, 6.9264854 ], [ 79.888882, 6.92656 ], [ 79.8888351, 6.9265933 ], [ 79.8888579, 6.9266825 ], [ 79.888937, 6.926741 ], [ 79.8889638, 6.9268009 ], [ 79.8889451, 6.9268715 ], [ 79.8888646, 6.9269407 ], [ 79.8890644, 6.9269341 ], [ 79.8891006, 6.9259289 ], [ 79.8888445, 6.9259276 ], [ 79.8888431, 6.9259715 ], [ 79.8889585, 6.9259862 ], [ 79.8890309, 6.9260461 ], [ 79.8890336, 6.9261406 ], [ 79.8889893, 6.9262511 ], [ 79.88887, 6.9263337 ] ] ], [ [ [ 79.8891784, 6.9268702 ], [ 79.8895043, 6.9268768 ], [ 79.8895124, 6.9265467 ], [ 79.8891771, 6.926548 ], [ 79.8891784, 6.9268702 ] ] ], [ [ [ 79.8783496, 6.927066 ], [ 79.878402, 6.9271114 ], [ 79.8784765, 6.9270257 ], [ 79.8784661, 6.9269725 ], [ 79.8784229, 6.9269582 ], [ 79.8783536, 6.9270127 ], [ 79.8783496, 6.927066 ] ] ], [ [ [ 79.9033737, 6.9276694 ], [ 79.9034321, 6.9277199 ], [ 79.9035121, 6.9277406 ], [ 79.9035702, 6.9277274 ], [ 79.9036125, 6.9276887 ], [ 79.9034982, 6.9273845 ], [ 79.9033514, 6.9273496 ], [ 79.9032625, 6.9273661 ], [ 79.9031875, 6.9274323 ], [ 79.9031709, 6.9274819 ], [ 79.903182, 6.9276308 ], [ 79.9032209, 6.9276556 ], [ 79.9033737, 6.9276694 ] ] ], [ [ [ 79.9015999, 6.9392541 ], [ 79.9015838, 6.9392708 ], [ 79.9015885, 6.93936 ], [ 79.9015181, 6.9395663 ], [ 79.9015456, 6.9396395 ], [ 79.9015892, 6.9396662 ], [ 79.9016992, 6.9396309 ], [ 79.9017179, 6.939541 ], [ 79.9017032, 6.9393034 ], [ 79.9016629, 6.9392581 ], [ 79.9015999, 6.9392541 ] ] ], [ [ [ 79.8868718, 6.9406651 ], [ 79.886346, 6.9406917 ], [ 79.8863782, 6.9409899 ], [ 79.8863729, 6.9411869 ], [ 79.8863997, 6.9413467 ], [ 79.8865177, 6.9413094 ], [ 79.8869093, 6.9409579 ], [ 79.8869951, 6.9408088 ], [ 79.8873814, 6.9404095 ], [ 79.8876174, 6.9403402 ], [ 79.8877086, 6.9401698 ], [ 79.8876496, 6.9400953 ], [ 79.8874835, 6.9400643 ], [ 79.8872433, 6.9394753 ], [ 79.8868143, 6.9397951 ], [ 79.8868526, 6.9404427 ], [ 79.8870862, 6.9404687 ], [ 79.8870059, 6.9406118 ], [ 79.8868718, 6.9406651 ] ] ], [ [ [ 79.897128464526787, 6.940924603932255 ], [ 79.897125039394524, 6.940924603932255 ], [ 79.897015435162416, 6.941260266893106 ], [ 79.897005159765655, 6.941352745463952 ], [ 79.897001734633406, 6.941386996786489 ], [ 79.897018860294665, 6.941448649167053 ], [ 79.897049686484948, 6.941513726679871 ], [ 79.897090788071992, 6.94156167853142 ], [ 79.897128464526787, 6.941606205250717 ], [ 79.897169566113831, 6.941637031440999 ], [ 79.897248344155656, 6.941681558160296 ], [ 79.8972894457427, 6.941691833557057 ], [ 79.897354523255515, 6.941698683821564 ], [ 79.897409325371584, 6.941698683821564 ], [ 79.897443576694116, 6.94169525868931 ], [ 79.897481253148896, 6.941688408424803 ], [ 79.89751207933918, 6.941674707895789 ], [ 79.897546330661726, 6.941667857631281 ], [ 79.897594282513268, 6.941654157102267 ], [ 79.897625108703551, 6.941616480647478 ], [ 79.897652509761585, 6.941571953928181 ], [ 79.897673060555107, 6.941527427208885 ], [ 79.897690186216366, 6.941472625092827 ], [ 79.897697036480878, 6.941434948638038 ], [ 79.897707311877639, 6.941390421918742 ], [ 79.897707311877639, 6.941339044934939 ], [ 79.897707311877639, 6.941291093083388 ], [ 79.897707311877639, 6.941239716099584 ], [ 79.897710737009888, 6.941195189380288 ], [ 79.89770388674539, 6.941167788322259 ], [ 79.897679910819605, 6.941143812396485 ], [ 79.897611408174541, 6.941099285677188 ], [ 79.897577156852009, 6.941078734883666 ], [ 79.897529205000453, 6.941058184090145 ], [ 79.897457277223126, 6.941027357899863 ], [ 79.897436726429603, 6.941013657370848 ], [ 79.897371648916788, 6.940969130651552 ], [ 79.897337397594256, 6.940948579858031 ], [ 79.897316846800734, 6.94093830446127 ], [ 79.897286020610451, 6.940924603932255 ], [ 79.897251769287905, 6.940917753667748 ], [ 79.897227793362134, 6.940914328535495 ], [ 79.897193542039602, 6.940910903403241 ], [ 79.89717299124608, 6.940910903403241 ], [ 79.897149015320309, 6.940910903403241 ], [ 79.897128464526787, 6.940924603932255 ] ] ], [ [ [ 79.8835713, 6.9452533 ], [ 79.8834898, 6.945937 ], [ 79.8834925, 6.9460435 ], [ 79.8835629, 6.9462433 ], [ 79.8828266, 6.9477964 ], [ 79.8826818, 6.947793 ], [ 79.8824533, 6.9477048 ], [ 79.8822501, 6.9476635 ], [ 79.8820272, 6.9476583 ], [ 79.881521, 6.9479636 ], [ 79.8809027, 6.9484417 ], [ 79.8805328, 6.9485529 ], [ 79.8803722, 6.9486456 ], [ 79.8802265, 6.9488273 ], [ 79.8801219, 6.9488607 ], [ 79.8801433, 6.9489168 ], [ 79.8801854, 6.9490276 ], [ 79.8808242, 6.9491129 ], [ 79.8812053, 6.9486143 ], [ 79.8813473, 6.9483446 ], [ 79.8815926, 6.9480363 ], [ 79.8818964, 6.9478557 ], [ 79.882072, 6.947789 ], [ 79.8826832, 6.9479686 ], [ 79.8827158, 6.9480089 ], [ 79.8827697, 6.9481718 ], [ 79.8827565, 6.9484656 ], [ 79.8827033, 6.948592 ], [ 79.882737, 6.9486467 ], [ 79.8826975, 6.9488254 ], [ 79.8828652, 6.9484862 ], [ 79.8829229, 6.9477932 ], [ 79.8836667, 6.9462551 ], [ 79.8835835, 6.9460505 ], [ 79.8836269, 6.9454037 ], [ 79.8836765, 6.9451262 ], [ 79.8837221, 6.9449884 ], [ 79.8839229, 6.9446617 ], [ 79.8842438, 6.944387 ], [ 79.8842328, 6.9443647 ], [ 79.8841027, 6.9444236 ], [ 79.8838603, 6.9446156 ], [ 79.8836343, 6.9449804 ], [ 79.8835713, 6.9452533 ] ] ], [ [ [ 79.9003633, 6.9503555 ], [ 79.9002922, 6.9504114 ], [ 79.9002815, 6.9504726 ], [ 79.9003137, 6.9505445 ], [ 79.900248, 6.9507069 ], [ 79.9002681, 6.9507855 ], [ 79.9002587, 6.9508653 ], [ 79.9001822, 6.9509838 ], [ 79.9001407, 6.951101 ], [ 79.9001729, 6.9511755 ], [ 79.9002265, 6.9512155 ], [ 79.9003083, 6.9512061 ], [ 79.9003673, 6.9511715 ], [ 79.9005242, 6.9509133 ], [ 79.9005819, 6.9508707 ], [ 79.900712, 6.950852 ], [ 79.9007187, 6.9507495 ], [ 79.9007603, 6.950651 ], [ 79.9008193, 6.9505858 ], [ 79.9008126, 6.9505458 ], [ 79.9007616, 6.9505072 ], [ 79.9004759, 6.9503688 ], [ 79.9003633, 6.9503555 ] ] ], [ [ [ 79.8701317, 6.9599138 ], [ 79.8695792, 6.9590177 ], [ 79.8694294, 6.9585689 ], [ 79.8694353, 6.958323 ], [ 79.8696975, 6.9582136 ], [ 79.869964, 6.9581363 ], [ 79.8700429, 6.9574018 ], [ 79.870348, 6.9569822 ], [ 79.8705545, 6.9568837 ], [ 79.8706511, 6.9566521 ], [ 79.8707128, 6.9562953 ], [ 79.8705247, 6.9563535 ], [ 79.8697472, 6.956495 ], [ 79.8692805, 6.956724 ], [ 79.8689237, 6.9567479 ], [ 79.8687252, 6.9568145 ], [ 79.8689133, 6.9571382 ], [ 79.8689666, 6.9574056 ], [ 79.8689738, 6.9574775 ], [ 79.8690041, 6.9576204 ], [ 79.8690234, 6.9578111 ], [ 79.8690967, 6.9580441 ], [ 79.8691869, 6.9582291 ], [ 79.869303, 6.9584105 ], [ 79.8693421, 6.9586756 ], [ 79.869451, 6.9589589 ], [ 79.8697075, 6.9594535 ], [ 79.8698509, 6.9596424 ], [ 79.869884, 6.9598683 ], [ 79.8698679, 6.9601186 ], [ 79.8697559, 6.9603696 ], [ 79.8697794, 6.9606079 ], [ 79.869964, 6.9607511 ], [ 79.8701761, 6.9607804 ], [ 79.8703537, 6.9605258 ], [ 79.8703833, 6.9602908 ], [ 79.8701317, 6.9599138 ] ] ], [ [ [ 79.8914114, 6.9660955 ], [ 79.8914061, 6.9660322 ], [ 79.8912945, 6.9660559 ], [ 79.8912015, 6.9658106 ], [ 79.8909304, 6.9654149 ], [ 79.8904494, 6.9647924 ], [ 79.8903032, 6.9647264 ], [ 79.8900321, 6.9643571 ], [ 79.8901882, 6.9641732 ], [ 79.8901532, 6.9641408 ], [ 79.8899126, 6.9643703 ], [ 79.8896654, 6.9645681 ], [ 79.8896282, 6.9647185 ], [ 79.8896814, 6.9648267 ], [ 79.8894422, 6.9650351 ], [ 79.8891472, 6.9653226 ], [ 79.8888841, 6.9655943 ], [ 79.8887858, 6.965655 ], [ 79.8886476, 6.965655 ], [ 79.8882888, 6.9656022 ], [ 79.8881692, 6.9657526 ], [ 79.888039, 6.9658792 ], [ 79.8880177, 6.9663989 ], [ 79.8882968, 6.9665387 ], [ 79.8885652, 6.9666284 ], [ 79.888629, 6.9666706 ], [ 79.8886502, 6.9667734 ], [ 79.8886237, 6.9668842 ], [ 79.8884429, 6.9672193 ], [ 79.8885067, 6.9672826 ], [ 79.8886635, 6.967119 ], [ 79.8889479, 6.9670082 ], [ 79.8890242, 6.9669397 ], [ 79.8889612, 6.9669024 ], [ 79.8886567, 6.966346 ], [ 79.8886353, 6.9662688 ], [ 79.8886667, 6.9660663 ], [ 79.8887039, 6.9659806 ], [ 79.8890963, 6.9656802 ], [ 79.8891126, 6.9656101 ], [ 79.8893598, 6.965349 ], [ 79.8894555, 6.9652777 ], [ 79.8895352, 6.9652725 ], [ 79.8900986, 6.9648267 ], [ 79.8902846, 6.9648768 ], [ 79.890933, 6.9657077 ], [ 79.8910527, 6.9660218 ], [ 79.8911163, 6.9664578 ], [ 79.8911269, 6.966664 ], [ 79.8910178, 6.9672149 ], [ 79.8909688, 6.9675353 ], [ 79.8909373, 6.9676269 ], [ 79.8908823, 6.9677086 ], [ 79.8907903, 6.9677871 ], [ 79.8907118, 6.9678264 ], [ 79.8904511, 6.9679807 ], [ 79.8902206, 6.9680705 ], [ 79.889958, 6.9681742 ], [ 79.889724, 6.9683129 ], [ 79.889777, 6.9683773 ], [ 79.8900694, 6.968219 ], [ 79.890367, 6.9681003 ], [ 79.8907125, 6.9678998 ], [ 79.8907709, 6.9680106 ], [ 79.8908135, 6.9680502 ], [ 79.8909065, 6.9680291 ], [ 79.8908586, 6.9678629 ], [ 79.891034, 6.9677073 ], [ 79.8911749, 6.96733 ], [ 79.8912227, 6.9670557 ], [ 79.8912785, 6.9668552 ], [ 79.8912971, 6.9661061 ], [ 79.8914114, 6.9660955 ] ] ], [ [ [ 79.8913234, 6.968934 ], [ 79.8912269, 6.9690283 ], [ 79.8911794, 6.9690047 ], [ 79.8910383, 6.9691182 ], [ 79.8907919, 6.9693466 ], [ 79.8908928, 6.9694527 ], [ 79.8909136, 6.9694586 ], [ 79.8912269, 6.9691447 ], [ 79.891267, 6.9691285 ], [ 79.8913189, 6.9691492 ], [ 79.891405, 6.9692243 ], [ 79.8916426, 6.9693599 ], [ 79.8917881, 6.9694645 ], [ 79.8918771, 6.9695529 ], [ 79.8919588, 6.9695883 ], [ 79.8920598, 6.9695957 ], [ 79.8922646, 6.9695942 ], [ 79.8925007, 6.9696605 ], [ 79.8926284, 6.9697136 ], [ 79.8927456, 6.9697887 ], [ 79.8928258, 6.9698506 ], [ 79.8935028, 6.969659 ], [ 79.8934716, 6.9696134 ], [ 79.8934256, 6.9695633 ], [ 79.8933603, 6.9694955 ], [ 79.8932786, 6.9695279 ], [ 79.8931658, 6.9695323 ], [ 79.8929075, 6.9695117 ], [ 79.8927486, 6.9694748 ], [ 79.8925645, 6.9694056 ], [ 79.8923864, 6.9693289 ], [ 79.8922438, 6.9692111 ], [ 79.8921963, 6.9691875 ], [ 79.8920345, 6.9691241 ], [ 79.8919247, 6.9690696 ], [ 79.8918801, 6.9690327 ], [ 79.8918163, 6.9689635 ], [ 79.8917034, 6.9688765 ], [ 79.8916352, 6.9688323 ], [ 79.8916129, 6.968794 ], [ 79.8915268, 6.9686643 ], [ 79.891408, 6.9684521 ], [ 79.8913813, 6.9683917 ], [ 79.8913486, 6.9683652 ], [ 79.8912937, 6.9683608 ], [ 79.8912091, 6.968374 ], [ 79.8911185, 6.9683902 ], [ 79.8911037, 6.9683416 ], [ 79.8910369, 6.9683608 ], [ 79.8910562, 6.9684153 ], [ 79.8907073, 6.9685214 ], [ 79.8904653, 6.9685995 ], [ 79.890302, 6.9686422 ], [ 79.8902515, 6.9686732 ], [ 79.8902099, 6.9687528 ], [ 79.8901921, 6.9688117 ], [ 79.8902292, 6.9688456 ], [ 79.8902663, 6.9687778 ], [ 79.890302, 6.9687115 ], [ 79.8903376, 6.9686894 ], [ 79.8904757, 6.9686467 ], [ 79.8907162, 6.9685744 ], [ 79.8909344, 6.9685067 ], [ 79.8910562, 6.9685125 ], [ 79.8911705, 6.9686069 ], [ 79.8912759, 6.9687852 ], [ 79.8912788, 6.968822 ], [ 79.8913234, 6.968934 ] ] ], [ [ [ 79.8878729, 6.9696725 ], [ 79.8873425, 6.9689286 ], [ 79.88727, 6.9687475 ], [ 79.8871654, 6.9683828 ], [ 79.8872003, 6.968263 ], [ 79.8878601, 6.9673844 ], [ 79.8879701, 6.9673817 ], [ 79.8882356, 6.9675281 ], [ 79.8883174, 6.9675215 ], [ 79.8884261, 6.9674363 ], [ 79.8884674, 6.9673602 ], [ 79.8884222, 6.9672784 ], [ 79.8883053, 6.9674077 ], [ 79.8879944, 6.9672309 ], [ 79.8879412, 6.9672256 ], [ 79.8878668, 6.9672441 ], [ 79.8870456, 6.9682993 ], [ 79.887136, 6.9686686 ], [ 79.8872449, 6.9691671 ], [ 79.8872556, 6.9699822 ], [ 79.8870722, 6.9702566 ], [ 79.8869978, 6.9704755 ], [ 79.8868277, 6.970742 ], [ 79.8862776, 6.9712827 ], [ 79.8859215, 6.9715149 ], [ 79.8856318, 6.9716151 ], [ 79.8855973, 6.9716283 ], [ 79.8856132, 6.9716626 ], [ 79.88577, 6.9717048 ], [ 79.8860039, 6.9716098 ], [ 79.8863068, 6.9714041 ], [ 79.8866815, 6.9710743 ], [ 79.8871865, 6.9705652 ], [ 79.887896, 6.9698108 ], [ 79.8878987, 6.9696921 ], [ 79.8878729, 6.9696725 ] ] ], [ [ [ 79.8936415, 6.9696445 ], [ 79.8935738, 6.9693679 ], [ 79.8934275, 6.9694671 ], [ 79.893464, 6.9694988 ], [ 79.8935054, 6.9695426 ], [ 79.8935442, 6.9695904 ], [ 79.8935883, 6.9696562 ], [ 79.8936415, 6.9696445 ] ] ], [ [ [ 79.8941018, 6.9693757 ], [ 79.8939979, 6.9693694 ], [ 79.8939343, 6.9693673 ], [ 79.8938771, 6.9693799 ], [ 79.8938242, 6.9693926 ], [ 79.8938856, 6.969645 ], [ 79.8939643, 6.9696204 ], [ 79.8940568, 6.9696267 ], [ 79.894139, 6.9696603 ], [ 79.8941731, 6.9697097 ], [ 79.894267, 6.9694346 ], [ 79.8941929, 6.9693947 ], [ 79.8941018, 6.9693757 ] ] ], [ [ [ 79.868593543468677, 6.96900813995182 ], [ 79.868656661540967, 6.969197494168692 ], [ 79.868721883549014, 6.969247988626525 ], [ 79.86872819535624, 6.969449966457856 ], [ 79.868707418990766, 6.969533334911674 ], [ 79.868731614251814, 6.969629589971917 ], [ 79.868730562283943, 6.969680610413686 ], [ 79.868734244171492, 6.969695863947821 ], [ 79.868740555978718, 6.969723741096417 ], [ 79.868740555978718, 6.969752144228948 ], [ 79.868715834733734, 6.969773183586378 ], [ 79.868695321360249, 6.9697705536667 ], [ 79.8686791, 6.9697617 ], [ 79.8686837, 6.9697946 ], [ 79.8687099, 6.9698427 ], [ 79.8687307, 6.9698741 ], [ 79.8687445, 6.9698932 ], [ 79.868865214171493, 6.970225003787197 ], [ 79.868900981079122, 6.970511139048249 ], [ 79.868980930637363, 6.970631063385603 ], [ 79.868983034573105, 6.970155573907677 ], [ 79.868976722765879, 6.970004090534179 ], [ 79.869023009352219, 6.969884166196826 ], [ 79.869197636018896, 6.96971374740164 ], [ 79.869229195055041, 6.969778969409674 ], [ 79.869250234412462, 6.969913621297228 ], [ 79.869325976099219, 6.970170301457878 ], [ 79.869422757143397, 6.970115599128559 ], [ 79.869363846942591, 6.969953596076346 ], [ 79.869288105255848, 6.969667460815293 ], [ 79.869069032946612, 6.969405783807253 ], [ 79.868957524352226, 6.969161727261061 ], [ 79.868846015757853, 6.968945021879528 ], [ 79.868742922906435, 6.968833513285148 ], [ 79.868635622183547, 6.968822993606432 ], [ 79.868593543468677, 6.96900813995182 ] ] ], [ [ [ 79.894365967344925, 6.969495990052231 ], [ 79.894311265015602, 6.969668512783159 ], [ 79.894576360919231, 6.96975267021288 ], [ 79.894614231762603, 6.970228159690806 ], [ 79.894618439634087, 6.970636323224955 ], [ 79.894399630316812, 6.970712064911704 ], [ 79.894441709031668, 6.970817261698856 ], [ 79.894753091521636, 6.970678401939816 ], [ 79.894748883650152, 6.970026181859475 ], [ 79.894963485095943, 6.969348714550218 ], [ 79.895173878670249, 6.968906888044181 ], [ 79.895161255055783, 6.968772236156627 ], [ 79.895077097626071, 6.968746988927711 ], [ 79.894929822124055, 6.968911095915667 ], [ 79.894656310477458, 6.9694749506948 ], [ 79.894597400276652, 6.969517029409661 ], [ 79.894365967344925, 6.969495990052231 ] ] ], [ [ [ 79.8897439, 6.9694935 ], [ 79.8898565, 6.969355 ], [ 79.8901368, 6.9692206 ], [ 79.8901708, 6.9691602 ], [ 79.8901655, 6.9691096 ], [ 79.890107, 6.96907 ], [ 79.8898289, 6.968882 ], [ 79.8896688, 6.9689291 ], [ 79.8895467, 6.9689357 ], [ 79.8888761, 6.9694469 ], [ 79.8883343, 6.9699661 ], [ 79.8872963, 6.9710364 ], [ 79.8865239, 6.9717312 ], [ 79.8862637, 6.9720134 ], [ 79.8862583, 6.972072 ], [ 79.8863173, 6.97208 ], [ 79.8863736, 6.972056 ], [ 79.88643, 6.9720747 ], [ 79.8864541, 6.9721333 ], [ 79.8864568, 6.9722557 ], [ 79.8865534, 6.9724075 ], [ 79.8867867, 6.9725992 ], [ 79.8868806, 6.9727456 ], [ 79.8870603, 6.9729187 ], [ 79.8873312, 6.9732754 ], [ 79.887358, 6.9736402 ], [ 79.887431, 6.9736556 ], [ 79.8875163, 6.9736481 ], [ 79.8875597, 6.9735584 ], [ 79.8874895, 6.9732675 ], [ 79.8875082, 6.9728042 ], [ 79.8874948, 6.9724873 ], [ 79.8876584, 6.9721705 ], [ 79.887696, 6.9721199 ], [ 79.8879025, 6.9719842 ], [ 79.8883075, 6.9718404 ], [ 79.8883907, 6.9717499 ], [ 79.8883504, 6.9716966 ], [ 79.8882887, 6.971686 ], [ 79.8881439, 6.9715502 ], [ 79.8881493, 6.9714304 ], [ 79.8882083, 6.9713292 ], [ 79.888447, 6.9711269 ], [ 79.8888466, 6.9709245 ], [ 79.8890371, 6.9707195 ], [ 79.8893589, 6.9704773 ], [ 79.8895226, 6.9702856 ], [ 79.8896942, 6.9700326 ], [ 79.8899115, 6.9698835 ], [ 79.8900322, 6.9698622 ], [ 79.8900877, 6.9698551 ], [ 79.890314, 6.9698544 ], [ 79.8905054, 6.9697938 ], [ 79.8906543, 6.9696767 ], [ 79.8908752, 6.9694684 ], [ 79.8907689, 6.9693743 ], [ 79.8905041, 6.9696128 ], [ 79.8903009, 6.9697532 ], [ 79.8900818, 6.9698024 ], [ 79.8898879, 6.9698138 ], [ 79.8897613, 6.969793 ], [ 79.8897264, 6.9697105 ], [ 79.8897318, 6.9696519 ], [ 79.8897439, 6.9694935 ] ] ], [ [ [ 79.870557830476741, 6.995130343145359 ], [ 79.870557830476741, 6.994978859771861 ], [ 79.870641987906467, 6.994869455113222 ], [ 79.870919707424548, 6.994734803225668 ], [ 79.87106277505508, 6.994448667964615 ], [ 79.871340494573161, 6.994162532703563 ], [ 79.871357326059098, 6.993615509410374 ], [ 79.871163763970742, 6.99332095840635 ], [ 79.870490504532967, 6.993236800976629 ], [ 79.870036054412481, 6.993253632462572 ], [ 79.86969100895061, 6.993329374149321 ], [ 79.869455368147399, 6.99371649832604 ], [ 79.869438536661448, 6.994196195675451 ], [ 79.86973308766548, 6.994608567081086 ], [ 79.869657345978723, 6.995349152462635 ], [ 79.869926649753836, 6.995551130293966 ], [ 79.870153874814079, 6.995668950695576 ], [ 79.870440010075143, 6.995660534952603 ], [ 79.870667235135386, 6.995475388607217 ], [ 79.870557830476741, 6.995130343145359 ] ] ], [ [ [ 79.8686933, 6.9973879 ], [ 79.868704, 6.9976116 ], [ 79.8686289, 6.9976755 ], [ 79.8687148, 6.99775 ], [ 79.8689723, 6.9978991 ], [ 79.8691117, 6.9979097 ], [ 79.8692727, 6.9980801 ], [ 79.8696053, 6.9981547 ], [ 79.8693692, 6.9973773 ], [ 79.8691546, 6.9967597 ], [ 79.8688221, 6.9963337 ], [ 79.8684895, 6.9963018 ], [ 79.8684787, 6.9962379 ], [ 79.8686397, 6.996142 ], [ 79.8683071, 6.9960462 ], [ 79.8683285, 6.9962059 ], [ 79.868232, 6.9962911 ], [ 79.8683071, 6.9965147 ], [ 79.8687577, 6.9965254 ], [ 79.8690366, 6.997324 ], [ 79.8686933, 6.9973879 ] ] ], [ [ [ 79.8736712, 7.0089679 ], [ 79.8734593, 7.0089652 ], [ 79.873391, 7.0090011 ], [ 79.8733467, 7.0090464 ], [ 79.8733373, 7.0091809 ], [ 79.8733561, 7.0093007 ], [ 79.8734003, 7.0093406 ], [ 79.8734701, 7.0093433 ], [ 79.8735411, 7.009318 ], [ 79.8736095, 7.0092887 ], [ 79.8737651, 7.0092874 ], [ 79.8738576, 7.00929 ], [ 79.8739099, 7.0093486 ], [ 79.8740052, 7.0094924 ], [ 79.8740722, 7.0095243 ], [ 79.8741527, 7.0095283 ], [ 79.874319, 7.0094511 ], [ 79.8743753, 7.0092793 ], [ 79.8743767, 7.0091543 ], [ 79.8743525, 7.0090571 ], [ 79.8742492, 7.0089666 ], [ 79.8741379, 7.0089027 ], [ 79.8740226, 7.0088681 ], [ 79.873914, 7.0088627 ], [ 79.873859, 7.0089173 ], [ 79.8737825, 7.0089679 ], [ 79.8736712, 7.0089679 ] ] ], [ [ [ 79.877592339633267, 7.008709670414821 ], [ 79.876060674412344, 7.008709670414821 ], [ 79.876052258669361, 7.009618570655812 ], [ 79.876123792484634, 7.009822652422885 ], [ 79.876034375215553, 7.00994362872811 ], [ 79.875700901400279, 7.009948888567467 ], [ 79.875572561319956, 7.010039357804418 ], [ 79.875473676340036, 7.010245543507235 ], [ 79.875383207103084, 7.010847269129741 ], [ 79.875378999231643, 7.011613101740209 ], [ 79.877373530316035, 7.011528944310488 ], [ 79.877508182203584, 7.01067053852733 ], [ 79.877306204372218, 7.010510639410859 ], [ 79.877348283087073, 7.010115099491168 ], [ 79.877491350717605, 7.009921537402809 ], [ 79.877844811922429, 7.010258167121695 ], [ 79.877920553609172, 7.009812132744171 ], [ 79.877642834091105, 7.009568076197979 ], [ 79.877592339633267, 7.008709670414821 ] ] ], [ [ [ 79.8787827, 7.019195 ], [ 79.8786915, 7.0194506 ], [ 79.8789614, 7.0195454 ], [ 79.8790525, 7.0192898 ], [ 79.8787827, 7.019195 ] ] ], [ [ [ 79.8786781, 7.0194852 ], [ 79.8785869, 7.0197407 ], [ 79.8788567, 7.0198356 ], [ 79.8789479, 7.01958 ], [ 79.8786781, 7.0194852 ] ] ], [ [ [ 79.8785716, 7.0197722 ], [ 79.8784804, 7.0200277 ], [ 79.8787503, 7.0201226 ], [ 79.8788415, 7.019867 ], [ 79.8785716, 7.0197722 ] ] ], [ [ [ 79.8863505, 7.0272738 ], [ 79.8859712, 7.0273303 ], [ 79.8858449, 7.0274836 ], [ 79.8860394, 7.027703 ], [ 79.8860265, 7.0279051 ], [ 79.8858498, 7.0279327 ], [ 79.8857701, 7.0278348 ], [ 79.8856639, 7.0278385 ], [ 79.8856525, 7.027959 ], [ 79.8856412, 7.028008 ], [ 79.8861684, 7.0280983 ], [ 79.886377, 7.0279778 ], [ 79.8865629, 7.0280494 ], [ 79.8866426, 7.0275449 ], [ 79.8867146, 7.0273868 ], [ 79.8867146, 7.0271872 ], [ 79.8878147, 7.0272174 ], [ 79.8883571, 7.0270141 ], [ 79.8888983, 7.0270878 ], [ 79.8888843, 7.026963 ], [ 79.8885164, 7.0267882 ], [ 79.8882509, 7.0268296 ], [ 79.8876504, 7.026951 ], [ 79.8870478, 7.0269175 ], [ 79.88627, 7.0269165 ], [ 79.8853388, 7.0268773 ], [ 79.8843854, 7.0268716 ], [ 79.8829704, 7.0267921 ], [ 79.8816133, 7.0267415 ], [ 79.8797927, 7.0266743 ], [ 79.8789257, 7.0266137 ], [ 79.8782708, 7.0265828 ], [ 79.8764178, 7.0265099 ], [ 79.8745644, 7.0264487 ], [ 79.8736873, 7.0264087 ], [ 79.8735855, 7.0263622 ], [ 79.8728532, 7.0264886 ], [ 79.8728315, 7.0265661 ], [ 79.8733094, 7.0266451 ], [ 79.8746332, 7.0267091 ], [ 79.8789727, 7.0268447 ], [ 79.8790789, 7.0272927 ], [ 79.8790448, 7.0277482 ], [ 79.8795568, 7.0279063 ], [ 79.8799362, 7.027511 ], [ 79.8802776, 7.0274282 ], [ 79.8803572, 7.0270216 ], [ 79.8810324, 7.0269651 ], [ 79.8807858, 7.0271232 ], [ 79.8804179, 7.0275148 ], [ 79.8804976, 7.0277105 ], [ 79.8810855, 7.0276202 ], [ 79.8812828, 7.0270065 ], [ 79.8833235, 7.0271082 ], [ 79.8832856, 7.0271985 ], [ 79.8830504, 7.0272437 ], [ 79.8829442, 7.0274207 ], [ 79.8831566, 7.0275411 ], [ 79.8835132, 7.0275148 ], [ 79.8837711, 7.0270969 ], [ 79.8863922, 7.0271609 ], [ 79.8863505, 7.0272738 ] ] ], [ [ [ 79.9030436, 7.0553651 ], [ 79.9027904, 7.0550329 ], [ 79.9024906, 7.0552346 ], [ 79.9026405, 7.0554395 ], [ 79.9025023, 7.0555932 ], [ 79.9025956, 7.0557039 ], [ 79.9030436, 7.0553651 ] ] ], [ [ [ 79.9024465, 7.0582632 ], [ 79.9028628, 7.058007 ], [ 79.9027562, 7.0578417 ], [ 79.9023516, 7.0581326 ], [ 79.9024465, 7.0582632 ] ] ], [ [ [ 79.9012257, 7.0683789 ], [ 79.9011404, 7.0681863 ], [ 79.901207, 7.0681466 ], [ 79.9013269, 7.0683375 ], [ 79.9014435, 7.0682829 ], [ 79.9013044, 7.0680102 ], [ 79.9009331, 7.0682003 ], [ 79.9010652, 7.0684456 ], [ 79.9012257, 7.0683789 ] ] ], [ [ [ 79.875668298392043, 7.093194852246318 ], [ 79.875562119292184, 7.093174301452796 ], [ 79.87550731717613, 7.093153750659275 ], [ 79.875459365324573, 7.093150325527022 ], [ 79.875401138076256, 7.093150325527022 ], [ 79.875339485695704, 7.093164026056036 ], [ 79.875336060563441, 7.093225678436601 ], [ 79.875332635431192, 7.093270205155897 ], [ 79.875332635431192, 7.093311306742939 ], [ 79.875329210298943, 7.093331857536461 ], [ 79.87532578516668, 7.093352408329983 ], [ 79.875305234373158, 7.09336953399125 ], [ 79.875277833315138, 7.093359258594489 ], [ 79.875260707653865, 7.093314731875193 ], [ 79.875260707653865, 7.09327363028815 ], [ 79.875260707653865, 7.093218828172093 ], [ 79.875253857389353, 7.093184576849557 ], [ 79.875247007124855, 7.093157175791529 ], [ 79.87520933067006, 7.0931297747335 ], [ 79.875147678289494, 7.093078397749697 ], [ 79.875051774586396, 7.093013320236879 ], [ 79.875034648925137, 7.092982494046597 ], [ 79.87496272114781, 7.09289001547575 ], [ 79.874866817444712, 7.092800962037157 ], [ 79.874815440460907, 7.092735884524339 ], [ 79.874781189138361, 7.092711908598564 ], [ 79.874740087551316, 7.092681082408282 ], [ 79.874702411096536, 7.092667381879267 ], [ 79.874633908451457, 7.092622855159971 ], [ 79.874599657128925, 7.09260230436645 ], [ 79.874558555541881, 7.092585178705182 ], [ 79.874531154483861, 7.092581753572928 ], [ 79.874479777500056, 7.092581753572928 ], [ 79.874424975383988, 7.092592028969689 ], [ 79.874377023532446, 7.092616004895464 ], [ 79.874346197342163, 7.092639980821239 ], [ 79.874311946019631, 7.092674232143774 ], [ 79.874284544961597, 7.092711908598564 ], [ 79.874233167977792, 7.092746159921099 ], [ 79.874195491523011, 7.092766710714622 ], [ 79.874144114539206, 7.092807812301664 ], [ 79.87410986321666, 7.092845488756454 ], [ 79.87408246215864, 7.092893440608004 ], [ 79.874065336497367, 7.092941392459553 ], [ 79.874027660042586, 7.092989344311103 ], [ 79.874010534381313, 7.093020170501386 ], [ 79.87396600766202, 7.09311949933674 ], [ 79.873924906074976, 7.093174301452796 ], [ 79.873883804487932, 7.093222253304346 ], [ 79.873835852636375, 7.093259929759136 ], [ 79.873774200255809, 7.093283905684911 ], [ 79.87365432062694, 7.093325007271954 ], [ 79.873616644172145, 7.093342132933222 ], [ 79.873548141527081, 7.093386659652518 ], [ 79.873500189675525, 7.09340721044604 ], [ 79.873441962427222, 7.093441461768576 ], [ 79.873414561369188, 7.093462012562097 ], [ 79.873383735178905, 7.093479138223365 ], [ 79.873380310046656, 7.093482563355618 ], [ 79.873370034649895, 7.09350311414914 ], [ 79.873356334120885, 7.093540790603929 ], [ 79.873339208459612, 7.093564766529704 ], [ 79.873328933062851, 7.093578467058719 ], [ 79.873373459782144, 7.093653819968297 ], [ 79.873397435707915, 7.093718897481115 ], [ 79.8734214116337, 7.093777124729426 ], [ 79.873455662956232, 7.093859327903512 ], [ 79.873486489146515, 7.093944956209851 ], [ 79.873507039940037, 7.093999758325908 ], [ 79.873541291262569, 7.094061410706472 ], [ 79.873589243114125, 7.094160739541826 ], [ 79.873613219039896, 7.094242942715912 ], [ 79.873647470362428, 7.094308020228731 ], [ 79.873698847346233, 7.094414199328591 ], [ 79.873739948933277, 7.094496402502677 ], [ 79.87378447565257, 7.094564905147748 ], [ 79.873856403429897, 7.094636832925073 ], [ 79.873935181471737, 7.094691635041131 ], [ 79.874003684116801, 7.094746437157188 ], [ 79.874092737555401, 7.094770413082963 ], [ 79.874168090464977, 7.094760137686202 ], [ 79.874267419300324, 7.094725886363666 ], [ 79.874380448664695, 7.094677934512116 ], [ 79.87453457961611, 7.094623132396059 ], [ 79.874620207922447, 7.09458545594127 ], [ 79.87474351268358, 7.09453750408972 ], [ 79.874897643634981, 7.094479276841409 ], [ 79.875003822734854, 7.094448450651127 ], [ 79.875086025908928, 7.094417624460845 ], [ 79.875164803950767, 7.094386798270563 ], [ 79.875274408182875, 7.094349121815773 ], [ 79.875390862679509, 7.094331996154505 ], [ 79.875469640721334, 7.094325145889998 ], [ 79.875541568498662, 7.094304595096476 ], [ 79.875603220879228, 7.094266918641687 ], [ 79.875692274317814, 7.094208691393376 ], [ 79.875774477491902, 7.094126488219291 ], [ 79.87584298013698, 7.094044285045205 ], [ 79.875890931988522, 7.093944956209851 ], [ 79.875932033575566, 7.093705196952101 ], [ 79.875938883840078, 7.093653819968297 ], [ 79.8759594346336, 7.093547640868437 ], [ 79.875966284898098, 7.093472287958858 ], [ 79.875966284898098, 7.093372959123504 ], [ 79.875966284898098, 7.093297606213925 ], [ 79.875945734104576, 7.093259929759136 ], [ 79.875880656591761, 7.093249654362375 ], [ 79.875812153946697, 7.093229103568854 ], [ 79.875719675375848, 7.093211977907586 ], [ 79.875668298392043, 7.093194852246318 ] ], [ [ 79.87499012220583, 7.09321540303984 ], [ 79.874996972470342, 7.093259929759136 ], [ 79.874996972470342, 7.093325007271954 ], [ 79.875014098131615, 7.09340721044604 ], [ 79.875024373528376, 7.093496263884632 ], [ 79.875034648925137, 7.093554491132943 ], [ 79.875041499189635, 7.093626418910269 ], [ 79.875044924321898, 7.093691496423086 ], [ 79.875058624850908, 7.093749723671397 ], [ 79.87507917564443, 7.093821651448723 ], [ 79.875062049983157, 7.093869603300273 ], [ 79.875014098131615, 7.093897004358301 ], [ 79.874955870883298, 7.093920980284076 ], [ 79.874870242576961, 7.093965507003372 ], [ 79.874798314799634, 7.093975782400133 ], [ 79.874726387022307, 7.09398263266464 ], [ 79.874640758715969, 7.093999758325908 ], [ 79.874558555541881, 7.094034009648444 ], [ 79.874496903161315, 7.094078536367741 ], [ 79.874438675913012, 7.094112787690277 ], [ 79.874377023532446, 7.094112787690277 ], [ 79.874308520887368, 7.09411621282253 ], [ 79.874243443374553, 7.094123063087037 ], [ 79.874178365861738, 7.094133338483798 ], [ 79.874113288348923, 7.094136763616051 ], [ 79.874061911365118, 7.094147039012812 ], [ 79.874027660042586, 7.094181290335348 ], [ 79.874020809778074, 7.094232667319152 ], [ 79.874031085174835, 7.094280619170702 ], [ 79.874058486232855, 7.094308020228731 ], [ 79.87409616268765, 7.094335421286758 ], [ 79.874075611894128, 7.094359397212534 ], [ 79.874031085174835, 7.094386798270563 ], [ 79.873996833852303, 7.094390223402816 ], [ 79.873952307132996, 7.094386798270563 ], [ 79.87390093014919, 7.094342271551266 ], [ 79.873883804487932, 7.09429774483197 ], [ 79.873870103958922, 7.09424979298042 ], [ 79.87386325369441, 7.094205266261123 ], [ 79.873859828562161, 7.094147039012812 ], [ 79.873852978297649, 7.094102512293516 ], [ 79.873835852636375, 7.094054560441966 ], [ 79.873815301842853, 7.094003183458162 ], [ 79.873808451578356, 7.093951806474358 ], [ 79.873801601313843, 7.093907279755062 ], [ 79.873801601313843, 7.093794250390694 ], [ 79.873818726975117, 7.093749723671397 ], [ 79.873835852636375, 7.093736023142383 ], [ 79.873856403429897, 7.093729172877876 ], [ 79.87386325369441, 7.093725747745622 ], [ 79.873890654752429, 7.093712047216608 ], [ 79.873918055810464, 7.093698346687594 ], [ 79.873952307132996, 7.09368464615858 ], [ 79.873976283058781, 7.093660670232804 ], [ 79.873969432794269, 7.093619568645761 ], [ 79.873962582529757, 7.093588742455479 ], [ 79.873962582529757, 7.09355106600069 ], [ 79.873983133323279, 7.0935133895459 ], [ 79.874017384645825, 7.093516814678154 ], [ 79.874051635968357, 7.093554491132943 ], [ 79.87409616268765, 7.093602442984493 ], [ 79.874130414010182, 7.093622993778015 ], [ 79.874219467448782, 7.093592167587733 ], [ 79.874243443374553, 7.093533940339422 ], [ 79.874243443374553, 7.093506539281393 ], [ 79.874229742845543, 7.093458587429843 ], [ 79.874188641258499, 7.093396935049279 ], [ 79.874174940729489, 7.093352408329983 ], [ 79.874178365861738, 7.093307881610686 ], [ 79.87419891665526, 7.093263354891389 ], [ 79.87421261718427, 7.093222253304346 ], [ 79.874243443374553, 7.093201702510825 ], [ 79.87430167062287, 7.093157175791529 ], [ 79.874308520887368, 7.093105798807725 ], [ 79.874332496813153, 7.093061272088429 ], [ 79.874363323003436, 7.093040721294908 ], [ 79.874404424590466, 7.093003044840118 ], [ 79.874452376442022, 7.09294824272406 ], [ 79.874500328293578, 7.092907141137018 ], [ 79.87456198067413, 7.092876314946736 ], [ 79.874603082261174, 7.09289001547575 ], [ 79.874640758715969, 7.092903716004765 ], [ 79.874692135699775, 7.092920841666032 ], [ 79.874726387022307, 7.092924266798286 ], [ 79.874784614270624, 7.09294824272406 ], [ 79.874835991254429, 7.092961943253075 ], [ 79.874870242576961, 7.092992769443357 ], [ 79.874897643634981, 7.093027020765893 ], [ 79.874935320089776, 7.09307154748519 ], [ 79.874959296015547, 7.093109223939979 ], [ 79.874979846809069, 7.093153750659275 ], [ 79.87499012220583, 7.09321540303984 ] ] ], [ [ [ 79.8928111, 7.0969772 ], [ 79.893051, 7.0969117 ], [ 79.8930268, 7.0968118 ], [ 79.8927966, 7.0968414 ], [ 79.8928111, 7.0969772 ] ] ], [ [ [ 79.881844, 7.1066152 ], [ 79.881844, 7.1066344 ], [ 79.8818531, 7.1066581 ], [ 79.881861, 7.1066705 ], [ 79.8818735, 7.1066886 ], [ 79.881886, 7.1066987 ], [ 79.8819065, 7.1067111 ], [ 79.8819304, 7.1067224 ], [ 79.8819543, 7.1067427 ], [ 79.8819713, 7.1067563 ], [ 79.8819873, 7.1067653 ], [ 79.8820259, 7.1067495 ], [ 79.8820316, 7.1067348 ], [ 79.8820464, 7.106692 ], [ 79.8820589, 7.1066671 ], [ 79.8820771, 7.1066491 ], [ 79.8820907, 7.106622 ], [ 79.8820885, 7.1065994 ], [ 79.8820896, 7.1065532 ], [ 79.882068, 7.1065159 ], [ 79.8820384, 7.1064956 ], [ 79.882002, 7.1064866 ], [ 79.8819509, 7.1064832 ], [ 79.8819156, 7.1064742 ], [ 79.8818815, 7.1064674 ], [ 79.8818519, 7.10649 ], [ 79.8818451, 7.1065216 ], [ 79.8818531, 7.1065588 ], [ 79.881844, 7.1066152 ] ] ], [ [ [ 79.876093, 7.1128119 ], [ 79.8762132, 7.1128792 ], [ 79.8762423, 7.1128773 ], [ 79.8762869, 7.1128504 ], [ 79.8762792, 7.1128253 ], [ 79.8762249, 7.1127849 ], [ 79.8760678, 7.112706 ], [ 79.875901, 7.1126214 ], [ 79.8757284, 7.1125752 ], [ 79.8755888, 7.1126214 ], [ 79.8754085, 7.1126964 ], [ 79.8752727, 7.1127599 ], [ 79.8751051, 7.1127839 ], [ 79.8751407, 7.1128445 ], [ 79.8751416, 7.112891 ], [ 79.8754279, 7.1128215 ], [ 79.8756082, 7.1127407 ], [ 79.8757672, 7.1127041 ], [ 79.875932, 7.1127599 ], [ 79.876093, 7.1128119 ] ] ], [ [ [ 79.9024624, 7.1140316 ], [ 79.9024734, 7.114108 ], [ 79.9025227, 7.1141131 ], [ 79.902572, 7.1141119 ], [ 79.9032964, 7.1140663 ], [ 79.9033917, 7.1140036 ], [ 79.9034775, 7.1139273 ], [ 79.9035061, 7.113864 ], [ 79.9035347, 7.1137571 ], [ 79.9034907, 7.1136174 ], [ 79.9033851, 7.1134472 ], [ 79.9033016, 7.1133927 ], [ 79.9027621, 7.113389 ], [ 79.9026776, 7.1134042 ], [ 79.9026307, 7.1134512 ], [ 79.9025516, 7.1134303 ], [ 79.9025357, 7.1135789 ], [ 79.9025042, 7.1137632 ], [ 79.9024727, 7.1139056 ], [ 79.9024624, 7.1140316 ] ] ], [ [ [ 79.9025172, 7.1152969 ], [ 79.9025331, 7.1153538 ], [ 79.90265, 7.1154191 ], [ 79.9026945, 7.1154174 ], [ 79.9028822, 7.1154892 ], [ 79.902979, 7.115511 ], [ 79.903406, 7.115518 ], [ 79.9034232, 7.1154521 ], [ 79.9034122, 7.115391 ], [ 79.9033957, 7.1153321 ], [ 79.9033252, 7.1153268 ], [ 79.9032165, 7.1153037 ], [ 79.9031681, 7.1153037 ], [ 79.903105, 7.1152644 ], [ 79.9031035, 7.1152368 ], [ 79.9030711, 7.11523 ], [ 79.9030658, 7.1152572 ], [ 79.9029666, 7.115224 ], [ 79.9029247, 7.1151893 ], [ 79.9028181, 7.1151496 ], [ 79.9028101, 7.1151021 ], [ 79.9027146, 7.1150453 ], [ 79.9025997, 7.1150006 ], [ 79.9025813, 7.1150179 ], [ 79.9025794, 7.1150731 ], [ 79.9025636, 7.1151019 ], [ 79.9025359, 7.1151169 ], [ 79.9024998, 7.1151978 ], [ 79.9025091, 7.1152527 ], [ 79.9025172, 7.1152969 ] ] ], [ [ [ 79.903358648943879, 7.115884420156778 ], [ 79.90332288203625, 7.115873900478062 ], [ 79.903301842678815, 7.115910719353566 ], [ 79.903318674164765, 7.11604537124112 ], [ 79.903346025329427, 7.116097969634696 ], [ 79.903357596976008, 7.116116905056383 ], [ 79.903391259947895, 7.116116905056383 ], [ 79.903404935530233, 7.116085346020237 ], [ 79.903379688301314, 7.115922291000152 ], [ 79.903358648943879, 7.115884420156778 ] ] ], [ [ [ 79.8746373, 7.1307296 ], [ 79.8747701, 7.1306788 ], [ 79.8748469, 7.1306121 ], [ 79.874962, 7.1304534 ], [ 79.8749828, 7.1303423 ], [ 79.8747781, 7.1303026 ], [ 79.8747701, 7.1302772 ], [ 79.8746741, 7.1302661 ], [ 79.8743686, 7.1301931 ], [ 79.8743894, 7.1301471 ], [ 79.8742022, 7.1300979 ], [ 79.873564, 7.1299201 ], [ 79.8726858, 7.1296677 ], [ 79.8719756, 7.1295043 ], [ 79.871958, 7.1294804 ], [ 79.8719084, 7.1294995 ], [ 79.8719036, 7.1295185 ], [ 79.8719708, 7.1295709 ], [ 79.8731064, 7.1298689 ], [ 79.8742415, 7.1301944 ], [ 79.8743438, 7.1302865 ], [ 79.8743446, 7.1304643 ], [ 79.8743582, 7.1304936 ], [ 79.8744126, 7.1305309 ], [ 79.8744862, 7.1306317 ], [ 79.8745038, 7.1307825 ], [ 79.8745637, 7.1308359 ], [ 79.8746373, 7.1307296 ] ] ], [ [ [ 79.8718721, 7.1312261 ], [ 79.8718553, 7.1312071 ], [ 79.8717737, 7.1313706 ], [ 79.8718809, 7.1313793 ], [ 79.8722088, 7.1315142 ], [ 79.8722304, 7.1314991 ], [ 79.8722576, 7.1313896 ], [ 79.8722664, 7.1313309 ], [ 79.8722176, 7.1313071 ], [ 79.8718721, 7.1312261 ] ] ], [ [ [ 79.8726215, 7.1314555 ], [ 79.8723783, 7.1313587 ], [ 79.8723359, 7.1313777 ], [ 79.8723119, 7.1315317 ], [ 79.8726719, 7.131661 ], [ 79.872703, 7.1314809 ], [ 79.8726878, 7.1314603 ], [ 79.8726215, 7.1314555 ] ] ], [ [ [ 79.8731349, 7.1317602 ], [ 79.8731685, 7.1315912 ], [ 79.8731413, 7.1315626 ], [ 79.8728446, 7.1315063 ], [ 79.8728086, 7.1315158 ], [ 79.872763, 7.1316809 ], [ 79.8731005, 7.1317801 ], [ 79.8731349, 7.1317602 ] ] ], [ [ [ 79.8749038, 7.1322731 ], [ 79.8749422, 7.1320859 ], [ 79.8749262, 7.1320557 ], [ 79.874979, 7.1319176 ], [ 79.8749582, 7.1318811 ], [ 79.874979, 7.1318271 ], [ 79.8749502, 7.1317033 ], [ 79.8749246, 7.1316906 ], [ 79.8749102, 7.131597 ], [ 79.8747423, 7.1315462 ], [ 79.8747535, 7.1314875 ], [ 79.8746575, 7.1314399 ], [ 79.8746319, 7.1313303 ], [ 79.8745615, 7.1313129 ], [ 79.8745407, 7.1313716 ], [ 79.8744575, 7.1313668 ], [ 79.8744448, 7.1314335 ], [ 79.8744016, 7.1314065 ], [ 79.8742368, 7.1313938 ], [ 79.8742288, 7.1314399 ], [ 79.8742544, 7.1315002 ], [ 79.8741712, 7.1319954 ], [ 79.8745567, 7.1321731 ], [ 79.8749038, 7.1322731 ] ] ], [ [ [ 79.8735915, 7.1320942 ], [ 79.8736181, 7.1320465 ], [ 79.8736079, 7.1319982 ], [ 79.8735694, 7.131978 ], [ 79.8734507, 7.1319528 ], [ 79.873419, 7.1320257 ], [ 79.8735146, 7.1320886 ], [ 79.8735915, 7.1320942 ] ] ], [ [ [ 79.8715781, 7.1324412 ], [ 79.871801, 7.1324861 ], [ 79.871827, 7.1324726 ], [ 79.8719308, 7.1325063 ], [ 79.8719543, 7.132493 ], [ 79.8720145, 7.1321067 ], [ 79.8720281, 7.1319384 ], [ 79.8720123, 7.1318643 ], [ 79.8715962, 7.1317117 ], [ 79.871577, 7.1317105 ], [ 79.8714786, 7.1320719 ], [ 79.8713406, 7.1324356 ], [ 79.8715781, 7.1324412 ] ] ], [ [ [ 79.8733469, 7.1321248 ], [ 79.8732982, 7.1321938 ], [ 79.873283, 7.1322841 ], [ 79.8732977, 7.1323094 ], [ 79.8735097, 7.1323498 ], [ 79.8735408, 7.1321758 ], [ 79.8733469, 7.1321248 ] ] ], [ [ [ 79.8722189, 7.1326124 ], [ 79.8725172, 7.1326902 ], [ 79.8726143, 7.132179 ], [ 79.8720646, 7.13195 ], [ 79.8720022, 7.1325311 ], [ 79.8722189, 7.1326124 ] ] ], [ [ [ 79.8713628, 7.1329027 ], [ 79.871399, 7.1329532 ], [ 79.8714816, 7.1329689 ], [ 79.8714657, 7.1329397 ], [ 79.8714884, 7.1329173 ], [ 79.8715936, 7.1329431 ], [ 79.8716773, 7.1328859 ], [ 79.8717202, 7.1329442 ], [ 79.8717451, 7.1327792 ], [ 79.8717214, 7.1327029 ], [ 79.8716546, 7.1326064 ], [ 79.8714872, 7.1325784 ], [ 79.8715144, 7.1326951 ], [ 79.8714307, 7.132768 ], [ 79.8714035, 7.1328589 ], [ 79.8713628, 7.1329027 ] ] ], [ [ [ 79.8720958, 7.1331193 ], [ 79.8721082, 7.1330699 ], [ 79.8722292, 7.1330228 ], [ 79.8721512, 7.1329858 ], [ 79.8721964, 7.1329005 ], [ 79.8719125, 7.132841 ], [ 79.8718707, 7.1329005 ], [ 79.8718492, 7.1330497 ], [ 79.8718254, 7.1330879 ], [ 79.8718492, 7.1331148 ], [ 79.8718628, 7.1332506 ], [ 79.8719295, 7.1332731 ], [ 79.871951, 7.1332214 ], [ 79.8720007, 7.1332506 ], [ 79.8720392, 7.1332372 ], [ 79.8721161, 7.1332618 ], [ 79.8721467, 7.1332102 ], [ 79.8720958, 7.1331193 ] ] ], [ [ [ 79.874166377897978, 7.163918124728831 ], [ 79.874111575781924, 7.163959226315874 ], [ 79.874093308409911, 7.164004894745922 ], [ 79.874079607880901, 7.164077964233998 ], [ 79.87405677366587, 7.16413733319306 ], [ 79.874029372607836, 7.164187568466112 ], [ 79.873938035747742, 7.164246937425174 ], [ 79.873842132044643, 7.164260637954189 ], [ 79.873773629399579, 7.164246937425174 ], [ 79.873741661498542, 7.164237803739165 ], [ 79.873718827283511, 7.164237803739165 ], [ 79.873700559911498, 7.164237803739165 ], [ 79.873686859382488, 7.164237803739165 ], [ 79.873673158853464, 7.164237803739165 ], [ 79.873650324638447, 7.164265204797194 ], [ 79.873705126754501, 7.164342841128275 ], [ 79.873764495713559, 7.164452445360389 ], [ 79.87382386467263, 7.16453921537748 ], [ 79.873892367317694, 7.16463511908058 ], [ 79.873988271020792, 7.16474015646969 ], [ 79.874084174723905, 7.164863461230818 ], [ 79.874212046328026, 7.165032434421994 ], [ 79.874326217403151, 7.16521967498519 ], [ 79.874390153205212, 7.165292744473266 ], [ 79.874454089007287, 7.165297311316271 ], [ 79.874568260082398, 7.165215108142185 ], [ 79.874732666430575, 7.165110070753076 ], [ 79.874810302761659, 7.165046134951009 ], [ 79.874961008580811, 7.16492283018988 ], [ 79.875148249144004, 7.164790391742742 ], [ 79.875308088649177, 7.164667086981614 ], [ 79.875518163427401, 7.164516381162456 ], [ 79.875636901345516, 7.164415910616351 ], [ 79.87567800293256, 7.164365675343299 ], [ 79.875636901345516, 7.164306306384237 ], [ 79.875591232915468, 7.164251504268179 ], [ 79.875513596584398, 7.164219536367146 ], [ 79.875454227625326, 7.164146466879069 ], [ 79.875417692881285, 7.164082531077003 ], [ 79.875358323922228, 7.163995761059913 ], [ 79.875294388120167, 7.163913557885826 ], [ 79.875239586004099, 7.16385875576977 ], [ 79.875161949673029, 7.163781119438688 ], [ 79.875070612812934, 7.163666948363569 ], [ 79.874933607522792, 7.163511675701407 ], [ 79.8748468375057, 7.163411205155302 ], [ 79.874723532744568, 7.163246798807131 ], [ 79.874677864314521, 7.163155461947035 ], [ 79.874604794826439, 7.163064125086939 ], [ 79.874531725338372, 7.163023023499897 ], [ 79.874463222693294, 7.163077825615954 ], [ 79.87444495532128, 7.16316002879004 ], [ 79.874417554263246, 7.163242231964126 ], [ 79.874371885833199, 7.16335183619624 ], [ 79.874317083717145, 7.163502542015397 ], [ 79.874271415287097, 7.163621279933522 ], [ 79.874257714758087, 7.163708049950612 ], [ 79.874248581072067, 7.163781119438688 ], [ 79.874216613171043, 7.163867889455779 ], [ 79.874166377897978, 7.163918124728831 ] ] ], [ [ [ 79.8710504, 7.1795221 ], [ 79.8710505, 7.1796154 ], [ 79.8710905, 7.1796508 ], [ 79.8711538, 7.179676 ], [ 79.8713161, 7.1796742 ], [ 79.8713241, 7.1795428 ], [ 79.8713252, 7.1792785 ], [ 79.8712482, 7.1792426 ], [ 79.8711077, 7.1792393 ], [ 79.871061, 7.1792817 ], [ 79.8710504, 7.1795221 ] ] ], [ [ [ 79.8995812, 7.1909154 ], [ 79.8995665, 7.1909381 ], [ 79.8996121, 7.1910977 ], [ 79.8997108, 7.1910531 ], [ 79.8997749, 7.1910601 ], [ 79.8999168, 7.1909993 ], [ 79.8998417, 7.1909107 ], [ 79.8998336, 7.1908382 ], [ 79.89969, 7.1908223 ], [ 79.8995645, 7.1908369 ], [ 79.8995812, 7.1909154 ] ] ], [ [ [ 79.8760004, 7.1910594 ], [ 79.8754314, 7.19127 ], [ 79.875201, 7.1913596 ], [ 79.8752417, 7.1913999 ], [ 79.8751242, 7.1915299 ], [ 79.8749932, 7.191615 ], [ 79.8748758, 7.1916957 ], [ 79.8748216, 7.1916688 ], [ 79.8746906, 7.1918122 ], [ 79.8747313, 7.1919287 ], [ 79.8747855, 7.1918167 ], [ 79.8750113, 7.1916822 ], [ 79.8753907, 7.1915881 ], [ 79.8758243, 7.1914806 ], [ 79.8760682, 7.1913596 ], [ 79.8763844, 7.1910683 ], [ 79.8764024, 7.1907412 ], [ 79.8764747, 7.1907546 ], [ 79.8765063, 7.1906829 ], [ 79.876547, 7.1905799 ], [ 79.8765515, 7.1904813 ], [ 79.8762443, 7.1904365 ], [ 79.8762218, 7.1906829 ], [ 79.8760321, 7.1908532 ], [ 79.8760501, 7.1909025 ], [ 79.8761314, 7.1909742 ], [ 79.8760004, 7.1910594 ] ] ], [ [ [ 79.8742706, 7.1925023 ], [ 79.8742277, 7.1923723 ], [ 79.8741983, 7.1923925 ], [ 79.8741396, 7.1924955 ], [ 79.8740786, 7.1925964 ], [ 79.873986, 7.1927465 ], [ 79.8738551, 7.1929459 ], [ 79.8736654, 7.1932842 ], [ 79.8734553, 7.1936852 ], [ 79.8734508, 7.1937838 ], [ 79.8735095, 7.1938107 ], [ 79.8735637, 7.1938555 ], [ 79.8738731, 7.193925 ], [ 79.8741644, 7.1933917 ], [ 79.8743361, 7.1929683 ], [ 79.874239, 7.1927846 ], [ 79.8742999, 7.1926143 ], [ 79.8742706, 7.1925023 ] ] ], [ [ [ 79.873512177637394, 7.194399518364151 ], [ 79.873580680282473, 7.194253379387999 ], [ 79.87362634871252, 7.19413920831288 ], [ 79.873603514497489, 7.194079839353818 ], [ 79.873530445009422, 7.194029604080765 ], [ 79.873461942364344, 7.194002203022737 ], [ 79.87339343971928, 7.193974801964708 ], [ 79.873329503917205, 7.193961101435693 ], [ 79.873288402330161, 7.193961101435693 ], [ 79.873242733900113, 7.193974801964708 ], [ 79.873219899685097, 7.193988502493722 ], [ 79.872877386459734, 7.194682662630447 ], [ 79.872945889104813, 7.19472376421749 ], [ 79.873101161766968, 7.194769432647537 ], [ 79.87321076599909, 7.194783133176552 ], [ 79.873311236545192, 7.194728331060494 ], [ 79.873411707091293, 7.194614159985376 ], [ 79.873466509207347, 7.194509122596266 ], [ 79.873512177637394, 7.194399518364151 ] ] ], [ [ [ 79.865956335885926, 7.19784063456824 ], [ 79.865979170100942, 7.197865752204766 ], [ 79.865990587208458, 7.197911420634814 ], [ 79.865990587208458, 7.197968506172374 ], [ 79.866004287737468, 7.198009607759417 ], [ 79.86601113800198, 7.198048425924958 ], [ 79.86602483853099, 7.198098661198009 ], [ 79.866065940118034, 7.198144329628057 ], [ 79.866134442763112, 7.198164880421579 ], [ 79.8662166459372, 7.198205982008622 ], [ 79.866291998846776, 7.198210548851626 ], [ 79.866339950698318, 7.198167163843081 ], [ 79.86633310043382, 7.198096377776507 ], [ 79.866305699375786, 7.197995907230403 ], [ 79.866271448053254, 7.197893153262795 ], [ 79.866246330416729, 7.197747014286643 ], [ 79.866232629887719, 7.197641976897533 ], [ 79.866207512251194, 7.197548356615935 ], [ 79.866168694085644, 7.197470720284854 ], [ 79.866084207490061, 7.197459303177342 ], [ 79.865974603257939, 7.197475287127859 ], [ 79.86590838403437, 7.197493554499878 ], [ 79.865821614017278, 7.1975141052934 ], [ 79.865689175570139, 7.19754378977293 ], [ 79.865568154230516, 7.197584891359973 ], [ 79.865527052643472, 7.1976100089965 ], [ 79.865485951056428, 7.197653394005044 ], [ 79.865408314725357, 7.197671661377064 ], [ 79.865385480510326, 7.197673944798566 ], [ 79.865353512609289, 7.197689928749083 ], [ 79.865337528658785, 7.197719613228614 ], [ 79.865387763931835, 7.197906853791809 ], [ 79.865469967105923, 7.197902286948804 ], [ 79.865584138181035, 7.197893153262795 ], [ 79.865700592677655, 7.197879452733781 ], [ 79.865796496380753, 7.197863468783264 ], [ 79.865892400083851, 7.197842917989743 ], [ 79.865956335885926, 7.19784063456824 ] ] ], [ [ [ 79.8765376, 7.1985882 ], [ 79.8765165, 7.1986 ], [ 79.8764821, 7.1985973 ], [ 79.8764738, 7.1985909 ], [ 79.8764486, 7.1985973 ], [ 79.8764349, 7.1986078 ], [ 79.876428, 7.1986323 ], [ 79.876444, 7.1986442 ], [ 79.8764679, 7.1986523 ], [ 79.8765023, 7.198656 ], [ 79.8765293, 7.1986601 ], [ 79.8765564, 7.1986537 ], [ 79.8765683, 7.1986296 ], [ 79.8765788, 7.1986269 ], [ 79.8765852, 7.1986078 ], [ 79.8765733, 7.1985964 ], [ 79.8765591, 7.1985855 ], [ 79.8765376, 7.1985882 ] ] ], [ [ [ 79.8888429, 7.2063612 ], [ 79.8886254, 7.2062277 ], [ 79.8884822, 7.2061137 ], [ 79.8883135, 7.2061495 ], [ 79.8882015, 7.2062128 ], [ 79.888211, 7.2063554 ], [ 79.8883083, 7.2064485 ], [ 79.8885235, 7.2065647 ], [ 79.8888455, 7.2066467 ], [ 79.888914, 7.2065672 ], [ 79.8889393, 7.2064526 ], [ 79.8888429, 7.2063612 ] ] ], [ [ [ 79.8867906, 7.2095874 ], [ 79.8868815, 7.2096606 ], [ 79.8869227, 7.209681 ], [ 79.886921, 7.2096351 ], [ 79.8868747, 7.2094921 ], [ 79.8868489, 7.2093151 ], [ 79.8867769, 7.209281 ], [ 79.8865109, 7.2092232 ], [ 79.8864029, 7.209247 ], [ 79.8864715, 7.20931 ], [ 79.8864543, 7.209344 ], [ 79.8865212, 7.2094666 ], [ 79.886583, 7.2095449 ], [ 79.8866551, 7.2095414 ], [ 79.8867323, 7.2095636 ], [ 79.8867906, 7.2095874 ] ] ], [ [ [ 79.8968914, 7.2223098 ], [ 79.8969102, 7.2223098 ], [ 79.8969102, 7.2222965 ], [ 79.8968914, 7.2222925 ], [ 79.8968821, 7.2222819 ], [ 79.8968874, 7.2222726 ], [ 79.8968686, 7.2222513 ], [ 79.8968686, 7.2222699 ], [ 79.8968525, 7.2222886 ], [ 79.8968673, 7.2223085 ], [ 79.896867, 7.2223335 ], [ 79.8968482, 7.2223361 ], [ 79.8968482, 7.2223468 ], [ 79.8968415, 7.2223474 ], [ 79.8968415, 7.2223607 ], [ 79.8968767, 7.2223671 ], [ 79.8969008, 7.2223524 ], [ 79.8968928, 7.2223338 ], [ 79.8968914, 7.2223098 ] ] ], [ [ [ 79.8824058, 7.2333182 ], [ 79.8824058, 7.233198 ], [ 79.8823856, 7.2330177 ], [ 79.8822712, 7.2328307 ], [ 79.8820692, 7.2328641 ], [ 79.8820894, 7.2332581 ], [ 79.8822308, 7.2333516 ], [ 79.8824058, 7.2333182 ] ] ], [ [ [ 79.896435911370006, 7.234859093513415 ], [ 79.895962525827812, 7.23531985544114 ], [ 79.896168711530635, 7.235454507328694 ], [ 79.896722046631055, 7.235050551666031 ], [ 79.896435911370006, 7.234859093513415 ] ] ], [ [ [ 79.8818135, 7.2351844 ], [ 79.8817159, 7.2351477 ], [ 79.8812851, 7.2358221 ], [ 79.881201, 7.2361827 ], [ 79.8814332, 7.2362661 ], [ 79.8818135, 7.2351844 ] ] ], [ [ [ 79.869399045028089, 7.271095936956443 ], [ 79.869331616762651, 7.271188650821425 ], [ 79.869255759964034, 7.271264507620047 ], [ 79.869104046366786, 7.271306650285948 ], [ 79.869045046634525, 7.271306650285948 ], [ 79.868960761302716, 7.271323507352308 ], [ 79.868927047170004, 7.271331935885488 ], [ 79.86894390423636, 7.271475220949552 ], [ 79.869036618101347, 7.271542649214993 ], [ 79.869104046366786, 7.271576363347713 ], [ 79.869196760231773, 7.271702791345416 ], [ 79.869230474364485, 7.27185450494266 ], [ 79.869247331430856, 7.271947218807641 ], [ 79.869297902629924, 7.272216931869408 ], [ 79.869297902629924, 7.272343359867111 ], [ 79.869340045295829, 7.272511930530714 ], [ 79.869432759160816, 7.272705786793858 ], [ 79.869609758357598, 7.272773215059299 ], [ 79.869828900220284, 7.272722643860218 ], [ 79.869997470883888, 7.272587787329336 ], [ 79.870090184748861, 7.272427645198912 ], [ 79.870182898613848, 7.272267503068488 ], [ 79.870300898078369, 7.272124218004426 ], [ 79.8705031828747, 7.272048361205804 ], [ 79.870646467938755, 7.271989361473542 ], [ 79.870772895936469, 7.271938790274461 ], [ 79.870966752199607, 7.271770219610858 ], [ 79.871067894597772, 7.271702791345416 ], [ 79.871303893526814, 7.271551077748173 ], [ 79.871430321524514, 7.271433078283651 ], [ 79.871565178055405, 7.271348792951849 ], [ 79.871666320453556, 7.271205507887785 ], [ 79.871674748986749, 7.271036937224181 ], [ 79.871742177252187, 7.270868366560578 ], [ 79.871750605785365, 7.270741938562876 ], [ 79.871607320721296, 7.270649224697893 ], [ 79.871413464458158, 7.270607082031993 ], [ 79.871244893794554, 7.27049751110065 ], [ 79.871059466064594, 7.27048908256747 ], [ 79.870831895668729, 7.270556510832911 ], [ 79.870663325005125, 7.270632367631533 ], [ 79.870427326076069, 7.270733510029695 ], [ 79.870267183945657, 7.270809366828317 ], [ 79.870056470616149, 7.270910509226479 ], [ 79.869930042618449, 7.270910509226479 ], [ 79.869820471687106, 7.270910509226479 ], [ 79.869694043689393, 7.270910509226479 ], [ 79.869592901291242, 7.270918937759659 ], [ 79.869483330359898, 7.27096950895874 ], [ 79.869441187693994, 7.271020080157822 ], [ 79.869399045028089, 7.271095936956443 ] ] ], [ [ [ 79.893494, 7.2708521 ], [ 79.8911499, 7.2707136 ], [ 79.8904224, 7.2704731 ], [ 79.8902754, 7.270597 ], [ 79.8905032, 7.2708229 ], [ 79.8897463, 7.2709979 ], [ 79.8909221, 7.272689 ], [ 79.8919508, 7.2725432 ], [ 79.8919508, 7.2724047 ], [ 79.8921125, 7.2723901 ], [ 79.892192, 7.2726683 ], [ 79.8917902, 7.2729382 ], [ 79.8918656, 7.2734738 ], [ 79.8930626, 7.2737229 ], [ 79.8936042, 7.2738407 ], [ 79.8940525, 7.2737824 ], [ 79.8939423, 7.2735273 ], [ 79.8942509, 7.2734252 ], [ 79.8941333, 7.2731555 ], [ 79.8941186, 7.272186 ], [ 79.8941774, 7.2718799 ], [ 79.8938688, 7.2714134 ], [ 79.8939055, 7.2711947 ], [ 79.893494, 7.2708521 ] ] ], [ [ [ 79.873689168416817, 7.274159708767439 ], [ 79.87375238241566, 7.274113351834949 ], [ 79.87378188228179, 7.274054352102688 ], [ 79.87381138214792, 7.273961638237705 ], [ 79.873836667747469, 7.273830995973412 ], [ 79.873845096280647, 7.27372563930866 ], [ 79.873883024679955, 7.273645568243449 ], [ 79.873963095745168, 7.273582354244597 ], [ 79.874060023876737, 7.273531783045516 ], [ 79.874148523475128, 7.273502283179385 ], [ 79.87429602280578, 7.273430640647354 ], [ 79.87434237973828, 7.273367426648503 ], [ 79.874371879604411, 7.27325364145057 ], [ 79.874359236804636, 7.273148284785818 ], [ 79.874317094138732, 7.273021856788115 ], [ 79.874274951472827, 7.272945999989493 ], [ 79.874207523207389, 7.272899643057002 ], [ 79.87414009494195, 7.272878571724052 ], [ 79.874072666676511, 7.272882785990642 ], [ 79.873946238678812, 7.272929142923133 ], [ 79.873891453213133, 7.272958642789264 ], [ 79.873807167881338, 7.273000785455165 ], [ 79.873722882549529, 7.273042928121066 ], [ 79.873634382951138, 7.273093499320146 ], [ 79.8735669546857, 7.273152499052408 ], [ 79.873545883352747, 7.27323678438421 ], [ 79.873541669086151, 7.27327049851693 ], [ 79.873529026286391, 7.273594997044367 ], [ 79.873529026286391, 7.273662425309809 ], [ 79.873491097887083, 7.27372142504207 ], [ 79.873406812555274, 7.273801496107282 ], [ 79.873360455622787, 7.273835210240002 ], [ 79.873322527223479, 7.273982709570656 ], [ 79.873373098422547, 7.274109137568359 ], [ 79.873486883620487, 7.274184994366981 ], [ 79.873689168416817, 7.274159708767439 ] ] ], [ [ [ 79.874072666676511, 7.274484207294877 ], [ 79.874190666141033, 7.274471564495107 ], [ 79.87432552267191, 7.274395707696485 ], [ 79.874392950937349, 7.274281922498552 ], [ 79.874473022002562, 7.274109137568359 ], [ 79.874510950401884, 7.273991138103836 ], [ 79.87452780746824, 7.273894209972264 ], [ 79.874485664802336, 7.273776210507742 ], [ 79.874388736670767, 7.27370456797571 ], [ 79.874287594272602, 7.273653996776629 ], [ 79.874207523207389, 7.273632925443678 ], [ 79.874135880675354, 7.273632925443678 ], [ 79.874022095477429, 7.273649782510039 ], [ 79.873975738544942, 7.273666639576399 ], [ 79.873958881478572, 7.273675068109579 ], [ 79.873845096280647, 7.274071209169048 ], [ 79.873819810681098, 7.27420185143334 ], [ 79.873861953347003, 7.274374636363534 ], [ 79.873975738544942, 7.274458921695336 ], [ 79.874026309744011, 7.274467350228517 ], [ 79.874072666676511, 7.274484207294877 ] ] ], [ [ [ 79.8732126, 7.2779423 ], [ 79.8732555, 7.2779743 ], [ 79.8732931, 7.2779849 ], [ 79.8732609, 7.2779211 ], [ 79.8732609, 7.2778466 ], [ 79.8732984, 7.277788 ], [ 79.8733628, 7.2777455 ], [ 79.8734004, 7.2777029 ], [ 79.8733574, 7.2776497 ], [ 79.873395, 7.2776177 ], [ 79.8733253, 7.277639 ], [ 79.8732931, 7.2775911 ], [ 79.8732555, 7.2776177 ], [ 79.8732984, 7.2776763 ], [ 79.8733199, 7.2777242 ], [ 79.873277, 7.2777295 ], [ 79.8732394, 7.2776603 ], [ 79.8732072, 7.2776922 ], [ 79.8731858, 7.2777188 ], [ 79.8731536, 7.2776976 ], [ 79.8731214, 7.2776976 ], [ 79.8731375, 7.2776443 ], [ 79.873116, 7.2776177 ], [ 79.8730839, 7.2776497 ], [ 79.8730195, 7.2776124 ], [ 79.872998, 7.2775645 ], [ 79.8730195, 7.2775113 ], [ 79.8730302, 7.2774847 ], [ 79.8730195, 7.2774155 ], [ 79.8729551, 7.2774368 ], [ 79.8729176, 7.2774794 ], [ 79.8728585, 7.2774847 ], [ 79.8728156, 7.2774581 ], [ 79.8728425, 7.2775539 ], [ 79.8728585, 7.277671 ], [ 79.8729122, 7.2776231 ], [ 79.8729229, 7.2776976 ], [ 79.8729766, 7.2777135 ], [ 79.8729927, 7.2777774 ], [ 79.8729819, 7.2778359 ], [ 79.8730463, 7.2778732 ], [ 79.873116, 7.2779211 ], [ 79.8731482, 7.2779849 ], [ 79.8732126, 7.2779423 ] ] ], [ [ [ 79.8728532, 7.2777508 ], [ 79.8727942, 7.2777721 ], [ 79.8727298, 7.2777455 ], [ 79.8727459, 7.2776603 ], [ 79.8727298, 7.277639 ], [ 79.872703, 7.2776231 ], [ 79.872703, 7.2776976 ], [ 79.8726601, 7.2777188 ], [ 79.8726386, 7.2777348 ], [ 79.8726011, 7.2777135 ], [ 79.8726118, 7.2776603 ], [ 79.8725581, 7.2776603 ], [ 79.8724938, 7.277655 ], [ 79.872526, 7.2777188 ], [ 79.8725045, 7.2777561 ], [ 79.8724562, 7.2777614 ], [ 79.8724938, 7.2778199 ], [ 79.8724723, 7.2778944 ], [ 79.8724455, 7.2779955 ], [ 79.8723972, 7.27807 ], [ 79.8723167, 7.2781392 ], [ 79.8722953, 7.2782031 ], [ 79.8723006, 7.2782829 ], [ 79.8722899, 7.2783627 ], [ 79.8722416, 7.2783787 ], [ 79.8722524, 7.2784532 ], [ 79.8723114, 7.2784851 ], [ 79.872306, 7.2784212 ], [ 79.8723382, 7.2783734 ], [ 79.8723489, 7.2783361 ], [ 79.872424, 7.2783574 ], [ 79.8724616, 7.2783255 ], [ 79.8724777, 7.2783095 ], [ 79.8725045, 7.2783095 ], [ 79.8725099, 7.278251 ], [ 79.8725367, 7.2781711 ], [ 79.8725742, 7.2782563 ], [ 79.8726279, 7.2782031 ], [ 79.8726869, 7.2782031 ], [ 79.8727083, 7.278251 ], [ 79.8727191, 7.2782297 ], [ 79.8727834, 7.2782137 ], [ 79.872821, 7.2782297 ], [ 79.8728478, 7.2782403 ], [ 79.8728639, 7.2782723 ], [ 79.8728693, 7.2782989 ], [ 79.8729015, 7.2783255 ], [ 79.8729068, 7.2782935 ], [ 79.872939, 7.2782776 ], [ 79.8728961, 7.2782456 ], [ 79.8728746, 7.2782031 ], [ 79.8728746, 7.2781605 ], [ 79.8729176, 7.2781179 ], [ 79.87288, 7.2780913 ], [ 79.8728854, 7.2780594 ], [ 79.8729336, 7.27807 ], [ 79.8729712, 7.2780594 ], [ 79.8729176, 7.2780381 ], [ 79.87288, 7.2780168 ], [ 79.8728854, 7.2779796 ], [ 79.8729176, 7.2779796 ], [ 79.8729551, 7.2779796 ], [ 79.8729927, 7.2780062 ], [ 79.8730141, 7.2780434 ], [ 79.8729819, 7.2780913 ], [ 79.8730141, 7.2781871 ], [ 79.8730409, 7.2781552 ], [ 79.8730463, 7.2780967 ], [ 79.8730463, 7.2780647 ], [ 79.8730517, 7.2780541 ], [ 79.8730946, 7.2780807 ], [ 79.8730946, 7.2780275 ], [ 79.8730463, 7.2779955 ], [ 79.8729819, 7.2779796 ], [ 79.8729176, 7.2779636 ], [ 79.8728478, 7.2779477 ], [ 79.8728371, 7.2778944 ], [ 79.8728961, 7.2779157 ], [ 79.8729015, 7.2778678 ], [ 79.8728639, 7.2778466 ], [ 79.8728961, 7.2777508 ], [ 79.8728585, 7.277804 ], [ 79.8728532, 7.2777508 ] ] ], [ [ [ 79.8996967, 7.2808796 ], [ 79.8997074, 7.2807838 ], [ 79.899745, 7.2806934 ], [ 79.9000776, 7.2805178 ], [ 79.9000668, 7.2802517 ], [ 79.9004584, 7.2801506 ], [ 79.900775, 7.2801134 ], [ 79.9007428, 7.2798526 ], [ 79.9005496, 7.2796611 ], [ 79.9004048, 7.2795333 ], [ 79.9002063, 7.2793045 ], [ 79.900158, 7.2790172 ], [ 79.90026, 7.2787032 ], [ 79.9003726, 7.2785968 ], [ 79.9004584, 7.2783786 ], [ 79.9004209, 7.2780541 ], [ 79.9002546, 7.2779849 ], [ 79.9000239, 7.2780221 ], [ 79.8998415, 7.2779157 ], [ 79.8996592, 7.278533 ], [ 79.8996913, 7.2788948 ], [ 79.8997718, 7.2791981 ], [ 79.899627, 7.2795653 ], [ 79.8994875, 7.2796504 ], [ 79.8995465, 7.2792194 ], [ 79.8994124, 7.278932 ], [ 79.8994875, 7.2785276 ], [ 79.8995519, 7.2781552 ], [ 79.8995894, 7.277804 ], [ 79.8995411, 7.2775592 ], [ 79.899407, 7.2773729 ], [ 79.8992568, 7.2772027 ], [ 79.89923, 7.2773676 ], [ 79.8992085, 7.2776869 ], [ 79.8991978, 7.278235 ], [ 79.8992085, 7.2786128 ], [ 79.8990583, 7.2793311 ], [ 79.8990959, 7.2794482 ], [ 79.8990208, 7.2797728 ], [ 79.8990369, 7.2803847 ], [ 79.8991871, 7.2805603 ], [ 79.8994338, 7.2806135 ], [ 79.8991924, 7.2807466 ], [ 79.8993802, 7.2808477 ], [ 79.8996967, 7.2808796 ] ] ], [ [ [ 79.8719617, 7.2792217 ], [ 79.871967, 7.2792802 ], [ 79.8720153, 7.2793068 ], [ 79.8720689, 7.2793494 ], [ 79.8721011, 7.2792749 ], [ 79.8721644, 7.279218 ], [ 79.8721794, 7.2791345 ], [ 79.8721987, 7.2790846 ], [ 79.8721514, 7.27907 ], [ 79.8721855, 7.278998 ], [ 79.8722645, 7.2790138 ], [ 79.8722723, 7.2789603 ], [ 79.8722557, 7.2789064 ], [ 79.8721689, 7.2789477 ], [ 79.872081, 7.2790301 ], [ 79.8720341, 7.2790887 ], [ 79.8719938, 7.2790142 ], [ 79.8719456, 7.2790142 ], [ 79.8719563, 7.279078 ], [ 79.8719563, 7.2791472 ], [ 79.8719617, 7.2792217 ] ] ], [ [ [ 79.8713429, 7.2799824 ], [ 79.871359, 7.2799398 ], [ 79.8714019, 7.2799558 ], [ 79.8714072, 7.2800143 ], [ 79.8714555, 7.2800196 ], [ 79.8714627, 7.2799436 ], [ 79.8715051, 7.2798522 ], [ 79.8714781, 7.2797799 ], [ 79.871529, 7.2796905 ], [ 79.8714739, 7.2795873 ], [ 79.8715912, 7.2795889 ], [ 79.8715962, 7.2795046 ], [ 79.8715022, 7.2794996 ], [ 79.8714981, 7.2794493 ], [ 79.8714638, 7.2793975 ], [ 79.8714896, 7.2793025 ], [ 79.8715615, 7.2791645 ], [ 79.8716887, 7.279154 ], [ 79.8718113, 7.2791328 ], [ 79.871894, 7.2790105 ], [ 79.8719461, 7.2789493 ], [ 79.8718971, 7.2788815 ], [ 79.8719369, 7.2788209 ], [ 79.8719032, 7.2787907 ], [ 79.8718649, 7.278717 ], [ 79.8718082, 7.2787015 ], [ 79.8717691, 7.2787203 ], [ 79.8717066, 7.2786765 ], [ 79.8716647, 7.2786173 ], [ 79.8716169, 7.2786144 ], [ 79.871593, 7.2786821 ], [ 79.8715542, 7.2786787 ], [ 79.8715294, 7.2786238 ], [ 79.8714688, 7.2786442 ], [ 79.8714189, 7.2786274 ], [ 79.8713945, 7.2786508 ], [ 79.8713448, 7.2786307 ], [ 79.8711992, 7.2786897 ], [ 79.8711251, 7.2787132 ], [ 79.8710617, 7.2787473 ], [ 79.8710637, 7.2788474 ], [ 79.8710569, 7.27892 ], [ 79.871054, 7.27898 ], [ 79.8711019, 7.2790468 ], [ 79.8711176, 7.2791204 ], [ 79.871139, 7.2791842 ], [ 79.8711551, 7.279264 ], [ 79.8711551, 7.2793066 ], [ 79.8711444, 7.2793758 ], [ 79.8711819, 7.2794183 ], [ 79.8712141, 7.2794449 ], [ 79.8712463, 7.2794715 ], [ 79.8712463, 7.2795514 ], [ 79.8712409, 7.2796152 ], [ 79.8712678, 7.2796525 ], [ 79.8712678, 7.279695 ], [ 79.8712839, 7.2797536 ], [ 79.8713214, 7.2797695 ], [ 79.8713321, 7.279844 ], [ 79.8713321, 7.2798972 ], [ 79.8713429, 7.2799824 ] ] ], [ [ [ 79.8758626, 7.2793525 ], [ 79.8758626, 7.2794216 ], [ 79.8758948, 7.2794802 ], [ 79.8758948, 7.27956 ], [ 79.8759377, 7.2795759 ], [ 79.8759753, 7.2795121 ], [ 79.8760343, 7.2795334 ], [ 79.8760933, 7.2795121 ], [ 79.876163, 7.2795068 ], [ 79.8762105, 7.2794599 ], [ 79.8761829, 7.2793438 ], [ 79.8762778, 7.2792394 ], [ 79.8762853, 7.2791583 ], [ 79.8762252, 7.2791238 ], [ 79.8761372, 7.2791506 ], [ 79.8760685, 7.2791722 ], [ 79.8760276, 7.2790984 ], [ 79.8759324, 7.2791343 ], [ 79.8758894, 7.2791343 ], [ 79.8758358, 7.2791396 ], [ 79.8758143, 7.2792194 ], [ 79.8758143, 7.2793046 ], [ 79.8758626, 7.2793525 ] ] ], [ [ [ 79.8753155, 7.2793365 ], [ 79.8753047, 7.2793205 ], [ 79.8752403, 7.2793152 ], [ 79.8752189, 7.2793099 ], [ 79.8751545, 7.2793099 ], [ 79.8751384, 7.2793471 ], [ 79.8751116, 7.2793631 ], [ 79.8751438, 7.279395 ], [ 79.8751438, 7.2794269 ], [ 79.8751331, 7.2794908 ], [ 79.875235, 7.279544 ], [ 79.8752618, 7.2795281 ], [ 79.8753262, 7.2795281 ], [ 79.8753262, 7.2794855 ], [ 79.8752511, 7.2794589 ], [ 79.8752511, 7.279411 ], [ 79.8752618, 7.2793684 ], [ 79.8753155, 7.2793365 ] ] ], [ [ [ 79.9308988, 6.6551892 ], [ 79.9309209, 6.6551822 ], [ 79.9309414, 6.6551282 ], [ 79.9309343, 6.6551146 ], [ 79.9308351, 6.6551539 ], [ 79.9308404, 6.6551675 ], [ 79.9308988, 6.6551892 ] ] ], [ [ [ 79.9187341, 6.683208 ], [ 79.9189547, 6.6832892 ], [ 79.9189827, 6.683179 ], [ 79.9187726, 6.6831083 ], [ 79.9187341, 6.683208 ] ] ], [ [ [ 79.9297278, 6.7273033 ], [ 79.929743, 6.7276932 ], [ 79.9299346, 6.7276725 ], [ 79.9300332, 6.7274144 ], [ 79.9300768, 6.7270999 ], [ 79.9300521, 6.727017 ], [ 79.9298473, 6.7269134 ], [ 79.9297714, 6.7268173 ], [ 79.9296576, 6.726806 ], [ 79.9296539, 6.7269718 ], [ 79.9298701, 6.7270792 ], [ 79.9297278, 6.7273033 ] ] ], [ [ [ 79.9286164, 6.7280605 ], [ 79.92855, 6.728198 ], [ 79.9289483, 6.7281716 ], [ 79.9289787, 6.7280322 ], [ 79.9287814, 6.7279211 ], [ 79.9288269, 6.7278533 ], [ 79.9288838, 6.7278702 ], [ 79.9290318, 6.7278589 ], [ 79.9292138, 6.7279286 ], [ 79.9294395, 6.7280605 ], [ 79.9291133, 6.7285238 ], [ 79.9293238, 6.7285879 ], [ 79.9293883, 6.7287499 ], [ 79.9295097, 6.7286877 ], [ 79.929597, 6.7285785 ], [ 79.9296235, 6.7284767 ], [ 79.9295325, 6.7284108 ], [ 79.9296956, 6.7280624 ], [ 79.9297278, 6.7279418 ], [ 79.9294604, 6.7277553 ], [ 79.9292954, 6.7276951 ], [ 79.9289919, 6.7277158 ], [ 79.928899, 6.7276988 ], [ 79.9288516, 6.7277497 ], [ 79.9287966, 6.7277591 ], [ 79.9284723, 6.727648 ], [ 79.9287416, 6.7278514 ], [ 79.9287473, 6.7278985 ], [ 79.9286164, 6.7280605 ] ] ], [ [ [ 79.9210849, 6.7459718 ], [ 79.9209735, 6.7453814 ], [ 79.9210541, 6.7449518 ], [ 79.9210018, 6.7446271 ], [ 79.92021, 6.7439388 ], [ 79.9201647, 6.7436001 ], [ 79.9204567, 6.7433366 ], [ 79.9207933, 6.7430989 ], [ 79.9211105, 6.743099 ], [ 79.9213678, 6.7432651 ], [ 79.9218733, 6.7434083 ], [ 79.922228, 6.7431938 ], [ 79.9226842, 6.7428396 ], [ 79.9228675, 6.7425359 ], [ 79.9227623, 6.742189 ], [ 79.9217506, 6.7417129 ], [ 79.9214229, 6.7416212 ], [ 79.9212255, 6.7412265 ], [ 79.9214805, 6.7411059 ], [ 79.9219253, 6.7410158 ], [ 79.9225846, 6.7410158 ], [ 79.9228469, 6.7406278 ], [ 79.9224257, 6.7402734 ], [ 79.9220928, 6.7398644 ], [ 79.9220024, 6.7390041 ], [ 79.9220503, 6.7380821 ], [ 79.9220426, 6.7377257 ], [ 79.9217901, 6.738027 ], [ 79.9214117, 6.7381925 ], [ 79.9211725, 6.7382202 ], [ 79.9210254, 6.7380545 ], [ 79.92108, 6.7378148 ], [ 79.9207567, 6.7376543 ], [ 79.9204334, 6.7375473 ], [ 79.920191, 6.737039 ], [ 79.920164, 6.7375473 ], [ 79.9204604, 6.7385639 ], [ 79.9202987, 6.7394734 ], [ 79.9202987, 6.7399282 ], [ 79.920164, 6.740169 ], [ 79.9194905, 6.7404365 ], [ 79.9192211, 6.7413194 ], [ 79.9189787, 6.7417206 ], [ 79.9187092, 6.7420684 ], [ 79.9184668, 6.7423092 ], [ 79.9179819, 6.74255 ], [ 79.9176316, 6.7426302 ], [ 79.9171736, 6.7428362 ], [ 79.9165252, 6.7430823 ], [ 79.9163693, 6.7431908 ], [ 79.9155595, 6.7431048 ], [ 79.9155548, 6.7431252 ], [ 79.9161156, 6.7431847 ], [ 79.9166151, 6.7432946 ], [ 79.9172162, 6.7432868 ], [ 79.9175508, 6.7437806 ], [ 79.9176585, 6.7441017 ], [ 79.9176046, 6.7446367 ], [ 79.9174968, 6.7452788 ], [ 79.9173621, 6.7457069 ], [ 79.9170927, 6.7458407 ], [ 79.9166886, 6.7457336 ], [ 79.9160419, 6.746563 ], [ 79.9157031, 6.747243 ], [ 79.9154607, 6.7476175 ], [ 79.9151374, 6.7477781 ], [ 79.9147333, 6.7476443 ], [ 79.9141406, 6.7469219 ], [ 79.9139251, 6.7466009 ], [ 79.9137365, 6.7464404 ], [ 79.9133593, 6.7464404 ], [ 79.9129822, 6.7460123 ], [ 79.9125781, 6.7457715 ], [ 79.9122009, 6.7459053 ], [ 79.9119854, 6.745932 ], [ 79.9114466, 6.7455574 ], [ 79.9108, 6.7455039 ], [ 79.9101803, 6.7455306 ], [ 79.9099378, 6.7458249 ], [ 79.9104767, 6.7459052 ], [ 79.9102881, 6.7463867 ], [ 79.9103689, 6.7471626 ], [ 79.9109616, 6.7475907 ], [ 79.9116082, 6.7478582 ], [ 79.9119315, 6.748099 ], [ 79.9122009, 6.7484468 ], [ 79.9124433, 6.7488213 ], [ 79.9125511, 6.7491959 ], [ 79.912551, 6.7497042 ], [ 79.9126319, 6.7500787 ], [ 79.9128743, 6.7504533 ], [ 79.9131976, 6.7507208 ], [ 79.9137364, 6.7508011 ], [ 79.9139519, 6.7503195 ], [ 79.914383, 6.7501323 ], [ 79.9149487, 6.7501858 ], [ 79.9153528, 6.7504533 ], [ 79.9155414, 6.7507476 ], [ 79.9157839, 6.7510419 ], [ 79.9158647, 6.7513362 ], [ 79.916134, 6.7519247 ], [ 79.916134, 6.752326 ], [ 79.9155952, 6.7525133 ], [ 79.9154335, 6.7533961 ], [ 79.916134, 6.7534496 ], [ 79.9169152, 6.7537974 ], [ 79.9172116, 6.754172 ], [ 79.9174001, 6.7548676 ], [ 79.9176156, 6.7553759 ], [ 79.9175617, 6.7560447 ], [ 79.9172924, 6.7565575 ], [ 79.9166997, 6.7572263 ], [ 79.9164572, 6.7576009 ], [ 79.9162148, 6.7581359 ], [ 79.9158915, 6.7587512 ], [ 79.9152449, 6.7597946 ], [ 79.9150293, 6.7600888 ], [ 79.9147599, 6.7603831 ], [ 79.9138978, 6.7607844 ], [ 79.9135206, 6.7608112 ], [ 79.9134128, 6.7612392 ], [ 79.9135744, 6.7617475 ], [ 79.9134666, 6.7622291 ], [ 79.913305, 6.7626304 ], [ 79.9130007, 6.7629236 ], [ 79.9126505, 6.7631108 ], [ 79.9121925, 6.7631108 ], [ 79.9118961, 6.7633516 ], [ 79.9117614, 6.7638331 ], [ 79.9114381, 6.7641809 ], [ 79.9109531, 6.7645287 ], [ 79.9106837, 6.7648765 ], [ 79.9100371, 6.7651975 ], [ 79.909633, 6.7651975 ], [ 79.9092019, 6.7647694 ], [ 79.9086901, 6.7644751 ], [ 79.9085823, 6.7642076 ], [ 79.9085015, 6.7639133 ], [ 79.9083398, 6.7636993 ], [ 79.9080435, 6.7635388 ], [ 79.9077471, 6.763512 ], [ 79.9073969, 6.7636725 ], [ 79.9068311, 6.7635922 ], [ 79.9061575, 6.7633514 ], [ 79.9058342, 6.7629769 ], [ 79.9054839, 6.7625221 ], [ 79.9053223, 6.7621475 ], [ 79.9049181, 6.7620137 ], [ 79.9046218, 6.7621475 ], [ 79.9037595, 6.7627628 ], [ 79.9026496, 6.7625487 ], [ 79.902003, 6.7624684 ], [ 79.9014641, 6.7623613 ], [ 79.9009522, 6.7620938 ], [ 79.9004673, 6.762067 ], [ 79.8999823, 6.762281 ], [ 79.899659, 6.7623613 ], [ 79.8993356, 6.7626555 ], [ 79.8990931, 6.7630836 ], [ 79.8988237, 6.7634046 ], [ 79.8984464, 6.7636989 ], [ 79.8980153, 6.7643142 ], [ 79.897638, 6.7646085 ], [ 79.8971529, 6.7653844 ], [ 79.8971259, 6.7657322 ], [ 79.8971798, 6.7661602 ], [ 79.8975301, 6.7664278 ], [ 79.8981498, 6.7662405 ], [ 79.8987695, 6.7662405 ], [ 79.8990659, 6.7665348 ], [ 79.8992814, 6.7671502 ], [ 79.8992275, 6.767391 ], [ 79.898931, 6.7678458 ], [ 79.8984995, 6.7692008 ], [ 79.8981492, 6.7699498 ], [ 79.8972871, 6.7704313 ], [ 79.8965597, 6.7707255 ], [ 79.8963711, 6.7713943 ], [ 79.8959131, 6.7720364 ], [ 79.8943235, 6.7728656 ], [ 79.8939194, 6.7733739 ], [ 79.8929495, 6.7738821 ], [ 79.8925992, 6.7742566 ], [ 79.892195, 6.7747917 ], [ 79.8916562, 6.7748719 ], [ 79.8906863, 6.7751127 ], [ 79.8899049, 6.7751661 ], [ 79.889393, 6.7751661 ], [ 79.8887195, 6.7750323 ], [ 79.8879113, 6.7741494 ], [ 79.8875611, 6.77332 ], [ 79.8875073, 6.7726244 ], [ 79.8877768, 6.7715811 ], [ 79.8896899, 6.769869 ], [ 79.8901479, 6.7693072 ], [ 79.8907407, 6.7685047 ], [ 79.8916567, 6.7679162 ], [ 79.8925728, 6.7667659 ], [ 79.8930577, 6.7660436 ], [ 79.8935696, 6.7658029 ], [ 79.8936505, 6.7656691 ], [ 79.8941893, 6.7649736 ], [ 79.8950245, 6.763636 ], [ 79.8954825, 6.7630742 ], [ 79.8961561, 6.7623552 ], [ 79.8964525, 6.7615526 ], [ 79.8972608, 6.760001 ], [ 79.8975274, 6.7591548 ], [ 79.8976232, 6.7586305 ], [ 79.8976911, 6.7583985 ], [ 79.897877, 6.7581264 ], [ 79.897881, 6.7580648 ], [ 79.8978647, 6.7578555 ], [ 79.8977749, 6.7576524 ], [ 79.8977374, 6.7574846 ], [ 79.8975268, 6.7570638 ], [ 79.8974866, 6.7569306 ], [ 79.8974236, 6.7564991 ], [ 79.8974353, 6.75633 ], [ 79.8974624, 6.756279 ], [ 79.8975418, 6.7562314 ], [ 79.8975642, 6.7559371 ], [ 79.897688, 6.7556112 ], [ 79.8977301, 6.7554378 ], [ 79.8978284, 6.7552454 ], [ 79.8979239, 6.7551679 ], [ 79.8979415, 6.7550828 ], [ 79.8979097, 6.7550583 ], [ 79.8979098, 6.7550051 ], [ 79.8980094, 6.7549041 ], [ 79.8981261, 6.7545815 ], [ 79.898335, 6.7542564 ], [ 79.898396, 6.7541777 ], [ 79.8986566, 6.7539941 ], [ 79.8986871, 6.7538672 ], [ 79.8986162, 6.7537639 ], [ 79.8985165, 6.7530638 ], [ 79.8982918, 6.7528012 ], [ 79.8980539, 6.752263 ], [ 79.8979746, 6.7519874 ], [ 79.8978556, 6.7517117 ], [ 79.8976045, 6.7514098 ], [ 79.8974194, 6.7510685 ], [ 79.8971815, 6.7503072 ], [ 79.8966924, 6.7496246 ], [ 79.8966263, 6.7494145 ], [ 79.8964809, 6.7491914 ], [ 79.896428, 6.7489567 ], [ 79.8964545, 6.7487598 ], [ 79.8964016, 6.7480903 ], [ 79.8963223, 6.7479065 ], [ 79.8960579, 6.7475652 ], [ 79.8962166, 6.7472502 ], [ 79.8962166, 6.7467776 ], [ 79.8962826, 6.7465676 ], [ 79.8963884, 6.7464626 ], [ 79.8964545, 6.7461869 ], [ 79.8965867, 6.7459638 ], [ 79.8967585, 6.7458325 ], [ 79.8970229, 6.7458719 ], [ 79.8973137, 6.7459638 ], [ 79.8974502, 6.745686 ], [ 79.8975397, 6.7455562 ], [ 79.8978925, 6.7451617 ], [ 79.8978908, 6.7450142 ], [ 79.8979381, 6.7448517 ], [ 79.8979515, 6.7446216 ], [ 79.8980378, 6.7442591 ], [ 79.8981414, 6.7440679 ], [ 79.8982129, 6.7440634 ], [ 79.8982556, 6.7439798 ], [ 79.898349, 6.7439409 ], [ 79.8984155, 6.7439409 ], [ 79.8984633, 6.7438689 ], [ 79.8985172, 6.7436385 ], [ 79.898604, 6.7436059 ], [ 79.8985888, 6.7434759 ], [ 79.8986117, 6.7433416 ], [ 79.8987592, 6.7432137 ], [ 79.8987588, 6.7430605 ], [ 79.8988726, 6.7425064 ], [ 79.8989417, 6.7423212 ], [ 79.8991006, 6.7420952 ], [ 79.8992093, 6.7418829 ], [ 79.8995755, 6.7408449 ], [ 79.8999633, 6.7397251 ], [ 79.9003083, 6.7383917 ], [ 79.9008372, 6.7373623 ], [ 79.9012553, 6.7364124 ], [ 79.9015428, 6.7355563 ], [ 79.9020437, 6.7346862 ], [ 79.9023999, 6.7337408 ], [ 79.9028292, 6.7331883 ], [ 79.902957, 6.7328759 ], [ 79.903403, 6.7329187 ], [ 79.9034793, 6.7322448 ], [ 79.9037906, 6.7311829 ], [ 79.9038453, 6.7307829 ], [ 79.9038549, 6.73039 ], [ 79.903818, 6.7298513 ], [ 79.9038329, 6.7292936 ], [ 79.9036789, 6.728647 ], [ 79.9035853, 6.7280651 ], [ 79.9035592, 6.7277431 ], [ 79.9035658, 6.7272797 ], [ 79.9037598, 6.7264671 ], [ 79.9039256, 6.726146 ], [ 79.9039789, 6.7256835 ], [ 79.9041698, 6.7249723 ], [ 79.9045985, 6.7231076 ], [ 79.9047525, 6.722616 ], [ 79.9049431, 6.7214284 ], [ 79.9051135, 6.7206888 ], [ 79.9052668, 6.719787 ], [ 79.9052306, 6.7188164 ], [ 79.9051378, 6.7181182 ], [ 79.904342, 6.7171217 ], [ 79.903501, 6.7157189 ], [ 79.903122, 6.7151601 ], [ 79.9025402, 6.7146563 ], [ 79.901969, 6.714586 ], [ 79.901328, 6.714586 ], [ 79.9007216, 6.7147446 ], [ 79.9004319, 6.715171 ], [ 79.9001743, 6.7156386 ], [ 79.8999153, 6.7160025 ], [ 79.8996555, 6.7162778 ], [ 79.8993986, 6.7163515 ], [ 79.899568, 6.7169657 ], [ 79.9006702, 6.7172103 ], [ 79.9008931, 6.716797 ], [ 79.9011501, 6.7161489 ], [ 79.9016047, 6.7161122 ], [ 79.9019171, 6.7164252 ], [ 79.9023085, 6.7169279 ], [ 79.9026336, 6.7175518 ], [ 79.9028777, 6.7184977 ], [ 79.9032276, 6.7196286 ], [ 79.9032968, 6.7212951 ], [ 79.903033, 6.7227547 ], [ 79.9026221, 6.7239361 ], [ 79.9023102, 6.7251757 ], [ 79.9018891, 6.7260981 ], [ 79.9016488, 6.7269824 ], [ 79.9009126, 6.72887 ], [ 79.9006265, 6.730453 ], [ 79.9003541, 6.7314197 ], [ 79.9000925, 6.7325141 ], [ 79.8994884, 6.7347909 ], [ 79.8993888, 6.7359192 ], [ 79.8992306, 6.7370433 ], [ 79.898958, 6.7380196 ], [ 79.8985113, 6.7388148 ], [ 79.8977412, 6.740378 ], [ 79.8973947, 6.741191 ], [ 79.8970822, 6.7418465 ], [ 79.8960351, 6.7433341 ], [ 79.8955856, 6.744066 ], [ 79.8951669, 6.7448369 ], [ 79.8948573, 6.745492 ], [ 79.8946911, 6.7461588 ], [ 79.8944915, 6.7473697 ], [ 79.8943949, 6.7487526 ], [ 79.8945131, 6.7492125 ], [ 79.8945808, 6.749622 ], [ 79.8944511, 6.750264 ], [ 79.8940437, 6.751131 ], [ 79.8937939, 6.7515032 ], [ 79.8935291, 6.7520583 ], [ 79.8929782, 6.7530237 ], [ 79.892617, 6.7538694 ], [ 79.8919288, 6.7559931 ], [ 79.8917904, 6.7569386 ], [ 79.891769, 6.7584946 ], [ 79.8916079, 6.7605435 ], [ 79.8915699, 6.7616563 ], [ 79.8916454, 6.7623858 ], [ 79.8916215, 6.7626322 ], [ 79.8918187, 6.7628994 ], [ 79.8919792, 6.7633812 ], [ 79.8919356, 6.7636538 ], [ 79.8920972, 6.763948 ], [ 79.8920879, 6.7642644 ], [ 79.8916628, 6.7649659 ], [ 79.8913559, 6.7653725 ], [ 79.8911127, 6.7653999 ], [ 79.889967, 6.7664742 ], [ 79.8886362, 6.7678482 ], [ 79.8881631, 6.7683889 ], [ 79.8878991, 6.7688389 ], [ 79.8873845, 6.769362 ], [ 79.8870084, 6.7698386 ], [ 79.8867401, 6.770284 ], [ 79.8864773, 6.7708674 ], [ 79.8861376, 6.7719255 ], [ 79.8860419, 6.7724361 ], [ 79.8859531, 6.7730943 ], [ 79.8859424, 6.7734785 ], [ 79.8861089, 6.7752969 ], [ 79.8860626, 6.7761193 ], [ 79.8861388, 6.7763278 ], [ 79.8864638, 6.776442 ], [ 79.8866849, 6.776729 ], [ 79.8867811, 6.7772318 ], [ 79.8869052, 6.7776232 ], [ 79.8868817, 6.777979 ], [ 79.8867046, 6.7783581 ], [ 79.8864344, 6.7786804 ], [ 79.8863375, 6.7789646 ], [ 79.8865961, 6.7791074 ], [ 79.8869518, 6.7792508 ], [ 79.8872113, 6.7794153 ], [ 79.8875696, 6.7795598 ], [ 79.8879637, 6.779788 ], [ 79.8880021, 6.7801854 ], [ 79.8879419, 6.7806081 ], [ 79.8880531, 6.7807358 ], [ 79.8884425, 6.7807997 ], [ 79.888867, 6.7804807 ], [ 79.8893394, 6.7797879 ], [ 79.8908215, 6.779107 ], [ 79.8917442, 6.7787204 ], [ 79.8919928, 6.7789234 ], [ 79.8925127, 6.7792503 ], [ 79.8925722, 6.7794561 ], [ 79.8927787, 6.7796238 ], [ 79.8932709, 6.7796238 ], [ 79.8934816, 6.7796728 ], [ 79.8936389, 6.779681 ], [ 79.8937522, 6.7795705 ], [ 79.8937534, 6.7794356 ], [ 79.893912, 6.7792144 ], [ 79.8939584, 6.7791278 ], [ 79.8940974, 6.7791278 ], [ 79.8943139, 6.7790886 ], [ 79.8944624, 6.7791199 ], [ 79.8946672, 6.7792064 ], [ 79.8947546, 6.7793653 ], [ 79.8948131, 6.7797714 ], [ 79.8948785, 6.7799125 ], [ 79.8952299, 6.7794017 ], [ 79.8955777, 6.7790188 ], [ 79.8964704, 6.7785703 ], [ 79.8966904, 6.7782259 ], [ 79.8967353, 6.7778903 ], [ 79.8973256, 6.7774108 ], [ 79.8974602, 6.7772795 ], [ 79.8974937, 6.7771416 ], [ 79.8975283, 6.7770965 ], [ 79.8975995, 6.7771015 ], [ 79.8976642, 6.7768247 ], [ 79.8977572, 6.7766349 ], [ 79.8978519, 6.776596 ], [ 79.8979816, 6.7766335 ], [ 79.8981341, 6.7766322 ], [ 79.89857, 6.7762739 ], [ 79.8992096, 6.7756839 ], [ 79.8992693, 6.7756678 ], [ 79.8993439, 6.775688 ], [ 79.8994141, 6.7756731 ], [ 79.8997655, 6.7756989 ], [ 79.8997523, 6.7755769 ], [ 79.8997937, 6.7755081 ], [ 79.8999819, 6.7753921 ], [ 79.900042, 6.775381 ], [ 79.9001669, 6.7752649 ], [ 79.9001864, 6.7752821 ], [ 79.9002452, 6.7752415 ], [ 79.9002482, 6.7751475 ], [ 79.9003075, 6.7751052 ], [ 79.9003632, 6.7749578 ], [ 79.9005083, 6.7747958 ], [ 79.9005312, 6.7747295 ], [ 79.9006549, 6.774639 ], [ 79.900862, 6.7743343 ], [ 79.9009928, 6.774219 ], [ 79.9010607, 6.7740596 ], [ 79.9011767, 6.7739856 ], [ 79.9012481, 6.773968 ], [ 79.901304, 6.7739051 ], [ 79.9013392, 6.7739128 ], [ 79.9014067, 6.7738487 ], [ 79.9015038, 6.7738598 ], [ 79.9016345, 6.7737634 ], [ 79.9017537, 6.7737221 ], [ 79.9018633, 6.7735188 ], [ 79.9020612, 6.7734125 ], [ 79.9022636, 6.7734326 ], [ 79.9024372, 6.7734552 ], [ 79.9025806, 6.7734677 ], [ 79.9026345, 6.773493 ], [ 79.9027503, 6.773602 ], [ 79.9028129, 6.7737249 ], [ 79.9028384, 6.773876 ], [ 79.9028154, 6.7740051 ], [ 79.9028509, 6.7741585 ], [ 79.9029662, 6.7744046 ], [ 79.9030323, 6.7749612 ], [ 79.9031044, 6.7750123 ], [ 79.9031772, 6.7750191 ], [ 79.903279, 6.7749699 ], [ 79.9033587, 6.7749795 ], [ 79.903455, 6.7749508 ], [ 79.9035347, 6.7749986 ], [ 79.9035512, 6.7750505 ], [ 79.9035402, 6.7751693 ], [ 79.9035815, 6.775202 ], [ 79.9036587, 6.7751999 ], [ 79.9037137, 6.7751289 ], [ 79.903858, 6.7750893 ], [ 79.9039323, 6.7749937 ], [ 79.9041167, 6.7749156 ], [ 79.9041456, 6.7747995 ], [ 79.904213, 6.7747695 ], [ 79.9044177, 6.7745905 ], [ 79.9045841, 6.7745004 ], [ 79.9047296, 6.7744676 ], [ 79.9049482, 6.7747175 ], [ 79.904962, 6.774839 ], [ 79.9050252, 6.7749919 ], [ 79.9052256, 6.7753016 ], [ 79.9051967, 6.7753357 ], [ 79.9052064, 6.775363 ], [ 79.9051797, 6.775423 ], [ 79.9052525, 6.7755036 ], [ 79.9056375, 6.7758135 ], [ 79.9056994, 6.7757849 ], [ 79.9057462, 6.775789 ], [ 79.9058245, 6.77586 ], [ 79.9058974, 6.7758777 ], [ 79.9058785, 6.7759735 ], [ 79.9058908, 6.7760813 ], [ 79.9060366, 6.7762425 ], [ 79.9062892, 6.7767319 ], [ 79.9062477, 6.7767576 ], [ 79.906223, 6.7769788 ], [ 79.9062689, 6.7770723 ], [ 79.9062551, 6.7771515 ], [ 79.9061712, 6.7773745 ], [ 79.906086, 6.777466 ], [ 79.906075, 6.777689 ], [ 79.9060049, 6.7777409 ], [ 79.9059884, 6.7778092 ], [ 79.9059292, 6.7778556 ], [ 79.9058471, 6.7778789 ], [ 79.9058471, 6.7779117 ], [ 79.9057536, 6.7780318 ], [ 79.9056433, 6.7781318 ], [ 79.9056347, 6.7782273 ], [ 79.9055487, 6.7782786 ], [ 79.9054641, 6.7784019 ], [ 79.905432, 6.7785159 ], [ 79.905372, 6.7786249 ], [ 79.9050921, 6.7789743 ], [ 79.9050534, 6.7789548 ], [ 79.9049672, 6.779065 ], [ 79.9049486, 6.7791287 ], [ 79.9048477, 6.7791592 ], [ 79.9046961, 6.7794283 ], [ 79.9046867, 6.7795253 ], [ 79.9047365, 6.7796102 ], [ 79.9047396, 6.7797896 ], [ 79.9047146, 6.7799471 ], [ 79.9047525, 6.7800665 ], [ 79.9047379, 6.7801818 ], [ 79.9048934, 6.7802561 ], [ 79.9049528, 6.7803347 ], [ 79.9049456, 6.7803874 ], [ 79.9048208, 6.7806049 ], [ 79.9046374, 6.7807637 ], [ 79.9044715, 6.7808583 ], [ 79.9044946, 6.780924 ], [ 79.9047136, 6.7808009 ], [ 79.9048733, 6.7806659 ], [ 79.905183, 6.7803482 ], [ 79.9055671, 6.7801631 ], [ 79.9056212, 6.7801693 ], [ 79.9057616, 6.7800849 ], [ 79.906009, 6.7800576 ], [ 79.906041, 6.7800761 ], [ 79.9060061, 6.78018 ], [ 79.9057846, 6.780351 ], [ 79.9056513, 6.7803796 ], [ 79.9054954, 6.780461 ], [ 79.9053908, 6.7806667 ], [ 79.9051485, 6.7808395 ], [ 79.9050214, 6.7809983 ], [ 79.9049947, 6.7810839 ], [ 79.905005, 6.7811816 ], [ 79.9052367, 6.781257 ], [ 79.9051116, 6.7813548 ], [ 79.9050993, 6.7814851 ], [ 79.9054131, 6.7816358 ], [ 79.9057454, 6.7817193 ], [ 79.9059101, 6.7818751 ], [ 79.9060085, 6.7818385 ], [ 79.9059716, 6.7816735 ], [ 79.9059142, 6.7816226 ], [ 79.9055532, 6.7814515 ], [ 79.905543, 6.7814128 ], [ 79.9055881, 6.7813436 ], [ 79.9054958, 6.7812804 ], [ 79.9054999, 6.7812193 ], [ 79.9055471, 6.7811603 ], [ 79.9055676, 6.7810157 ], [ 79.9057711, 6.7807345 ], [ 79.9058388, 6.7806795 ], [ 79.9059044, 6.7806591 ], [ 79.9059946, 6.7805634 ], [ 79.9060582, 6.7805613 ], [ 79.906132, 6.7804595 ], [ 79.906251, 6.7804473 ], [ 79.9063515, 6.7804636 ], [ 79.9066735, 6.7806774 ], [ 79.9069771, 6.7809707 ], [ 79.9070714, 6.7811805 ], [ 79.907096, 6.7811194 ], [ 79.9071145, 6.7811499 ], [ 79.9070896, 6.7813546 ], [ 79.9071245, 6.7814258 ], [ 79.9070896, 6.7815297 ], [ 79.9070876, 6.7816234 ], [ 79.9071778, 6.7819004 ], [ 79.9071743, 6.7820666 ], [ 79.9071034, 6.7822358 ], [ 79.9070734, 6.7824344 ], [ 79.9070111, 6.7825653 ], [ 79.9069572, 6.7825905 ], [ 79.9067757, 6.7826541 ], [ 79.9065241, 6.7826972 ], [ 79.9062476, 6.7823787 ], [ 79.9061544, 6.7824024 ], [ 79.9060314, 6.7825156 ], [ 79.9061313, 6.7829909 ], [ 79.9061605, 6.7835495 ], [ 79.9061743, 6.7841657 ], [ 79.9061261, 6.7844465 ], [ 79.9062398, 6.7844944 ], [ 79.9062984, 6.7845928 ], [ 79.9063088, 6.7848016 ], [ 79.9062467, 6.7847743 ], [ 79.9062226, 6.7848256 ], [ 79.906195, 6.7850584 ], [ 79.9061261, 6.7852022 ], [ 79.9060847, 6.7852296 ], [ 79.9060367, 6.7852189 ], [ 79.9060402, 6.7851607 ], [ 79.9059195, 6.7852155 ], [ 79.9059023, 6.7852429 ], [ 79.9059229, 6.7852874 ], [ 79.9060367, 6.7853558 ], [ 79.9058919, 6.7854038 ], [ 79.9056644, 6.785551 ], [ 79.905623, 6.7857153 ], [ 79.9057299, 6.7857564 ], [ 79.9056678, 6.7858146 ], [ 79.9056747, 6.7859173 ], [ 79.9054391, 6.7864322 ], [ 79.9054723, 6.7868524 ], [ 79.9054948, 6.7869093 ], [ 79.9056133, 6.7869962 ], [ 79.9056632, 6.7870707 ], [ 79.9056415, 6.7871011 ], [ 79.9055427, 6.7871152 ], [ 79.9055445, 6.7871363 ], [ 79.9057363, 6.7871906 ], [ 79.9057123, 6.7872166 ], [ 79.9055946, 6.7872095 ], [ 79.905547, 6.7872261 ], [ 79.9055362, 6.7872808 ], [ 79.9057369, 6.787307 ], [ 79.9057006, 6.7873501 ], [ 79.9053075, 6.7874587 ], [ 79.9050618, 6.7876169 ], [ 79.9047708, 6.7878952 ], [ 79.9046475, 6.7881144 ], [ 79.9050561, 6.7882486 ], [ 79.9049368, 6.7882607 ], [ 79.9047812, 6.7882173 ], [ 79.9046407, 6.7882245 ], [ 79.9045974, 6.7882366 ], [ 79.9045208, 6.7882994 ], [ 79.9044741, 6.7883797 ], [ 79.9044202, 6.7884042 ], [ 79.904426, 6.7884312 ], [ 79.9045288, 6.788441 ], [ 79.9045516, 6.788468 ], [ 79.9046131, 6.7884336 ], [ 79.9046458, 6.7884582 ], [ 79.9048583, 6.7884238 ], [ 79.9045998, 6.7885249 ], [ 79.9044749, 6.7885518 ], [ 79.9043979, 6.7885256 ], [ 79.9042519, 6.7885734 ], [ 79.9041943, 6.7886004 ], [ 79.9041484, 6.7886843 ], [ 79.9041693, 6.7887336 ], [ 79.9042487, 6.7886718 ], [ 79.9044283, 6.7886089 ], [ 79.9044501, 6.7886365 ], [ 79.9044373, 6.7887189 ], [ 79.9042996, 6.7889925 ], [ 79.9042994, 6.7890276 ], [ 79.9043728, 6.7890953 ], [ 79.9043822, 6.7891443 ], [ 79.9043074, 6.7892922 ], [ 79.9042917, 6.7896057 ], [ 79.9042461, 6.7896935 ], [ 79.9042567, 6.789841 ], [ 79.9043083, 6.7899509 ], [ 79.9044119, 6.7900435 ], [ 79.9045024, 6.7900111 ], [ 79.9046337, 6.790058 ], [ 79.9048417, 6.7900726 ], [ 79.9049691, 6.7901057 ], [ 79.9050078, 6.7901655 ], [ 79.9049647, 6.7901844 ], [ 79.9046815, 6.7901958 ], [ 79.9046701, 6.790242 ], [ 79.904725, 6.7902692 ], [ 79.9050714, 6.7902849 ], [ 79.9050799, 6.7903205 ], [ 79.9048794, 6.790397 ], [ 79.9044435, 6.7904923 ], [ 79.904344, 6.7906212 ], [ 79.9042486, 6.7908911 ], [ 79.9042685, 6.7912621 ], [ 79.9042499, 6.7914881 ], [ 79.9040589, 6.7922136 ], [ 79.9040645, 6.7925997 ], [ 79.9041698, 6.792751 ], [ 79.904229, 6.7928041 ], [ 79.9043388, 6.7928517 ], [ 79.9043642, 6.79293 ], [ 79.9042684, 6.7929524 ], [ 79.9042318, 6.7929943 ], [ 79.9042374, 6.7930279 ], [ 79.9042938, 6.7930139 ], [ 79.9043332, 6.7930419 ], [ 79.9043783, 6.7931426 ], [ 79.9043726, 6.7932685 ], [ 79.9042628, 6.7934615 ], [ 79.904274, 6.7936311 ], [ 79.9044008, 6.7939863 ], [ 79.9043783, 6.7941654 ], [ 79.9044149, 6.7943754 ], [ 79.9044121, 6.79456 ], [ 79.9044487, 6.7946607 ], [ 79.9045529, 6.7946216 ], [ 79.9046262, 6.7946691 ], [ 79.9046515, 6.7947447 ], [ 79.9046065, 6.7948342 ], [ 79.9046149, 6.7950153 ], [ 79.9045727, 6.7952867 ], [ 79.9043191, 6.7955328 ], [ 79.9042825, 6.7956699 ], [ 79.9040853, 6.796037 ], [ 79.9041304, 6.7961713 ], [ 79.9041304, 6.796244 ], [ 79.9040768, 6.7964566 ], [ 79.9042205, 6.7965238 ], [ 79.9041445, 6.7967009 ], [ 79.9041473, 6.7967765 ], [ 79.9042684, 6.7969443 ], [ 79.9042712, 6.797003 ], [ 79.9042431, 6.7971485 ], [ 79.9041783, 6.7973027 ], [ 79.9041191, 6.7973866 ], [ 79.9041388, 6.7974454 ], [ 79.9041332, 6.7975321 ], [ 79.9040797, 6.7977615 ], [ 79.9040543, 6.7978342 ], [ 79.9039416, 6.797991 ], [ 79.9039247, 6.7982148 ], [ 79.9039811, 6.7982427 ], [ 79.903998, 6.7984022 ], [ 79.9039106, 6.7986595 ], [ 79.9038994, 6.7987659 ], [ 79.9039923, 6.798861 ], [ 79.9040064, 6.7989421 ], [ 79.9039782, 6.79911 ], [ 79.9039472, 6.7991547 ], [ 79.903812, 6.799233 ], [ 79.9036965, 6.7994484 ], [ 79.9037964, 6.7995729 ], [ 79.903768, 6.7996166 ], [ 79.9036926, 6.7996696 ], [ 79.9035575, 6.7997102 ], [ 79.903604, 6.7998165 ], [ 79.903572, 6.7999387 ], [ 79.9036223, 6.7999325 ], [ 79.9036442, 6.7999576 ], [ 79.9035654, 6.7999984 ], [ 79.9034898, 6.8000078 ], [ 79.9034312, 6.8004959 ], [ 79.9033419, 6.8007323 ], [ 79.9032785, 6.8008197 ], [ 79.9029521, 6.801099 ], [ 79.9027972, 6.801301 ], [ 79.9027774, 6.8013748 ], [ 79.9031824, 6.8015656 ], [ 79.9027033, 6.8015287 ], [ 79.9025407, 6.8016112 ], [ 79.9024844, 6.8016917 ], [ 79.9024777, 6.8018257 ], [ 79.9024552, 6.8018641 ], [ 79.9022553, 6.8019892 ], [ 79.9021595, 6.8022147 ], [ 79.9021385, 6.802431 ], [ 79.9021565, 6.8025269 ], [ 79.9022211, 6.8026743 ], [ 79.9021769, 6.8027688 ], [ 79.9021251, 6.8028238 ], [ 79.9018231, 6.8030068 ], [ 79.901819, 6.8031908 ], [ 79.9017834, 6.8032101 ], [ 79.9017555, 6.8033922 ], [ 79.901829, 6.8035431 ], [ 79.9018022, 6.8036454 ], [ 79.9018055, 6.8040498 ], [ 79.9017584, 6.8041778 ], [ 79.9014609, 6.8046077 ], [ 79.9014588, 6.8048274 ], [ 79.9013275, 6.8050152 ], [ 79.9011653, 6.8053348 ], [ 79.9013023, 6.805588 ], [ 79.9012353, 6.8059058 ], [ 79.9009903, 6.8062173 ], [ 79.900933, 6.8065967 ], [ 79.9009931, 6.8068817 ], [ 79.9009591, 6.8073293 ], [ 79.9009269, 6.8078495 ], [ 79.9010096, 6.8083147 ], [ 79.9011572, 6.8085321 ], [ 79.9014014, 6.8092526 ], [ 79.9015247, 6.8095361 ], [ 79.9014494, 6.8097745 ], [ 79.901462, 6.8099139 ], [ 79.9013597, 6.8099956 ], [ 79.9013407, 6.8102534 ], [ 79.9012921, 6.8104644 ], [ 79.9011898, 6.810851 ], [ 79.9009968, 6.8113569 ], [ 79.90077, 6.8119603 ], [ 79.9006757, 6.8124844 ], [ 79.900673, 6.8125377 ], [ 79.9006985, 6.8126682 ], [ 79.900673, 6.8128706 ], [ 79.9006663, 6.813033 ], [ 79.9006278, 6.8131508 ], [ 79.900606, 6.8132021 ], [ 79.9005698, 6.813282 ], [ 79.9005295, 6.8134445 ], [ 79.9004531, 6.8137814 ], [ 79.9003753, 6.8142635 ], [ 79.9003525, 6.8143314 ], [ 79.9002845, 6.8144186 ], [ 79.9000454, 6.8149439 ], [ 79.8999234, 6.8152049 ], [ 79.8998171, 6.8154259 ], [ 79.8996035, 6.8158217 ], [ 79.8994152, 6.8161921 ], [ 79.8997027, 6.8162122 ], [ 79.9005982, 6.8162651 ], [ 79.900782, 6.8159937 ], [ 79.9008177, 6.8159335 ], [ 79.9009983, 6.81561 ], [ 79.9010567, 6.8155268 ], [ 79.9010985, 6.8152614 ], [ 79.9011294, 6.8148588 ], [ 79.9012546, 6.8141 ], [ 79.9012931, 6.814058 ], [ 79.9018821, 6.814277 ], [ 79.9019089, 6.81417 ], [ 79.9019351, 6.8140651 ], [ 79.9020393, 6.8138121 ], [ 79.9021009, 6.8136699 ], [ 79.9022688, 6.8133994 ], [ 79.9024429, 6.813157 ], [ 79.902594, 6.8129808 ], [ 79.9028089, 6.8127582 ], [ 79.903037, 6.8125663 ], [ 79.9032112, 6.812434 ], [ 79.9033275, 6.8123731 ], [ 79.9034812, 6.8122903 ], [ 79.9035375, 6.8122595 ], [ 79.9034679, 6.8121022 ], [ 79.9036288, 6.8119145 ], [ 79.9036127, 6.811515 ], [ 79.90372, 6.8110356 ], [ 79.9039829, 6.8105242 ], [ 79.9039721, 6.8102206 ], [ 79.9039449, 6.809732 ], [ 79.9039574, 6.8095539 ], [ 79.9039563, 6.8094709 ], [ 79.9040234, 6.8084765 ], [ 79.9041384, 6.8082871 ], [ 79.9042618, 6.8081805 ], [ 79.9045891, 6.8081645 ], [ 79.9049002, 6.8080207 ], [ 79.9053669, 6.8075999 ], [ 79.9056056, 6.807307 ], [ 79.9058872, 6.8072244 ], [ 79.905936, 6.8070891 ], [ 79.9062788, 6.8068662 ], [ 79.9062614, 6.8068222 ], [ 79.9062051, 6.806464 ], [ 79.9061099, 6.8060699 ], [ 79.9060951, 6.8060339 ], [ 79.9060187, 6.8059633 ], [ 79.9056606, 6.8056637 ], [ 79.9056123, 6.8055945 ], [ 79.9056002, 6.8054906 ], [ 79.9054018, 6.8053654 ], [ 79.905265, 6.8053734 ], [ 79.9050906, 6.8053761 ], [ 79.9050014, 6.8053898 ], [ 79.9049136, 6.8053654 ], [ 79.9048492, 6.8053015 ], [ 79.9046507, 6.8052189 ], [ 79.9044818, 6.8051603 ], [ 79.9042296, 6.8049313 ], [ 79.9039587, 6.8046676 ], [ 79.90383, 6.8044945 ], [ 79.9038085, 6.8043241 ], [ 79.9038742, 6.8042279 ], [ 79.903838, 6.804087 ], [ 79.9037656, 6.8039725 ], [ 79.90361, 6.8038713 ], [ 79.9034384, 6.8038926 ], [ 79.903315, 6.8037941 ], [ 79.903307, 6.8035623 ], [ 79.9033311, 6.8034159 ], [ 79.9033499, 6.8032135 ], [ 79.9034116, 6.8029578 ], [ 79.9035614, 6.802718 ], [ 79.9036514, 6.8024177 ], [ 79.9038519, 6.8020562 ], [ 79.9039024, 6.801899 ], [ 79.9040808, 6.8018029 ], [ 79.9040986, 6.8017002 ], [ 79.9042097, 6.8014927 ], [ 79.9042846, 6.8012823 ], [ 79.9043119, 6.8009569 ], [ 79.9044584, 6.8006121 ], [ 79.9045196, 6.8003923 ], [ 79.9044727, 6.8001352 ], [ 79.9045139, 6.7999427 ], [ 79.9045414, 6.7998779 ], [ 79.9046244, 6.7998098 ], [ 79.9046309, 6.7997115 ], [ 79.9046093, 6.7994799 ], [ 79.9046354, 6.799285 ], [ 79.9045982, 6.7992066 ], [ 79.9045997, 6.7991325 ], [ 79.9046467, 6.7991353 ], [ 79.9046437, 6.7988954 ], [ 79.9048419, 6.7985175 ], [ 79.9048923, 6.7980312 ], [ 79.9049811, 6.7978743 ], [ 79.9050378, 6.7975332 ], [ 79.9049716, 6.7974074 ], [ 79.9050176, 6.797183 ], [ 79.9049532, 6.797089 ], [ 79.904931, 6.7970035 ], [ 79.9049896, 6.7966191 ], [ 79.9051083, 6.7962255 ], [ 79.905049, 6.7959217 ], [ 79.9051003, 6.7956806 ], [ 79.9050986, 6.7955534 ], [ 79.9049955, 6.7955099 ], [ 79.9050594, 6.795396 ], [ 79.9050525, 6.7953025 ], [ 79.9049667, 6.7952687 ], [ 79.9049393, 6.7952169 ], [ 79.9049631, 6.7949128 ], [ 79.905024, 6.7947081 ], [ 79.9052975, 6.7945848 ], [ 79.9052923, 6.7944442 ], [ 79.9053278, 6.7941984 ], [ 79.9054345, 6.7940445 ], [ 79.905448, 6.7939046 ], [ 79.9056181, 6.7937137 ], [ 79.9056408, 6.7936307 ], [ 79.9056802, 6.793618 ], [ 79.9057929, 6.793672 ], [ 79.9058694, 6.7935897 ], [ 79.9060591, 6.7934691 ], [ 79.906097, 6.7934296 ], [ 79.9060898, 6.7933696 ], [ 79.9065902, 6.7930397 ], [ 79.906729, 6.7930559 ], [ 79.9068521, 6.7931047 ], [ 79.9069026, 6.7931408 ], [ 79.9069364, 6.7932679 ], [ 79.9069801, 6.7933225 ], [ 79.9071216, 6.7934056 ], [ 79.9072098, 6.7933812 ], [ 79.907195, 6.7932308 ], [ 79.9072683, 6.7931309 ], [ 79.9073773, 6.7930591 ], [ 79.9075877, 6.7929725 ], [ 79.9076715, 6.7929 ], [ 79.9076365, 6.7927919 ], [ 79.9077252, 6.7926775 ], [ 79.9075853, 6.7927163 ], [ 79.9075719, 6.7926716 ], [ 79.9075931, 6.7925922 ], [ 79.9076252, 6.7925776 ], [ 79.9075332, 6.7924716 ], [ 79.9074539, 6.7924603 ], [ 79.9073998, 6.7923951 ], [ 79.907342, 6.7923664 ], [ 79.9073529, 6.7923216 ], [ 79.9074348, 6.7922412 ], [ 79.907393, 6.7922212 ], [ 79.9073216, 6.7922292 ], [ 79.907322, 6.7922732 ], [ 79.9072198, 6.7922973 ], [ 79.9071445, 6.7922332 ], [ 79.9071729, 6.7918057 ], [ 79.9072663, 6.7917008 ], [ 79.906892, 6.7908158 ], [ 79.9068465, 6.79012 ], [ 79.9070057, 6.7897322 ], [ 79.9075616, 6.7890069 ], [ 79.9077173, 6.788704 ], [ 79.9080221, 6.7886331 ], [ 79.9083717, 6.7884744 ], [ 79.9084587, 6.7882466 ], [ 79.9083555, 6.7877276 ], [ 79.9080646, 6.7871336 ], [ 79.9079451, 6.7865516 ], [ 79.9080469, 6.7855649 ], [ 79.9083205, 6.7850609 ], [ 79.9086809, 6.7847196 ], [ 79.9099934, 6.7826224 ], [ 79.910683, 6.7821244 ], [ 79.9113874, 6.7816946 ], [ 79.9117316, 6.7811612 ], [ 79.9124125, 6.7812342 ], [ 79.9127122, 6.781344 ], [ 79.9130931, 6.7812524 ], [ 79.9134373, 6.7811429 ], [ 79.913749, 6.7811064 ], [ 79.9139367, 6.7810337 ], [ 79.9141711, 6.7808708 ], [ 79.9143562, 6.7804763 ], [ 79.9148626, 6.7800693 ], [ 79.9147907, 6.7787468 ], [ 79.9147007, 6.7783964 ], [ 79.9144777, 6.7780175 ], [ 79.9143609, 6.7777245 ], [ 79.9143877, 6.7776275 ], [ 79.9143563, 6.7771157 ], [ 79.9142695, 6.7767535 ], [ 79.9140344, 6.7763035 ], [ 79.9137618, 6.7759822 ], [ 79.9137402, 6.7756895 ], [ 79.9138016, 6.7755047 ], [ 79.9139014, 6.7750474 ], [ 79.9138989, 6.7746507 ], [ 79.9138133, 6.7743123 ], [ 79.9131656, 6.7739779 ], [ 79.9133616, 6.7737685 ], [ 79.9135147, 6.7733886 ], [ 79.9135194, 6.7731153 ], [ 79.913697, 6.7729628 ], [ 79.9143507, 6.7726767 ], [ 79.9148142, 6.772377 ], [ 79.9151396, 6.7720639 ], [ 79.9154758, 6.7719331 ], [ 79.9154883, 6.7718842 ], [ 79.9154385, 6.7716734 ], [ 79.9153038, 6.7712086 ], [ 79.915247, 6.770689 ], [ 79.9152272, 6.7706422 ], [ 79.915057, 6.7705179 ], [ 79.9147454, 6.7701943 ], [ 79.9142785, 6.7698319 ], [ 79.9138101, 6.7696414 ], [ 79.9137299, 6.7693837 ], [ 79.9132969, 6.7695209 ], [ 79.9133082, 6.7697972 ], [ 79.9127979, 6.7697799 ], [ 79.9124803, 6.7699713 ], [ 79.9123495, 6.7701991 ], [ 79.9120972, 6.770411 ], [ 79.9116861, 6.770482 ], [ 79.9107757, 6.7702344 ], [ 79.9105575, 6.7695555 ], [ 79.9103628, 6.7687076 ], [ 79.9101026, 6.76826 ], [ 79.9098923, 6.767998 ], [ 79.9100297, 6.7676417 ], [ 79.9104578, 6.7673216 ], [ 79.9108646, 6.7672104 ], [ 79.9114658, 6.7672579 ], [ 79.9119714, 6.7673533 ], [ 79.912428, 6.7673852 ], [ 79.9125329, 6.767068 ], [ 79.9127675, 6.7668168 ], [ 79.9130487, 6.7665834 ], [ 79.9133009, 6.7664751 ], [ 79.9137015, 6.7664751 ], [ 79.9138411, 6.766692 ], [ 79.913901, 6.7669106 ], [ 79.9141109, 6.7666298 ], [ 79.9144567, 6.7662598 ], [ 79.9148382, 6.7659188 ], [ 79.9151024, 6.7654404 ], [ 79.9158007, 6.7647457 ], [ 79.9162571, 6.7642396 ], [ 79.9165852, 6.7639745 ], [ 79.9166376, 6.7634817 ], [ 79.9170263, 6.7627724 ], [ 79.9174214, 6.7627724 ], [ 79.9178899, 6.7628703 ], [ 79.9184355, 6.7628866 ], [ 79.9189185, 6.7629357 ], [ 79.9192638, 6.7630835 ], [ 79.919771, 6.7634815 ], [ 79.9201029, 6.7639698 ], [ 79.9203223, 6.7643804 ], [ 79.9204253, 6.7647619 ], [ 79.9205635, 6.7650601 ], [ 79.9208232, 6.7653258 ], [ 79.9210309, 6.7654148 ], [ 79.9212542, 6.7653792 ], [ 79.9212953, 6.7648142 ], [ 79.9206686, 6.763265 ], [ 79.9205808, 6.7625611 ], [ 79.9208683, 6.7619217 ], [ 79.9210739, 6.7615917 ], [ 79.9213176, 6.7607121 ], [ 79.9211041, 6.7602251 ], [ 79.9209246, 6.7599435 ], [ 79.9208802, 6.7595505 ], [ 79.9209668, 6.759195 ], [ 79.9213447, 6.7588122 ], [ 79.9217501, 6.7585755 ], [ 79.9220733, 6.7585755 ], [ 79.9223163, 6.7586226 ], [ 79.9225626, 6.7588437 ], [ 79.9227133, 6.7590826 ], [ 79.9228963, 6.759243 ], [ 79.9232298, 6.7594691 ], [ 79.9235105, 6.7595177 ], [ 79.9243786, 6.7597951 ], [ 79.9248503, 6.7599596 ], [ 79.9255154, 6.7602414 ], [ 79.9257854, 6.7602914 ], [ 79.92618, 6.7602247 ], [ 79.9265618, 6.7598278 ], [ 79.9269389, 6.7589227 ], [ 79.9271363, 6.7587799 ], [ 79.9274179, 6.7586221 ], [ 79.9278416, 6.7588115 ], [ 79.9284177, 6.759114 ], [ 79.9287509, 6.7593229 ], [ 79.9288426, 6.7596148 ], [ 79.9290157, 6.7598439 ], [ 79.9292187, 6.7599591 ], [ 79.9295056, 6.7600748 ], [ 79.9302955, 6.7602409 ], [ 79.9305473, 6.7602742 ], [ 79.9307594, 6.7602075 ], [ 79.9307813, 6.7597944 ], [ 79.9306937, 6.7592261 ], [ 79.9299405, 6.7583089 ], [ 79.9294181, 6.7577851 ], [ 79.9290638, 6.757286 ], [ 79.9288207, 6.7568681 ], [ 79.9286486, 6.7562718 ], [ 79.9279843, 6.7561852 ], [ 79.9274911, 6.7560643 ], [ 79.9271677, 6.7556706 ], [ 79.9268324, 6.7549982 ], [ 79.9266345, 6.7547008 ], [ 79.9260941, 6.7543414 ], [ 79.9247682, 6.7537175 ], [ 79.9241167, 6.7535611 ], [ 79.9237169, 6.7536654 ], [ 79.9235496, 6.7538225 ], [ 79.9234852, 6.7541568 ], [ 79.9234611, 6.7544235 ], [ 79.9231406, 6.7547106 ], [ 79.9229281, 6.75511 ], [ 79.9226596, 6.7553486 ], [ 79.9224728, 6.7556261 ], [ 79.9223193, 6.7560756 ], [ 79.9221088, 6.7563791 ], [ 79.921585, 6.756898 ], [ 79.9210356, 6.7572293 ], [ 79.9205998, 6.7573982 ], [ 79.9202814, 6.7573982 ], [ 79.9198713, 6.7574359 ], [ 79.9198923, 6.7571921 ], [ 79.9201398, 6.7565452 ], [ 79.9209044, 6.7553621 ], [ 79.921613926579056, 6.754179470595838 ], [ 79.92110699241745, 6.753360576950168 ], [ 79.9206892, 6.7533437 ], [ 79.9203618, 6.7533822 ], [ 79.9200367, 6.7535954 ], [ 79.9195596, 6.7536735 ], [ 79.9189717, 6.7535954 ], [ 79.9184401, 6.7535565 ], [ 79.9181502, 6.7534402 ], [ 79.9179568, 6.7532287 ], [ 79.9178581, 6.7529628 ], [ 79.9178943, 6.752497 ], [ 79.9180776, 6.7518457 ], [ 79.9185001, 6.7510452 ], [ 79.9189364, 6.7504588 ], [ 79.9192762, 6.7500894 ], [ 79.9199436, 6.7495499 ], [ 79.9205586, 6.7491325 ], [ 79.9205108, 6.7488089 ], [ 79.920236, 6.7485536 ], [ 79.9197376, 6.7484272 ], [ 79.9192042, 6.7483225 ], [ 79.9187687, 6.7481975 ], [ 79.9184323, 6.7479908 ], [ 79.9174158, 6.7479498 ], [ 79.9170177, 6.7479909 ], [ 79.9167402, 6.7481976 ], [ 79.9165433, 6.748575 ], [ 79.9164424, 6.7489164 ], [ 79.9163355, 6.7501351 ], [ 79.9160465, 6.7500214 ], [ 79.9159043, 6.7493514 ], [ 79.9159884, 6.748575 ], [ 79.9163072, 6.7476647 ], [ 79.9167416, 6.7470473 ], [ 79.9173319, 6.7466783 ], [ 79.9182276, 6.7466206 ], [ 79.918758, 6.7464868 ], [ 79.919339, 6.7464677 ], [ 79.9206732, 6.7467553 ], [ 79.9212033, 6.7467552 ], [ 79.9220921, 6.7462319 ], [ 79.9226804, 6.746258 ], [ 79.9238958, 6.7458426 ], [ 79.9232653, 6.7456625 ], [ 79.9226245, 6.745791 ], [ 79.9223649, 6.7458942 ], [ 79.921747, 6.7459977 ], [ 79.9212704, 6.746258 ], [ 79.9210849, 6.7459718 ] ], [ [ 79.9240344, 6.7557258 ], [ 79.9243241, 6.7558643 ], [ 79.9244529, 6.7561839 ], [ 79.9245065, 6.7564396 ], [ 79.9242919, 6.7565462 ], [ 79.9240774, 6.7563757 ], [ 79.9237984, 6.7560347 ], [ 79.9238628, 6.7558643 ], [ 79.9240344, 6.7557258 ] ], [ [ 79.89739, 6.7587818 ], [ 79.8973189, 6.7592426 ], [ 79.8972559, 6.7594304 ], [ 79.8971339, 6.7596875 ], [ 79.8965183, 6.760338 ], [ 79.8960395, 6.760925 ], [ 79.8958987, 6.760923 ], [ 79.8953904, 6.7607595 ], [ 79.8952536, 6.7606796 ], [ 79.8951101, 6.7605298 ], [ 79.8949103, 6.7599924 ], [ 79.894626, 6.7589923 ], [ 79.8939682, 6.7575579 ], [ 79.8938756, 6.7572443 ], [ 79.893706, 6.7565524 ], [ 79.8935799, 6.7560597 ], [ 79.8935437, 6.7555749 ], [ 79.8936751, 6.754285 ], [ 79.8937067, 6.7542426 ], [ 79.8938091, 6.7542263 ], [ 79.893814, 6.7541402 ], [ 79.8937771, 6.7539581 ], [ 79.8938823, 6.7536724 ], [ 79.8939221, 6.7536271 ], [ 79.8940688, 6.7535889 ], [ 79.894221, 6.7533175 ], [ 79.8944557, 6.7528194 ], [ 79.8945338, 6.7527062 ], [ 79.8945713, 6.7526806 ], [ 79.894693, 6.7526879 ], [ 79.8949438, 6.7523639 ], [ 79.8951074, 6.7522161 ], [ 79.8952617, 6.7521335 ], [ 79.8953998, 6.7521056 ], [ 79.8956546, 6.7520989 ], [ 79.8963097, 6.7521788 ], [ 79.8964412, 6.7522054 ], [ 79.8966152, 6.7523017 ], [ 79.8967661, 6.752333 ], [ 79.8969146, 6.752327 ], [ 79.8970829, 6.7522401 ], [ 79.8973464, 6.7522674 ], [ 79.8974363, 6.7523353 ], [ 79.8975281, 6.7525304 ], [ 79.8976944, 6.7527555 ], [ 79.8977467, 6.7529699 ], [ 79.8980411, 6.7533235 ], [ 79.8981316, 6.7536331 ], [ 79.8981062, 6.7538262 ], [ 79.8980297, 6.7540999 ], [ 79.8973551, 6.7559052 ], [ 79.8972183, 6.7564246 ], [ 79.8971902, 6.7568507 ], [ 79.8972452, 6.7571517 ], [ 79.8973565, 6.7574194 ], [ 79.8976073, 6.7577577 ], [ 79.8976368, 6.7579162 ], [ 79.8976381, 6.7580534 ], [ 79.8974597, 6.7585082 ], [ 79.89739, 6.7587818 ] ], [ [ 79.918222, 6.7615606 ], [ 79.9184348, 6.7613419 ], [ 79.9186326, 6.7613657 ], [ 79.9188424, 6.7615235 ], [ 79.9188948, 6.7617154 ], [ 79.9188559, 6.7619044 ], [ 79.9187135, 6.7619981 ], [ 79.9184678, 6.7619966 ], [ 79.9182715, 6.7619014 ], [ 79.918222, 6.7617615 ], [ 79.918222, 6.7615606 ] ], [ [ 79.9032581, 6.7674827 ], [ 79.9030918, 6.7672323 ], [ 79.903183, 6.7671098 ], [ 79.9032634, 6.7668381 ], [ 79.9035209, 6.7668008 ], [ 79.9036258, 6.7665766 ], [ 79.9037248, 6.7664706 ], [ 79.9041325, 6.7664386 ], [ 79.9042719, 6.7665611 ], [ 79.9042129, 6.7671418 ], [ 79.9040466, 6.7674667 ], [ 79.9036336, 6.7675946 ], [ 79.9036067, 6.7676904 ], [ 79.9034834, 6.7677757 ], [ 79.9032581, 6.7676265 ], [ 79.9032581, 6.7674827 ] ], [ [ 79.9127383, 6.7781605 ], [ 79.9125795, 6.7780619 ], [ 79.9123757, 6.7776464 ], [ 79.912322, 6.7773801 ], [ 79.9123971, 6.777199 ], [ 79.9125151, 6.7770072 ], [ 79.9126975, 6.776922 ], [ 79.9128853, 6.7769752 ], [ 79.9130462, 6.7771191 ], [ 79.9131642, 6.7772363 ], [ 79.9132071, 6.777428 ], [ 79.9131964, 6.7776251 ], [ 79.913014, 6.7777956 ], [ 79.9129636, 6.7779149 ], [ 79.9127383, 6.7781605 ] ] ], [ [ [ 79.9401328, 6.796018 ], [ 79.9401635, 6.795645 ], [ 79.9398067, 6.7944034 ], [ 79.9397858, 6.7939593 ], [ 79.9399051, 6.7933646 ], [ 79.9397115, 6.7932721 ], [ 79.939693, 6.7931241 ], [ 79.9389468, 6.7931633 ], [ 79.9387584, 6.793134 ], [ 79.9385089, 6.7930621 ], [ 79.9383259, 6.7930461 ], [ 79.9382293, 6.7930767 ], [ 79.9380791, 6.7932206 ], [ 79.9380188, 6.793379 ], [ 79.9380282, 6.7934856 ], [ 79.9382065, 6.7938132 ], [ 79.938409, 6.7943006 ], [ 79.9384573, 6.7945975 ], [ 79.9385365, 6.7949078 ], [ 79.9386853, 6.7953246 ], [ 79.9386517, 6.795487 ], [ 79.938452, 6.7958799 ], [ 79.9393298, 6.7959684 ], [ 79.9395483, 6.796035 ], [ 79.9397232, 6.7961173 ], [ 79.9401328, 6.796018 ] ] ], [ [ [ 79.9049565, 6.836657 ], [ 79.9050035, 6.8366423 ], [ 79.9052972, 6.8361936 ], [ 79.9052744, 6.836127 ], [ 79.9051952, 6.8360697 ], [ 79.9052019, 6.8360125 ], [ 79.905269, 6.8359499 ], [ 79.9054715, 6.8360138 ], [ 79.9059999, 6.8352695 ], [ 79.9059141, 6.8352628 ], [ 79.9056727, 6.8353494 ], [ 79.9056016, 6.8353387 ], [ 79.9054594, 6.8352495 ], [ 79.9052247, 6.8353374 ], [ 79.9049471, 6.8352894 ], [ 79.9047862, 6.8352388 ], [ 79.904446, 6.8358438 ], [ 79.9042908, 6.83613 ], [ 79.9044471, 6.8365205 ], [ 79.9046051, 6.836597 ], [ 79.9049565, 6.836657 ] ] ], [ [ [ 79.9175066, 6.8444096 ], [ 79.9175633, 6.8443973 ], [ 79.9175825, 6.8443628 ], [ 79.9175455, 6.8442982 ], [ 79.9174772, 6.8443168 ], [ 79.9174671, 6.8443703 ], [ 79.9175066, 6.8444096 ] ] ], [ [ [ 79.9166303, 6.8457024 ], [ 79.9170594, 6.8458302 ], [ 79.9176388, 6.8459367 ], [ 79.9182648, 6.8462688 ], [ 79.9190047, 6.8470664 ], [ 79.9191187, 6.8472148 ], [ 79.9192583, 6.8472991 ], [ 79.9193674, 6.8473199 ], [ 79.9194812, 6.8472658 ], [ 79.9195189, 6.847189 ], [ 79.9194097, 6.8470216 ], [ 79.9192881, 6.8469031 ], [ 79.9191486, 6.8465891 ], [ 79.9190983, 6.8463226 ], [ 79.9191781, 6.8461255 ], [ 79.9194082, 6.8459695 ], [ 79.9197251, 6.8459056 ], [ 79.9201335, 6.846031 ], [ 79.9202933, 6.846024 ], [ 79.9207725, 6.8457387 ], [ 79.9208552, 6.845725 ], [ 79.9211305, 6.8458508 ], [ 79.9212701, 6.8458173 ], [ 79.921292, 6.8456956 ], [ 79.9212266, 6.845626 ], [ 79.921082, 6.8455729 ], [ 79.9208857, 6.8455408 ], [ 79.9205887, 6.8456987 ], [ 79.9202186, 6.845659 ], [ 79.9201687, 6.8455997 ], [ 79.9201508, 6.8453924 ], [ 79.9198109, 6.845234 ], [ 79.9194899, 6.8451552 ], [ 79.9184639, 6.8451794 ], [ 79.9177675, 6.8451058 ], [ 79.9173394, 6.8448616 ], [ 79.9169652, 6.8447099 ], [ 79.9167055, 6.8444812 ], [ 79.9165237, 6.8442701 ], [ 79.9164251, 6.844002 ], [ 79.9165351, 6.8437696 ], [ 79.916698, 6.8435 ], [ 79.9170132, 6.8431243 ], [ 79.9170733, 6.8430161 ], [ 79.9172114, 6.842855 ], [ 79.9172646, 6.8426518 ], [ 79.9171783, 6.8425704 ], [ 79.9169763, 6.8425759 ], [ 79.9168445, 6.8426202 ], [ 79.9166946, 6.8428475 ], [ 79.9152058, 6.8437686 ], [ 79.9147823, 6.8438413 ], [ 79.9151068, 6.8453402 ], [ 79.9153878, 6.8453607 ], [ 79.9157419, 6.8454352 ], [ 79.9162032, 6.8456376 ], [ 79.9166303, 6.8457024 ] ] ], [ [ [ 79.9198087, 6.8555481 ], [ 79.9197812, 6.8555112 ], [ 79.9197273, 6.8555507 ], [ 79.9197548, 6.8555876 ], [ 79.9198087, 6.8555481 ] ] ], [ [ [ 79.9311029, 6.8666131 ], [ 79.9313602, 6.8666523 ], [ 79.9314031, 6.866354 ], [ 79.9315318, 6.8663487 ], [ 79.9314433, 6.8666523 ], [ 79.9315808, 6.8667092 ], [ 79.9325082, 6.8668579 ], [ 79.932807, 6.8669333 ], [ 79.9333333, 6.8670161 ], [ 79.9338605, 6.867001 ], [ 79.9339554, 6.8664663 ], [ 79.9341336, 6.865924 ], [ 79.9343224, 6.8658894 ], [ 79.9341828, 6.8655147 ], [ 79.9329957, 6.8644599 ], [ 79.9326884, 6.8644401 ], [ 79.93247, 6.864349 ], [ 79.9322219, 6.8644401 ], [ 79.9322257, 6.8641012 ], [ 79.931945, 6.8640334 ], [ 79.9319981, 6.8644401 ], [ 79.9319146, 6.8647979 ], [ 79.9314405, 6.8657131 ], [ 79.9315391, 6.866003 ], [ 79.9314822, 6.8662554 ], [ 79.9310801, 6.8665115 ], [ 79.9311029, 6.8666131 ] ], [ [ 79.9329749, 6.8655019 ], [ 79.9328032, 6.8654699 ], [ 79.932822, 6.8651663 ], [ 79.9329856, 6.8651477 ], [ 79.9330661, 6.8652382 ], [ 79.9330419, 6.865422 ], [ 79.9329749, 6.8655019 ] ], [ [ 79.9319421, 6.8653572 ], [ 79.9320265, 6.8652432 ], [ 79.9321469, 6.865311 ], [ 79.9321014, 6.8654278 ], [ 79.9320094, 6.8654193 ], [ 79.9319421, 6.8653572 ] ], [ [ 79.9317667, 6.8654381 ], [ 79.9317762, 6.8654758 ], [ 79.9317458, 6.8655775 ], [ 79.931687, 6.8655888 ], [ 79.9316149, 6.865521 ], [ 79.9316851, 6.865425 ], [ 79.9317667, 6.8654381 ] ], [ [ 79.9322863, 6.8659691 ], [ 79.932036, 6.8658788 ], [ 79.9323015, 6.8652536 ], [ 79.9325746, 6.8652498 ], [ 79.9327188, 6.8655925 ], [ 79.9327415, 6.8659729 ], [ 79.9322863, 6.8659691 ] ], [ [ 79.9336026, 6.8656001 ], [ 79.9335191, 6.8660106 ], [ 79.9329995, 6.8660219 ], [ 79.9330943, 6.8655323 ], [ 79.9336026, 6.8656001 ] ], [ [ 79.9318618, 6.8664579 ], [ 79.9317679, 6.8666523 ], [ 79.9315748, 6.8665963 ], [ 79.9316364, 6.86637 ], [ 79.9318618, 6.8664579 ] ] ], [ [ [ 79.9301522, 6.8663895 ], [ 79.9301694, 6.8663448 ], [ 79.9301752, 6.8663298 ], [ 79.9293683, 6.86575 ], [ 79.929117, 6.8660592 ], [ 79.9301522, 6.8663895 ] ] ], [ [ [ 79.9301391, 6.8664911 ], [ 79.9300269, 6.8665083 ], [ 79.9300643, 6.8667339 ], [ 79.9301384, 6.8669498 ], [ 79.9301806, 6.8670046 ], [ 79.9302928, 6.8671798 ], [ 79.9303526, 6.8673561 ], [ 79.9303433, 6.8676076 ], [ 79.9303972, 6.8677188 ], [ 79.9308725, 6.8674791 ], [ 79.9310939, 6.8669309 ], [ 79.9311054, 6.866811 ], [ 79.9309933, 6.8667538 ], [ 79.9301391, 6.8664911 ] ] ], [ [ [ 79.913359738135227, 6.8692044752501 ], [ 79.913349462738466, 6.869230163742002 ], [ 79.913344325040086, 6.869250714535523 ], [ 79.913334049643325, 6.869286678424186 ], [ 79.913287810357915, 6.869332917709609 ], [ 79.913200469485446, 6.869363743899891 ], [ 79.913128541708119, 6.869394570090173 ], [ 79.913097715517836, 6.869420258582076 ], [ 79.913061751629172, 6.8694921863594 ], [ 79.913056613930792, 6.869553838739964 ], [ 79.913056613930792, 6.869594940327008 ], [ 79.913056613930792, 6.86964117961243 ], [ 79.913056613930792, 6.869677143501093 ], [ 79.913072027025933, 6.869697694294615 ], [ 79.913123404009738, 6.869702831992996 ], [ 79.913164505596782, 6.869702831992996 ], [ 79.913282672659534, 6.869687418897854 ], [ 79.913364875833608, 6.869666868104333 ], [ 79.913436803610935, 6.869661730405952 ], [ 79.913534419880165, 6.869646317310811 ], [ 79.913575521467209, 6.86963090421567 ], [ 79.913611485355872, 6.869610353422148 ], [ 79.913626898451014, 6.869589802628627 ], [ 79.913657724641297, 6.869564114136725 ], [ 79.91368855083158, 6.8694921863594 ], [ 79.913683413133199, 6.869409983185315 ], [ 79.913662862339677, 6.869327780011228 ], [ 79.913637173847775, 6.869230163742002 ], [ 79.913642311546155, 6.869137685171155 ], [ 79.913642311546155, 6.869029793505168 ], [ 79.913652586942916, 6.86892190183918 ], [ 79.913652586942916, 6.868798597078051 ], [ 79.913652586942916, 6.868700980808824 ], [ 79.913652586942916, 6.868613639936358 ], [ 79.913611485355872, 6.868572538349315 ], [ 79.913554970673687, 6.868536574460653 ], [ 79.913467629801218, 6.86851088596875 ], [ 79.913328911944944, 6.868490335175229 ], [ 79.913298085754676, 6.868526299063892 ], [ 79.913287810357915, 6.868567400650935 ], [ 79.913277534961153, 6.868608502237977 ], [ 79.913272397262773, 6.868685567713683 ], [ 79.913287810357915, 6.86878318398291 ], [ 79.913318636548183, 6.868870524855376 ], [ 79.913344325040086, 6.868957865727842 ], [ 79.913359738135227, 6.86906061969545 ], [ 79.913359738135227, 6.869168511361438 ], [ 79.913359738135227, 6.8692044752501 ] ] ], [ [ [ 79.9292479, 6.8713084 ], [ 79.9291688, 6.8714669 ], [ 79.9291125, 6.8715774 ], [ 79.9290454, 6.8716719 ], [ 79.9289596, 6.8717225 ], [ 79.9288657, 6.8717465 ], [ 79.9287799, 6.8717532 ], [ 79.9285747, 6.8721726 ], [ 79.9288604, 6.8723457 ], [ 79.9288912, 6.8723457 ], [ 79.9289127, 6.872339 ], [ 79.9289489, 6.8723071 ], [ 79.9293298, 6.8715415 ], [ 79.929944, 6.8700143 ], [ 79.9299168, 6.8700115 ], [ 79.9298917, 6.8700089 ], [ 79.9298273, 6.870198 ], [ 79.9297884, 6.870198 ], [ 79.9295631, 6.8706986 ], [ 79.9295215, 6.8706813 ], [ 79.9294732, 6.8707 ], [ 79.9293928, 6.8706707 ], [ 79.9293552, 6.8704443 ], [ 79.9295323, 6.869993 ], [ 79.9295041, 6.8699756 ], [ 79.9294317, 6.869957 ], [ 79.9293673, 6.869961 ], [ 79.9293244, 6.869985 ], [ 79.9292815, 6.8700409 ], [ 79.929201, 6.8702606 ], [ 79.9292681, 6.870471 ], [ 79.9293029, 6.8706108 ], [ 79.9293244, 6.8707333 ], [ 79.9293351, 6.8708717 ], [ 79.9293244, 6.8710089 ], [ 79.9292922, 6.871166 ], [ 79.9292479, 6.8713084 ] ] ], [ [ [ 79.9282032, 6.8731299 ], [ 79.9284655, 6.8732138 ], [ 79.928658, 6.8728599 ], [ 79.92825, 6.872517 ], [ 79.9280958, 6.8726894 ], [ 79.9280632, 6.8730348 ], [ 79.9282032, 6.8731299 ] ] ], [ [ [ 79.919774154563129, 6.875213013505931 ], [ 79.919722777579324, 6.87520273810917 ], [ 79.91968681369066, 6.875213013505931 ], [ 79.919635436706855, 6.875290078981636 ], [ 79.919609748214953, 6.875326042870299 ], [ 79.91958405972305, 6.8753517313622 ], [ 79.919563508929528, 6.875382557552483 ], [ 79.919558371231147, 6.875459623028188 ], [ 79.919609748214953, 6.875536688503893 ], [ 79.919661125198758, 6.875593203186077 ], [ 79.919727915277704, 6.875670268661783 ], [ 79.919779292261509, 6.875726783343967 ], [ 79.919856357737217, 6.875788435724531 ], [ 79.919918010117783, 6.875829537311574 ], [ 79.919995075593491, 6.875819261914813 ], [ 79.920041314878901, 6.87576788493101 ], [ 79.920087554164326, 6.875716507947207 ], [ 79.920113242656228, 6.875680544058544 ], [ 79.920118380354609, 6.87563430477312 ], [ 79.920087554164326, 6.875562376995795 ], [ 79.92003103948214, 6.875490449218471 ], [ 79.919974524799969, 6.875418521441145 ], [ 79.919918010117783, 6.875356869060581 ], [ 79.919856357737217, 6.875295216680017 ], [ 79.919804980753412, 6.875254115092973 ], [ 79.919774154563129, 6.875213013505931 ] ] ], [ [ [ 79.9273005, 6.8759317 ], [ 79.9273288, 6.8760401 ], [ 79.9273046, 6.8760762 ], [ 79.9272506, 6.8760856 ], [ 79.9270849, 6.8766088 ], [ 79.927154, 6.8766749 ], [ 79.9273665, 6.8766837 ], [ 79.9277937, 6.8766054 ], [ 79.9280061, 6.8765358 ], [ 79.9282841, 6.8764327 ], [ 79.9284586, 6.8763229 ], [ 79.9287643, 6.876044 ], [ 79.9275987, 6.875278 ], [ 79.9273669, 6.8757436 ], [ 79.9273005, 6.8759317 ] ], [ [ 79.928029, 6.8762045 ], [ 79.9279369, 6.876199 ], [ 79.9279499, 6.8759827 ], [ 79.9281692, 6.8759957 ], [ 79.9281562, 6.8762121 ], [ 79.928029, 6.8762045 ] ] ], [ [ [ 79.9338089, 6.8755733 ], [ 79.9336892, 6.8755432 ], [ 79.9333714, 6.8753081 ], [ 79.9330828, 6.8753659 ], [ 79.9335069, 6.8755574 ], [ 79.9333961, 6.8759406 ], [ 79.9335072, 6.8760484 ], [ 79.9334744, 6.8763225 ], [ 79.9331553, 6.8769131 ], [ 79.9331373, 6.8770246 ], [ 79.9331181, 6.8771435 ], [ 79.9332834, 6.8771406 ], [ 79.9336748, 6.8771338 ], [ 79.933943, 6.877219 ], [ 79.934458, 6.8779484 ], [ 79.9345128, 6.8779392 ], [ 79.9347745, 6.8778951 ], [ 79.9347498, 6.8778069 ], [ 79.9347208, 6.8777034 ], [ 79.9349944, 6.8775649 ], [ 79.9347879, 6.8772101 ], [ 79.934576, 6.8768462 ], [ 79.9346173, 6.8765551 ], [ 79.9349193, 6.8760739 ], [ 79.9342306, 6.8753251 ], [ 79.9341667, 6.8752556 ], [ 79.9340395, 6.8753496 ], [ 79.9338089, 6.8755733 ] ] ], [ [ [ 79.9349425, 6.8782669 ], [ 79.9348145, 6.8780645 ], [ 79.9345424, 6.87804 ], [ 79.9344883, 6.8780344 ], [ 79.9345651, 6.8781718 ], [ 79.9346258, 6.878329 ], [ 79.9349027, 6.8784119 ], [ 79.9349425, 6.8782669 ] ] ], [ [ [ 79.9359119, 6.8791046 ], [ 79.9359441, 6.8789767 ], [ 79.9353004, 6.8787318 ], [ 79.9350526, 6.8785668 ], [ 79.9349525, 6.8788994 ], [ 79.9349356, 6.8789554 ], [ 79.9353219, 6.878998 ], [ 79.9356115, 6.8790726 ], [ 79.9358261, 6.8791791 ], [ 79.9359119, 6.8791046 ] ] ], [ [ [ 79.9302674, 6.8792837 ], [ 79.9302987, 6.8793411 ], [ 79.9304485, 6.8794061 ], [ 79.9305121, 6.87936 ], [ 79.9304722, 6.8793458 ], [ 79.9304827, 6.879295 ], [ 79.9305377, 6.879199 ], [ 79.9305186, 6.8791528 ], [ 79.9305054, 6.8791208 ], [ 79.9304438, 6.8790982 ], [ 79.9303717, 6.8791453 ], [ 79.9302921, 6.8792103 ], [ 79.9302674, 6.8792837 ] ] ], [ [ [ 79.9305253, 6.8800651 ], [ 79.9305443, 6.880099 ], [ 79.9305453, 6.8801254 ], [ 79.9305614, 6.8801696 ], [ 79.9306012, 6.8801819 ], [ 79.9306192, 6.8802346 ], [ 79.9306543, 6.8802167 ], [ 79.9307055, 6.8801659 ], [ 79.9306913, 6.8801169 ], [ 79.9307027, 6.8800877 ], [ 79.930696, 6.8800425 ], [ 79.930697, 6.880003 ], [ 79.9307368, 6.8799681 ], [ 79.9307548, 6.8799333 ], [ 79.930716, 6.8798693 ], [ 79.9306742, 6.8798721 ], [ 79.9306885, 6.879907 ], [ 79.9306695, 6.8799465 ], [ 79.9306325, 6.8799832 ], [ 79.9306467, 6.8800058 ], [ 79.9306581, 6.8800388 ], [ 79.9306458, 6.8800604 ], [ 79.930606, 6.880083 ], [ 79.930586, 6.8801178 ], [ 79.9305728, 6.8800802 ], [ 79.9305377, 6.8800472 ], [ 79.9305253, 6.8800651 ] ] ], [ [ [ 79.93908, 6.8813116 ], [ 79.9391141, 6.8811535 ], [ 79.9385755, 6.8809125 ], [ 79.9385479, 6.8810668 ], [ 79.9385338, 6.8811459 ], [ 79.9389586, 6.8814246 ], [ 79.93908, 6.8813116 ] ] ], [ [ [ 79.9335006, 6.8817564 ], [ 79.9335596, 6.8817937 ], [ 79.9336556, 6.8818701 ], [ 79.9337084, 6.8818818 ], [ 79.9339157, 6.8819074 ], [ 79.9339734, 6.8815809 ], [ 79.9341269, 6.8811463 ], [ 79.934163, 6.8810162 ], [ 79.933825, 6.8809949 ], [ 79.9335768, 6.8809682 ], [ 79.9335712, 6.8810168 ], [ 79.9335623, 6.8810933 ], [ 79.9335623, 6.881562 ], [ 79.9334684, 6.881562 ], [ 79.9334469, 6.8816286 ], [ 79.9335006, 6.8817564 ] ] ], [ [ [ 79.9424149, 6.8822579 ], [ 79.9427341, 6.8821408 ], [ 79.9427717, 6.8819783 ], [ 79.9426912, 6.8818026 ], [ 79.9424981, 6.881712 ], [ 79.9419, 6.8817333 ], [ 79.9416371, 6.8818558 ], [ 79.9416693, 6.8820502 ], [ 79.9420019, 6.882242 ], [ 79.9424149, 6.8822579 ] ] ], [ [ [ 79.9308613, 6.8831038 ], [ 79.9308004, 6.8831818 ], [ 79.9308372, 6.8832982 ], [ 79.9307165, 6.8835059 ], [ 79.9312189, 6.8836614 ], [ 79.9312784, 6.8836275 ], [ 79.931328, 6.8835991 ], [ 79.9313655, 6.8834846 ], [ 79.9311939, 6.8833355 ], [ 79.9318478, 6.8828327 ], [ 79.9317224, 6.882632 ], [ 79.9310195, 6.8832556 ], [ 79.9308613, 6.8831038 ] ] ], [ [ [ 79.9324304, 6.8836323 ], [ 79.932399, 6.8836767 ], [ 79.9318225, 6.884284 ], [ 79.9317756, 6.8843342 ], [ 79.931945, 6.884652 ], [ 79.9320785, 6.8845704 ], [ 79.9322263, 6.8846857 ], [ 79.9327627, 6.8840676 ], [ 79.9328271, 6.8839934 ], [ 79.9324304, 6.8836323 ] ] ], [ [ [ 79.934140443659203, 6.88463041463713 ], [ 79.934037689691593, 6.884486559082479 ], [ 79.933873283343416, 6.884455732892197 ], [ 79.93366777540821, 6.884394080511632 ], [ 79.933369788902141, 6.884291326544025 ], [ 79.93321565795074, 6.884229674163461 ], [ 79.933051251602564, 6.884198847973178 ], [ 79.932969048428475, 6.884178297179657 ], [ 79.932701888112703, 6.884507109876001 ], [ 79.932599134145093, 6.88463041463713 ], [ 79.93256830795481, 6.884692067017694 ], [ 79.932537481764527, 6.884733168604736 ], [ 79.932527206367766, 6.884825647175583 ], [ 79.93256830795481, 6.884979778126994 ], [ 79.932691612715942, 6.885164735268687 ], [ 79.932753265096508, 6.885431895584466 ], [ 79.932763540493269, 6.885699055900245 ], [ 79.932835468270582, 6.885976491612785 ], [ 79.932927946841431, 6.886110071770674 ], [ 79.933143730173413, 6.886325855102649 ], [ 79.933431441282707, 6.886521087641103 ], [ 79.933616398424405, 6.88662384160871 ], [ 79.933749978582298, 6.886798523353643 ], [ 79.933801355566104, 6.886921828114771 ], [ 79.933832181756372, 6.887147886843508 ], [ 79.933852732549894, 6.887291742398157 ], [ 79.933996588104549, 6.887528076523655 ], [ 79.934037689691593, 6.887651381284783 ], [ 79.934058240485115, 6.88774385985563 ], [ 79.934119892865681, 6.888011020171408 ], [ 79.934119892865681, 6.88817542651958 ], [ 79.934253473023574, 6.888329557470991 ], [ 79.934417879371736, 6.888411760645076 ], [ 79.934479531752302, 6.888278180487188 ], [ 79.934510357942585, 6.88803157096493 ], [ 79.934510357942585, 6.88775413525239 ], [ 79.934489807149063, 6.887445873349568 ], [ 79.934448705562019, 6.887281467001396 ], [ 79.934633662703718, 6.88718898843055 ], [ 79.934890547622729, 6.88718898843055 ], [ 79.935085780161188, 6.887230090017593 ], [ 79.935281012699647, 6.887137611446747 ], [ 79.935332389683438, 6.887014306685618 ], [ 79.935435143651048, 6.886788247956882 ], [ 79.93545569444457, 6.88661356621195 ], [ 79.93535294047696, 6.886459435260539 ], [ 79.93510633095471, 6.886366956689692 ], [ 79.934952200003295, 6.886243651928563 ], [ 79.93475696746485, 6.885966216216024 ], [ 79.934643938100479, 6.885760708280809 ], [ 79.934530908736107, 6.885452446377988 ], [ 79.934417879371736, 6.885236663046012 ], [ 79.934325400800887, 6.885031155110798 ], [ 79.934232922230052, 6.88478454558854 ], [ 79.934140443659203, 6.88463041463713 ] ], [ [ 79.934294574610618, 6.885873737645177 ], [ 79.934366502387931, 6.88605869478687 ], [ 79.934417879371736, 6.886212825738281 ], [ 79.934387053181453, 6.886377232086453 ], [ 79.934284299213857, 6.886459435260539 ], [ 79.934078791278637, 6.88647998605406 ], [ 79.933986312707788, 6.886408058276735 ], [ 79.933883558740177, 6.886284753515606 ], [ 79.933791080169343, 6.886099796373913 ], [ 79.933708876995254, 6.885873737645177 ], [ 79.93366777540821, 6.885729882090527 ], [ 79.933626673821166, 6.885616852726159 ], [ 79.933719152392015, 6.885442170981227 ], [ 79.933780804772582, 6.885411344790945 ], [ 79.933842457153133, 6.885411344790945 ], [ 79.933945211120744, 6.885411344790945 ], [ 79.934037689691593, 6.885431895584466 ], [ 79.93410961746892, 6.885524374155312 ], [ 79.934202096039769, 6.885678505106723 ], [ 79.934294574610618, 6.885873737645177 ] ] ], [ [ [ 79.9385673, 6.8882285 ], [ 79.9382575, 6.888315 ], [ 79.9382655, 6.8884681 ], [ 79.9389052, 6.8884176 ], [ 79.9388972, 6.8882378 ], [ 79.9385673, 6.8882285 ] ] ], [ [ [ 79.920738, 6.8916695 ], [ 79.9207079, 6.8915883 ], [ 79.9207914, 6.891444 ], [ 79.9208031, 6.8913135 ], [ 79.9205985, 6.8907811 ], [ 79.9205396, 6.8905391 ], [ 79.9205111, 6.8902244 ], [ 79.920536, 6.8898743 ], [ 79.9205862, 6.88962 ], [ 79.9206692, 6.8893936 ], [ 79.9207793, 6.8891913 ], [ 79.9209831, 6.8889756 ], [ 79.9222024, 6.8873612 ], [ 79.9225442, 6.8869092 ], [ 79.9236568, 6.8856349 ], [ 79.924853, 6.884453 ], [ 79.9254007, 6.8840333 ], [ 79.9267306, 6.8828855 ], [ 79.9272455, 6.882281 ], [ 79.9276318, 6.8816366 ], [ 79.9278142, 6.8812638 ], [ 79.9279697, 6.8808803 ], [ 79.9281146, 6.8802572 ], [ 79.9281843, 6.8796607 ], [ 79.9282291, 6.8788186 ], [ 79.9281655, 6.8777035 ], [ 79.9279006, 6.877713 ], [ 79.9278859, 6.8771403 ], [ 79.9274549, 6.8770843 ], [ 79.9272631, 6.8771136 ], [ 79.9269573, 6.8770497 ], [ 79.9268715, 6.877095 ], [ 79.9268045, 6.8776515 ], [ 79.9267602, 6.8778286 ], [ 79.926673, 6.8780563 ], [ 79.9266073, 6.8781402 ], [ 79.9265751, 6.8782307 ], [ 79.9265577, 6.8788379 ], [ 79.9265282, 6.878979 ], [ 79.9263015, 6.8794011 ], [ 79.9262023, 6.8797046 ], [ 79.9259515, 6.8803278 ], [ 79.9258777, 6.8804702 ], [ 79.9257705, 6.8806114 ], [ 79.9246439, 6.8818869 ], [ 79.924475, 6.8820147 ], [ 79.9241638, 6.8819881 ], [ 79.9241477, 6.8824834 ], [ 79.9235952, 6.882486 ], [ 79.9235737, 6.8828056 ], [ 79.9237025, 6.8828002 ], [ 79.9237504, 6.8828448 ], [ 79.9237481, 6.8830532 ], [ 79.9237293, 6.8832023 ], [ 79.9236274, 6.8832157 ], [ 79.9234423, 6.883205 ], [ 79.9232841, 6.8832716 ], [ 79.9221548, 6.884121 ], [ 79.9221037, 6.8841089 ], [ 79.9219751, 6.8840944 ], [ 79.9218035, 6.8841796 ], [ 79.9214575, 6.8844832 ], [ 79.9207681, 6.8847947 ], [ 79.9206135, 6.8848005 ], [ 79.9203202, 6.8847761 ], [ 79.9201292, 6.8846761 ], [ 79.9200118, 6.8844459 ], [ 79.9200171, 6.8842595 ], [ 79.9199434, 6.8840212 ], [ 79.9197878, 6.8839639 ], [ 79.9192862, 6.8839413 ], [ 79.9177288, 6.883951 ], [ 79.9175495, 6.883932 ], [ 79.9170063, 6.8837243 ], [ 79.9165142, 6.8833302 ], [ 79.9162406, 6.8830412 ], [ 79.9158429, 6.8825027 ], [ 79.9155767, 6.8820414 ], [ 79.9154522, 6.881869 ], [ 79.9152796, 6.8817924 ], [ 79.9152956, 6.8819813 ], [ 79.915549, 6.8823629 ], [ 79.9157088, 6.8825764 ], [ 79.916105, 6.8831009 ], [ 79.9164061, 6.8835553 ], [ 79.9164306, 6.8836468 ], [ 79.9164767, 6.8837596 ], [ 79.9165312, 6.8839363 ], [ 79.9164701, 6.8841051 ], [ 79.9163322, 6.8851437 ], [ 79.9162142, 6.8857508 ], [ 79.91608, 6.8860597 ], [ 79.9159393, 6.8863579 ], [ 79.9159135, 6.8865976 ], [ 79.9159636, 6.8868338 ], [ 79.9167074, 6.8883125 ], [ 79.9168042, 6.8888824 ], [ 79.9168257, 6.8891593 ], [ 79.9168203, 6.8894788 ], [ 79.9165682, 6.89007 ], [ 79.9164609, 6.8903096 ], [ 79.9161122, 6.8906452 ], [ 79.9156831, 6.8909487 ], [ 79.9154883, 6.8910755 ], [ 79.9151144, 6.8912949 ], [ 79.914696, 6.8913482 ], [ 79.9144385, 6.8914546 ], [ 79.9143447, 6.891533 ], [ 79.9142521, 6.8917484 ], [ 79.9140895, 6.8915878 ], [ 79.9138323, 6.8914919 ], [ 79.9131183, 6.8913241 ], [ 79.9119437, 6.8909859 ], [ 79.91136, 6.8908679 ], [ 79.9109895, 6.8909034 ], [ 79.9105436, 6.8917048 ], [ 79.9106457, 6.8919551 ], [ 79.9108869, 6.8921921 ], [ 79.9112892, 6.8923599 ], [ 79.9116862, 6.892477 ], [ 79.9120536, 6.8926581 ], [ 79.9123621, 6.8928072 ], [ 79.9126491, 6.8930043 ], [ 79.91281, 6.8931854 ], [ 79.912928, 6.8934942 ], [ 79.9129575, 6.893646 ], [ 79.9129656, 6.8938244 ], [ 79.9129441, 6.8940108 ], [ 79.9128824, 6.8942611 ], [ 79.9128261, 6.8944742 ], [ 79.9127752, 6.8946073 ], [ 79.9127161, 6.8947724 ], [ 79.9126571, 6.8949402 ], [ 79.9126115, 6.8951345 ], [ 79.9125686, 6.8953316 ], [ 79.9125257, 6.8954594 ], [ 79.9124452, 6.8955819 ], [ 79.9122971, 6.8958342 ], [ 79.9122629, 6.8959826 ], [ 79.9121683, 6.896191 ], [ 79.9120778, 6.8962842 ], [ 79.9116607, 6.8964872 ], [ 79.9113643, 6.8965498 ], [ 79.9112188, 6.8966071 ], [ 79.9111518, 6.8966603 ], [ 79.9110592, 6.8968134 ], [ 79.91097, 6.896888 ], [ 79.9106388, 6.8970265 ], [ 79.9104068, 6.8972741 ], [ 79.910329, 6.8977228 ], [ 79.9101895, 6.8979877 ], [ 79.9101479, 6.8981169 ], [ 79.910097, 6.8984524 ], [ 79.9100018, 6.8986814 ], [ 79.9099267, 6.8993524 ], [ 79.9098515, 6.8996533 ], [ 79.9095431, 6.9003616 ], [ 79.9091274, 6.901472 ], [ 79.9089342, 6.9020152 ], [ 79.9086848, 6.9028367 ], [ 79.9086942, 6.9029165 ], [ 79.9087398, 6.9029778 ], [ 79.908894, 6.9030657 ], [ 79.9090315, 6.9031023 ], [ 79.9091904, 6.903031 ], [ 79.9094036, 6.9030191 ], [ 79.9096423, 6.9030696 ], [ 79.9100033, 6.9027465 ], [ 79.9106266, 6.9026716 ], [ 79.9112948, 6.9017041 ], [ 79.9114455, 6.9014858 ], [ 79.9117232, 6.9010037 ], [ 79.9117695, 6.9007345 ], [ 79.911412, 6.8995739 ], [ 79.9113469, 6.8992019 ], [ 79.9111766, 6.8989741 ], [ 79.9112477, 6.8981269 ], [ 79.9115492, 6.8976716 ], [ 79.9118655, 6.8973371 ], [ 79.9122143, 6.8972437 ], [ 79.9129009, 6.8972201 ], [ 79.9130649, 6.8974333 ], [ 79.9130568, 6.8978346 ], [ 79.9128629, 6.8980604 ], [ 79.9129012, 6.8987213 ], [ 79.9129489, 6.8987758 ], [ 79.9133188, 6.8983211 ], [ 79.914054, 6.8971142 ], [ 79.914117, 6.8969455 ], [ 79.9142374, 6.8967302 ], [ 79.9142343, 6.8960973 ], [ 79.9147352, 6.8954076 ], [ 79.9150743, 6.894553 ], [ 79.9150305, 6.8937486 ], [ 79.9159291, 6.8924594 ], [ 79.9173454, 6.892091 ], [ 79.9181676, 6.8922366 ], [ 79.9186457, 6.8920557 ], [ 79.918654, 6.8884754 ], [ 79.9180019, 6.8884782 ], [ 79.9180003, 6.8881203 ], [ 79.9178128, 6.8881211 ], [ 79.9178085, 6.8871115 ], [ 79.9176435, 6.8871122 ], [ 79.9176407, 6.886452 ], [ 79.9177684, 6.8864515 ], [ 79.9177674, 6.8862225 ], [ 79.9177657, 6.8858117 ], [ 79.9181807, 6.88581 ], [ 79.9183395, 6.8856738 ], [ 79.9183381, 6.8854916 ], [ 79.9187496, 6.8854898 ], [ 79.9190371, 6.885483 ], [ 79.9190373, 6.8855819 ], [ 79.9190916, 6.8856851 ], [ 79.9196707, 6.8856869 ], [ 79.9196683, 6.8865928 ], [ 79.9198115, 6.8867165 ], [ 79.9200234, 6.8867156 ], [ 79.9200257, 6.8872606 ], [ 79.9198921, 6.8872611 ], [ 79.9198957, 6.8881113 ], [ 79.9194871, 6.888113 ], [ 79.9194887, 6.8884719 ], [ 79.9188777, 6.8884745 ], [ 79.9188623, 6.8920468 ], [ 79.9193922, 6.8922226 ], [ 79.9207734, 6.8922629 ], [ 79.9215346, 6.8924487 ], [ 79.9215914, 6.8924388 ], [ 79.9216532, 6.892394 ], [ 79.9217363, 6.8922659 ], [ 79.9220172, 6.8924852 ], [ 79.9220064, 6.8925974 ], [ 79.9220673, 6.8926742 ], [ 79.9228001, 6.8930929 ], [ 79.9234728, 6.8936512 ], [ 79.9241118, 6.8943259 ], [ 79.9242343, 6.89454 ], [ 79.9243858, 6.8947177 ], [ 79.9244973, 6.8947248 ], [ 79.9245622, 6.8946433 ], [ 79.924783, 6.8943198 ], [ 79.9231931, 6.8932113 ], [ 79.9231862, 6.8930788 ], [ 79.9233471, 6.8927274 ], [ 79.9233793, 6.8925876 ], [ 79.9233337, 6.892493 ], [ 79.9227168, 6.8920004 ], [ 79.9226117, 6.8918937 ], [ 79.9224512, 6.8918939 ], [ 79.9220974, 6.8922747 ], [ 79.9218668, 6.8920807 ], [ 79.9214433, 6.8918931 ], [ 79.9211221, 6.8916363 ], [ 79.921072, 6.8916198 ], [ 79.9210469, 6.8916877 ], [ 79.9210085, 6.8917076 ], [ 79.9207931, 6.8917109 ], [ 79.920738, 6.8916695 ] ], [ [ 79.9258257, 6.8821171 ], [ 79.9258849, 6.8821182 ], [ 79.9259479, 6.8821557 ], [ 79.9260163, 6.8824223 ], [ 79.9259204, 6.8827036 ], [ 79.9254744, 6.8833238 ], [ 79.9253859, 6.8834116 ], [ 79.9253505, 6.8834134 ], [ 79.9251594, 6.8833097 ], [ 79.9250833, 6.883236 ], [ 79.9250497, 6.8831745 ], [ 79.9250497, 6.8831182 ], [ 79.9255523, 6.8823944 ], [ 79.9257554, 6.88215 ], [ 79.9258257, 6.8821171 ] ], [ [ 79.9231128, 6.8930473 ], [ 79.9222334, 6.8924664 ], [ 79.92224, 6.8922904 ], [ 79.9224641, 6.8919817 ], [ 79.9225644, 6.8919751 ], [ 79.9229122, 6.8922738 ], [ 79.9230392, 6.8923336 ], [ 79.9232967, 6.8925693 ], [ 79.9233067, 6.8926357 ], [ 79.9231462, 6.8930274 ], [ 79.9231128, 6.8930473 ] ] ], [ [ [ 79.9107957, 6.8902855 ], [ 79.9106696, 6.890408 ], [ 79.9102136, 6.8903388 ], [ 79.9099213, 6.8900951 ], [ 79.9096262, 6.8900179 ], [ 79.9095726, 6.8905438 ], [ 79.9095699, 6.8908687 ], [ 79.9095941, 6.8909859 ], [ 79.9097416, 6.8911589 ], [ 79.9100983, 6.8911776 ], [ 79.9105114, 6.8911084 ], [ 79.9107581, 6.890922 ], [ 79.910844, 6.8907302 ], [ 79.9110585, 6.8905998 ], [ 79.9110827, 6.8903974 ], [ 79.9110398, 6.8903255 ], [ 79.9107957, 6.8902855 ] ] ], [ [ [ 79.9218373, 6.8939431 ], [ 79.9218096, 6.8939022 ], [ 79.9217867, 6.893918 ], [ 79.921812, 6.8939561 ], [ 79.9218373, 6.8939431 ] ] ], [ [ [ 79.92514, 6.8945595 ], [ 79.9250273, 6.8945808 ], [ 79.9247416, 6.8948383 ], [ 79.9245499, 6.8950761 ], [ 79.9245392, 6.8951985 ], [ 79.9247591, 6.8955926 ], [ 79.9249415, 6.896024 ], [ 79.925081, 6.8961625 ], [ 79.9253554, 6.8960805 ], [ 79.9254672, 6.8959122 ], [ 79.9256719, 6.8956927 ], [ 79.925714, 6.8956193 ], [ 79.9255431, 6.8952071 ], [ 79.92514, 6.8945595 ] ] ], [ [ [ 79.9194012, 6.8960255 ], [ 79.9196318, 6.8960201 ], [ 79.9196277, 6.895971 ], [ 79.9193958, 6.8959824 ], [ 79.9194012, 6.8960255 ] ] ], [ [ [ 79.9222782, 6.8972894 ], [ 79.9219094, 6.8970002 ], [ 79.9218286, 6.8969086 ], [ 79.9215969, 6.8965292 ], [ 79.920976, 6.8965864 ], [ 79.9208935, 6.8965372 ], [ 79.9208325, 6.8964633 ], [ 79.9207856, 6.8964593 ], [ 79.9206042, 6.8965668 ], [ 79.920449, 6.8966111 ], [ 79.9204067, 6.8966756 ], [ 79.9204127, 6.8967282 ], [ 79.9204429, 6.8967662 ], [ 79.9207038, 6.8967349 ], [ 79.9207406, 6.8967582 ], [ 79.920805, 6.8969665 ], [ 79.9208412, 6.8969799 ], [ 79.9212348, 6.896916 ], [ 79.9213971, 6.89691 ], [ 79.9215688, 6.8969419 ], [ 79.9217304, 6.8970205 ], [ 79.922183, 6.8973693 ], [ 79.9222333, 6.8973819 ], [ 79.9222822, 6.897332 ], [ 79.9222782, 6.8972894 ] ] ], [ [ [ 79.93418282967086, 6.89732052963663 ], [ 79.934198242766001, 6.897269152652827 ], [ 79.934198242766001, 6.897202362573882 ], [ 79.934198242766001, 6.897125297098177 ], [ 79.93418282967086, 6.897043093924091 ], [ 79.934131452687069, 6.896945477654864 ], [ 79.934085213401644, 6.89689410067106 ], [ 79.933961908640512, 6.896847861385637 ], [ 79.933889980863185, 6.896811897496975 ], [ 79.933776951498814, 6.896791346703453 ], [ 79.933648509039301, 6.89675538281479 ], [ 79.933509791183042, 6.896673179640705 ], [ 79.93339162412029, 6.896596114164999 ], [ 79.933309420946202, 6.896544737181196 ], [ 79.933252906264016, 6.896524186387675 ], [ 79.933201529280211, 6.896519048689294 ], [ 79.933103913010996, 6.896585838768239 ], [ 79.933103913010996, 6.896626940355281 ], [ 79.933114188407757, 6.896709143529367 ], [ 79.933119326106137, 6.896806759798594 ], [ 79.933109050709376, 6.896899238369441 ], [ 79.933062811423952, 6.896966028448386 ], [ 79.933052536027191, 6.897048231622471 ], [ 79.933052536027191, 6.897109884003036 ], [ 79.933021709836908, 6.897156123288459 ], [ 79.933001159043386, 6.897161260986839 ], [ 79.932990883646625, 6.897222913367404 ], [ 79.932985745948244, 6.897248601859306 ], [ 79.932985745948244, 6.897258877256066 ], [ 79.933037122932049, 6.897325667335011 ], [ 79.933222080073733, 6.897325667335011 ], [ 79.933417312612193, 6.897330805033391 ], [ 79.933612545150652, 6.897341080430152 ], [ 79.933812915387477, 6.897361631223673 ], [ 79.933997872529176, 6.897371906620434 ], [ 79.934110901893547, 6.897371906620434 ], [ 79.93418282967086, 6.89732052963663 ] ] ], [ [ [ 79.9306628, 6.8977814 ], [ 79.9300835, 6.8979731 ], [ 79.9300781, 6.8981329 ], [ 79.9302068, 6.8983725 ], [ 79.9308452, 6.8980184 ], [ 79.9306628, 6.8977814 ] ] ], [ [ [ 79.930935804294464, 6.899802037954347 ], [ 79.931033420563693, 6.899827726446248 ], [ 79.931156725324826, 6.899879103430052 ], [ 79.931238928498914, 6.899925342715475 ], [ 79.93140333484709, 6.899904791921954 ], [ 79.931526639608208, 6.899796900255966 ], [ 79.931562603496872, 6.899719834780261 ], [ 79.931552328100111, 6.899617080812654 ], [ 79.931506088814686, 6.899483500654764 ], [ 79.931516364211447, 6.899360195893635 ], [ 79.931588291988774, 6.899221478037366 ], [ 79.931665357464482, 6.899046796292433 ], [ 79.931716734448287, 6.898944042324826 ], [ 79.931711596749906, 6.898918353832924 ], [ 79.931613980480677, 6.898954317721587 ], [ 79.931521501909828, 6.899031383197292 ], [ 79.93144443643412, 6.899093035577857 ], [ 79.931362233260046, 6.899175238751942 ], [ 79.931269754689197, 6.899252304227648 ], [ 79.931151587626445, 6.899319094306592 ], [ 79.931018007468552, 6.899385884385537 ], [ 79.930915253500942, 6.89942698597258 ], [ 79.930776535644682, 6.899473225258004 ], [ 79.930601853899745, 6.899529739940188 ], [ 79.930483686836993, 6.899545153035328 ], [ 79.930375795171017, 6.899550290733709 ], [ 79.93030386739369, 6.89956056613047 ], [ 79.930165149537416, 6.899581116923991 ], [ 79.930118910251991, 6.899581116923991 ], [ 79.930077808664947, 6.899586254622371 ], [ 79.930072670966567, 6.899586254622371 ], [ 79.930046982474664, 6.899622218511034 ], [ 79.930144598743894, 6.899663320098076 ], [ 79.930344968980734, 6.899714697081881 ], [ 79.930509375328896, 6.899735247875402 ], [ 79.930684057073833, 6.899766074065684 ], [ 79.930807361834965, 6.899796900255966 ], [ 79.930935804294464, 6.899802037954347 ] ] ], [ [ [ 79.9255881, 6.9019433 ], [ 79.9255599, 6.9020338 ], [ 79.9256739, 6.9022269 ], [ 79.925745, 6.9023028 ], [ 79.9258992, 6.9023973 ], [ 79.9260628, 6.9025797 ], [ 79.9266878, 6.9030603 ], [ 79.9267919, 6.9030137 ], [ 79.9268728, 6.9029325 ], [ 79.9265979, 6.9027608 ], [ 79.9265993, 6.9025784 ], [ 79.9266931, 6.9022642 ], [ 79.9267991, 6.9020924 ], [ 79.9268353, 6.9018594 ], [ 79.9267548, 6.9017316 ], [ 79.9267226, 6.9017622 ], [ 79.9267133, 6.9019579 ], [ 79.9265698, 6.9022788 ], [ 79.9264947, 6.9025158 ], [ 79.9263981, 6.9025278 ], [ 79.9261969, 6.9023747 ], [ 79.9258657, 6.9020258 ], [ 79.9256538, 6.901926 ], [ 79.9255881, 6.9019433 ] ] ], [ [ [ 79.9100688, 6.9051573 ], [ 79.9106213, 6.904646 ], [ 79.910624, 6.9045768 ], [ 79.9099106, 6.9045475 ], [ 79.9098006, 6.9046007 ], [ 79.9095297, 6.9048271 ], [ 79.909476, 6.9049549 ], [ 79.9094599, 6.90512 ], [ 79.9094814, 6.9052478 ], [ 79.9095726, 6.905333 ], [ 79.9100688, 6.9051573 ] ] ], [ [ [ 79.9109016, 6.906004 ], [ 79.9109285, 6.9060413 ], [ 79.9111471, 6.9059934 ], [ 79.9111819, 6.9059574 ], [ 79.9112181, 6.9058309 ], [ 79.9113831, 6.9057297 ], [ 79.9115507, 6.9055167 ], [ 79.9115293, 6.9054595 ], [ 79.9111792, 6.9052158 ], [ 79.9109627, 6.9049043 ], [ 79.9108312, 6.904648 ], [ 79.910791, 6.904614 ], [ 79.9107648, 6.9046187 ], [ 79.9103867, 6.9050195 ], [ 79.9104229, 6.9051 ], [ 79.9104524, 6.9053623 ], [ 79.9105838, 6.905546 ], [ 79.9111363, 6.9053183 ], [ 79.9112906, 6.9054036 ], [ 79.9113415, 6.9054541 ], [ 79.9113348, 6.905534 ], [ 79.9112584, 6.9056499 ], [ 79.9109271, 6.9057777 ], [ 79.9108936, 6.9058722 ], [ 79.9109016, 6.906004 ] ] ], [ [ [ 79.9105409, 6.9057617 ], [ 79.9105006, 6.9055593 ], [ 79.9104068, 6.9054315 ], [ 79.9103585, 6.9051146 ], [ 79.9100983, 6.9053117 ], [ 79.9096343, 6.9054874 ], [ 79.9094707, 6.9056152 ], [ 79.9093822, 6.9058522 ], [ 79.9093795, 6.9060093 ], [ 79.9094707, 6.9061212 ], [ 79.9097282, 6.9062516 ], [ 79.9100956, 6.9061718 ], [ 79.9107447, 6.9061371 ], [ 79.9108011, 6.9061025 ], [ 79.9108359, 6.9060093 ], [ 79.9108145, 6.9058682 ], [ 79.9105409, 6.9057617 ] ] ], [ [ [ 79.911747, 6.9056481 ], [ 79.9117053, 6.9057545 ], [ 79.9119443, 6.9058448 ], [ 79.9119888, 6.9057375 ], [ 79.911747, 6.9056481 ] ] ], [ [ [ 79.9109915, 6.9061212 ], [ 79.9107608, 6.9062703 ], [ 79.9105516, 6.9062783 ], [ 79.910565, 6.906438 ], [ 79.9109995, 6.9065153 ], [ 79.9112141, 6.906486 ], [ 79.9113643, 6.9063821 ], [ 79.9113241, 6.9061957 ], [ 79.9110988, 6.9060999 ], [ 79.9109915, 6.9061212 ] ] ], [ [ [ 79.9095742, 6.9077238 ], [ 79.9094482, 6.9076493 ], [ 79.9093409, 6.9076226 ], [ 79.9092738, 6.9076865 ], [ 79.9089922, 6.9078623 ], [ 79.9088581, 6.9081259 ], [ 79.9088447, 6.9081951 ], [ 79.9089707, 6.9083043 ], [ 79.9090861, 6.9083549 ], [ 79.9092511, 6.9083397 ], [ 79.9093386, 6.9082327 ], [ 79.9097451, 6.9081076 ], [ 79.909644, 6.9078197 ], [ 79.9095742, 6.9077238 ] ] ], [ [ [ 79.9038187, 6.9071262 ], [ 79.904235, 6.9072528 ], [ 79.9043609, 6.9073836 ], [ 79.9046446, 6.9078624 ], [ 79.9043235, 6.9083631 ], [ 79.9040787, 6.9085257 ], [ 79.9039027, 6.9084982 ], [ 79.9035985, 6.9084023 ], [ 79.903456, 6.9083217 ], [ 79.9033936, 6.9081359 ], [ 79.9034177, 6.9077981 ], [ 79.9033993, 6.9077658 ], [ 79.9032419, 6.9076954 ], [ 79.903148, 6.9076195 ], [ 79.9029614, 6.9077394 ], [ 79.9025399, 6.9078292 ], [ 79.9023261, 6.9078931 ], [ 79.9023148, 6.9079811 ], [ 79.9027543, 6.9086664 ], [ 79.9032263, 6.909584 ], [ 79.9033312, 6.910009 ], [ 79.9036502, 6.9101821 ], [ 79.9037891, 6.9101849 ], [ 79.9038511, 6.9101049 ], [ 79.9039179, 6.9101786 ], [ 79.9039515, 6.9103391 ], [ 79.9034455, 6.9103898 ], [ 79.9032427, 6.9104982 ], [ 79.9025609, 6.9109612 ], [ 79.9022816, 6.9112285 ], [ 79.9018975, 6.9115255 ], [ 79.9016466, 6.9123206 ], [ 79.9015714, 6.9126513 ], [ 79.9014779, 6.912875 ], [ 79.9011511, 6.9132086 ], [ 79.9009313, 6.9132889 ], [ 79.9006757, 6.9133052 ], [ 79.9004106, 6.913373 ], [ 79.9001339, 6.9135315 ], [ 79.8998227, 6.9136724 ], [ 79.8993616, 6.913942 ], [ 79.8992139, 6.9140987 ], [ 79.8990766, 6.9142927 ], [ 79.898975, 6.9145754 ], [ 79.8992004, 6.9145655 ], [ 79.8993858, 6.9145573 ], [ 79.8995126, 6.9144173 ], [ 79.8995887, 6.9143474 ], [ 79.8996673, 6.914246 ], [ 79.8999894, 6.9140433 ], [ 79.9009793, 6.9137313 ], [ 79.9012502, 6.9135967 ], [ 79.9014634, 6.9134908 ], [ 79.9016449, 6.9132826 ], [ 79.9017806, 6.9130138 ], [ 79.9020673, 6.9121638 ], [ 79.9022289, 6.9118317 ], [ 79.902472, 6.9114773 ], [ 79.9037291, 6.9106895 ], [ 79.9039587, 6.9106523 ], [ 79.9040874, 6.9105937 ], [ 79.9042775, 6.9104643 ], [ 79.9042825, 6.9103688 ], [ 79.9042146, 6.910145 ], [ 79.9042826, 6.9101538 ], [ 79.9045321, 6.9099553 ], [ 79.9046413, 6.9097673 ], [ 79.9047059, 6.9094747 ], [ 79.9048383, 6.909232 ], [ 79.9052035, 6.9087101 ], [ 79.905221, 6.9085875 ], [ 79.9052593, 6.9084988 ], [ 79.9053149, 6.9084231 ], [ 79.9053664, 6.9084193 ], [ 79.9056807, 6.9087626 ], [ 79.9057755, 6.908789 ], [ 79.9060464, 6.9084982 ], [ 79.9062869, 6.9082886 ], [ 79.9064602, 6.9081753 ], [ 79.9065694, 6.9081039 ], [ 79.9069835, 6.9078803 ], [ 79.9072419, 6.9075772 ], [ 79.9073894, 6.9074388 ], [ 79.9076107, 6.9073343 ], [ 79.9078619, 6.9072687 ], [ 79.9083806, 6.9071331 ], [ 79.9084301, 6.9070687 ], [ 79.9085374, 6.9069994 ], [ 79.9087342, 6.9069514 ], [ 79.9106643, 6.9076043 ], [ 79.9110401, 6.9077974 ], [ 79.9110988, 6.9078866 ], [ 79.9111068, 6.9080423 ], [ 79.9110846, 6.9082442 ], [ 79.9110585, 6.9083645 ], [ 79.9107543, 6.9090371 ], [ 79.9105476, 6.9093497 ], [ 79.9099052, 6.9097611 ], [ 79.9098623, 6.9098277 ], [ 79.9098905, 6.9099111 ], [ 79.9100196, 6.9099403 ], [ 79.9101352, 6.9102647 ], [ 79.9101627, 6.910528 ], [ 79.91016, 6.9107117 ], [ 79.9101198, 6.9108076 ], [ 79.9098489, 6.910962 ], [ 79.9097175, 6.9111096 ], [ 79.9095793, 6.9111338 ], [ 79.9090538, 6.9113846 ], [ 79.9088377, 6.911645 ], [ 79.9087961, 6.9117941 ], [ 79.9087706, 6.9120165 ], [ 79.908784, 6.9122747 ], [ 79.9086611, 6.9124613 ], [ 79.9085574, 6.9127167 ], [ 79.9085686, 6.9127952 ], [ 79.9094466, 6.9133464 ], [ 79.9096991, 6.9131183 ], [ 79.9098743, 6.9130496 ], [ 79.9099708, 6.9129637 ], [ 79.9100503, 6.9127001 ], [ 79.9100564, 6.9125632 ], [ 79.9103022, 6.9124292 ], [ 79.9109351, 6.9124545 ], [ 79.9115169, 6.9125533 ], [ 79.9120944, 6.91271 ], [ 79.9123359, 6.911989 ], [ 79.9121368, 6.911906 ], [ 79.9119517, 6.911878 ], [ 79.91183, 6.9119867 ], [ 79.91165, 6.9120431 ], [ 79.911531, 6.912016 ], [ 79.9113197, 6.9119048 ], [ 79.9109992, 6.9118559 ], [ 79.9106135, 6.9117532 ], [ 79.9102928, 6.9115638 ], [ 79.910039, 6.9113429 ], [ 79.9099642, 6.911199 ], [ 79.9100527, 6.9110366 ], [ 79.9101841, 6.9108821 ], [ 79.9103665, 6.9108129 ], [ 79.9105194, 6.91097 ], [ 79.9106508, 6.9110099 ], [ 79.9107608, 6.9110046 ], [ 79.910903, 6.9108236 ], [ 79.9112168, 6.9104455 ], [ 79.9113509, 6.9103869 ], [ 79.9117291, 6.9099821 ], [ 79.9121958, 6.9094043 ], [ 79.9125847, 6.9093271 ], [ 79.9129522, 6.909431 ], [ 79.9134082, 6.9092605 ], [ 79.9134082, 6.9091594 ], [ 79.9130729, 6.9091594 ], [ 79.9123004, 6.9091328 ], [ 79.9120563, 6.9092339 ], [ 79.9118472, 6.9095028 ], [ 79.9114636, 6.9099449 ], [ 79.9110264, 6.9103363 ], [ 79.9107849, 6.9107889 ], [ 79.9106776, 6.9108236 ], [ 79.9104818, 6.9107624 ], [ 79.9104068, 6.9106797 ], [ 79.910329, 6.9105466 ], [ 79.9103276, 6.9104947 ], [ 79.9103076, 6.9103765 ], [ 79.9102462, 6.9099917 ], [ 79.9102955, 6.909881 ], [ 79.9106992, 6.9094794 ], [ 79.9107313, 6.9094349 ], [ 79.9110129, 6.9089583 ], [ 79.911347, 6.9083531 ], [ 79.9114515, 6.9079771 ], [ 79.9114903, 6.9079423 ], [ 79.9116862, 6.9079798 ], [ 79.9124287, 6.9082445 ], [ 79.9127758, 6.9083659 ], [ 79.9131875, 6.9085163 ], [ 79.9134493, 6.9086282 ], [ 79.9140224, 6.9087946 ], [ 79.9144917, 6.9089551 ], [ 79.9159081, 6.9094666 ], [ 79.916461, 6.9096774 ], [ 79.91696, 6.909963 ], [ 79.9180061, 6.9104867 ], [ 79.9183321, 6.9105713 ], [ 79.9187019, 6.9105346 ], [ 79.9190839, 6.9105835 ], [ 79.9258456, 6.9129244 ], [ 79.9261226, 6.9130555 ], [ 79.9263096, 6.9134224 ], [ 79.9265617, 6.9139336 ], [ 79.9267226, 6.9144156 ], [ 79.9267414, 6.9145167 ], [ 79.9260866, 6.9147964 ], [ 79.9261601, 6.9151072 ], [ 79.9263096, 6.9155039 ], [ 79.9263448, 6.9157236 ], [ 79.9263931, 6.9157985 ], [ 79.9264665, 6.9158198 ], [ 79.9266422, 6.9158042 ], [ 79.9267669, 6.9157675 ], [ 79.926907, 6.915693 ], [ 79.9269962, 6.9156124 ], [ 79.9270438, 6.9154979 ], [ 79.9270693, 6.9152323 ], [ 79.9270311, 6.9148349 ], [ 79.9269319, 6.9146099 ], [ 79.9269319, 6.9144182 ], [ 79.926272, 6.9128206 ], [ 79.9263954, 6.9125224 ], [ 79.9262817, 6.9124432 ], [ 79.9259358, 6.9123199 ], [ 79.9174211, 6.9092851 ], [ 79.912856, 6.9075756 ], [ 79.9127653, 6.9074775 ], [ 79.912717, 6.9073496 ], [ 79.9127269, 6.9072394 ], [ 79.9128274, 6.9069634 ], [ 79.9128985, 6.9068827 ], [ 79.9129803, 6.9069014 ], [ 79.9132057, 6.9070192 ], [ 79.9134605, 6.9070837 ], [ 79.9136375, 6.907153 ], [ 79.9139553, 6.9073407 ], [ 79.9140492, 6.9073434 ], [ 79.914076, 6.9073034 ], [ 79.9140921, 6.9072555 ], [ 79.9140197, 6.9071703 ], [ 79.9138024, 6.9070045 ], [ 79.9134276, 6.9069107 ], [ 79.9132942, 6.9068421 ], [ 79.9132124, 6.9067689 ], [ 79.9131446, 6.906681 ], [ 79.9131252, 6.9065905 ], [ 79.9131285, 6.9065306 ], [ 79.913215, 6.9063122 ], [ 79.9131728, 6.9062417 ], [ 79.9130762, 6.9062556 ], [ 79.9129384, 6.9065405 ], [ 79.9127604, 6.906711 ], [ 79.9126927, 6.9067436 ], [ 79.9125364, 6.9067076 ], [ 79.9124251, 6.9066391 ], [ 79.9123098, 6.9065119 ], [ 79.9122289, 6.9063325 ], [ 79.9122763, 6.9061424 ], [ 79.91211, 6.9061051 ], [ 79.9120886, 6.9062382 ], [ 79.9121019, 6.9065059 ], [ 79.9120825, 6.9066184 ], [ 79.9121059, 6.906719 ], [ 79.912293, 6.9070598 ], [ 79.9123313, 6.9072102 ], [ 79.9122991, 6.9072728 ], [ 79.9121904, 6.9072808 ], [ 79.9112563, 6.9069333 ], [ 79.9109218, 6.9067523 ], [ 79.9090953, 6.9061846 ], [ 79.9090818, 6.9061181 ], [ 79.9093654, 6.904814 ], [ 79.909425, 6.9043001 ], [ 79.9094152, 6.9038325 ], [ 79.909312, 6.9036836 ], [ 79.9088362, 6.9034997 ], [ 79.908802, 6.9033618 ], [ 79.9085142, 6.9032369 ], [ 79.9084642, 6.9032988 ], [ 79.9078313, 6.903441 ], [ 79.9074558, 6.9035901 ], [ 79.9069943, 6.9039912 ], [ 79.9057846, 6.9053918 ], [ 79.905082, 6.9061154 ], [ 79.9050798, 6.9061824 ], [ 79.9051195, 6.906192 ], [ 79.9051165, 6.9062322 ], [ 79.9050783, 6.9062352 ], [ 79.9050551, 6.9061682 ], [ 79.9050191, 6.9061735 ], [ 79.9040554, 6.9069941 ], [ 79.9038784, 6.9069595 ], [ 79.9036075, 6.9068397 ], [ 79.9035753, 6.9067598 ], [ 79.9035842, 6.9067145 ], [ 79.9034995, 6.9065844 ], [ 79.9034599, 6.9064415 ], [ 79.9033805, 6.9064558 ], [ 79.9032426, 6.9065032 ], [ 79.9032497, 6.9066601 ], [ 79.9031348, 6.9068547 ], [ 79.9030798, 6.9069105 ], [ 79.9032086, 6.9074937 ], [ 79.9032998, 6.9075936 ], [ 79.9034568, 6.9076575 ], [ 79.9035036, 6.9076494 ], [ 79.9037522, 6.907133 ], [ 79.9038187, 6.9071262 ] ], [ [ 79.9077541, 6.9068028 ], [ 79.9077487, 6.9065845 ], [ 79.9081403, 6.906217 ], [ 79.9083924, 6.9062596 ], [ 79.9083602, 6.9065845 ], [ 79.9077541, 6.9068028 ] ], [ [ 79.9081349, 6.9070212 ], [ 79.9081671, 6.90692 ], [ 79.9083441, 6.906904 ], [ 79.9085051, 6.9063768 ], [ 79.9086231, 6.9063448 ], [ 79.908843, 6.9064514 ], [ 79.9089235, 6.9065951 ], [ 79.9085909, 6.9068508 ], [ 79.9083549, 6.9069999 ], [ 79.9081349, 6.9070212 ] ], [ [ 79.9069601, 6.9067549 ], [ 79.9066007, 6.907133 ], [ 79.906311, 6.9076336 ], [ 79.9062467, 6.9078626 ], [ 79.9061662, 6.9079531 ], [ 79.905678, 6.9080277 ], [ 79.9055278, 6.9078839 ], [ 79.9065417, 6.9064993 ], [ 79.9074429, 6.9056152 ], [ 79.9078828, 6.9059241 ], [ 79.9069601, 6.9067549 ] ], [ [ 79.9029802, 6.9078724 ], [ 79.9030681, 6.9078878 ], [ 79.9033488, 6.9083523 ], [ 79.9032878, 6.9084226 ], [ 79.9031404, 6.9084311 ], [ 79.9027236, 6.9081243 ], [ 79.9026853, 6.9080497 ], [ 79.9027831, 6.9079427 ], [ 79.902854, 6.9079005 ], [ 79.9029802, 6.9078724 ] ], [ [ 79.9042188, 6.9096035 ], [ 79.9040515, 6.9098892 ], [ 79.9038851, 6.9099712 ], [ 79.9038373, 6.9099851 ], [ 79.9037423, 6.9097599 ], [ 79.9036332, 6.909539 ], [ 79.9034687, 6.9093588 ], [ 79.9033738, 6.909325 ], [ 79.9034135, 6.9092139 ], [ 79.903602, 6.9089732 ], [ 79.903558, 6.9088283 ], [ 79.9033284, 6.9086622 ], [ 79.9032462, 6.9086341 ], [ 79.9032745, 6.9085173 ], [ 79.9033681, 6.9084624 ], [ 79.903568, 6.9085201 ], [ 79.903938, 6.9086284 ], [ 79.9041435, 6.9086552 ], [ 79.9043902, 6.9084835 ], [ 79.9045801, 6.9081584 ], [ 79.9046694, 6.9080515 ], [ 79.9048032, 6.9080072 ], [ 79.9048794, 6.9080922 ], [ 79.9048492, 6.9082647 ], [ 79.9047929, 6.9085087 ], [ 79.9046145, 6.9089091 ], [ 79.904335, 6.9094375 ], [ 79.9042188, 6.9096035 ] ] ], [ [ [ 79.9233712, 6.9104894 ], [ 79.9231379, 6.9104175 ], [ 79.9228281, 6.9104441 ], [ 79.9228026, 6.9105253 ], [ 79.9228137, 6.9105792 ], [ 79.922812, 6.9106065 ], [ 79.9231486, 6.9106851 ], [ 79.9237288, 6.9109332 ], [ 79.9237189, 6.910885 ], [ 79.9236944, 6.9107663 ], [ 79.9233712, 6.9104894 ] ] ], [ [ [ 79.9218799, 6.9239719 ], [ 79.9218719, 6.9240584 ], [ 79.9221575, 6.924808 ], [ 79.9221951, 6.9249784 ], [ 79.922179, 6.9250689 ], [ 79.9218464, 6.9256893 ], [ 79.9215648, 6.9261473 ], [ 79.9213824, 6.9263789 ], [ 79.9212053, 6.9265573 ], [ 79.9209291, 6.9267517 ], [ 79.9199849, 6.9271298 ], [ 79.9197543, 6.9272922 ], [ 79.9196658, 6.9273188 ], [ 79.9185017, 6.9274466 ], [ 79.9184373, 6.9274333 ], [ 79.9183971, 6.9273881 ], [ 79.9183327, 6.9269953 ], [ 79.9182375, 6.9267457 ], [ 79.9181919, 6.9267044 ], [ 79.9180598, 6.9266791 ], [ 79.9180256, 6.9266878 ], [ 79.9176393, 6.9270126 ], [ 79.91763, 6.9270659 ], [ 79.9176782, 6.9272736 ], [ 79.9176434, 6.9273495 ], [ 79.9175321, 6.9274227 ], [ 79.9173483, 6.927424 ], [ 79.9172544, 6.9274693 ], [ 79.9172142, 6.9275305 ], [ 79.91752, 6.9279073 ], [ 79.9176085, 6.9280617 ], [ 79.9177453, 6.9284265 ], [ 79.9178928, 6.9283972 ], [ 79.9179009, 6.9282374 ], [ 79.9179357, 6.9281895 ], [ 79.9181449, 6.9280803 ], [ 79.9182549, 6.9280537 ], [ 79.9185124, 6.928091 ], [ 79.9186411, 6.9282508 ], [ 79.9189711, 6.9281895 ], [ 79.9190086, 6.9282002 ], [ 79.9191213, 6.9284025 ], [ 79.9191749, 6.9284265 ], [ 79.9192205, 6.9284212 ], [ 79.9196041, 6.9282747 ], [ 79.9198508, 6.9281203 ], [ 79.9199367, 6.9279872 ], [ 79.9198616, 6.9277768 ], [ 79.9198616, 6.9277236 ], [ 79.9198991, 6.9276836 ], [ 79.920463, 6.9273841 ], [ 79.9206112, 6.9272117 ], [ 79.9206723, 6.9271897 ], [ 79.9207246, 6.927231 ], [ 79.9207869, 6.9272243 ], [ 79.9208459, 6.9271138 ], [ 79.9209405, 6.9270572 ], [ 79.9209961, 6.9270552 ], [ 79.9211624, 6.9271577 ], [ 79.9212798, 6.9271178 ], [ 79.9222353, 6.9263763 ], [ 79.9230775, 6.9259955 ], [ 79.9234101, 6.9257665 ], [ 79.923571, 6.9255775 ], [ 79.9236582, 6.9254324 ], [ 79.9240042, 6.9246256 ], [ 79.9241558, 6.9241583 ], [ 79.9241102, 6.9240198 ], [ 79.9241263, 6.9239959 ], [ 79.9242523, 6.9240032 ], [ 79.9243261, 6.9238707 ], [ 79.9243274, 6.9237922 ], [ 79.9242671, 6.9237536 ], [ 79.9236636, 6.9238028 ], [ 79.9231741, 6.9237562 ], [ 79.9230976, 6.9238041 ], [ 79.9229823, 6.9239639 ], [ 79.9228442, 6.9239932 ], [ 79.9226765, 6.9239786 ], [ 79.922128, 6.9237589 ], [ 79.9220556, 6.9236537 ], [ 79.9220207, 6.9234287 ], [ 79.9219322, 6.9233874 ], [ 79.9218316, 6.9233861 ], [ 79.9217847, 6.9234207 ], [ 79.9217284, 6.9235219 ], [ 79.9217123, 6.9236098 ], [ 79.9219322, 6.9238108 ], [ 79.9219389, 6.9238787 ], [ 79.9218799, 6.9239719 ] ], [ [ 79.9239466, 6.9239399 ], [ 79.9239761, 6.9239852 ], [ 79.9239492, 6.924097 ], [ 79.9238741, 6.9241689 ], [ 79.9238205, 6.9241862 ], [ 79.9237298, 6.9241576 ], [ 79.9236908, 6.9240786 ], [ 79.9236985, 6.9240044 ], [ 79.9237373, 6.9239533 ], [ 79.9238902, 6.923924 ], [ 79.9239466, 6.9239399 ] ], [ [ 79.9226966, 6.9243953 ], [ 79.922702, 6.9244698 ], [ 79.9226376, 6.9246083 ], [ 79.9225599, 6.9246482 ], [ 79.9224713, 6.9246376 ], [ 79.922356, 6.9245843 ], [ 79.9223104, 6.9244671 ], [ 79.9223211, 6.924374 ], [ 79.9223453, 6.924326 ], [ 79.9223909, 6.9242994 ], [ 79.9225035, 6.9242754 ], [ 79.9226108, 6.9242914 ], [ 79.9226966, 6.9243953 ] ], [ [ 79.923268, 6.9249171 ], [ 79.923335, 6.9250796 ], [ 79.923335, 6.9251648 ], [ 79.9233055, 6.9252367 ], [ 79.9231955, 6.9253139 ], [ 79.9231392, 6.9253059 ], [ 79.9230963, 6.925258 ], [ 79.9230748, 6.9251648 ], [ 79.9230668, 6.9250716 ], [ 79.9231017, 6.9249544 ], [ 79.9231419, 6.9249091 ], [ 79.9232116, 6.9248958 ], [ 79.923268, 6.9249171 ] ], [ [ 79.9222487, 6.9257159 ], [ 79.922297, 6.9257159 ], [ 79.9223587, 6.9257479 ], [ 79.9223909, 6.9257905 ], [ 79.9223989, 6.9258517 ], [ 79.9223748, 6.9259076 ], [ 79.9223265, 6.9259369 ], [ 79.9222621, 6.9259396 ], [ 79.9222058, 6.9259156 ], [ 79.922179, 6.925857 ], [ 79.922187, 6.9257985 ], [ 79.9222165, 6.9257346 ], [ 79.9222487, 6.9257159 ] ], [ [ 79.919191, 6.9277049 ], [ 79.9192688, 6.927673 ], [ 79.9193466, 6.9276703 ], [ 79.9194083, 6.9276969 ], [ 79.919427, 6.9277528 ], [ 79.919419, 6.9278247 ], [ 79.9193841, 6.9278806 ], [ 79.9193171, 6.9279232 ], [ 79.9192312, 6.9279286 ], [ 79.9191508, 6.927894 ], [ 79.9191239, 6.9278407 ], [ 79.919132, 6.9277741 ], [ 79.919191, 6.9277049 ] ] ], [ [ [ 79.9036986, 6.9279424 ], [ 79.9038625, 6.9279534 ], [ 79.9041042, 6.9280196 ], [ 79.904257, 6.9280251 ], [ 79.9043486, 6.9279975 ], [ 79.9043847, 6.9279645 ], [ 79.9043847, 6.9279176 ], [ 79.9043014, 6.9278735 ], [ 79.9039681, 6.9278762 ], [ 79.9038792, 6.9278293 ], [ 79.9037847, 6.9277135 ], [ 79.903657, 6.9277411 ], [ 79.903582, 6.9278045 ], [ 79.9036042, 6.9278928 ], [ 79.9036986, 6.9279424 ] ] ], [ [ [ 79.93748, 6.9336304 ], [ 79.9374693, 6.9337023 ], [ 79.9375203, 6.9337582 ], [ 79.9376356, 6.9337343 ], [ 79.9377938, 6.9337955 ], [ 79.937885, 6.9336251 ], [ 79.9378663, 6.9334787 ], [ 79.937767, 6.9333482 ], [ 79.9376866, 6.9333216 ], [ 79.937531, 6.9333988 ], [ 79.937539, 6.9335639 ], [ 79.93748, 6.9336304 ] ] ], [ [ [ 79.940645, 6.9362451 ], [ 79.9408435, 6.9361067 ], [ 79.9408811, 6.9358777 ], [ 79.9410152, 6.9358138 ], [ 79.9411547, 6.9359629 ], [ 79.941793, 6.9359309 ], [ 79.9418252, 6.9356114 ], [ 79.9420291, 6.9356114 ], [ 79.9422329, 6.9357605 ], [ 79.9424475, 6.9355795 ], [ 79.9424421, 6.9353452 ], [ 79.9424958, 6.9350629 ], [ 79.9426889, 6.9348872 ], [ 79.9429035, 6.9338062 ], [ 79.9427479, 6.9337263 ], [ 79.9425279, 6.9337423 ], [ 79.9416643, 6.9340085 ], [ 79.9410313, 6.9340778 ], [ 79.9404707, 6.9342908 ], [ 79.9403071, 6.9345011 ], [ 79.940299, 6.9346609 ], [ 79.9403956, 6.9348499 ], [ 79.9405512, 6.9348925 ], [ 79.9406558, 6.934991 ], [ 79.9408274, 6.9350043 ], [ 79.9408247, 6.9353771 ], [ 79.9404412, 6.9356593 ], [ 79.9400523, 6.9356034 ], [ 79.940071, 6.9357126 ], [ 79.9397331, 6.9358297 ], [ 79.9397304, 6.9360587 ], [ 79.9400281, 6.9362558 ], [ 79.9402078, 6.9362771 ], [ 79.9401864, 6.9361732 ], [ 79.9402722, 6.9359496 ], [ 79.94035, 6.9359309 ], [ 79.9405699, 6.9359948 ], [ 79.940645, 6.9362451 ] ] ], [ [ [ 79.9090467, 6.9424348 ], [ 79.9093149, 6.9423256 ], [ 79.9093846, 6.9424481 ], [ 79.9093792, 6.9425306 ], [ 79.909508, 6.9426584 ], [ 79.9095697, 6.9426717 ], [ 79.9095938, 6.9425892 ], [ 79.9097118, 6.9425333 ], [ 79.9098245, 6.9423283 ], [ 79.9099103, 6.9421179 ], [ 79.9098701, 6.9419076 ], [ 79.9099425, 6.9418277 ], [ 79.9099613, 6.9417132 ], [ 79.9099237, 6.9415135 ], [ 79.9098674, 6.9414789 ], [ 79.9096984, 6.9414496 ], [ 79.909677, 6.9415268 ], [ 79.9094624, 6.9414017 ], [ 79.90928, 6.9413405 ], [ 79.9091057, 6.9410769 ], [ 79.908875, 6.9409038 ], [ 79.9088964, 6.9408479 ], [ 79.9088374, 6.9407121 ], [ 79.908706, 6.9408559 ], [ 79.9086604, 6.9410529 ], [ 79.9085156, 6.9411967 ], [ 79.9085129, 6.9413405 ], [ 79.9084271, 6.9414842 ], [ 79.9083466, 6.9417319 ], [ 79.9082742, 6.9417904 ], [ 79.9081454, 6.9417665 ], [ 79.908073, 6.941865 ], [ 79.9082071, 6.9420061 ], [ 79.9083707, 6.9420301 ], [ 79.9084378, 6.9420753 ], [ 79.908419, 6.942291 ], [ 79.9085612, 6.9424135 ], [ 79.9086899, 6.9424348 ], [ 79.9087972, 6.9425093 ], [ 79.9089823, 6.9425226 ], [ 79.9090467, 6.9424348 ] ] ], [ [ [ 79.9173215, 6.9430427 ], [ 79.9172699, 6.9429875 ], [ 79.9169004, 6.9429855 ], [ 79.916604, 6.9429269 ], [ 79.9164256, 6.9428497 ], [ 79.9162245, 6.9427272 ], [ 79.9160247, 6.9426979 ], [ 79.9154426, 6.9424543 ], [ 79.915336, 6.9424357 ], [ 79.9152911, 6.942451 ], [ 79.9152844, 6.9425049 ], [ 79.9159107, 6.9428663 ], [ 79.9161165, 6.9429529 ], [ 79.9167019, 6.9431053 ], [ 79.9170198, 6.9431506 ], [ 79.9172451, 6.9431339 ], [ 79.9173135, 6.943082 ], [ 79.9173215, 6.9430427 ] ] ], [ [ [ 79.9095856, 6.9429641 ], [ 79.9096084, 6.9431718 ], [ 79.9099477, 6.9431692 ], [ 79.9099209, 6.9430653 ], [ 79.9098632, 6.9429921 ], [ 79.9097264, 6.9429109 ], [ 79.909595, 6.9428656 ], [ 79.9095856, 6.9429641 ] ] ], [ [ [ 79.9269545, 6.9453636 ], [ 79.9270292, 6.9454192 ], [ 79.9269919, 6.9455027 ], [ 79.9268705, 6.9455073 ], [ 79.9267397, 6.9456232 ], [ 79.9267163, 6.9457205 ], [ 79.9268658, 6.9457066 ], [ 79.9268938, 6.9458225 ], [ 79.9268845, 6.9459199 ], [ 79.9269358, 6.9459755 ], [ 79.927118, 6.945957 ], [ 79.9272814, 6.9459013 ], [ 79.9274168, 6.9457762 ], [ 79.9273701, 6.9456047 ], [ 79.9273982, 6.9455537 ], [ 79.927216, 6.9455119 ], [ 79.9272721, 6.9454517 ], [ 79.9273795, 6.945498 ], [ 79.9274168, 6.9454239 ], [ 79.9274122, 6.9453126 ], [ 79.9273655, 6.9452662 ], [ 79.9272861, 6.9453358 ], [ 79.927216, 6.9452755 ], [ 79.9271833, 6.9452153 ], [ 79.9270993, 6.945155 ], [ 79.9270526, 6.9451782 ], [ 79.9270292, 6.9453126 ], [ 79.9269545, 6.9453636 ] ] ], [ [ [ 79.9264175, 6.9462861 ], [ 79.9263381, 6.9463278 ], [ 79.9262914, 6.9464391 ], [ 79.9263381, 6.9465225 ], [ 79.926268, 6.9465735 ], [ 79.926198, 6.9465318 ], [ 79.9261419, 6.9465967 ], [ 79.9261653, 6.946708 ], [ 79.9262447, 6.9466523 ], [ 79.9263988, 6.9467172 ], [ 79.9264361, 6.9467589 ], [ 79.9264361, 6.9466523 ], [ 79.9266696, 6.9465689 ], [ 79.9266323, 6.946504 ], [ 79.926721, 6.9465179 ], [ 79.926749, 6.9465921 ], [ 79.9268238, 6.9465503 ], [ 79.9268564, 6.9464669 ], [ 79.9268238, 6.9463974 ], [ 79.926763, 6.9463556 ], [ 79.926679, 6.9464344 ], [ 79.9266276, 6.9463325 ], [ 79.9264175, 6.9462861 ] ] ], [ [ [ 79.9303208, 6.9468288 ], [ 79.9304549, 6.9466132 ], [ 79.9304791, 6.9464268 ], [ 79.9303503, 6.9463349 ], [ 79.9298474, 6.9466225 ], [ 79.9296436, 6.9470205 ], [ 79.9300271, 6.9472309 ], [ 79.9303034, 6.9470086 ], [ 79.9303208, 6.9468288 ] ] ], [ [ [ 79.9292386, 6.9465852 ], [ 79.9293753, 6.946954 ], [ 79.9295738, 6.9470645 ], [ 79.9297066, 6.9467849 ], [ 79.9292386, 6.9465852 ] ] ], [ [ [ 79.9320361, 6.9475198 ], [ 79.9316767, 6.9475171 ], [ 79.9316016, 6.947613 ], [ 79.9315613, 6.9480603 ], [ 79.93283, 6.9483159 ], [ 79.9327978, 6.9478872 ], [ 79.9327308, 6.9476449 ], [ 79.9322104, 6.9476449 ], [ 79.932256, 6.9473973 ], [ 79.9322158, 6.9471044 ], [ 79.9319288, 6.9471869 ], [ 79.9319315, 6.9473999 ], [ 79.9320361, 6.9475198 ] ] ], [ [ [ 79.9057172, 6.9496923 ], [ 79.9057025, 6.9496337 ], [ 79.9056448, 6.9496071 ], [ 79.905504, 6.9496004 ], [ 79.9054758, 6.9496457 ], [ 79.9054839, 6.9497202 ], [ 79.9055174, 6.9498094 ], [ 79.9056368, 6.9498187 ], [ 79.905681, 6.9497921 ], [ 79.9057172, 6.9496923 ] ] ], [ [ [ 79.9048428, 6.9505762 ], [ 79.9048978, 6.9506108 ], [ 79.9049783, 6.9506321 ], [ 79.9050654, 6.9506228 ], [ 79.9052063, 6.9505336 ], [ 79.9054034, 6.9504617 ], [ 79.9054651, 6.9504151 ], [ 79.9055026, 6.9503473 ], [ 79.9055134, 6.9502674 ], [ 79.9054892, 6.950053 ], [ 79.9054329, 6.9498667 ], [ 79.9052867, 6.949852 ], [ 79.9049327, 6.949896 ], [ 79.9049877, 6.9498587 ], [ 79.9051285, 6.9498254 ], [ 79.9051647, 6.9497775 ], [ 79.9051861, 6.949683 ], [ 79.9051459, 6.9496111 ], [ 79.9050172, 6.9496084 ], [ 79.9049367, 6.949659 ], [ 79.9048375, 6.9499652 ], [ 79.9047704, 6.9500344 ], [ 79.9046068, 6.950101 ], [ 79.9045612, 6.9501409 ], [ 79.9045451, 6.9502234 ], [ 79.9046886, 6.9504977 ], [ 79.9047637, 6.9505642 ], [ 79.9048428, 6.9505762 ] ] ], [ [ [ 79.9127564, 6.9526198 ], [ 79.9127121, 6.9525386 ], [ 79.9126685, 6.9525153 ], [ 79.9126223, 6.9524906 ], [ 79.9124131, 6.9525372 ], [ 79.9123299, 6.9526065 ], [ 79.9123098, 6.9526744 ], [ 79.9123675, 6.9527622 ], [ 79.9125069, 6.9528687 ], [ 79.9126746, 6.9528953 ], [ 79.9127202, 6.9528621 ], [ 79.9127537, 6.9527942 ], [ 79.9127564, 6.9526198 ] ] ], [ [ [ 79.9390446, 6.9546578 ], [ 79.9391277, 6.9546924 ], [ 79.939243, 6.9546605 ], [ 79.9393155, 6.9546285 ], [ 79.939353, 6.954562 ], [ 79.9393852, 6.9543836 ], [ 79.9392699, 6.9542851 ], [ 79.9391277, 6.9543277 ], [ 79.939066, 6.9544022 ], [ 79.9390311, 6.954538 ], [ 79.9390446, 6.9546578 ] ] ], [ [ [ 79.920199299103729, 6.95627176527745 ], [ 79.920165047781182, 6.956340267922522 ], [ 79.920151347252173, 6.956381369509565 ], [ 79.920165047781182, 6.95644302189013 ], [ 79.920233550426261, 6.956532075328722 ], [ 79.920267801748793, 6.956600577973794 ], [ 79.920274652013305, 6.956662230354358 ], [ 79.920329454129359, 6.956819786438023 ], [ 79.920343154658369, 6.956854037760558 ], [ 79.920350004922881, 6.957182850456902 ], [ 79.920439058361467, 6.957189700721409 ], [ 79.920514411271057, 6.957182850456902 ], [ 79.920576063651623, 6.957107497547323 ], [ 79.920603464709643, 6.957038994902252 ], [ 79.920658266825697, 6.956977342521688 ], [ 79.920719919206263, 6.956915690141123 ], [ 79.920754170528795, 6.956847187496051 ], [ 79.920726769470775, 6.956737583263937 ], [ 79.920706218677253, 6.956641679560837 ], [ 79.920665117090209, 6.956552626122244 ], [ 79.920603464709643, 6.956477273212665 ], [ 79.920541812329077, 6.956408770567593 ], [ 79.920466459419501, 6.956285465806465 ], [ 79.920418507567945, 6.956230663690408 ], [ 79.920343154658369, 6.956203262632379 ], [ 79.920267801748793, 6.956210112896886 ], [ 79.920199299103729, 6.95627176527745 ] ] ], [ [ [ 79.922699645648834, 6.956638254428584 ], [ 79.922689370252073, 6.956651954957598 ], [ 79.922655118929541, 6.95668278114788 ], [ 79.922603741945736, 6.956706757073655 ], [ 79.922548939829682, 6.95673073299943 ], [ 79.922473586920106, 6.956782109983234 ], [ 79.922418784804051, 6.956792385379995 ], [ 79.922374258084744, 6.956792385379995 ], [ 79.922302330307417, 6.956795810512248 ], [ 79.922226977397841, 6.956795810512248 ], [ 79.922168750149538, 6.956795810512248 ], [ 79.922134498826992, 6.956795810512248 ], [ 79.922093397239962, 6.956812936173516 ], [ 79.922059145917416, 6.956840337231545 ], [ 79.922028319727133, 6.956857462892812 ], [ 79.92198379300784, 6.95696021686042 ], [ 79.921963242214318, 6.957015018976477 ], [ 79.921959817082069, 6.957052695431266 ], [ 79.921949541685308, 6.957097222150563 ], [ 79.921942691420796, 6.957134898605352 ], [ 79.921942691420796, 6.957169149927888 ], [ 79.921939266288547, 6.957193125853663 ], [ 79.921940122571613, 6.957229946025389 ], [ 79.921948685402256, 6.957253921951165 ], [ 79.921970948761896, 6.957284748141447 ], [ 79.922000062386047, 6.957296736104334 ], [ 79.922020613179569, 6.957317286897855 ], [ 79.922027463444081, 6.95733098742687 ], [ 79.92203088857633, 6.957353250786518 ], [ 79.922032601142462, 6.957387502109054 ], [ 79.922034313708593, 6.957433741394477 ], [ 79.922046301671472, 6.957452579621872 ], [ 79.922080552994018, 6.957459429886379 ], [ 79.92211994201493, 6.957452579621872 ], [ 79.922125079713311, 6.95743202882835 ], [ 79.922125079713311, 6.957394352373561 ], [ 79.922123367147179, 6.957348113088138 ], [ 79.922116516882681, 6.957293310972081 ], [ 79.92210624148592, 6.957252209385038 ], [ 79.922090828390779, 6.957199119835107 ], [ 79.922083978126267, 6.957151167983557 ], [ 79.922083978126267, 6.95709122816912 ], [ 79.922089115824647, 6.957060401978837 ], [ 79.922107954052038, 6.95703813861919 ], [ 79.922164468734223, 6.957031288354682 ], [ 79.922178169263233, 6.957034713486935 ], [ 79.92225009704056, 6.957060401978837 ], [ 79.922310036855009, 6.957104928698134 ], [ 79.92234771330979, 6.957130617190036 ], [ 79.922390527462966, 6.957152880549685 ], [ 79.922429916483878, 6.957178569041586 ], [ 79.922479580901552, 6.957204257533488 ], [ 79.922518969922464, 6.957202544967361 ], [ 79.922554933811128, 6.957158018248064 ], [ 79.922558358943391, 6.957099790999754 ], [ 79.922558358943391, 6.957051839148203 ], [ 79.92255322124501, 6.9570004621644 ], [ 79.922582334869162, 6.956962785709611 ], [ 79.922652550080358, 6.956957648011231 ], [ 79.922712489894792, 6.956947372614469 ], [ 79.922791267936631, 6.95691483385806 ], [ 79.922827231825295, 6.95686688200651 ], [ 79.922832369523675, 6.956834343250102 ], [ 79.922849495184934, 6.956719601319607 ], [ 79.922849495184934, 6.95666479920355 ], [ 79.922846070052685, 6.956633973013267 ], [ 79.922823806693032, 6.956490117458616 ], [ 79.922799830767246, 6.956404489152277 ], [ 79.922789555370485, 6.956318860845937 ], [ 79.922789555370485, 6.956243507936358 ], [ 79.922762154312466, 6.956137328836498 ], [ 79.922748453783456, 6.956075676455933 ], [ 79.922734753254431, 6.956020874339876 ], [ 79.922707352196412, 6.95598662301734 ], [ 79.922666250609367, 6.95598662301734 ], [ 79.922604598228801, 6.956014024075369 ], [ 79.922515544790201, 6.956075676455933 ], [ 79.922405940558093, 6.956171580159033 ], [ 79.922347713309776, 6.95621610687833 ], [ 79.922241534209917, 6.956301735184669 ], [ 79.922186732093863, 6.956356537300726 ], [ 79.922090828390765, 6.956442165607066 ], [ 79.921981224158642, 6.956517518516645 ], [ 79.921919571778091, 6.956555194971433 ], [ 79.921837368604002, 6.956582596029462 ], [ 79.921755165429914, 6.956586021161716 ], [ 79.921666111991314, 6.956586021161716 ], [ 79.921618160139772, 6.956579170897209 ], [ 79.921535956965684, 6.956572320632702 ], [ 79.921501705643152, 6.956568895500448 ], [ 79.921433202998074, 6.956568895500448 ], [ 79.921409227072303, 6.956603146822984 ], [ 79.921388676278781, 6.956654523806788 ], [ 79.921340724427225, 6.956678499732563 ], [ 79.921265371517649, 6.95668534999707 ], [ 79.921207144269346, 6.956671649468055 ], [ 79.921183168343561, 6.956695625393831 ], [ 79.921166042682302, 6.956760702906648 ], [ 79.921148917021029, 6.956808654758198 ], [ 79.921118090830745, 6.956846331212988 ], [ 79.921094114904975, 6.956870307138763 ], [ 79.921056438450179, 6.956897708196792 ], [ 79.921001636334125, 6.95693538465158 ], [ 79.920974235276091, 6.956979911370877 ], [ 79.920960534747081, 6.957010737561159 ], [ 79.920916008027788, 6.957044988883696 ], [ 79.920895457234266, 6.957058689412709 ], [ 79.920895457234266, 6.957065539677217 ], [ 79.920796128398905, 6.957137467454542 ], [ 79.920765302208636, 6.957175143909331 ], [ 79.920748176547363, 6.957216245496374 ], [ 79.92073105088609, 6.957260772215671 ], [ 79.92070364982807, 6.957312149199474 ], [ 79.920700224695807, 6.957339550257503 ], [ 79.920693374431309, 6.957370376447785 ], [ 79.920693374431309, 6.957397777505814 ], [ 79.920710500092568, 6.957421753431588 ], [ 79.92071735035708, 6.957435453960603 ], [ 79.92076444592557, 6.95747741183071 ], [ 79.920802122380351, 6.957497962624231 ], [ 79.920884325554439, 6.957508238020992 ], [ 79.920952828199518, 6.957511663153245 ], [ 79.921007630315572, 6.957511663153245 ], [ 79.921041881638104, 6.957508238020992 ], [ 79.921196012589519, 6.957518513417753 ], [ 79.921291916292617, 6.957528788814513 ], [ 79.921346718408671, 6.957542489343528 ], [ 79.921391245127978, 6.957556189872542 ], [ 79.921456322640793, 6.957569890401556 ], [ 79.921500849360086, 6.95757331553381 ], [ 79.921593327930935, 6.957580165798317 ], [ 79.921678956237272, 6.957580165798317 ], [ 79.921726908088829, 6.957552764740289 ], [ 79.921757734279112, 6.957521938550006 ], [ 79.921795410733893, 6.957484262095217 ], [ 79.921819386659664, 6.957412334317892 ], [ 79.921826236924176, 6.957367807598596 ], [ 79.921836512320937, 6.957292454689017 ], [ 79.921857063114459, 6.957213676647185 ], [ 79.921877613907981, 6.957128048340845 ], [ 79.921877613907981, 6.957073246224788 ], [ 79.921891314436991, 6.956997893315209 ], [ 79.921911865230513, 6.956932815802391 ], [ 79.921939266288547, 6.95686431315732 ], [ 79.921959817082069, 6.956812936173516 ], [ 79.922045445388406, 6.956764984321966 ], [ 79.922117373165733, 6.956747858660698 ], [ 79.922158474752777, 6.956744433528445 ], [ 79.922220127133343, 6.956720457602669 ], [ 79.922250953323626, 6.956689631412387 ], [ 79.922271504117148, 6.956621128767316 ], [ 79.922278354381646, 6.956573176915766 ], [ 79.922309180571929, 6.956525225064215 ], [ 79.922374258084744, 6.956477273212665 ], [ 79.922405084275027, 6.956449872154637 ], [ 79.922477012052354, 6.956405345435341 ], [ 79.922624292739258, 6.956316291996748 ], [ 79.922668819458551, 6.956333417658016 ], [ 79.922699645648834, 6.956388219774072 ], [ 79.922716771310107, 6.956439596757876 ], [ 79.92273389697138, 6.956511524535202 ], [ 79.922744172368141, 6.956562901519005 ], [ 79.922730471839117, 6.956607428238302 ], [ 79.922699645648834, 6.956638254428584 ] ] ], [ [ [ 79.922234683945419, 6.957938948401879 ], [ 79.922284348363092, 6.957932098137372 ], [ 79.922340863045278, 6.957914972476105 ], [ 79.922392240029083, 6.957904697079344 ], [ 79.922441904446757, 6.957899559380963 ], [ 79.922460742674147, 6.95789613424871 ], [ 79.922465880372528, 6.957894421682583 ], [ 79.922505269393454, 6.957885858851949 ], [ 79.922530957885343, 6.957882433719695 ], [ 79.922558358943377, 6.957882433719695 ], [ 79.922604598228801, 6.957875583455188 ], [ 79.922645699815845, 6.957851607529413 ], [ 79.922652550080358, 6.957815643640751 ], [ 79.922649124948094, 6.957776254619835 ], [ 79.922643987249714, 6.957743715863425 ], [ 79.922638849551333, 6.957704326842509 ], [ 79.922638849551333, 6.95766665038772 ], [ 79.922638849551333, 6.957637536763564 ], [ 79.922623436456192, 6.957615273403916 ], [ 79.92260288566267, 6.957591297478142 ], [ 79.922578909736899, 6.957543345626592 ], [ 79.922572059472387, 6.957502244039548 ], [ 79.922568634340138, 6.957466280150886 ], [ 79.922566921774006, 6.957430316262223 ], [ 79.922560071509508, 6.957401202638068 ], [ 79.922560071509508, 6.957360101051025 ], [ 79.922554933811128, 6.957334412559123 ], [ 79.922537808149855, 6.957305298934968 ], [ 79.922501844261191, 6.957281323009193 ], [ 79.922460742674147, 6.957260772215672 ], [ 79.922436766748376, 6.95724535912053 ], [ 79.922385389764571, 6.957216245496375 ], [ 79.922335725346898, 6.957187131872219 ], [ 79.922306611722746, 6.957171718777079 ], [ 79.92227749809858, 6.957158018248064 ], [ 79.922243246776048, 6.95714431771905 ], [ 79.922219270850277, 6.95714431771905 ], [ 79.922212420585765, 6.95714431771905 ], [ 79.922200432622873, 6.957154593115811 ], [ 79.922191869792243, 6.957180281607712 ], [ 79.922186732093863, 6.957202544967361 ], [ 79.922183306961614, 6.957235083723769 ], [ 79.922178169263233, 6.957272760178559 ], [ 79.922176456697102, 6.957286460707573 ], [ 79.922197007490624, 6.957940660968006 ], [ 79.922234683945419, 6.957938948401879 ] ] ], [ [ [ 79.9221295, 6.9603307 ], [ 79.9222636, 6.960367 ], [ 79.9223571, 6.9603266 ], [ 79.9223937, 6.9602177 ], [ 79.9223693, 6.9599352 ], [ 79.9222717, 6.9597617 ], [ 79.922162, 6.9594953 ], [ 79.9221498, 6.9591684 ], [ 79.9222067, 6.9589303 ], [ 79.9222026, 6.9588012 ], [ 79.9221051, 6.9587366 ], [ 79.9220075, 6.9587689 ], [ 79.9218774, 6.9591846 ], [ 79.9216172, 6.9592209 ], [ 79.9216091, 6.9593702 ], [ 79.9216416, 6.9595841 ], [ 79.9217066, 6.959689 ], [ 79.9217676, 6.9598908 ], [ 79.9218571, 6.9600442 ], [ 79.9221295, 6.9603307 ] ] ], [ [ [ 79.9085631, 6.9623704 ], [ 79.9101644, 6.9620136 ], [ 79.9101671, 6.9618912 ], [ 79.9096977, 6.961971 ], [ 79.9093195, 6.9619018 ], [ 79.9087535, 6.9619684 ], [ 79.9085162, 6.962019 ], [ 79.9085631, 6.9623704 ] ] ], [ [ [ 79.9052358, 6.9630733 ], [ 79.9053029, 6.9631185 ], [ 79.9053378, 6.9630413 ], [ 79.905429, 6.9630094 ], [ 79.9058313, 6.9630173 ], [ 79.9060271, 6.9629508 ], [ 79.9060459, 6.9628842 ], [ 79.9059976, 6.9627671 ], [ 79.9057294, 6.9624343 ], [ 79.9056784, 6.9622745 ], [ 79.905665, 6.961529 ], [ 79.9056408, 6.9614572 ], [ 79.9055429, 6.9613973 ], [ 79.9054343, 6.9614092 ], [ 79.9053096, 6.9614718 ], [ 79.9053914, 6.9620562 ], [ 79.9053217, 6.9625341 ], [ 79.9049998, 6.9627538 ], [ 79.9050159, 6.9628097 ], [ 79.9052358, 6.9630733 ] ] ], [ [ [ 79.9047072, 6.9644871 ], [ 79.9049568, 6.964268 ], [ 79.9051362, 6.9640309 ], [ 79.9055077, 6.9633383 ], [ 79.9055581, 6.9632279 ], [ 79.9055496, 6.9631859 ], [ 79.905499, 6.9631678 ], [ 79.9051796, 6.9632811 ], [ 79.9042199, 6.9635231 ], [ 79.9042109, 6.9636492 ], [ 79.9042681, 6.9637902 ], [ 79.904281, 6.9638827 ], [ 79.9044759, 6.9641555 ], [ 79.9045701, 6.9643579 ], [ 79.9045902, 6.9644944 ], [ 79.9047072, 6.9644871 ] ] ], [ [ [ 79.9391508, 6.9644304 ], [ 79.9390985, 6.9644996 ], [ 79.9390876, 6.9645688 ], [ 79.9392074, 6.9645125 ], [ 79.9393098, 6.9644866 ], [ 79.9394121, 6.9644499 ], [ 79.93946, 6.9644196 ], [ 79.9394971, 6.9642661 ], [ 79.9394796, 6.9641688 ], [ 79.9394404, 6.9640196 ], [ 79.939349, 6.964158 ], [ 79.9392727, 6.9642272 ], [ 79.9392117, 6.9643158 ], [ 79.9391508, 6.9644304 ] ] ], [ [ [ 79.924909712235475, 6.997165275535959 ], [ 79.924943963558007, 6.997178976064974 ], [ 79.92495081382252, 6.997192676593987 ], [ 79.924971364616042, 6.997220077652016 ], [ 79.924985065145052, 6.99723377818103 ], [ 79.924991915409549, 6.997247478710045 ], [ 79.924937113293495, 6.997439286116245 ], [ 79.92508096884815, 6.997473537438781 ], [ 79.92518372281576, 6.997487237967795 ], [ 79.925231674667302, 6.99750093849681 ], [ 79.92530017731238, 6.997466687174273 ], [ 79.925382380486468, 6.997398184529202 ], [ 79.92543033233801, 6.997343382413145 ], [ 79.925471433925054, 6.997288580297088 ], [ 79.92551938577661, 6.997213227387509 ], [ 79.925594738686186, 6.997110473419902 ], [ 79.92562213974422, 6.997035120510323 ], [ 79.92564954080224, 6.996973468129759 ], [ 79.925697492653796, 6.996870714162151 ], [ 79.925718043447318, 6.99680221151708 ], [ 79.925759145034363, 6.996726858607501 ], [ 79.925779695827885, 6.996651505697923 ], [ 79.925800246621407, 6.996583003052852 ], [ 79.925807096885904, 6.996507650143273 ], [ 79.925772845563372, 6.99641859670468 ], [ 79.925718043447318, 6.996343243795101 ], [ 79.925670091595762, 6.996288441679043 ], [ 79.925608439215196, 6.996219939033972 ], [ 79.92553308630562, 6.9961514363889 ], [ 79.925464583660556, 6.996096634272844 ], [ 79.925409781544488, 6.996041832156786 ], [ 79.925361829692946, 6.996034981892279 ], [ 79.92528647678337, 6.996048682421294 ], [ 79.925204273609282, 6.996110334801858 ], [ 79.925087819112662, 6.996240489827493 ], [ 79.925053567790115, 6.996336393530593 ], [ 79.924998765674061, 6.99646654855623 ], [ 79.924957664087017, 6.996555601994823 ], [ 79.924937113293495, 6.996610404110879 ], [ 79.924902861970963, 6.996672056491444 ], [ 79.924861760383919, 6.996761109930037 ], [ 79.924841209590397, 6.996829612575109 ], [ 79.924806958267865, 6.996925516278209 ], [ 79.924793257738855, 6.996959767600744 ], [ 79.924793257738855, 6.997048821039337 ], [ 79.924793257738855, 6.997069371832858 ], [ 79.924820658796875, 6.99713787447793 ], [ 79.924848059854909, 6.997144724742437 ], [ 79.924875460912929, 6.997151575006945 ], [ 79.924909712235475, 6.997165275535959 ] ] ], [ [ [ 79.904659474069263, 7.017924145841812 ], [ 79.904796479359405, 7.017845367799979 ], [ 79.904954035443069, 7.017718637906597 ], [ 79.905077340204187, 7.017595333145469 ], [ 79.905156118246026, 7.017454902723072 ], [ 79.90522462089109, 7.017304196903915 ], [ 79.905252021949124, 7.017201442936307 ], [ 79.905252021949124, 7.017108964365461 ], [ 79.90521092036208, 7.017043886852643 ], [ 79.905125292055743, 7.016999360133346 ], [ 79.905056789410665, 7.016982234472079 ], [ 79.904995137030113, 7.016982234472079 ], [ 79.904909508723762, 7.016982234472079 ], [ 79.904662899201512, 7.017009635530107 ], [ 79.904573845762911, 7.017009635530107 ], [ 79.904474516927564, 7.017013060662361 ], [ 79.904409439414749, 7.017013060662361 ], [ 79.904358062430944, 7.017026761191375 ], [ 79.904344361901934, 7.017061012513911 ], [ 79.904337511637422, 7.017146640820251 ], [ 79.904340936769671, 7.017273370713633 ], [ 79.904340936769671, 7.017341873358704 ], [ 79.904337511637422, 7.017451477590819 ], [ 79.904310110579388, 7.017581632616454 ], [ 79.904279284389105, 7.017728913303358 ], [ 79.904272434124607, 7.01780769134519 ], [ 79.904275859256856, 7.017869343725755 ], [ 79.904296410050378, 7.017958397164348 ], [ 79.904310110579388, 7.018006349015898 ], [ 79.904364912695442, 7.018044025470687 ], [ 79.904491642588837, 7.018023474677165 ], [ 79.904659474069263, 7.017924145841812 ] ] ], [ [ [ 79.9094065, 7.0204221 ], [ 79.9094742, 7.020341 ], [ 79.9095302, 7.0202066 ], [ 79.9095302, 7.0200814 ], [ 79.9094929, 7.0199308 ], [ 79.9094508, 7.0198219 ], [ 79.9093971, 7.0197778 ], [ 79.9093434, 7.0197732 ], [ 79.9089909, 7.0198242 ], [ 79.908797, 7.0198543 ], [ 79.9087153, 7.0198404 ], [ 79.9086406, 7.0198079 ], [ 79.9085682, 7.0198056 ], [ 79.9084375, 7.0198473 ], [ 79.9082133, 7.0198983 ], [ 79.9081432, 7.0199099 ], [ 79.9080965, 7.0199331 ], [ 79.9080312, 7.0199933 ], [ 79.9079705, 7.0200096 ], [ 79.907828, 7.0200304 ], [ 79.9077066, 7.0200327 ], [ 79.9075618, 7.0200698 ], [ 79.9074451, 7.0200837 ], [ 79.9074101, 7.0200698 ], [ 79.9072863, 7.0200119 ], [ 79.9071999, 7.0200049 ], [ 79.9071415, 7.0200073 ], [ 79.9071065, 7.0200165 ], [ 79.906908, 7.0201417 ], [ 79.9066745, 7.0202784 ], [ 79.9065905, 7.020341 ], [ 79.9065368, 7.0203943 ], [ 79.9064387, 7.0205426 ], [ 79.906336, 7.0206863 ], [ 79.9062752, 7.020772 ], [ 79.9062566, 7.0208207 ], [ 79.9062542, 7.0208531 ], [ 79.9062729, 7.0208791 ], [ 79.9063079, 7.0208763 ], [ 79.906441, 7.0208161 ], [ 79.9065695, 7.0207419 ], [ 79.9066162, 7.0206932 ], [ 79.9066885, 7.0205727 ], [ 79.9067469, 7.020538 ], [ 79.9068543, 7.0205449 ], [ 79.9069501, 7.0205866 ], [ 79.9069991, 7.0206422 ], [ 79.9069781, 7.0207048 ], [ 79.9069174, 7.0208207 ], [ 79.9069197, 7.020867 ], [ 79.9070131, 7.021356 ], [ 79.9070668, 7.0213862 ], [ 79.9072513, 7.0213977 ], [ 79.9073587, 7.0214209 ], [ 79.9075058, 7.0214256 ], [ 79.9075828, 7.0214279 ], [ 79.9076366, 7.021458 ], [ 79.9076412, 7.0215136 ], [ 79.9076039, 7.02156 ], [ 79.9075665, 7.0215669 ], [ 79.9075058, 7.0215437 ], [ 79.9074498, 7.021502 ], [ 79.907368, 7.021465 ], [ 79.9072046, 7.0214395 ], [ 79.9070902, 7.0214441 ], [ 79.9070481, 7.0214696 ], [ 79.9070435, 7.0215159 ], [ 79.9071112, 7.0217199 ], [ 79.9071952, 7.0218381 ], [ 79.907368, 7.0219887 ], [ 79.9074848, 7.0220582 ], [ 79.9075595, 7.0221069 ], [ 79.9076132, 7.0221857 ], [ 79.9076692, 7.0222923 ], [ 79.9077136, 7.022341 ], [ 79.907772, 7.0223526 ], [ 79.9078163, 7.022341 ], [ 79.9079751, 7.0222112 ], [ 79.9080942, 7.0220884 ], [ 79.9081269, 7.021998 ], [ 79.9081899, 7.0219122 ], [ 79.9082507, 7.0218427 ], [ 79.9083604, 7.0217801 ], [ 79.9084188, 7.021757 ], [ 79.9084515, 7.0217431 ], [ 79.9084795, 7.0216851 ], [ 79.9085612, 7.0214765 ], [ 79.908678, 7.0213305 ], [ 79.9088321, 7.0211892 ], [ 79.9089395, 7.0211567 ], [ 79.9090749, 7.0210849 ], [ 79.909264, 7.0209435 ], [ 79.9093434, 7.0208346 ], [ 79.9093715, 7.0207303 ], [ 79.9093645, 7.0206005 ], [ 79.9093808, 7.0204847 ], [ 79.9094065, 7.0204221 ] ] ], [ [ [ 79.930397, 7.0330908 ], [ 79.930397, 7.0336019 ], [ 79.931221, 7.0337371 ], [ 79.931427, 7.0333037 ], [ 79.931148, 7.0331014 ], [ 79.9311159, 7.0317385 ], [ 79.930912, 7.0317598 ], [ 79.9306009, 7.0320792 ], [ 79.9301717, 7.0318343 ], [ 79.9299142, 7.0317278 ], [ 79.9303648, 7.0323454 ], [ 79.9301717, 7.0327394 ], [ 79.930397, 7.0330908 ] ] ], [ [ [ 79.9133273, 7.0366273 ], [ 79.9130535, 7.0371002 ], [ 79.9129647, 7.0373819 ], [ 79.9130839, 7.037569 ], [ 79.9133807, 7.0374313 ], [ 79.9136429, 7.0371841 ], [ 79.9137762, 7.0369683 ], [ 79.9137201, 7.0360565 ], [ 79.9138954, 7.0357711 ], [ 79.9140848, 7.0355971 ], [ 79.9144004, 7.0355414 ], [ 79.9148072, 7.0351655 ], [ 79.9151158, 7.0343859 ], [ 79.915221, 7.0338151 ], [ 79.915448, 7.0335484 ], [ 79.915452, 7.0335058 ], [ 79.915401, 7.0333926 ], [ 79.9153031, 7.0333234 ], [ 79.9150845, 7.0332276 ], [ 79.9150456, 7.0332475 ], [ 79.9146921, 7.0339519 ], [ 79.9144078, 7.0343059 ], [ 79.9143092, 7.0346574 ], [ 79.9143303, 7.0349567 ], [ 79.9144355, 7.0352212 ], [ 79.9143162, 7.0353674 ], [ 79.9139655, 7.0354648 ], [ 79.9134746, 7.0357085 ], [ 79.9133834, 7.0360913 ], [ 79.9134956, 7.0364602 ], [ 79.9133273, 7.0366273 ] ] ], [ [ [ 79.934474, 7.0361516 ], [ 79.9344311, 7.036274 ], [ 79.934445, 7.0364045 ], [ 79.9348173, 7.0364763 ], [ 79.9353533, 7.036376 ], [ 79.9356321, 7.0362314 ], [ 79.9358031, 7.0361748 ], [ 79.9357841, 7.036005 ], [ 79.9356891, 7.0359736 ], [ 79.9353787, 7.0359799 ], [ 79.9350112, 7.0359547 ], [ 79.934474, 7.0359652 ], [ 79.934474, 7.0361516 ] ] ], [ [ [ 79.9241824, 7.0380083 ], [ 79.9236284, 7.0378552 ], [ 79.9219732, 7.037187 ], [ 79.921868, 7.0375072 ], [ 79.9219241, 7.0377369 ], [ 79.9223799, 7.0378622 ], [ 79.9230182, 7.0381128 ], [ 79.9235582, 7.0384538 ], [ 79.9240492, 7.0389063 ], [ 79.9242455, 7.0384538 ], [ 79.9241824, 7.0380083 ] ] ], [ [ [ 79.9206823, 7.0521336 ], [ 79.9207809, 7.0521043 ], [ 79.9209525, 7.0521269 ], [ 79.9209854, 7.0521582 ], [ 79.921560802549138, 7.052355951443386 ], [ 79.9215607, 7.0523512 ], [ 79.921613, 7.0519532 ], [ 79.9215969, 7.0517509 ], [ 79.9214253, 7.0513623 ], [ 79.9208925, 7.0507125 ], [ 79.9207856, 7.0505078 ], [ 79.9206528, 7.0503507 ], [ 79.9205992, 7.0503201 ], [ 79.9205348, 7.0503268 ], [ 79.9204423, 7.0503933 ], [ 79.9204396, 7.0505717 ], [ 79.9204154, 7.0506675 ], [ 79.9203537, 7.0506981 ], [ 79.9202009, 7.0506449 ], [ 79.9200882, 7.0505331 ], [ 79.9199899, 7.0505409 ], [ 79.9196631, 7.0506728 ], [ 79.9196403, 7.0507487 ], [ 79.9199098, 7.0517137 ], [ 79.9199595, 7.0518614 ], [ 79.9200413, 7.0520065 ], [ 79.9201258, 7.052282 ], [ 79.9201888, 7.0530286 ], [ 79.9202263, 7.0532602 ], [ 79.920284, 7.0533467 ], [ 79.9203403, 7.053384 ], [ 79.9205831, 7.05338 ], [ 79.9213342, 7.0532522 ], [ 79.9218068, 7.0532003 ], [ 79.9218591, 7.0530939 ], [ 79.9218383, 7.0527724 ], [ 79.9217337, 7.0526194 ], [ 79.921621127770962, 7.052560114625387 ], [ 79.92162120568247, 7.052560227911012 ], [ 79.9208084, 7.0524404 ], [ 79.9206863, 7.0524217 ], [ 79.9206421, 7.0523705 ], [ 79.9206079, 7.0522554 ], [ 79.9206233, 7.0521848 ], [ 79.9206823, 7.0521336 ] ] ], [ [ [ 79.921563281701523, 7.0524760047333 ], [ 79.921563397253578, 7.052476172749402 ], [ 79.921562795523784, 7.052448292601955 ], [ 79.921563281701523, 7.0524760047333 ] ] ], [ [ [ 79.9123816, 7.0667726 ], [ 79.9123681, 7.0667966 ], [ 79.9123977, 7.0669563 ], [ 79.9123574, 7.0670415 ], [ 79.9122635, 7.0671001 ], [ 79.9122588, 7.0671713 ], [ 79.9123326, 7.0671207 ], [ 79.9123574, 7.067128 ], [ 79.9123836, 7.0671859 ], [ 79.9124446, 7.0671573 ], [ 79.9124473, 7.0671852 ], [ 79.9125049, 7.0671906 ], [ 79.91258, 7.0670601 ], [ 79.9126391, 7.0668126 ], [ 79.9125787, 7.066786 ], [ 79.9123816, 7.0667726 ] ] ], [ [ [ 79.9322154, 7.0774859 ], [ 79.9321919, 7.0774378 ], [ 79.9321343, 7.0774326 ], [ 79.9321108, 7.0774119 ], [ 79.9320781, 7.0774313 ], [ 79.9320742, 7.0774599 ], [ 79.9320532, 7.0774794 ], [ 79.9320467, 7.077517 ], [ 79.9320323, 7.07753 ], [ 79.9320088, 7.0775741 ], [ 79.9320402, 7.0776118 ], [ 79.9320153, 7.0776844 ], [ 79.932048, 7.077761 ], [ 79.9320899, 7.0777571 ], [ 79.9321239, 7.0777338 ], [ 79.9321618, 7.0777221 ], [ 79.9322063, 7.0777065 ], [ 79.9322586, 7.0776857 ], [ 79.9322887, 7.077617 ], [ 79.9322991, 7.0775482 ], [ 79.9322808, 7.0775079 ], [ 79.9322403, 7.077504 ], [ 79.9321814, 7.0775157 ], [ 79.9322154, 7.0774859 ] ] ], [ [ [ 79.9276574, 7.1076792 ], [ 79.9276774, 7.107689 ], [ 79.9277058, 7.1076984 ], [ 79.9277161, 7.1077031 ], [ 79.9277113, 7.1077156 ], [ 79.9277042, 7.107736 ], [ 79.92769, 7.107765 ], [ 79.9277129, 7.1077783 ], [ 79.9278187, 7.1077939 ], [ 79.9278234, 7.1077744 ], [ 79.9278313, 7.1077642 ], [ 79.9278779, 7.1077712 ], [ 79.927889, 7.1077783 ], [ 79.9278913, 7.1077979 ], [ 79.9279245, 7.1078018 ], [ 79.9279419, 7.1077908 ], [ 79.9279592, 7.10779 ], [ 79.9279766, 7.1077728 ], [ 79.9279805, 7.1077031 ], [ 79.9279542, 7.1076863 ], [ 79.9278808, 7.1076769 ], [ 79.927839, 7.1076628 ], [ 79.9277497, 7.1076518 ], [ 79.9277205, 7.1076401 ], [ 79.9277229, 7.1075805 ], [ 79.9277055, 7.1075719 ], [ 79.9276811, 7.1075704 ], [ 79.9276645, 7.1075711 ], [ 79.9276574, 7.1076792 ] ] ], [ [ [ 79.9347696, 7.1110061 ], [ 79.934767, 7.1109908 ], [ 79.9347844, 7.1109715 ], [ 79.9348038, 7.1109702 ], [ 79.9348112, 7.1109569 ], [ 79.9348032, 7.1109382 ], [ 79.9347743, 7.1109296 ], [ 79.9347415, 7.110901 ], [ 79.9347153, 7.1108943 ], [ 79.9347039, 7.1109016 ], [ 79.9347187, 7.1109169 ], [ 79.9346939, 7.1109522 ], [ 79.934712, 7.1109934 ], [ 79.9346992, 7.1110034 ], [ 79.9347234, 7.1110234 ], [ 79.9347696, 7.1110061 ] ] ], [ [ [ 79.9346147, 7.111235 ], [ 79.9346429, 7.1111857 ], [ 79.9346603, 7.111203 ], [ 79.9346744, 7.1111744 ], [ 79.9346677, 7.1111645 ], [ 79.9346966, 7.1111225 ], [ 79.9347133, 7.1111312 ], [ 79.934722, 7.1111179 ], [ 79.9347167, 7.1110966 ], [ 79.9346992, 7.1110859 ], [ 79.9347033, 7.1110666 ], [ 79.9346825, 7.1110686 ], [ 79.9346818, 7.1110893 ], [ 79.9346657, 7.1110859 ], [ 79.9346624, 7.1111006 ], [ 79.9346362, 7.1111259 ], [ 79.9346248, 7.1111412 ], [ 79.9346201, 7.1111625 ], [ 79.9346288, 7.1111698 ], [ 79.9346154, 7.1111864 ], [ 79.9346054, 7.1111831 ], [ 79.934596, 7.1111977 ], [ 79.9345966, 7.1112057 ], [ 79.9345826, 7.1112184 ], [ 79.9345745, 7.1112423 ], [ 79.9345376, 7.1112549 ], [ 79.9345343, 7.1112723 ], [ 79.9345202, 7.1112789 ], [ 79.9345108, 7.1112703 ], [ 79.934494, 7.1112882 ], [ 79.9344578, 7.1114027 ], [ 79.9344129, 7.1115011 ], [ 79.9343975, 7.1115125 ], [ 79.9343921, 7.1115524 ], [ 79.9343687, 7.1115664 ], [ 79.9343874, 7.111579 ], [ 79.9343861, 7.111589 ], [ 79.9343552, 7.1116089 ], [ 79.9343204, 7.1116389 ], [ 79.934309, 7.1116595 ], [ 79.9342956, 7.1116835 ], [ 79.9342573, 7.1117081 ], [ 79.9342111, 7.111738 ], [ 79.9342305, 7.1117633 ], [ 79.9342466, 7.11176 ], [ 79.9342915, 7.1117094 ], [ 79.9343025, 7.111718 ], [ 79.934316, 7.1116957 ], [ 79.9343311, 7.1116855 ], [ 79.934321, 7.1116622 ], [ 79.9343251, 7.1116489 ], [ 79.9343459, 7.1116262 ], [ 79.934368, 7.1116123 ], [ 79.9343961, 7.1115996 ], [ 79.9344029, 7.1116123 ], [ 79.934435, 7.111555 ], [ 79.9344404, 7.1115171 ], [ 79.9344739, 7.1115005 ], [ 79.9345718, 7.1112929 ], [ 79.9345879, 7.1112616 ], [ 79.9345799, 7.111247 ], [ 79.9345993, 7.1112343 ], [ 79.9346147, 7.111235 ] ] ], [ [ [ 79.904123955570398, 7.112481304092422 ], [ 79.904073461112574, 7.112784270839419 ], [ 79.904397467216995, 7.112961001441834 ], [ 79.904521599425834, 7.112933650277174 ], [ 79.90460575685556, 7.112700113409698 ], [ 79.904557366333464, 7.112554941843428 ], [ 79.904654147377641, 7.112319301040208 ], [ 79.904780383522223, 7.112174129473939 ], [ 79.904687810349529, 7.11214046650205 ], [ 79.904500560068399, 7.112115219273134 ], [ 79.904349076694913, 7.112317197104465 ], [ 79.904123955570398, 7.112481304092422 ] ] ], [ [ [ 79.9053293, 7.1144858 ], [ 79.9053611, 7.1146073 ], [ 79.9054336, 7.1148951 ], [ 79.9055152, 7.1154303 ], [ 79.9055605, 7.1157361 ], [ 79.9056557, 7.115997 ], [ 79.9057282, 7.1161499 ], [ 79.9058098, 7.1162129 ], [ 79.9059322, 7.1162039 ], [ 79.9059458, 7.1161409 ], [ 79.9059503, 7.1160914 ], [ 79.9058506, 7.115943 ], [ 79.9058007, 7.1158081 ], [ 79.9057282, 7.1156687 ], [ 79.9056557, 7.1154933 ], [ 79.9056194, 7.1153359 ], [ 79.9057282, 7.1152234 ], [ 79.9057146, 7.1151515 ], [ 79.9056104, 7.1150885 ], [ 79.9055786, 7.1149761 ], [ 79.9055378, 7.1147107 ], [ 79.9055741, 7.1146387 ], [ 79.9056149, 7.1145398 ], [ 79.9056104, 7.1144768 ], [ 79.9055605, 7.1144184 ], [ 79.9055106, 7.1144004 ], [ 79.9054563, 7.1143824 ], [ 79.9053792, 7.1143869 ], [ 79.9053293, 7.1144858 ] ] ], [ [ [ 79.9234349, 7.115213 ], [ 79.9234485, 7.115173 ], [ 79.9234102, 7.1151542 ], [ 79.9233716, 7.1151352 ], [ 79.9232579, 7.1153598 ], [ 79.9232029, 7.1154662 ], [ 79.9231566, 7.1155408 ], [ 79.9230983, 7.1155754 ], [ 79.9231318, 7.1156066 ], [ 79.9231666, 7.1156315 ], [ 79.9232001, 7.1156167 ], [ 79.9232222, 7.1155997 ], [ 79.9232831, 7.1155123 ], [ 79.9232971, 7.1154894 ], [ 79.9233702, 7.1153495 ], [ 79.9234074, 7.1152719 ], [ 79.9234349, 7.115213 ] ] ], [ [ [ 79.9106405, 7.115349 ], [ 79.9106761, 7.1153901 ], [ 79.9108558, 7.1155764 ], [ 79.9109526, 7.1156639 ], [ 79.9110275, 7.1157308 ], [ 79.9110956, 7.1158285 ], [ 79.9111305, 7.1158684 ], [ 79.9111949, 7.1158764 ], [ 79.9112646, 7.115871 ], [ 79.911337, 7.1158418 ], [ 79.9113773, 7.1158391 ], [ 79.911439, 7.1158391 ], [ 79.9115758, 7.1158258 ], [ 79.9116482, 7.1158391 ], [ 79.9116911, 7.1158285 ], [ 79.9116911, 7.1157459 ], [ 79.9116589, 7.1156475 ], [ 79.911616, 7.115549 ], [ 79.9115964, 7.1154596 ], [ 79.9115506, 7.1154121 ], [ 79.9114416, 7.1153893 ], [ 79.9113183, 7.115392 ], [ 79.9111922, 7.1153707 ], [ 79.911042, 7.1153041 ], [ 79.9108408, 7.1152456 ], [ 79.9107255, 7.1152243 ], [ 79.910696, 7.1152456 ], [ 79.9106397, 7.1152056 ], [ 79.9106021, 7.1152349 ], [ 79.9106021, 7.1152988 ], [ 79.9106405, 7.115349 ] ] ], [ [ [ 79.9092149, 7.1160509 ], [ 79.9092875, 7.116016 ], [ 79.9093711, 7.1159506 ], [ 79.909437, 7.11592 ], [ 79.9094942, 7.1159091 ], [ 79.9095624, 7.1159091 ], [ 79.909591, 7.1158807 ], [ 79.9095932, 7.1158284 ], [ 79.909591, 7.1157695 ], [ 79.9095888, 7.1156363 ], [ 79.9096152, 7.1155709 ], [ 79.9096657, 7.1154967 ], [ 79.9097163, 7.1154749 ], [ 79.9097757, 7.1154618 ], [ 79.9098304, 7.1154437 ], [ 79.9099139, 7.1154045 ], [ 79.9099909, 7.1153957 ], [ 79.9100481, 7.1154001 ], [ 79.9101118, 7.1154241 ], [ 79.9101954, 7.1154219 ], [ 79.9102504, 7.1154066 ], [ 79.9103185, 7.1154176 ], [ 79.9103625, 7.115435 ], [ 79.9103999, 7.1154808 ], [ 79.9104461, 7.1154525 ], [ 79.9104835, 7.1154219 ], [ 79.9105033, 7.1153914 ], [ 79.9104902, 7.1153478 ], [ 79.9104155, 7.1152714 ], [ 79.9103517, 7.115243 ], [ 79.9102549, 7.1151972 ], [ 79.9101472, 7.1151906 ], [ 79.9099735, 7.1152037 ], [ 79.9097294, 7.1153259 ], [ 79.9095996, 7.1154525 ], [ 79.9093555, 7.1156707 ], [ 79.9092677, 7.1157542 ], [ 79.9089444, 7.11592 ], [ 79.9087817, 7.1160095 ], [ 79.9087619, 7.1160291 ], [ 79.9088961, 7.1160509 ], [ 79.9091094, 7.1160662 ], [ 79.9092149, 7.1160509 ] ] ], [ [ [ 79.9291453, 7.1149051 ], [ 79.9294862, 7.115166 ], [ 79.9297248, 7.115427 ], [ 79.929642, 7.115712 ], [ 79.9297102, 7.1160164 ], [ 79.9295787, 7.1163595 ], [ 79.9295251, 7.1167847 ], [ 79.9295787, 7.1170021 ], [ 79.929593, 7.1171613 ], [ 79.9296615, 7.1172872 ], [ 79.9296248, 7.1174968 ], [ 79.9296608, 7.1175915 ], [ 79.9297511, 7.1175937 ], [ 79.9298595, 7.1176991 ], [ 79.9297714, 7.1178536 ], [ 79.9298814, 7.1180946 ], [ 79.9303569, 7.1181886 ], [ 79.9304085, 7.1178506 ], [ 79.930904, 7.1178814 ], [ 79.9310898, 7.118076 ], [ 79.9315543, 7.1177072 ], [ 79.9319284, 7.1175812 ], [ 79.9324107, 7.1174262 ], [ 79.9326794, 7.1170107 ], [ 79.9329797, 7.116532 ], [ 79.9329092, 7.1164045 ], [ 79.9329813, 7.1162082 ], [ 79.9328037, 7.1159755 ], [ 79.9324547, 7.1156025 ], [ 79.9319021, 7.1157217 ], [ 79.9315216, 7.1158324 ], [ 79.9312634, 7.1156347 ], [ 79.9310116, 7.1155149 ], [ 79.9307621, 7.1154352 ], [ 79.9306355, 7.1151326 ], [ 79.9304581, 7.1147435 ], [ 79.930375, 7.1145173 ], [ 79.9301289, 7.1145171 ], [ 79.930002, 7.1145155 ], [ 79.9298564, 7.1145135 ], [ 79.9297661, 7.1144756 ], [ 79.9295248, 7.1143421 ], [ 79.9294668, 7.1143675 ], [ 79.9292659, 7.1142334 ], [ 79.9291729, 7.1143258 ], [ 79.9291186, 7.1143812 ], [ 79.929061, 7.1144889 ], [ 79.9288818, 7.1146648 ], [ 79.9288337, 7.1145476 ], [ 79.9289019, 7.1144944 ], [ 79.9289262, 7.1143446 ], [ 79.9289019, 7.1141513 ], [ 79.9287753, 7.1140305 ], [ 79.9286, 7.1139629 ], [ 79.9284734, 7.1139484 ], [ 79.9283565, 7.1140644 ], [ 79.9281558, 7.1140183 ], [ 79.9280544, 7.1140269 ], [ 79.9280042, 7.1139577 ], [ 79.9279526, 7.1138935 ], [ 79.9277121, 7.1140402 ], [ 79.9277506, 7.114222 ], [ 79.9279743, 7.1141922 ], [ 79.9281345, 7.1142527 ], [ 79.9282724, 7.1142145 ], [ 79.9284274, 7.1142209 ], [ 79.9285072, 7.1145462 ], [ 79.9287562, 7.114698 ], [ 79.9291453, 7.1149051 ] ] ], [ [ [ 79.904262289345525, 7.116669188188929 ], [ 79.904248613763187, 7.11656504336965 ], [ 79.903848865972009, 7.116575563048364 ], [ 79.903850969907751, 7.116668136221058 ], [ 79.904262289345525, 7.116669188188929 ] ] ], [ [ [ 79.905298477698921, 7.116533484333506 ], [ 79.904549476574402, 7.116592394534311 ], [ 79.904574723803321, 7.116756501522268 ], [ 79.905332140670822, 7.116743877907809 ], [ 79.905298477698921, 7.116533484333506 ] ] ], [ [ [ 79.9048293, 7.1192462 ], [ 79.9049022, 7.1192226 ], [ 79.9051097, 7.1188847 ], [ 79.9051065, 7.1186993 ], [ 79.9050305, 7.1186081 ], [ 79.9049244, 7.1185547 ], [ 79.9048357, 7.1185484 ], [ 79.9047486, 7.1185861 ], [ 79.9047343, 7.1186474 ], [ 79.9047929, 7.1187653 ], [ 79.9047565, 7.1188611 ], [ 79.9047153, 7.1190953 ], [ 79.9046979, 7.1191377 ], [ 79.9047058, 7.1191818 ], [ 79.9048293, 7.1192462 ] ] ], [ [ [ 79.9119378, 7.1209642 ], [ 79.9118466, 7.1209695 ], [ 79.9117393, 7.1209854 ], [ 79.9116534, 7.1209588 ], [ 79.9116052, 7.120863 ], [ 79.9115944, 7.120714 ], [ 79.9115944, 7.1206874 ], [ 79.9115837, 7.1206288 ], [ 79.9115461, 7.1206022 ], [ 79.9114657, 7.1205596 ], [ 79.9113316, 7.120533 ], [ 79.9111814, 7.1205969 ], [ 79.9110955, 7.1207033 ], [ 79.9111063, 7.1208045 ], [ 79.9111814, 7.120895 ], [ 79.9112779, 7.1209003 ], [ 79.911294, 7.1209535 ], [ 79.9111921, 7.1211451 ], [ 79.911176, 7.1212303 ], [ 79.9112243, 7.1212942 ], [ 79.9113477, 7.1212942 ], [ 79.9115032, 7.1212942 ], [ 79.9115944, 7.1212676 ], [ 79.91175, 7.1213474 ], [ 79.9118305, 7.1214006 ], [ 79.9119807, 7.1214432 ], [ 79.912147, 7.1214166 ], [ 79.9122382, 7.1213634 ], [ 79.9122167, 7.1212356 ], [ 79.9122006, 7.1211185 ], [ 79.9121309, 7.121044 ], [ 79.9120504, 7.1209801 ], [ 79.9119378, 7.1209642 ] ] ], [ [ [ 79.9044944, 7.1188242 ], [ 79.9044085, 7.1188242 ], [ 79.9043949, 7.1189005 ], [ 79.9044085, 7.1192013 ], [ 79.904422, 7.119502 ], [ 79.904413, 7.11974 ], [ 79.9043542, 7.1200093 ], [ 79.9041913, 7.1202652 ], [ 79.9041189, 7.1204403 ], [ 79.9040801, 7.1205784 ], [ 79.9040846, 7.120722 ], [ 79.9041434, 7.1209061 ], [ 79.9041479, 7.1210857 ], [ 79.9040982, 7.1211665 ], [ 79.9040258, 7.1213146 ], [ 79.9039896, 7.1214089 ], [ 79.9039751, 7.1214499 ], [ 79.903213, 7.1226144 ], [ 79.9031127, 7.1228602 ], [ 79.9030755, 7.1229569 ], [ 79.9030547, 7.1230121 ], [ 79.9030524, 7.1230719 ], [ 79.9030755, 7.1231157 ], [ 79.9031219, 7.1231387 ], [ 79.9032286, 7.1231778 ], [ 79.9032819, 7.1231686 ], [ 79.9033283, 7.1231203 ], [ 79.9034204, 7.1230351 ], [ 79.903473, 7.1229224 ], [ 79.9035481, 7.1225913 ], [ 79.9036038, 7.1222526 ], [ 79.9036712, 7.1220341 ], [ 79.9039842, 7.1215106 ], [ 79.9040186, 7.1215466 ], [ 79.9042967, 7.1215742 ], [ 79.9044989, 7.1215434 ], [ 79.9045688, 7.1214811 ], [ 79.9045716, 7.1213872 ], [ 79.904558, 7.1211986 ], [ 79.9045399, 7.1207138 ], [ 79.9045399, 7.1205342 ], [ 79.9045354, 7.1202738 ], [ 79.9045445, 7.1201571 ], [ 79.9046211, 7.119951 ], [ 79.9046347, 7.1197669 ], [ 79.9044944, 7.1188242 ] ] ], [ [ [ 79.9220071, 7.1216273 ], [ 79.9219946, 7.1216811 ], [ 79.9220207, 7.1217371 ], [ 79.9220676, 7.1217919 ], [ 79.9221313, 7.1218334 ], [ 79.9221783, 7.1218106 ], [ 79.9222012, 7.1217795 ], [ 79.9222617, 7.1217029 ], [ 79.9223578, 7.1216428 ], [ 79.9224058, 7.1216532 ], [ 79.9224496, 7.1217174 ], [ 79.9224621, 7.1218344 ], [ 79.9224319, 7.1219483 ], [ 79.9223599, 7.1221109 ], [ 79.9222998, 7.1222361 ], [ 79.9223412, 7.122267 ], [ 79.9224476, 7.1221054 ], [ 79.9225154, 7.1220712 ], [ 79.9225635, 7.122064 ], [ 79.9226699, 7.1220982 ], [ 79.9227064, 7.1221013 ], [ 79.9227294, 7.122094 ], [ 79.9227889, 7.1220567 ], [ 79.9228025, 7.1219811 ], [ 79.9227117, 7.1218838 ], [ 79.922648, 7.1218268 ], [ 79.9226021, 7.1217398 ], [ 79.9226177, 7.121656 ], [ 79.9226553, 7.1215886 ], [ 79.9227628, 7.1215286 ], [ 79.9228098, 7.1215358 ], [ 79.9228995, 7.1215762 ], [ 79.922958, 7.1215886 ], [ 79.923007, 7.1215835 ], [ 79.9230216, 7.1215514 ], [ 79.9230342, 7.1215255 ], [ 79.923081, 7.1215061 ], [ 79.9232365, 7.1215113 ], [ 79.9233983, 7.121504 ], [ 79.9234734, 7.1214906 ], [ 79.9233555, 7.1212907 ], [ 79.9232177, 7.1210598 ], [ 79.9230341, 7.1208972 ], [ 79.9228942, 7.1207998 ], [ 79.9228118, 7.1207843 ], [ 79.922698, 7.1207594 ], [ 79.9226364, 7.1207719 ], [ 79.9225936, 7.1208319 ], [ 79.9225822, 7.1208879 ], [ 79.9225822, 7.1209386 ], [ 79.9225623, 7.1210225 ], [ 79.9225331, 7.1211323 ], [ 79.9225237, 7.121182 ], [ 79.9225081, 7.1211871 ], [ 79.9224277, 7.121125 ], [ 79.9223651, 7.1210991 ], [ 79.9223421, 7.1211675 ], [ 79.9223828, 7.1212275 ], [ 79.9224423, 7.1212389 ], [ 79.9224914, 7.121269 ], [ 79.9224747, 7.1213415 ], [ 79.9224496, 7.1213632 ], [ 79.922411, 7.1213974 ], [ 79.9223922, 7.1214171 ], [ 79.9223578, 7.1214823 ], [ 79.9223223, 7.1215393 ], [ 79.922243, 7.1215682 ], [ 79.9221595, 7.1215662 ], [ 79.9220447, 7.1215786 ], [ 79.9220227, 7.1215921 ], [ 79.9220071, 7.1216273 ] ] ], [ [ [ 79.9242924, 7.1236748 ], [ 79.9243247, 7.1236831 ], [ 79.9243686, 7.1235961 ], [ 79.9243633, 7.1235433 ], [ 79.9243529, 7.1234967 ], [ 79.9240607, 7.1234418 ], [ 79.9240315, 7.123533 ], [ 79.9242924, 7.1236748 ] ] ], [ [ [ 79.9217562, 7.1290603 ], [ 79.9217374, 7.1290803 ], [ 79.9217213, 7.129067 ], [ 79.9216529, 7.129083 ], [ 79.9216529, 7.1291375 ], [ 79.9216623, 7.1291801 ], [ 79.9216864, 7.129248 ], [ 79.9217683, 7.1293824 ], [ 79.9218112, 7.129232 ], [ 79.9217642, 7.1291721 ], [ 79.921728, 7.1291695 ], [ 79.92172, 7.1291309 ], [ 79.921732, 7.1291189 ], [ 79.9217642, 7.1291149 ], [ 79.9217964, 7.1291269 ], [ 79.9217884, 7.1290617 ], [ 79.9217562, 7.1290603 ] ] ], [ [ [ 79.920635, 7.130089 ], [ 79.9206203, 7.130089 ], [ 79.9206243, 7.1301156 ], [ 79.9206591, 7.1301316 ], [ 79.92069, 7.1301782 ], [ 79.92069, 7.13023 ], [ 79.9207544, 7.1302633 ], [ 79.9207383, 7.1299493 ], [ 79.9207061, 7.1298761 ], [ 79.9206605, 7.1298761 ], [ 79.9206551, 7.1298215 ], [ 79.9206337, 7.1298055 ], [ 79.9206216, 7.1298055 ], [ 79.920584, 7.129755 ], [ 79.9206323, 7.1296978 ], [ 79.9206417, 7.1296778 ], [ 79.9206135, 7.1296765 ], [ 79.9206015, 7.1296272 ], [ 79.9206819, 7.1295767 ], [ 79.9205894, 7.1295075 ], [ 79.9205907, 7.1294742 ], [ 79.9206162, 7.1294582 ], [ 79.9206149, 7.1294276 ], [ 79.9205867, 7.1293997 ], [ 79.9206162, 7.1293584 ], [ 79.9206176, 7.1293252 ], [ 79.9206068, 7.1292985 ], [ 79.9206417, 7.129248 ], [ 79.9206484, 7.129212 ], [ 79.9206135, 7.1291655 ], [ 79.9206135, 7.1291003 ], [ 79.9206457, 7.129071 ], [ 79.920584, 7.1290151 ], [ 79.9205653, 7.129071 ], [ 79.9205907, 7.1291056 ], [ 79.9205948, 7.1291641 ], [ 79.9205156, 7.1291854 ], [ 79.9205264, 7.12924 ], [ 79.9205398, 7.129381 ], [ 79.9205304, 7.1295607 ], [ 79.920525, 7.1295913 ], [ 79.9205384, 7.129594 ], [ 79.9205492, 7.1296206 ], [ 79.9205371, 7.1296286 ], [ 79.9205116, 7.1296099 ], [ 79.9204928, 7.1296113 ], [ 79.9205183, 7.1296379 ], [ 79.9205156, 7.1296565 ], [ 79.9204861, 7.1296698 ], [ 79.9204526, 7.1296725 ], [ 79.9204647, 7.1296991 ], [ 79.9204942, 7.1297284 ], [ 79.9205384, 7.129751 ], [ 79.9205465, 7.1297723 ], [ 79.9205465, 7.1297922 ], [ 79.920576, 7.1298016 ], [ 79.920576, 7.1298335 ], [ 79.9206176, 7.1298761 ], [ 79.9206176, 7.1299187 ], [ 79.9205934, 7.1299173 ], [ 79.9205921, 7.1299399 ], [ 79.9206068, 7.1299706 ], [ 79.9206404, 7.1299852 ], [ 79.9206471, 7.1300451 ], [ 79.920635, 7.130089 ] ] ], [ [ [ 79.9212145, 7.1327527 ], [ 79.9212469, 7.1327727 ], [ 79.9212282, 7.1327962 ], [ 79.9212584, 7.1328656 ], [ 79.9214025, 7.1330543 ], [ 79.9215235, 7.1332629 ], [ 79.9216061, 7.1332285 ], [ 79.9216692, 7.1332407 ], [ 79.9217344, 7.1332022 ], [ 79.9218383, 7.1332083 ], [ 79.9218852, 7.1332447 ], [ 79.9219341, 7.1332103 ], [ 79.9219341, 7.1331173 ], [ 79.9219361, 7.1330628 ], [ 79.9219524, 7.1329718 ], [ 79.921932, 7.1329475 ], [ 79.9219055, 7.1329112 ], [ 79.9219381, 7.1328222 ], [ 79.9219279, 7.1327737 ], [ 79.9218587, 7.1327414 ], [ 79.9217925, 7.132707 ], [ 79.9217568, 7.1326878 ], [ 79.9217415, 7.1326241 ], [ 79.9217354, 7.1325958 ], [ 79.9217293, 7.1325807 ], [ 79.9217487, 7.1325433 ], [ 79.9217548, 7.1324846 ], [ 79.9217477, 7.1324351 ], [ 79.9217711, 7.1324088 ], [ 79.9218179, 7.1324058 ], [ 79.9218342, 7.1323644 ], [ 79.9218057, 7.132333 ], [ 79.9217405, 7.1323381 ], [ 79.9216346, 7.132334 ], [ 79.9215867, 7.132329 ], [ 79.9215643, 7.1323593 ], [ 79.92155, 7.1323795 ], [ 79.9215195, 7.1323937 ], [ 79.9214726, 7.1323977 ], [ 79.9214451, 7.1323785 ], [ 79.9214298, 7.1323896 ], [ 79.9214054, 7.132421 ], [ 79.9213667, 7.1324391 ], [ 79.9213229, 7.1324442 ], [ 79.9212984, 7.1324402 ], [ 79.921273, 7.1324412 ], [ 79.9212414, 7.1324664 ], [ 79.9212078, 7.1324856 ], [ 79.9211925, 7.1325372 ], [ 79.9211935, 7.1325604 ], [ 79.9211945, 7.1325796 ], [ 79.9212119, 7.1326201 ], [ 79.9212159, 7.1326393 ], [ 79.9211874, 7.1326645 ], [ 79.9211677, 7.1326983 ], [ 79.9211532, 7.1326969 ], [ 79.9211388, 7.1326883 ], [ 79.9211259, 7.1326876 ], [ 79.9211273, 7.1327126 ], [ 79.9211496, 7.1327269 ], [ 79.9211756, 7.1327391 ], [ 79.9211792, 7.1327527 ], [ 79.9211893, 7.1327691 ], [ 79.9212145, 7.1327527 ] ] ], [ [ [ 79.9362946, 7.139051 ], [ 79.9362885, 7.1390829 ], [ 79.9363093, 7.1391122 ], [ 79.9363388, 7.1391109 ], [ 79.9363623, 7.1390942 ], [ 79.9363281, 7.1390876 ], [ 79.9363502, 7.139047 ], [ 79.9363375, 7.1390317 ], [ 79.9363261, 7.1390404 ], [ 79.9363127, 7.139043 ], [ 79.9363167, 7.1390284 ], [ 79.9363227, 7.1390184 ], [ 79.9363308, 7.1390204 ], [ 79.9363368, 7.1390071 ], [ 79.9363167, 7.1390077 ], [ 79.9362946, 7.139051 ] ] ], [ [ [ 79.9327409, 7.1563503 ], [ 79.9329841, 7.1563503 ], [ 79.9330719, 7.1563067 ], [ 79.9330921, 7.1561425 ], [ 79.9331428, 7.155918 ], [ 79.9330077, 7.1558644 ], [ 79.9328996, 7.1558577 ], [ 79.9328422, 7.1559281 ], [ 79.9328017, 7.1559817 ], [ 79.9326801, 7.1559683 ], [ 79.9326193, 7.1562866 ], [ 79.9327409, 7.1563503 ] ] ], [ [ [ 79.9177241, 7.1805587 ], [ 79.9177131, 7.1805537 ], [ 79.9176954, 7.1805738 ], [ 79.9177013, 7.1806073 ], [ 79.9177038, 7.1806492 ], [ 79.9176819, 7.1806652 ], [ 79.9176194, 7.1806937 ], [ 79.9175653, 7.180718 ], [ 79.9174918, 7.1807641 ], [ 79.91748, 7.1807825 ], [ 79.9174748, 7.1808007 ], [ 79.9175174, 7.1808978 ], [ 79.9175408, 7.1809295 ], [ 79.9175855, 7.1809485 ], [ 79.9175945, 7.1809887 ], [ 79.9176021, 7.1809945 ], [ 79.9176257, 7.1809761 ], [ 79.9176494, 7.1809887 ], [ 79.9176545, 7.1810046 ], [ 79.9176384, 7.181023 ], [ 79.9176401, 7.1810331 ], [ 79.9176519, 7.1810272 ], [ 79.9176562, 7.1810431 ], [ 79.9176705, 7.1810566 ], [ 79.9176883, 7.1810272 ], [ 79.9177187, 7.1810364 ], [ 79.9177229, 7.1810582 ], [ 79.9177026, 7.1810985 ], [ 79.9178828, 7.1812573 ], [ 79.9179311, 7.1812706 ], [ 79.917962, 7.1812906 ], [ 79.9180424, 7.181212 ], [ 79.9180733, 7.1812014 ], [ 79.9181108, 7.1812001 ], [ 79.9181725, 7.1812293 ], [ 79.9181873, 7.181236 ], [ 79.918194, 7.1812174 ], [ 79.9181993, 7.1811735 ], [ 79.9182047, 7.1811375 ], [ 79.9182986, 7.181075 ], [ 79.9183231, 7.1810667 ], [ 79.9183645, 7.1810348 ], [ 79.9183966, 7.1810114 ], [ 79.918422, 7.1810206 ], [ 79.918438, 7.1810021 ], [ 79.9184617, 7.1809661 ], [ 79.9184659, 7.180925 ], [ 79.9184659, 7.1808965 ], [ 79.9184059, 7.1808714 ], [ 79.9183637, 7.1808404 ], [ 79.9183206, 7.1808278 ], [ 79.918291, 7.1808471 ], [ 79.9182758, 7.1808194 ], [ 79.9182361, 7.1808161 ], [ 79.9182293, 7.1807834 ], [ 79.9182445, 7.1807431 ], [ 79.9182293, 7.1807213 ], [ 79.9181736, 7.1806878 ], [ 79.9181415, 7.1806467 ], [ 79.9181406, 7.1806048 ], [ 79.9181018, 7.1805436 ], [ 79.9180553, 7.1804967 ], [ 79.918035, 7.1804808 ], [ 79.9178872, 7.1805529 ], [ 79.9177706, 7.1806191 ], [ 79.917741, 7.180614 ], [ 79.9177241, 7.1805587 ] ] ], [ [ [ 79.9193464, 7.186538 ], [ 79.9192525, 7.1866125 ], [ 79.9190768, 7.1866657 ], [ 79.9189239, 7.1867229 ], [ 79.9186638, 7.1867961 ], [ 79.9185135, 7.1868547 ], [ 79.9184907, 7.1869358 ], [ 79.9184411, 7.1870609 ], [ 79.9184666, 7.1872538 ], [ 79.918944, 7.1870889 ], [ 79.9192766, 7.1869837 ], [ 79.919459, 7.1869092 ], [ 79.9195636, 7.1866923 ], [ 79.9196414, 7.1864954 ], [ 79.919679, 7.186393 ], [ 79.9195569, 7.1864036 ], [ 79.9193464, 7.186538 ] ] ], [ [ [ 79.9080828, 7.1961295 ], [ 79.9080255, 7.196083 ], [ 79.9079555, 7.1960776 ], [ 79.9079032, 7.1961223 ], [ 79.9078959, 7.1961718 ], [ 79.9079287, 7.1962189 ], [ 79.9079835, 7.1962358 ], [ 79.9080304, 7.196228 ], [ 79.908073, 7.1961869 ], [ 79.9080828, 7.1961295 ] ] ], [ [ [ 79.9242503, 7.2017371 ], [ 79.9240307, 7.201669 ], [ 79.9239072, 7.2018222 ], [ 79.9239895, 7.2021524 ], [ 79.9242743, 7.2021524 ], [ 79.9242503, 7.2017371 ] ] ], [ [ [ 79.9103065, 7.2025181 ], [ 79.910223, 7.2024706 ], [ 79.9101768, 7.2025798 ], [ 79.9102408, 7.2026133 ], [ 79.9103065, 7.2025181 ] ] ], [ [ [ 79.9113429, 7.2124229 ], [ 79.911367, 7.2129817 ], [ 79.9117237, 7.2130004 ], [ 79.9117318, 7.2127316 ], [ 79.9116352, 7.2124309 ], [ 79.9113429, 7.2124229 ] ] ], [ [ [ 79.9314675, 7.2133157 ], [ 79.931442, 7.2131946 ], [ 79.9313334, 7.2131228 ], [ 79.9312744, 7.213011 ], [ 79.9311939, 7.2128886 ], [ 79.9310705, 7.2127343 ], [ 79.9309579, 7.2125373 ], [ 79.9306843, 7.212367 ], [ 79.930416, 7.2122606 ], [ 79.9300513, 7.2122979 ], [ 79.929885, 7.212218 ], [ 79.9297401, 7.2120584 ], [ 79.9296436, 7.2119466 ], [ 79.9294397, 7.2121329 ], [ 79.9291018, 7.2127023 ], [ 79.9289623, 7.213144 ], [ 79.9289998, 7.2136337 ], [ 79.9292359, 7.2136922 ], [ 79.9296114, 7.2137774 ], [ 79.9300727, 7.2138785 ], [ 79.9305126, 7.213953 ], [ 79.9311402, 7.2138678 ], [ 79.931387, 7.2138306 ], [ 79.93145, 7.213808 ], [ 79.9314608, 7.2137494 ], [ 79.9314487, 7.213627 ], [ 79.9314594, 7.2134115 ], [ 79.9314675, 7.2133157 ] ] ], [ [ [ 79.939539, 7.2131553 ], [ 79.9395129, 7.2132393 ], [ 79.939539, 7.2133733 ], [ 79.9396383, 7.2134477 ], [ 79.9400096, 7.2134557 ], [ 79.9401626, 7.2133814 ], [ 79.9403108, 7.2132796 ], [ 79.9403515, 7.2131649 ], [ 79.9403401, 7.2130551 ], [ 79.9403092, 7.2129695 ], [ 79.9398744, 7.2130519 ], [ 79.9395992, 7.2131213 ], [ 79.939539, 7.2131553 ] ] ], [ [ [ 79.932719013773067, 7.213648761629266 ], [ 79.932719013773067, 7.213571125298185 ], [ 79.932703029822548, 7.213530023711143 ], [ 79.932540906895881, 7.213539157397152 ], [ 79.932440436349779, 7.213566558455181 ], [ 79.932287447109118, 7.213571125298185 ], [ 79.932173276034007, 7.213541440818655 ], [ 79.932063671801885, 7.213504906074617 ], [ 79.931899265453708, 7.213475221595085 ], [ 79.93180336175061, 7.213447820537056 ], [ 79.93175312647756, 7.213411285793018 ], [ 79.931723441998031, 7.213370184205975 ], [ 79.931689190675499, 7.213342783147947 ], [ 79.931661789617465, 7.213324515775928 ], [ 79.931627538294933, 7.213317665511421 ], [ 79.931600137236899, 7.213317665511421 ], [ 79.931579586443377, 7.21333593288344 ], [ 79.931565885914367, 7.213367900784474 ], [ 79.931565885914367, 7.213372467627478 ], [ 79.931533918013329, 7.213867970093495 ], [ 79.931611554344414, 7.2138725369365 ], [ 79.931721158576522, 7.2138725369365 ], [ 79.931865014131176, 7.213863403250491 ], [ 79.932004302842827, 7.213861119828988 ], [ 79.932143591554464, 7.213883954044012 ], [ 79.9322714631586, 7.21392048878805 ], [ 79.932397051341241, 7.213966157218097 ], [ 79.932497521887342, 7.214000408540634 ], [ 79.932600275854952, 7.214014109069648 ], [ 79.932673345343019, 7.213938756160069 ], [ 79.932714446930063, 7.213794900605419 ], [ 79.932719013773067, 7.213648761629266 ] ] ], [ [ [ 79.9087515, 7.2491641 ], [ 79.9087489, 7.2489872 ], [ 79.9087086, 7.2489047 ], [ 79.908478, 7.2487543 ], [ 79.9084203, 7.2488302 ], [ 79.9083291, 7.2491322 ], [ 79.9083304, 7.2491654 ], [ 79.908372, 7.2491734 ], [ 79.9087274, 7.2491907 ], [ 79.9087515, 7.2491641 ] ] ], [ [ [ 79.9056989, 7.2721311 ], [ 79.9057802, 7.2722656 ], [ 79.9059158, 7.2722876 ], [ 79.9060119, 7.2722509 ], [ 79.9060513, 7.2721189 ], [ 79.9060144, 7.2718671 ], [ 79.906076, 7.2717815 ], [ 79.9061179, 7.2716446 ], [ 79.9060686, 7.2715761 ], [ 79.9059207, 7.2715419 ], [ 79.9057778, 7.2714808 ], [ 79.9056274, 7.2715443 ], [ 79.9056126, 7.2716861 ], [ 79.905657, 7.2717693 ], [ 79.9057679, 7.2718011 ], [ 79.9056989, 7.2721311 ] ] ], [ [ [ 79.9059008, 7.2727449 ], [ 79.9059683, 7.2729791 ], [ 79.9061483, 7.2730628 ], [ 79.9062663, 7.2729903 ], [ 79.9063957, 7.2735091 ], [ 79.9066993, 7.273576 ], [ 79.9068849, 7.2734142 ], [ 79.9068174, 7.2731855 ], [ 79.9067949, 7.2730293 ], [ 79.9066993, 7.272862 ], [ 79.9065813, 7.2724939 ], [ 79.9063113, 7.272466 ], [ 79.9060358, 7.272399 ], [ 79.9057884, 7.2724102 ], [ 79.9057434, 7.2725385 ], [ 79.9059458, 7.272611 ], [ 79.9059008, 7.2727449 ] ] ], [ [ [ 79.904119, 7.2735491 ], [ 79.9041757, 7.2734391 ], [ 79.9040968, 7.2730773 ], [ 79.9040253, 7.2729453 ], [ 79.9039144, 7.2729428 ], [ 79.9037394, 7.2730773 ], [ 79.9036507, 7.2732044 ], [ 79.9036211, 7.273378 ], [ 79.903668, 7.2735565 ], [ 79.9037345, 7.2736665 ], [ 79.9038922, 7.2736763 ], [ 79.9040327, 7.2736372 ], [ 79.904119, 7.2735491 ] ] ], [ [ [ 79.9633873, 6.5736451 ], [ 79.9633449, 6.5736397 ], [ 79.9633094, 6.5736003 ], [ 79.9632684, 6.5735297 ], [ 79.963241, 6.5734686 ], [ 79.9632068, 6.5733748 ], [ 79.9631863, 6.5732906 ], [ 79.9631768, 6.5732173 ], [ 79.9631658, 6.5730814 ], [ 79.9631535, 6.5729796 ], [ 79.9631426, 6.5728885 ], [ 79.9631371, 6.5728125 ], [ 79.9631207, 6.5727351 ], [ 79.963107, 6.572678 ], [ 79.9630988, 6.5726033 ], [ 79.9630783, 6.5725558 ], [ 79.9630305, 6.5725286 ], [ 79.9629525, 6.572549 ], [ 79.9629293, 6.5725884 ], [ 79.9629019, 6.5726699 ], [ 79.9628883, 6.5727486 ], [ 79.9629279, 6.5728831 ], [ 79.9629347, 6.5729565 ], [ 79.9628828, 6.5730896 ], [ 79.9627638, 6.5732471 ], [ 79.9626709, 6.5733653 ], [ 79.9625601, 6.5734998 ], [ 79.9624152, 6.5736152 ], [ 79.9622976, 6.5737973 ], [ 79.9622948, 6.5739494 ], [ 79.9623536, 6.5739901 ], [ 79.9624343, 6.5740092 ], [ 79.9625656, 6.5740092 ], [ 79.9626709, 6.5740105 ], [ 79.9627187, 6.5740146 ], [ 79.9627775, 6.5740119 ], [ 79.9628636, 6.5740363 ], [ 79.9629361, 6.5740594 ], [ 79.9629279, 6.5740771 ], [ 79.9628855, 6.5741042 ], [ 79.9628404, 6.5741246 ], [ 79.9627939, 6.5741491 ], [ 79.9627228, 6.5741749 ], [ 79.962623, 6.5742034 ], [ 79.9625697, 6.5742211 ], [ 79.9624972, 6.5742292 ], [ 79.9624329, 6.5742279 ], [ 79.9623632, 6.5742183 ], [ 79.9622784, 6.5742007 ], [ 79.9622251, 6.5742075 ], [ 79.9621472, 6.574236 ], [ 79.9620132, 6.5743474 ], [ 79.9619311, 6.5744561 ], [ 79.96183, 6.5745661 ], [ 79.9617807, 6.5747073 ], [ 79.9616837, 6.574941 ], [ 79.9616235, 6.575123 ], [ 79.9615483, 6.5752751 ], [ 79.9615387, 6.5753919 ], [ 79.9614211, 6.5755984 ], [ 79.9613569, 6.5757302 ], [ 79.9612721, 6.5758674 ], [ 79.9612406, 6.575991 ], [ 79.9612147, 6.5761635 ], [ 79.9611969, 6.5762925 ], [ 79.9612174, 6.5763781 ], [ 79.9612201, 6.576518 ], [ 79.9611326, 6.5766919 ], [ 79.9610629, 6.5768498 ], [ 79.9609897, 6.5769347 ], [ 79.9609405, 6.5770039 ], [ 79.9608838, 6.5770953 ], [ 79.9608544, 6.577187 ], [ 79.9608157, 6.5772994 ], [ 79.9607693, 6.5774579 ], [ 79.9607477, 6.5775177 ], [ 79.9607002, 6.5775822 ], [ 79.9606476, 6.5776783 ], [ 79.9605566, 6.5778172 ], [ 79.9605122, 6.5778658 ], [ 79.9604688, 6.5779473 ], [ 79.9604384, 6.5780206 ], [ 79.9604011, 6.5780651 ], [ 79.960355, 6.5781239 ], [ 79.960278, 6.5781833 ], [ 79.9601957, 6.578257 ], [ 79.9601741, 6.5782702 ], [ 79.960156, 6.5782923 ], [ 79.9601526, 6.5783313 ], [ 79.9601646, 6.5783752 ], [ 79.9601608, 6.5784139 ], [ 79.9601413, 6.5784281 ], [ 79.9601328, 6.5784621 ], [ 79.9601601, 6.5785331 ], [ 79.9602292, 6.5786818 ], [ 79.9602671, 6.5787809 ], [ 79.960289, 6.5788186 ], [ 79.9603139, 6.5788696 ], [ 79.9603358, 6.5789531 ], [ 79.9603406, 6.5790112 ], [ 79.9602818, 6.5790214 ], [ 79.9602295, 6.5790726 ], [ 79.9601847, 6.5791307 ], [ 79.9601564, 6.5792112 ], [ 79.9601358, 6.5792937 ], [ 79.9601246, 6.5793905 ], [ 79.9601259, 6.5795015 ], [ 79.9601061, 6.5795182 ], [ 79.9600798, 6.5795511 ], [ 79.96005, 6.5795857 ], [ 79.9600275, 6.579635 ], [ 79.9599954, 6.5797056 ], [ 79.9599844, 6.579761 ], [ 79.9599742, 6.5797824 ], [ 79.9599266, 6.5798272 ], [ 79.9598723, 6.579887 ], [ 79.9598456, 6.5799314 ], [ 79.9598344, 6.5800136 ], [ 79.9598149, 6.5800785 ], [ 79.9597674, 6.580159 ], [ 79.9597133, 6.5802795 ], [ 79.9596798, 6.5803865 ], [ 79.9596699, 6.5804371 ], [ 79.9596334, 6.5804822 ], [ 79.959604, 6.5805688 ], [ 79.9595917, 6.5806007 ], [ 79.9596009, 6.5806371 ], [ 79.959605, 6.5806602 ], [ 79.9595865, 6.5806687 ], [ 79.9595609, 6.5806887 ], [ 79.9595315, 6.5807488 ], [ 79.9595059, 6.5808109 ], [ 79.9594645, 6.5808914 ], [ 79.9594136, 6.5809553 ], [ 79.9593418, 6.5810113 ], [ 79.9593223, 6.5810208 ], [ 79.9593021, 6.581047 ], [ 79.9592905, 6.5810785 ], [ 79.9592926, 6.5811084 ], [ 79.9593107, 6.5811464 ], [ 79.959311718210358, 6.581153541514809 ], [ 79.959328985448167, 6.581182456187825 ], [ 79.95932988159575, 6.581194476905766 ], [ 79.959330965976974, 6.581205591813245 ], [ 79.95932242647487, 6.581215486791853 ], [ 79.959305211923052, 6.58121209810055 ], [ 79.95930139656295, 6.581191129771532 ], [ 79.95927362932008, 6.581158014587329 ], [ 79.959254429320083, 6.581136314587329 ], [ 79.959228129320081, 6.581105114587329 ], [ 79.959186878822692, 6.581072348471151 ], [ 79.959133744143031, 6.581087529808196 ], [ 79.959114225281127, 6.58113632696298 ], [ 79.959120731568419, 6.581177533449243 ], [ 79.9591418, 6.5811957 ], [ 79.9591312, 6.5812191 ], [ 79.9591145, 6.5812558 ], [ 79.9591059, 6.5812931 ], [ 79.9590827, 6.581342 ], [ 79.9590663, 6.581394 ], [ 79.9590717, 6.5814527 ], [ 79.9590577, 6.5814904 ], [ 79.9590611, 6.5815292 ], [ 79.9590693, 6.5815638 ], [ 79.959044, 6.5815855 ], [ 79.9590396, 6.5816222 ], [ 79.9590396, 6.5816877 ], [ 79.959002, 6.5817261 ], [ 79.9590037, 6.5818494 ], [ 79.9590123, 6.5818753 ], [ 79.9590434, 6.5819417 ], [ 79.959135, 6.5819499 ], [ 79.9591951, 6.5818521 ], [ 79.9592088, 6.5817597 ], [ 79.9592348, 6.5816497 ], [ 79.9592635, 6.5815682 ], [ 79.9592662, 6.5815261 ], [ 79.9592375, 6.5814052 ], [ 79.9592143, 6.581359 ], [ 79.9592184, 6.5812938 ], [ 79.9592403, 6.5812639 ], [ 79.9592649, 6.5812531 ], [ 79.9593114, 6.581249 ], [ 79.9593442, 6.5812381 ], [ 79.9593633, 6.5812246 ], [ 79.9593866, 6.5811892 ], [ 79.9593852, 6.5811716 ], [ 79.9593825, 6.5811431 ], [ 79.959366, 6.581105 ], [ 79.9593893, 6.5810697 ], [ 79.9594631, 6.5810262 ], [ 79.9595274, 6.5809855 ], [ 79.9596299, 6.5808836 ], [ 79.9597092, 6.5808143 ], [ 79.9597776, 6.5807193 ], [ 79.9598186, 6.5806432 ], [ 79.9598542, 6.5805753 ], [ 79.959913, 6.5804979 ], [ 79.9599923, 6.5804381 ], [ 79.9601044, 6.5803552 ], [ 79.9601468, 6.5803281 ], [ 79.960155, 6.5802995 ], [ 79.9602603, 6.5801393 ], [ 79.9604134, 6.579964 ], [ 79.9605173, 6.5798948 ], [ 79.9605994, 6.5798119 ], [ 79.9607252, 6.5796462 ], [ 79.9608769, 6.5794913 ], [ 79.9610355, 6.5793718 ], [ 79.9611436, 6.5792156 ], [ 79.961227, 6.5790757 ], [ 79.9613268, 6.5789263 ], [ 79.9614608, 6.5787579 ], [ 79.9615715, 6.5786451 ], [ 79.9617014, 6.5785636 ], [ 79.9618395, 6.5784821 ], [ 79.9619024, 6.5784101 ], [ 79.9622839, 6.5777283 ], [ 79.9626736, 6.5769268 ], [ 79.9630168, 6.5761268 ], [ 79.963293, 6.5754612 ], [ 79.9634557, 6.5750524 ], [ 79.9635911, 6.574668 ], [ 79.963643, 6.5745077 ], [ 79.9636936, 6.5743528 ], [ 79.9637059, 6.5741694 ], [ 79.9637292, 6.5740431 ], [ 79.9637702, 6.5739725 ], [ 79.9638071, 6.5738543 ], [ 79.9638317, 6.5736954 ], [ 79.963829, 6.5735161 ], [ 79.9638536, 6.5733911 ], [ 79.9638727, 6.5732186 ], [ 79.9638823, 6.5729768 ], [ 79.9638823, 6.5727554 ], [ 79.9639069, 6.5724294 ], [ 79.9639356, 6.5721863 ], [ 79.9639575, 6.5719268 ], [ 79.9639507, 6.5716837 ], [ 79.9639507, 6.5715492 ], [ 79.9639507, 6.5712884 ], [ 79.9639411, 6.5710317 ], [ 79.9639917, 6.570866 ], [ 79.9639657, 6.5707342 ], [ 79.963937, 6.5706052 ], [ 79.9639548, 6.5704884 ], [ 79.9639958, 6.570324 ], [ 79.9639944, 6.5700211 ], [ 79.9639466, 6.5698391 ], [ 79.9638645, 6.569509 ], [ 79.9638044, 6.5692197 ], [ 79.9637975, 6.5689711 ], [ 79.9637469, 6.568728 ], [ 79.963721, 6.568497 ], [ 79.9637647, 6.5682974 ], [ 79.9638057, 6.5681425 ], [ 79.9639137, 6.5679849 ], [ 79.9640204, 6.567864 ], [ 79.9642132, 6.5677527 ], [ 79.9643445, 6.567716 ], [ 79.9643882, 6.5678043 ], [ 79.964395, 6.5679062 ], [ 79.9643062, 6.5680597 ], [ 79.9642925, 6.5681751 ], [ 79.9642898, 6.5683463 ], [ 79.9642651, 6.5685147 ], [ 79.9642296, 6.5686818 ], [ 79.9641899, 6.568823 ], [ 79.964153, 6.5688475 ], [ 79.9639862, 6.5687633 ], [ 79.963937, 6.568785 ], [ 79.9639397, 6.5688679 ], [ 79.9639835, 6.5691001 ], [ 79.9641243, 6.5691857 ], [ 79.9642105, 6.5692238 ], [ 79.9642747, 6.5691572 ], [ 79.9642966, 6.5690078 ], [ 79.9643171, 6.5688258 ], [ 79.9643171, 6.5685948 ], [ 79.964339, 6.5684318 ], [ 79.964354, 6.5682946 ], [ 79.9644142, 6.5682539 ], [ 79.9644798, 6.5681588 ], [ 79.9645646, 6.5679415 ], [ 79.9646083, 6.567697 ], [ 79.9645673, 6.5675856 ], [ 79.9646439, 6.5673329 ], [ 79.9647013, 6.5670151 ], [ 79.9647533, 6.5666646 ], [ 79.9647888, 6.5665179 ], [ 79.9648572, 6.5663196 ], [ 79.9649721, 6.5660833 ], [ 79.9650951, 6.5658143 ], [ 79.9652127, 6.5655562 ], [ 79.9652537, 6.5652356 ], [ 79.9652045, 6.5650808 ], [ 79.9651307, 6.5648607 ], [ 79.9651033, 6.5646217 ], [ 79.9651143, 6.5643092 ], [ 79.9651744, 6.5639805 ], [ 79.9652291, 6.5636708 ], [ 79.9652975, 6.5633747 ], [ 79.9652428, 6.5631546 ], [ 79.9650596, 6.5629699 ], [ 79.9650705, 6.562758 ], [ 79.9650432, 6.5624157 ], [ 79.9650213, 6.5620652 ], [ 79.9651389, 6.5617746 ], [ 79.9651006, 6.5617039 ], [ 79.9647314, 6.5617365 ], [ 79.964674, 6.5618724 ], [ 79.964622, 6.5621114 ], [ 79.964633, 6.5624293 ], [ 79.9646384, 6.5626303 ], [ 79.9645345, 6.5629482 ], [ 79.9643595, 6.5631682 ], [ 79.9640587, 6.5631818 ], [ 79.9637333, 6.5632416 ], [ 79.9633969, 6.5633231 ], [ 79.9630934, 6.5634508 ], [ 79.9630031, 6.5636681 ], [ 79.9629211, 6.5640783 ], [ 79.9629211, 6.5644397 ], [ 79.9629265, 6.5647629 ], [ 79.9630687, 6.5649939 ], [ 79.9631617, 6.5652221 ], [ 79.9632547, 6.5656595 ], [ 79.9633149, 6.5659855 ], [ 79.9632246, 6.566393 ], [ 79.9630089, 6.5666834 ], [ 79.9629016, 6.5669658 ], [ 79.9626816, 6.5671204 ], [ 79.9623437, 6.5670831 ], [ 79.9620504, 6.5669982 ], [ 79.9619311, 6.5669906 ], [ 79.9619722, 6.5676508 ], [ 79.9620665, 6.5678016 ], [ 79.9620952, 6.5679428 ], [ 79.962087, 6.5680243 ], [ 79.9620351, 6.5680909 ], [ 79.961994, 6.5681425 ], [ 79.9617876, 6.56833 ], [ 79.9616782, 6.5684441 ], [ 79.9616043, 6.5684794 ], [ 79.9615373, 6.5685378 ], [ 79.9614649, 6.5686043 ], [ 79.961443, 6.5687402 ], [ 79.9614526, 6.5689181 ], [ 79.9614731, 6.5691056 ], [ 79.9615934, 6.5691599 ], [ 79.9617178, 6.5692129 ], [ 79.9617315, 6.5692822 ], [ 79.9617807, 6.5694003 ], [ 79.961804, 6.5694805 ], [ 79.9617575, 6.5695525 ], [ 79.9617766, 6.5696299 ], [ 79.9619065, 6.569854 ], [ 79.9620665, 6.5700591 ], [ 79.9622224, 6.5702425 ], [ 79.9623372, 6.5705291 ], [ 79.9625232, 6.5708239 ], [ 79.9626394, 6.5709638 ], [ 79.9628008, 6.5711105 ], [ 79.9629361, 6.5714188 ], [ 79.9631193, 6.5717136 ], [ 79.9632287, 6.5719445 ], [ 79.9631891, 6.5720763 ], [ 79.9632506, 6.572208 ], [ 79.9633531, 6.5723384 ], [ 79.9634393, 6.572481 ], [ 79.9634639, 6.5727799 ], [ 79.963494, 6.5731222 ], [ 79.963494, 6.573364 ], [ 79.9634967, 6.5734849 ], [ 79.9634953, 6.5735229 ], [ 79.9634776, 6.5736152 ], [ 79.9634366, 6.5736397 ], [ 79.9633873, 6.5736451 ] ] ], [ [ [ 79.949773, 6.6043048 ], [ 79.949692, 6.6042847 ], [ 79.9496465, 6.6044104 ], [ 79.9498995, 6.6046014 ], [ 79.95036, 6.6047924 ], [ 79.950856, 6.6050639 ], [ 79.951201495537561, 6.605192782081247 ], [ 79.951526809902788, 6.605177600744202 ], [ 79.951661273173755, 6.605194950843681 ], [ 79.951700310897579, 6.605129887970635 ], [ 79.951142938951818, 6.605060487572719 ], [ 79.9509775, 6.6049684 ], [ 79.9505726, 6.6047773 ], [ 79.9502639, 6.6045762 ], [ 79.9499704, 6.6044506 ], [ 79.949773, 6.6043048 ] ] ], [ [ [ 79.955614400651626, 6.623208210526244 ], [ 79.955732983307342, 6.623285745339594 ], [ 79.955737544178703, 6.623053140899544 ], [ 79.955696496336344, 6.622893510401471 ], [ 79.95581507899206, 6.622688271189662 ], [ 79.955933661647776, 6.622674588575541 ], [ 79.956293970486286, 6.62263354073318 ], [ 79.95648552708397, 6.622861584301856 ], [ 79.956845835922479, 6.62287982778735 ], [ 79.956946175092696, 6.622597053762192 ], [ 79.956886883764838, 6.622510397206095 ], [ 79.956262044386662, 6.622432862392745 ], [ 79.956024879075244, 6.622378131936262 ], [ 79.955742105050078, 6.622268671023297 ], [ 79.955126387414651, 6.622172892724453 ], [ 79.954747835090657, 6.622177453595827 ], [ 79.954524352393349, 6.622355327579394 ], [ 79.954556278492973, 6.62287982778735 ], [ 79.955158313514275, 6.623025775671302 ], [ 79.955413722311192, 6.622971045214821 ], [ 79.955418283182567, 6.623066823513665 ], [ 79.955614400651626, 6.623208210526244 ] ] ], [ [ [ 79.954351039281164, 6.623016653928556 ], [ 79.954182287040339, 6.623002971314436 ], [ 79.954145800069355, 6.623066823513665 ], [ 79.95414123919798, 6.623139797455641 ], [ 79.954209652268574, 6.623235575754485 ], [ 79.954382965380773, 6.623235575754485 ], [ 79.954528913264724, 6.623231014883111 ], [ 79.9545152306506, 6.623153480069762 ], [ 79.954442256708631, 6.62304858002817 ], [ 79.954351039281164, 6.623016653928556 ] ] ], [ [ [ 79.955532304966894, 6.623719028120079 ], [ 79.955641765879861, 6.623367841024318 ], [ 79.955555109323768, 6.623249258368606 ], [ 79.955450209282176, 6.623212771397617 ], [ 79.955249530941742, 6.623185406169377 ], [ 79.955231287456243, 6.62334503666745 ], [ 79.954985000402075, 6.623595884592993 ], [ 79.955532304966894, 6.623719028120079 ] ] ], [ [ [ 79.954852155973967, 6.62423293800539 ], [ 79.954851550811384, 6.624238621021523 ], [ 79.954863384079744, 6.624239954347535 ], [ 79.954852155973967, 6.62423293800539 ] ] ], [ [ [ 79.954810787526142, 6.624005411542312 ], [ 79.954955577093557, 6.624100558972326 ], [ 79.95486042966354, 6.624646622483714 ], [ 79.955009356075735, 6.624820369964611 ], [ 79.95503831398922, 6.624758317292861 ], [ 79.955290661520991, 6.624766590982428 ], [ 79.955418903709273, 6.624745906758512 ], [ 79.955497503760157, 6.624592843501532 ], [ 79.955600924879747, 6.624501832916301 ], [ 79.955704345999322, 6.624539064519349 ], [ 79.955741577602367, 6.624452190778902 ], [ 79.955600924879747, 6.62438600126237 ], [ 79.955108640350531, 6.624315674901054 ], [ 79.955174829867062, 6.623930948336213 ], [ 79.955013492920514, 6.62391440095708 ], [ 79.954839745439628, 6.623835800906199 ], [ 79.954810787526142, 6.624005411542312 ] ] ], [ [ [ 79.95363319563711, 6.62501608181993 ], [ 79.953268890905164, 6.625327588764633 ], [ 79.953268890905164, 6.625586297922099 ], [ 79.954155893730757, 6.625665494602956 ], [ 79.954330126428644, 6.625596857479546 ], [ 79.954192852181819, 6.625248392083777 ], [ 79.954609954700999, 6.624709854653951 ], [ 79.9547208300542, 6.62501608181993 ], [ 79.954895062752087, 6.624926325581626 ], [ 79.954805306513791, 6.624672896202885 ], [ 79.954851550811384, 6.624238621021523 ], [ 79.954113655500961, 6.624155477887954 ], [ 79.954150613952038, 6.623907328287936 ], [ 79.953934143024355, 6.623474386432586 ], [ 79.953717672096687, 6.623411029087901 ], [ 79.953617356300938, 6.624171317224126 ], [ 79.953796868777545, 6.624255793683706 ], [ 79.95363319563711, 6.62501608181993 ] ] ], [ [ [ 79.9586739, 6.6258079 ], [ 79.9595429, 6.6260263 ], [ 79.9596609, 6.6259944 ], [ 79.9597414, 6.6258985 ], [ 79.9596716, 6.6258079 ], [ 79.9588723, 6.6255681 ], [ 79.9588241, 6.6255787 ], [ 79.9586363, 6.6257546 ], [ 79.9586739, 6.6258079 ] ] ], [ [ [ 79.9582608, 6.6271613 ], [ 79.958352, 6.627204 ], [ 79.9587436, 6.6272572 ], [ 79.9587919, 6.6272359 ], [ 79.958808, 6.627188 ], [ 79.958867, 6.6271294 ], [ 79.9590386, 6.627124 ], [ 79.9590977, 6.6270814 ], [ 79.9591084, 6.6269056 ], [ 79.9588938, 6.6268043 ], [ 79.9584056, 6.626767 ], [ 79.9581696, 6.6266445 ], [ 79.9580784, 6.6266658 ], [ 79.9579819, 6.6268256 ], [ 79.9579711, 6.6269269 ], [ 79.9580194, 6.6269908 ], [ 79.9582554, 6.6270601 ], [ 79.9582608, 6.6271613 ] ] ], [ [ [ 79.9572623, 6.6829007 ], [ 79.9571434, 6.682866 ], [ 79.957037309689028, 6.682816563666647 ], [ 79.956981105078384, 6.68290649104368 ], [ 79.9572045, 6.6830106 ], [ 79.9572623, 6.6829007 ] ] ], [ [ [ 79.948612793960152, 6.683496527472339 ], [ 79.948476027035611, 6.683479537792273 ], [ 79.9484753, 6.6834825 ], [ 79.9486121, 6.6834999 ], [ 79.948612793960152, 6.683496527472339 ] ] ], [ [ [ 79.9693636, 6.6796938 ], [ 79.9693786, 6.6796504 ], [ 79.9694269, 6.679588 ], [ 79.969445, 6.6795107 ], [ 79.9694023, 6.6794756 ], [ 79.9693172, 6.6795026 ], [ 79.9691991, 6.6796134 ], [ 79.9691024, 6.6796475 ], [ 79.9689649, 6.6796622 ], [ 79.9686289, 6.6797493 ], [ 79.9681796, 6.6799411 ], [ 79.9680217, 6.6800753 ], [ 79.9679113, 6.6801823 ], [ 79.9678411, 6.680267 ], [ 79.9677863, 6.6803575 ], [ 79.9677592, 6.6804385 ], [ 79.9677286, 6.680568 ], [ 79.9677486, 6.6806351 ], [ 79.9678116, 6.6807003 ], [ 79.9680571, 6.6809053 ], [ 79.968187, 6.6809567 ], [ 79.9683398, 6.6810296 ], [ 79.9686446, 6.6812261 ], [ 79.9687318, 6.6812873 ], [ 79.9687838, 6.68133 ], [ 79.9688131, 6.6814051 ], [ 79.96894, 6.6814944 ], [ 79.9690177, 6.6815722 ], [ 79.9690769, 6.6816584 ], [ 79.9690852, 6.6817506 ], [ 79.9690833, 6.6819049 ], [ 79.9690421, 6.6820473 ], [ 79.9688801, 6.6825291 ], [ 79.9687719, 6.6827467 ], [ 79.9687, 6.6828484 ], [ 79.9685594, 6.6829646 ], [ 79.9684745, 6.6830484 ], [ 79.9684169, 6.6831575 ], [ 79.9683594, 6.6833203 ], [ 79.9683175, 6.6833869 ], [ 79.9682455, 6.6837916 ], [ 79.9682004, 6.6841356 ], [ 79.9682041, 6.684644 ], [ 79.9682659, 6.6850409 ], [ 79.9682843, 6.6853219 ], [ 79.9683582, 6.6856986 ], [ 79.9684026, 6.6860143 ], [ 79.9684574, 6.6862543 ], [ 79.9684699, 6.6866715 ], [ 79.9684167, 6.6868954 ], [ 79.9684256, 6.6872399 ], [ 79.9683984, 6.6875246 ], [ 79.9682958, 6.6879738 ], [ 79.9681607, 6.6882792 ], [ 79.9678357, 6.6886694 ], [ 79.9676657, 6.6887263 ], [ 79.9674955, 6.6887344 ], [ 79.9671992, 6.6888244 ], [ 79.9670167, 6.68894 ], [ 79.9668673, 6.6891663 ], [ 79.9667053, 6.6894317 ], [ 79.9665462, 6.6897298 ], [ 79.9662737, 6.6899539 ], [ 79.9659987, 6.6901104 ], [ 79.9658533, 6.6901603 ], [ 79.9657344, 6.6901922 ], [ 79.965611, 6.6902324 ], [ 79.9654252, 6.6902704 ], [ 79.9651705, 6.6903533 ], [ 79.9650065, 6.6904439 ], [ 79.9649261, 6.6904727 ], [ 79.9648339, 6.6904871 ], [ 79.9647732, 6.690464 ], [ 79.9646779, 6.6904182 ], [ 79.9646206, 6.6903394 ], [ 79.9645282, 6.6902596 ], [ 79.9643054, 6.6900461 ], [ 79.9641391, 6.6897797 ], [ 79.9639864, 6.6895835 ], [ 79.9639319, 6.6892273 ], [ 79.9639652, 6.6890841 ], [ 79.9640263, 6.6889163 ], [ 79.9641015, 6.6886903 ], [ 79.964145, 6.6885193 ], [ 79.9641633, 6.6883508 ], [ 79.9641533, 6.6882177 ], [ 79.9641244, 6.6880372 ], [ 79.9640654, 6.6879157 ], [ 79.9640183, 6.6878353 ], [ 79.9639665, 6.6877318 ], [ 79.9639046, 6.6875972 ], [ 79.9638903, 6.6875141 ], [ 79.9639097, 6.6874489 ], [ 79.9638503, 6.6874328 ], [ 79.9637621, 6.6873976 ], [ 79.963692, 6.6873375 ], [ 79.9635799, 6.6872877 ], [ 79.9633524, 6.6871445 ], [ 79.9632591, 6.6870483 ], [ 79.9632017, 6.6869771 ], [ 79.9631407, 6.686888 ], [ 79.963112, 6.6869877 ], [ 79.9630295, 6.6870626 ], [ 79.9629291, 6.6870982 ], [ 79.9627999, 6.6870911 ], [ 79.9626923, 6.6871125 ], [ 79.9624842, 6.6870626 ], [ 79.9623981, 6.6870198 ], [ 79.9623479, 6.6869557 ], [ 79.9623479, 6.6868702 ], [ 79.96222, 6.6868203 ], [ 79.9621913, 6.6866208 ], [ 79.9621447, 6.6864248 ], [ 79.9621124, 6.6862644 ], [ 79.9620191, 6.6860507 ], [ 79.9619761, 6.6859723 ], [ 79.961951, 6.6859473 ], [ 79.9618649, 6.685926 ], [ 79.9617034, 6.6859188 ], [ 79.9616274, 6.6858289 ], [ 79.9615342, 6.6858502 ], [ 79.9614014, 6.6858289 ], [ 79.9612759, 6.6857932 ], [ 79.9612077, 6.6857362 ], [ 79.9611718, 6.6856756 ], [ 79.9611503, 6.6856151 ], [ 79.9610644, 6.6854879 ], [ 79.9610249, 6.685552 ], [ 79.9609747, 6.6855377 ], [ 79.9608958, 6.6855057 ], [ 79.9608527, 6.685495 ], [ 79.9608169, 6.6854986 ], [ 79.9607236, 6.6855235 ], [ 79.9606769, 6.6854879 ], [ 79.9606052, 6.6854522 ], [ 79.9605944, 6.6853738 ], [ 79.9605286, 6.6852467 ], [ 79.9604963, 6.6850721 ], [ 79.9605107, 6.6850223 ], [ 79.9604138, 6.6849617 ], [ 79.9603779, 6.6847907 ], [ 79.9603421, 6.6848085 ], [ 79.9602918, 6.6847907 ], [ 79.9602308, 6.684755 ], [ 79.960195, 6.6847622 ], [ 79.9601376, 6.68478 ], [ 79.9600182, 6.6847882 ], [ 79.9598544, 6.6847422 ], [ 79.9596456, 6.684662 ], [ 79.9593773, 6.6845934 ], [ 79.9591071, 6.6845591 ], [ 79.9590434, 6.6844566 ], [ 79.958904, 6.6844225 ], [ 79.9588878, 6.6843299 ], [ 79.9588051, 6.6843026 ], [ 79.9587909, 6.684228 ], [ 79.958745, 6.6841271 ], [ 79.9586507, 6.6840871 ], [ 79.9585305, 6.6839847 ], [ 79.9584687, 6.683804 ], [ 79.9584955, 6.6836737 ], [ 79.9585654, 6.6835685 ], [ 79.9587467, 6.6834188 ], [ 79.9588657, 6.6832491 ], [ 79.9588804, 6.6830171 ], [ 79.9587244, 6.6828231 ], [ 79.95849, 6.6826962 ], [ 79.9582431, 6.6826544 ], [ 79.9580882, 6.6826962 ], [ 79.9579417, 6.6827753 ], [ 79.9578714, 6.6827067 ], [ 79.9577545, 6.6826648 ], [ 79.95761, 6.6826753 ], [ 79.9575209, 6.6826075 ], [ 79.95741, 6.6825764 ], [ 79.9573043, 6.6827068 ], [ 79.9572654, 6.6829034 ], [ 79.9572053, 6.6830171 ], [ 79.9570934, 6.6831767 ], [ 79.9572308, 6.6831822 ], [ 79.9574524, 6.6832997 ], [ 79.9575992, 6.6834761 ], [ 79.9576073, 6.6836561 ], [ 79.957565, 6.6838639 ], [ 79.957473, 6.6840459 ], [ 79.9573078, 6.6841074 ], [ 79.9571526, 6.6840889 ], [ 79.9570154, 6.6840581 ], [ 79.9568327, 6.6841205 ], [ 79.95674, 6.6841071 ], [ 79.9566828, 6.6840472 ], [ 79.9565571, 6.6839943 ], [ 79.956401, 6.6839417 ], [ 79.9561866, 6.683922 ], [ 79.9559668, 6.6839482 ], [ 79.9557376, 6.6839482 ], [ 79.9555632, 6.6839548 ], [ 79.954954, 6.6838242 ], [ 79.9543219, 6.6837532 ], [ 79.9539118, 6.6837019 ], [ 79.9536114, 6.6836254 ], [ 79.9530642, 6.683326 ], [ 79.9519637, 6.6824999 ], [ 79.9512319, 6.6824411 ], [ 79.950269, 6.6827627 ], [ 79.9502409, 6.6828628 ], [ 79.9505885, 6.6830522 ], [ 79.9506647, 6.6832151 ], [ 79.9505753, 6.6833791 ], [ 79.9503224, 6.6835549 ], [ 79.9499408, 6.6836623 ], [ 79.9492598, 6.683592 ], [ 79.9490731, 6.6838049 ], [ 79.9487085, 6.6837428 ], [ 79.9486273, 6.6836006 ], [ 79.9486119, 6.6835003 ], [ 79.9484753, 6.6834829 ], [ 79.9484345, 6.6835502 ], [ 79.9482122, 6.6836666 ], [ 79.9478523, 6.6835727 ], [ 79.9476529, 6.6836607 ], [ 79.9475379, 6.6837255 ], [ 79.9470613, 6.6840149 ], [ 79.9464649, 6.6844455 ], [ 79.9460523, 6.6848236 ], [ 79.9451666, 6.6856181 ], [ 79.9447771, 6.6859058 ], [ 79.9444252, 6.6860567 ], [ 79.943986, 6.6862594 ], [ 79.94346, 6.6863785 ], [ 79.942922, 6.6862594 ], [ 79.9426247, 6.6860903 ], [ 79.9424432, 6.6860062 ], [ 79.942460298543821, 6.685759053393246 ], [ 79.942312822698256, 6.685785078542464 ], [ 79.941887745261027, 6.685958579537255 ], [ 79.941601645261031, 6.686263479537255 ], [ 79.941418045261031, 6.686503579537255 ], [ 79.9412505, 6.6871118 ], [ 79.940751313745139, 6.687016935605474 ], [ 79.940495313745146, 6.687187735605473 ], [ 79.940156913745142, 6.687493635605473 ], [ 79.9400628, 6.6879667 ], [ 79.940222135711039, 6.688569769508845 ], [ 79.9401413, 6.688766 ], [ 79.939996584417813, 6.688769295652854 ], [ 79.939918508970152, 6.688873396249728 ], [ 79.939727657875878, 6.689081597443476 ], [ 79.939580182030312, 6.689229073289048 ], [ 79.939122573156553, 6.689376549134619 ], [ 79.938905696913068, 6.689497999830972 ], [ 79.938888346813584, 6.689853676870292 ], [ 79.939001122460198, 6.690339479655703 ], [ 79.938543513586453, 6.690677806595544 ], [ 79.93833314363026, 6.690833957490855 ], [ 79.938385193928696, 6.690938058087729 ], [ 79.938502307100194, 6.690881670264423 ], [ 79.938983772360743, 6.69092070798825 ], [ 79.93906618533326, 6.69101830229782 ], [ 79.938585108492902, 6.691464143483287 ], [ 79.938432906702275, 6.691660255978543 ], [ 79.938194342834421, 6.692044126929517 ], [ 79.938237718083116, 6.692200277824828 ], [ 79.938276755806939, 6.692378116344488 ], [ 79.93848380849289, 6.692514443483288 ], [ 79.938604108492896, 6.692645743483288 ], [ 79.938684483144698, 6.692811868831463 ], [ 79.938870996714101, 6.693007057450601 ], [ 79.939278139411883, 6.693003832102424 ], [ 79.939566439411891, 6.692967832102425 ], [ 79.939777539411878, 6.692946332102425 ], [ 79.940141891500929, 6.692915969428337 ], [ 79.940354430219557, 6.693015732500341 ], [ 79.940539430219559, 6.693139632500341 ], [ 79.940589146375416, 6.693303372810625 ], [ 79.940705846375423, 6.693396672810625 ], [ 79.94086434637542, 6.693472472810625 ], [ 79.940992046375428, 6.693505872810625 ], [ 79.941347723414722, 6.693275983992526 ], [ 79.941594962332303, 6.693523222910102 ], [ 79.94172942560327, 6.693822512126115 ], [ 79.941772800851965, 6.694204214314653 ], [ 79.941962654532688, 6.694456293343553 ], [ 79.942002754532695, 6.694556393343553 ], [ 79.942152454532689, 6.694788193343553 ], [ 79.94225465453269, 6.694878793343553 ], [ 79.942414754532692, 6.694906893343552 ], [ 79.942671554532694, 6.694850793343552 ], [ 79.9429104, 6.6946026 ], [ 79.9430155, 6.6944588 ], [ 79.9430084, 6.6942846 ], [ 79.9431163, 6.6941468 ], [ 79.9433166, 6.6940244 ], [ 79.9434508, 6.6939481 ], [ 79.9435365, 6.693904 ], [ 79.943681, 6.6939103 ], [ 79.9438198, 6.6939292 ], [ 79.9439062, 6.6939292 ], [ 79.9438653, 6.6937425 ], [ 79.9439949, 6.6935846 ], [ 79.9442652, 6.693501 ], [ 79.944553, 6.6934008 ], [ 79.9447298, 6.6932791 ], [ 79.9449758, 6.6931257 ], [ 79.9453153, 6.6928614 ], [ 79.9456342, 6.6928003 ], [ 79.9457353, 6.6928916 ], [ 79.9459054, 6.6929375 ], [ 79.9462122, 6.6929375 ], [ 79.9465051, 6.6928117 ], [ 79.9468307, 6.6927322 ], [ 79.947145, 6.6926983 ], [ 79.9473366, 6.6926983 ], [ 79.9474887, 6.692597 ], [ 79.9474578, 6.6924409 ], [ 79.9476791, 6.6919954 ], [ 79.9479393, 6.6916542 ], [ 79.948087, 6.6913818 ], [ 79.9483486, 6.6910904 ], [ 79.948651, 6.6908757 ], [ 79.9490519, 6.6906641 ], [ 79.949461, 6.6905479 ], [ 79.9499715, 6.6904902 ], [ 79.9503371, 6.6905132 ], [ 79.9506698, 6.6905479 ], [ 79.9511996, 6.6907343 ], [ 79.9517826, 6.6910305 ], [ 79.9521843, 6.6911869 ], [ 79.9526499, 6.6914926 ], [ 79.9528186, 6.6916792 ], [ 79.9532469, 6.6917168 ], [ 79.9540327, 6.6919444 ], [ 79.9541866, 6.6920042 ], [ 79.9542766, 6.6920584 ], [ 79.9543899, 6.6920313 ], [ 79.9545251, 6.6919287 ], [ 79.9547216, 6.6920085 ], [ 79.9551383, 6.6922184 ], [ 79.9553472, 6.6922359 ], [ 79.95559, 6.6920958 ], [ 79.9557092, 6.6918172 ], [ 79.9558458, 6.6916441 ], [ 79.9561043, 6.6916096 ], [ 79.9564826, 6.6915407 ], [ 79.9568438, 6.6915063 ], [ 79.9572073, 6.6915579 ], [ 79.9574694, 6.6916614 ], [ 79.9576631, 6.6917652 ], [ 79.9579219, 6.6917479 ], [ 79.9582742, 6.6915063 ], [ 79.9582119, 6.6912664 ], [ 79.9580495, 6.691079 ], [ 79.9579037, 6.6908588 ], [ 79.9576767, 6.690724 ], [ 79.9575831, 6.6904893 ], [ 79.9576795, 6.6903393 ], [ 79.9576558, 6.6901568 ], [ 79.9576618, 6.6898601 ], [ 79.9578592, 6.6897455 ], [ 79.9580091, 6.6897128 ], [ 79.9581727, 6.6896149 ], [ 79.9584579, 6.6896149 ], [ 79.9586466, 6.6896964 ], [ 79.9588835, 6.6897291 ], [ 79.9596901, 6.6897291 ], [ 79.9600285, 6.6897618 ], [ 79.9604252, 6.689893 ], [ 79.9605209, 6.6900411 ], [ 79.9607659, 6.6903559 ], [ 79.9608441, 6.6906904 ], [ 79.9609046, 6.6910111 ], [ 79.9609771, 6.6912664 ], [ 79.9611148, 6.691472 ], [ 79.9614052, 6.6915407 ], [ 79.9616633, 6.6916441 ], [ 79.961766, 6.6918519 ], [ 79.961939, 6.6919562 ], [ 79.9620604, 6.6919388 ], [ 79.9626656, 6.6917478 ], [ 79.9630954, 6.6915751 ], [ 79.9634397, 6.6915407 ], [ 79.9639047, 6.6915235 ], [ 79.9640781, 6.6915579 ], [ 79.9642365, 6.6916613 ], [ 79.9643947, 6.6917478 ], [ 79.9645688, 6.6917824 ], [ 79.9648721, 6.6915751 ], [ 79.96535, 6.6910959 ], [ 79.9656207, 6.691028 ], [ 79.9659926, 6.6909433 ], [ 79.9663185, 6.6909602 ], [ 79.966544, 6.691011 ], [ 79.966843, 6.6911299 ], [ 79.9670682, 6.691164 ], [ 79.9673452, 6.691198 ], [ 79.9681009, 6.6917784 ], [ 79.9688417, 6.693726 ], [ 79.9690976, 6.6940469 ], [ 79.9694896, 6.6931039 ], [ 79.9695451, 6.6926185 ], [ 79.9701487, 6.6919545 ], [ 79.9703337, 6.6917883 ], [ 79.9703848, 6.6916016 ], [ 79.9704741, 6.6913488 ], [ 79.970594, 6.6912203 ], [ 79.9708051, 6.6911056 ], [ 79.9709934, 6.6911799 ], [ 79.9711441, 6.6913784 ], [ 79.9712844, 6.6916139 ], [ 79.971486, 6.6917568 ], [ 79.9716958, 6.691782 ], [ 79.9718555, 6.6915648 ], [ 79.971751, 6.6912959 ], [ 79.971661, 6.6910377 ], [ 79.9716586, 6.6909985 ], [ 79.9716052, 6.6906193 ], [ 79.9720147, 6.689642 ], [ 79.9721656, 6.6894276 ], [ 79.9723131, 6.6891035 ], [ 79.9724302, 6.688922 ], [ 79.9724765, 6.6887163 ], [ 79.9724446, 6.6884794 ], [ 79.9723363, 6.6883391 ], [ 79.9717916, 6.6875917 ], [ 79.9715321, 6.6873842 ], [ 79.9710644, 6.6870931 ], [ 79.9703219, 6.6864982 ], [ 79.9700241, 6.686162 ], [ 79.9692331, 6.6853275 ], [ 79.9691007, 6.6850493 ], [ 79.9690396, 6.6848077 ], [ 79.9693054, 6.6838411 ], [ 79.9694893, 6.6834761 ], [ 79.9695885, 6.683194 ], [ 79.9697192, 6.6827962 ], [ 79.9697319, 6.6826699 ], [ 79.9697404, 6.6825285 ], [ 79.9696633, 6.6824261 ], [ 79.9695806, 6.6822306 ], [ 79.9695571, 6.68206 ], [ 79.9695354, 6.6817545 ], [ 79.9695046, 6.6814798 ], [ 79.9695093, 6.6812812 ], [ 79.9695548, 6.6809963 ], [ 79.9696027, 6.6808235 ], [ 79.9696331, 6.6806169 ], [ 79.9696746, 6.6803833 ], [ 79.9696103, 6.6801983 ], [ 79.9695043, 6.679972 ], [ 79.9694294, 6.6798371 ], [ 79.9693793, 6.6797686 ], [ 79.9693636, 6.6796938 ] ] ], [ [ [ 79.9654198, 6.8037948 ], [ 79.9653019, 6.8037423 ], [ 79.9652978, 6.8036293 ], [ 79.9653384, 6.8034072 ], [ 79.9651758, 6.8033063 ], [ 79.9650206, 6.8032467 ], [ 79.9638511, 6.8034465 ], [ 79.963894, 6.8035623 ], [ 79.9639359, 6.8035526 ], [ 79.9640009, 6.8036293 ], [ 79.9640578, 6.8038796 ], [ 79.9639968, 6.8040249 ], [ 79.9639074, 6.8041621 ], [ 79.9639603, 6.8043721 ], [ 79.96407, 6.804582 ], [ 79.9642001, 6.8047273 ], [ 79.9640782, 6.8049695 ], [ 79.964068, 6.8052178 ], [ 79.9640578, 6.805466 ], [ 79.9640822, 6.8056477 ], [ 79.9642652, 6.8057002 ], [ 79.9644684, 6.8056921 ], [ 79.9647611, 6.8055347 ], [ 79.9648425, 6.8053691 ], [ 79.964879, 6.805139 ], [ 79.9650173, 6.8048242 ], [ 79.9651636, 6.8047273 ], [ 79.9654035, 6.8046183 ], [ 79.9656881, 6.8046546 ], [ 79.9659401, 6.8042954 ], [ 79.9659645, 6.8041339 ], [ 79.9655783, 6.8039119 ], [ 79.9654198, 6.8037948 ] ] ], [ [ [ 79.9472202, 6.8809313 ], [ 79.9467537, 6.8812966 ], [ 79.9466588, 6.8818087 ], [ 79.9466854, 6.8825054 ], [ 79.9468788, 6.8832172 ], [ 79.9469433, 6.8843017 ], [ 79.9468295, 6.8845089 ], [ 79.9467461, 6.8851265 ], [ 79.9466133, 6.8852658 ], [ 79.9462279, 6.8853202 ], [ 79.9461392, 6.8859258 ], [ 79.9467233, 6.8867383 ], [ 79.9465956, 6.8871833 ], [ 79.9465558, 6.8882196 ], [ 79.9463833, 6.8886522 ], [ 79.9471958, 6.8891487 ], [ 79.9474522, 6.8892302 ], [ 79.9476424, 6.8891628 ], [ 79.9477009, 6.8889701 ], [ 79.9477066, 6.8887763 ], [ 79.947722, 6.8882518 ], [ 79.947681, 6.8875514 ], [ 79.9481891, 6.8871976 ], [ 79.9478775, 6.8865972 ], [ 79.9479516, 6.8857353 ], [ 79.9483734, 6.8852131 ], [ 79.9484189, 6.8849118 ], [ 79.9482368, 6.8841511 ], [ 79.9480699, 6.8840683 ], [ 79.9478499, 6.8838348 ], [ 79.947812, 6.8835297 ], [ 79.9478992, 6.883236 ], [ 79.9475389, 6.8825243 ], [ 79.9477096, 6.8817409 ], [ 79.9475199, 6.8810706 ], [ 79.9472202, 6.8809313 ] ] ], [ [ [ 79.948983, 6.8906114 ], [ 79.9490948, 6.8906644 ], [ 79.9491549, 6.8907704 ], [ 79.9491916, 6.8907539 ], [ 79.9491683, 6.8907075 ], [ 79.9492083, 6.8906826 ], [ 79.9492951, 6.8906892 ], [ 79.9493685, 6.8906279 ], [ 79.9493735, 6.8905318 ], [ 79.9494103, 6.8905418 ], [ 79.949442, 6.8904838 ], [ 79.9496272, 6.8904225 ], [ 79.9496415, 6.8903839 ], [ 79.9495267, 6.8903879 ], [ 79.9494533, 6.8904078 ], [ 79.9494052, 6.8904462 ], [ 79.9493545, 6.890303 ], [ 79.9493558, 6.8902023 ], [ 79.9493198, 6.8901533 ], [ 79.9492926, 6.8901447 ], [ 79.9492567, 6.8901855 ], [ 79.9491983, 6.8902005 ], [ 79.9490564, 6.8903048 ], [ 79.9489763, 6.8904424 ], [ 79.9489613, 6.8905269 ], [ 79.948983, 6.8906114 ] ] ], [ [ [ 79.9644879, 6.9132976 ], [ 79.9645396, 6.9132996 ], [ 79.9645429, 6.9132284 ], [ 79.9644088, 6.9132211 ], [ 79.9644048, 6.9133489 ], [ 79.9644893, 6.9133509 ], [ 79.9644879, 6.9132976 ] ] ], [ [ [ 79.9649915, 6.913458 ], [ 79.9648084, 6.913452 ], [ 79.9649338, 6.9133216 ], [ 79.9649312, 6.913293 ], [ 79.9647058, 6.9132763 ], [ 79.9646971, 6.9134733 ], [ 79.9647394, 6.913492 ], [ 79.9647327, 6.9138621 ], [ 79.9647468, 6.9138787 ], [ 79.9649647, 6.9138987 ], [ 79.9649915, 6.913458 ] ] ], [ [ [ 79.9518254, 6.919452 ], [ 79.9519039, 6.9195226 ], [ 79.9519394, 6.919502 ], [ 79.9519931, 6.9195106 ], [ 79.9521004, 6.9194021 ], [ 79.9521346, 6.9193169 ], [ 79.9521124, 6.9191984 ], [ 79.9520454, 6.9191285 ], [ 79.9519629, 6.9191012 ], [ 79.9518804, 6.9191052 ], [ 79.9517872, 6.9191372 ], [ 79.9516075, 6.9193462 ], [ 79.9516343, 6.9193901 ], [ 79.9516947, 6.9194174 ], [ 79.9517389, 6.9194194 ], [ 79.9517758, 6.9193828 ], [ 79.9517966, 6.9193881 ], [ 79.9518254, 6.919452 ] ] ], [ [ [ 79.9524618, 6.9199433 ], [ 79.9524008, 6.9198721 ], [ 79.9523015, 6.9198801 ], [ 79.9522888, 6.9198614 ], [ 79.9522512, 6.9198994 ], [ 79.9522533, 6.9199233 ], [ 79.95239, 6.9200285 ], [ 79.9524303, 6.9200238 ], [ 79.9524578, 6.9199959 ], [ 79.9524618, 6.9199433 ] ] ], [ [ [ 79.960812, 6.9200102 ], [ 79.9608381, 6.9199396 ], [ 79.9606823, 6.9198827 ], [ 79.9606561, 6.9199533 ], [ 79.960812, 6.9200102 ] ] ], [ [ [ 79.960609, 6.9200631 ], [ 79.9606117, 6.9200378 ], [ 79.9606499, 6.9200125 ], [ 79.9606412, 6.9200571 ], [ 79.9607552, 6.9200804 ], [ 79.9607532, 6.9200112 ], [ 79.9606325, 6.9199633 ], [ 79.9606445, 6.9198641 ], [ 79.960607, 6.9198568 ], [ 79.9605433, 6.919886 ], [ 79.9605513, 6.9200318 ], [ 79.960609, 6.9200631 ] ] ], [ [ [ 79.9608925, 6.9200452 ], [ 79.9609969, 6.9200809 ], [ 79.9610212, 6.9200108 ], [ 79.9609168, 6.9199751 ], [ 79.9608925, 6.9200452 ] ] ], [ [ [ 79.9610187, 6.920125 ], [ 79.9608229, 6.9200465 ], [ 79.9607941, 6.9200525 ], [ 79.9608001, 6.920119 ], [ 79.9609416, 6.9201703 ], [ 79.9610368, 6.9201763 ], [ 79.9611495, 6.9201683 ], [ 79.9611776, 6.9200964 ], [ 79.9611012, 6.9200378 ], [ 79.9610556, 6.9200305 ], [ 79.9610187, 6.920125 ] ] ], [ [ [ 79.9617952, 6.9215382 ], [ 79.9617872, 6.9215875 ], [ 79.96181, 6.9216301 ], [ 79.9618502, 6.921662 ], [ 79.9619025, 6.9216793 ], [ 79.9619535, 6.9216913 ], [ 79.9621157, 6.921702 ], [ 79.9621291, 6.9216754 ], [ 79.9620795, 6.921465 ], [ 79.961936, 6.9214464 ], [ 79.9618569, 6.921465 ], [ 79.9618086, 6.921497 ], [ 79.9617952, 6.9215382 ] ] ], [ [ [ 79.9485967, 6.9296617 ], [ 79.9485787, 6.9296964 ], [ 79.9485107, 6.9296934 ], [ 79.9484627, 6.9297331 ], [ 79.9484764, 6.929806 ], [ 79.9485127, 6.9298353 ], [ 79.9487146, 6.9298601 ], [ 79.9487975, 6.9298928 ], [ 79.9488135, 6.9298809 ], [ 79.9488395, 6.9299206 ], [ 79.9490054, 6.9299394 ], [ 79.9490364, 6.9299325 ], [ 79.9491233, 6.9298303 ], [ 79.9491643, 6.9297242 ], [ 79.9491453, 6.9297093 ], [ 79.9489104, 6.9297182 ], [ 79.9487446, 6.9296766 ], [ 79.9486906, 6.9296944 ], [ 79.9486826, 6.9297291 ], [ 79.9486466, 6.9297301 ], [ 79.9486366, 6.9296647 ], [ 79.9485967, 6.9296617 ] ] ], [ [ [ 79.9494182, 6.9326387 ], [ 79.94939, 6.9327186 ], [ 79.9494423, 6.9327479 ], [ 79.9495053, 6.9326827 ], [ 79.9495214, 6.9326307 ], [ 79.9494182, 6.9326387 ] ] ], [ [ [ 79.9510194, 6.932897 ], [ 79.951167, 6.9334042 ], [ 79.9519341, 6.9332485 ], [ 79.9519113, 6.9330994 ], [ 79.9520199, 6.9330275 ], [ 79.9525858, 6.9330048 ], [ 79.9528071, 6.9328158 ], [ 79.9528205, 6.9325988 ], [ 79.9527293, 6.9319944 ], [ 79.9510221, 6.9325362 ], [ 79.951053, 6.9327093 ], [ 79.9510194, 6.932897 ] ] ], [ [ [ 79.9450396, 6.9352502 ], [ 79.9451812, 6.9353486 ], [ 79.9453794, 6.9354329 ], [ 79.9456201, 6.9354329 ], [ 79.9456614, 6.9352954 ], [ 79.9458465, 6.9352981 ], [ 79.9458749, 6.9354751 ], [ 79.9461155, 6.935461 ], [ 79.9462288, 6.9347162 ], [ 79.9461297, 6.934393 ], [ 79.9459457, 6.9342103 ], [ 79.945521, 6.9340979 ], [ 79.9430294, 6.933873 ], [ 79.942902, 6.9344351 ], [ 79.9428345, 6.9349105 ], [ 79.943096, 6.9352867 ], [ 79.9429024, 6.9355706 ], [ 79.9426918, 6.9355651 ], [ 79.9426613, 6.9356578 ], [ 79.9448556, 6.9358545 ], [ 79.9461439, 6.9356437 ], [ 79.9461297, 6.9355453 ], [ 79.9452095, 6.9355313 ], [ 79.9450255, 6.9354048 ], [ 79.9446291, 6.9356999 ], [ 79.9443743, 6.9355032 ], [ 79.9439496, 6.9353345 ], [ 79.9438221, 6.9351237 ], [ 79.943624, 6.9350675 ], [ 79.9435532, 6.9348848 ], [ 79.9437655, 6.9348005 ], [ 79.9440487, 6.9348005 ], [ 79.9443601, 6.9348848 ], [ 79.9445583, 6.9350394 ], [ 79.9446716, 6.9350816 ], [ 79.944799, 6.9348848 ], [ 79.9449972, 6.9348708 ], [ 79.9450963, 6.9350535 ], [ 79.9450396, 6.9352502 ] ] ], [ [ [ 79.9573754, 6.9444454 ], [ 79.9570593, 6.9441415 ], [ 79.9569643, 6.9441246 ], [ 79.9567489, 6.9442231 ], [ 79.9566666, 6.9443202 ], [ 79.9566567, 6.9443736 ], [ 79.9567418, 6.9445707 ], [ 79.9567942, 6.9448296 ], [ 79.9568438, 6.9449182 ], [ 79.9568977, 6.9449464 ], [ 79.9572337, 6.9447775 ], [ 79.9573542, 6.9446959 ], [ 79.9574038, 6.944596 ], [ 79.9573754, 6.9444454 ] ] ], [ [ [ 79.9530507, 6.9450665 ], [ 79.9531336, 6.9451053 ], [ 79.9531649, 6.9450392 ], [ 79.9531211, 6.9450162 ], [ 79.9531826, 6.9448799 ], [ 79.9533127, 6.9449478 ], [ 79.9532484, 6.9450796 ], [ 79.9532121, 6.9450569 ], [ 79.9531773, 6.9451222 ], [ 79.9533087, 6.9452766 ], [ 79.9533288, 6.945415 ], [ 79.9533127, 6.9455748 ], [ 79.9533275, 6.9456786 ], [ 79.9533825, 6.9457532 ], [ 79.9535528, 6.9458291 ], [ 79.9535595, 6.9458836 ], [ 79.9535179, 6.9459795 ], [ 79.9535313, 6.9460141 ], [ 79.9535836, 6.9460234 ], [ 79.953872, 6.9456427 ], [ 79.9539256, 6.9454044 ], [ 79.9537338, 6.945025 ], [ 79.9534844, 6.9447787 ], [ 79.9534026, 6.9446642 ], [ 79.9534173, 6.9444685 ], [ 79.9531478, 6.9442542 ], [ 79.9529748, 6.9440478 ], [ 79.9525349, 6.9436751 ], [ 79.9524638, 6.9436391 ], [ 79.9522747, 6.943711 ], [ 79.952087, 6.9439214 ], [ 79.9519823, 6.9441157 ], [ 79.9519582, 6.9443114 ], [ 79.9519783, 6.9445644 ], [ 79.9520668, 6.944796 ], [ 79.952146, 6.9452193 ], [ 79.9521299, 6.9453245 ], [ 79.9520119, 6.9456467 ], [ 79.9522331, 6.9457545 ], [ 79.9523377, 6.9454909 ], [ 79.9523833, 6.9454923 ], [ 79.9524249, 6.9454217 ], [ 79.9524142, 6.9453258 ], [ 79.9524571, 6.9452473 ], [ 79.9525242, 6.9451927 ], [ 79.9526019, 6.9451821 ], [ 79.9527441, 6.9451022 ], [ 79.9528943, 6.9450489 ], [ 79.9530507, 6.9450665 ] ], [ [ 79.9527253, 6.9447414 ], [ 79.9527374, 6.9446469 ], [ 79.9527977, 6.944583 ], [ 79.9529091, 6.9445657 ], [ 79.9529989, 6.9446149 ], [ 79.9530137, 6.9447148 ], [ 79.9529265, 6.9448186 ], [ 79.95285, 6.9448266 ], [ 79.9527575, 6.9447987 ], [ 79.9527253, 6.9447414 ] ], [ [ 79.9535179, 6.9454616 ], [ 79.9534938, 6.9453538 ], [ 79.9535649, 6.9452979 ], [ 79.9536373, 6.9452966 ], [ 79.9536748, 6.9453392 ], [ 79.9536788, 6.9454217 ], [ 79.9536373, 6.9454683 ], [ 79.9535179, 6.9454616 ] ] ], [ [ [ 79.955699, 6.9450684 ], [ 79.9557415, 6.9451887 ], [ 79.9558917, 6.9452513 ], [ 79.9559896, 6.9452686 ], [ 79.9560459, 6.9452353 ], [ 79.9560928, 6.9451461 ], [ 79.9560517, 6.9450085 ], [ 79.955931, 6.9448794 ], [ 79.9558747, 6.944677 ], [ 79.9558398, 6.9446451 ], [ 79.9557982, 6.9446491 ], [ 79.9557593, 6.9446983 ], [ 79.955762, 6.9447636 ], [ 79.9558049, 6.9448674 ], [ 79.955699, 6.9450684 ] ] ], [ [ [ 79.9514144, 6.9454594 ], [ 79.9516015, 6.9455386 ], [ 79.9516142, 6.9455092 ], [ 79.9514271, 6.9454299 ], [ 79.9514144, 6.9454594 ] ] ], [ [ [ 79.9515632, 6.9456192 ], [ 79.9513761, 6.94554 ], [ 79.9513634, 6.9455695 ], [ 79.9515505, 6.9456487 ], [ 79.9515632, 6.9456192 ] ] ], [ [ [ 79.9492591, 6.9460071 ], [ 79.9492268, 6.9457963 ], [ 79.9492591, 6.9456475 ], [ 79.949371, 6.9454423 ], [ 79.9496763, 6.9451185 ], [ 79.9496119, 6.9450432 ], [ 79.9487868, 6.9456645 ], [ 79.9487736, 6.9457304 ], [ 79.9490637, 6.9463159 ], [ 79.9490524, 6.9460579 ], [ 79.9492591, 6.9460071 ] ], [ [ 79.9489537, 6.9456381 ], [ 79.9488902, 6.9457511 ], [ 79.9488409, 6.9457426 ], [ 79.9488418, 6.9456758 ], [ 79.948893, 6.9456278 ], [ 79.9489357, 6.9456193 ], [ 79.9489537, 6.9456381 ] ], [ [ 79.9490837, 6.9459459 ], [ 79.9490306, 6.9459619 ], [ 79.9490068, 6.9459469 ], [ 79.9489888, 6.9458443 ], [ 79.9490381, 6.9458358 ], [ 79.9490694, 6.9458593 ], [ 79.9490837, 6.9459459 ] ] ], [ [ [ 79.9521394, 6.9469665 ], [ 79.9524693, 6.9469239 ], [ 79.9524988, 6.9468733 ], [ 79.9522923, 6.9467482 ], [ 79.9523084, 6.9464926 ], [ 79.9521716, 6.9464473 ], [ 79.952075, 6.9465032 ], [ 79.9519382, 6.94645 ], [ 79.9517558, 6.9466869 ], [ 79.9516915, 6.9467003 ], [ 79.9516056, 6.9467801 ], [ 79.9516056, 6.9469319 ], [ 79.9516351, 6.9470677 ], [ 79.9520509, 6.9469931 ], [ 79.9520267, 6.9466843 ], [ 79.9520884, 6.9466763 ], [ 79.9520884, 6.9468147 ], [ 79.9521394, 6.9469665 ] ] ], [ [ [ 79.9560325, 6.9464908 ], [ 79.9559842, 6.9465148 ], [ 79.9559359, 6.9466133 ], [ 79.9558823, 6.9466665 ], [ 79.955767, 6.9466239 ], [ 79.9557294, 6.9466852 ], [ 79.9557321, 6.9467837 ], [ 79.9557804, 6.9467864 ], [ 79.9557911, 6.9468636 ], [ 79.9557348, 6.9469062 ], [ 79.9558528, 6.9470633 ], [ 79.9559118, 6.9469594 ], [ 79.9559869, 6.9469727 ], [ 79.9561478, 6.9468609 ], [ 79.9560969, 6.9468183 ], [ 79.9560674, 6.9467464 ], [ 79.956054, 6.9465441 ], [ 79.9560325, 6.9464908 ] ] ], [ [ [ 79.9526717, 6.9473388 ], [ 79.952736, 6.9473282 ], [ 79.9528755, 6.9471338 ], [ 79.9529104, 6.94703 ], [ 79.9527897, 6.9469235 ], [ 79.9526475, 6.9469235 ], [ 79.9526046, 6.9471525 ], [ 79.9526717, 6.9473388 ] ] ], [ [ [ 79.9495038, 6.9470652 ], [ 79.9494905, 6.9469993 ], [ 79.949261, 6.9469089 ], [ 79.9492496, 6.9472986 ], [ 79.9493084, 6.9473551 ], [ 79.9495038, 6.9470652 ] ] ], [ [ [ 79.955319, 6.9473135 ], [ 79.9554236, 6.9472763 ], [ 79.9554102, 6.9473242 ], [ 79.9555524, 6.9473455 ], [ 79.9556355, 6.9473881 ], [ 79.955716, 6.9474786 ], [ 79.9557965, 6.947476 ], [ 79.9558743, 6.9474121 ], [ 79.9559091, 6.9472896 ], [ 79.9558769, 6.9472044 ], [ 79.9556221, 6.9470766 ], [ 79.9555309, 6.9470633 ], [ 79.9553432, 6.9471804 ], [ 79.9553056, 6.9472283 ], [ 79.955319, 6.9473135 ] ] ], [ [ [ 79.952014858651623, 6.947678044899665 ], [ 79.952128471181751, 6.947705396064324 ], [ 79.95210112001709, 6.94757074417677 ], [ 79.952300993912672, 6.947516041847451 ], [ 79.952460893029141, 6.947675940963922 ], [ 79.952669182667705, 6.947581263855485 ], [ 79.952494556001028, 6.946992161847436 ], [ 79.951711891904623, 6.947139437349448 ], [ 79.951848647727914, 6.947305648273148 ], [ 79.951871791021091, 6.947486586747049 ], [ 79.952014858651623, 6.947678044899665 ] ] ], [ [ [ 79.9526609, 6.9475199 ], [ 79.9527682, 6.9475518 ], [ 79.9528836, 6.9475598 ], [ 79.952905, 6.947432 ], [ 79.952677, 6.9473761 ], [ 79.9526529, 6.947424 ], [ 79.9526609, 6.9475199 ] ] ], [ [ [ 79.9496138, 6.9471217 ], [ 79.9494241, 6.9474455 ], [ 79.949847, 6.9478013 ], [ 79.9502586, 6.9478973 ], [ 79.9503933, 6.9474342 ], [ 79.9496138, 6.9471217 ] ] ], [ [ [ 79.9530453, 6.9504271 ], [ 79.9529799, 6.9504132 ], [ 79.9528754, 6.9504469 ], [ 79.9529012, 6.9505309 ], [ 79.9528608, 6.9505535 ], [ 79.9528585, 6.9506079 ], [ 79.9528994, 6.9506752 ], [ 79.952953, 6.9506781 ], [ 79.9530056, 6.9507354 ], [ 79.9530336, 6.9507331 ], [ 79.9530698, 6.9506949 ], [ 79.953071, 6.9506601 ], [ 79.9529928, 6.9506137 ], [ 79.9529496, 6.9505593 ], [ 79.9530453, 6.9505268 ], [ 79.9530698, 6.9504747 ], [ 79.9530453, 6.9504271 ] ] ], [ [ [ 79.9658854, 6.9506318 ], [ 79.9662004, 6.9507091 ], [ 79.9662464, 6.9506072 ], [ 79.9662605, 6.9505123 ], [ 79.9661544, 6.9504632 ], [ 79.9660871, 6.950544 ], [ 79.965942, 6.9505404 ], [ 79.9658854, 6.9506318 ] ] ], [ [ [ 79.966893, 6.951539 ], [ 79.9669174, 6.9515027 ], [ 79.9669174, 6.951432 ], [ 79.9669154, 6.9513856 ], [ 79.9668768, 6.9513574 ], [ 79.9668199, 6.9513594 ], [ 79.9667772, 6.9513977 ], [ 79.9666715, 6.9513574 ], [ 79.9666227, 6.9513937 ], [ 79.9666674, 6.951543 ], [ 79.9667589, 6.9515914 ], [ 79.966893, 6.951539 ] ] ], [ [ [ 79.957293909551694, 6.957556189872584 ], [ 79.9574343399741, 6.957590441195119 ], [ 79.957578195528754, 6.957628117649909 ], [ 79.957725476215657, 6.957689770030473 ], [ 79.957817954786492, 6.957717171088501 ], [ 79.957927559018614, 6.95774457214653 ], [ 79.958009762192702, 6.957713745956248 ], [ 79.958033738118473, 6.957672644369205 ], [ 79.958044013515234, 6.95760071659188 ], [ 79.958050863779746, 6.957549339608076 ], [ 79.958037163250722, 6.957494537492019 ], [ 79.957999486795941, 6.957439735375962 ], [ 79.957948109812136, 6.957374657863144 ], [ 79.957893307696082, 6.95731300548258 ], [ 79.957814529654243, 6.957199976118211 ], [ 79.957776853199448, 6.957148599134408 ], [ 79.957715200818896, 6.957080096489337 ], [ 79.957660398702828, 6.957018444108773 ], [ 79.957578195528754, 6.956898564479897 ], [ 79.957506267751427, 6.956819786438065 ], [ 79.957472016428881, 6.956775259718769 ], [ 79.957417214312827, 6.95669990680919 ], [ 79.957379537858046, 6.956655380089893 ], [ 79.957345286535499, 6.956631404164118 ], [ 79.957269933625923, 6.956631404164118 ], [ 79.957198005848596, 6.956655380089893 ], [ 79.957139778600293, 6.956682781147922 ], [ 79.957098677013249, 6.95669990680919 ], [ 79.957088401616488, 6.956713607338204 ], [ 79.956317746859426, 6.957282179292298 ], [ 79.956410225430275, 6.957309580350326 ], [ 79.956526679926895, 6.957330131143848 ], [ 79.956711637068594, 6.957354107069623 ], [ 79.956855492623248, 6.957405484053426 ], [ 79.956982222516629, 6.957446585640469 ], [ 79.957119227806771, 6.95750481288878 ], [ 79.957293909551694, 6.957556189872584 ] ] ], [ [ [ 79.9477247, 6.9576467 ], [ 79.9478006, 6.9575639 ], [ 79.9478186, 6.9574923 ], [ 79.9477077, 6.9574735 ], [ 79.9476489, 6.9575008 ], [ 79.9476128, 6.9576119 ], [ 79.9476441, 6.9576486 ], [ 79.9477247, 6.9576467 ] ] ], [ [ [ 79.9480159, 6.9577512 ], [ 79.94805, 6.9576834 ], [ 79.948087, 6.9575187 ], [ 79.9479144, 6.957514 ], [ 79.947885, 6.9575902 ], [ 79.947811, 6.9577116 ], [ 79.9478395, 6.9577371 ], [ 79.9479229, 6.9577521 ], [ 79.9480159, 6.9577512 ] ] ], [ [ [ 79.9474488, 6.9580929 ], [ 79.9476403, 6.9577841 ], [ 79.9476328, 6.9577455 ], [ 79.9475028, 6.9577145 ], [ 79.9473018, 6.9580157 ], [ 79.9473046, 6.9580458 ], [ 79.947408, 6.9581061 ], [ 79.9474488, 6.9580929 ] ] ], [ [ [ 79.9476659, 6.9581559 ], [ 79.9478053, 6.9581249 ], [ 79.947848, 6.9580307 ], [ 79.9477304, 6.9579649 ], [ 79.9476536, 6.9579762 ], [ 79.9475702, 6.9581362 ], [ 79.9476659, 6.9581559 ] ] ], [ [ [ 79.9473065, 6.9581555 ], [ 79.9472444, 6.9582538 ], [ 79.9472482, 6.9582802 ], [ 79.9472918, 6.9583061 ], [ 79.947316, 6.9582971 ], [ 79.9473691, 6.9581941 ], [ 79.9473682, 6.9581564 ], [ 79.9473535, 6.9581418 ], [ 79.9473302, 6.9581376 ], [ 79.9473065, 6.9581555 ] ] ], [ [ [ 79.946968, 6.958572 ], [ 79.9472733, 6.9581277 ], [ 79.9472658, 6.9580778 ], [ 79.947188, 6.9580119 ], [ 79.947151, 6.9579997 ], [ 79.9471093, 6.9580289 ], [ 79.9468504, 6.9584845 ], [ 79.9468428, 6.95854 ], [ 79.946895, 6.9585842 ], [ 79.9469272, 6.958589 ], [ 79.946968, 6.958572 ] ] ], [ [ [ 79.9474905, 6.9582209 ], [ 79.9474355, 6.9581814 ], [ 79.9473236, 6.958364 ], [ 79.9472164, 6.9583113 ], [ 79.9470201, 6.9586144 ], [ 79.9470239, 6.958652 ], [ 79.9470401, 6.9586821 ], [ 79.9471026, 6.958717 ], [ 79.9471396, 6.958733 ], [ 79.947188, 6.9587198 ], [ 79.9473179, 6.9584816 ], [ 79.947372, 6.9584506 ], [ 79.9474905, 6.9582209 ] ] ], [ [ [ 79.9467376, 6.9586435 ], [ 79.946472, 6.9590446 ], [ 79.9465327, 6.9591076 ], [ 79.9468447, 6.9592347 ], [ 79.9469813, 6.9592516 ], [ 79.9471415, 6.9590464 ], [ 79.9472942, 6.9589194 ], [ 79.9469727, 6.958701 ], [ 79.9468096, 6.9586341 ], [ 79.9467376, 6.9586435 ] ] ], [ [ [ 79.9552381, 6.9657966 ], [ 79.9553563, 6.9658833 ], [ 79.9555383, 6.9660747 ], [ 79.9557711, 6.9661343 ], [ 79.9558967, 6.9661054 ], [ 79.956024, 6.9660079 ], [ 79.9560495, 6.9655221 ], [ 79.9560277, 6.9653415 ], [ 79.9559567, 6.9652945 ], [ 79.9554346, 6.9652927 ], [ 79.9552453, 6.9653126 ], [ 79.955118, 6.9654155 ], [ 79.9550107, 6.9656124 ], [ 79.955047, 6.9657298 ], [ 79.9552381, 6.9657966 ] ] ], [ [ [ 79.9495815, 7.0054133 ], [ 79.9499621, 7.0054057 ], [ 79.9500941, 7.0051287 ], [ 79.9501854, 7.0047761 ], [ 79.9499773, 7.0047333 ], [ 79.9496221, 7.0047559 ], [ 79.9494901, 7.0053352 ], [ 79.9495815, 7.0054133 ] ] ], [ [ [ 79.948979401006071, 7.007137548092275 ], [ 79.948938299419027, 7.006966291479596 ], [ 79.948890347567485, 7.00683613645396 ], [ 79.948801294128884, 7.006705981428325 ], [ 79.94851358301959, 7.006534724815646 ], [ 79.948369727464936, 7.006521024286632 ], [ 79.948246422703804, 7.006610077725225 ], [ 79.94816421952973, 7.006705981428325 ], [ 79.948157369265218, 7.006890938570018 ], [ 79.948157369265218, 7.006993692537625 ], [ 79.948150519000706, 7.007069045447204 ], [ 79.948287524290848, 7.007397858143547 ], [ 79.94849988249058, 7.007480061317633 ], [ 79.948636887780722, 7.007500612111154 ], [ 79.94876019254184, 7.007507462375661 ], [ 79.948890347567485, 7.007500612111154 ], [ 79.949020502593115, 7.007418408937069 ], [ 79.949020502593115, 7.007274553382418 ], [ 79.948979401006071, 7.007137548092275 ] ] ], [ [ [ 79.9663456, 7.0079472 ], [ 79.9667913, 7.0077477 ], [ 79.9666225, 7.0075105 ], [ 79.9665277, 7.0074465 ], [ 79.9664727, 7.0075011 ], [ 79.9664196, 7.007518 ], [ 79.9663741, 7.0075067 ], [ 79.9663324, 7.0074804 ], [ 79.966302, 7.0074371 ], [ 79.9662982, 7.0073769 ], [ 79.966338, 7.0073128 ], [ 79.9661029, 7.0070775 ], [ 79.9659398, 7.0072357 ], [ 79.9661749, 7.007599 ], [ 79.9663456, 7.0079472 ] ] ], [ [ [ 79.9429412, 7.0212676 ], [ 79.9430699, 7.021225 ], [ 79.9430699, 7.0210333 ], [ 79.9431557, 7.0208842 ], [ 79.943027, 7.0206926 ], [ 79.943027, 7.0205435 ], [ 79.9431343, 7.0205435 ], [ 79.9431986, 7.0204157 ], [ 79.9431557, 7.0202027 ], [ 79.9428124, 7.0200324 ], [ 79.9424476, 7.0199046 ], [ 79.9423618, 7.0199046 ], [ 79.942276, 7.0201389 ], [ 79.9420292, 7.0205328 ], [ 79.9419541, 7.0205541 ], [ 79.9419756, 7.0204477 ], [ 79.941879, 7.0205009 ], [ 79.9418039, 7.0205115 ], [ 79.9418468, 7.020437 ], [ 79.9417288, 7.0204902 ], [ 79.9416215, 7.0205009 ], [ 79.9415893, 7.0205861 ], [ 79.9416108, 7.0207032 ], [ 79.9416, 7.0207991 ], [ 79.9419541, 7.0209162 ], [ 79.9418254, 7.0210014 ], [ 79.9418146, 7.0213315 ], [ 79.9418575, 7.0213847 ], [ 79.9422545, 7.0213954 ], [ 79.9423189, 7.0214699 ], [ 79.9424476, 7.0215231 ], [ 79.9424476, 7.0216509 ], [ 79.9426407, 7.0217148 ], [ 79.9427695, 7.0215657 ], [ 79.9429412, 7.0212676 ] ] ], [ [ [ 79.9426414, 7.0311334 ], [ 79.9435104, 7.0300792 ], [ 79.9431242, 7.0301431 ], [ 79.942974, 7.030207 ], [ 79.9425878, 7.0301431 ], [ 79.9424054, 7.0302922 ], [ 79.9422981, 7.030207 ], [ 79.9422659, 7.0300898 ], [ 79.9420084, 7.030026 ], [ 79.9413861, 7.0311334 ], [ 79.9421157, 7.031719 ], [ 79.9422444, 7.0315273 ], [ 79.9426414, 7.0311334 ] ] ], [ [ [ 79.9630696, 7.0857257 ], [ 79.96303, 7.0856729 ], [ 79.9629293, 7.085664 ], [ 79.9628762, 7.0856696 ], [ 79.9628502, 7.0856819 ], [ 79.9628388, 7.0857032 ], [ 79.9628162, 7.0857122 ], [ 79.962676, 7.0856741 ], [ 79.9625742, 7.0856651 ], [ 79.9622033, 7.0856628 ], [ 79.962158, 7.0856718 ], [ 79.9621535, 7.0856965 ], [ 79.9621595, 7.0857069 ], [ 79.9621716, 7.0857279 ], [ 79.9622869, 7.0857504 ], [ 79.9624023, 7.0857504 ], [ 79.9625538, 7.0857638 ], [ 79.9627597, 7.0858087 ], [ 79.9628004, 7.0857885 ], [ 79.9629112, 7.0857908 ], [ 79.9629791, 7.0858065 ], [ 79.9630764, 7.0858177 ], [ 79.9631442, 7.0858155 ], [ 79.963341, 7.0858604 ], [ 79.9634744, 7.0858424 ], [ 79.9634971, 7.0858312 ], [ 79.9636916, 7.0858132 ], [ 79.9637572, 7.0858177 ], [ 79.9638205, 7.0858559 ], [ 79.9639071, 7.0858876 ], [ 79.9639203, 7.0859107 ], [ 79.9639721, 7.0859591 ], [ 79.964006, 7.0860018 ], [ 79.9640037, 7.0861948 ], [ 79.9640083, 7.0862711 ], [ 79.9640331, 7.0863452 ], [ 79.964058, 7.0863901 ], [ 79.9641598, 7.0864799 ], [ 79.9641915, 7.086536 ], [ 79.9641983, 7.0865899 ], [ 79.9641915, 7.0866258 ], [ 79.964205, 7.0866841 ], [ 79.9641847, 7.0867403 ], [ 79.9642118, 7.0867492 ], [ 79.9642639, 7.086738 ], [ 79.9642842, 7.0867156 ], [ 79.9642875, 7.0866969 ], [ 79.9642762, 7.0866868 ], [ 79.9642717, 7.0866587 ], [ 79.9642772, 7.0866095 ], [ 79.9642423, 7.0865633 ], [ 79.9642389, 7.0865341 ], [ 79.9642547, 7.0865128 ], [ 79.9642626, 7.0864892 ], [ 79.9642593, 7.0864811 ], [ 79.9642043, 7.0864039 ], [ 79.9641987, 7.0863503 ], [ 79.9641483, 7.0861955 ], [ 79.9641491, 7.0861678 ], [ 79.9641267, 7.0861527 ], [ 79.9641188, 7.0861344 ], [ 79.9641259, 7.0860821 ], [ 79.9641315, 7.0860702 ], [ 79.9641483, 7.0860598 ], [ 79.9641503, 7.086045 ], [ 79.9641363, 7.0860257 ], [ 79.9641379, 7.0859797 ], [ 79.9641124, 7.0858638 ], [ 79.964114, 7.0858114 ], [ 79.9641243, 7.0857845 ], [ 79.9641459, 7.0857829 ], [ 79.9641644, 7.0857945 ], [ 79.9641734, 7.0858259 ], [ 79.9641486, 7.0859045 ], [ 79.9641554, 7.0859404 ], [ 79.9641802, 7.0859673 ], [ 79.9642368, 7.0859785 ], [ 79.9643227, 7.0859718 ], [ 79.9643861, 7.085909 ], [ 79.9643929, 7.0858439 ], [ 79.9643748, 7.0858012 ], [ 79.964334, 7.0857765 ], [ 79.9642752, 7.0857765 ], [ 79.9642345, 7.08579 ], [ 79.9641893, 7.0857743 ], [ 79.9641621, 7.0857451 ], [ 79.9641802, 7.0857227 ], [ 79.964185, 7.0856957 ], [ 79.964161, 7.0856418 ], [ 79.9640971, 7.0855926 ], [ 79.9640379, 7.0856037 ], [ 79.9639595, 7.0856005 ], [ 79.9638923, 7.08561 ], [ 79.9637564, 7.0856434 ], [ 79.9635581, 7.0856497 ], [ 79.9634717, 7.0856719 ], [ 79.9634067, 7.08571 ], [ 79.9633527, 7.085695 ], [ 79.9633152, 7.0857152 ], [ 79.9632862, 7.0857227 ], [ 79.9632573, 7.08571 ], [ 79.9632098, 7.0857234 ], [ 79.9631555, 7.0857167 ], [ 79.9630696, 7.0857257 ] ] ], [ [ [ 79.9598535, 7.0884233 ], [ 79.9599439, 7.088448 ], [ 79.9599982, 7.088439 ], [ 79.9601045, 7.0883515 ], [ 79.960186, 7.0883313 ], [ 79.9602538, 7.0883492 ], [ 79.9603307, 7.088347 ], [ 79.9603805, 7.0883335 ], [ 79.9606768, 7.0883044 ], [ 79.960808, 7.0883156 ], [ 79.9608917, 7.0883739 ], [ 79.9609505, 7.0884054 ], [ 79.9610365, 7.0884301 ], [ 79.9612672, 7.0885221 ], [ 79.961421, 7.0886164 ], [ 79.9615069, 7.0886253 ], [ 79.9616155, 7.0886253 ], [ 79.961758, 7.0885917 ], [ 79.9617965, 7.0885602 ], [ 79.9617467, 7.0885288 ], [ 79.9616788, 7.0885198 ], [ 79.9615431, 7.0884884 ], [ 79.9613848, 7.0884054 ], [ 79.9611767, 7.0883223 ], [ 79.9610071, 7.0882774 ], [ 79.960955, 7.0882303 ], [ 79.9608578, 7.0881787 ], [ 79.9607922, 7.0881674 ], [ 79.9605773, 7.0882101 ], [ 79.9604461, 7.088246 ], [ 79.9603104, 7.0882595 ], [ 79.9602176, 7.0882819 ], [ 79.960152, 7.0882864 ], [ 79.9600751, 7.0883044 ], [ 79.9599756, 7.0883874 ], [ 79.9599281, 7.0883986 ], [ 79.9598212, 7.0883559 ], [ 79.9598535, 7.0884233 ] ] ], [ [ [ 79.966990936281178, 7.090489915738443 ], [ 79.966818413550257, 7.090603528268567 ], [ 79.96669007346992, 7.090422589794666 ], [ 79.966549109775144, 7.090081752204295 ], [ 79.966168297405659, 7.090008114453289 ], [ 79.9660013, 7.0901779 ], [ 79.9659281, 7.0902375 ], [ 79.9658554, 7.0902679 ], [ 79.9658011, 7.090274 ], [ 79.9657727, 7.0903013 ], [ 79.9657442, 7.0903022 ], [ 79.9657218, 7.09033 ], [ 79.9657336, 7.0903475 ], [ 79.96583, 7.0903127 ], [ 79.9659071, 7.0903127 ], [ 79.9660087, 7.0902988 ], [ 79.966256662706854, 7.090218508027592 ], [ 79.966370275236983, 7.090151182083814 ], [ 79.966835245036194, 7.090820233650099 ], [ 79.967104548811307, 7.090651918790657 ], [ 79.967449594273162, 7.089951308188226 ], [ 79.967760976763159, 7.089528417103875 ], [ 79.968002929373583, 7.089456883288612 ], [ 79.968242778048293, 7.089562080075765 ], [ 79.968446859815373, 7.089368517987404 ], [ 79.968873958771212, 7.089513689553674 ], [ 79.969246355397729, 7.089612574533597 ], [ 79.969283174273244, 7.089484234453271 ], [ 79.968852919413777, 7.089179163770531 ], [ 79.967895628650695, 7.089328543208286 ], [ 79.967554791060351, 7.089069759111894 ], [ 79.967413827365533, 7.089156020477358 ], [ 79.967272863670786, 7.089860838951275 ], [ 79.967148731461904, 7.090138558469357 ], [ 79.966990936281178, 7.090489915738443 ] ] ], [ [ [ 79.9657105, 7.0911902 ], [ 79.9657557, 7.0912008 ], [ 79.9657772, 7.0911718 ], [ 79.9657888, 7.0911229 ], [ 79.9657622, 7.0910572 ], [ 79.9657611, 7.0909947 ], [ 79.9657391, 7.0908785 ], [ 79.9656728, 7.0909025 ], [ 79.9656314, 7.0909381 ], [ 79.9656705, 7.0910868 ], [ 79.9656725, 7.0911485 ], [ 79.9657105, 7.0911902 ] ] ], [ [ [ 79.9669599, 7.092574 ], [ 79.9669478, 7.0925368 ], [ 79.9669202, 7.0925058 ], [ 79.9668829, 7.0925367 ], [ 79.9668813, 7.0925536 ], [ 79.9668889, 7.0925701 ], [ 79.9669047, 7.0925814 ], [ 79.9669364, 7.0925856 ], [ 79.9669599, 7.092574 ] ] ], [ [ [ 79.968732, 7.098445 ], [ 79.9687453, 7.0981924 ], [ 79.9688403, 7.0981618 ], [ 79.968902, 7.0980131 ], [ 79.968866, 7.0979492 ], [ 79.9688378, 7.0979118 ], [ 79.9686764, 7.0977859 ], [ 79.9685668, 7.09766 ], [ 79.9684342, 7.0975742 ], [ 79.9683477, 7.0974998 ], [ 79.9682208, 7.0973338 ], [ 79.9680939, 7.0971164 ], [ 79.9679728, 7.0969905 ], [ 79.9677422, 7.096939 ], [ 79.9672693, 7.0970649 ], [ 79.9669348, 7.0970305 ], [ 79.9666638, 7.0968932 ], [ 79.9663524, 7.0967902 ], [ 79.9660122, 7.0967787 ], [ 79.9658911, 7.0967272 ], [ 79.9657899, 7.0968055 ], [ 79.9656688, 7.0968686 ], [ 79.9654089, 7.0969125 ], [ 79.9650864, 7.0969858 ], [ 79.964863, 7.0970087 ], [ 79.9646731, 7.0970152 ], [ 79.9640726, 7.0969826 ], [ 79.9637631, 7.0969405 ], [ 79.9636363, 7.0969905 ], [ 79.9632499, 7.097351 ], [ 79.9630827, 7.097454 ], [ 79.9629789, 7.0975742 ], [ 79.9629097, 7.0976428 ], [ 79.9628809, 7.0977001 ], [ 79.9629385, 7.0977458 ], [ 79.9630769, 7.0977229 ], [ 79.9633249, 7.0977916 ], [ 79.9634979, 7.0978774 ], [ 79.9636478, 7.0979347 ], [ 79.963792, 7.0979232 ], [ 79.9639996, 7.0979461 ], [ 79.9641784, 7.0979404 ], [ 79.9643744, 7.0979232 ], [ 79.9645186, 7.0979633 ], [ 79.9646628, 7.098032 ], [ 79.9648127, 7.0981235 ], [ 79.9649857, 7.0981922 ], [ 79.9651356, 7.098238 ], [ 79.9652337, 7.0982837 ], [ 79.9653317, 7.0984039 ], [ 79.9654643, 7.0985527 ], [ 79.9655681, 7.0986443 ], [ 79.9657296, 7.0987129 ], [ 79.9659257, 7.0987244 ], [ 79.9661621, 7.0987587 ], [ 79.9663985, 7.0986958 ], [ 79.9666465, 7.0986672 ], [ 79.9668829, 7.0986672 ], [ 79.9671136, 7.098753 ], [ 79.9673327, 7.0988674 ], [ 79.9673743, 7.0990398 ], [ 79.9674801, 7.0991799 ], [ 79.9675461, 7.0992909 ], [ 79.9676095, 7.0994111 ], [ 79.9676153, 7.099474 ], [ 79.9676004, 7.0995912 ], [ 79.9675699, 7.0996353 ], [ 79.9676029, 7.0996446 ], [ 79.9676438, 7.0996682 ], [ 79.9676655, 7.0997057 ], [ 79.9677041, 7.0997411 ], [ 79.9677416, 7.0997651 ], [ 79.9677874, 7.0997781 ], [ 79.9678226, 7.0998223 ], [ 79.9678434, 7.0998746 ], [ 79.9678627, 7.0999018 ], [ 79.9678883, 7.099911 ], [ 79.9679786, 7.0998634 ], [ 79.968335, 7.0996615 ], [ 79.9684137, 7.0995589 ], [ 79.9685033, 7.0993613 ], [ 79.9686111, 7.099307 ], [ 79.9686521, 7.0992778 ], [ 79.9686719, 7.0992537 ], [ 79.968638, 7.0991786 ], [ 79.9686413, 7.0991398 ], [ 79.9687325, 7.0990306 ], [ 79.9688795, 7.0989253 ], [ 79.9689472, 7.0987394 ], [ 79.9688554, 7.0985675 ], [ 79.9687776, 7.0985179 ], [ 79.968732, 7.098445 ] ] ], [ [ [ 79.9436163, 7.1037728 ], [ 79.9436827, 7.1036558 ], [ 79.9437901, 7.1036117 ], [ 79.9438771, 7.1036136 ], [ 79.9439271, 7.1035658 ], [ 79.9439864, 7.1034152 ], [ 79.9441194, 7.1031407 ], [ 79.9441162, 7.1030078 ], [ 79.9440717, 7.102972 ], [ 79.9440442, 7.1029201 ], [ 79.9439994, 7.1027022 ], [ 79.9440183, 7.10266 ], [ 79.9440753, 7.1026113 ], [ 79.9440818, 7.1025593 ], [ 79.9440646, 7.1025144 ], [ 79.9439887, 7.1025326 ], [ 79.9439023, 7.1025845 ], [ 79.9438787, 7.1026651 ], [ 79.9438237, 7.1028002 ], [ 79.9437713, 7.1029925 ], [ 79.943719, 7.1030496 ], [ 79.9436352, 7.1030808 ], [ 79.9435802, 7.1031822 ], [ 79.9435278, 7.1033017 ], [ 79.9434938, 7.1035095 ], [ 79.9434781, 7.1037304 ], [ 79.9434985, 7.1038196 ], [ 79.9436163, 7.1037728 ] ] ], [ [ [ 79.9466677, 7.108303 ], [ 79.9465872, 7.1084094 ], [ 79.9465577, 7.1085931 ], [ 79.9465014, 7.1087262 ], [ 79.9464129, 7.1088246 ], [ 79.9462922, 7.1088779 ], [ 79.9462547, 7.1088858 ], [ 79.9462547, 7.109168 ], [ 79.9462734, 7.1094075 ], [ 79.9463539, 7.1094448 ], [ 79.9465121, 7.1094448 ], [ 79.9465872, 7.1094794 ], [ 79.9466275, 7.10953 ], [ 79.9467348, 7.1095379 ], [ 79.9468957, 7.109498 ], [ 79.9470298, 7.1093995 ], [ 79.9471934, 7.1093011 ], [ 79.9476065, 7.1093543 ], [ 79.9477567, 7.1093277 ], [ 79.9477728, 7.1092531 ], [ 79.9479176, 7.1091147 ], [ 79.9479874, 7.1090136 ], [ 79.9479874, 7.1089391 ], [ 79.9479391, 7.1088699 ], [ 79.9479015, 7.1088273 ], [ 79.9478103, 7.1088433 ], [ 79.9477138, 7.1088379 ], [ 79.9476816, 7.1087794 ], [ 79.9475797, 7.1087581 ], [ 79.9474616, 7.1087474 ], [ 79.9473544, 7.1087049 ], [ 79.9472042, 7.1086676 ], [ 79.9471398, 7.108609 ], [ 79.9470432, 7.1086303 ], [ 79.9469198, 7.1085665 ], [ 79.9467965, 7.1084493 ], [ 79.9467214, 7.1083216 ], [ 79.9466677, 7.108303 ] ] ], [ [ [ 79.9435764, 7.1109379 ], [ 79.9436614, 7.1109627 ], [ 79.9437214, 7.1108883 ], [ 79.9436114, 7.1106351 ], [ 79.9434613, 7.1103621 ], [ 79.9433263, 7.1102976 ], [ 79.9431112, 7.1101388 ], [ 79.9429411, 7.1101934 ], [ 79.942641, 7.1102132 ], [ 79.9424909, 7.1101884 ], [ 79.9424159, 7.1103125 ], [ 79.9424109, 7.1104267 ], [ 79.942566, 7.1104465 ], [ 79.942676, 7.1105656 ], [ 79.9427861, 7.1106302 ], [ 79.9429186, 7.1107071 ], [ 79.9430287, 7.110727 ], [ 79.9431987, 7.1107766 ], [ 79.9433338, 7.1108312 ], [ 79.9434763, 7.1109131 ], [ 79.9435764, 7.1109379 ] ] ], [ [ [ 79.9452414, 7.1228026 ], [ 79.9452119, 7.1228013 ], [ 79.9452089, 7.1228681 ], [ 79.9452384, 7.1228694 ], [ 79.9452414, 7.1228026 ] ] ], [ [ [ 79.9597242, 7.1267311 ], [ 79.9596223, 7.1267471 ], [ 79.9595901, 7.1267285 ], [ 79.9594908, 7.1266912 ], [ 79.9594694, 7.1267178 ], [ 79.9594426, 7.1267711 ], [ 79.9595177, 7.1268403 ], [ 79.9595552, 7.1268456 ], [ 79.9596223, 7.1268589 ], [ 79.9596866, 7.1268882 ], [ 79.9597966, 7.1268988 ], [ 79.9599173, 7.1269174 ], [ 79.9600165, 7.1269627 ], [ 79.9600917, 7.1269787 ], [ 79.9601319, 7.126952 ], [ 79.9601533, 7.1269041 ], [ 79.9600782, 7.1268749 ], [ 79.9599736, 7.1268349 ], [ 79.9599414, 7.1267977 ], [ 79.9598932, 7.1267764 ], [ 79.9598342, 7.1267524 ], [ 79.9597242, 7.1267311 ] ] ], [ [ [ 79.9635901, 7.1375381 ], [ 79.9636039, 7.1375031 ], [ 79.9635862, 7.1374856 ], [ 79.963547, 7.1374856 ], [ 79.9635175, 7.1374817 ], [ 79.9635038, 7.1374583 ], [ 79.9635156, 7.1374389 ], [ 79.9634665, 7.1374135 ], [ 79.9634293, 7.1374097 ], [ 79.96339, 7.137433 ], [ 79.9633842, 7.1374583 ], [ 79.9634057, 7.1374992 ], [ 79.9634077, 7.137542 ], [ 79.9634371, 7.1375848 ], [ 79.9634744, 7.1376199 ], [ 79.9635391, 7.1375985 ], [ 79.963545, 7.1375615 ], [ 79.9635587, 7.1375459 ], [ 79.9635901, 7.1375381 ] ] ], [ [ [ 79.9555001, 7.1428105 ], [ 79.9554853, 7.1428358 ], [ 79.9554867, 7.1428571 ], [ 79.9555148, 7.1428664 ], [ 79.9555081, 7.142917 ], [ 79.9555443, 7.1428784 ], [ 79.9555711, 7.1429023 ], [ 79.9556006, 7.1429556 ], [ 79.955602, 7.1429981 ], [ 79.9557307, 7.1430021 ], [ 79.9557455, 7.1428664 ], [ 79.955712, 7.1428544 ], [ 79.9556529, 7.1428398 ], [ 79.9556275, 7.1428598 ], [ 79.9556074, 7.1428238 ], [ 79.9555188, 7.1428065 ], [ 79.9555001, 7.1428105 ] ] ], [ [ [ 79.9623208, 7.1449961 ], [ 79.962361, 7.1449641 ], [ 79.9623785, 7.1449748 ], [ 79.962475, 7.1449202 ], [ 79.9623382, 7.144843 ], [ 79.9623302, 7.1448923 ], [ 79.9623154, 7.1449202 ], [ 79.9623208, 7.1449961 ] ] ], [ [ [ 79.9660831, 7.2872954 ], [ 79.9662174, 7.2872746 ], [ 79.9662594, 7.2871913 ], [ 79.9662552, 7.2871247 ], [ 79.9661334, 7.2867042 ], [ 79.965848, 7.2866626 ], [ 79.9657221, 7.2865752 ], [ 79.9656676, 7.2866043 ], [ 79.9657263, 7.2867084 ], [ 79.9658732, 7.2867417 ], [ 79.9659907, 7.2869291 ], [ 79.9660075, 7.2870956 ], [ 79.9660831, 7.2872954 ] ] ], [ [ [ 79.9650841, 7.2891892 ], [ 79.9650387, 7.2892554 ], [ 79.9650787, 7.2893455 ], [ 79.9651535, 7.2893508 ], [ 79.965231, 7.2893031 ], [ 79.9652123, 7.2892395 ], [ 79.9651749, 7.2892104 ], [ 79.9650841, 7.2891892 ] ] ], [ [ [ 79.9646387, 7.2894846 ], [ 79.9647015, 7.2894389 ], [ 79.9645968, 7.2893349 ], [ 79.9644836, 7.2892767 ], [ 79.9643034, 7.2891312 ], [ 79.9642447, 7.2892185 ], [ 79.9642195, 7.289468 ], [ 79.9643411, 7.2895262 ], [ 79.9646387, 7.2894846 ] ] ], [ [ [ 79.9590429, 7.2920792 ], [ 79.9590628, 7.2918425 ], [ 79.9589087, 7.2917686 ], [ 79.9584862, 7.2914826 ], [ 79.9582874, 7.2914678 ], [ 79.9581482, 7.2915516 ], [ 79.9580737, 7.2918031 ], [ 79.9580737, 7.2919855 ], [ 79.9581532, 7.2920792 ], [ 79.9582973, 7.29202 ], [ 79.9585459, 7.2920299 ], [ 79.9587497, 7.2921729 ], [ 79.9589485, 7.2921433 ], [ 79.9590429, 7.2920792 ] ] ], [ [ [ 79.980085, 6.4602567 ], [ 79.9802427, 6.459563 ], [ 79.9799593, 6.4594995 ], [ 79.9798017, 6.4601932 ], [ 79.980085, 6.4602567 ] ] ], [ [ [ 79.975591190668524, 6.463121112176694 ], [ 79.975543290668526, 6.463309112176694 ], [ 79.975799290668533, 6.463373412176694 ], [ 79.975847190668532, 6.463185412176694 ], [ 79.975591190668524, 6.463121112176694 ] ] ], [ [ [ 79.9765699, 6.4676655 ], [ 79.9764648, 6.467118 ], [ 79.976407259198538, 6.466744274598108 ], [ 79.976281470977327, 6.466455829194272 ], [ 79.976112307507407, 6.466308353348701 ], [ 79.975635179771729, 6.466390766321226 ], [ 79.975591804523035, 6.466651017813409 ], [ 79.9755429, 6.4667303 ], [ 79.97549854773834, 6.466722586973759 ], [ 79.975524572887551, 6.466917775592897 ], [ 79.975537585462163, 6.466948138266985 ], [ 79.9755643, 6.4669689 ], [ 79.9756651, 6.4670392 ], [ 79.9757423, 6.4671862 ], [ 79.9757273, 6.4677017 ], [ 79.9758142, 6.4678162 ], [ 79.9758405, 6.467913 ], [ 79.9758746, 6.468038 ], [ 79.9759333, 6.4681744 ], [ 79.9760779, 6.4682091 ], [ 79.9762289, 6.4681152 ], [ 79.9763571, 6.4680446 ], [ 79.9764647, 6.4679404 ], [ 79.9765427, 6.4678999 ], [ 79.9765699, 6.4676655 ] ] ], [ [ [ 79.9834642, 6.4994965 ], [ 79.9839516, 6.4992427 ], [ 79.9843395, 6.4992427 ], [ 79.9846755, 6.4993085 ], [ 79.9848694, 6.4992944 ], [ 79.9853189, 6.4987914 ], [ 79.985551, 6.4987126 ], [ 79.9858922, 6.4984533 ], [ 79.9863004, 6.4984799 ], [ 79.9868223, 6.4983935 ], [ 79.9864101, 6.4981794 ], [ 79.9858779, 6.4979048 ], [ 79.9855324, 6.4980009 ], [ 79.9850279, 6.4979666 ], [ 79.984945, 6.4977262 ], [ 79.9846478, 6.4979803 ], [ 79.9842677, 6.4986669 ], [ 79.9841087, 6.4990309 ], [ 79.9838738, 6.4989622 ], [ 79.9834384, 6.4989347 ], [ 79.9829477, 6.4988455 ], [ 79.9823603, 6.4987768 ], [ 79.981759, 6.4989965 ], [ 79.9812684, 6.4988523 ], [ 79.9811839, 6.4989312 ], [ 79.9810738, 6.4989172 ], [ 79.9806118, 6.4986463 ], [ 79.9802732, 6.4982344 ], [ 79.9800597, 6.4981444 ], [ 79.979990054740895, 6.498137110842684 ], [ 79.979981379691154, 6.498488450357131 ], [ 79.9805063, 6.498861 ], [ 79.9807373, 6.4990152 ], [ 79.9807212, 6.4991058 ], [ 79.9809644, 6.499216 ], [ 79.9810055, 6.4991524 ], [ 79.9811566, 6.4991965 ], [ 79.9810276, 6.499835 ], [ 79.9816616, 6.5000701 ], [ 79.9824517, 6.5003145 ], [ 79.982939, 6.500432 ], [ 79.9833791, 6.5005166 ], [ 79.9833223, 6.5000183 ], [ 79.9834642, 6.4994965 ] ] ], [ [ [ 79.9882224, 6.5833474 ], [ 79.9884021, 6.5833713 ], [ 79.9890298, 6.5832914 ], [ 79.9893168, 6.5832781 ], [ 79.9894214, 6.5832301 ], [ 79.9891156, 6.5826999 ], [ 79.9889547, 6.5828598 ], [ 79.9884853, 6.5829956 ], [ 79.988437, 6.5829397 ], [ 79.988327, 6.5828944 ], [ 79.9882198, 6.5828038 ], [ 79.9881473, 6.5826679 ], [ 79.9881125, 6.5823828 ], [ 79.988142, 6.5822949 ], [ 79.988142, 6.582183 ], [ 79.9881178, 6.5821537 ], [ 79.9878416, 6.5821217 ], [ 79.9878121, 6.582135 ], [ 79.987686, 6.5823535 ], [ 79.9878013, 6.582572 ], [ 79.9878416, 6.5827958 ], [ 79.9878496, 6.5828811 ], [ 79.9877665, 6.5829477 ], [ 79.9878121, 6.5830703 ], [ 79.988201, 6.5831555 ], [ 79.9882224, 6.5833474 ] ] ], [ [ [ 79.9878928, 6.5876726 ], [ 79.9876299, 6.5877578 ], [ 79.9874153, 6.5878591 ], [ 79.9872866, 6.587971 ], [ 79.9869915, 6.5880936 ], [ 79.9869647, 6.5882108 ], [ 79.9868842, 6.5883014 ], [ 79.9869325, 6.5884719 ], [ 79.9870452, 6.5885572 ], [ 79.9873027, 6.588408 ], [ 79.9875816, 6.5883067 ], [ 79.9880215, 6.5882801 ], [ 79.9881449, 6.5881895 ], [ 79.9878928, 6.5876726 ] ] ], [ [ [ 79.9679938, 6.6495924 ], [ 79.9679723, 6.6496537 ], [ 79.9680462, 6.6496744 ], [ 79.9681225, 6.6497523 ], [ 79.9682286, 6.6498156 ], [ 79.9684927, 6.6502318 ], [ 79.968557, 6.6502478 ], [ 79.9687099, 6.6504556 ], [ 79.9687126, 6.6505169 ], [ 79.9687475, 6.6505409 ], [ 79.9688065, 6.6504956 ], [ 79.968903, 6.6503278 ], [ 79.9688065, 6.6502265 ], [ 79.9685865, 6.6500906 ], [ 79.9682379, 6.6496963 ], [ 79.9680689, 6.6495951 ], [ 79.9679938, 6.6495924 ] ] ], [ [ [ 79.995049, 6.7256117 ], [ 79.9954621, 6.7259281 ], [ 79.9958751, 6.7259633 ], [ 79.9962184, 6.7262403 ], [ 79.9967227, 6.7262617 ], [ 79.9969372, 6.7259313 ], [ 79.9970874, 6.7251322 ], [ 79.9971089, 6.724738 ], [ 79.9966905, 6.7245355 ], [ 79.9961095, 6.7243235 ], [ 79.9958, 6.7240241 ], [ 79.9954781, 6.7234807 ], [ 79.9950168, 6.7233315 ], [ 79.994416, 6.7234274 ], [ 79.9943668, 6.723525 ], [ 79.9943087, 6.7236405 ], [ 79.994071, 6.7255595 ], [ 79.994586, 6.7256873 ], [ 79.995049, 6.7256117 ] ] ], [ [ [ 79.9830816, 6.7345319 ], [ 79.9833122, 6.7343241 ], [ 79.9832908, 6.7340737 ], [ 79.983213, 6.7337275 ], [ 79.9833176, 6.7334717 ], [ 79.9834115, 6.7333465 ], [ 79.9834168, 6.7339006 ], [ 79.983626, 6.7339539 ], [ 79.9837548, 6.7336689 ], [ 79.9836314, 6.7333652 ], [ 79.9834678, 6.7332586 ], [ 79.9831164, 6.7331734 ], [ 79.9828402, 6.7329949 ], [ 79.9826014, 6.7324356 ], [ 79.98258, 6.7318655 ], [ 79.98269, 6.7312635 ], [ 79.9826068, 6.7312342 ], [ 79.9812469, 6.731442 ], [ 79.980689, 6.7316391 ], [ 79.9806568, 6.7317164 ], [ 79.9807668, 6.7318362 ], [ 79.9814535, 6.7330455 ], [ 79.9822286, 6.734753 ], [ 79.9824807, 6.7350939 ], [ 79.9826792, 6.7351605 ], [ 79.9829528, 6.735038 ], [ 79.9830816, 6.7345319 ] ] ], [ [ [ 79.9782638, 6.7339789 ], [ 79.9783577, 6.7338403 ], [ 79.978422, 6.7336006 ], [ 79.9782101, 6.7328095 ], [ 79.9774216, 6.7333582 ], [ 79.9776522, 6.7335287 ], [ 79.97784, 6.7337391 ], [ 79.9779473, 6.7339549 ], [ 79.9782638, 6.7339789 ] ] ], [ [ [ 79.9764587, 6.7353959 ], [ 79.9765311, 6.7350949 ], [ 79.9768529, 6.7346847 ], [ 79.9770327, 6.7344024 ], [ 79.9770756, 6.734136 ], [ 79.9768798, 6.73412 ], [ 79.9763138, 6.7341493 ], [ 79.9759598, 6.7342319 ], [ 79.9759383, 6.7342639 ], [ 79.975992, 6.7344557 ], [ 79.9760268, 6.7349618 ], [ 79.9759759, 6.7352548 ], [ 79.9758096, 6.735601 ], [ 79.9756862, 6.7359313 ], [ 79.9756325, 6.7362377 ], [ 79.9756111, 6.7365946 ], [ 79.975764, 6.7369595 ], [ 79.9759544, 6.7369116 ], [ 79.9761341, 6.7368184 ], [ 79.976177, 6.7367091 ], [ 79.9762092, 6.7363309 ], [ 79.9764184, 6.7357848 ], [ 79.9764587, 6.7353959 ] ] ], [ [ [ 79.994681, 6.7871146 ], [ 79.9946153, 6.7871319 ], [ 79.9945831, 6.7872052 ], [ 79.9945751, 6.7874516 ], [ 79.994614, 6.7875781 ], [ 79.9947374, 6.787642 ], [ 79.9948996, 6.7875754 ], [ 79.9948782, 6.7874649 ], [ 79.9947722, 6.7872252 ], [ 79.994681, 6.7871146 ] ] ], [ [ [ 79.9970669, 6.8139916 ], [ 79.9972528, 6.8140594 ], [ 79.9973514, 6.8140255 ], [ 79.9975941, 6.8131102 ], [ 79.9974462, 6.8131027 ], [ 79.9973286, 6.8134982 ], [ 79.9970669, 6.8136036 ], [ 79.9970669, 6.8139916 ] ] ], [ [ [ 79.969214, 6.8150362 ], [ 79.9694018, 6.8156008 ], [ 79.9694769, 6.8160482 ], [ 79.9695091, 6.8167033 ], [ 79.9697612, 6.8167247 ], [ 79.9700616, 6.8162719 ], [ 79.9700509, 6.815686 ], [ 79.9699648, 6.8148794 ], [ 79.969214, 6.8150362 ] ] ], [ [ [ 79.978334925127086, 6.837628181004375 ], [ 79.978327218579523, 6.837671851440608 ], [ 79.978324649730325, 6.837710384178461 ], [ 79.978334925127086, 6.837730934971982 ], [ 79.978355475920608, 6.837746348067123 ], [ 79.978381164412511, 6.837748916916313 ], [ 79.978406852904413, 6.837746348067123 ], [ 79.978409421753597, 6.837746348067123 ], [ 79.978525019967165, 6.837684695686558 ], [ 79.978609791990436, 6.837656438345467 ], [ 79.978671444371003, 6.837630749853565 ], [ 79.978730527902371, 6.837602492512473 ], [ 79.978792180282937, 6.837579372869762 ], [ 79.978874383457025, 6.83756395977462 ], [ 79.978964293178677, 6.837548546679479 ], [ 79.979074753693865, 6.837530564735148 ], [ 79.979164663415517, 6.837533133584338 ], [ 79.979223746946886, 6.837533133584338 ], [ 79.979323932065313, 6.837533133584338 ], [ 79.979406135239387, 6.837538271282718 ], [ 79.979485769564292, 6.837538271282718 ], [ 79.979593661230282, 6.837540840131909 ], [ 79.979660451309215, 6.83755882207624 ], [ 79.979709259443837, 6.837579372869762 ], [ 79.979758067578445, 6.837597354814092 ], [ 79.979819719959011, 6.837612767909234 ], [ 79.979863390395252, 6.837605061361663 ], [ 79.979896785434718, 6.83756652862381 ], [ 79.97988394118876, 6.837517720489197 ], [ 79.979822288808208, 6.837468912354583 ], [ 79.979714397142217, 6.83741753537078 ], [ 79.979611643174607, 6.837384140331308 ], [ 79.979496044961053, 6.837355882990216 ], [ 79.979388153295062, 6.837307074855602 ], [ 79.979321363216116, 6.837265973268559 ], [ 79.979182645359842, 6.837214596284755 ], [ 79.979097873336571, 6.837191476642044 ], [ 79.978992550519777, 6.837163219300952 ], [ 79.978894934250548, 6.837140099658241 ], [ 79.978820437624037, 6.837124686563099 ], [ 79.978756216394274, 6.837111842317149 ], [ 79.978704839410469, 6.837122117713909 ], [ 79.978656031275861, 6.837163219300952 ], [ 79.978607223141239, 6.837206889737185 ], [ 79.978568690403392, 6.837245422475037 ], [ 79.97854300191149, 6.83728395521289 ], [ 79.978501900324446, 6.837358451839406 ], [ 79.97844538564226, 6.837438086164301 ], [ 79.978404284055216, 6.837486894298915 ], [ 79.97837088901575, 6.837535702433528 ], [ 79.978345200523847, 6.837579372869762 ], [ 79.978334925127086, 6.837628181004375 ] ] ], [ [ [ 79.9755999, 6.850433 ], [ 79.9756245, 6.8503797 ], [ 79.975656, 6.8503403 ], [ 79.975712, 6.8502997 ], [ 79.9757669, 6.8503171 ], [ 79.975872, 6.8501965 ], [ 79.9759735, 6.8501791 ], [ 79.9760424, 6.8501351 ], [ 79.9761954, 6.8501826 ], [ 79.9762818, 6.8501247 ], [ 79.9763331, 6.8501339 ], [ 79.976423, 6.8501954 ], [ 79.9764113, 6.8502383 ], [ 79.9764569, 6.8502556 ], [ 79.9764849, 6.8502162 ], [ 79.9765258, 6.8501896 ], [ 79.9765923, 6.8502128 ], [ 79.976604, 6.8501815 ], [ 79.9766554, 6.8502139 ], [ 79.9766915, 6.8502614 ], [ 79.9767114, 6.8502 ], [ 79.9767359, 6.8501757 ], [ 79.9768048, 6.8501131 ], [ 79.9768363, 6.8500528 ], [ 79.9767791, 6.8499856 ], [ 79.9767056, 6.8499485 ], [ 79.9766367, 6.8499821 ], [ 79.9765876, 6.8499809 ], [ 79.9765561, 6.8500134 ], [ 79.9764592, 6.8500134 ], [ 79.9764394, 6.850047 ], [ 79.9763787, 6.8500424 ], [ 79.9763646, 6.8500528 ], [ 79.9763238, 6.8500458 ], [ 79.9762829, 6.850047 ], [ 79.9762514, 6.8500829 ], [ 79.9760646, 6.8500748 ], [ 79.9759397, 6.8501281 ], [ 79.9758731, 6.8501281 ], [ 79.9757867, 6.8501606 ], [ 79.97574, 6.8502081 ], [ 79.9756548, 6.8502406 ], [ 79.9755719, 6.8502475 ], [ 79.9754715, 6.8501988 ], [ 79.9753734, 6.850142 ], [ 79.9753244, 6.8501107 ], [ 79.9753396, 6.8501455 ], [ 79.9753361, 6.8501617 ], [ 79.9752835, 6.8501594 ], [ 79.9752824, 6.8501745 ], [ 79.9753046, 6.8501826 ], [ 79.9753443, 6.8501849 ], [ 79.9753688, 6.8502 ], [ 79.9754085, 6.8502197 ], [ 79.975461, 6.8502301 ], [ 79.975468, 6.85028 ], [ 79.9754587, 6.8503519 ], [ 79.975433, 6.8503889 ], [ 79.9753793, 6.8504272 ], [ 79.9753186, 6.8503982 ], [ 79.975287, 6.8504191 ], [ 79.9752368, 6.8504237 ], [ 79.9751773, 6.8504423 ], [ 79.9751773, 6.8504156 ], [ 79.9751388, 6.8503692 ], [ 79.9750816, 6.8503101 ], [ 79.975029, 6.8502881 ], [ 79.9749718, 6.8502846 ], [ 79.9749812, 6.8503287 ], [ 79.9750209, 6.8503704 ], [ 79.9750804, 6.8503878 ], [ 79.9751213, 6.8504202 ], [ 79.9751073, 6.8504457 ], [ 79.975029, 6.8504399 ], [ 79.975001, 6.850477 ], [ 79.9749438, 6.8504643 ], [ 79.9749076, 6.8504736 ], [ 79.9750033, 6.8504944 ], [ 79.9749263, 6.8505338 ], [ 79.9749987, 6.8505223 ], [ 79.9751248, 6.850484 ], [ 79.9751785, 6.850491 ], [ 79.9752415, 6.8504747 ], [ 79.9753092, 6.8504991 ], [ 79.9754038, 6.8504701 ], [ 79.9754727, 6.8504295 ], [ 79.9754855, 6.8504875 ], [ 79.9755999, 6.850433 ] ] ], [ [ [ 79.9848756, 6.8585594 ], [ 79.9847817, 6.859144 ], [ 79.9847791, 6.8593477 ], [ 79.9848247, 6.8593863 ], [ 79.9850084, 6.8594183 ], [ 79.9852122, 6.8595581 ], [ 79.9852337, 6.8595421 ], [ 79.9851774, 6.8591906 ], [ 79.9852981, 6.8590348 ], [ 79.9854738, 6.858642 ], [ 79.985581, 6.8585168 ], [ 79.9857044, 6.8584303 ], [ 79.9859646, 6.8583371 ], [ 79.9861564, 6.8583171 ], [ 79.9864018, 6.8583317 ], [ 79.9864514, 6.8583091 ], [ 79.9864769, 6.8582612 ], [ 79.9865909, 6.857674 ], [ 79.9865788, 6.8575941 ], [ 79.9865305, 6.8575581 ], [ 79.9864769, 6.8575382 ], [ 79.9863897, 6.8575502 ], [ 79.9861953, 6.8575994 ], [ 79.9857098, 6.8577872 ], [ 79.98529, 6.857907 ], [ 79.9852739, 6.8579856 ], [ 79.9852847, 6.8582092 ], [ 79.9852659, 6.8582625 ], [ 79.9852149, 6.8583144 ], [ 79.9849239, 6.8584929 ], [ 79.9848756, 6.8585594 ] ] ], [ [ [ 79.989658, 6.864213 ], [ 79.9897599, 6.8642796 ], [ 79.9901167, 6.8643967 ], [ 79.9902239, 6.8642529 ], [ 79.9901864, 6.8641091 ], [ 79.9900416, 6.8640532 ], [ 79.9899316, 6.863944 ], [ 79.9897841, 6.8639334 ], [ 79.989658, 6.864213 ] ] ], [ [ [ 79.9957772, 6.8820366 ], [ 79.9961982, 6.8810292 ], [ 79.9954149, 6.8805923 ], [ 79.995212, 6.8808221 ], [ 79.995028, 6.8809897 ], [ 79.9948573, 6.8810706 ], [ 79.9946449, 6.8811177 ], [ 79.9944382, 6.8811083 ], [ 79.9941461, 6.8810009 ], [ 79.993837, 6.8808447 ], [ 79.9937706, 6.8809746 ], [ 79.9940873, 6.8811516 ], [ 79.9942258, 6.8812947 ], [ 79.9944192, 6.8817522 ], [ 79.9944003, 6.8819481 ], [ 79.9943396, 6.8822136 ], [ 79.9941878, 6.8824621 ], [ 79.9940115, 6.8826071 ], [ 79.9936625, 6.8825977 ], [ 79.9936454, 6.8826636 ], [ 79.9938559, 6.8827031 ], [ 79.9939887, 6.8828161 ], [ 79.9941253, 6.8830082 ], [ 79.994203, 6.8831833 ], [ 79.9941897, 6.8833358 ], [ 79.994258, 6.8834149 ], [ 79.9945235, 6.8831362 ], [ 79.9945539, 6.8829404 ], [ 79.9948498, 6.8828293 ], [ 79.9951836, 6.8825676 ], [ 79.9950034, 6.882464 ], [ 79.9951134, 6.8822926 ], [ 79.9952556, 6.8823567 ], [ 79.99558, 6.8822964 ], [ 79.9957772, 6.8820366 ] ] ], [ [ [ 79.9926148, 6.8881226 ], [ 79.9927047, 6.8881136 ], [ 79.9929684, 6.8881226 ], [ 79.9932231, 6.8881821 ], [ 79.9932501, 6.8881226 ], [ 79.9931793, 6.888088 ], [ 79.9930553, 6.8880274 ], [ 79.9926822, 6.8879515 ], [ 79.9924799, 6.8878682 ], [ 79.9920873, 6.8876793 ], [ 79.9920544, 6.8877403 ], [ 79.9920589, 6.8880928 ], [ 79.9921313, 6.888104 ], [ 79.9924044, 6.8880751 ], [ 79.9924604, 6.8880928 ], [ 79.9924799, 6.8881612 ], [ 79.9925713, 6.8881761 ], [ 79.9926148, 6.8881226 ] ] ], [ [ [ 79.9924668, 6.8904964 ], [ 79.992644, 6.8901768 ], [ 79.9925854, 6.8901416 ], [ 79.9925315, 6.8901722 ], [ 79.992456, 6.8901645 ], [ 79.992436, 6.8901156 ], [ 79.9924452, 6.8900575 ], [ 79.9923574, 6.8899458 ], [ 79.9923543, 6.8898174 ], [ 79.9921366, 6.8897329 ], [ 79.9921125, 6.8897608 ], [ 79.9920786, 6.8901554 ], [ 79.9920817, 6.8902135 ], [ 79.9921279, 6.8902762 ], [ 79.9922912, 6.8903526 ], [ 79.9923913, 6.8904536 ], [ 79.9924668, 6.8904964 ] ] ], [ [ [ 79.9949354, 6.8915196 ], [ 79.9949821, 6.89157 ], [ 79.9949212, 6.8916568 ], [ 79.994976, 6.8918667 ], [ 79.9949679, 6.8918989 ], [ 79.9950309, 6.8920886 ], [ 79.995035, 6.8923066 ], [ 79.9950126, 6.892349 ], [ 79.9953155, 6.8921976 ], [ 79.9951468, 6.8917072 ], [ 79.9950187, 6.8911523 ], [ 79.9949435, 6.8909464 ], [ 79.994909, 6.8909807 ], [ 79.9949781, 6.8911846 ], [ 79.9949517, 6.8912814 ], [ 79.9949659, 6.8913884 ], [ 79.9949354, 6.8915196 ] ] ], [ [ [ 79.9750931, 6.9123752 ], [ 79.9751709, 6.9122074 ], [ 79.9753131, 6.9117867 ], [ 79.9753023, 6.9116962 ], [ 79.9751977, 6.9116749 ], [ 79.9747712, 6.9116509 ], [ 79.9746398, 6.9117335 ], [ 79.9745728, 6.9118826 ], [ 79.9746291, 6.9120876 ], [ 79.9748759, 6.912471 ], [ 79.9749831, 6.912487 ], [ 79.9750931, 6.9123752 ] ] ], [ [ [ 79.990931095120047, 6.914875714227403 ], [ 79.990994213192337, 6.914593786837837 ], [ 79.991444455441339, 6.914370769649075 ], [ 79.991924152790759, 6.914404432620963 ], [ 79.99220187230884, 6.914854674869972 ], [ 79.992357563553824, 6.914917792942264 ], [ 79.992563749256647, 6.914732646596876 ], [ 79.992643698814874, 6.914417056235421 ], [ 79.992206080180324, 6.913853201456289 ], [ 79.991983062991565, 6.913222020733378 ], [ 79.991705343473484, 6.912893806757465 ], [ 79.991402376726484, 6.913508155994431 ], [ 79.99056921817224, 6.914072010773564 ], [ 79.990224172710384, 6.914072010773564 ], [ 79.989071215923204, 6.914905169327805 ], [ 79.989597199858963, 6.915393282420189 ], [ 79.9899169980919, 6.915132394388053 ], [ 79.990085312951351, 6.915267046275607 ], [ 79.990560802429272, 6.915098731416164 ], [ 79.990931095120047, 6.914875714227403 ] ] ], [ [ [ 79.9933296, 6.9167112 ], [ 79.9933978, 6.9167112 ], [ 79.9935059, 6.9167648 ], [ 79.9935271, 6.9167952 ], [ 79.9935529, 6.9167929 ], [ 79.9935553, 6.9167205 ], [ 79.9936282, 6.9166015 ], [ 79.9937128, 6.9165478 ], [ 79.993734, 6.9164988 ], [ 79.9937975, 6.9164988 ], [ 79.9938092, 6.9164264 ], [ 79.9938657, 6.9164031 ], [ 79.9937928, 6.9163424 ], [ 79.9936987, 6.916382 ], [ 79.9937551, 6.9164427 ], [ 79.9937434, 6.9164637 ], [ 79.9934424, 6.9164381 ], [ 79.9934236, 6.9165151 ], [ 79.9933108, 6.9165478 ], [ 79.9932731, 6.9165968 ], [ 79.9933296, 6.9167112 ] ] ], [ [ [ 79.9940679, 6.9166458 ], [ 79.9940679, 6.9165641 ], [ 79.994169, 6.9164614 ], [ 79.9941243, 6.9164241 ], [ 79.994042, 6.9164171 ], [ 79.9939385, 6.9164404 ], [ 79.993908, 6.9165524 ], [ 79.9939362, 6.9165478 ], [ 79.9939127, 6.9166388 ], [ 79.9938374, 6.9166318 ], [ 79.9937951, 6.9165991 ], [ 79.9937387, 6.9166435 ], [ 79.993647, 6.9168419 ], [ 79.9936917, 6.9169002 ], [ 79.9938022, 6.9169026 ], [ 79.9938892, 6.9168535 ], [ 79.9939362, 6.9167088 ], [ 79.9939973, 6.9166528 ], [ 79.9940679, 6.9166458 ] ] ], [ [ [ 79.9923306, 6.9258405 ], [ 79.992529, 6.9258379 ], [ 79.9927061, 6.9258698 ], [ 79.9928536, 6.9259417 ], [ 79.9929421, 6.9258725 ], [ 79.9928938, 6.9255769 ], [ 79.9927678, 6.9253053 ], [ 79.9927141, 6.9250417 ], [ 79.9926631, 6.9249858 ], [ 79.9925237, 6.9249619 ], [ 79.9921803, 6.9249752 ], [ 79.9912094, 6.925111 ], [ 79.9910216, 6.9251695 ], [ 79.9909653, 6.9252148 ], [ 79.9909975, 6.9256355 ], [ 79.9910645, 6.9259577 ], [ 79.9911048, 6.9260615 ], [ 79.9912738, 6.9260828 ], [ 79.9913864, 6.9261494 ], [ 79.991432, 6.9262905 ], [ 79.991381, 6.9264237 ], [ 79.9912228, 6.9265621 ], [ 79.9917405, 6.926658 ], [ 79.9917941, 6.9264876 ], [ 79.9918907, 6.9264343 ], [ 79.9925156, 6.9266659 ], [ 79.9926712, 6.9267618 ], [ 79.9928026, 6.9267698 ], [ 79.9928268, 6.9266633 ], [ 79.9927597, 6.9265541 ], [ 79.9927812, 6.9264663 ], [ 79.9928885, 6.926397 ], [ 79.9928724, 6.9263411 ], [ 79.9927382, 6.9263118 ], [ 79.9925505, 6.9263145 ], [ 79.9921964, 6.9262293 ], [ 79.9921187, 6.9261414 ], [ 79.9920918, 6.9260269 ], [ 79.9921777, 6.9259124 ], [ 79.9923306, 6.9258405 ] ] ], [ [ [ 79.9946252, 6.9282329 ], [ 79.9950919, 6.9282702 ], [ 79.9952501, 6.9283288 ], [ 79.9954433, 6.9283208 ], [ 79.9955666, 6.9282569 ], [ 79.9956069, 6.9281557 ], [ 79.9955881, 6.9280332 ], [ 79.9956632, 6.927924 ], [ 79.9956847, 6.9277004 ], [ 79.9957329, 6.9275992 ], [ 79.9956605, 6.9274847 ], [ 79.9954754, 6.9274181 ], [ 79.995116, 6.9273542 ], [ 79.9950302, 6.9273809 ], [ 79.9949712, 6.927522 ], [ 79.9948371, 6.9276099 ], [ 79.9946949, 6.9276072 ], [ 79.994511, 6.927558 ], [ 79.9944568, 6.9276566 ], [ 79.9943081, 6.9276978 ], [ 79.994202, 6.9276566 ], [ 79.9941269, 6.9275607 ], [ 79.994093, 6.9276039 ], [ 79.9939385, 6.9278095 ], [ 79.9939251, 6.9278761 ], [ 79.9939895, 6.9280945 ], [ 79.9940941, 6.9282143 ], [ 79.9944884, 6.928201 ], [ 79.9946252, 6.9282329 ] ] ], [ [ [ 79.9903323, 6.929901 ], [ 79.9904664, 6.9299489 ], [ 79.9905335, 6.9300501 ], [ 79.9905308, 6.9301486 ], [ 79.9904932, 6.9302685 ], [ 79.9906086, 6.9302898 ], [ 79.9908956, 6.9300741 ], [ 79.9910619, 6.9299756 ], [ 79.991137, 6.9298478 ], [ 79.991263, 6.9297546 ], [ 79.991424, 6.9297226 ], [ 79.9915661, 6.9295362 ], [ 79.9917592, 6.929483 ], [ 79.9919121, 6.9294963 ], [ 79.9920945, 6.9294697 ], [ 79.9921213, 6.9293712 ], [ 79.9920355, 6.9285044 ], [ 79.9920248, 6.9280771 ], [ 79.9919819, 6.9280425 ], [ 79.9918612, 6.9280372 ], [ 79.9917592, 6.9278588 ], [ 79.9915688, 6.9277043 ], [ 79.9914535, 6.9276431 ], [ 79.9909975, 6.9274807 ], [ 79.9908902, 6.9275366 ], [ 79.9907507, 6.9277443 ], [ 79.9905388, 6.9279333 ], [ 79.9904798, 6.9280345 ], [ 79.9903189, 6.9281597 ], [ 79.9902492, 6.9283301 ], [ 79.9902438, 6.928378 ], [ 79.9902733, 6.9284233 ], [ 79.990512, 6.9286176 ], [ 79.9906461, 6.9286815 ], [ 79.9909868, 6.9287454 ], [ 79.991094, 6.9288013 ], [ 79.9911182, 6.9289771 ], [ 79.9911745, 6.9290756 ], [ 79.9910055, 6.9293072 ], [ 79.9909251, 6.9294643 ], [ 79.9908178, 6.9295282 ], [ 79.9899219, 6.9294856 ], [ 79.9898736, 6.9296853 ], [ 79.9898522, 6.9299037 ], [ 79.98993, 6.9299463 ], [ 79.9903323, 6.929901 ] ] ], [ [ [ 79.9923027, 6.9299964 ], [ 79.9922142, 6.9300017 ], [ 79.9919915, 6.9301801 ], [ 79.9917662, 6.9303239 ], [ 79.9916214, 6.9304969 ], [ 79.9915168, 6.9305129 ], [ 79.9914229, 6.9304463 ], [ 79.9906746, 6.9307818 ], [ 79.9905458, 6.930859 ], [ 79.9904144, 6.9309096 ], [ 79.9902856, 6.9309176 ], [ 79.990181, 6.9309815 ], [ 79.9901274, 6.9310454 ], [ 79.9900952, 6.931136 ], [ 79.9901328, 6.9312904 ], [ 79.9902213, 6.9313357 ], [ 79.9902535, 6.9313942 ], [ 79.9903581, 6.9314475 ], [ 79.9906182, 6.931522 ], [ 79.9906933, 6.9314901 ], [ 79.9907684, 6.9312984 ], [ 79.9908891, 6.9312212 ], [ 79.9910581, 6.9311812 ], [ 79.9911225, 6.931128 ], [ 79.9913719, 6.9311679 ], [ 79.9914873, 6.9311333 ], [ 79.9915624, 6.9310774 ], [ 79.9917072, 6.9310374 ], [ 79.9918547, 6.930867 ], [ 79.9918735, 6.9307792 ], [ 79.9919272, 6.9306833 ], [ 79.9922437, 6.9303585 ], [ 79.9922329, 6.9302733 ], [ 79.9923831, 6.9301055 ], [ 79.9923992, 6.9300443 ], [ 79.9923027, 6.9299964 ] ] ], [ [ [ 79.9948004, 6.9313641 ], [ 79.9947146, 6.9313655 ], [ 79.9945523, 6.9314573 ], [ 79.9943324, 6.9315252 ], [ 79.994264, 6.9315798 ], [ 79.9942237, 6.9316517 ], [ 79.9942506, 6.9317249 ], [ 79.994323, 6.9317835 ], [ 79.9943592, 6.9318993 ], [ 79.9945362, 6.932087 ], [ 79.9946851, 6.9321443 ], [ 79.9948795, 6.9321549 ], [ 79.9949359, 6.9321137 ], [ 79.995023, 6.9319366 ], [ 79.9952457, 6.9318101 ], [ 79.9954401, 6.9317609 ], [ 79.9954589, 6.9317023 ], [ 79.9954267, 6.9316677 ], [ 79.9953288, 6.9316437 ], [ 79.9950298, 6.9316104 ], [ 79.994964, 6.9315692 ], [ 79.9948608, 6.9314041 ], [ 79.9948004, 6.9313641 ] ] ], [ [ [ 79.9744003, 6.9323963 ], [ 79.9743252, 6.9323404 ], [ 79.9742407, 6.9325161 ], [ 79.9741951, 6.9326759 ], [ 79.9743708, 6.932574 ], [ 79.9745237, 6.9326326 ], [ 79.9745853, 6.9326892 ], [ 79.9746913, 6.9325401 ], [ 79.9746296, 6.932564 ], [ 79.9745156, 6.9324629 ], [ 79.9744351, 6.9324762 ], [ 79.9743989, 6.9324402 ], [ 79.9744003, 6.9323963 ] ] ], [ [ [ 79.9745639, 6.9328989 ], [ 79.9746792, 6.93304 ], [ 79.9747221, 6.9330613 ], [ 79.9747704, 6.9330187 ], [ 79.9748107, 6.9329335 ], [ 79.9748858, 6.9329069 ], [ 79.9749662, 6.9327977 ], [ 79.9749984, 6.9327844 ], [ 79.9750145, 6.9326859 ], [ 79.9749609, 6.9324835 ], [ 79.9747892, 6.9324862 ], [ 79.9747302, 6.9325155 ], [ 79.9746739, 6.9325847 ], [ 79.9745693, 6.9327364 ], [ 79.9745639, 6.9328989 ] ] ], [ [ [ 79.9948179, 6.9322628 ], [ 79.9946355, 6.9322575 ], [ 79.9944987, 6.932364 ], [ 79.9944987, 6.9325716 ], [ 79.9942841, 6.9327873 ], [ 79.9941822, 6.9327367 ], [ 79.9941312, 6.9326755 ], [ 79.9939891, 6.9326568 ], [ 79.9938523, 6.9327021 ], [ 79.9937664, 6.9327554 ], [ 79.9937262, 6.9328645 ], [ 79.9937664, 6.9329497 ], [ 79.9938791, 6.9330003 ], [ 79.9938979, 6.9330882 ], [ 79.993812, 6.9332 ], [ 79.9937986, 6.9333252 ], [ 79.9938254, 6.9335249 ], [ 79.9938871, 6.9336766 ], [ 79.9939515, 6.9337245 ], [ 79.9940856, 6.933662 ], [ 79.9941835, 6.9336553 ], [ 79.9944812, 6.9334902 ], [ 79.9947508, 6.9334077 ], [ 79.9954428, 6.9334743 ], [ 79.9955421, 6.9333465 ], [ 79.9955099, 6.9332692 ], [ 79.9953194, 6.9332053 ], [ 79.9950485, 6.9331654 ], [ 79.994901, 6.9330829 ], [ 79.9948742, 6.9329364 ], [ 79.995137, 6.932782 ], [ 79.9951773, 6.9326808 ], [ 79.9950861, 6.9325929 ], [ 79.9950378, 6.9324811 ], [ 79.9950298, 6.9323826 ], [ 79.9949547, 6.9323107 ], [ 79.9948179, 6.9322628 ] ] ], [ [ [ 79.993912, 6.9411957 ], [ 79.9941983, 6.9410492 ], [ 79.994333, 6.9408434 ], [ 79.9946063, 6.9406585 ], [ 79.9950695, 6.9403126 ], [ 79.9950098, 6.9399028 ], [ 79.9945263, 6.9392095 ], [ 79.9945987, 6.9389698 ], [ 79.9945906, 6.9388314 ], [ 79.9945263, 6.9387142 ], [ 79.9944029, 6.9386583 ], [ 79.9943251, 6.9385918 ], [ 79.9940944, 6.9385571 ], [ 79.9939389, 6.9385758 ], [ 79.9938262, 6.9384932 ], [ 79.9937538, 6.9383708 ], [ 79.9937404, 6.9378862 ], [ 79.9938155, 6.9376199 ], [ 79.9938718, 6.9375187 ], [ 79.9940086, 6.9374255 ], [ 79.9939952, 6.9372392 ], [ 79.9938772, 6.9371327 ], [ 79.9937216, 6.9370501 ], [ 79.9936358, 6.9369197 ], [ 79.9936089, 6.9367386 ], [ 79.9934427, 6.9366055 ], [ 79.9933971, 6.936451 ], [ 79.9932817, 6.93627 ], [ 79.993161, 6.9362008 ], [ 79.9930135, 6.9362061 ], [ 79.9928338, 6.9363073 ], [ 79.9926326, 6.9365123 ], [ 79.9924771, 6.9365522 ], [ 79.992402, 6.9366534 ], [ 79.9923859, 6.9367759 ], [ 79.992418, 6.9369862 ], [ 79.9925602, 6.9371833 ], [ 79.9926729, 6.9374096 ], [ 79.9925951, 6.9377344 ], [ 79.9925146, 6.9378116 ], [ 79.9923724, 6.9378542 ], [ 79.992064, 6.9377983 ], [ 79.9918816, 6.937801 ], [ 79.9917797, 6.9377158 ], [ 79.9918306, 6.9376093 ], [ 79.9918548, 6.9374788 ], [ 79.991659, 6.9373537 ], [ 79.9912674, 6.9371886 ], [ 79.9912084, 6.9370714 ], [ 79.9910689, 6.9369623 ], [ 79.9909321, 6.9369516 ], [ 79.9908141, 6.9369862 ], [ 79.9907041, 6.9370528 ], [ 79.9906102, 6.9371407 ], [ 79.9904225, 6.9374016 ], [ 79.9902615, 6.9374522 ], [ 79.9901221, 6.9375667 ], [ 79.9901891, 6.9377424 ], [ 79.9902562, 6.9380486 ], [ 79.9904117, 6.9382776 ], [ 79.9906022, 6.9383894 ], [ 79.9908731, 6.9383681 ], [ 79.990967, 6.9384267 ], [ 79.9908516, 6.9386077 ], [ 79.9909536, 6.9386796 ], [ 79.9910716, 6.9386583 ], [ 79.9913049, 6.9383921 ], [ 79.9914659, 6.9382935 ], [ 79.991608, 6.9382643 ], [ 79.9917555, 6.9382776 ], [ 79.9918226, 6.9384187 ], [ 79.9917985, 6.9387968 ], [ 79.9918896, 6.9388953 ], [ 79.9920264, 6.9389911 ], [ 79.992064, 6.939103 ], [ 79.9920345, 6.9391988 ], [ 79.9919192, 6.9392494 ], [ 79.9916429, 6.9392547 ], [ 79.9916, 6.9394145 ], [ 79.9916187, 6.9395902 ], [ 79.9917207, 6.9397713 ], [ 79.9918387, 6.9399683 ], [ 79.9919755, 6.9401014 ], [ 79.9922625, 6.94057 ], [ 79.99241, 6.9406792 ], [ 79.9925495, 6.9407431 ], [ 79.9930001, 6.9408256 ], [ 79.9930966, 6.9409588 ], [ 79.9931476, 6.9411159 ], [ 79.9932683, 6.9411904 ], [ 79.9934131, 6.941217 ], [ 79.9935017, 6.9412783 ], [ 79.9935902, 6.9413768 ], [ 79.9937726, 6.9413475 ], [ 79.993912, 6.9411957 ] ] ], [ [ [ 79.970851, 6.9413083 ], [ 79.9706013, 6.941262 ], [ 79.9705179, 6.9412486 ], [ 79.970467, 6.9412626 ], [ 79.9704565, 6.9412882 ], [ 79.9704578, 6.9413223 ], [ 79.9704808, 6.9413604 ], [ 79.9705357, 6.9414173 ], [ 79.9706007, 6.9415452 ], [ 79.9706351, 6.9415586 ], [ 79.9707706, 6.9415312 ], [ 79.9708492, 6.9414995 ], [ 79.9708878, 6.941413 ], [ 79.970851, 6.9413083 ] ] ], [ [ [ 79.9712521, 6.9430598 ], [ 79.9712491, 6.9428886 ], [ 79.9708617, 6.9427865 ], [ 79.9708617, 6.9430898 ], [ 79.9709283, 6.9433241 ], [ 79.9714851, 6.9434323 ], [ 79.9715668, 6.9433452 ], [ 79.9715577, 6.9432791 ], [ 79.9713641, 6.9430808 ], [ 79.9712521, 6.9430598 ] ] ], [ [ [ 79.9711099, 6.9435675 ], [ 79.971128, 6.9437807 ], [ 79.9713157, 6.9437807 ], [ 79.971585, 6.9436335 ], [ 79.9716061, 6.9435524 ], [ 79.9714881, 6.9435404 ], [ 79.9711099, 6.9435675 ] ] ], [ [ [ 79.9710282, 6.9438048 ], [ 79.9710373, 6.9437597 ], [ 79.9709828, 6.9436215 ], [ 79.9708557, 6.9436185 ], [ 79.9708617, 6.9437657 ], [ 79.9710282, 6.9438048 ] ] ], [ [ [ 79.9716455, 6.9444025 ], [ 79.9717665, 6.9444956 ], [ 79.9718845, 6.9443304 ], [ 79.9719632, 6.9441442 ], [ 79.971939, 6.9439579 ], [ 79.971709, 6.9436966 ], [ 79.9711886, 6.9440631 ], [ 79.9713671, 6.9442073 ], [ 79.9715033, 6.9442223 ], [ 79.9716455, 6.9444025 ] ] ], [ [ [ 79.9718116, 6.9541799 ], [ 79.9719457, 6.9540601 ], [ 79.9720691, 6.9541493 ], [ 79.972108, 6.9541307 ], [ 79.9720691, 6.9540428 ], [ 79.9718813, 6.9538631 ], [ 79.9718719, 6.9536874 ], [ 79.9718545, 6.9536408 ], [ 79.9718304, 6.9536354 ], [ 79.9717767, 6.953678 ], [ 79.9716869, 6.9538218 ], [ 79.9715675, 6.9538644 ], [ 79.9715581, 6.9538844 ], [ 79.9716399, 6.9540162 ], [ 79.9718116, 6.9541799 ] ] ], [ [ [ 79.9710203, 6.9542332 ], [ 79.9710445, 6.9541879 ], [ 79.9710364, 6.9540947 ], [ 79.9709989, 6.9540095 ], [ 79.9709345, 6.9539376 ], [ 79.9708916, 6.953927 ], [ 79.9708433, 6.9540015 ], [ 79.9708701, 6.9542438 ], [ 79.9709747, 6.9542545 ], [ 79.9710203, 6.9542332 ] ] ], [ [ [ 79.9701446, 6.9551491 ], [ 79.9701459, 6.9551025 ], [ 79.970052, 6.9549361 ], [ 79.970036, 6.9548615 ], [ 79.9700118, 6.9548495 ], [ 79.9699609, 6.9550146 ], [ 79.9699193, 6.9550785 ], [ 79.9699166, 6.9551823 ], [ 79.9701124, 6.9551863 ], [ 79.9701446, 6.9551491 ] ] ], [ [ [ 79.9932065, 6.9620595 ], [ 79.9932492, 6.9618036 ], [ 79.9930909, 6.961781 ], [ 79.9930464, 6.9618243 ], [ 79.9930369, 6.9618911 ], [ 79.9931335, 6.962004 ], [ 79.9931506, 6.962082 ], [ 79.9932065, 6.9620595 ] ] ], [ [ [ 79.971395788752275, 7.013279418848675 ], [ 79.971446283210113, 7.013308873949077 ], [ 79.971461010760308, 7.013319393627793 ], [ 79.971612494133808, 7.013182637804495 ], [ 79.971246409314517, 7.012925957643845 ], [ 79.971137004655887, 7.012721875876771 ], [ 79.971107549555484, 7.012595639732189 ], [ 79.971158044013308, 7.012511482302467 ], [ 79.971532544575567, 7.012208515555471 ], [ 79.971467322567534, 7.01211804631852 ], [ 79.971378957266325, 7.012176956519325 ], [ 79.971343190358695, 7.012181164390811 ], [ 79.971303215579582, 7.012120150254263 ], [ 79.971271656543436, 7.012088591218117 ], [ 79.971233785700065, 7.012088591218117 ], [ 79.971046535418935, 7.012271633627761 ], [ 79.971069678712098, 7.012301088728164 ], [ 79.971084406262307, 7.012330543828567 ], [ 79.970993937025355, 7.012418909129774 ], [ 79.970932922888807, 7.012460987844634 ], [ 79.970924507145838, 7.01254093740287 ], [ 79.970943442567517, 7.012629302704077 ], [ 79.971107549555484, 7.012917541900872 ], [ 79.971395788752275, 7.013279418848675 ] ] ], [ [ [ 79.995612576638521, 7.023321297990416 ], [ 79.995633127432043, 7.023218544022809 ], [ 79.995633127432043, 7.02314319111323 ], [ 79.995619426903019, 7.023067838203652 ], [ 79.995612576638521, 7.023026736616609 ], [ 79.995578325315975, 7.023013036087595 ], [ 79.995523523199921, 7.02299933555858 ], [ 79.995496122141901, 7.02299933555858 ], [ 79.995448170290345, 7.023006185823087 ], [ 79.995379667645267, 7.02304728741013 ], [ 79.995324865529213, 7.023067838203652 ], [ 79.995276913677671, 7.023088388997174 ], [ 79.995201560768081, 7.023102089526187 ], [ 79.995078256006963, 7.023122640319709 ], [ 79.995016603626397, 7.023129490584216 ], [ 79.994961801510343, 7.023129490584216 ], [ 79.994913849658786, 7.023136340848724 ], [ 79.994872748071742, 7.023136340848724 ], [ 79.99485219727822, 7.023136340848724 ], [ 79.9948247962202, 7.02314319111323 ], [ 79.994769994104132, 7.023211693758302 ], [ 79.994790544897654, 7.023369249841966 ], [ 79.994811095691176, 7.02341035142901 ], [ 79.99486589780723, 7.023485704338588 ], [ 79.994920699923298, 7.023547356719153 ], [ 79.995002903097387, 7.023602158835209 ], [ 79.995071405742451, 7.023643260422253 ], [ 79.995146758652027, 7.023663811215774 ], [ 79.995276913677671, 7.023670661480281 ], [ 79.995407068703301, 7.023670661480281 ], [ 79.995509822670911, 7.023602158835209 ], [ 79.995578325315975, 7.023526805925631 ], [ 79.995605726374009, 7.023430902222531 ], [ 79.995612576638521, 7.023321297990416 ] ] ], [ [ [ 79.9726186, 7.0551732 ], [ 79.9726152, 7.0551953 ], [ 79.9726104, 7.0552225 ], [ 79.97261, 7.0552488 ], [ 79.9726177, 7.0552945 ], [ 79.9726377, 7.0553069 ], [ 79.972654, 7.0553047 ], [ 79.9726947, 7.0553041 ], [ 79.9727195, 7.0553298 ], [ 79.9727219, 7.0553504 ], [ 79.9727197, 7.0553677 ], [ 79.97274, 7.0553767 ], [ 79.9727502, 7.0553969 ], [ 79.9727688, 7.0554025 ], [ 79.9727896, 7.0553841 ], [ 79.972811, 7.0553652 ], [ 79.9727997, 7.0553462 ], [ 79.9727758, 7.0553439 ], [ 79.9727627, 7.0553386 ], [ 79.9727515, 7.0553165 ], [ 79.9727458, 7.0553031 ], [ 79.9727359, 7.0552943 ], [ 79.9727429, 7.0552723 ], [ 79.9727347, 7.0552503 ], [ 79.9727198, 7.0552347 ], [ 79.9727026, 7.0552244 ], [ 79.9726856, 7.0552104 ], [ 79.9726691, 7.0551991 ], [ 79.9726554, 7.0551856 ], [ 79.9726471, 7.0551735 ], [ 79.9726378, 7.0551701 ], [ 79.9726302, 7.0551603 ], [ 79.9726291, 7.0551533 ], [ 79.9726302, 7.0551435 ], [ 79.9726271, 7.0551449 ], [ 79.9726254, 7.0551518 ], [ 79.9726186, 7.0551732 ] ] ], [ [ [ 79.995349, 7.0583069 ], [ 79.9953398, 7.0582673 ], [ 79.9953121, 7.0582386 ], [ 79.9952773, 7.0582447 ], [ 79.9952441, 7.0582324 ], [ 79.9952186, 7.0581619 ], [ 79.995146, 7.0581802 ], [ 79.9950682, 7.0581839 ], [ 79.995017, 7.058168 ], [ 79.9949937, 7.0581426 ], [ 79.9949553, 7.0581374 ], [ 79.9948936, 7.058147 ], [ 79.9948695, 7.0581998 ], [ 79.9948327, 7.0582539 ], [ 79.9948042, 7.058284 ], [ 79.9947802, 7.0583185 ], [ 79.9947781, 7.0583348 ], [ 79.9947713, 7.0583575 ], [ 79.9947638, 7.0583747 ], [ 79.9947574, 7.0583894 ], [ 79.9947698, 7.0584288 ], [ 79.9947961, 7.058507 ], [ 79.9948209, 7.0585788 ], [ 79.9948688, 7.0586345 ], [ 79.9949432, 7.0586959 ], [ 79.9949801, 7.0586689 ], [ 79.9950041, 7.0586403 ], [ 79.995017, 7.0586021 ], [ 79.9950242, 7.0585755 ], [ 79.9950426, 7.0585653 ], [ 79.995043, 7.0585465 ], [ 79.9950698, 7.0585051 ], [ 79.9950779, 7.05847 ], [ 79.9950774, 7.058445 ], [ 79.9950724, 7.0584192 ], [ 79.9950659, 7.0583999 ], [ 79.9950818, 7.0583846 ], [ 79.9950976, 7.0583819 ], [ 79.9951172, 7.0583979 ], [ 79.9951301, 7.0584348 ], [ 79.9951547, 7.0584609 ], [ 79.9951724, 7.0585083 ], [ 79.995138, 7.0585344 ], [ 79.9951281, 7.0585665 ], [ 79.9951355, 7.0585989 ], [ 79.9951788, 7.0586053 ], [ 79.9952124, 7.0585719 ], [ 79.9952589, 7.0585528 ], [ 79.9952765, 7.0585242 ], [ 79.9952493, 7.0584987 ], [ 79.9952525, 7.0584653 ], [ 79.9952301, 7.0584304 ], [ 79.9952573, 7.0583938 ], [ 79.9952829, 7.0584017 ], [ 79.9952941, 7.0584304 ], [ 79.9953262, 7.0584765 ], [ 79.9953566, 7.0585067 ], [ 79.9953722, 7.0585159 ], [ 79.9953894, 7.0585115 ], [ 79.9954016, 7.0585017 ], [ 79.9954146, 7.058496 ], [ 79.9954219, 7.0584827 ], [ 79.9954311, 7.0584737 ], [ 79.9954374, 7.0584571 ], [ 79.9954688, 7.0584542 ], [ 79.9954887, 7.0584573 ], [ 79.9954993, 7.0584575 ], [ 79.9955107, 7.0584554 ], [ 79.9955218, 7.0584552 ], [ 79.9955516, 7.0584564 ], [ 79.9955351, 7.0584303 ], [ 79.99553, 7.0584192 ], [ 79.9955088, 7.0584017 ], [ 79.9954928, 7.0583902 ], [ 79.9954699, 7.0583822 ], [ 79.9954595, 7.0583417 ], [ 79.9954319, 7.0583381 ], [ 79.9954047, 7.0583254 ], [ 79.9954006, 7.058304 ], [ 79.995373, 7.0583204 ], [ 79.995349, 7.0583069 ] ] ], [ [ [ 79.9913462, 7.0603961 ], [ 79.991328, 7.0603889 ], [ 79.9913001, 7.0603696 ], [ 79.9912904, 7.0603455 ], [ 79.9913147, 7.0602757 ], [ 79.9913341, 7.0602468 ], [ 79.9913595, 7.0602661 ], [ 79.9913632, 7.0602517 ], [ 79.9913474, 7.0602288 ], [ 79.9913134, 7.0602143 ], [ 79.9912746, 7.0601999 ], [ 79.9912455, 7.0601999 ], [ 79.9912079, 7.0601915 ], [ 79.9912067, 7.0602131 ], [ 79.991248, 7.0602493 ], [ 79.9912431, 7.0602769 ], [ 79.9912176, 7.0602974 ], [ 79.9912273, 7.0604069 ], [ 79.9912298, 7.0604936 ], [ 79.9912466, 7.0604844 ], [ 79.9912714, 7.0604759 ], [ 79.9912955, 7.060464 ], [ 79.991304, 7.0604461 ], [ 79.9913203, 7.0604266 ], [ 79.9913323, 7.060413 ], [ 79.9913462, 7.0603961 ] ] ], [ [ [ 79.9700898, 7.0605417 ], [ 79.9700831, 7.0605305 ], [ 79.9700725, 7.0605228 ], [ 79.9700598, 7.0605196 ], [ 79.9700468, 7.0605215 ], [ 79.9700356, 7.0605283 ], [ 79.9700278, 7.0605387 ], [ 79.9700246, 7.0605514 ], [ 79.9700266, 7.0605642 ], [ 79.9700333, 7.0605754 ], [ 79.9700439, 7.0605831 ], [ 79.9700566, 7.0605863 ], [ 79.9700696, 7.0605843 ], [ 79.9700808, 7.0605776 ], [ 79.9700886, 7.0605672 ], [ 79.9700918, 7.0605545 ], [ 79.9700898, 7.0605417 ] ] ], [ [ [ 79.9795116, 7.0640473 ], [ 79.9794993, 7.0640691 ], [ 79.9794767, 7.0640868 ], [ 79.979465, 7.0641051 ], [ 79.9794561, 7.0641017 ], [ 79.9794382, 7.064099 ], [ 79.9794183, 7.0641024 ], [ 79.979406, 7.064116 ], [ 79.9793888, 7.0641317 ], [ 79.9793758, 7.0641514 ], [ 79.9793669, 7.0641773 ], [ 79.9793669, 7.064197 ], [ 79.979369, 7.0642182 ], [ 79.9793772, 7.0642352 ], [ 79.9794005, 7.0642365 ], [ 79.9794218, 7.0642474 ], [ 79.9794478, 7.0642631 ], [ 79.9794638, 7.064264 ], [ 79.979476, 7.0642699 ], [ 79.9795096, 7.0642869 ], [ 79.9795398, 7.0642903 ], [ 79.9795521, 7.0642937 ], [ 79.97957, 7.0642944 ], [ 79.9795898, 7.0642917 ], [ 79.979607, 7.064289 ], [ 79.9796214, 7.0642896 ], [ 79.9796447, 7.0642951 ], [ 79.9796557, 7.0643073 ], [ 79.9796605, 7.0643278 ], [ 79.9797058, 7.0643346 ], [ 79.9797312, 7.0643393 ], [ 79.9797531, 7.0643489 ], [ 79.9797867, 7.0643591 ], [ 79.9797956, 7.0643625 ], [ 79.9798293, 7.0643727 ], [ 79.9798677, 7.0643863 ], [ 79.9798944, 7.0643924 ], [ 79.9798944, 7.0643747 ], [ 79.9798958, 7.0643441 ], [ 79.9798876, 7.0643339 ], [ 79.979867, 7.0643237 ], [ 79.9798505, 7.0643182 ], [ 79.9798464, 7.0642917 ], [ 79.9798498, 7.0642767 ], [ 79.9798512, 7.064259 ], [ 79.979843, 7.0642461 ], [ 79.9798334, 7.0642372 ], [ 79.9798258, 7.0642147 ], [ 79.9798224, 7.0641862 ], [ 79.9798354, 7.0641548 ], [ 79.9798375, 7.0641405 ], [ 79.9798409, 7.0641106 ], [ 79.9798299, 7.0641024 ], [ 79.9798101, 7.064097 ], [ 79.9797771, 7.0640752 ], [ 79.9797428, 7.06405 ], [ 79.9797209, 7.0640221 ], [ 79.9796982, 7.0639914 ], [ 79.9796831, 7.0639812 ], [ 79.9796667, 7.063984 ], [ 79.9796509, 7.0639955 ], [ 79.9796221, 7.064001 ], [ 79.9796118, 7.0639949 ], [ 79.979596, 7.0639846 ], [ 79.9795837, 7.0639744 ], [ 79.9795672, 7.0639656 ], [ 79.9795439, 7.0639697 ], [ 79.9795171, 7.0639765 ], [ 79.9795007, 7.0639914 ], [ 79.9795137, 7.0640037 ], [ 79.9795164, 7.0640139 ], [ 79.9795137, 7.0640343 ], [ 79.9795116, 7.0640473 ] ] ], [ [ [ 79.9829842, 7.0675593 ], [ 79.9829489, 7.0675879 ], [ 79.9828913, 7.0675974 ], [ 79.9828208, 7.0675593 ], [ 79.9827823, 7.0675243 ], [ 79.9827599, 7.0674448 ], [ 79.9827342, 7.067413 ], [ 79.9826751, 7.0673706 ], [ 79.9826317, 7.0674162 ], [ 79.9825975, 7.0674326 ], [ 79.9826032, 7.0674867 ], [ 79.9826111, 7.0675503 ], [ 79.9826125, 7.0676197 ], [ 79.9826734, 7.0676515 ], [ 79.982728, 7.067688 ], [ 79.9827182, 7.0677405 ], [ 79.9827374, 7.0677787 ], [ 79.9827663, 7.0678359 ], [ 79.9828208, 7.0678868 ], [ 79.982856, 7.0679059 ], [ 79.9829137, 7.0679059 ], [ 79.9829489, 7.0678964 ], [ 79.9829586, 7.0678646 ], [ 79.9829618, 7.0678328 ], [ 79.9829618, 7.0677851 ], [ 79.9829618, 7.0677278 ], [ 79.9830295, 7.0677261 ], [ 79.9830949, 7.0677294 ], [ 79.9831301, 7.067706 ], [ 79.9831576, 7.0676506 ], [ 79.9831412, 7.0676197 ], [ 79.9831637, 7.0675688 ], [ 79.9831957, 7.0675275 ], [ 79.9831797, 7.0674861 ], [ 79.9831412, 7.0674734 ], [ 79.9830803, 7.0675179 ], [ 79.9830162, 7.067537 ], [ 79.9829842, 7.0675593 ] ] ], [ [ [ 79.9928578, 7.0754008 ], [ 79.9928702, 7.0754166 ], [ 79.9928876, 7.0754265 ], [ 79.9929076, 7.075429 ], [ 79.992927, 7.0754237 ], [ 79.9929428, 7.0754115 ], [ 79.9929528, 7.0753941 ], [ 79.9929553, 7.0753744 ], [ 79.99295, 7.0753551 ], [ 79.9929377, 7.0753393 ], [ 79.9929202, 7.0753295 ], [ 79.9929003, 7.075327 ], [ 79.9928809, 7.0753322 ], [ 79.992865, 7.0753445 ], [ 79.992855, 7.0753618 ], [ 79.9928525, 7.0753816 ], [ 79.9928578, 7.0754008 ] ] ], [ [ [ 79.9797816, 7.0875139 ], [ 79.9798213, 7.0875395 ], [ 79.9798223, 7.0875869 ], [ 79.9798094, 7.0876609 ], [ 79.9797905, 7.0877161 ], [ 79.9797647, 7.0877517 ], [ 79.9797378, 7.0877645 ], [ 79.9796861, 7.087726 ], [ 79.9796801, 7.0877615 ], [ 79.9796378, 7.087797 ], [ 79.9796374, 7.0878138 ], [ 79.9796761, 7.0878207 ], [ 79.9797119, 7.0878415 ], [ 79.9797806, 7.0879313 ], [ 79.9797955, 7.0879994 ], [ 79.9797756, 7.0880674 ], [ 79.9797845, 7.0880872 ], [ 79.9798154, 7.0881069 ], [ 79.9800053, 7.0883033 ], [ 79.980058, 7.0883832 ], [ 79.9801465, 7.0884562 ], [ 79.9802499, 7.0885046 ], [ 79.9802847, 7.0885352 ], [ 79.9804359, 7.0886191 ], [ 79.9805481, 7.0886686 ], [ 79.9806555, 7.0886806 ], [ 79.9807157, 7.0886955 ], [ 79.9807397, 7.0886862 ], [ 79.9807814, 7.0887177 ], [ 79.9807825, 7.0887381 ], [ 79.9806922, 7.0888336 ], [ 79.9806102, 7.0889388 ], [ 79.9805852, 7.0890059 ], [ 79.9805819, 7.0890759 ], [ 79.9805862, 7.0891411 ], [ 79.9806344, 7.0892025 ], [ 79.9806836, 7.0892205 ], [ 79.9807561, 7.0891935 ], [ 79.9807881, 7.0891442 ], [ 79.9808002, 7.0890804 ], [ 79.9807807, 7.0889339 ], [ 79.9807976, 7.0888851 ], [ 79.9808592, 7.0888688 ], [ 79.9809284, 7.0888746 ], [ 79.9809836, 7.0889031 ], [ 79.9810155, 7.0889498 ], [ 79.9810395, 7.0889628 ], [ 79.9810986, 7.0889303 ], [ 79.9811019, 7.0888967 ], [ 79.9810631, 7.0888106 ], [ 79.9810128, 7.0887263 ], [ 79.9809919, 7.0886408 ], [ 79.9810175, 7.0885984 ], [ 79.9810408, 7.0885968 ], [ 79.9810973, 7.0886278 ], [ 79.9812619, 7.0886983 ], [ 79.9812887, 7.0887259 ], [ 79.981333, 7.0887427 ], [ 79.981494, 7.0888384 ], [ 79.9815084, 7.0888273 ], [ 79.9815172, 7.0888138 ], [ 79.9815112, 7.088797 ], [ 79.9814617, 7.088726 ], [ 79.9814434, 7.0886798 ], [ 79.9813441, 7.0886373 ], [ 79.9812879, 7.0886058 ], [ 79.9812523, 7.088571 ], [ 79.981189, 7.0885402 ], [ 79.9811829, 7.0885156 ], [ 79.9811883, 7.0884856 ], [ 79.9812191, 7.0884604 ], [ 79.9813298, 7.0884643 ], [ 79.9813432, 7.088453 ], [ 79.9813398, 7.0884317 ], [ 79.9812746, 7.0883958 ], [ 79.9812315, 7.0883843 ], [ 79.9811816, 7.0883812 ], [ 79.9811306, 7.0884118 ], [ 79.9810556, 7.0884292 ], [ 79.9809851, 7.0884231 ], [ 79.9809422, 7.0884411 ], [ 79.9808929, 7.0884252 ], [ 79.9808733, 7.0884376 ], [ 79.9808097, 7.0885078 ], [ 79.980727, 7.0885497 ], [ 79.9806795, 7.0885599 ], [ 79.980665, 7.0885561 ], [ 79.9806237, 7.0885231 ], [ 79.980618, 7.0884644 ], [ 79.980595, 7.088448 ], [ 79.9805572, 7.0884304 ], [ 79.9805113, 7.0884271 ], [ 79.9804703, 7.0884347 ], [ 79.9804408, 7.0884454 ], [ 79.9804239, 7.0884523 ], [ 79.9803971, 7.0884523 ], [ 79.9802529, 7.0883437 ], [ 79.9802121, 7.088323 ], [ 79.9801982, 7.0882984 ], [ 79.9801564, 7.0882766 ], [ 79.980061, 7.0882125 ], [ 79.9800053, 7.0881188 ], [ 79.9799725, 7.0880803 ], [ 79.9799377, 7.0880526 ], [ 79.9798512, 7.0880045 ], [ 79.9798391, 7.0879659 ], [ 79.9798485, 7.0879007 ], [ 79.9799098, 7.0878711 ], [ 79.9799118, 7.087799 ], [ 79.9799516, 7.0877448 ], [ 79.9799635, 7.0877132 ], [ 79.9799586, 7.0876915 ], [ 79.9799446, 7.0876806 ], [ 79.9799178, 7.0876777 ], [ 79.9798949, 7.087653 ], [ 79.9799068, 7.0875583 ], [ 79.9799029, 7.0874951 ], [ 79.979886, 7.0874507 ], [ 79.9798949, 7.0874142 ], [ 79.9799426, 7.0873826 ], [ 79.9799218, 7.0872672 ], [ 79.9799049, 7.0872247 ], [ 79.9799158, 7.08713 ], [ 79.9799108, 7.0870629 ], [ 79.9799456, 7.0870155 ], [ 79.9799715, 7.0869622 ], [ 79.9800073, 7.0868113 ], [ 79.9800262, 7.0867639 ], [ 79.9800386, 7.0867466 ], [ 79.9800396, 7.0867303 ], [ 79.9800003, 7.0866741 ], [ 79.9799745, 7.0866583 ], [ 79.9799436, 7.0866603 ], [ 79.9798581, 7.086755 ], [ 79.9798323, 7.0868014 ], [ 79.9798044, 7.0868221 ], [ 79.9797726, 7.0868606 ], [ 79.9797726, 7.0868803 ], [ 79.9798064, 7.0869287 ], [ 79.9798094, 7.0869553 ], [ 79.9797935, 7.0869869 ], [ 79.9797786, 7.087206 ], [ 79.9797647, 7.0872553 ], [ 79.9797468, 7.0872741 ], [ 79.9796752, 7.0872928 ], [ 79.9796851, 7.0873106 ], [ 79.9797348, 7.08735 ], [ 79.9797617, 7.0873994 ], [ 79.9797955, 7.0874448 ], [ 79.9797955, 7.0874714 ], [ 79.9797816, 7.0875139 ] ] ], [ [ [ 79.969375, 7.0897366 ], [ 79.9694714, 7.0897271 ], [ 79.969517237124677, 7.089771421682195 ], [ 79.9695472, 7.0897671 ], [ 79.969632953590533, 7.089841903529586 ], [ 79.969699227566451, 7.089799824814726 ], [ 79.9695579, 7.0897097 ], [ 79.969611914233113, 7.089635717826769 ], [ 79.96954038041784, 7.089554716300662 ], [ 79.969452015116644, 7.089520001360902 ], [ 79.969379955317422, 7.08951158561793 ], [ 79.969376799413808, 7.089528417103874 ], [ 79.9693620718636, 7.089597846983394 ], [ 79.969349448249147, 7.089654653248457 ], [ 79.969375, 7.0897366 ] ] ], [ [ [ 79.9704696, 7.090476 ], [ 79.9704218, 7.09042 ], [ 79.9703771, 7.0903943 ], [ 79.9703244, 7.0903317 ], [ 79.9703384, 7.0902909 ], [ 79.9702742, 7.0902542 ], [ 79.9702779, 7.090289 ], [ 79.9702688, 7.0903234 ], [ 79.9702417, 7.0903781 ], [ 79.9702355, 7.0904208 ], [ 79.9703416, 7.0905451 ], [ 79.9703495, 7.0905938 ], [ 79.970324, 7.0906842 ], [ 79.9703074, 7.090722 ], [ 79.9702818, 7.0907621 ], [ 79.9702986, 7.0907677 ], [ 79.9703722, 7.0906851 ], [ 79.970416, 7.0906451 ], [ 79.9704686, 7.0906103 ], [ 79.9705027, 7.0905764 ], [ 79.9705133, 7.0905468 ], [ 79.9704696, 7.090476 ] ] ], [ [ [ 79.9725554, 7.094612 ], [ 79.9726622, 7.0944669 ], [ 79.9726655, 7.0943854 ], [ 79.972649, 7.0943707 ], [ 79.9725455, 7.0943854 ], [ 79.9725225, 7.0944278 ], [ 79.972511, 7.0944685 ], [ 79.9724733, 7.0945223 ], [ 79.97247, 7.0945647 ], [ 79.9724946, 7.0946071 ], [ 79.9725554, 7.094612 ] ] ], [ [ [ 79.9848414, 7.0967173 ], [ 79.9848894, 7.0967424 ], [ 79.9856574, 7.0965492 ], [ 79.9862237, 7.0964228 ], [ 79.9862661, 7.0962612 ], [ 79.9862343, 7.0960189 ], [ 79.986167, 7.0958679 ], [ 79.9861129, 7.0958148 ], [ 79.985966, 7.0958662 ], [ 79.9857813, 7.0959346 ], [ 79.9856194, 7.095984 ], [ 79.9854946, 7.0960575 ], [ 79.9852256, 7.0961629 ], [ 79.9849531, 7.0963314 ], [ 79.9847549, 7.0964333 ], [ 79.9847426, 7.0964739 ], [ 79.9847745, 7.0965584 ], [ 79.9848026, 7.0966544 ], [ 79.9848414, 7.0967173 ] ] ], [ [ [ 79.9691501, 7.0987213 ], [ 79.9692064, 7.0987156 ], [ 79.9692253, 7.0986963 ], [ 79.9692455, 7.0986246 ], [ 79.9693035, 7.0985961 ], [ 79.9693365, 7.0985307 ], [ 79.9691923, 7.0984649 ], [ 79.9691377, 7.0984924 ], [ 79.9691393, 7.0985376 ], [ 79.969142, 7.0985642 ], [ 79.9691823, 7.0986015 ], [ 79.9691635, 7.0986201 ], [ 79.9691313, 7.0986148 ], [ 79.9690964, 7.0986707 ], [ 79.9691501, 7.0987213 ] ] ], [ [ [ 79.9695489, 7.098521 ], [ 79.9695076, 7.0985533 ], [ 79.9694705, 7.0986063 ], [ 79.969496, 7.0986438 ], [ 79.9695076, 7.098683 ], [ 79.9695483, 7.0986933 ], [ 79.9695733, 7.0986709 ], [ 79.9695907, 7.0986346 ], [ 79.9695977, 7.0986 ], [ 79.9695756, 7.0985533 ], [ 79.9695489, 7.098521 ] ] ], [ [ [ 79.9832179, 7.1312776 ], [ 79.9846819, 7.1301273 ], [ 79.9848489, 7.129996 ], [ 79.9845076, 7.1295651 ], [ 79.9841005, 7.1286554 ], [ 79.9841058, 7.1285489 ], [ 79.9840144, 7.1284848 ], [ 79.9837868, 7.1285413 ], [ 79.9837186, 7.1286655 ], [ 79.9842648, 7.1297344 ], [ 79.9842231, 7.1298737 ], [ 79.9829979, 7.1309953 ], [ 79.9832179, 7.1312776 ] ], [ [ 79.9846536, 7.1298737 ], [ 79.9846877, 7.1299283 ], [ 79.9846858, 7.1299942 ], [ 79.9846287, 7.1300562 ], [ 79.9845512, 7.1300901 ], [ 79.9844943, 7.130045 ], [ 79.9844772, 7.1299622 ], [ 79.984517, 7.129885 ], [ 79.9845948, 7.1298624 ], [ 79.9846536, 7.1298737 ] ] ], [ [ [ 79.9967315, 7.1420506 ], [ 79.9966188, 7.1420825 ], [ 79.9965598, 7.1421278 ], [ 79.9965813, 7.1422422 ], [ 79.9966242, 7.1422209 ], [ 79.9966618, 7.1422342 ], [ 79.9969407, 7.1421491 ], [ 79.9969943, 7.1421198 ], [ 79.9969783, 7.1420426 ], [ 79.9969407, 7.1419601 ], [ 79.9967315, 7.1420506 ] ] ], [ [ [ 79.9939716, 7.1561796 ], [ 79.9938939, 7.1560465 ], [ 79.9937598, 7.1560758 ], [ 79.9936766, 7.1560864 ], [ 79.9936095, 7.1560332 ], [ 79.9932394, 7.1562009 ], [ 79.9932716, 7.156286 ], [ 79.9933333, 7.1562887 ], [ 79.993513, 7.1562993 ], [ 79.9936471, 7.156318 ], [ 79.9936672, 7.1563632 ], [ 79.9939019, 7.1563685 ], [ 79.9939877, 7.1563153 ], [ 79.9939716, 7.1561796 ] ] ], [ [ [ 79.983106, 7.1638992 ], [ 79.983106, 7.16385 ], [ 79.9830604, 7.1637981 ], [ 79.9829558, 7.1637688 ], [ 79.9829397, 7.163866 ], [ 79.9828298, 7.1639338 ], [ 79.9829411, 7.164003 ], [ 79.9830055, 7.1639605 ], [ 79.983043, 7.1639857 ], [ 79.9830564, 7.1639498 ], [ 79.9830792, 7.1639418 ], [ 79.983106, 7.1638992 ] ] ], [ [ [ 79.9844473, 7.1664093 ], [ 79.9844259, 7.166416 ], [ 79.9844071, 7.1664386 ], [ 79.9844071, 7.1664586 ], [ 79.9844178, 7.1664785 ], [ 79.9844446, 7.1664918 ], [ 79.9844741, 7.1664985 ], [ 79.9845036, 7.1665025 ], [ 79.9845036, 7.1665344 ], [ 79.9844943, 7.1665624 ], [ 79.9844876, 7.1665983 ], [ 79.9844648, 7.1666076 ], [ 79.98445, 7.1666103 ], [ 79.9844567, 7.1666249 ], [ 79.984501, 7.1666462 ], [ 79.9845345, 7.1666489 ], [ 79.9845694, 7.1666409 ], [ 79.9846002, 7.1666289 ], [ 79.9846176, 7.1666036 ], [ 79.984615, 7.1665836 ], [ 79.9846029, 7.166565 ], [ 79.9846015, 7.1665517 ], [ 79.9846364, 7.1665304 ], [ 79.9846525, 7.1664985 ], [ 79.9846445, 7.1664559 ], [ 79.984627, 7.1664333 ], [ 79.9846324, 7.1663987 ], [ 79.9846203, 7.1663548 ], [ 79.9846056, 7.1663348 ], [ 79.9845613, 7.1663322 ], [ 79.9845197, 7.1663388 ], [ 79.9844996, 7.1663681 ], [ 79.9844916, 7.1663974 ], [ 79.9844849, 7.1664187 ], [ 79.9844701, 7.1664226 ], [ 79.9844473, 7.1664093 ] ] ], [ [ [ 79.979656, 7.1666572 ], [ 79.9796698, 7.1666123 ], [ 79.9796678, 7.1665499 ], [ 79.9796166, 7.1665167 ], [ 79.9795517, 7.1665069 ], [ 79.9794809, 7.166505 ], [ 79.9794101, 7.1665206 ], [ 79.9793707, 7.166544 ], [ 79.9793471, 7.1665752 ], [ 79.9793451, 7.1666182 ], [ 79.9793648, 7.1666553 ], [ 79.9793943, 7.1666689 ], [ 79.979473, 7.1666806 ], [ 79.979534, 7.1666885 ], [ 79.9796048, 7.1666943 ], [ 79.9796521, 7.1666904 ], [ 79.979656, 7.1666572 ] ] ], [ [ [ 79.9862471, 7.1692296 ], [ 79.9862736, 7.1692305 ], [ 79.9862972, 7.1692354 ], [ 79.986306, 7.1692218 ], [ 79.9863295, 7.169213 ], [ 79.9863589, 7.1692159 ], [ 79.9863835, 7.169215 ], [ 79.9863992, 7.1692228 ], [ 79.9864217, 7.1692481 ], [ 79.9864462, 7.1692519 ], [ 79.9864659, 7.1692607 ], [ 79.9864767, 7.1692558 ], [ 79.9864894, 7.1692403 ], [ 79.9865022, 7.1692208 ], [ 79.9864914, 7.169215 ], [ 79.9864874, 7.1692013 ], [ 79.9864786, 7.1691731 ], [ 79.9864767, 7.1691478 ], [ 79.9864786, 7.1691186 ], [ 79.9864816, 7.1690933 ], [ 79.9864688, 7.1690894 ], [ 79.986458, 7.1690836 ], [ 79.9864482, 7.1690709 ], [ 79.9864512, 7.1690505 ], [ 79.986458, 7.1690349 ], [ 79.9864482, 7.1690213 ], [ 79.9864315, 7.1690135 ], [ 79.9863717, 7.1690125 ], [ 79.9863501, 7.1690145 ], [ 79.9863374, 7.1690252 ], [ 79.9863256, 7.169031 ], [ 79.9863109, 7.1690203 ], [ 79.9862873, 7.1690086 ], [ 79.9862716, 7.168997 ], [ 79.9862471, 7.1689902 ], [ 79.9862157, 7.168995 ], [ 79.9861922, 7.169033 ], [ 79.9860617, 7.1690232 ], [ 79.9860696, 7.1689697 ], [ 79.9860402, 7.168994 ], [ 79.9860126, 7.1690051 ], [ 79.9860204, 7.1690289 ], [ 79.9860155, 7.1690484 ], [ 79.9859984, 7.1690678 ], [ 79.9859964, 7.1690829 ], [ 79.9860023, 7.1690975 ], [ 79.986017, 7.1691043 ], [ 79.9860395, 7.1691063 ], [ 79.9860582, 7.1691092 ], [ 79.9860768, 7.1691228 ], [ 79.9860906, 7.1691374 ], [ 79.9860964, 7.1691617 ], [ 79.9860994, 7.1691754 ], [ 79.9861121, 7.1691841 ], [ 79.9861308, 7.1691909 ], [ 79.9861543, 7.1691939 ], [ 79.9861847, 7.1691948 ], [ 79.9861877, 7.1692182 ], [ 79.9861906, 7.1692406 ], [ 79.9861926, 7.1692581 ], [ 79.9862069, 7.1692675 ], [ 79.9862226, 7.1692665 ], [ 79.9862334, 7.1692588 ], [ 79.9862412, 7.1692412 ], [ 79.9862471, 7.1692296 ] ] ], [ [ [ 79.997824180341709, 7.171000172849102 ], [ 79.997609578895919, 7.171050667306935 ], [ 79.997529629337691, 7.171096953893282 ], [ 79.997765270140903, 7.171294723853127 ], [ 79.998017742430065, 7.171391504897307 ], [ 79.997824180341709, 7.171000172849102 ] ] ], [ [ [ 79.9768424, 7.1719049 ], [ 79.976821, 7.1719608 ], [ 79.976888, 7.172046 ], [ 79.9769577, 7.1721178 ], [ 79.9770221, 7.1719502 ], [ 79.9769202, 7.1718863 ], [ 79.9768424, 7.1719049 ] ] ], [ [ [ 79.9924119, 7.1885974 ], [ 79.9924308, 7.1885742 ], [ 79.9924053, 7.1885538 ], [ 79.9923864, 7.188577 ], [ 79.9924119, 7.1885974 ] ] ], [ [ [ 79.9957447, 7.1957677 ], [ 79.995742, 7.1957876 ], [ 79.9956629, 7.1958409 ], [ 79.9956777, 7.1958861 ], [ 79.9956737, 7.1959247 ], [ 79.9956602, 7.1959327 ], [ 79.9956441, 7.19593 ], [ 79.9956214, 7.1959899 ], [ 79.9958788, 7.1960923 ], [ 79.995899, 7.1960524 ], [ 79.9958775, 7.1959766 ], [ 79.9958467, 7.1959566 ], [ 79.9958574, 7.1958502 ], [ 79.9958239, 7.1958661 ], [ 79.9957783, 7.1958036 ], [ 79.995785, 7.195785 ], [ 79.9957447, 7.1957677 ] ] ], [ [ [ 79.9838083, 7.1966391 ], [ 79.9838177, 7.1966631 ], [ 79.9838378, 7.1966697 ], [ 79.9838646, 7.1966697 ], [ 79.9838646, 7.1966551 ], [ 79.9838713, 7.1966338 ], [ 79.9838593, 7.1966072 ], [ 79.9838418, 7.1966045 ], [ 79.9838405, 7.1966258 ], [ 79.9838271, 7.1966258 ], [ 79.9838083, 7.1966032 ], [ 79.9838002, 7.1966232 ], [ 79.9838083, 7.1966391 ] ] ], [ [ [ 79.98411651298936, 7.198361331203136 ], [ 79.984144916121892, 7.198626427106758 ], [ 79.984193306643988, 7.19868323337182 ], [ 79.984362673471296, 7.198670609757362 ], [ 79.984385816764473, 7.198636946785474 ], [ 79.984317438852827, 7.198335032006348 ], [ 79.984280619977312, 7.198320304456147 ], [ 79.984147020057634, 7.198335032006348 ], [ 79.98411651298936, 7.198361331203136 ] ] ], [ [ [ 79.996211832067431, 7.281370476546873 ], [ 79.996166163637383, 7.28121520388471 ], [ 79.99616159679438, 7.281082765437572 ], [ 79.996129628893343, 7.280973161205458 ], [ 79.996042858876251, 7.280909225403391 ], [ 79.99596978938817, 7.280872690659353 ], [ 79.995914987272116, 7.280858990130339 ], [ 79.995782548824977, 7.280900091717381 ], [ 79.995723179865919, 7.280913792246396 ], [ 79.995631843005825, 7.280941193304424 ], [ 79.99555420667474, 7.280977728048462 ], [ 79.995490270872679, 7.281009695949496 ], [ 79.995430901913608, 7.281041663850529 ], [ 79.995421768227601, 7.281050797536539 ], [ 79.99535783242554, 7.281178669140672 ], [ 79.995376099797554, 7.281260872314758 ], [ 79.995444602442632, 7.28132024127382 ], [ 79.995609008790794, 7.281407011290911 ], [ 79.995686645121879, 7.281484647621991 ], [ 79.995727746708923, 7.281539449738049 ], [ 79.995768848295967, 7.281676455028192 ], [ 79.995791682510983, 7.281776925574297 ], [ 79.995828217255024, 7.281872829277397 ], [ 79.995896719900102, 7.281941331922469 ], [ 79.99596978938817, 7.281987000352516 ], [ 79.996120495207336, 7.281932198236459 ], [ 79.996184431009397, 7.281804326632326 ], [ 79.996220965753437, 7.281676455028192 ], [ 79.996239233125451, 7.28152118236603 ], [ 79.996211832067431, 7.281370476546873 ] ] ], [ [ [ 80.0187944, 6.6398686 ], [ 80.0186313, 6.6395898 ], [ 80.018362, 6.6395936 ], [ 80.0180661, 6.6398535 ], [ 80.0183241, 6.6400382 ], [ 80.0186996, 6.6399892 ], [ 80.0187944, 6.6398686 ] ] ], [ [ [ 80.0196745, 6.6404715 ], [ 80.0196745, 6.6402981 ], [ 80.0196024, 6.6402416 ], [ 80.0196327, 6.6400758 ], [ 80.0194924, 6.6399929 ], [ 80.0191851, 6.6400645 ], [ 80.0191472, 6.6404564 ], [ 80.0192079, 6.6406146 ], [ 80.0195151, 6.6406598 ], [ 80.0196745, 6.6404715 ] ] ], [ [ [ 80.0189841, 6.6410705 ], [ 80.0190713, 6.6407578 ], [ 80.0190372, 6.6405355 ], [ 80.0187565, 6.6404978 ], [ 80.0185099, 6.6405883 ], [ 80.0181686, 6.6405016 ], [ 80.0181154, 6.6404112 ], [ 80.0176337, 6.6405619 ], [ 80.017793, 6.6407503 ], [ 80.0180813, 6.6407766 ], [ 80.0181989, 6.6407088 ], [ 80.0185175, 6.6407427 ], [ 80.0185744, 6.6409801 ], [ 80.0185479, 6.6411497 ], [ 80.0186427, 6.6412401 ], [ 80.0188437, 6.641225 ], [ 80.0189841, 6.6410705 ] ] ], [ [ [ 80.0155603, 6.6406495 ], [ 80.015393, 6.6406443 ], [ 80.0152833, 6.640665 ], [ 80.0152571, 6.6407325 ], [ 80.015299, 6.640935 ], [ 80.0153564, 6.6409765 ], [ 80.0152833, 6.6410751 ], [ 80.0152937, 6.6411478 ], [ 80.0152624, 6.6412412 ], [ 80.0155603, 6.6414541 ], [ 80.0156021, 6.6413658 ], [ 80.015623, 6.6412516 ], [ 80.0156752, 6.6411841 ], [ 80.0157327, 6.6411737 ], [ 80.0157588, 6.6410855 ], [ 80.0159522, 6.6409869 ], [ 80.0159626, 6.6409298 ], [ 80.0159156, 6.6408104 ], [ 80.0158059, 6.6408312 ], [ 80.0156804, 6.6406858 ], [ 80.0155603, 6.6406495 ] ] ], [ [ [ 80.0159419, 6.6414247 ], [ 80.0161961, 6.6415905 ], [ 80.0165678, 6.6412062 ], [ 80.0163099, 6.6411383 ], [ 80.0159419, 6.6414247 ] ] ], [ [ [ 80.0172885, 6.6414096 ], [ 80.017004, 6.6411911 ], [ 80.0168371, 6.6412175 ], [ 80.0168333, 6.6413041 ], [ 80.0171102, 6.6415754 ], [ 80.0172885, 6.6414096 ] ] ], [ [ [ 80.0165754, 6.64176 ], [ 80.0169927, 6.6416847 ], [ 80.0166057, 6.641274 ], [ 80.0164806, 6.6414059 ], [ 80.0165754, 6.64176 ] ] ], [ [ [ 80.0147293, 6.6420718 ], [ 80.0149175, 6.6420925 ], [ 80.0150429, 6.6422275 ], [ 80.0151892, 6.6422794 ], [ 80.015299, 6.6422483 ], [ 80.0153826, 6.6420873 ], [ 80.0153826, 6.641942 ], [ 80.015461, 6.6415475 ], [ 80.0153408, 6.641506 ], [ 80.0151997, 6.6414229 ], [ 80.0147764, 6.6412724 ], [ 80.0145935, 6.6413554 ], [ 80.0145098, 6.6414748 ], [ 80.0145882, 6.6418434 ], [ 80.0146666, 6.641942 ], [ 80.0147293, 6.6420718 ] ] ], [ [ [ 80.0133598, 6.6419688 ], [ 80.0132251, 6.6420317 ], [ 80.0130667, 6.6421576 ], [ 80.0128212, 6.6422678 ], [ 80.012841, 6.6424015 ], [ 80.0129083, 6.6424487 ], [ 80.0130865, 6.6423386 ], [ 80.0133281, 6.6424015 ], [ 80.0133954, 6.6423543 ], [ 80.0134588, 6.6421655 ], [ 80.0135024, 6.6420907 ], [ 80.0135935, 6.6420081 ], [ 80.0135578, 6.6419649 ], [ 80.0133598, 6.6419688 ] ] ], [ [ [ 80.0187565, 6.6422385 ], [ 80.0187186, 6.6421255 ], [ 80.0187755, 6.6420501 ], [ 80.0187148, 6.6419296 ], [ 80.0185555, 6.6418768 ], [ 80.0183392, 6.6419446 ], [ 80.0184075, 6.6422837 ], [ 80.0182482, 6.6423817 ], [ 80.0185175, 6.6423704 ], [ 80.0186275, 6.6426078 ], [ 80.0188855, 6.6425513 ], [ 80.0189196, 6.6424684 ], [ 80.0188134, 6.6422348 ], [ 80.0187565, 6.6422385 ] ] ], [ [ [ 80.0135935, 6.6421655 ], [ 80.0135459, 6.6424173 ], [ 80.0136133, 6.64261 ], [ 80.0137717, 6.6427005 ], [ 80.0139578, 6.6426848 ], [ 80.0141083, 6.642555 ], [ 80.0142509, 6.6423189 ], [ 80.0143856, 6.6422127 ], [ 80.0144133, 6.6421498 ], [ 80.014247, 6.6421773 ], [ 80.0142905, 6.6420435 ], [ 80.0142628, 6.6418822 ], [ 80.0142311, 6.6418311 ], [ 80.0140885, 6.6417996 ], [ 80.0140014, 6.6418232 ], [ 80.0135935, 6.6421655 ] ] ], [ [ [ 80.0159183, 6.6420553 ], [ 80.0158351, 6.6421655 ], [ 80.0158114, 6.6422481 ], [ 80.0158114, 6.6423583 ], [ 80.0158391, 6.6424251 ], [ 80.0159025, 6.6424841 ], [ 80.0159619, 6.642492 ], [ 80.0160331, 6.6424448 ], [ 80.0161718, 6.6422324 ], [ 80.0161559, 6.6421537 ], [ 80.0159183, 6.6420553 ] ] ], [ [ [ 80.0181458, 6.6424759 ], [ 80.0180358, 6.6422875 ], [ 80.0177892, 6.6424458 ], [ 80.0178499, 6.6426115 ], [ 80.0181458, 6.6424759 ] ] ], [ [ [ 80.0101383, 6.6426869 ], [ 80.0101269, 6.6424345 ], [ 80.0100169, 6.6424232 ], [ 80.0097249, 6.6426681 ], [ 80.0099411, 6.6428677 ], [ 80.0099562, 6.6427321 ], [ 80.0101383, 6.6426869 ] ] ], [ [ [ 80.0192374, 6.6506795 ], [ 80.0192159, 6.6506049 ], [ 80.0192642, 6.6505117 ], [ 80.019232319976027, 6.650286775008418 ], [ 80.019039300119331, 6.650343162831724 ], [ 80.0189906, 6.6506422 ], [ 80.0191623, 6.6507834 ], [ 80.0192374, 6.6506795 ] ] ], [ [ [ 80.006218, 6.6653722 ], [ 80.0064298, 6.6653455 ], [ 80.0064889, 6.6652683 ], [ 80.0065103, 6.6650924 ], [ 80.0063896, 6.6651324 ], [ 80.0063226, 6.6652523 ], [ 80.0062126, 6.6652976 ], [ 80.006218, 6.6653722 ] ] ], [ [ [ 80.0092457, 6.7273203 ], [ 80.0090676, 6.7271323 ], [ 80.0085767, 6.7268826 ], [ 80.0081697, 6.7267637 ], [ 80.0079063, 6.7265021 ], [ 80.0077506, 6.7260622 ], [ 80.0079465, 6.7256205 ], [ 80.0080964, 6.7255857 ], [ 80.0081816, 6.7255747 ], [ 80.0082285, 6.7253931 ], [ 80.0081666, 6.7253075 ], [ 80.0081279, 6.725254 ], [ 80.007624, 6.7248272 ], [ 80.0063072, 6.7239543 ], [ 80.006237, 6.7237792 ], [ 80.0061507, 6.7237889 ], [ 80.0059428, 6.724564 ], [ 80.0056554, 6.7249802 ], [ 80.0052843, 6.7251585 ], [ 80.0049371, 6.7253725 ], [ 80.0043744, 6.7252774 ], [ 80.0039433, 6.7250991 ], [ 80.0035842, 6.7248375 ], [ 80.0032849, 6.7250039 ], [ 80.0034884, 6.7253488 ], [ 80.003656, 6.7258006 ], [ 80.0037757, 6.7263594 ], [ 80.003656, 6.7265972 ], [ 80.0030454, 6.7274533 ], [ 80.0030334, 6.7277506 ], [ 80.0035602, 6.7272155 ], [ 80.0038955, 6.7269064 ], [ 80.0043744, 6.7265497 ], [ 80.0047695, 6.7265972 ], [ 80.0052962, 6.7266924 ], [ 80.0055836, 6.7269302 ], [ 80.0057991, 6.7272155 ], [ 80.0060266, 6.72781 ], [ 80.0060026, 6.7283332 ], [ 80.0058709, 6.7288326 ], [ 80.005416, 6.7300335 ], [ 80.0054998, 6.7306399 ], [ 80.0057512, 6.7304853 ], [ 80.0061224, 6.7295341 ], [ 80.0063498, 6.7290466 ], [ 80.0068048, 6.7285234 ], [ 80.0070323, 6.7279765 ], [ 80.0075231, 6.7277268 ], [ 80.0081457, 6.7278219 ], [ 80.0085169, 6.7282143 ], [ 80.0090916, 6.7287375 ], [ 80.0094507, 6.7292012 ], [ 80.0096184, 6.7301762 ], [ 80.0099775, 6.7294509 ], [ 80.0100853, 6.7289753 ], [ 80.0104923, 6.7292606 ], [ 80.0112347, 6.7296649 ], [ 80.0118572, 6.7299621 ], [ 80.0124319, 6.7298551 ], [ 80.0112466, 6.7294628 ], [ 80.010636, 6.7290109 ], [ 80.0102888, 6.7283808 ], [ 80.0095345, 6.7276436 ], [ 80.0092865, 6.7273671 ], [ 80.0092311, 6.7273854 ], [ 80.0092457, 6.7273203 ] ] ], [ [ [ 79.998486, 6.7991331 ], [ 79.9985472, 6.799136 ], [ 79.9985501, 6.7990723 ], [ 79.9985239, 6.7990202 ], [ 79.9982411, 6.7991042 ], [ 79.9982236, 6.7991447 ], [ 79.9979642, 6.7991592 ], [ 79.9978418, 6.7992228 ], [ 79.9978593, 6.7992923 ], [ 79.9980662, 6.799246 ], [ 79.9980983, 6.7992778 ], [ 79.9981828, 6.7992055 ], [ 79.9982878, 6.7992576 ], [ 79.9983344, 6.7992141 ], [ 79.9984073, 6.7992084 ], [ 79.9984743, 6.7991678 ], [ 79.998486, 6.7991331 ] ] ], [ [ [ 80.0182557, 6.848581 ], [ 80.0179714, 6.8485224 ], [ 80.0179258, 6.8485357 ], [ 80.0179124, 6.8488606 ], [ 80.0175422, 6.8492095 ], [ 80.0175261, 6.8492548 ], [ 80.0175315, 6.8498114 ], [ 80.0173464, 6.8500723 ], [ 80.0173464, 6.8501149 ], [ 80.0175127, 6.8501975 ], [ 80.017561, 6.8501735 ], [ 80.0179526, 6.8497421 ], [ 80.0182664, 6.8486289 ], [ 80.0182557, 6.848581 ] ] ], [ [ [ 80.0207716, 6.8512015 ], [ 80.020903, 6.8510071 ], [ 80.0208977, 6.8509858 ], [ 80.0206268, 6.850782 ], [ 80.0204712, 6.8509618 ], [ 80.0204712, 6.8509924 ], [ 80.0207153, 6.8511988 ], [ 80.0207716, 6.8512015 ] ] ], [ [ [ 80.0156674, 6.8534544 ], [ 80.0151738, 6.8542826 ], [ 80.0148708, 6.8549191 ], [ 80.0148252, 6.8549457 ], [ 80.0146669, 6.8548738 ], [ 80.0146079, 6.8548978 ], [ 80.0143477, 6.8553159 ], [ 80.0141358, 6.8553505 ], [ 80.0141251, 6.8554011 ], [ 80.0146884, 6.8559017 ], [ 80.014734, 6.8559204 ], [ 80.0147849, 6.8559097 ], [ 80.0148118, 6.8558778 ], [ 80.0151685, 6.8548392 ], [ 80.0156164, 6.8540909 ], [ 80.0159973, 6.8533639 ], [ 80.0162199, 6.8531668 ], [ 80.0162816, 6.8530443 ], [ 80.0163299, 6.8528526 ], [ 80.0163326, 6.8527727 ], [ 80.0162977, 6.8526688 ], [ 80.0163433, 6.8523919 ], [ 80.0165096, 6.8519817 ], [ 80.0164962, 6.8518592 ], [ 80.0164694, 6.8518193 ], [ 80.0163031, 6.8517501 ], [ 80.0162441, 6.8517687 ], [ 80.015882, 6.8520244 ], [ 80.0157452, 6.8525303 ], [ 80.0157586, 6.8526182 ], [ 80.0158605, 6.8528046 ], [ 80.0158471, 6.8528765 ], [ 80.0156003, 6.8531295 ], [ 80.0155869, 6.8532014 ], [ 80.0156593, 6.8533772 ], [ 80.0156674, 6.8534544 ] ] ], [ [ [ 80.014449091467313, 6.856927944970216 ], [ 80.014428540673791, 6.85698959735078 ], [ 80.01441826527703, 6.857035836636204 ], [ 80.014135691866116, 6.857678048933749 ], [ 80.014207619643429, 6.857734563615933 ], [ 80.014341199801322, 6.857796215996498 ], [ 80.014443953768932, 6.857847592980301 ], [ 80.014546707736542, 6.857873281472203 ], [ 80.014644324005772, 6.857760252107835 ], [ 80.014700838687958, 6.857642085045087 ], [ 80.01476762876689, 6.857472540998534 ], [ 80.014834418845837, 6.857297859253602 ], [ 80.014896071226403, 6.857159141397332 ], [ 80.014937172813447, 6.857092351318387 ], [ 80.014957723606969, 6.857010148144302 ], [ 80.014957723606969, 6.856938220366977 ], [ 80.014906346623164, 6.856897118779933 ], [ 80.014819005750695, 6.856881705684793 ], [ 80.014716251783085, 6.856871430288032 ], [ 80.014644324005772, 6.856861154891272 ], [ 80.014592947021967, 6.856861154891272 ], [ 80.01452615694302, 6.856866292589651 ], [ 80.014485055355976, 6.856881705684793 ], [ 80.014449091467313, 6.856927944970216 ] ] ], [ [ [ 80.020266, 6.8581227 ], [ 80.0199401, 6.8580575 ], [ 80.0199267, 6.8580708 ], [ 80.0199576, 6.8581839 ], [ 80.0201118, 6.8584289 ], [ 80.0203612, 6.8585528 ], [ 80.0204189, 6.8585541 ], [ 80.0205369, 6.8585155 ], [ 80.020549, 6.8584929 ], [ 80.0204511, 6.8582159 ], [ 80.020266, 6.8581227 ] ] ], [ [ [ 80.0164372, 6.8601013 ], [ 80.0168422, 6.8607724 ], [ 80.0168744, 6.8607937 ], [ 80.0175369, 6.8604182 ], [ 80.0175503, 6.8603596 ], [ 80.0175235, 6.8602345 ], [ 80.0174913, 6.8601865 ], [ 80.016759, 6.8598803 ], [ 80.0166947, 6.8598989 ], [ 80.0164399, 6.8600614 ], [ 80.0164372, 6.8601013 ] ] ], [ [ [ 80.0064553, 6.9198208 ], [ 80.0063789, 6.9199073 ], [ 80.0064111, 6.9200165 ], [ 80.006391, 6.9201789 ], [ 80.0064822, 6.9202202 ], [ 80.0069368, 6.9202109 ], [ 80.0073445, 6.9200272 ], [ 80.0074451, 6.9200578 ], [ 80.0075711, 6.9198248 ], [ 80.0070414, 6.9197662 ], [ 80.0067973, 6.9196584 ], [ 80.0066592, 6.919669 ], [ 80.0064553, 6.9198208 ] ] ], [ [ [ 80.0083181, 6.9206476 ], [ 80.0082149, 6.9203107 ], [ 80.0080217, 6.9200245 ], [ 80.007724, 6.9199806 ], [ 80.0076771, 6.9207061 ], [ 80.0076114, 6.9210137 ], [ 80.0077616, 6.9211641 ], [ 80.0079842, 6.9212094 ], [ 80.008011, 6.9211508 ], [ 80.0081974, 6.9211841 ], [ 80.0082806, 6.9211428 ], [ 80.0083181, 6.9206476 ] ] ], [ [ [ 80.0094871, 6.9228949 ], [ 80.0095568, 6.9229175 ], [ 80.0095676, 6.9229761 ], [ 80.0095313, 6.9230347 ], [ 80.0095501, 6.9230533 ], [ 80.0096453, 6.9229974 ], [ 80.0096923, 6.92302 ], [ 80.0097325, 6.9229228 ], [ 80.0096775, 6.9229015 ], [ 80.0096118, 6.9229122 ], [ 80.0094857, 6.9228217 ], [ 80.0094562, 6.9228203 ], [ 80.0094348, 6.9229069 ], [ 80.0094871, 6.9228949 ] ] ], [ [ [ 80.0166317, 6.9229238 ], [ 80.0165917, 6.9230369 ], [ 80.0164253, 6.9232816 ], [ 80.0165393, 6.9232908 ], [ 80.0165516, 6.9233122 ], [ 80.0165131, 6.9233581 ], [ 80.0165516, 6.9233688 ], [ 80.0165686, 6.9234131 ], [ 80.0165532, 6.9234682 ], [ 80.0164854, 6.9235049 ], [ 80.0165131, 6.9236364 ], [ 80.0165347, 6.9236272 ], [ 80.0165917, 6.923667 ], [ 80.0168043, 6.9236334 ], [ 80.0168443, 6.9234667 ], [ 80.0169306, 6.9233642 ], [ 80.0170708, 6.9233764 ], [ 80.0171278, 6.923352 ], [ 80.0170554, 6.9232755 ], [ 80.0169984, 6.9230813 ], [ 80.0169764, 6.9228835 ], [ 80.0167257, 6.9228504 ], [ 80.0166749, 6.9228718 ], [ 80.0166317, 6.9229238 ] ] ], [ [ [ 80.007436133178075, 6.925490529856166 ], [ 80.007466959368358, 6.925356949698276 ], [ 80.0074823724635, 6.925171992556583 ], [ 80.0074823724635, 6.925043550097074 ], [ 80.007282002226674, 6.924771252082915 ], [ 80.007179248259064, 6.924689048908829 ], [ 80.007045668101171, 6.924591432639602 ], [ 80.006881261752994, 6.924462990180094 ], [ 80.006706580008071, 6.924247206848118 ], [ 80.006644927627505, 6.924149590578891 ], [ 80.006542173659895, 6.924010872722621 ], [ 80.006444557390665, 6.923923531850155 ], [ 80.00634694112145, 6.923867017167971 ], [ 80.006213360963557, 6.923831053279309 ], [ 80.006038679218619, 6.923805364787406 ], [ 80.005956476044531, 6.923800227089027 ], [ 80.005910236759107, 6.923831053279309 ], [ 80.005894823663965, 6.923887567961493 ], [ 80.005894823663965, 6.923964633437198 ], [ 80.005930787552629, 6.924087938198326 ], [ 80.006012990726717, 6.92427289534002 ], [ 80.006059230012141, 6.924380787006007 ], [ 80.006131157789468, 6.924498954068755 ], [ 80.006275013344123, 6.924683911210449 ], [ 80.006367491914972, 6.924827766765099 ], [ 80.006480521279329, 6.925012723906792 ], [ 80.006531898263134, 6.925094927080877 ], [ 80.006583275246939, 6.925218231842007 ], [ 80.006624376833983, 6.925346674301515 ], [ 80.006675753817788, 6.925434015173982 ], [ 80.006732268499974, 6.925541906839969 ], [ 80.006773370087018, 6.925649798505957 ], [ 80.006783645483779, 6.925701175489761 ], [ 80.00679905857892, 6.925747414775184 ], [ 80.006809333975681, 6.925778240965466 ], [ 80.00694291413356, 6.92582961794927 ], [ 80.007081631989834, 6.925839893346031 ], [ 80.007225487544488, 6.925747414775184 ], [ 80.007333379210479, 6.925608696918914 ], [ 80.007436133178075, 6.925490529856166 ] ] ], [ [ [ 80.0033183, 6.9255303 ], [ 80.0034331, 6.9257789 ], [ 80.0036053, 6.9257064 ], [ 80.0037018, 6.9255743 ], [ 80.0038427, 6.9255795 ], [ 80.0039888, 6.9256468 ], [ 80.0040306, 6.925595 ], [ 80.0039966, 6.925349 ], [ 80.0040253, 6.9251703 ], [ 80.0040123, 6.9251133 ], [ 80.0038871, 6.9250641 ], [ 80.0038192, 6.9250926 ], [ 80.0037488, 6.9252066 ], [ 80.0036731, 6.9252506 ], [ 80.0034827, 6.9252843 ], [ 80.0034201, 6.9252687 ], [ 80.0033836, 6.9253594 ], [ 80.0034227, 6.9254371 ], [ 80.0033888, 6.9255096 ], [ 80.0033183, 6.9255303 ] ] ], [ [ [ 80.0040199, 6.9259383 ], [ 80.0040326, 6.9260221 ], [ 80.0039957, 6.9262498 ], [ 80.0040098, 6.9263723 ], [ 80.0041366, 6.9264688 ], [ 80.0041929, 6.9264734 ], [ 80.004325, 6.9264142 ], [ 80.0044933, 6.9261692 ], [ 80.0045617, 6.9259363 ], [ 80.0046556, 6.9258544 ], [ 80.0046643, 6.9258218 ], [ 80.0046546, 6.9257928 ], [ 80.0045798, 6.9257818 ], [ 80.0042606, 6.9258644 ], [ 80.0041044, 6.9258797 ], [ 80.0040199, 6.9259383 ] ] ], [ [ [ 80.0045889, 6.9262114 ], [ 80.0046071, 6.9262891 ], [ 80.0049306, 6.9263254 ], [ 80.0051315, 6.9262114 ], [ 80.0051367, 6.9264134 ], [ 80.0052045, 6.9265507 ], [ 80.0053141, 6.9265766 ], [ 80.0053767, 6.9263772 ], [ 80.0055202, 6.9262425 ], [ 80.005442, 6.925955 ], [ 80.0052593, 6.925968 ], [ 80.0051185, 6.9259343 ], [ 80.0047558, 6.9259706 ], [ 80.0047193, 6.926126 ], [ 80.0045889, 6.9262114 ] ] ], [ [ [ 80.016754802430142, 6.92684816057314 ], [ 80.016866311024529, 6.926837640894425 ], [ 80.016944156647014, 6.926764003143419 ], [ 80.016897870060674, 6.926671429970725 ], [ 80.016798985080754, 6.926629351255865 ], [ 80.016599111185158, 6.926656702420524 ], [ 80.016546512791578, 6.926772418886391 ], [ 80.016630670221303, 6.9268755117378 ], [ 80.016754802430142, 6.92684816057314 ] ] ], [ [ [ 80.017172433675185, 6.931332699609415 ], [ 80.017245019458315, 6.931275893344353 ], [ 80.017165069900074, 6.931096006838324 ], [ 80.017014638494459, 6.931145449328285 ], [ 80.017012534558717, 6.931235918565235 ], [ 80.017029366044653, 6.931312712219857 ], [ 80.017013586526588, 6.931376882260019 ], [ 80.017068288855896, 6.931424220814237 ], [ 80.017172433675185, 6.931332699609415 ] ] ], [ [ [ 80.0158743, 6.9340386 ], [ 80.0158637, 6.9339824 ], [ 80.0157787, 6.933877 ], [ 80.0154354, 6.9336803 ], [ 80.0152514, 6.9336557 ], [ 80.0151594, 6.9337049 ], [ 80.014993, 6.9339051 ], [ 80.0146108, 6.9344954 ], [ 80.0145435, 6.9347062 ], [ 80.0145931, 6.9348537 ], [ 80.0148727, 6.9351875 ], [ 80.0150036, 6.9352121 ], [ 80.0150603, 6.9351172 ], [ 80.0152478, 6.9349837 ], [ 80.015393, 6.9345902 ], [ 80.0155947, 6.9344391 ], [ 80.0157327, 6.9343724 ], [ 80.0158743, 6.9340386 ] ] ], [ [ [ 80.0143064, 6.9357883 ], [ 80.0143843, 6.9358796 ], [ 80.0144091, 6.9359674 ], [ 80.0143277, 6.9359991 ], [ 80.0142498, 6.9359709 ], [ 80.0141542, 6.9359815 ], [ 80.0140304, 6.9361045 ], [ 80.0140551, 6.9361993 ], [ 80.0144232, 6.9363609 ], [ 80.0144763, 6.9363609 ], [ 80.0145117, 6.9363328 ], [ 80.0146214, 6.936129 ], [ 80.0147984, 6.9360201 ], [ 80.0148338, 6.9359218 ], [ 80.0147984, 6.9358445 ], [ 80.0144126, 6.935595 ], [ 80.0142569, 6.9356126 ], [ 80.0142144, 6.9356758 ], [ 80.0142321, 6.9357601 ], [ 80.0143064, 6.9357883 ] ] ], [ [ [ 80.0180616, 6.9385317 ], [ 80.018008, 6.9387061 ], [ 80.018008, 6.9388046 ], [ 80.0180415, 6.9388445 ], [ 80.0181072, 6.9388485 ], [ 80.0181126, 6.938742 ], [ 80.0181488, 6.9387088 ], [ 80.018181, 6.9385623 ], [ 80.0182266, 6.938545 ], [ 80.0182346, 6.9383773 ], [ 80.0182789, 6.9383493 ], [ 80.0183057, 6.9382668 ], [ 80.0182896, 6.9382401 ], [ 80.0182011, 6.9382561 ], [ 80.0180616, 6.9385317 ] ] ], [ [ [ 80.0172643, 6.941119 ], [ 80.0173193, 6.9411097 ], [ 80.0173555, 6.9410764 ], [ 80.0173381, 6.9410312 ], [ 80.0172482, 6.9409886 ], [ 80.017216, 6.9410125 ], [ 80.0172201, 6.9410631 ], [ 80.0172643, 6.941119 ] ] ], [ [ [ 80.0170175, 6.9412868 ], [ 80.017043, 6.9413866 ], [ 80.0170712, 6.9413467 ], [ 80.0170363, 6.9412402 ], [ 80.0170511, 6.9412096 ], [ 80.017039, 6.9411576 ], [ 80.0170082, 6.9411204 ], [ 80.0169867, 6.9411284 ], [ 80.0169773, 6.9412641 ], [ 80.0170175, 6.9412868 ] ] ], [ [ [ 80.0172194, 6.9412409 ], [ 80.0171047, 6.9412648 ], [ 80.0171315, 6.9413054 ], [ 80.0172388, 6.9412735 ], [ 80.0172194, 6.9412409 ] ] ], [ [ [ 80.0173689, 6.9412961 ], [ 80.0173716, 6.9413267 ], [ 80.0173501, 6.941348 ], [ 80.0173153, 6.9413267 ], [ 80.0172858, 6.94134 ], [ 80.0172066, 6.9414093 ], [ 80.0171946, 6.9414798 ], [ 80.0172589, 6.9415304 ], [ 80.0172871, 6.9415078 ], [ 80.017381, 6.941569 ], [ 80.0173917, 6.9416476 ], [ 80.0175406, 6.9416635 ], [ 80.0175969, 6.9416369 ], [ 80.0176452, 6.9416462 ], [ 80.0176693, 6.9416169 ], [ 80.0176626, 6.9415837 ], [ 80.017617, 6.941561 ], [ 80.0175084, 6.9415943 ], [ 80.0174574, 6.9415437 ], [ 80.0173864, 6.9415424 ], [ 80.0173877, 6.9415091 ], [ 80.0174266, 6.9414945 ], [ 80.0174695, 6.9415131 ], [ 80.0175218, 6.9414811 ], [ 80.0175714, 6.9414146 ], [ 80.0175915, 6.9413334 ], [ 80.0175781, 6.9412815 ], [ 80.017499, 6.9412109 ], [ 80.0174601, 6.9412096 ], [ 80.0174346, 6.9412349 ], [ 80.0173528, 6.9412042 ], [ 80.0173314, 6.9412122 ], [ 80.017322, 6.9412748 ], [ 80.0173689, 6.9412961 ] ] ], [ [ [ 80.0165683, 6.9419637 ], [ 80.0165622, 6.9418672 ], [ 80.0165354, 6.9418479 ], [ 80.0164871, 6.9419411 ], [ 80.0165086, 6.9420303 ], [ 80.0165576, 6.9420489 ], [ 80.0165683, 6.9419637 ] ] ], [ [ [ 80.0166674, 6.9422784 ], [ 80.0167815, 6.9422872 ], [ 80.0167866, 6.9422307 ], [ 80.0167604, 6.9422173 ], [ 80.0166674, 6.9422784 ] ] ], [ [ [ 80.0168631, 6.9423273 ], [ 80.0168732, 6.9423838 ], [ 80.0169078, 6.9423838 ], [ 80.0169393, 6.9423232 ], [ 80.0169129, 6.942292 ], [ 80.0168844, 6.942296 ], [ 80.0168631, 6.9423273 ] ] ], [ [ [ 80.0168051, 6.942295 ], [ 80.0166954, 6.9423111 ], [ 80.0166913, 6.9423717 ], [ 80.0167259, 6.9424453 ], [ 80.0167675, 6.9424433 ], [ 80.0168417, 6.9423293 ], [ 80.0168051, 6.942295 ] ] ], [ [ [ 80.0192413, 6.9449585 ], [ 80.0189891, 6.9447638 ], [ 80.0187649, 6.9447359 ], [ 80.0187042, 6.9447545 ], [ 80.0185883, 6.9448413 ], [ 80.0186017, 6.9452766 ], [ 80.0185105, 6.9461792 ], [ 80.0185212, 6.9463389 ], [ 80.0192723, 6.9463003 ], [ 80.0190134, 6.9457359 ], [ 80.0188404, 6.9457678 ], [ 80.0187649, 6.9457512 ], [ 80.0187649, 6.9456631 ], [ 80.018793, 6.9455843 ], [ 80.0187883, 6.9455008 ], [ 80.0188537, 6.9453757 ], [ 80.0189751, 6.9452783 ], [ 80.0192039, 6.9452227 ], [ 80.019274, 6.945181 ], [ 80.019302, 6.9450604 ], [ 80.0192413, 6.9449585 ] ] ], [ [ [ 80.017015, 6.9454361 ], [ 80.016799, 6.945488 ], [ 80.0167682, 6.9455559 ], [ 80.0168393, 6.9456198 ], [ 80.016799, 6.9457024 ], [ 80.0168473, 6.9458262 ], [ 80.0168567, 6.9459154 ], [ 80.0168822, 6.945946 ], [ 80.0170069, 6.9459606 ], [ 80.0170579, 6.9459992 ], [ 80.0170833, 6.9459553 ], [ 80.017086, 6.9454867 ], [ 80.0170699, 6.9454548 ], [ 80.017015, 6.9454361 ] ] ], [ [ [ 80.008057794681932, 6.949260519554421 ], [ 80.008057794681932, 6.949308471405971 ], [ 80.008064644946444, 6.949397524844565 ], [ 80.008085195739966, 6.949486578283158 ], [ 80.008181099443064, 6.949596182515272 ], [ 80.008290703675172, 6.949644134366822 ], [ 80.008414008436304, 6.949685235953865 ], [ 80.008633216900535, 6.949842792037529 ], [ 80.008715420074623, 6.949877043360065 ], [ 80.008831874571243, 6.949904444418094 ], [ 80.008934628538853, 6.9499112946826 ], [ 80.009051083035473, 6.949877043360065 ], [ 80.009119585680537, 6.949787989921472 ], [ 80.009085334358005, 6.949671535424851 ], [ 80.009057933299971, 6.949548230663722 ], [ 80.009071633828995, 6.949404375109071 ], [ 80.009146986738571, 6.949253669289914 ], [ 80.009290842293211, 6.949157765586814 ], [ 80.009379895731811, 6.9490481613547 ], [ 80.009420997318855, 6.948883755006528 ], [ 80.00947579943491, 6.948760450245399 ], [ 80.009489499963919, 6.948623444955256 ], [ 80.009482649699422, 6.948527541252156 ], [ 80.009468949170397, 6.948342584110463 ], [ 80.009468949170397, 6.948178177762292 ], [ 80.00944839837689, 6.948095974588205 ], [ 80.009338794144767, 6.948048022736655 ], [ 80.009208639119137, 6.948041172472148 ], [ 80.008989430654907, 6.948095974588205 ], [ 80.008859275629263, 6.94810967511722 ], [ 80.008770222190677, 6.94810967511722 ], [ 80.008612666107013, 6.94810967511722 ], [ 80.008482511081368, 6.948095974588205 ], [ 80.008352356055738, 6.948130225910742 ], [ 80.00827015288165, 6.948185028026798 ], [ 80.008126297326996, 6.948335733845956 ], [ 80.008119447062498, 6.948438487813563 ], [ 80.008112596797986, 6.948554942310184 ], [ 80.008133147591508, 6.948657696277792 ], [ 80.008146848120518, 6.948760450245399 ], [ 80.008126297326996, 6.948822102625964 ], [ 80.008078345475454, 6.949137214793293 ], [ 80.008057794681932, 6.949260519554421 ] ] ], [ [ [ 80.014067024518482, 6.949763176718394 ], [ 80.013989178895983, 6.949756864911165 ], [ 80.013972347410046, 6.950019856879044 ], [ 80.0142048, 6.9500331 ], [ 80.0142976, 6.9500299 ], [ 80.014431005402031, 6.950043000172218 ], [ 80.014468876245402, 6.949782112140081 ], [ 80.0143615755225, 6.949792631818797 ], [ 80.014266898414064, 6.949805255433255 ], [ 80.014182740984353, 6.949807359368998 ], [ 80.014123830783547, 6.949777904268595 ], [ 80.014067024518482, 6.949763176718394 ] ] ], [ [ [ 80.0113066, 6.9573831 ], [ 80.01152, 6.9570433 ], [ 80.0115228, 6.9566075 ], [ 80.0114887, 6.9565397 ], [ 80.0113759, 6.9565369 ], [ 80.0112365, 6.9566263 ], [ 80.0110885, 6.9568174 ], [ 80.010897, 6.9571751 ], [ 80.0113066, 6.9573831 ] ] ], [ [ [ 80.0103462, 6.96907 ], [ 80.0104188, 6.9689647 ], [ 80.0103842, 6.9688765 ], [ 80.010292, 6.9688159 ], [ 80.0101875, 6.9688289 ], [ 80.0101575, 6.9688919 ], [ 80.0103014, 6.9690551 ], [ 80.0103462, 6.96907 ] ] ], [ [ [ 80.011982, 6.9691425 ], [ 80.0119999, 6.9690883 ], [ 80.0119844, 6.9690106 ], [ 80.0119412, 6.968958 ], [ 80.0118605, 6.9689572 ], [ 80.0117675, 6.9690147 ], [ 80.0117113, 6.969149 ], [ 80.0116428, 6.9692024 ], [ 80.0116322, 6.9692502 ], [ 80.0116583, 6.9692761 ], [ 80.0118442, 6.9692405 ], [ 80.0118931, 6.9691862 ], [ 80.0119339, 6.969183 ], [ 80.011982, 6.9691425 ] ] ], [ [ [ 80.007812897725813, 6.970272849647038 ], [ 80.007943052751443, 6.970334502027602 ], [ 80.008128009893142, 6.970423555466195 ], [ 80.008278715712294, 6.970492058111267 ], [ 80.008511624705548, 6.970574261285353 ], [ 80.008723982905266, 6.970587961814367 ], [ 80.008840437401886, 6.970622213136902 ], [ 80.008943191369497, 6.970704416310989 ], [ 80.009025394543585, 6.970752368162539 ], [ 80.009080196659639, 6.970711266575496 ], [ 80.009066496130615, 6.970622213136902 ], [ 80.009052795601605, 6.970505758640281 ], [ 80.009025394543585, 6.970382453879152 ], [ 80.009018544279073, 6.970252298853516 ], [ 80.009018544279073, 6.970087892505345 ], [ 80.009018544279073, 6.969909785628158 ], [ 80.009066496130615, 6.969752229544494 ], [ 80.009128148511181, 6.969560422138295 ], [ 80.009203501420771, 6.969375464996601 ], [ 80.009230902478791, 6.969252160235472 ], [ 80.009258303536825, 6.969135705738851 ], [ 80.009224052214279, 6.969046652300258 ], [ 80.009155549569215, 6.9689918501842 ], [ 80.009018544279073, 6.968971299390679 ], [ 80.008888389253428, 6.968971299390679 ], [ 80.00879248555033, 6.9689918501842 ], [ 80.008696581847232, 6.969067203093779 ], [ 80.008614378673144, 6.969156256532372 ], [ 80.008518474970046, 6.969286411558008 ], [ 80.008415721002436, 6.969389165525615 ], [ 80.008299266505816, 6.96949876975773 ], [ 80.00823761412525, 6.969574122667308 ], [ 80.00819651253822, 6.96964262531238 ], [ 80.008121159628629, 6.96973852901548 ], [ 80.008059507248063, 6.969800181396044 ], [ 80.007977304073989, 6.969868684041116 ], [ 80.007901951164399, 6.969923486157173 ], [ 80.007812897725813, 6.970019389860274 ], [ 80.007778646403281, 6.970067341711824 ], [ 80.007751245345247, 6.970108443298866 ], [ 80.007737544816237, 6.970128994092388 ], [ 80.007689592964681, 6.970245448589009 ], [ 80.007812897725813, 6.970272849647038 ] ] ], [ [ [ 80.0033197, 7.0310611 ], [ 80.0033695, 7.0311016 ], [ 80.0034126, 7.0311016 ], [ 80.0034715, 7.0310701 ], [ 80.0034624, 7.0310094 ], [ 80.0034239, 7.030915 ], [ 80.0033741, 7.0309352 ], [ 80.0033219, 7.0309577 ], [ 80.0033129, 7.0310027 ], [ 80.0033197, 7.0310611 ] ] ], [ [ [ 80.009889, 7.059354 ], [ 80.0098595, 7.0593168 ], [ 80.0097683, 7.0593088 ], [ 80.00961, 7.059354 ], [ 80.0096985, 7.0594392 ], [ 80.0097897, 7.059527 ], [ 80.0098783, 7.059575 ], [ 80.0099426, 7.0595297 ], [ 80.0099614, 7.0594711 ], [ 80.0099024, 7.0594525 ], [ 80.009889, 7.059354 ] ] ], [ [ [ 80.0136774, 7.070673 ], [ 80.0137242, 7.0706993 ], [ 80.0137689, 7.070669 ], [ 80.0138157, 7.0706609 ], [ 80.0138604, 7.0706408 ], [ 80.013834, 7.0706085 ], [ 80.0138116, 7.070556 ], [ 80.0138685, 7.0704794 ], [ 80.0138208, 7.0703817 ], [ 80.0136876, 7.0704451 ], [ 80.0136165, 7.070439 ], [ 80.0135758, 7.0704733 ], [ 80.0135352, 7.0704733 ], [ 80.0135798, 7.070506 ], [ 80.0135047, 7.0706085 ], [ 80.0134742, 7.0706287 ], [ 80.0134112, 7.0706145 ], [ 80.0133827, 7.0706347 ], [ 80.0133888, 7.070669 ], [ 80.0134055, 7.0706949 ], [ 80.0134498, 7.070667 ], [ 80.0134904, 7.0706932 ], [ 80.0135047, 7.0707235 ], [ 80.0136348, 7.0707154 ], [ 80.0136774, 7.070673 ] ] ], [ [ [ 80.0085064, 7.0722657 ], [ 80.0084348, 7.0723321 ], [ 80.0083182, 7.0724478 ], [ 80.0082545, 7.0725589 ], [ 80.0082451, 7.0726808 ], [ 80.0083372, 7.0729008 ], [ 80.0083724, 7.0729499 ], [ 80.0084075, 7.0729521 ], [ 80.0083922, 7.0727513 ], [ 80.00839, 7.0726356 ], [ 80.008423, 7.0724754 ], [ 80.0084845, 7.0724106 ], [ 80.0085499, 7.072322 ], [ 80.00854, 7.0722762 ], [ 80.0085064, 7.0722657 ] ] ], [ [ [ 80.0056427, 7.07995 ], [ 80.0056315, 7.0799706 ], [ 80.005614, 7.0799817 ], [ 80.0055916, 7.0799865 ], [ 80.00559, 7.0800023 ], [ 80.0056236, 7.080053 ], [ 80.0056252, 7.0800879 ], [ 80.0055932, 7.0801243 ], [ 80.0055342, 7.0801671 ], [ 80.0054783, 7.0802051 ], [ 80.0054224, 7.0802289 ], [ 80.0052042, 7.0802545 ], [ 80.0052681, 7.0802533 ], [ 80.0053381, 7.0802578 ], [ 80.0054126, 7.080251 ], [ 80.0054961, 7.0802376 ], [ 80.0055435, 7.0802219 ], [ 80.0056361, 7.0801211 ], [ 80.0057151, 7.0800763 ], [ 80.0057377, 7.0800359 ], [ 80.005758, 7.0799127 ], [ 80.0057829, 7.0798522 ], [ 80.0058167, 7.0797917 ], [ 80.0058506, 7.0797581 ], [ 80.005889, 7.079673 ], [ 80.0059296, 7.0796058 ], [ 80.005986, 7.0795475 ], [ 80.0060335, 7.0794848 ], [ 80.0060899, 7.0793705 ], [ 80.0061373, 7.079375 ], [ 80.0061554, 7.0793302 ], [ 80.0061012, 7.0792047 ], [ 80.0060454, 7.0791262 ], [ 80.0060414, 7.0790953 ], [ 80.0060199, 7.0790628 ], [ 80.0060031, 7.0790541 ], [ 80.0059863, 7.0790541 ], [ 80.0059632, 7.0790549 ], [ 80.0059313, 7.0790675 ], [ 80.0059193, 7.0790786 ], [ 80.0059209, 7.0790929 ], [ 80.0059632, 7.0790984 ], [ 80.0059792, 7.0791127 ], [ 80.0059943, 7.0791301 ], [ 80.0060047, 7.0791658 ], [ 80.0059957, 7.0791828 ], [ 80.0059618, 7.0792018 ], [ 80.0059979, 7.0792096 ], [ 80.0059991, 7.0792309 ], [ 80.0059787, 7.0792948 ], [ 80.0059325, 7.079362 ], [ 80.0059268, 7.079381 ], [ 80.0059516, 7.0793844 ], [ 80.0059528, 7.0794012 ], [ 80.00592, 7.0794449 ], [ 80.005895, 7.0794985 ], [ 80.0058487, 7.0795143 ], [ 80.0058375, 7.0795444 ], [ 80.0058327, 7.0796062 ], [ 80.0058151, 7.0796395 ], [ 80.0057896, 7.0796585 ], [ 80.00578, 7.0797377 ], [ 80.0057577, 7.0797726 ], [ 80.0057577, 7.0798106 ], [ 80.0057209, 7.079893 ], [ 80.0057098, 7.0799342 ], [ 80.0056667, 7.0799373 ], [ 80.0056427, 7.07995 ] ] ], [ [ [ 80.0063634, 7.0868628 ], [ 80.0068198, 7.0869787 ], [ 80.0068493, 7.0867801 ], [ 80.0064009, 7.0866839 ], [ 80.0063634, 7.0868628 ] ] ], [ [ [ 80.0192052, 7.0898476 ], [ 80.0192052, 7.0899194 ], [ 80.0192301, 7.0899576 ], [ 80.0194155, 7.0899351 ], [ 80.0194608, 7.0898813 ], [ 80.0195286, 7.0895154 ], [ 80.0192504, 7.0895221 ], [ 80.0192052, 7.0898476 ] ] ], [ [ [ 80.003624389121185, 7.094102512293532 ], [ 80.003528485418087, 7.094116212822546 ], [ 80.003439431979487, 7.094116212822546 ], [ 80.003350378540901, 7.094116212822546 ], [ 80.003261325102301, 7.094116212822546 ], [ 80.003192822457237, 7.094116212822546 ], [ 80.003144870605681, 7.094116212822546 ], [ 80.003096918754139, 7.094095662029025 ], [ 80.003055817167095, 7.094075111235503 ], [ 80.002973613993007, 7.094047710177475 ], [ 80.002918811876953, 7.094020309119446 ], [ 80.002857159496386, 7.093999758325925 ], [ 80.002802357380332, 7.093972357267896 ], [ 80.002733854735254, 7.093944956209867 ], [ 80.002685902883698, 7.093924405416346 ], [ 80.002637951032156, 7.093917555151839 ], [ 80.002583148916102, 7.093897004358317 ], [ 80.002514646271024, 7.093883303829303 ], [ 80.002480394948492, 7.093876453564795 ], [ 80.00244614362596, 7.093862753035782 ], [ 80.002405042038916, 7.093855902771274 ], [ 80.002377640980882, 7.093849052506767 ], [ 80.00234338965835, 7.093849052506767 ], [ 80.002309138335818, 7.093849052506767 ], [ 80.002295437806794, 7.093862753035782 ], [ 80.002281737277784, 7.093883303829303 ], [ 80.002261186484262, 7.093958656738882 ], [ 80.002261186484262, 7.094075111235503 ], [ 80.002322838864828, 7.094171014938603 ], [ 80.002425592832438, 7.094266918641703 ], [ 80.002535197064546, 7.094349121815789 ], [ 80.002658501825678, 7.094451875783396 ], [ 80.002836608702864, 7.094636832925089 ], [ 80.002932512405962, 7.094746437157204 ], [ 80.003096918754139, 7.094849191124811 ], [ 80.003220223515257, 7.094883442447347 ], [ 80.003343528276389, 7.094890292711854 ], [ 80.003542185947097, 7.094842340860304 ], [ 80.003679191237239, 7.094753287421711 ], [ 80.003761394411328, 7.094684784776639 ], [ 80.003966902346548, 7.094588881073539 ], [ 80.004158709752744, 7.094506677899454 ], [ 80.004261463720354, 7.094458726047904 ], [ 80.004412169539506, 7.094403923931846 ], [ 80.004514923507116, 7.094376522873818 ], [ 80.004617677474727, 7.094376522873818 ], [ 80.004693030384303, 7.094369672609311 ], [ 80.004754682764869, 7.094335421286775 ], [ 80.004761533029367, 7.094260068377197 ], [ 80.004761533029367, 7.094205266261139 ], [ 80.004754682764869, 7.094116212822546 ], [ 80.004754682764869, 7.094054560441982 ], [ 80.004809484880923, 7.093992908061417 ], [ 80.004898538319509, 7.093944956209867 ], [ 80.004960190700075, 7.093883303829303 ], [ 80.005001292287119, 7.093821651448739 ], [ 80.004994442022621, 7.093773699597189 ], [ 80.004884837790499, 7.093766849332681 ], [ 80.004747832500357, 7.093766849332681 ], [ 80.004597126681205, 7.093787400126203 ], [ 80.004528624036126, 7.093787400126203 ], [ 80.004473821920072, 7.093787400126203 ], [ 80.004391618745984, 7.09379425039071 ], [ 80.004329966365418, 7.093807950919724 ], [ 80.004275164249364, 7.093835351977753 ], [ 80.004172410281754, 7.093876453564795 ], [ 80.004076506578656, 7.093951806474374 ], [ 80.003980602875558, 7.094006608590432 ], [ 80.003905249965982, 7.09403400964846 ], [ 80.003816196527382, 7.094061410706489 ], [ 80.003706592295273, 7.094088811764517 ], [ 80.003624389121185, 7.094102512293532 ] ] ], [ [ [ 80.0054762, 7.1035035 ], [ 80.0055797, 7.1035703 ], [ 80.0056339, 7.1034823 ], [ 80.0055222, 7.1034187 ], [ 80.0054762, 7.1035035 ] ] ], [ [ [ 80.007731219268322, 7.103487241782938 ], [ 80.0077344, 7.1034233 ], [ 80.0074138, 7.1032619 ], [ 80.007422992681967, 7.103415707967675 ], [ 80.007527137501256, 7.103412552064061 ], [ 80.007608139027354, 7.103478826039966 ], [ 80.007648113806482, 7.103538788208643 ], [ 80.007517669790403, 7.103677647967683 ], [ 80.007517669790403, 7.103706051100214 ], [ 80.0075625, 7.1037345 ], [ 80.007689140553467, 7.10359243857009 ], [ 80.007731219268322, 7.103487241782938 ] ] ], [ [ [ 80.0058350471799, 7.103746814855231 ], [ 80.005859242440948, 7.103698424333141 ], [ 80.005859, 7.1036443 ], [ 80.005824527501176, 7.103641618068079 ], [ 80.0057552, 7.1036554 ], [ 80.005706707099577, 7.103701580236756 ], [ 80.005608874087514, 7.103828868349209 ], [ 80.00560466621603, 7.103896194292986 ], [ 80.005639381155788, 7.103933013168489 ], [ 80.005663576416836, 7.103942480879333 ], [ 80.005707759067448, 7.103956156461662 ], [ 80.005761409428885, 7.103863583288969 ], [ 80.0058350471799, 7.103746814855231 ] ] ], [ [ [ 80.018662743405145, 7.107133099433643 ], [ 80.018563858425225, 7.107320349714772 ], [ 80.018690094569806, 7.107425546501924 ], [ 80.018906799951338, 7.107143619112358 ], [ 80.019157168304758, 7.106912186180624 ], [ 80.019157168304758, 7.106834340558132 ], [ 80.019264469027661, 7.106790157907528 ], [ 80.019371769750549, 7.106830132686645 ], [ 80.019361250071839, 7.106733351642466 ], [ 80.019226598184275, 7.106699688670577 ], [ 80.019131921075839, 7.106661817827203 ], [ 80.019068803003549, 7.106602907626398 ], [ 80.018982541638081, 7.106598699754912 ], [ 80.018797395292694, 7.106937433409541 ], [ 80.018805811035676, 7.107044734132435 ], [ 80.018662743405145, 7.107133099433643 ] ] ], [ [ [ 80.017283087541855, 7.114919765618627 ], [ 80.016969601116145, 7.114799841281274 ], [ 80.01676131147758, 7.114827192445933 ], [ 80.016407850272756, 7.114877686903766 ], [ 80.016229015734595, 7.114938701040314 ], [ 80.016092259911304, 7.115235355980082 ], [ 80.016670842240629, 7.115397359032295 ], [ 80.016975912923371, 7.115485724333503 ], [ 80.017209449790855, 7.115321617345546 ], [ 80.017497688987646, 7.115441541682899 ], [ 80.017729121919388, 7.115243771723054 ], [ 80.017979490272808, 7.114976571883688 ], [ 80.018017361116179, 7.114650461843518 ], [ 80.017804863606131, 7.114599967385685 ], [ 80.017588158224598, 7.114583135899741 ], [ 80.017316750513743, 7.114732515337497 ], [ 80.017283087541855, 7.114919765618627 ] ] ], [ [ [ 80.020889233405398, 7.117785326100634 ], [ 80.020561019429479, 7.117301420879737 ], [ 80.020127608666414, 7.117006869875712 ], [ 80.019917215092121, 7.117078403690975 ], [ 80.019833057662396, 7.117032117104628 ], [ 80.019601624730655, 7.117099443048406 ], [ 80.019938254449542, 7.117633842727136 ], [ 80.020308547140317, 7.118029382646826 ], [ 80.019980333164412, 7.118210321120728 ], [ 80.019652119188493, 7.118206113249241 ], [ 80.019437517742702, 7.118395467466114 ], [ 80.019580585373234, 7.118601653168931 ], [ 80.019727860875236, 7.118816254614721 ], [ 80.020333794369236, 7.118521703610696 ], [ 80.020889233405398, 7.117785326100634 ] ] ], [ [ [ 80.012625, 7.119393 ], [ 80.0126266, 7.1194081 ], [ 80.0126154, 7.1194213 ], [ 80.0126151, 7.1194363 ], [ 80.0126284, 7.1194474 ], [ 80.0125932, 7.1195395 ], [ 80.012542, 7.119577 ], [ 80.0125232, 7.1195569 ], [ 80.0125402, 7.1195234 ], [ 80.0125021, 7.119547 ], [ 80.0124756, 7.1194832 ], [ 80.0124201, 7.1194514 ], [ 80.0123956, 7.119454 ], [ 80.012376, 7.1194453 ], [ 80.0123568, 7.119473 ], [ 80.0123522, 7.1194902 ], [ 80.0123908, 7.1194907 ], [ 80.0124239, 7.1194656 ], [ 80.0124575, 7.1194917 ], [ 80.0124697, 7.119526 ], [ 80.0124908, 7.1195516 ], [ 80.0125314, 7.1195794 ], [ 80.0125285, 7.1196565 ], [ 80.0125526, 7.1197015 ], [ 80.0125826, 7.1197558 ], [ 80.0125473, 7.1197983 ], [ 80.012562, 7.1198252 ], [ 80.0125149, 7.1198878 ], [ 80.012519, 7.1199089 ], [ 80.0125539, 7.1199183 ], [ 80.0126188, 7.1199019 ], [ 80.0127136, 7.119937 ], [ 80.0126999, 7.1199713 ], [ 80.0127084, 7.1199859 ], [ 80.0127406, 7.1200186 ], [ 80.0127461, 7.1200467 ], [ 80.012716, 7.1200746 ], [ 80.0127434, 7.1200833 ], [ 80.012818, 7.1200246 ], [ 80.0129336, 7.1198899 ], [ 80.0128952, 7.1197574 ], [ 80.0129498, 7.1196922 ], [ 80.013017, 7.1197663 ], [ 80.0130158, 7.1198204 ], [ 80.0130593, 7.1198116 ], [ 80.0131102, 7.1198167 ], [ 80.0131247, 7.1198452 ], [ 80.013087, 7.119877 ], [ 80.013006, 7.1199152 ], [ 80.0130011, 7.1200354 ], [ 80.0130829, 7.1200061 ], [ 80.0131004, 7.1199862 ], [ 80.0131352, 7.1200074 ], [ 80.0131325, 7.1200261 ], [ 80.0131634, 7.1200527 ], [ 80.0131889, 7.1200114 ], [ 80.0132076, 7.1200447 ], [ 80.0132009, 7.1200593 ], [ 80.013213, 7.1200873 ], [ 80.0132318, 7.1200873 ], [ 80.0132452, 7.1201033 ], [ 80.0132251, 7.1201126 ], [ 80.0132345, 7.1201445 ], [ 80.0132734, 7.1201445 ], [ 80.0132667, 7.1201818 ], [ 80.0133154, 7.1201949 ], [ 80.013347, 7.1201715 ], [ 80.0133667, 7.120159 ], [ 80.0133532, 7.1200538 ], [ 80.0133904, 7.1199821 ], [ 80.0133462, 7.1199492 ], [ 80.0133566, 7.1199217 ], [ 80.0133116, 7.1198899 ], [ 80.0133269, 7.1197721 ], [ 80.0132498, 7.1197159 ], [ 80.0131127, 7.119522 ], [ 80.0131118, 7.1194657 ], [ 80.0130529, 7.1194895 ], [ 80.0130459, 7.1193985 ], [ 80.0129819, 7.1190393 ], [ 80.0129336, 7.1189931 ], [ 80.0129485, 7.1189476 ], [ 80.0128951, 7.1188898 ], [ 80.0128747, 7.1188401 ], [ 80.0128068, 7.1187644 ], [ 80.0127449, 7.1186223 ], [ 80.0126656, 7.1185692 ], [ 80.0126409, 7.1184939 ], [ 80.0126355, 7.1184423 ], [ 80.0125941, 7.1183966 ], [ 80.0125817, 7.1183371 ], [ 80.0125168, 7.118283 ], [ 80.0124241, 7.1182497 ], [ 80.0124271, 7.118303 ], [ 80.0124847, 7.1183452 ], [ 80.0124649, 7.1183838 ], [ 80.0124588, 7.1184128 ], [ 80.0124768, 7.118429 ], [ 80.0124969, 7.1184563 ], [ 80.0124591, 7.1184971 ], [ 80.0123893, 7.1185293 ], [ 80.0123837, 7.1185755 ], [ 80.0124008, 7.1186454 ], [ 80.0124239, 7.1186845 ], [ 80.0125031, 7.118683 ], [ 80.0125212, 7.1187985 ], [ 80.0125016, 7.1188645 ], [ 80.0124725, 7.1189826 ], [ 80.0124659, 7.1190462 ], [ 80.0124285, 7.1190979 ], [ 80.0123724, 7.1191422 ], [ 80.0123316, 7.1191757 ], [ 80.0123462, 7.1192162 ], [ 80.0123812, 7.1192269 ], [ 80.0124116, 7.1192212 ], [ 80.0124448, 7.1192152 ], [ 80.0124934, 7.1192282 ], [ 80.0125521, 7.1192531 ], [ 80.0126208, 7.1193041 ], [ 80.0125922, 7.11934 ], [ 80.012625, 7.119393 ] ] ], [ [ [ 80.0125429, 7.1203201 ], [ 80.0125429, 7.1203441 ], [ 80.0125643, 7.1203441 ], [ 80.0125737, 7.120396 ], [ 80.0125938, 7.1204026 ], [ 80.0126287, 7.1203893 ], [ 80.0126529, 7.1204039 ], [ 80.0126931, 7.1203933 ], [ 80.0127092, 7.1204079 ], [ 80.0127266, 7.1204079 ], [ 80.0127454, 7.1204252 ], [ 80.0127782, 7.1204199 ], [ 80.0127761, 7.1203963 ], [ 80.0127971, 7.1203897 ], [ 80.0128125, 7.1204042 ], [ 80.0128232, 7.1203881 ], [ 80.0128172, 7.1203627 ], [ 80.0128281, 7.1203373 ], [ 80.0128512, 7.1203494 ], [ 80.0128653, 7.1203399 ], [ 80.0128417, 7.1203217 ], [ 80.0128417, 7.1202848 ], [ 80.0128521, 7.1202505 ], [ 80.0128567, 7.120221 ], [ 80.0128231, 7.1201997 ], [ 80.0127534, 7.1201897 ], [ 80.0127184, 7.1201662 ], [ 80.012685, 7.1201764 ], [ 80.012681, 7.120219 ], [ 80.0126354, 7.1202363 ], [ 80.0125643, 7.1202509 ], [ 80.0125067, 7.1202722 ], [ 80.0124906, 7.1202908 ], [ 80.0125214, 7.1203148 ], [ 80.0125429, 7.1203201 ] ] ], [ [ [ 80.0094873, 7.1209516 ], [ 80.0094976, 7.1209264 ], [ 80.0095049, 7.1209173 ], [ 80.0095003, 7.1208941 ], [ 80.0095084, 7.1208747 ], [ 80.0094992, 7.1208646 ], [ 80.0094963, 7.1208456 ], [ 80.0094517, 7.1208179 ], [ 80.0094406, 7.1208261 ], [ 80.0094427, 7.1208334 ], [ 80.0094312, 7.1208434 ], [ 80.0094231, 7.1208348 ], [ 80.0094084, 7.1208481 ], [ 80.0093936, 7.1208514 ], [ 80.0093755, 7.1208401 ], [ 80.009395, 7.1208255 ], [ 80.009391, 7.1208215 ], [ 80.0093588, 7.1208401 ], [ 80.0093279, 7.1208248 ], [ 80.0093058, 7.1208088 ], [ 80.0093105, 7.1208348 ], [ 80.0093199, 7.1208481 ], [ 80.0093326, 7.1208541 ], [ 80.0093273, 7.1208574 ], [ 80.0093098, 7.1208594 ], [ 80.0092897, 7.120864 ], [ 80.009281, 7.1208867 ], [ 80.0092993, 7.1209088 ], [ 80.0093162, 7.1209017 ], [ 80.0093322, 7.1209086 ], [ 80.0093202, 7.1209189 ], [ 80.009318, 7.1209404 ], [ 80.0093415, 7.120949 ], [ 80.009358, 7.1209446 ], [ 80.0093723, 7.1209663 ], [ 80.0093858, 7.1209794 ], [ 80.009397, 7.1209653 ], [ 80.0094151, 7.1209648 ], [ 80.0094269, 7.1209677 ], [ 80.0094447, 7.1209694 ], [ 80.0094584, 7.1209718 ], [ 80.0094734, 7.1209664 ], [ 80.0094873, 7.1209516 ] ] ], [ [ [ 80.0124913, 7.1216979 ], [ 80.0125074, 7.121684 ], [ 80.0124961, 7.1216696 ], [ 80.0124803, 7.1216614 ], [ 80.0124777, 7.1216518 ], [ 80.0124858, 7.1216365 ], [ 80.0125248, 7.1215772 ], [ 80.0125849, 7.1214956 ], [ 80.0126202, 7.1213713 ], [ 80.0126783, 7.1212898 ], [ 80.0126654, 7.12127 ], [ 80.0127039, 7.1212539 ], [ 80.012657, 7.121222 ], [ 80.0125983, 7.1211419 ], [ 80.0126601, 7.1211223 ], [ 80.0126895, 7.12098 ], [ 80.0126576, 7.1209651 ], [ 80.0126608, 7.1209418 ], [ 80.0126337, 7.1209346 ], [ 80.0126028, 7.1209226 ], [ 80.0126023, 7.1209552 ], [ 80.012582, 7.1210025 ], [ 80.0125602, 7.1210158 ], [ 80.0125474, 7.1210252 ], [ 80.0125527, 7.1210424 ], [ 80.0125024, 7.1210867 ], [ 80.0124955, 7.1210982 ], [ 80.0125014, 7.1211301 ], [ 80.012525, 7.1211471 ], [ 80.0125642, 7.1211596 ], [ 80.0125681, 7.1211805 ], [ 80.0125369, 7.1212097 ], [ 80.0125176, 7.1212158 ], [ 80.0125, 7.1212039 ], [ 80.0124833, 7.121242 ], [ 80.0124584, 7.1212663 ], [ 80.0124674, 7.1213182 ], [ 80.0124583, 7.1213657 ], [ 80.0124251, 7.1214068 ], [ 80.0123822, 7.1214014 ], [ 80.0123091, 7.1213562 ], [ 80.0122986, 7.1213429 ], [ 80.0122846, 7.1214203 ], [ 80.0122154, 7.1215277 ], [ 80.0121489, 7.1216461 ], [ 80.0121549, 7.1217519 ], [ 80.0121965, 7.1217811 ], [ 80.0122551, 7.1218256 ], [ 80.0122653, 7.1218763 ], [ 80.012283, 7.1219304 ], [ 80.0122264, 7.12199 ], [ 80.0121827, 7.1220142 ], [ 80.0121372, 7.1220106 ], [ 80.012073, 7.1220095 ], [ 80.0120161, 7.1220004 ], [ 80.0119976, 7.1221364 ], [ 80.0120106, 7.1221445 ], [ 80.0120096, 7.122161 ], [ 80.0120598, 7.1222037 ], [ 80.0120953, 7.1222502 ], [ 80.0120687, 7.1222819 ], [ 80.0120237, 7.1223045 ], [ 80.0120198, 7.1222931 ], [ 80.0120013, 7.1222966 ], [ 80.0119992, 7.1223099 ], [ 80.0120155, 7.1223439 ], [ 80.0120386, 7.1223677 ], [ 80.0120674, 7.1223957 ], [ 80.0121264, 7.1224416 ], [ 80.0121144, 7.1224556 ], [ 80.0121076, 7.1224915 ], [ 80.0120869, 7.1225108 ], [ 80.0120802, 7.1225387 ], [ 80.0120875, 7.1225567 ], [ 80.0120741, 7.1225667 ], [ 80.0120855, 7.1225767 ], [ 80.0120842, 7.122598 ], [ 80.012119, 7.1225926 ], [ 80.0121358, 7.1225627 ], [ 80.0121546, 7.1225727 ], [ 80.012162, 7.122568 ], [ 80.01216, 7.1225534 ], [ 80.0121727, 7.1225441 ], [ 80.0121955, 7.1225507 ], [ 80.0122049, 7.1225634 ], [ 80.0122156, 7.122564 ], [ 80.0122169, 7.1225793 ], [ 80.0122431, 7.1225966 ], [ 80.012261, 7.1226218 ], [ 80.0122475, 7.1226386 ], [ 80.0122248, 7.122639 ], [ 80.0122132, 7.1226483 ], [ 80.0121769, 7.1226752 ], [ 80.0121303, 7.1226909 ], [ 80.0121034, 7.1227083 ], [ 80.0120817, 7.1227061 ], [ 80.0120578, 7.1227246 ], [ 80.0120363, 7.1227165 ], [ 80.0120272, 7.1227231 ], [ 80.0120419, 7.1227433 ], [ 80.0120534, 7.1227567 ], [ 80.0120618, 7.122771 ], [ 80.0120526, 7.1227859 ], [ 80.0120384, 7.1227966 ], [ 80.0120132, 7.1228028 ], [ 80.0119879, 7.1227902 ], [ 80.0119697, 7.1228172 ], [ 80.0119969, 7.1228413 ], [ 80.0119986, 7.1228623 ], [ 80.0119881, 7.1228734 ], [ 80.0119878, 7.1229009 ], [ 80.0120012, 7.1229009 ], [ 80.0120012, 7.1228849 ], [ 80.0120173, 7.1228796 ], [ 80.0120307, 7.1228822 ], [ 80.0120428, 7.1229075 ], [ 80.0120562, 7.1229075 ], [ 80.0120606, 7.1229298 ], [ 80.0120854, 7.1229326 ], [ 80.0120877, 7.1229145 ], [ 80.012074, 7.1229135 ], [ 80.0120679, 7.122906 ], [ 80.0120702, 7.1228916 ], [ 80.0120557, 7.1228861 ], [ 80.0120384, 7.1228688 ], [ 80.012043, 7.1228474 ], [ 80.012054, 7.122847 ], [ 80.0120712, 7.1228285 ], [ 80.0120785, 7.1228069 ], [ 80.0120943, 7.1227752 ], [ 80.0121146, 7.1227773 ], [ 80.0121237, 7.1227499 ], [ 80.012141, 7.1227498 ], [ 80.0121599, 7.1227182 ], [ 80.0121837, 7.1226878 ], [ 80.0122214, 7.122656 ], [ 80.0122281, 7.1226525 ], [ 80.0122833, 7.1226505 ], [ 80.0122927, 7.1226645 ], [ 80.0123228, 7.1226596 ], [ 80.0123955, 7.1226399 ], [ 80.0124384, 7.1226184 ], [ 80.012469, 7.1226636 ], [ 80.0124808, 7.1226834 ], [ 80.0125002, 7.1226915 ], [ 80.0125198, 7.1226686 ], [ 80.0125664, 7.1226731 ], [ 80.0125897, 7.1226162 ], [ 80.0126062, 7.1225858 ], [ 80.0125799, 7.122579 ], [ 80.0125911, 7.1225395 ], [ 80.0126484, 7.1225104 ], [ 80.012636, 7.122484 ], [ 80.0126481, 7.1224642 ], [ 80.0126755, 7.1224338 ], [ 80.0126728, 7.1224029 ], [ 80.01263, 7.1223759 ], [ 80.0126289, 7.122358 ], [ 80.0126768, 7.122314 ], [ 80.0126777, 7.1222867 ], [ 80.012742, 7.1222381 ], [ 80.0128138, 7.1221969 ], [ 80.0128697, 7.1221814 ], [ 80.0128885, 7.1222064 ], [ 80.0129268, 7.1222283 ], [ 80.0129147, 7.1221658 ], [ 80.01287, 7.1221293 ], [ 80.0128571, 7.1221199 ], [ 80.0128069, 7.1221017 ], [ 80.0127194, 7.1221602 ], [ 80.0126253, 7.1221723 ], [ 80.0125942, 7.1221515 ], [ 80.0125576, 7.1222075 ], [ 80.0124594, 7.1222315 ], [ 80.0124282, 7.1222059 ], [ 80.0124438, 7.1221832 ], [ 80.0124461, 7.1221582 ], [ 80.012431, 7.1221319 ], [ 80.0123822, 7.1221128 ], [ 80.0123697, 7.1220744 ], [ 80.0123544, 7.1220467 ], [ 80.0123658, 7.1220036 ], [ 80.0124138, 7.1219714 ], [ 80.0124499, 7.1219464 ], [ 80.0124814, 7.1219482 ], [ 80.0124828, 7.1219304 ], [ 80.012473, 7.121919 ], [ 80.0124802, 7.1219122 ], [ 80.0124812, 7.1219008 ], [ 80.012525, 7.1218683 ], [ 80.0125333, 7.1218378 ], [ 80.0124785, 7.1217952 ], [ 80.0124792, 7.121744 ], [ 80.0124807, 7.1217193 ], [ 80.0124913, 7.1216979 ] ] ], [ [ [ 80.012937, 7.1236681 ], [ 80.0129982, 7.1236768 ], [ 80.0130973, 7.1235235 ], [ 80.0130478, 7.1234454 ], [ 80.0129108, 7.1234801 ], [ 80.0128379, 7.1233673 ], [ 80.0127126, 7.1230839 ], [ 80.0126339, 7.123188 ], [ 80.0124852, 7.1232111 ], [ 80.0124502, 7.1232719 ], [ 80.0123949, 7.1232834 ], [ 80.0122579, 7.1232198 ], [ 80.0122812, 7.1231244 ], [ 80.0122753, 7.1230549 ], [ 80.0121908, 7.1230058 ], [ 80.0120655, 7.1229855 ], [ 80.0118964, 7.1231099 ], [ 80.0119052, 7.1232834 ], [ 80.0119955, 7.1233095 ], [ 80.0120801, 7.1233384 ], [ 80.0120801, 7.1233933 ], [ 80.0119664, 7.1234338 ], [ 80.0118527, 7.1234107 ], [ 80.0118848, 7.1234917 ], [ 80.0118935, 7.1236334 ], [ 80.0119605, 7.1237375 ], [ 80.0120392, 7.1237838 ], [ 80.0120626, 7.123859 ], [ 80.0119868, 7.1239602 ], [ 80.0120334, 7.1240528 ], [ 80.0119605, 7.1241569 ], [ 80.0121296, 7.1242611 ], [ 80.0121267, 7.1243391 ], [ 80.0119926, 7.1243767 ], [ 80.0120509, 7.1245098 ], [ 80.0121471, 7.1244028 ], [ 80.0121879, 7.1244895 ], [ 80.0122579, 7.12453 ], [ 80.0123919, 7.1244433 ], [ 80.0124794, 7.1244635 ], [ 80.0125173, 7.1245908 ], [ 80.0126339, 7.1245966 ], [ 80.0127971, 7.1245532 ], [ 80.0128117, 7.1243739 ], [ 80.0127476, 7.1243478 ], [ 80.0127417, 7.1242263 ], [ 80.0127913, 7.1241598 ], [ 80.013007, 7.1239082 ], [ 80.0129458, 7.123885 ], [ 80.0128641, 7.1237636 ], [ 80.012937, 7.1236681 ] ] ], [ [ [ 80.0007175, 7.1244727 ], [ 80.0007189, 7.1244846 ], [ 80.0007363, 7.1244767 ], [ 80.0007363, 7.1244634 ], [ 80.0007671, 7.1244487 ], [ 80.000747, 7.1244421 ], [ 80.0006961, 7.1243622 ], [ 80.000684, 7.1243569 ], [ 80.0006518, 7.1243649 ], [ 80.0006169, 7.1243808 ], [ 80.0006169, 7.1244274 ], [ 80.0006464, 7.1244194 ], [ 80.0006706, 7.1244434 ], [ 80.0006599, 7.1244647 ], [ 80.0006599, 7.1244913 ], [ 80.0006733, 7.1245126 ], [ 80.0006974, 7.1244993 ], [ 80.0006974, 7.1244807 ], [ 80.0007175, 7.1244727 ] ] ], [ [ [ 80.0133663, 7.138686 ], [ 80.0133945, 7.138682 ], [ 80.0134119, 7.1386567 ], [ 80.0134066, 7.1386248 ], [ 80.0133677, 7.1385689 ], [ 80.0133395, 7.1385622 ], [ 80.0133046, 7.1385715 ], [ 80.0133462, 7.1386673 ], [ 80.0133663, 7.138686 ] ] ], [ [ [ 80.0005077, 7.1449708 ], [ 80.0005479, 7.1449735 ], [ 80.0005667, 7.1449389 ], [ 80.0005587, 7.1449016 ], [ 80.0005104, 7.1448857 ], [ 80.0004809, 7.1449043 ], [ 80.0004782, 7.1449362 ], [ 80.0005077, 7.1449708 ] ] ], [ [ [ 80.0137873, 7.1571092 ], [ 80.0137976, 7.1570864 ], [ 80.013779, 7.1570781 ], [ 80.0137687, 7.1571009 ], [ 80.0137873, 7.1571092 ] ] ], [ [ [ 79.9983348, 7.1725828 ], [ 79.998371, 7.1723832 ], [ 79.9983576, 7.1723539 ], [ 79.9982757, 7.1723379 ], [ 79.9981322, 7.1723486 ], [ 79.9981215, 7.1723605 ], [ 79.9981443, 7.1723898 ], [ 79.9981577, 7.1725548 ], [ 79.9981497, 7.1726373 ], [ 79.9981644, 7.1726533 ], [ 79.9982127, 7.1726666 ], [ 79.9982892, 7.1726546 ], [ 79.9983321, 7.1726253 ], [ 79.9983348, 7.1725828 ] ] ], [ [ [ 80.0104656, 7.174671 ], [ 80.0104656, 7.1746151 ], [ 80.0104415, 7.1746044 ], [ 80.0104013, 7.174647 ], [ 80.0103584, 7.1746683 ], [ 80.010361, 7.1747455 ], [ 80.0104281, 7.1747801 ], [ 80.0104737, 7.1747268 ], [ 80.0104656, 7.174671 ] ] ], [ [ [ 80.007464, 7.1747559 ], [ 80.0074345, 7.1747772 ], [ 80.0074063, 7.1747838 ], [ 80.0073996, 7.1748157 ], [ 80.0074023, 7.1748344 ], [ 80.0074291, 7.1748503 ], [ 80.0074144, 7.1749262 ], [ 80.007405, 7.1749634 ], [ 80.0074036, 7.1749914 ], [ 80.0074036, 7.1750034 ], [ 80.0074358, 7.1750326 ], [ 80.0074787, 7.1750446 ], [ 80.0075351, 7.1750513 ], [ 80.0075431, 7.1750127 ], [ 80.0076008, 7.175002 ], [ 80.0076719, 7.1749767 ], [ 80.0077161, 7.1749315 ], [ 80.0077161, 7.1749062 ], [ 80.0077542, 7.1748671 ], [ 80.007759, 7.1748157 ], [ 80.0077389, 7.1747758 ], [ 80.0077067, 7.1747945 ], [ 80.0076906, 7.1748038 ], [ 80.007688, 7.1748237 ], [ 80.0076732, 7.1748264 ], [ 80.0076625, 7.1748211 ], [ 80.0076759, 7.1747945 ], [ 80.0076611, 7.1747865 ], [ 80.0076276, 7.1747931 ], [ 80.0076088, 7.1748144 ], [ 80.007531, 7.1748051 ], [ 80.0075069, 7.1747811 ], [ 80.0074881, 7.1747865 ], [ 80.007472, 7.1747825 ], [ 80.0074787, 7.1747599 ], [ 80.007464, 7.1747559 ] ] ], [ [ [ 80.010722975715979, 7.201640247948238 ], [ 80.010695574657944, 7.2016037132042 ], [ 80.010659039913904, 7.201585445832181 ], [ 80.010092751381322, 7.20120183101978 ], [ 80.01001968189324, 7.201192697333771 ], [ 80.009937478719152, 7.201192697333771 ], [ 80.009827874487044, 7.201192697333771 ], [ 80.009590398650786, 7.20120183101978 ], [ 80.009371190186556, 7.20121096470579 ], [ 80.009170249094353, 7.2012200983918 ], [ 80.008951040630123, 7.201247499449828 ], [ 80.008713564793879, 7.201293167879876 ], [ 80.008521757387669, 7.201329702623914 ], [ 80.008521757387669, 7.201375371053961 ], [ 80.008640495305798, 7.201484975286076 ], [ 80.008823169025987, 7.2016037132042 ], [ 80.008987575374164, 7.201631114262229 ], [ 80.009133714350313, 7.201631114262229 ], [ 80.009298120698489, 7.201695050064295 ], [ 80.00939859124459, 7.20180465429641 ], [ 80.009462527046651, 7.201905124842515 ], [ 80.009480794418678, 7.202051263818667 ], [ 80.009499061790692, 7.20218826910881 ], [ 80.009499061790692, 7.202352675456982 ], [ 80.009499061790692, 7.202608418665249 ], [ 80.009499061790692, 7.202772825013421 ], [ 80.009508195476698, 7.20298289979164 ], [ 80.009526462848726, 7.203129038767792 ], [ 80.009572131278773, 7.203256910371926 ], [ 80.009700002882909, 7.203339113546011 ], [ 80.009855275545064, 7.203348247232021 ], [ 80.009964879777186, 7.203339113546011 ], [ 80.010047082951274, 7.203256910371926 ], [ 80.010101885067328, 7.203001167163658 ], [ 80.010111018753335, 7.202864161873515 ], [ 80.010147553497376, 7.202681488153325 ], [ 80.010248024043477, 7.202553616549191 ], [ 80.010348494589579, 7.202407477573039 ], [ 80.010448965135694, 7.202279605968905 ], [ 80.010522034623762, 7.2021791354228 ], [ 80.010595104111843, 7.202096932248715 ], [ 80.010695574657944, 7.202060397504677 ], [ 80.010759510460005, 7.202005595388619 ], [ 80.010777777832033, 7.201914258528524 ], [ 80.010777777832033, 7.2017955206104 ], [ 80.010750376773998, 7.201704183750305 ], [ 80.010722975715979, 7.201640247948238 ] ] ], [ [ [ 79.9994233, 7.2032747 ], [ 79.9993885, 7.2032733 ], [ 79.9993697, 7.2032906 ], [ 79.9993308, 7.203292 ], [ 79.999312, 7.2033292 ], [ 79.9993348, 7.2033798 ], [ 79.9993576, 7.2034077 ], [ 79.9993858, 7.2034223 ], [ 79.999426, 7.2033904 ], [ 79.9994287, 7.2033372 ], [ 79.9994448, 7.2033399 ], [ 79.9994542, 7.2033292 ], [ 79.9994542, 7.2033013 ], [ 79.9994233, 7.2032747 ] ] ], [ [ [ 80.017069275068209, 7.262706787008208 ], [ 80.017062963260983, 7.262739398012226 ], [ 80.017186043501951, 7.263024481305407 ], [ 80.017360670168614, 7.262966623072473 ], [ 80.017329111132469, 7.262647876807404 ], [ 80.017069275068209, 7.262706787008208 ] ] ], [ [ [ 80.008302, 7.2797967 ], [ 80.0085193, 7.2800921 ], [ 80.008682, 7.2798236 ], [ 80.0084764, 7.279701 ], [ 80.008302, 7.2797967 ] ] ], [ [ [ 80.0077359, 7.2802607 ], [ 80.0079858, 7.2806892 ], [ 80.0085275, 7.2803784 ], [ 80.0082776, 7.2799499 ], [ 80.0077359, 7.2802607 ] ] ], [ [ [ 80.008220345748626, 7.284521598220159 ], [ 80.008252313649663, 7.284626635609269 ], [ 80.008288848393704, 7.284722539312369 ], [ 80.008334516823751, 7.28480930932946 ], [ 80.008389318939805, 7.28489607934655 ], [ 80.00846695527089, 7.284955448305612 ], [ 80.008558292130985, 7.284960015148617 ], [ 80.00863592846207, 7.284937180933594 ], [ 80.008681596892117, 7.284841277230494 ], [ 80.008667896363093, 7.284777341428427 ], [ 80.00863592846207, 7.284686004568331 ], [ 80.008599393718029, 7.28460836823725 ], [ 80.008549158444978, 7.284498764005136 ], [ 80.008512623700938, 7.284430261360065 ], [ 80.008448687898863, 7.28432979081396 ], [ 80.00841671999784, 7.284238453953864 ], [ 80.008398452625812, 7.284169951308793 ], [ 80.008375618410795, 7.284115149192735 ], [ 80.008352784195765, 7.284042079704659 ], [ 80.008334516823751, 7.283964443373578 ], [ 80.008297982079711, 7.283886807042497 ], [ 80.00827514786468, 7.283827438083435 ], [ 80.008220345748626, 7.283790903339397 ], [ 80.008183811004585, 7.283754368595359 ], [ 80.008142709417555, 7.283722400694326 ], [ 80.008115308359521, 7.283717833851321 ], [ 80.008051372557446, 7.283717833851321 ], [ 80.00802853834243, 7.283722400694326 ], [ 80.007992003598389, 7.283731534380335 ], [ 80.007969169383372, 7.283745234909349 ], [ 80.007960035697351, 7.283749801752354 ], [ 80.007923500953325, 7.283804603868411 ], [ 80.007996570441392, 7.283932475472545 ], [ 80.008023971499426, 7.284042079704659 ], [ 80.008069639929474, 7.284165384465788 ], [ 80.008133575731534, 7.284288689226917 ], [ 80.008174677318578, 7.284393726616027 ], [ 80.008220345748626, 7.284521598220159 ] ] ], [ [ [ 80.018527710410396, 7.293426942079457 ], [ 80.018486608823352, 7.293541113154576 ], [ 80.018445507236308, 7.293637016857677 ], [ 80.018436373550301, 7.293737487403781 ], [ 80.018395271963257, 7.293856225321905 ], [ 80.018345036690206, 7.293952129025005 ], [ 80.018290234574152, 7.29405259957111 ], [ 80.018276534045143, 7.294125669059186 ], [ 80.018303935103162, 7.294212439076277 ], [ 80.01834960353321, 7.29424440697731 ], [ 80.018436373550301, 7.294230706448296 ], [ 80.018504876195379, 7.294153070117215 ], [ 80.018573378840443, 7.294070866943129 ], [ 80.018651015171528, 7.29395669586801 ], [ 80.018696683601576, 7.293842524792891 ], [ 80.018705817287582, 7.293778588990824 ], [ 80.018728651502613, 7.293696385816738 ], [ 80.01877431993266, 7.293609615799648 ], [ 80.018819988362708, 7.293486311038519 ], [ 80.018847389420728, 7.293385840492414 ], [ 80.018883924164768, 7.293289936789314 ], [ 80.018915892065806, 7.293203166772224 ], [ 80.018925025751813, 7.29317119887119 ], [ 80.018929592594816, 7.293139230970157 ], [ 80.018915892065806, 7.293102696226119 ], [ 80.018893057850775, 7.293070728325085 ], [ 80.018851956263731, 7.293034193581047 ], [ 80.018792587304674, 7.292993091994004 ], [ 80.018765186246654, 7.29297025777898 ], [ 80.018742352031623, 7.292956557249965 ], [ 80.018728651502613, 7.292938289877947 ], [ 80.018719517816592, 7.292924589348933 ], [ 80.018714950973589, 7.292920022505927 ], [ 80.018660148857535, 7.292929156191938 ], [ 80.018591646212471, 7.292993091994004 ], [ 80.018559678311433, 7.29307529516809 ], [ 80.01854141093942, 7.293198599929219 ], [ 80.01854141093942, 7.293312771004338 ], [ 80.018527710410396, 7.293426942079457 ] ] ], [ [ [ 80.0178541, 7.3116256 ], [ 80.0178971, 7.3116309 ], [ 80.0179829, 7.3115299 ], [ 80.0180741, 7.3115245 ], [ 80.018235, 7.3114607 ], [ 80.0181224, 7.3113117 ], [ 80.0180473, 7.3113756 ], [ 80.0179614, 7.3114128 ], [ 80.0178112, 7.311333 ], [ 80.0177683, 7.3112266 ], [ 80.0176664, 7.3110776 ], [ 80.0175752, 7.3110137 ], [ 80.0174786, 7.3113596 ], [ 80.0175484, 7.3113968 ], [ 80.0176932, 7.3113756 ], [ 80.0177522, 7.3114128 ], [ 80.0177683, 7.3115458 ], [ 80.0178541, 7.3116256 ] ] ], [ [ [ 80.0184832, 7.3119509 ], [ 80.0185035, 7.3119822 ], [ 80.0186163, 7.3119979 ], [ 80.0186614, 7.3119688 ], [ 80.0186366, 7.3119129 ], [ 80.0185847, 7.3119509 ], [ 80.0185103, 7.3119375 ], [ 80.0186208, 7.3118972 ], [ 80.0185577, 7.3118928 ], [ 80.0184923, 7.3119107 ], [ 80.0184832, 7.3119509 ] ] ], [ [ [ 80.01819, 7.3123872 ], [ 80.0181427, 7.3123402 ], [ 80.0180998, 7.3123581 ], [ 80.0180637, 7.3124297 ], [ 80.0181224, 7.3124766 ], [ 80.0181562, 7.3123983 ], [ 80.01819, 7.3123872 ] ] ], [ [ [ 80.0185126, 7.3124498 ], [ 80.0184629, 7.3124409 ], [ 80.0184404, 7.3124722 ], [ 80.0184449, 7.3125728 ], [ 80.018481, 7.3125796 ], [ 80.0185419, 7.3125169 ], [ 80.0185126, 7.3124498 ] ] ], [ [ [ 80.0178449, 7.31264 ], [ 80.0178427, 7.3125549 ], [ 80.017872, 7.3125863 ], [ 80.0178878, 7.3125751 ], [ 80.0178652, 7.3125281 ], [ 80.0179239, 7.3124766 ], [ 80.0178833, 7.3124677 ], [ 80.0177953, 7.3125259 ], [ 80.0177953, 7.3125818 ], [ 80.0177322, 7.3125907 ], [ 80.0177164, 7.3126176 ], [ 80.0176397, 7.31264 ], [ 80.0176555, 7.3127026 ], [ 80.0177389, 7.3127227 ], [ 80.0178066, 7.3127026 ], [ 80.0177795, 7.312669 ], [ 80.0177863, 7.3126444 ], [ 80.0178449, 7.31264 ] ] ], [ [ [ 80.0184133, 7.3127764 ], [ 80.0183705, 7.3127384 ], [ 80.018384, 7.3127205 ], [ 80.0184043, 7.312754 ], [ 80.0184178, 7.3127272 ], [ 80.0183682, 7.3126735 ], [ 80.0183705, 7.3126444 ], [ 80.0183096, 7.3126444 ], [ 80.0182577, 7.3126981 ], [ 80.0182081, 7.312678 ], [ 80.0181945, 7.3126444 ], [ 80.0182058, 7.3127831 ], [ 80.0182554, 7.31281 ], [ 80.0182803, 7.3128905 ], [ 80.0183118, 7.3128838 ], [ 80.0183321, 7.3128391 ], [ 80.018375, 7.3128368 ], [ 80.0183321, 7.3128144 ], [ 80.0183276, 7.3127854 ], [ 80.0183389, 7.3127652 ], [ 80.018375, 7.312801 ], [ 80.0184043, 7.312801 ], [ 80.0184133, 7.3127764 ] ] ], [ [ [ 80.0180146, 7.3127589 ], [ 80.0179915, 7.3128092 ], [ 80.0181042, 7.3128299 ], [ 80.0181086, 7.3128647 ], [ 80.01804, 7.3128891 ], [ 80.0181221, 7.312995 ], [ 80.0181967, 7.312992 ], [ 80.0182027, 7.3128788 ], [ 80.0181281, 7.3127611 ], [ 80.0180557, 7.3127514 ], [ 80.0180146, 7.3127589 ] ] ], [ [ [ 80.0161323, 7.3131673 ], [ 80.0161967, 7.3130996 ], [ 80.0162214, 7.3131372 ], [ 80.0162593, 7.3131315 ], [ 80.0162195, 7.313109 ], [ 80.0162271, 7.3130808 ], [ 80.0162859, 7.3130394 ], [ 80.0162764, 7.3130017 ], [ 80.0161038, 7.3130168 ], [ 80.0160204, 7.3129961 ], [ 80.0158326, 7.3130036 ], [ 80.0158136, 7.3130337 ], [ 80.0157719, 7.3130394 ], [ 80.0157662, 7.3130864 ], [ 80.0158079, 7.3131541 ], [ 80.0158212, 7.3131127 ], [ 80.015844, 7.3131485 ], [ 80.0158952, 7.3131428 ], [ 80.0158402, 7.3131729 ], [ 80.0159217, 7.3132237 ], [ 80.0160697, 7.3132313 ], [ 80.0160773, 7.3132012 ], [ 80.016138, 7.3132087 ], [ 80.0161721, 7.3132519 ], [ 80.0162233, 7.3132726 ], [ 80.016229, 7.3132501 ], [ 80.0161664, 7.31322 ], [ 80.0161323, 7.3131673 ] ] ], [ [ [ 80.029156061766543, 6.434676707369264 ], [ 80.028880706721068, 6.434908869466426 ], [ 80.029318035322689, 6.435356996305135 ], [ 80.029550197419852, 6.435060044785509 ], [ 80.029156061766543, 6.434676707369264 ] ] ], [ [ [ 80.0321442, 6.4362857 ], [ 80.0323856, 6.4362963 ], [ 80.032568, 6.436195 ], [ 80.0326914, 6.4360618 ], [ 80.0328023, 6.4359883 ], [ 80.0328235, 6.4358896 ], [ 80.0327182, 6.4358485 ], [ 80.0325841, 6.4358326 ], [ 80.0325036, 6.4359178 ], [ 80.0323051, 6.4360031 ], [ 80.0321603, 6.4360511 ], [ 80.0320584, 6.436163 ], [ 80.0321442, 6.4362857 ] ] ], [ [ [ 80.0373021, 6.8262879 ], [ 80.0373101, 6.8261415 ], [ 80.0372216, 6.8260642 ], [ 80.0370741, 6.8260349 ], [ 80.0369668, 6.8260562 ], [ 80.0368944, 6.8261654 ], [ 80.0371975, 6.8263785 ], [ 80.0373021, 6.8262879 ] ] ], [ [ [ 80.0488312, 6.8288014 ], [ 80.0487835, 6.8288133 ], [ 80.048762, 6.8288631 ], [ 80.0487047, 6.8288702 ], [ 80.0486927, 6.8289034 ], [ 80.0487477, 6.8289366 ], [ 80.0487524, 6.8290006 ], [ 80.048793, 6.8290433 ], [ 80.0488456, 6.8290385 ], [ 80.0488814, 6.8291073 ], [ 80.0488623, 6.8291452 ], [ 80.0489244, 6.8292685 ], [ 80.0491011, 6.8292685 ], [ 80.049144, 6.8292021 ], [ 80.049199, 6.8290409 ], [ 80.0491727, 6.8289579 ], [ 80.0491202, 6.8289508 ], [ 80.0490939, 6.8289105 ], [ 80.0491058, 6.8288583 ], [ 80.0491966, 6.8287469 ], [ 80.0492228, 6.8285454 ], [ 80.0491751, 6.8284861 ], [ 80.0490772, 6.8285548 ], [ 80.0488312, 6.8288014 ] ] ], [ [ [ 80.0509599, 6.8331882 ], [ 80.0508901, 6.8330417 ], [ 80.0507078, 6.8329112 ], [ 80.0503725, 6.8330444 ], [ 80.050174, 6.8332468 ], [ 80.0502142, 6.8334545 ], [ 80.0506166, 6.8338141 ], [ 80.0508097, 6.8338806 ], [ 80.0508499, 6.8337768 ], [ 80.0508204, 6.8336889 ], [ 80.0507051, 6.8336037 ], [ 80.0509599, 6.8331882 ] ] ], [ [ [ 80.0272455, 6.8643888 ], [ 80.0273474, 6.8643198 ], [ 80.0274107, 6.8642477 ], [ 80.0273937, 6.8642293 ], [ 80.0273273, 6.8642615 ], [ 80.0272826, 6.8642585 ], [ 80.027156, 6.8643228 ], [ 80.0271112, 6.8643228 ], [ 80.0270911, 6.8642462 ], [ 80.0272918, 6.8641588 ], [ 80.0271652, 6.8641558 ], [ 80.0271096, 6.8641895 ], [ 80.0269938, 6.8643213 ], [ 80.026912, 6.8644792 ], [ 80.0269552, 6.8644792 ], [ 80.0269552, 6.8645145 ], [ 80.0269908, 6.8645405 ], [ 80.0272038, 6.8643888 ], [ 80.0272455, 6.8643888 ] ] ], [ [ [ 80.0263775, 6.8655927 ], [ 80.0263668, 6.8656222 ], [ 80.0264238, 6.8656694 ], [ 80.0264381, 6.8657296 ], [ 80.0264999, 6.8657662 ], [ 80.0265166, 6.8657496 ], [ 80.026513, 6.8656033 ], [ 80.0265356, 6.8655041 ], [ 80.0265213, 6.865464 ], [ 80.0265558, 6.8653849 ], [ 80.0266247, 6.8653224 ], [ 80.0265653, 6.8651984 ], [ 80.0265059, 6.8651996 ], [ 80.0264179, 6.8652858 ], [ 80.0264179, 6.8653377 ], [ 80.0263656, 6.865418 ], [ 80.0263394, 6.8655183 ], [ 80.0263775, 6.8655927 ] ] ], [ [ [ 80.029368967563684, 6.871983970073864 ], [ 80.029446033039392, 6.872076448644711 ], [ 80.029543649308607, 6.872117550231754 ], [ 80.029600163990793, 6.872158651818797 ], [ 80.029656678672978, 6.872168927215557 ], [ 80.02977484573573, 6.872117550231754 ], [ 80.02987759970334, 6.872035347057668 ], [ 80.029985491369317, 6.871994245470625 ], [ 80.03011907152721, 6.871932593090061 ], [ 80.030160173114254, 6.871860665312735 ], [ 80.030185861606157, 6.871752773646748 ], [ 80.030185861606157, 6.871655157377521 ], [ 80.030144760019112, 6.871521577219632 ], [ 80.030042006051502, 6.871465062537448 ], [ 80.029913563592004, 6.871413685553644 ], [ 80.029800534227633, 6.87136230856984 ], [ 80.029744019545447, 6.871316069284417 ], [ 80.029697780260022, 6.871274967697374 ], [ 80.029620714784315, 6.871115699047583 ], [ 80.02956933780051, 6.871012945079976 ], [ 80.029517960816705, 6.87093074190589 ], [ 80.029399793753967, 6.870894778017227 ], [ 80.029209698913888, 6.870894778017227 ], [ 80.029060705660854, 6.870982118889693 ], [ 80.02902474177219, 6.871110561349203 ], [ 80.029101807247898, 6.871203039920049 ], [ 80.02923024970741, 6.871203039920049 ], [ 80.029348416770162, 6.871156800634625 ], [ 80.029440895341011, 6.87121331531681 ], [ 80.029461446134533, 6.871264692300613 ], [ 80.029461446134533, 6.871326344681178 ], [ 80.029204561215508, 6.871372583966601 ], [ 80.029153184231703, 6.871439374045545 ], [ 80.029148046533322, 6.871516439521251 ], [ 80.029153184231703, 6.871526714918012 ], [ 80.029076118755995, 6.871675708171042 ], [ 80.029137771136561, 6.871747635948368 ], [ 80.029204561215508, 6.871809288328932 ], [ 80.029286764389596, 6.871865803011116 ], [ 80.029368967563684, 6.871983970073864 ] ] ], [ [ [ 80.027082691784472, 6.900554710767061 ], [ 80.027103242577994, 6.900503333783258 ], [ 80.027113517974755, 6.900449387950263 ], [ 80.027098104879613, 6.90040314866484 ], [ 80.027064709840147, 6.900336358585895 ], [ 80.027057003292569, 6.900305532395613 ], [ 80.027044159046625, 6.900274706205331 ], [ 80.0269979197612, 6.900246448864239 ], [ 80.026946542777395, 6.900236173467478 ], [ 80.026828375714643, 6.900228466919907 ], [ 80.026743603691372, 6.900238742316668 ], [ 80.026684520159989, 6.900246448864239 ], [ 80.026651125120523, 6.900249017713429 ], [ 80.026610023533479, 6.90026443080857 ], [ 80.026574059644815, 6.900282412752902 ], [ 80.026535526906969, 6.900313238943184 ], [ 80.026507269565869, 6.900349202831847 ], [ 80.026484149923164, 6.900380029022129 ], [ 80.026473874526403, 6.900431406005932 ], [ 80.026473874526403, 6.900477645291355 ], [ 80.026494425319925, 6.900539297671919 ], [ 80.026512407264249, 6.900600950052485 ], [ 80.026535526906969, 6.900652327036288 ], [ 80.02655094000211, 6.90068058437738 ], [ 80.026558646549674, 6.900693428623331 ], [ 80.026656262818904, 6.900778200646607 ], [ 80.026710208651892, 6.900757649853086 ], [ 80.026771861032458, 6.900737099059564 ], [ 80.026800118373558, 6.900726823662803 ], [ 80.026830944563841, 6.900711410567662 ], [ 80.026866908452504, 6.900695997472521 ], [ 80.026918285436295, 6.900678015528189 ], [ 80.026985075515242, 6.900639482790337 ], [ 80.027031314800666, 6.900613794298435 ], [ 80.027082691784472, 6.900554710767061 ] ] ], [ [ [ 80.0257881, 6.9097112 ], [ 80.0261998, 6.9098629 ], [ 80.0262525, 6.9097219 ], [ 80.0258408, 6.9095701 ], [ 80.0257881, 6.9097112 ] ] ], [ [ [ 80.0463924, 6.9117306 ], [ 80.0464059, 6.9116028 ], [ 80.046489, 6.9115948 ], [ 80.04654, 6.9116614 ], [ 80.0466258, 6.9116534 ], [ 80.0467492, 6.9111368 ], [ 80.0472454, 6.9112992 ], [ 80.0473446, 6.9111847 ], [ 80.0475941, 6.9107454 ], [ 80.0473714, 6.9106176 ], [ 80.047299, 6.9107028 ], [ 80.0473017, 6.910575 ], [ 80.0472159, 6.9104551 ], [ 80.0470979, 6.9104525 ], [ 80.0470013, 6.910527 ], [ 80.0467492, 6.9102901 ], [ 80.0465561, 6.9103992 ], [ 80.0464568, 6.910583 ], [ 80.0465453, 6.9107214 ], [ 80.0463308, 6.9107906 ], [ 80.0461349, 6.9110969 ], [ 80.0462986, 6.9111368 ], [ 80.0464354, 6.911017 ], [ 80.0464595, 6.9109451 ], [ 80.0465963, 6.9108412 ], [ 80.0467277, 6.9110622 ], [ 80.0465829, 6.9110862 ], [ 80.0462208, 6.9112327 ], [ 80.0461269, 6.9113392 ], [ 80.0461618, 6.9116161 ], [ 80.0462932, 6.9117546 ], [ 80.0463924, 6.9117306 ] ] ], [ [ [ 80.0420122, 6.9124383 ], [ 80.0420551, 6.9125555 ], [ 80.0420819, 6.9126034 ], [ 80.0421034, 6.9125342 ], [ 80.0423126, 6.9125289 ], [ 80.042436, 6.9126087 ], [ 80.0424252, 6.9127472 ], [ 80.0422643, 6.912859 ], [ 80.0423126, 6.9129762 ], [ 80.0424306, 6.9129815 ], [ 80.0425915, 6.9129389 ], [ 80.0426988, 6.9128164 ], [ 80.0428866, 6.9129389 ], [ 80.0428866, 6.9130667 ], [ 80.0430261, 6.9132425 ], [ 80.0432996, 6.9131945 ], [ 80.0432406, 6.913088 ], [ 80.0433372, 6.9129336 ], [ 80.0433426, 6.912859 ], [ 80.0430582, 6.912891 ], [ 80.04301, 6.9126886 ], [ 80.0430261, 6.9126034 ], [ 80.0430046, 6.9125555 ], [ 80.0429295, 6.9125289 ], [ 80.0428061, 6.9125289 ], [ 80.0426023, 6.9123265 ], [ 80.042613, 6.9121561 ], [ 80.0424789, 6.9121028 ], [ 80.0423877, 6.9120176 ], [ 80.0424467, 6.9119644 ], [ 80.0425862, 6.9120016 ], [ 80.0426023, 6.9116715 ], [ 80.0425433, 6.9116342 ], [ 80.0424735, 6.9117087 ], [ 80.0424145, 6.9116715 ], [ 80.0423716, 6.9117141 ], [ 80.0423287, 6.9118312 ], [ 80.0421248, 6.9118259 ], [ 80.042098, 6.9118792 ], [ 80.0419961, 6.9119644 ], [ 80.0418995, 6.9119537 ], [ 80.0418995, 6.9118845 ], [ 80.0419746, 6.9118579 ], [ 80.0420605, 6.9117034 ], [ 80.0420283, 6.9116182 ], [ 80.0419746, 6.9115437 ], [ 80.0418137, 6.9115383 ], [ 80.0417761, 6.9115863 ], [ 80.0418405, 6.9118312 ], [ 80.0418405, 6.9120496 ], [ 80.041862, 6.9121401 ], [ 80.0419585, 6.9122519 ], [ 80.0420122, 6.9124383 ] ] ], [ [ [ 80.0487152, 6.9176952 ], [ 80.0487662, 6.9177404 ], [ 80.048911, 6.9176739 ], [ 80.0488735, 6.9176179 ], [ 80.0489995, 6.9175487 ], [ 80.0490586, 6.9176073 ], [ 80.0491524, 6.9175993 ], [ 80.0491953, 6.9175381 ], [ 80.0493214, 6.9174795 ], [ 80.049198, 6.9172691 ], [ 80.048726, 6.917602 ], [ 80.0487152, 6.9176952 ] ] ], [ [ [ 80.027205996545604, 6.921241653295598 ], [ 80.027452606067854, 6.921662944562788 ], [ 80.02761701241603, 6.921899278688285 ], [ 80.027832795748012, 6.921919829481806 ], [ 80.028028028286457, 6.921704046149831 ], [ 80.027986926699413, 6.921436885834052 ], [ 80.028069129873501, 6.92112862393123 ], [ 80.028089680667023, 6.920974492979819 ], [ 80.027750592573923, 6.920717608060801 ], [ 80.027565635432225, 6.920429896951501 ], [ 80.027524533845181, 6.920080533461636 ], [ 80.027390953687288, 6.919833923939379 ], [ 80.027226547339126, 6.919659242194446 ], [ 80.027000488610383, 6.919618140607403 ], [ 80.026661400517284, 6.919803097749097 ], [ 80.026312037027424, 6.919885300923182 ], [ 80.026157906076008, 6.919741445368532 ], [ 80.026137355282486, 6.919535937433317 ], [ 80.026147630679247, 6.919340704894863 ], [ 80.026219558456575, 6.919166023149931 ], [ 80.026260660043619, 6.91900161680176 ], [ 80.026281210837141, 6.918847485850349 ], [ 80.026209283059814, 6.918662528708656 ], [ 80.025993499727832, 6.918641977915134 ], [ 80.025757165602343, 6.918755007279502 ], [ 80.025603034650928, 6.918981066008238 ], [ 80.025479729889796, 6.919237950927256 ], [ 80.025418077509229, 6.91942290806895 ], [ 80.025418077509229, 6.919515386639796 ], [ 80.025253671161067, 6.920625129489954 ], [ 80.025315323541633, 6.920810086631648 ], [ 80.025582483857406, 6.921066971550665 ], [ 80.025798267189387, 6.92112862393123 ], [ 80.026116804488964, 6.921108073137709 ], [ 80.026445617185303, 6.921005319170101 ], [ 80.026805256071938, 6.921015594566862 ], [ 80.027205996545604, 6.921241653295598 ] ] ], [ [ [ 80.0466861, 6.9302919 ], [ 80.0467371, 6.9304251 ], [ 80.0467934, 6.9304837 ], [ 80.0468578, 6.9304464 ], [ 80.0469436, 6.9305103 ], [ 80.047067, 6.9305156 ], [ 80.0471207, 6.9305795 ], [ 80.0471689, 6.9305369 ], [ 80.0472655, 6.9305342 ], [ 80.047295, 6.9304197 ], [ 80.0472601, 6.9302866 ], [ 80.0473057, 6.9301908 ], [ 80.0473272, 6.9300656 ], [ 80.0472467, 6.9299778 ], [ 80.0471099, 6.9299245 ], [ 80.0469946, 6.9299325 ], [ 80.0468337, 6.9298899 ], [ 80.0467156, 6.9301562 ], [ 80.0466861, 6.9302919 ] ] ], [ [ [ 80.031618, 6.9371944 ], [ 80.0321517, 6.936807 ], [ 80.0331388, 6.9367231 ], [ 80.0333949, 6.9366459 ], [ 80.0333814, 6.9363463 ], [ 80.0332902, 6.9357606 ], [ 80.0334887, 6.9353026 ], [ 80.0336779, 6.9351322 ], [ 80.0334244, 6.9349565 ], [ 80.0330328, 6.9349924 ], [ 80.0329416, 6.9351216 ], [ 80.0328639, 6.9353186 ], [ 80.0326895, 6.9355329 ], [ 80.0324454, 6.935678 ], [ 80.0322349, 6.9356834 ], [ 80.0320377, 6.9356541 ], [ 80.0318688, 6.93571 ], [ 80.0317105, 6.9358138 ], [ 80.0315858, 6.9360441 ], [ 80.0313283, 6.9362811 ], [ 80.0309327, 6.9365474 ], [ 80.0305384, 6.9366472 ], [ 80.0300046, 6.9366312 ], [ 80.0297847, 6.936558 ], [ 80.029558, 6.9362638 ], [ 80.0294521, 6.9355649 ], [ 80.0294414, 6.9349365 ], [ 80.0296586, 6.9343734 ], [ 80.0293555, 6.9343228 ], [ 80.0292335, 6.9345172 ], [ 80.028972, 6.9351575 ], [ 80.0288794, 6.9355715 ], [ 80.0287371, 6.9358648 ], [ 80.0286997, 6.9360812 ], [ 80.028717, 6.9362152 ], [ 80.0285517, 6.9364362 ], [ 80.0286468, 6.9366501 ], [ 80.0286212, 6.9366816 ], [ 80.0286529, 6.9367334 ], [ 80.0286908, 6.9367497 ], [ 80.0287171, 6.9367217 ], [ 80.0299067, 6.937896 ], [ 80.0303748, 6.9376896 ], [ 80.0305907, 6.937675 ], [ 80.0309488, 6.9377202 ], [ 80.0312009, 6.9380704 ], [ 80.0313162, 6.9381702 ], [ 80.0314785, 6.9379412 ], [ 80.031618, 6.9371944 ] ] ], [ [ [ 80.0292637, 6.9638125 ], [ 80.0292607, 6.9635859 ], [ 80.0290685, 6.96358 ], [ 80.0290565, 6.9636366 ], [ 80.0289935, 6.9636247 ], [ 80.0290055, 6.96358 ], [ 80.0289664, 6.96358 ], [ 80.0289454, 6.9636008 ], [ 80.0289604, 6.9636396 ], [ 80.0288824, 6.9636694 ], [ 80.0288433, 6.9636604 ], [ 80.0288433, 6.9637022 ], [ 80.0287713, 6.9637528 ], [ 80.0287442, 6.9638035 ], [ 80.028516, 6.9637916 ], [ 80.028492, 6.9638154 ], [ 80.02851, 6.9639794 ], [ 80.0286121, 6.9639794 ], [ 80.0286717, 6.9640491 ], [ 80.0288313, 6.964039 ], [ 80.0290197, 6.9639585 ], [ 80.0290775, 6.9639764 ], [ 80.0292006, 6.9639585 ], [ 80.0292487, 6.9639078 ], [ 80.0292637, 6.9638125 ] ] ], [ [ [ 80.047929, 6.9683668 ], [ 80.047697, 6.9682283 ], [ 80.0476608, 6.9682377 ], [ 80.0472866, 6.968026 ], [ 80.047245, 6.968034 ], [ 80.0472142, 6.9680912 ], [ 80.0472222, 6.9681272 ], [ 80.0475991, 6.9683229 ], [ 80.0476232, 6.9683575 ], [ 80.0478579, 6.968452 ], [ 80.0478888, 6.9684427 ], [ 80.047929, 6.9683668 ] ] ], [ [ [ 80.050745217958308, 7.013423522060664 ], [ 80.050731517429284, 7.013471473912214 ], [ 80.050741792826045, 7.013516000631511 ], [ 80.050817145735621, 7.013543401689539 ], [ 80.050899348909709, 7.013536551425032 ], [ 80.050957576158027, 7.013516000631511 ], [ 80.051053479861125, 7.013488599573482 ], [ 80.051159658960984, 7.013478324176721 ], [ 80.051286388854365, 7.013474899044468 ], [ 80.051416543880009, 7.013471473912214 ], [ 80.051536423508878, 7.013492024705736 ], [ 80.051584375360434, 7.013533126292779 ], [ 80.051625476947478, 7.013605054070103 ], [ 80.051663153402259, 7.013663281318414 ], [ 80.051717955518313, 7.013676981847428 ], [ 80.051772757634382, 7.013642730524893 ], [ 80.051813859221411, 7.013581078144329 ], [ 80.051861811072968, 7.013509150367003 ], [ 80.051909762924524, 7.013444072854186 ], [ 80.051913188056773, 7.013358444547846 ], [ 80.0518960623955, 7.013300217299535 ], [ 80.051851535676207, 7.013262540844746 ], [ 80.05175220684086, 7.013245415183478 ], [ 80.051656303137747, 7.013252265447985 ], [ 80.051563824566912, 7.013262540844746 ], [ 80.051464495731551, 7.013262540844746 ], [ 80.051382292557463, 7.013255690580239 ], [ 80.051262412928594, 7.013235139786717 ], [ 80.051176784622257, 7.013221439257703 ], [ 80.051084306051408, 7.013194038199674 ], [ 80.051012378274081, 7.013170062273899 ], [ 80.050923324835495, 7.013149511480378 ], [ 80.050834271396894, 7.013149511480378 ], [ 80.050776044148591, 7.013146086348124 ], [ 80.050748643090557, 7.013152936612632 ], [ 80.050745217958308, 7.013200888464182 ], [ 80.050752068222806, 7.013224864389956 ], [ 80.05076576875183, 7.013241990051225 ], [ 80.050772619016328, 7.013259115712493 ], [ 80.050776044148591, 7.01327624137376 ], [ 80.050776044148591, 7.013283091638267 ], [ 80.050748643090557, 7.013375570209114 ], [ 80.050745217958308, 7.013423522060664 ] ] ], [ [ [ 80.0406232, 7.0370754 ], [ 80.0405977, 7.0370691 ], [ 80.0405865, 7.0370706 ], [ 80.0405753, 7.0370659 ], [ 80.0405745, 7.0370421 ], [ 80.0405721, 7.0370342 ], [ 80.0405643, 7.0370386 ], [ 80.0405595, 7.0370504 ], [ 80.0405259, 7.0370409 ], [ 80.0405116, 7.0370029 ], [ 80.0404892, 7.0370108 ], [ 80.0405036, 7.0370584 ], [ 80.0404876, 7.0370996 ], [ 80.0404589, 7.0371819 ], [ 80.040435, 7.0372596 ], [ 80.0404443, 7.0372651 ], [ 80.0404567, 7.0372522 ], [ 80.0404883, 7.0372662 ], [ 80.0405154, 7.0372853 ], [ 80.0405402, 7.0372976 ], [ 80.0405476, 7.0372842 ], [ 80.0405521, 7.037273 ], [ 80.0405617, 7.0372786 ], [ 80.0405583, 7.0372887 ], [ 80.0405876, 7.0372433 ], [ 80.040626, 7.0372578 ], [ 80.0406469, 7.0372657 ], [ 80.0406418, 7.0373038 ], [ 80.0406548, 7.037329 ], [ 80.0406666, 7.0373351 ], [ 80.040674, 7.0373111 ], [ 80.0406909, 7.0373111 ], [ 80.0407028, 7.0373295 ], [ 80.0407293, 7.0373195 ], [ 80.0407513, 7.0373127 ], [ 80.0407705, 7.0373172 ], [ 80.0407756, 7.0372943 ], [ 80.0407902, 7.0372993 ], [ 80.0408145, 7.0372875 ], [ 80.0408162, 7.0372775 ], [ 80.0408326, 7.0372898 ], [ 80.040832, 7.0372735 ], [ 80.0408501, 7.0372573 ], [ 80.0408631, 7.037245 ], [ 80.0408766, 7.0372349 ], [ 80.0408862, 7.0372444 ], [ 80.0408913, 7.0372562 ], [ 80.040889, 7.0371727 ], [ 80.0408913, 7.0371161 ], [ 80.0408664, 7.0371173 ], [ 80.0408478, 7.0371117 ], [ 80.0408399, 7.0370926 ], [ 80.0408331, 7.0370769 ], [ 80.0408038, 7.0370691 ], [ 80.0407897, 7.0370786 ], [ 80.0407801, 7.0370814 ], [ 80.0407711, 7.0370943 ], [ 80.040753, 7.0370954 ], [ 80.0407349, 7.0371055 ], [ 80.0407086, 7.0371071 ], [ 80.0406751, 7.0370849 ], [ 80.0406655, 7.0370643 ], [ 80.0406567, 7.0370801 ], [ 80.040636, 7.0370849 ], [ 80.0406232, 7.0370754 ] ] ], [ [ [ 80.0234232, 7.0756821 ], [ 80.023407, 7.0757058 ], [ 80.0234155, 7.0757331 ], [ 80.0234424, 7.0757436 ], [ 80.0234673, 7.0757292 ], [ 80.0234716, 7.0757009 ], [ 80.0234519, 7.0756799 ], [ 80.0234232, 7.0756821 ] ] ], [ [ [ 80.0349337, 7.0784568 ], [ 80.0349128, 7.0782905 ], [ 80.0348336, 7.0781751 ], [ 80.0347359, 7.078152 ], [ 80.0346128, 7.0781325 ], [ 80.0344725, 7.0781254 ], [ 80.0343441, 7.0781392 ], [ 80.0344255, 7.0785285 ], [ 80.0345239, 7.0785309 ], [ 80.0346874, 7.0785198 ], [ 80.0347426, 7.0785111 ], [ 80.0349337, 7.0784568 ] ] ], [ [ [ 80.0241898, 7.0854851 ], [ 80.0241526, 7.0854992 ], [ 80.0241313, 7.085538 ], [ 80.0241171, 7.0855697 ], [ 80.0241288, 7.0856205 ], [ 80.0242129, 7.0856806 ], [ 80.024283, 7.0857169 ], [ 80.0243336, 7.0857035 ], [ 80.0243496, 7.0856859 ], [ 80.0243655, 7.0856525 ], [ 80.0243691, 7.0856225 ], [ 80.0243591, 7.0855951 ], [ 80.0241898, 7.0854851 ] ] ], [ [ [ 80.038082070313337, 7.092508642083804 ], [ 80.037989497140643, 7.09251284995529 ], [ 80.037911651518144, 7.092599111320755 ], [ 80.03790744364666, 7.09270641204365 ], [ 80.038235657622579, 7.093015690597876 ], [ 80.038328230795273, 7.093078808670167 ], [ 80.038401868546273, 7.093078808670167 ], [ 80.038488129911741, 7.092929429232411 ], [ 80.038366101638644, 7.092866311160121 ], [ 80.038199890714935, 7.09256755228461 ], [ 80.038082070313337, 7.092508642083804 ] ] ], [ [ [ 80.0483631, 7.098958 ], [ 80.0482869, 7.0988697 ], [ 80.0482804, 7.098766 ], [ 80.0480887, 7.098849 ], [ 80.0479545, 7.0988619 ], [ 80.0478378, 7.0988731 ], [ 80.0478463, 7.0990001 ], [ 80.0478209, 7.0991892 ], [ 80.0477531, 7.0994246 ], [ 80.0476472, 7.099618 ], [ 80.0476091, 7.0997651 ], [ 80.047626, 7.0998913 ], [ 80.0477828, 7.1000762 ], [ 80.0480793, 7.1002444 ], [ 80.0482911, 7.1002822 ], [ 80.0484606, 7.1002654 ], [ 80.0485961, 7.1001561 ], [ 80.0487063, 7.0999922 ], [ 80.0487825, 7.0998198 ], [ 80.0488037, 7.0996643 ], [ 80.0487444, 7.0993994 ], [ 80.0486342, 7.0991052 ], [ 80.0485749, 7.0989748 ], [ 80.0484902, 7.0989538 ], [ 80.0483631, 7.098958 ] ] ], [ [ [ 80.0442323, 7.1011404 ], [ 80.0442987, 7.101195 ], [ 80.0443038, 7.1012599 ], [ 80.0443613, 7.1012926 ], [ 80.0443698, 7.1013572 ], [ 80.0443393, 7.1014433 ], [ 80.0443933, 7.1014592 ], [ 80.0444153, 7.1013963 ], [ 80.0444667, 7.1014188 ], [ 80.04448, 7.1013784 ], [ 80.0445787, 7.1013685 ], [ 80.044562, 7.1013288 ], [ 80.0446447, 7.1012825 ], [ 80.0446881, 7.1011852 ], [ 80.044512, 7.1012262 ], [ 80.0444473, 7.1011693 ], [ 80.0444106, 7.1011633 ], [ 80.0443293, 7.1012297 ], [ 80.0443083, 7.1012089 ], [ 80.044317, 7.1011857 ], [ 80.0442323, 7.1011404 ] ] ], [ [ [ 80.0265786, 7.1048996 ], [ 80.026577, 7.1049599 ], [ 80.0265322, 7.1049948 ], [ 80.0266812, 7.1050271 ], [ 80.0267705, 7.1050013 ], [ 80.026783, 7.1048857 ], [ 80.0267673, 7.1048631 ], [ 80.0267273, 7.1048472 ], [ 80.0266634, 7.1048726 ], [ 80.0266266, 7.1048456 ], [ 80.0265786, 7.1048996 ] ] ], [ [ [ 80.0309444, 7.1287206 ], [ 80.0310356, 7.1287791 ], [ 80.0310516, 7.1288137 ], [ 80.0308666, 7.1289069 ], [ 80.0310919, 7.1290186 ], [ 80.0310919, 7.1289148 ], [ 80.031226, 7.1289069 ], [ 80.0313413, 7.1289814 ], [ 80.0314513, 7.1287844 ], [ 80.0313735, 7.1286647 ], [ 80.0313333, 7.1286806 ], [ 80.0312716, 7.1286407 ], [ 80.0312823, 7.1286221 ], [ 80.0312179, 7.1286035 ], [ 80.0310838, 7.1287099 ], [ 80.0309444, 7.1287206 ] ] ], [ [ [ 80.0508016, 7.1374009 ], [ 80.0509062, 7.1374514 ], [ 80.0510296, 7.1375472 ], [ 80.0510913, 7.1375605 ], [ 80.0511905, 7.1376271 ], [ 80.0512925, 7.1376856 ], [ 80.0512978, 7.1377868 ], [ 80.051389, 7.1378267 ], [ 80.0516009, 7.1375392 ], [ 80.0515634, 7.1374887 ], [ 80.0514668, 7.1374354 ], [ 80.051389, 7.1374381 ], [ 80.0512817, 7.1373849 ], [ 80.051204, 7.1373982 ], [ 80.0511423, 7.1373476 ], [ 80.0510672, 7.1373263 ], [ 80.0510242, 7.1373024 ], [ 80.0510108, 7.1372039 ], [ 80.0510028, 7.1371427 ], [ 80.0509438, 7.1370841 ], [ 80.0508606, 7.1370495 ], [ 80.0508231, 7.1369644 ], [ 80.0507614, 7.1368792 ], [ 80.050638, 7.1369032 ], [ 80.0505066, 7.1369271 ], [ 80.0504234, 7.1369937 ], [ 80.0503725, 7.1371108 ], [ 80.0503027, 7.1372545 ], [ 80.0503591, 7.1372864 ], [ 80.0504556, 7.1372731 ], [ 80.0505897, 7.1373183 ], [ 80.0507533, 7.1373529 ], [ 80.0508016, 7.1374009 ] ] ], [ [ [ 80.0407228, 7.1400901 ], [ 80.0409132, 7.1402498 ], [ 80.0410554, 7.1403083 ], [ 80.0411653, 7.1403429 ], [ 80.0412807, 7.1403083 ], [ 80.041388, 7.1402498 ], [ 80.0414067, 7.1401619 ], [ 80.0414416, 7.1400448 ], [ 80.0414067, 7.1399517 ], [ 80.0411171, 7.1397707 ], [ 80.0408837, 7.139627 ], [ 80.040873, 7.1396616 ], [ 80.040822, 7.1397494 ], [ 80.0406906, 7.139776 ], [ 80.0406316, 7.1398585 ], [ 80.0405431, 7.1399463 ], [ 80.0406155, 7.1399996 ], [ 80.0407228, 7.1400901 ] ] ], [ [ [ 80.0326368, 7.1419612 ], [ 80.0327575, 7.1419692 ], [ 80.0327334, 7.141876 ], [ 80.0326234, 7.1418734 ], [ 80.0326368, 7.1419612 ] ] ], [ [ [ 80.022879425121559, 7.14364900818966 ], [ 80.022967790422769, 7.143850986020991 ], [ 80.02299514158743, 7.144059275659551 ], [ 80.023186599740043, 7.144031924494891 ], [ 80.023239198133609, 7.143749997105325 ], [ 80.023317043756109, 7.14355222714548 ], [ 80.023098234438834, 7.143392328029009 ], [ 80.02295306287256, 7.143362872928606 ], [ 80.022913088093446, 7.143478589394474 ], [ 80.022879425121559, 7.14364900818966 ] ] ], [ [ [ 80.04603723096163, 7.181495903454226 ], [ 80.046078332548674, 7.181596374000331 ], [ 80.046128567821725, 7.181687710860427 ], [ 80.046160535722763, 7.181756213505499 ], [ 80.046183369937779, 7.181820149307565 ], [ 80.046224471524823, 7.18182471615057 ], [ 80.046347776285955, 7.181774480877517 ], [ 80.04642541261704, 7.181715111918455 ], [ 80.046471081047088, 7.181642042430379 ], [ 80.046493915262104, 7.181550705570284 ], [ 80.046493915262104, 7.181477636082207 ], [ 80.046493915262104, 7.181390866065117 ], [ 80.046493915262104, 7.181272128146992 ], [ 80.046498482105108, 7.181226459716945 ], [ 80.046498482105108, 7.181185358129902 ], [ 80.046498482105108, 7.181148823385864 ], [ 80.046498482105108, 7.181116855484831 ], [ 80.046493915262104, 7.181075753897788 ], [ 80.046493915262104, 7.18103921915375 ], [ 80.046484781576098, 7.181002684409711 ], [ 80.046457380518078, 7.180957015979664 ], [ 80.046420845774037, 7.180911347549616 ], [ 80.04637517734399, 7.180865679119568 ], [ 80.046324942070939, 7.18083827806154 ], [ 80.046283840483895, 7.180815443846516 ], [ 80.04621990468182, 7.180806310160507 ], [ 80.046133134664728, 7.180815443846516 ], [ 80.046060065176661, 7.18082914437553 ], [ 80.045982428845576, 7.18084741174755 ], [ 80.045927626729522, 7.180870245962574 ], [ 80.045904792514492, 7.180874812805578 ], [ 80.045849990398438, 7.18093418176464 ], [ 80.045877391456472, 7.181057486525769 ], [ 80.045909359357495, 7.181139689699855 ], [ 80.045936760415529, 7.181226459716945 ], [ 80.045964161473563, 7.181299529205021 ], [ 80.045996129374586, 7.181381732379108 ], [ 80.04603723096163, 7.181495903454226 ] ] ], [ [ [ 80.0502906, 7.1962734 ], [ 80.0502236, 7.1962747 ], [ 80.0501806, 7.1963373 ], [ 80.0501632, 7.1963852 ], [ 80.0501471, 7.1964517 ], [ 80.0501136, 7.1965076 ], [ 80.0500814, 7.1965103 ], [ 80.0500774, 7.1965422 ], [ 80.0501015, 7.1965781 ], [ 80.0501029, 7.196626 ], [ 80.050131, 7.196622 ], [ 80.0501391, 7.1965848 ], [ 80.0501833, 7.1965715 ], [ 80.0502021, 7.1965502 ], [ 80.0502021, 7.1964996 ], [ 80.0501699, 7.1964983 ], [ 80.0501981, 7.1964517 ], [ 80.0502289, 7.1964451 ], [ 80.0502812, 7.1963439 ], [ 80.0502906, 7.1962734 ] ] ], [ [ [ 80.0226472, 7.2000881 ], [ 80.0225104, 7.2000455 ], [ 80.0225077, 7.1999284 ], [ 80.0220223, 7.1998992 ], [ 80.0220142, 7.2001546 ], [ 80.0221349, 7.2001945 ], [ 80.0226311, 7.2002078 ], [ 80.0226472, 7.2000881 ] ] ], [ [ [ 80.052141958347235, 7.204414605073599 ], [ 80.052100856760191, 7.204391770858575 ], [ 80.052036920958116, 7.204336968742518 ], [ 80.051986685685065, 7.204286733469465 ], [ 80.051968418313052, 7.204268466097447 ], [ 80.051822279336889, 7.20418626292336 ], [ 80.051698974575771, 7.20428216662646 ], [ 80.051598504029656, 7.204373503486556 ], [ 80.051548268756605, 7.204432872445618 ], [ 80.051484332954544, 7.204542476677733 ], [ 80.051438664524497, 7.204601845636795 ], [ 80.051415830309466, 7.204670348281866 ], [ 80.051420397152469, 7.204757118298956 ], [ 80.051466065582517, 7.204807353572009 ], [ 80.051557402442612, 7.204811920415014 ], [ 80.051644172459703, 7.204816487258018 ], [ 80.051776610906842, 7.204830187787032 ], [ 80.051849680394923, 7.204830187787032 ], [ 80.051982118842062, 7.204734284083933 ], [ 80.052073455702157, 7.204688615653885 ], [ 80.052169359405255, 7.204601845636795 ], [ 80.052215027835302, 7.204556177206746 ], [ 80.052215027835302, 7.204505941933694 ], [ 80.052183059934265, 7.204451139817637 ], [ 80.052141958347235, 7.204414605073599 ] ] ], [ [ [ 80.028921845090011, 7.206604406294415 ], [ 80.028853342444933, 7.206577005236386 ], [ 80.028789406642872, 7.206558737864366 ], [ 80.02869350293976, 7.206526769963333 ], [ 80.028670668724743, 7.206517636277323 ], [ 80.02865240135273, 7.206517636277323 ], [ 80.028638700823706, 7.206517636277323 ], [ 80.028634133980702, 7.206517636277323 ], [ 80.028579331864648, 7.206663775253476 ], [ 80.028661535038736, 7.206677475782491 ], [ 80.028784839799854, 7.206723144212538 ], [ 80.028876176659963, 7.206764245799581 ], [ 80.028958379834037, 7.206805347386624 ], [ 80.029026882479116, 7.206814481072634 ], [ 80.02908168459517, 7.206768812642586 ], [ 80.029036016165122, 7.206695743154509 ], [ 80.028972080363062, 7.206640941038453 ], [ 80.028921845090011, 7.206604406294415 ] ] ], [ [ [ 80.040683749248188, 7.26128321759046 ], [ 80.040775086108283, 7.261260383375436 ], [ 80.040884690340391, 7.261210148102384 ], [ 80.04100342825852, 7.261159912829331 ], [ 80.041099331961618, 7.261127944928298 ], [ 80.041195235664716, 7.261077709655246 ], [ 80.041300273053835, 7.26100464016717 ], [ 80.041355075169889, 7.260904169621065 ], [ 80.041368775698899, 7.260808265917964 ], [ 80.041318540425848, 7.260748896958902 ], [ 80.041167834606696, 7.260744330115897 ], [ 80.041081064589605, 7.260771731173926 ], [ 80.040921225084432, 7.260853934348012 ], [ 80.040793353480296, 7.260922436993083 ], [ 80.040702016620202, 7.260972672266136 ], [ 80.040596979231097, 7.261036608068203 ], [ 80.040514776057009, 7.26109141018426 ], [ 80.040432572882921, 7.261141645457313 ], [ 80.040396038138894, 7.261201014416375 ], [ 80.040396038138894, 7.26128321759046 ], [ 80.040455407097951, 7.261315185491494 ], [ 80.040514776057009, 7.261315185491494 ], [ 80.040683749248188, 7.26128321759046 ] ] ], [ [ [ 80.029036016164426, 7.266359263590222 ], [ 80.029004048263403, 7.266359263590222 ], [ 80.028670668724047, 7.266382097805246 ], [ 80.028625000293999, 7.266400365177265 ], [ 80.028593032392976, 7.266446033607313 ], [ 80.028597599235979, 7.266514536252385 ], [ 80.028629567137003, 7.26659673942647 ], [ 80.028698069782081, 7.266678942600556 ], [ 80.028793973485179, 7.26670177681558 ], [ 80.028926411932318, 7.26670177681558 ], [ 80.029040583007443, 7.266660675228537 ], [ 80.029145620396548, 7.266564771525437 ], [ 80.029204989355605, 7.266464300979332 ], [ 80.029236957256643, 7.266404932020269 ], [ 80.029227823570636, 7.266359263590222 ], [ 80.029109085652507, 7.266354696747217 ], [ 80.029036016164426, 7.266359263590222 ] ] ], [ [ [ 80.029757577359007, 7.271675068847754 ], [ 80.029629705754871, 7.271930812056021 ], [ 80.029689074713929, 7.271981047329073 ], [ 80.029766711045013, 7.272017582073111 ], [ 80.029876315277122, 7.272076951032173 ], [ 80.029990486352247, 7.272145453677245 ], [ 80.030095523741352, 7.272213956322316 ], [ 80.030173160072437, 7.272273325281379 ], [ 80.030278197461541, 7.272337261083445 ], [ 80.03039693537967, 7.272410330571522 ], [ 80.030474571710755, 7.272424031100535 ], [ 80.030570475413853, 7.272250491066354 ], [ 80.030607010157894, 7.272136319991236 ], [ 80.030625277529907, 7.272072384189169 ], [ 80.030611577000897, 7.272008448387102 ], [ 80.030433470123711, 7.271898844154988 ], [ 80.030255363246525, 7.271834908352921 ], [ 80.030068122683332, 7.271770972550854 ], [ 80.029990486352247, 7.271725304120807 ], [ 80.029917416864166, 7.271675068847754 ], [ 80.029853481062105, 7.27164310094672 ], [ 80.029807812632058, 7.271624833574702 ], [ 80.029771277888017, 7.271647667789725 ], [ 80.029757577359007, 7.271675068847754 ] ] ], [ [ [ 80.020685543730025, 7.274136597227327 ], [ 80.020671843201015, 7.274154864599345 ], [ 80.020662709515008, 7.274182265657374 ], [ 80.020694677416031, 7.274328404633526 ], [ 80.020735779003076, 7.274438008865642 ], [ 80.02077688059012, 7.274584147841794 ], [ 80.020822549020167, 7.274707452602923 ], [ 80.020886484822242, 7.274862725265084 ], [ 80.020945853781299, 7.274963195811189 ], [ 80.021046324327401, 7.27515500321739 ], [ 80.021114826972479, 7.275296575350538 ], [ 80.02120159698957, 7.275492949599743 ], [ 80.021274666477638, 7.275575152773828 ], [ 80.021343169122716, 7.275629954889886 ], [ 80.021471040726851, 7.275657355947915 ], [ 80.021640013918031, 7.275684757005942 ], [ 80.021790719737183, 7.275703024377962 ], [ 80.021987093986382, 7.275675623319933 ], [ 80.022051029788457, 7.275570585930823 ], [ 80.022051029788457, 7.27544271432669 ], [ 80.021891190283284, 7.275365077995609 ], [ 80.021790719737183, 7.275305709036547 ], [ 80.021754184993142, 7.275123035316356 ], [ 80.021754184993142, 7.274940361596165 ], [ 80.021818120795217, 7.274794222620013 ], [ 80.021964259771366, 7.27476225471898 ], [ 80.02201906188742, 7.274712019445928 ], [ 80.022078430846477, 7.274584147841794 ], [ 80.022105831904511, 7.274460843080665 ], [ 80.022128666119542, 7.274332971476531 ], [ 80.022137799805549, 7.274209666715403 ], [ 80.022137799805549, 7.274086361954274 ], [ 80.022078430846477, 7.274013292466198 ], [ 80.021927725027325, 7.27397675772216 ], [ 80.021777019208173, 7.27395849035014 ], [ 80.02160347917399, 7.27395849035014 ], [ 80.021493874941868, 7.27397675772216 ], [ 80.021324901750702, 7.274013292466198 ], [ 80.021238131733611, 7.274031559838217 ], [ 80.021114826972479, 7.274049827210236 ], [ 80.021014356426377, 7.274077228268265 ], [ 80.020836249549191, 7.274113763012303 ], [ 80.02078601427614, 7.274122896698312 ], [ 80.020735779003076, 7.274122896698312 ], [ 80.020708377945056, 7.274127463541317 ], [ 80.020685543730025, 7.274136597227327 ] ] ], [ [ [ 80.027218412648566, 7.278196520658578 ], [ 80.027209278962559, 7.27823762224562 ], [ 80.027204712119556, 7.278283290675668 ], [ 80.027204712119556, 7.278319825419707 ], [ 80.027204712119556, 7.27834265963473 ], [ 80.027232113177575, 7.278397461750787 ], [ 80.027277781607623, 7.278397461750787 ], [ 80.027391952682748, 7.278397461750787 ], [ 80.027455888484809, 7.278392894907783 ], [ 80.027487856385846, 7.278328959105716 ], [ 80.027501556914856, 7.278265023303649 ], [ 80.02750612375786, 7.278201087501582 ], [ 80.027515257443881, 7.278105183798482 ], [ 80.027524391129887, 7.27803668115341 ], [ 80.027501556914856, 7.277972745351344 ], [ 80.02747872269984, 7.277927076921296 ], [ 80.027451321641806, 7.277885975334254 ], [ 80.027423920583786, 7.277863141119229 ], [ 80.027382818996742, 7.277849440590215 ], [ 80.027332583723677, 7.277849440590215 ], [ 80.027291482136647, 7.277881408491249 ], [ 80.02725951423561, 7.277945344293316 ], [ 80.027250380549603, 7.278032114310406 ], [ 80.027241246863582, 7.278123451170501 ], [ 80.027218412648566, 7.278196520658578 ] ] ], [ [ [ 80.0790438, 6.6037702 ], [ 80.0790799, 6.6037687 ], [ 80.079103, 6.6037602 ], [ 80.0791206, 6.6037463 ], [ 80.0791291, 6.6037298 ], [ 80.0791321, 6.6037104 ], [ 80.0791291, 6.6036905 ], [ 80.0791166, 6.603686 ], [ 80.079091, 6.6037264 ], [ 80.0790488, 6.6037284 ], [ 80.0790378, 6.6037528 ], [ 80.0790438, 6.6037702 ] ] ], [ [ [ 80.0620884, 6.6332583 ], [ 80.0622547, 6.6324857 ], [ 80.0622493, 6.6323151 ], [ 80.0621474, 6.6322086 ], [ 80.061568, 6.632102 ], [ 80.061281, 6.6320088 ], [ 80.0610477, 6.6320461 ], [ 80.0609511, 6.6321233 ], [ 80.0608975, 6.6322352 ], [ 80.060927, 6.6325736 ], [ 80.0609887, 6.6326988 ], [ 80.061281, 6.6330531 ], [ 80.0613454, 6.6331943 ], [ 80.0614741, 6.6333116 ], [ 80.0615868, 6.6333595 ], [ 80.0619784, 6.6333462 ], [ 80.0620884, 6.6332583 ] ] ], [ [ [ 80.0610906, 6.6406622 ], [ 80.0610517, 6.640822 ], [ 80.0611469, 6.6408727 ], [ 80.0612636, 6.6408474 ], [ 80.061387, 6.6407581 ], [ 80.0615828, 6.6405689 ], [ 80.0617316, 6.6403265 ], [ 80.0616901, 6.6399655 ], [ 80.0617276, 6.639823 ], [ 80.061623, 6.6397204 ], [ 80.0615264, 6.6395352 ], [ 80.0615278, 6.6394913 ], [ 80.0615144, 6.6392342 ], [ 80.0614889, 6.639085 ], [ 80.0614614, 6.6390663 ], [ 80.0614192, 6.6390803 ], [ 80.0613635, 6.6391376 ], [ 80.0613374, 6.6391895 ], [ 80.0612482, 6.6393734 ], [ 80.0613099, 6.639454 ], [ 80.0613528, 6.6395632 ], [ 80.0613407, 6.6397111 ], [ 80.0612032, 6.6399056 ], [ 80.0611925, 6.6404464 ], [ 80.0610906, 6.6406622 ] ] ], [ [ [ 80.0778383, 6.6465447 ], [ 80.0779939, 6.6461931 ], [ 80.0780421, 6.6459799 ], [ 80.0781602, 6.6456709 ], [ 80.0785035, 6.6452659 ], [ 80.0789809, 6.6448716 ], [ 80.079056, 6.6447331 ], [ 80.0790238, 6.6446052 ], [ 80.0787771, 6.6445146 ], [ 80.0784498, 6.6446212 ], [ 80.0782031, 6.6447704 ], [ 80.0779349, 6.6449995 ], [ 80.0776559, 6.6453459 ], [ 80.0774896, 6.6456389 ], [ 80.0773877, 6.6459053 ], [ 80.0773179, 6.6464648 ], [ 80.0771677, 6.6467632 ], [ 80.0771248, 6.6469817 ], [ 80.0771409, 6.6471202 ], [ 80.0772911, 6.6471895 ], [ 80.0774306, 6.6471735 ], [ 80.0776827, 6.6470829 ], [ 80.0778061, 6.6468218 ], [ 80.0777954, 6.6467206 ], [ 80.0778383, 6.6465447 ] ] ], [ [ [ 80.074537440285468, 6.664171238875364 ], [ 80.074709685764475, 6.664043649631651 ], [ 80.074326918033336, 6.66365131270723 ], [ 80.074138723898855, 6.663820368455151 ], [ 80.074537440285468, 6.664171238875364 ] ] ], [ [ [ 80.078019602689082, 6.666019394621857 ], [ 80.077801002689085, 6.666048694621857 ], [ 80.077602602689083, 6.666047394621857 ], [ 80.077590502689077, 6.666108594621857 ], [ 80.077716502689086, 6.666160594621857 ], [ 80.077854702689081, 6.666141894621857 ], [ 80.078008902689078, 6.666212494621857 ], [ 80.078126902689078, 6.666343094621857 ], [ 80.078332102689075, 6.666388394621857 ], [ 80.078535768210358, 6.66660978829585 ], [ 80.078843577260812, 6.66615046701848 ], [ 80.078706418823828, 6.666032446968044 ], [ 80.078621890949861, 6.666096241589901 ], [ 80.078484732512877, 6.666088267262169 ], [ 80.078275805126282, 6.666088267262169 ], [ 80.078019602689082, 6.666019394621857 ] ] ], [ [ [ 80.077897024559121, 6.705576340758906 ], [ 80.077861140084337, 6.705534076821926 ], [ 80.077822065878451, 6.705476661662254 ], [ 80.07775428409272, 6.705496597481584 ], [ 80.077706438126299, 6.705557202372349 ], [ 80.077636264042255, 6.705608238069835 ], [ 80.077641846071671, 6.705731042716909 ], [ 80.077627492281778, 6.705774901519436 ], [ 80.077625099983436, 6.70581557059087 ], [ 80.07764503580276, 6.705928008611893 ], [ 80.0776939, 6.7059817 ], [ 80.0777861, 6.7059572 ], [ 80.0778684, 6.7059507 ], [ 80.07787230414317, 6.705883352376595 ], [ 80.077891442529719, 6.70577809125053 ], [ 80.077912973214595, 6.705691968511021 ], [ 80.077894632260808, 6.705685589048836 ], [ 80.077897024559121, 6.705576340758906 ] ] ], [ [ [ 80.0767876, 6.7068453 ], [ 80.0770095, 6.7069133 ], [ 80.07703181000025, 6.706908850922947 ], [ 80.077011874180926, 6.706792425738057 ], [ 80.0769514, 6.7067856 ], [ 80.0768892, 6.70673 ], [ 80.0768374, 6.7067835 ], [ 80.0767876, 6.7068453 ] ] ], [ [ [ 80.0575139, 6.8112193 ], [ 80.0575098, 6.8110862 ], [ 80.057483, 6.8110382 ], [ 80.0573744, 6.8110262 ], [ 80.0573006, 6.8110635 ], [ 80.0572805, 6.8111381 ], [ 80.0573811, 6.8111314 ], [ 80.0573945, 6.8111634 ], [ 80.057357, 6.8112034 ], [ 80.0573315, 6.8112819 ], [ 80.057361, 6.8113538 ], [ 80.0574066, 6.8113818 ], [ 80.0575085, 6.8114004 ], [ 80.0575876, 6.8113805 ], [ 80.0576319, 6.8113498 ], [ 80.0576547, 6.8113006 ], [ 80.0575139, 6.8112193 ] ] ], [ [ [ 80.061111596304912, 6.818519402538299 ], [ 80.061426316439409, 6.818553426336623 ], [ 80.061702759800795, 6.818638485832432 ], [ 80.061736783599116, 6.818298247849195 ], [ 80.061728277649536, 6.817970768790328 ], [ 80.061762301447857, 6.81771133732811 ], [ 80.061383786691508, 6.817579495109605 ], [ 80.061222173649469, 6.817843179546615 ], [ 80.061081825481381, 6.817877203344938 ], [ 80.060975501111628, 6.817881456319729 ], [ 80.06106481358222, 6.817766626000386 ], [ 80.061222173649469, 6.817673060554996 ], [ 80.061349762893187, 6.817498688588587 ], [ 80.061230679599049, 6.817409376117987 ], [ 80.060898947565391, 6.817562483210444 ], [ 80.060830899968749, 6.817736855176853 ], [ 80.06063951610318, 6.817677313529786 ], [ 80.060558709582153, 6.817792143849129 ], [ 80.060567215531734, 6.818047322336557 ], [ 80.060788370220834, 6.818323765697937 ], [ 80.061111596304912, 6.818519402538299 ] ] ], [ [ [ 80.053634, 6.8190733 ], [ 80.0534999, 6.8191558 ], [ 80.0534865, 6.819313 ], [ 80.0533444, 6.8194115 ], [ 80.0535589, 6.8195047 ], [ 80.0536448, 6.8194328 ], [ 80.0537735, 6.8194248 ], [ 80.0539049, 6.8195393 ], [ 80.0539532, 6.8194009 ], [ 80.0537869, 6.8190893 ], [ 80.053634, 6.8190733 ] ] ], [ [ [ 80.0597991, 6.8198163 ], [ 80.0596682, 6.8200705 ], [ 80.0596588, 6.8201741 ], [ 80.0595943, 6.8203455 ], [ 80.0594748, 6.8204735 ], [ 80.0594748, 6.8205281 ], [ 80.0595108, 6.8205451 ], [ 80.059581, 6.8205093 ], [ 80.0596815, 6.8204133 ], [ 80.0596113, 6.8206261 ], [ 80.0596189, 6.8207278 ], [ 80.059873980640873, 6.820845779748685 ], [ 80.060150424002259, 6.820858538673056 ], [ 80.0602752, 6.8206261 ], [ 80.0603074, 6.8204472 ], [ 80.0604553, 6.8202852 ], [ 80.0604914, 6.8202042 ], [ 80.0604857, 6.8200894 ], [ 80.0603908, 6.8199632 ], [ 80.0603852, 6.8198332 ], [ 80.0604534, 6.8196317 ], [ 80.0604477, 6.8195602 ], [ 80.0601519, 6.8195244 ], [ 80.0599755, 6.819596 ], [ 80.0599717, 6.8197316 ], [ 80.0600153, 6.8198521 ], [ 80.0601007, 6.8199575 ], [ 80.0601253, 6.8200837 ], [ 80.0600324, 6.8199519 ], [ 80.0599622, 6.8199293 ], [ 80.0597517, 6.8201233 ], [ 80.0598484, 6.8198954 ], [ 80.0598446, 6.8198314 ], [ 80.0597991, 6.8198163 ] ] ], [ [ [ 80.0523654, 6.8305437 ], [ 80.0524485, 6.8303812 ], [ 80.052411, 6.8302401 ], [ 80.0522554, 6.830296 ], [ 80.0521186, 6.8304132 ], [ 80.0520998, 6.8304878 ], [ 80.0521883, 6.8306023 ], [ 80.0523654, 6.8305437 ] ] ], [ [ [ 80.0579846, 6.8308939 ], [ 80.0579779, 6.8309978 ], [ 80.0580825, 6.8310936 ], [ 80.0582635, 6.8311482 ], [ 80.0584701, 6.8309365 ], [ 80.0586015, 6.8305956 ], [ 80.0585318, 6.8304025 ], [ 80.0584835, 6.8303466 ], [ 80.0583789, 6.8304465 ], [ 80.0582407, 6.8306049 ], [ 80.0579846, 6.8308939 ] ] ], [ [ [ 80.0678237, 6.8550739 ], [ 80.067964, 6.8550193 ], [ 80.0680721, 6.8550551 ], [ 80.0681063, 6.8552001 ], [ 80.0681802, 6.8552566 ], [ 80.0682504, 6.8552039 ], [ 80.0682997, 6.8548291 ], [ 80.0682656, 6.8547011 ], [ 80.0680437, 6.8546484 ], [ 80.0679356, 6.8547237 ], [ 80.0677876, 6.854993 ], [ 80.0678237, 6.8550739 ] ] ], [ [ [ 80.0787584, 6.8582802 ], [ 80.0787736, 6.8582046 ], [ 80.0787634, 6.8579728 ], [ 80.0786958, 6.8577073 ], [ 80.0787972, 6.8574839 ], [ 80.0788689, 6.857431 ], [ 80.0789191, 6.8573915 ], [ 80.0790173, 6.8573663 ], [ 80.0793591, 6.8573864 ], [ 80.0794504, 6.857368 ], [ 80.07953, 6.8573209 ], [ 80.07964, 6.8571664 ], [ 80.0796755, 6.8570689 ], [ 80.0796867, 6.8569163 ], [ 80.0796823, 6.8568119 ], [ 80.079596, 6.8564809 ], [ 80.079662, 6.8563465 ], [ 80.0797415, 6.8562608 ], [ 80.079777, 6.8561432 ], [ 80.0797601, 6.8560542 ], [ 80.0797804, 6.8560021 ], [ 80.0798955, 6.85594 ], [ 80.0800444, 6.8557955 ], [ 80.079996, 6.8553411 ], [ 80.0799208, 6.8549706 ], [ 80.0797872, 6.8548429 ], [ 80.0795977, 6.8547606 ], [ 80.0795063, 6.8546968 ], [ 80.0794335, 6.8546044 ], [ 80.0792525, 6.8542297 ], [ 80.0791848, 6.8542297 ], [ 80.0791289, 6.8541877 ], [ 80.0790816, 6.8540785 ], [ 80.0790071, 6.8540483 ], [ 80.0789665, 6.8539895 ], [ 80.0789428, 6.8539475 ], [ 80.0789479, 6.8538635 ], [ 80.0789073, 6.853724 ], [ 80.0788193, 6.8535879 ], [ 80.0788294, 6.8535241 ], [ 80.0787837, 6.853425 ], [ 80.0787634, 6.8532267 ], [ 80.0786738, 6.8532385 ], [ 80.0787093, 6.8534569 ], [ 80.0788565, 6.8538315 ], [ 80.0788514, 6.8539223 ], [ 80.0788802, 6.8540315 ], [ 80.078909, 6.8540886 ], [ 80.0789851, 6.854139 ], [ 80.0790849, 6.8542633 ], [ 80.0792525, 6.8545859 ], [ 80.0792892, 6.8547495 ], [ 80.0793493, 6.8548424 ], [ 80.0794145, 6.8548772 ], [ 80.0794011, 6.8549568 ], [ 80.0794395, 6.8550513 ], [ 80.079483, 6.8550862 ], [ 80.0795214, 6.8550447 ], [ 80.0794696, 6.8549435 ], [ 80.0794746, 6.8548789 ], [ 80.0795231, 6.8548407 ], [ 80.0795264, 6.8547976 ], [ 80.0796005, 6.8547923 ], [ 80.0796809, 6.8548561 ], [ 80.0797987, 6.8549485 ], [ 80.0798805, 6.8550696 ], [ 80.0799173, 6.8553515 ], [ 80.0799624, 6.8555257 ], [ 80.079934, 6.8556534 ], [ 80.0798413, 6.8558526 ], [ 80.0797804, 6.8559131 ], [ 80.0796317, 6.8559903 ], [ 80.0795232, 6.8562726 ], [ 80.079513, 6.8564624 ], [ 80.0795477, 6.8565513 ], [ 80.0795537, 6.856664 ], [ 80.0796163, 6.8568001 ], [ 80.079535, 6.857121 ], [ 80.0794927, 6.8572016 ], [ 80.0793185, 6.8572957 ], [ 80.078975, 6.8572806 ], [ 80.0788599, 6.8573209 ], [ 80.0787905, 6.8573848 ], [ 80.078601, 6.8576519 ], [ 80.078645, 6.8579123 ], [ 80.0786941, 6.8580316 ], [ 80.0786856, 6.858218 ], [ 80.0786484, 6.8582869 ], [ 80.0783269, 6.8585473 ], [ 80.0782913, 6.8586162 ], [ 80.078288, 6.8587036 ], [ 80.0783235, 6.8587825 ], [ 80.0784013, 6.8588111 ], [ 80.0784826, 6.8587859 ], [ 80.0785469, 6.858717 ], [ 80.0788142, 6.8585809 ], [ 80.0789411, 6.858586 ], [ 80.0791374, 6.8587741 ], [ 80.0791932, 6.8587624 ], [ 80.0792, 6.8586784 ], [ 80.0790985, 6.8585742 ], [ 80.0789733, 6.8585154 ], [ 80.0788193, 6.8585104 ], [ 80.0786991, 6.8585557 ], [ 80.0784826, 6.8586952 ], [ 80.078403, 6.8587002 ], [ 80.0784161, 6.8585751 ], [ 80.0786196, 6.8584331 ], [ 80.0787584, 6.8582802 ] ] ], [ [ [ 80.0696759, 6.8832982 ], [ 80.0695985, 6.8831775 ], [ 80.0695142, 6.8831456 ], [ 80.069537, 6.8831091 ], [ 80.0695119, 6.8830841 ], [ 80.0694436, 6.883059 ], [ 80.0693479, 6.8830886 ], [ 80.0694208, 6.8833119 ], [ 80.0696167, 6.8834668 ], [ 80.0697762, 6.8834782 ], [ 80.0696987, 6.8834053 ], [ 80.0696759, 6.8832982 ] ] ], [ [ [ 80.0699037, 6.884997 ], [ 80.0698491, 6.8849788 ], [ 80.0697443, 6.8848535 ], [ 80.0696623, 6.8847009 ], [ 80.0695985, 6.8846553 ], [ 80.0695643, 6.884685 ], [ 80.0694208, 6.8847305 ], [ 80.0692591, 6.8847009 ], [ 80.0692272, 6.8847146 ], [ 80.06925, 6.884792 ], [ 80.0692955, 6.8848102 ], [ 80.0693479, 6.884874 ], [ 80.0693046, 6.8851064 ], [ 80.0694869, 6.8852294 ], [ 80.0694641, 6.8852772 ], [ 80.0695165, 6.8853273 ], [ 80.0696236, 6.8852818 ], [ 80.0695689, 6.8852203 ], [ 80.0696372, 6.8852203 ], [ 80.0698217, 6.8850973 ], [ 80.06984, 6.8851314 ], [ 80.0699151, 6.8851269 ], [ 80.0699037, 6.884997 ] ] ], [ [ [ 80.06351004046428, 6.902319951696936 ], [ 80.063514248335764, 6.90245460358449 ], [ 80.063880333155055, 6.902429356355573 ], [ 80.064128597572733, 6.902399901255171 ], [ 80.064191715645023, 6.902345198925852 ], [ 80.064364238375958, 6.902244210010187 ], [ 80.064406317090814, 6.902151636837493 ], [ 80.064406317090814, 6.901924411777245 ], [ 80.064406317090814, 6.901865501576441 ], [ 80.064360030504474, 6.901730849688886 ], [ 80.064296912432184, 6.901663523745109 ], [ 80.064254833717314, 6.90162986077322 ], [ 80.064200131387992, 6.901558326957957 ], [ 80.064200131387992, 6.901495208885667 ], [ 80.064212755002458, 6.901339517640682 ], [ 80.064166468416104, 6.901301646797307 ], [ 80.064061271628958, 6.901314270411765 ], [ 80.063943451227345, 6.901427882941889 ], [ 80.063884541026539, 6.901688770974025 ], [ 80.063867709540602, 6.90194124326319 ], [ 80.063838254440199, 6.902117973865605 ], [ 80.063775136367909, 6.902227378524242 ], [ 80.063585782151037, 6.902265249367617 ], [ 80.06351004046428, 6.902319951696936 ] ] ], [ [ [ 80.0810864, 6.9020969 ], [ 80.0811937, 6.9021182 ], [ 80.0812634, 6.9020809 ], [ 80.0812581, 6.9020277 ], [ 80.0811213, 6.9019371 ], [ 80.0808557, 6.9019345 ], [ 80.0810864, 6.9020969 ] ] ], [ [ [ 80.0808282, 6.902151 ], [ 80.08078, 6.9021243 ], [ 80.0807156, 6.9021243 ], [ 80.0804876, 6.9021589 ], [ 80.0804098, 6.9020791 ], [ 80.080391, 6.9019752 ], [ 80.0803428, 6.9019433 ], [ 80.0801738, 6.9019539 ], [ 80.0801282, 6.9019938 ], [ 80.080147, 6.9020471 ], [ 80.0802462, 6.9020764 ], [ 80.080265, 6.902127 ], [ 80.0802516, 6.9021802 ], [ 80.0800906, 6.9022228 ], [ 80.0801094, 6.9023826 ], [ 80.0800531, 6.9024758 ], [ 80.0801148, 6.902545 ], [ 80.0801684, 6.9025424 ], [ 80.0802677, 6.902577 ], [ 80.080501, 6.9028113 ], [ 80.0806539, 6.9028353 ], [ 80.0806941, 6.9027953 ], [ 80.0807478, 6.9024705 ], [ 80.0808148, 6.9022628 ], [ 80.0808282, 6.902151 ] ] ], [ [ [ 80.061464169345911, 6.902848693093895 ], [ 80.061690228074639, 6.902817866903613 ], [ 80.061967663787186, 6.90278704071333 ], [ 80.062121794738587, 6.90277676531657 ], [ 80.062080693151557, 6.902622634365159 ], [ 80.061844359026054, 6.902560981984594 ], [ 80.061690228074639, 6.902519880397552 ], [ 80.061536097123238, 6.902468503413748 ], [ 80.061268936807451, 6.902376024842901 ], [ 80.061073704269006, 6.902273270875295 ], [ 80.060970950301396, 6.902201343097969 ], [ 80.060847645540264, 6.902149966114166 ], [ 80.060785993159698, 6.902160241510926 ], [ 80.060724340779132, 6.90221161849473 ], [ 80.060652413001804, 6.902304097065577 ], [ 80.060642137605043, 6.902386300239662 ], [ 80.060642137605043, 6.902427401826706 ], [ 80.06070378998561, 6.902838417697135 ], [ 80.060878471730547, 6.902848693093895 ], [ 80.061186733633363, 6.902848693093895 ], [ 80.061464169345911, 6.902848693093895 ] ] ], [ [ [ 80.062083572030616, 6.904710022701026 ], [ 80.062075156287648, 6.904743685672915 ], [ 80.062075156287648, 6.904821531295407 ], [ 80.062091987773584, 6.904901480853642 ], [ 80.06214037829568, 6.904912000532358 ], [ 80.062165625524599, 6.904867817881754 ], [ 80.062199288496487, 6.90477524470906 ], [ 80.062199288496487, 6.904674255793394 ], [ 80.062220327853908, 6.904598514106645 ], [ 80.062235055404116, 6.904531188162868 ], [ 80.062188768817762, 6.904444926797404 ], [ 80.062091987773584, 6.904440718925918 ], [ 80.062043597251503, 6.90433131426728 ], [ 80.06197206343623, 6.904335522138766 ], [ 80.061904737492455, 6.9044007441468 ], [ 80.061911049299681, 6.90451225274118 ], [ 80.061915257171179, 6.904644800692992 ], [ 80.061955231950293, 6.904718438443998 ], [ 80.061990998857922, 6.904665840050423 ], [ 80.062001518536633, 6.904670047921909 ], [ 80.062083572030616, 6.904710022701026 ] ] ], [ [ [ 80.0597754, 6.904969 ], [ 80.0597977, 6.9049392 ], [ 80.0597862, 6.9049017 ], [ 80.0596845, 6.9049338 ], [ 80.0597014, 6.9048757 ], [ 80.059743, 6.904875 ], [ 80.0597261, 6.9048444 ], [ 80.0596822, 6.9048298 ], [ 80.059522, 6.9049109 ], [ 80.0596082, 6.9049927 ], [ 80.0596691, 6.9049828 ], [ 80.0596768, 6.9049407 ], [ 80.0597084, 6.9049728 ], [ 80.0597754, 6.904969 ] ] ], [ [ [ 80.065421481523487, 6.909250265275825 ], [ 80.065164596604461, 6.909270816069347 ], [ 80.065061842636851, 6.909301642259629 ], [ 80.064846059304884, 6.909373570036953 ], [ 80.064681652956708, 6.909630454955972 ], [ 80.064681652956708, 6.909825687494425 ], [ 80.064743305337274, 6.91003119542964 ], [ 80.064928262478958, 6.910236703364855 ], [ 80.065205698191505, 6.910483312887112 ], [ 80.065513960094322, 6.910668270028805 ], [ 80.065729743426303, 6.910729922409369 ], [ 80.065894149774479, 6.91074019780613 ], [ 80.066161310090251, 6.910678545425566 ], [ 80.066305165644906, 6.910616893045002 ], [ 80.066551775167156, 6.910411385109787 ], [ 80.066685355325049, 6.91018532638105 ], [ 80.066716181515332, 6.909928441462033 ], [ 80.066603152150961, 6.909733208923579 ], [ 80.066428470406038, 6.909548251781886 ], [ 80.066253788661101, 6.909445497814279 ], [ 80.066120208503207, 6.909363294640193 ], [ 80.065996903742075, 6.909311917656389 ], [ 80.065832497393913, 6.909260540672586 ], [ 80.065606438665171, 6.909250265275825 ], [ 80.065421481523487, 6.909250265275825 ] ] ], [ [ [ 80.0746638, 6.9137164 ], [ 80.074735, 6.9136846 ], [ 80.0747537, 6.913622 ], [ 80.0746416, 6.913513 ], [ 80.0744992, 6.913469 ], [ 80.0744455, 6.9134157 ], [ 80.0743381, 6.913418 ], [ 80.0741292, 6.913331 ], [ 80.074056, 6.913333 ], [ 80.0740214, 6.9133794 ], [ 80.0740682, 6.913446 ], [ 80.0741414, 6.9134843 ], [ 80.0743568, 6.9135362 ], [ 80.0746638, 6.9137164 ] ] ], [ [ [ 80.0711676, 6.9134299 ], [ 80.0710353, 6.9133812 ], [ 80.0709497, 6.9134072 ], [ 80.0708289, 6.9134853 ], [ 80.0707319, 6.9135102 ], [ 80.0705004, 6.9136721 ], [ 80.0704069, 6.9137616 ], [ 80.0704183, 6.9138193 ], [ 80.0705141, 6.9138827 ], [ 80.0706498, 6.9138001 ], [ 80.0707889, 6.9137536 ], [ 80.0708368, 6.913774 ], [ 80.0709623, 6.9137061 ], [ 80.0710193, 6.9136099 ], [ 80.0710866, 6.9135963 ], [ 80.0711915, 6.9135238 ], [ 80.0711676, 6.9134299 ] ] ], [ [ [ 80.063061376164313, 7.013279155856686 ], [ 80.063046648614119, 7.013155023647847 ], [ 80.062901477047845, 7.013155023647847 ], [ 80.062813111746635, 7.013769372884813 ], [ 80.063061376164313, 7.013832490957104 ], [ 80.063162365079975, 7.013373832965122 ], [ 80.063061376164313, 7.013279155856686 ] ] ], [ [ [ 80.0605568, 7.0804588 ], [ 80.0606212, 7.0804296 ], [ 80.0608224, 7.0800569 ], [ 80.0608063, 7.079993 ], [ 80.060479, 7.0798386 ], [ 80.0604308, 7.079852 ], [ 80.0602296, 7.0802698 ], [ 80.0602403, 7.0803364 ], [ 80.0605568, 7.0804588 ] ] ], [ [ [ 80.0533751, 7.0951489 ], [ 80.0534697, 7.0952557 ], [ 80.0535644, 7.0952386 ], [ 80.0535653, 7.0951686 ], [ 80.0535524, 7.09509 ], [ 80.0534732, 7.0950473 ], [ 80.0533828, 7.0950618 ], [ 80.0533751, 7.0951489 ] ] ], [ [ [ 80.0544108, 7.0955258 ], [ 80.0542249, 7.0955566 ], [ 80.0541526, 7.0956454 ], [ 80.0541044, 7.0958265 ], [ 80.0541698, 7.0958299 ], [ 80.05449, 7.0956659 ], [ 80.0546966, 7.0955907 ], [ 80.0546828, 7.0955019 ], [ 80.0546277, 7.0954063 ], [ 80.0544762, 7.0954575 ], [ 80.0544108, 7.0955258 ] ] ], [ [ [ 80.053803, 7.0963827 ], [ 80.0539832, 7.0964262 ], [ 80.0540806, 7.0965132 ], [ 80.0543386, 7.0966412 ], [ 80.0544384, 7.0965518 ], [ 80.0544701, 7.0964648 ], [ 80.0543849, 7.0964503 ], [ 80.0542461, 7.0964962 ], [ 80.0541779, 7.096402 ], [ 80.0542023, 7.0962691 ], [ 80.0540051, 7.0963344 ], [ 80.053859, 7.0963465 ], [ 80.053803, 7.0963827 ] ] ], [ [ [ 80.05359, 7.0988715 ], [ 80.0537758, 7.0986678 ], [ 80.0538175, 7.0984427 ], [ 80.053544, 7.0985162 ], [ 80.0534309, 7.0984635 ], [ 80.0531155, 7.0989744 ], [ 80.0527963, 7.0996233 ], [ 80.0526989, 7.0997108 ], [ 80.0525087, 7.0997982 ], [ 80.0524485, 7.0998765 ], [ 80.0524345, 7.1000329 ], [ 80.0524995, 7.1001756 ], [ 80.0525551, 7.1003873 ], [ 80.0526664, 7.1006036 ], [ 80.0528612, 7.1008107 ], [ 80.0530189, 7.1008982 ], [ 80.0530699, 7.100958 ], [ 80.0531395, 7.1009948 ], [ 80.0534294, 7.1008522 ], [ 80.0536752, 7.1006699 ], [ 80.0536497, 7.100594 ], [ 80.0535731, 7.100518 ], [ 80.0534573, 7.1003294 ], [ 80.0532948, 7.1000946 ], [ 80.0532171, 7.0999066 ], [ 80.0532809, 7.0997811 ], [ 80.0532713, 7.099554 ], [ 80.0533105, 7.0993975 ], [ 80.0533629, 7.099199 ], [ 80.0534512, 7.0990317 ], [ 80.05359, 7.0988715 ] ] ], [ [ [ 80.0797914, 7.1035563 ], [ 80.0797967, 7.1036016 ], [ 80.0798423, 7.1036016 ], [ 80.0798718, 7.103559 ], [ 80.0798986, 7.1035057 ], [ 80.0798584, 7.1034285 ], [ 80.0798128, 7.1033434 ], [ 80.0797833, 7.1033487 ], [ 80.0797645, 7.1034099 ], [ 80.0797404, 7.1034525 ], [ 80.0797726, 7.1035004 ], [ 80.0797914, 7.1035563 ] ] ], [ [ [ 80.0797887, 7.1047141 ], [ 80.0798262, 7.1047647 ], [ 80.0798584, 7.1047913 ], [ 80.0799496, 7.1048046 ], [ 80.080022, 7.104778 ], [ 80.0800515, 7.1047327 ], [ 80.0800837, 7.1046742 ], [ 80.0801105, 7.1046076 ], [ 80.0801105, 7.1045092 ], [ 80.0800515, 7.1044346 ], [ 80.079963, 7.1044267 ], [ 80.0798852, 7.1044772 ], [ 80.0798101, 7.1045571 ], [ 80.0797699, 7.1046582 ], [ 80.0797887, 7.1047141 ] ] ], [ [ [ 80.058047894531313, 7.105486769714745 ], [ 80.058502344651814, 7.105116477023972 ], [ 80.057791214370667, 7.103883570678554 ], [ 80.057437753165843, 7.103778373891402 ], [ 80.057265230434908, 7.103778373891402 ], [ 80.057795422242151, 7.104868212606294 ], [ 80.057845916699989, 7.105448898871371 ], [ 80.058047894531313, 7.105486769714745 ] ] ], [ [ [ 80.0620581, 7.1069853 ], [ 80.0620844, 7.1071421 ], [ 80.0624366, 7.1077986 ], [ 80.0625322, 7.1080935 ], [ 80.062616, 7.1082044 ], [ 80.0626905, 7.1082136 ], [ 80.0627371, 7.108112 ], [ 80.0628741, 7.1079249 ], [ 80.0628814, 7.1073175 ], [ 80.0627185, 7.1073175 ], [ 80.0626812, 7.1074145 ], [ 80.0626486, 7.1078533 ], [ 80.0623647, 7.1074145 ], [ 80.0622157, 7.1072482 ], [ 80.0621692, 7.1071419 ], [ 80.0621329, 7.1069228 ], [ 80.0622828, 7.1065529 ], [ 80.0622128, 7.1066227 ], [ 80.0620712, 7.1068971 ], [ 80.0620581, 7.1069853 ] ] ], [ [ [ 80.052525983676588, 7.137173093972593 ], [ 80.053068799098284, 7.137749572366184 ], [ 80.053178203756929, 7.137804274695504 ], [ 80.053283400544075, 7.138048331241695 ], [ 80.053510625604332, 7.137930510840086 ], [ 80.053418052431638, 7.137892639996711 ], [ 80.053392805202719, 7.137631751964575 ], [ 80.053253945443672, 7.137446605619187 ], [ 80.052812118937638, 7.137114183771788 ], [ 80.052525983676588, 7.137173093972593 ] ] ], [ [ [ 80.057986375683754, 7.160395947061462 ], [ 80.058024052138549, 7.160440473780759 ], [ 80.058075429122354, 7.160471299971041 ], [ 80.058140506635169, 7.160467874838788 ], [ 80.058205584147984, 7.160406222458223 ], [ 80.058284362189823, 7.160334294680898 ], [ 80.05838369102517, 7.160262366903574 ], [ 80.058459043934747, 7.160214415052023 ], [ 80.058506995786303, 7.160159612935966 ], [ 80.058527546579825, 7.160094535423148 ], [ 80.058520696315313, 7.160036308174837 ], [ 80.058483019860532, 7.159974655794273 ], [ 80.058435068008976, 7.159930129074977 ], [ 80.058342589438126, 7.159865051562159 ], [ 80.058301487851082, 7.159817099710608 ], [ 80.058215859544745, 7.159765722726805 ], [ 80.058140506635169, 7.159714345743001 ], [ 80.058085704519115, 7.159676669288212 ], [ 80.058024052138549, 7.159666393891452 ], [ 80.057962399757983, 7.159693794949479 ], [ 80.057911022774178, 7.159731471404269 ], [ 80.057839094996851, 7.159769147859058 ], [ 80.05780141854207, 7.159796548917087 ], [ 80.057763742087275, 7.159830800239622 ], [ 80.057722640500231, 7.159868476694412 ], [ 80.057688389177699, 7.159913003413709 ], [ 80.057681538913187, 7.159940404471737 ], [ 80.057671263516426, 7.159960955265259 ], [ 80.057667838384177, 7.159967805529766 ], [ 80.057681538913187, 7.160053433836105 ], [ 80.057756891822763, 7.160139062142445 ], [ 80.057787718013046, 7.160193864258502 ], [ 80.057818544203329, 7.160241816110052 ], [ 80.057839094996851, 7.160258941771319 ], [ 80.057907597641929, 7.160303468490616 ], [ 80.057948699228973, 7.160351420342166 ], [ 80.057986375683754, 7.160395947061462 ] ] ], [ [ [ 80.0743092, 7.1623377 ], [ 80.0743122, 7.162489 ], [ 80.0742374, 7.1626231 ], [ 80.0742169, 7.1626395 ], [ 80.0741361, 7.1627043 ], [ 80.0740661, 7.162726 ], [ 80.0740347, 7.1627856 ], [ 80.0740914, 7.1630893 ], [ 80.0742865, 7.1631218 ], [ 80.074493, 7.1627484 ], [ 80.074514, 7.1625905 ], [ 80.0744459, 7.1623398 ], [ 80.0744375, 7.1623286 ], [ 80.0745241, 7.1622267 ], [ 80.0747078, 7.1621917 ], [ 80.0747083, 7.16209 ], [ 80.0743202, 7.1621949 ], [ 80.0743092, 7.1623377 ] ] ], [ [ [ 80.05164988101447, 7.182320218616584 ], [ 80.051647597592975, 7.182320218616584 ], [ 80.051638463906954, 7.182329352302594 ], [ 80.051633897063951, 7.18234533625311 ], [ 80.051665864964988, 7.182386437840153 ], [ 80.05168641575851, 7.182409272055176 ], [ 80.051718383659548, 7.18248919180776 ], [ 80.051704683130524, 7.182553127609827 ], [ 80.051647597592975, 7.182591945775368 ], [ 80.051574528104894, 7.182644464469923 ], [ 80.051590512055412, 7.182735801330018 ], [ 80.051627046799453, 7.182772336074056 ], [ 80.051732084188558, 7.182811154239596 ], [ 80.051796019990618, 7.182827138190113 ], [ 80.051885073429219, 7.182829421611616 ], [ 80.051987827396829, 7.18278603660307 ], [ 80.052065463727899, 7.182754068702037 ], [ 80.052145383480493, 7.182708400271989 ], [ 80.052172784538513, 7.182658164998936 ], [ 80.05219105191054, 7.182569111560344 ], [ 80.052200185596547, 7.18248919180776 ], [ 80.052229870076076, 7.182443523377713 ], [ 80.052280105349126, 7.182413838898182 ], [ 80.052305222985652, 7.182381870997149 ], [ 80.052312073250164, 7.182331635724096 ], [ 80.052312073250164, 7.182281400451044 ], [ 80.052307506407161, 7.182244865707005 ], [ 80.052293805878136, 7.182206047541465 ], [ 80.052261837977113, 7.182164945954422 ], [ 80.052229870076076, 7.182128411210384 ], [ 80.05220475243955, 7.182094159887848 ], [ 80.052177351381516, 7.182059908565313 ], [ 80.052147666901988, 7.182025657242776 ], [ 80.052092864785934, 7.182007389870757 ], [ 80.052051763198889, 7.182011956713762 ], [ 80.052012945033354, 7.182041641193293 ], [ 80.051980977132317, 7.182064475408317 ], [ 80.051935308702269, 7.18208730962334 ], [ 80.051889640272222, 7.182121560945877 ], [ 80.051850822106687, 7.182148962003905 ], [ 80.051832554734659, 7.182174079640431 ], [ 80.051809720519643, 7.182196913855456 ], [ 80.0517800360401, 7.182222031491982 ], [ 80.051743501296073, 7.18224943255001 ], [ 80.051711533395036, 7.182272266765033 ], [ 80.051688699180005, 7.182290534137053 ], [ 80.05166358154348, 7.182308801509072 ], [ 80.05164988101447, 7.182320218616584 ] ] ], [ [ [ 80.053549679908883, 7.197067936705095 ], [ 80.053512861033383, 7.197083716223168 ], [ 80.053462366575545, 7.197273070440041 ], [ 80.053550731876754, 7.19727938224727 ], [ 80.053636993242222, 7.197165769717146 ], [ 80.053672760149851, 7.197068988672967 ], [ 80.053617005852658, 7.197062676865738 ], [ 80.053591758623739, 7.19710580754847 ], [ 80.053567563362705, 7.197106859516341 ], [ 80.053549679908883, 7.197067936705095 ] ] ], [ [ [ 80.082392726410731, 7.228388247427123 ], [ 80.082429261154772, 7.228205573706933 ], [ 80.082456662212806, 7.228041167358761 ], [ 80.082484063270826, 7.22786762732458 ], [ 80.082502330642853, 7.227703220976408 ], [ 80.082502330642853, 7.227584483058284 ], [ 80.082465795898813, 7.227474878826169 ], [ 80.082319656922664, 7.227310472477998 ], [ 80.082219186376548, 7.227283071419969 ], [ 80.082082181086406, 7.227283071419969 ], [ 80.081899507366217, 7.227319606164007 ], [ 80.081744234704061, 7.227337873536026 ], [ 80.081607229413919, 7.227337873536026 ], [ 80.081388020949689, 7.227319606164007 ], [ 80.08126928303156, 7.227347007222036 ], [ 80.081196213543492, 7.227529680942227 ], [ 80.081196213543492, 7.22764841886035 ], [ 80.081196213543492, 7.227730622034437 ], [ 80.081196213543492, 7.227758023092465 ], [ 80.081187079857472, 7.228780995925533 ], [ 80.081287550403587, 7.228817530669571 ], [ 80.081424555693729, 7.228817530669571 ], [ 80.081579828355885, 7.228826664355581 ], [ 80.08170769996002, 7.228799263297552 ], [ 80.081862972622176, 7.228744461181495 ], [ 80.081972576854298, 7.228707926437457 ], [ 80.082091314772427, 7.228698792751447 ], [ 80.082191785318528, 7.228698792751447 ], [ 80.082273988492616, 7.228689659065438 ], [ 80.082347057980684, 7.22863485694938 ], [ 80.082383592724725, 7.228534386403275 ], [ 80.082392726410731, 7.228388247427123 ] ] ], [ [ [ 80.054157077823973, 7.233771413619031 ], [ 80.054312350486128, 7.233721178345979 ], [ 80.054389986817213, 7.233648108857903 ], [ 80.054417387875247, 7.233552205154803 ], [ 80.054389986817213, 7.233460868294707 ], [ 80.054312350486128, 7.233364964591607 ], [ 80.054248414684068, 7.233241659830479 ], [ 80.054170778352983, 7.233232526144469 ], [ 80.054047473591851, 7.233232526144469 ], [ 80.053924168830733, 7.233227959301464 ], [ 80.053814564598611, 7.23321425877245 ], [ 80.053700393523499, 7.233218825615455 ], [ 80.053577088762367, 7.233232526144469 ], [ 80.053462917687241, 7.233250793516488 ], [ 80.053385281356157, 7.233273627731512 ], [ 80.053344179769127, 7.233305595632546 ], [ 80.053325912397099, 7.233360397748602 ], [ 80.053325912397099, 7.233442600922689 ], [ 80.053330479240103, 7.23350196988175 ], [ 80.053335046083106, 7.233547638311798 ], [ 80.053339612926109, 7.233575039369827 ], [ 80.053275677124049, 7.233689210444946 ], [ 80.053284810810055, 7.23380794836307 ], [ 80.053367013984143, 7.233967787868237 ], [ 80.053412682414191, 7.234049991042323 ], [ 80.053467484530245, 7.234136761059413 ], [ 80.053577088762367, 7.234145894745422 ], [ 80.05375062879655, 7.234049991042323 ], [ 80.053837398813641, 7.233944953653213 ], [ 80.053924168830733, 7.233890151537156 ], [ 80.053960703574759, 7.233858183636122 ], [ 80.054024639376834, 7.233794247834056 ], [ 80.054157077823973, 7.233771413619031 ] ] ], [ [ [ 80.058731912802983, 7.23808365512621 ], [ 80.058791281762055, 7.238143024085272 ], [ 80.05888261862215, 7.238216093573348 ], [ 80.059005923383268, 7.238289163061424 ], [ 80.059138361830406, 7.238403334136543 ], [ 80.059234265533505, 7.238490104153634 ], [ 80.059311901864589, 7.238558606798706 ], [ 80.059389538195674, 7.238631676286782 ], [ 80.059458040840738, 7.238691045245844 ], [ 80.059508276113803, 7.238709312617862 ], [ 80.059627014031918, 7.238732146832887 ], [ 80.059704650363003, 7.238713879460867 ], [ 80.059745751950047, 7.238640809972791 ], [ 80.059677249304968, 7.238544906269691 ], [ 80.05956764507286, 7.238476403624619 ], [ 80.059526543485816, 7.238398767293538 ], [ 80.059485441898772, 7.238321130962458 ], [ 80.059430639782718, 7.238188692515319 ], [ 80.059398671881681, 7.238097355655224 ], [ 80.059375837666664, 7.238047120382172 ], [ 80.059311901864589, 7.237951216679071 ], [ 80.059184030260454, 7.237800510859913 ], [ 80.059120094458393, 7.237750275586862 ], [ 80.059065292342339, 7.237700040313809 ], [ 80.059042458127308, 7.237654371883761 ], [ 80.059033324441302, 7.237631537668737 ], [ 80.059015057069288, 7.237604136610709 ], [ 80.058983089168251, 7.237590436081694 ], [ 80.058951121267214, 7.237590436081694 ], [ 80.058928287052197, 7.237590436081694 ], [ 80.058914586523173, 7.237590436081694 ], [ 80.058750180175011, 7.237732008214842 ], [ 80.058709078587967, 7.237768542958881 ], [ 80.058681677529933, 7.237800510859913 ], [ 80.058654276471913, 7.237859879818976 ], [ 80.058654276471913, 7.237905548249024 ], [ 80.058686244372936, 7.237992318266114 ], [ 80.058731912802983, 7.23808365512621 ] ] ], [ [ [ 80.052758482152768, 7.248959591742091 ], [ 80.052833835062359, 7.248884238832512 ], [ 80.052870369806385, 7.248818019608943 ], [ 80.052911471393429, 7.248749516963871 ], [ 80.052922888500945, 7.248690148004809 ], [ 80.052895487442925, 7.248605661409221 ], [ 80.052824701376338, 7.248555426136169 ], [ 80.052747065045267, 7.24852802507814 ], [ 80.052692262929213, 7.248521174813633 ], [ 80.052616910019623, 7.24853715876415 ], [ 80.052552974217562, 7.24857597692969 ], [ 80.052516439473521, 7.248623928781241 ], [ 80.052463920778962, 7.248685581161805 ], [ 80.052445653406949, 7.248710698798331 ], [ 80.052354316546854, 7.248879671989507 ], [ 80.052434236299433, 7.248948174634578 ], [ 80.052525573159528, 7.249021244122655 ], [ 80.052607776333616, 7.249060062288195 ], [ 80.052699113193711, 7.249034944651669 ], [ 80.052758482152768, 7.248959591742091 ] ] ], [ [ [ 80.102382572941167, 6.684204382722695 ], [ 80.102414672941165, 6.684216282722695 ], [ 80.102406672941171, 6.684274882722695 ], [ 80.102233672941168, 6.684285582722695 ], [ 80.102184072941171, 6.684356182722695 ], [ 80.102205472941165, 6.684412082722694 ], [ 80.102332872941162, 6.684477382722695 ], [ 80.102342272941172, 6.684511982722695 ], [ 80.102406672941171, 6.684547982722695 ], [ 80.102516672941164, 6.684493382722695 ], [ 80.10263067294116, 6.684230982722695 ], [ 80.102580972941169, 6.684182982722695 ], [ 80.102568972941171, 6.684117782722695 ], [ 80.102436172941168, 6.684047182722695 ], [ 80.102394572941165, 6.684100482722695 ], [ 80.102361072941164, 6.684095082722695 ], [ 80.102394572941165, 6.684156382722695 ], [ 80.102382572941167, 6.684204382722695 ] ] ], [ [ [ 80.1025608, 6.7003783 ], [ 80.1024937, 6.7003251 ], [ 80.1023516, 6.7003331 ], [ 80.1023355, 6.700389 ], [ 80.1021719, 6.7004503 ], [ 80.1021128, 6.7004663 ], [ 80.1021236, 6.7005249 ], [ 80.102314, 6.7005355 ], [ 80.1024052, 6.7005062 ], [ 80.1025232, 6.7004716 ], [ 80.1025688, 6.7004742 ], [ 80.1025608, 6.7003783 ] ] ], [ [ [ 80.103914863650701, 6.70059637309019 ], [ 80.1038456, 6.7005595 ], [ 80.1037865, 6.7005861 ], [ 80.103568777827135, 6.700601157686829 ], [ 80.103578347020417, 6.700698444485161 ], [ 80.1038456, 6.7006927 ], [ 80.1039126, 6.700674 ], [ 80.1040065, 6.7006767 ], [ 80.1040387, 6.7006234 ], [ 80.1039984, 6.7005568 ], [ 80.103914863650701, 6.70059637309019 ] ] ], [ [ [ 80.1024293, 6.7008499 ], [ 80.1024213, 6.7007726 ], [ 80.1024079, 6.70073 ], [ 80.1023381, 6.70073 ], [ 80.1023381, 6.7007886 ], [ 80.1023167, 6.7008365 ], [ 80.102348705684122, 6.700991899745705 ], [ 80.102401336247155, 6.700972761359147 ], [ 80.1024588, 6.7009298 ], [ 80.1024293, 6.7008499 ] ] ], [ [ [ 80.103292068654795, 6.701209598892789 ], [ 80.1033011, 6.7011136 ], [ 80.1033172, 6.701055 ], [ 80.103280904595977, 6.701052504636466 ], [ 80.1032152, 6.7010417 ], [ 80.103107064251418, 6.701116299258323 ], [ 80.103116633444699, 6.701168132388582 ], [ 80.103121418041326, 6.701215978354974 ], [ 80.103230666331257, 6.70124947053145 ], [ 80.103292068654795, 6.701209598892789 ] ] ], [ [ [ 80.1104994, 6.7299495 ], [ 80.110586, 6.7300202 ], [ 80.1106943, 6.7299836 ], [ 80.1107237, 6.7299116 ], [ 80.1107006, 6.7298374 ], [ 80.1106406, 6.7297959 ], [ 80.1105675, 6.7297982 ], [ 80.1105102, 6.7298434 ], [ 80.1104994, 6.7299495 ] ] ], [ [ [ 80.1059532, 6.7300108 ], [ 80.1058498, 6.730045 ], [ 80.1057722, 6.7301135 ], [ 80.1057291, 6.7302162 ], [ 80.1060954, 6.7303575 ], [ 80.1063153, 6.7304003 ], [ 80.1065049, 6.7304645 ], [ 80.1065739, 6.7305501 ], [ 80.1069618, 6.7306828 ], [ 80.1070954, 6.7300793 ], [ 80.1070523, 6.7300493 ], [ 80.1069834, 6.7300707 ], [ 80.1067808, 6.7302248 ], [ 80.1066644, 6.7302376 ], [ 80.1062678, 6.7300964 ], [ 80.1059532, 6.7300108 ] ] ], [ [ [ 80.085525548171745, 6.782935837416272 ], [ 80.085760422234529, 6.782770629389057 ], [ 80.085621090163386, 6.782334719052185 ], [ 80.085499672215676, 6.782442203792784 ], [ 80.085527538629904, 6.782557650366019 ], [ 80.085445929845378, 6.782645230525025 ], [ 80.085388206558761, 6.782874133213336 ], [ 80.085525548171745, 6.782935837416272 ] ] ], [ [ [ 80.0969631, 6.8844448 ], [ 80.0970181, 6.884635 ], [ 80.0971888, 6.8845089 ], [ 80.0972287, 6.8845333 ], [ 80.0970485, 6.8848158 ], [ 80.0971737, 6.8848911 ], [ 80.0971642, 6.884957 ], [ 80.0972021, 6.8850361 ], [ 80.0973728, 6.8850191 ], [ 80.0973823, 6.8850907 ], [ 80.0975018, 6.885102 ], [ 80.097663, 6.8847141 ], [ 80.0977445, 6.8847066 ], [ 80.0978185, 6.8846068 ], [ 80.0979266, 6.8845974 ], [ 80.0979873, 6.8843507 ], [ 80.0978659, 6.8840419 ], [ 80.0976933, 6.8840833 ], [ 80.0972837, 6.8842679 ], [ 80.0971471, 6.8842019 ], [ 80.0969631, 6.8844448 ] ] ], [ [ [ 80.108633, 6.886968 ], [ 80.1087088, 6.886742 ], [ 80.1089971, 6.8867834 ], [ 80.1090464, 6.8867006 ], [ 80.1081247, 6.8865349 ], [ 80.1080943, 6.8867194 ], [ 80.108193, 6.8868814 ], [ 80.1082764, 6.8869378 ], [ 80.108633, 6.886968 ] ] ], [ [ [ 80.0965923, 6.8944608 ], [ 80.0965923, 6.8942239 ], [ 80.0964823, 6.8934516 ], [ 80.09608, 6.8933797 ], [ 80.0958681, 6.8934942 ], [ 80.0957394, 6.893899 ], [ 80.0959781, 6.8938644 ], [ 80.0959995, 6.8941094 ], [ 80.0961283, 6.8943091 ], [ 80.0964019, 6.8944262 ], [ 80.0965923, 6.8944608 ] ] ], [ [ [ 80.1019512, 6.8981825 ], [ 80.1021143, 6.8981185 ], [ 80.1023268, 6.8979773 ], [ 80.1024861, 6.8977965 ], [ 80.1024955, 6.8976096 ], [ 80.1024273, 6.8976139 ], [ 80.1022869, 6.8972976 ], [ 80.1022339, 6.8971665 ], [ 80.1021997, 6.8972618 ], [ 80.1022812, 6.8976534 ], [ 80.1022699, 6.8976798 ], [ 80.1022319, 6.8976742 ], [ 80.1021485, 6.8975085 ], [ 80.1020935, 6.8974877 ], [ 80.1018071, 6.8975405 ], [ 80.1017066, 6.8975857 ], [ 80.1016743, 6.8977645 ], [ 80.1017647, 6.8980189 ], [ 80.1018773, 6.8981712 ], [ 80.1019512, 6.8981825 ] ] ], [ [ [ 80.1047916642122, 6.911243692247405 ], [ 80.104647808657546, 6.911259105342547 ], [ 80.104550192388317, 6.911336170818252 ], [ 80.104401199135296, 6.911279656136068 ], [ 80.104211104295217, 6.911192315263602 ], [ 80.104154589613032, 6.911146075978179 ], [ 80.104108350327607, 6.911058735105712 ], [ 80.104082661835704, 6.910955981138105 ], [ 80.104021009455138, 6.910863502567259 ], [ 80.103959357074586, 6.910812125583455 ], [ 80.103866878503737, 6.910781299393173 ], [ 80.103825776916693, 6.910776161694792 ], [ 80.103779537631269, 6.910817263281835 ], [ 80.103609993584712, 6.911264243040927 ], [ 80.103615131283092, 6.911346446215012 ], [ 80.103630544378234, 6.911428649389099 ], [ 80.103702472155561, 6.911505714864804 ], [ 80.103784675329649, 6.911541678753466 ], [ 80.103918255487542, 6.91159305573727 ], [ 80.104046697947041, 6.911644432721074 ], [ 80.104195691200076, 6.911695809704877 ], [ 80.104298445167686, 6.911706085101638 ], [ 80.104426887627199, 6.911706085101638 ], [ 80.104555330086697, 6.911706085101638 ], [ 80.104668359451068, 6.911706085101638 ], [ 80.104776251117059, 6.911629019625932 ], [ 80.104822490402483, 6.911459475579381 ], [ 80.104837903497625, 6.911331033119872 ], [ 80.1047916642122, 6.911243692247405 ] ] ], [ [ [ 80.0977417, 6.9167982 ], [ 80.0976303, 6.916251 ], [ 80.0977725, 6.9161165 ], [ 80.0981695, 6.9159035 ], [ 80.0980796, 6.9157704 ], [ 80.0982271, 6.9155973 ], [ 80.0981024, 6.9154282 ], [ 80.0980568, 6.9152139 ], [ 80.0979978, 6.9151407 ], [ 80.0976371, 6.9149969 ], [ 80.0971985, 6.9147759 ], [ 80.0967104, 6.9146987 ], [ 80.0965897, 6.9145868 ], [ 80.0965695, 6.9139331 ], [ 80.0963295, 6.9137867 ], [ 80.0960398, 6.9136695 ], [ 80.0957246, 6.9136056 ], [ 80.0949548, 6.9137135 ], [ 80.0947242, 6.9138719 ], [ 80.0944501, 6.9140232 ], [ 80.0942673, 6.9140856 ], [ 80.0940496, 6.9140423 ], [ 80.0940791, 6.9141674 ], [ 80.0941069, 6.9142582 ], [ 80.0943572, 6.9142299 ], [ 80.094543, 6.9141422 ], [ 80.0946733, 6.914044 ], [ 80.0947393, 6.9140678 ], [ 80.0949041, 6.9138908 ], [ 80.0951723, 6.9138223 ], [ 80.0956503, 6.9137688 ], [ 80.0960294, 6.9137718 ], [ 80.096392, 6.9139622 ], [ 80.0964774, 6.9141288 ], [ 80.0964369, 6.9144129 ], [ 80.0964414, 6.9145601 ], [ 80.0965298, 6.9147858 ], [ 80.0966977, 6.9149127 ], [ 80.096807, 6.9149625 ], [ 80.0970138, 6.914935 ], [ 80.0972476, 6.9149469 ], [ 80.0974858, 6.9150049 ], [ 80.0976866, 6.915115 ], [ 80.0979024, 6.9151864 ], [ 80.0979863, 6.9152429 ], [ 80.0981092, 6.9155538 ], [ 80.0980807, 6.915643 ], [ 80.0979323, 6.9158885 ], [ 80.0977121, 6.9160685 ], [ 80.0975757, 6.9162544 ], [ 80.0975922, 6.9164597 ], [ 80.0977658, 6.917115 ], [ 80.097857, 6.9172775 ], [ 80.0982526, 6.9175863 ], [ 80.0983157, 6.9175917 ], [ 80.0984927, 6.9175304 ], [ 80.0986322, 6.9175571 ], [ 80.0987716, 6.9175091 ], [ 80.0989012, 6.9174042 ], [ 80.0992222, 6.916918 ], [ 80.0998284, 6.9167582 ], [ 80.1000292, 6.9167291 ], [ 80.1000539, 6.9166688 ], [ 80.0999962, 6.9166158 ], [ 80.0996581, 6.9166997 ], [ 80.0993631, 6.9167463 ], [ 80.0991632, 6.9168488 ], [ 80.09884, 6.9173094 ], [ 80.098671, 6.9174266 ], [ 80.0985678, 6.9174532 ], [ 80.098258, 6.9174452 ], [ 80.0981292, 6.9173427 ], [ 80.0980099, 6.9173387 ], [ 80.0979214, 6.9172522 ], [ 80.0978168, 6.9170338 ], [ 80.0977417, 6.9167982 ] ] ], [ [ [ 80.08500510332469, 6.918194998156039 ], [ 80.085154096577725, 6.918035729506248 ], [ 80.085195198164769, 6.917932975538641 ], [ 80.085226024355038, 6.917845634666175 ], [ 80.08524657514856, 6.917742880698568 ], [ 80.08524657514856, 6.917599025143917 ], [ 80.085277401338843, 6.91748599577955 ], [ 80.08525171284694, 6.917450031890887 ], [ 80.084953726340885, 6.91749113347793 ], [ 80.084917762452221, 6.91750140887469 ], [ 80.084917762452221, 6.917655539826101 ], [ 80.084917762452221, 6.917722329905046 ], [ 80.084886936261938, 6.917814808475892 ], [ 80.084835559278133, 6.917886736253218 ], [ 80.084758493802426, 6.917979214824064 ], [ 80.084686566025113, 6.918046004903009 ], [ 80.08456326126398, 6.918164171965757 ], [ 80.084450231899609, 6.918256650536604 ], [ 80.084388579519043, 6.918308027520408 ], [ 80.08435261563038, 6.91834399140907 ], [ 80.084337202535238, 6.918364542202592 ], [ 80.084311514043335, 6.91848270926534 ], [ 80.084342340233619, 6.918518673154002 ], [ 80.084398854915804, 6.918600876328088 ], [ 80.084496471185034, 6.918672804105413 ], [ 80.084686566025113, 6.918688217200555 ], [ 80.084686566025113, 6.91862656481999 ], [ 80.084676290628352, 6.918564912439425 ], [ 80.084676290628352, 6.91848784696372 ], [ 80.084758493802426, 6.918385092996113 ], [ 80.08490234935708, 6.918277201330126 ], [ 80.084969139436026, 6.918225824346321 ], [ 80.08500510332469, 6.918194998156039 ] ] ], [ [ [ 80.1046075, 6.9224399 ], [ 80.104621, 6.9222227 ], [ 80.1045985, 6.9221647 ], [ 80.1046495, 6.9218271 ], [ 80.104618, 6.9217646 ], [ 80.1045221, 6.9217006 ], [ 80.1044052, 6.9217289 ], [ 80.1043722, 6.9217929 ], [ 80.1044382, 6.9220874 ], [ 80.1043288, 6.922251 ], [ 80.1044142, 6.9223997 ], [ 80.1046075, 6.9224399 ] ] ], [ [ [ 80.1055275, 6.9224027 ], [ 80.1056504, 6.922373 ], [ 80.1057043, 6.9223283 ], [ 80.1056594, 6.922013 ], [ 80.105577, 6.9219059 ], [ 80.1054391, 6.9218642 ], [ 80.1051289, 6.9218196 ], [ 80.105045, 6.9218419 ], [ 80.1048712, 6.9219654 ], [ 80.1047049, 6.9221603 ], [ 80.1046689, 6.9222688 ], [ 80.1046674, 6.9224384 ], [ 80.1047978, 6.922431 ], [ 80.1049162, 6.9223685 ], [ 80.1052968, 6.9223938 ], [ 80.1054196, 6.9223611 ], [ 80.1054286, 6.9224027 ], [ 80.1055275, 6.9224027 ] ] ], [ [ [ 80.10411, 6.9224488 ], [ 80.1039542, 6.922611 ], [ 80.1039167, 6.9226868 ], [ 80.1039302, 6.9227627 ], [ 80.1039662, 6.9227895 ], [ 80.1040036, 6.9226348 ], [ 80.1040501, 6.9226407 ], [ 80.1040126, 6.9227909 ], [ 80.1040681, 6.9227746 ], [ 80.1040771, 6.9226035 ], [ 80.1040995, 6.9225544 ], [ 80.1042928, 6.9224473 ], [ 80.1043678, 6.9223834 ], [ 80.1042808, 6.9222688 ], [ 80.104176, 6.9223388 ], [ 80.10411, 6.9224488 ] ] ], [ [ [ 80.106032, 6.9232594 ], [ 80.106043, 6.9233054 ], [ 80.1060786, 6.9233331 ], [ 80.1063163, 6.9233324 ], [ 80.1063808, 6.9233861 ], [ 80.1064064, 6.9234774 ], [ 80.106478, 6.9234513 ], [ 80.1062602, 6.9229519 ], [ 80.1062185, 6.9229239 ], [ 80.1061449, 6.9229287 ], [ 80.1061222, 6.922944 ], [ 80.1061277, 6.9230323 ], [ 80.1060847, 6.9232217 ], [ 80.1060735, 6.9232355 ], [ 80.1060504, 6.9232323 ], [ 80.106032, 6.9232594 ] ] ], [ [ [ 80.103415189187515, 6.943931013767872 ], [ 80.103463141039072, 6.943910462974351 ], [ 80.103538493948648, 6.943883061916322 ], [ 80.103593296064702, 6.943780307948715 ], [ 80.103600146329214, 6.943663853452094 ], [ 80.103613846858224, 6.943540548690965 ], [ 80.103620697122736, 6.94343094445885 ], [ 80.10357274527118, 6.943307639697721 ], [ 80.103538493948648, 6.943198035465607 ], [ 80.103538493948648, 6.943061030175464 ], [ 80.103579595535692, 6.942930875149829 ], [ 80.103579595535692, 6.942834971446728 ], [ 80.103449440510047, 6.942780169330671 ], [ 80.103367237335959, 6.942759618537149 ], [ 80.103264483368363, 6.942718516950107 ], [ 80.103072675962153, 6.942643164040528 ], [ 80.102997323052577, 6.942643164040528 ], [ 80.102949371201035, 6.942643164040528 ], [ 80.102874018291445, 6.942663714834049 ], [ 80.102956221465533, 6.942732217479121 ], [ 80.103038424639621, 6.942787019595178 ], [ 80.103093226755675, 6.94285552224025 ], [ 80.103113777549197, 6.942937725414335 ], [ 80.103161729400753, 6.943054179910957 ], [ 80.103202830987797, 6.943150083614057 ], [ 80.103250782839339, 6.943266538110679 ], [ 80.103305584955407, 6.94333504075575 ], [ 80.103394638393993, 6.943465195781386 ], [ 80.103415189187515, 6.943533698426458 ], [ 80.103374087600471, 6.943615901600543 ], [ 80.103346686542451, 6.943711805303644 ], [ 80.103319285484417, 6.943917313238858 ], [ 80.103415189187515, 6.943931013767872 ] ] ], [ [ [ 80.0935989, 6.9445843 ], [ 80.0935641, 6.9445204 ], [ 80.093548, 6.9444166 ], [ 80.0932308, 6.9444006 ], [ 80.0931973, 6.9444286 ], [ 80.0932214, 6.9444845 ], [ 80.0931772, 6.9445058 ], [ 80.0931564, 6.9444831 ], [ 80.0931001, 6.9444938 ], [ 80.0930866, 6.9445364 ], [ 80.0931188, 6.944579 ], [ 80.0931108, 6.9446296 ], [ 80.0929659, 6.9447494 ], [ 80.092982, 6.9447787 ], [ 80.0930571, 6.9448 ], [ 80.0930518, 6.9448958 ], [ 80.0930732, 6.9448612 ], [ 80.0931027, 6.9448586 ], [ 80.0931859, 6.9449118 ], [ 80.0931778, 6.9449864 ], [ 80.0931483, 6.9450103 ], [ 80.0931617, 6.9450769 ], [ 80.0931242, 6.9450982 ], [ 80.0931135, 6.9451914 ], [ 80.0931483, 6.9451914 ], [ 80.0931698, 6.9452606 ], [ 80.0931564, 6.9453245 ], [ 80.0930813, 6.9453618 ], [ 80.0931296, 6.945415 ], [ 80.0930866, 6.9454576 ], [ 80.0930866, 6.9455002 ], [ 80.0931349, 6.9456174 ], [ 80.0931913, 6.9456919 ], [ 80.093379, 6.9458251 ], [ 80.0936526, 6.9458251 ], [ 80.0937894, 6.9457825 ], [ 80.0938725, 6.9458011 ], [ 80.0939315, 6.9457718 ], [ 80.093953, 6.9456733 ], [ 80.0941515, 6.9455668 ], [ 80.0940147, 6.9454363 ], [ 80.0939879, 6.9453352 ], [ 80.0940683, 6.9452553 ], [ 80.0941005, 6.9453005 ], [ 80.0941381, 6.9453005 ], [ 80.0941381, 6.9451861 ], [ 80.0940817, 6.9451727 ], [ 80.0940227, 6.9449517 ], [ 80.0939262, 6.944981 ], [ 80.0938538, 6.9449651 ], [ 80.0938243, 6.9449091 ], [ 80.0938403, 6.9448559 ], [ 80.0938967, 6.9448239 ], [ 80.0939932, 6.9448373 ], [ 80.0939852, 6.9447361 ], [ 80.0939342, 6.9447334 ], [ 80.093902, 6.9446748 ], [ 80.0939423, 6.9446402 ], [ 80.0939289, 6.9446109 ], [ 80.0938001, 6.9446429 ], [ 80.0935989, 6.9445843 ] ] ], [ [ [ 80.1068419, 6.9487184 ], [ 80.1067014, 6.9485967 ], [ 80.106855, 6.9490623 ], [ 80.1069085, 6.9493494 ], [ 80.107186, 6.9495559 ], [ 80.1072654, 6.9493434 ], [ 80.1068419, 6.9487184 ] ] ], [ [ [ 80.084105204459348, 6.959487567722627 ], [ 80.084199881567784, 6.95944128113628 ], [ 80.084279831126025, 6.959458112622225 ], [ 80.084313494097913, 6.959430761457566 ], [ 80.08429455867622, 6.959359227642302 ], [ 80.084256687832848, 6.959264550533866 ], [ 80.084271415383043, 6.959083612059965 ], [ 80.08424196028264, 6.959014182180445 ], [ 80.084069437551719, 6.959026805794903 ], [ 80.083978968314767, 6.959110963224624 ], [ 80.084048398194284, 6.959197224590088 ], [ 80.084058917873008, 6.959338188284872 ], [ 80.084119932009543, 6.959394994549934 ], [ 80.084105204459348, 6.959487567722627 ] ] ], [ [ [ 80.1049175, 6.9600651 ], [ 80.1048102, 6.9601054 ], [ 80.1048049, 6.9601671 ], [ 80.104896, 6.9602617 ], [ 80.104996, 6.9602091 ], [ 80.1049692, 6.9601319 ], [ 80.1049175, 6.9600651 ] ] ], [ [ [ 80.1058597, 6.9612182 ], [ 80.1058945, 6.9612155 ], [ 80.1060957, 6.9612847 ], [ 80.1063451, 6.9612847 ], [ 80.1063934, 6.9611889 ], [ 80.1063827, 6.9610558 ], [ 80.1063478, 6.9609865 ], [ 80.1062942, 6.9609626 ], [ 80.1062378, 6.9610371 ], [ 80.1061896, 6.9610424 ], [ 80.1061788, 6.9609919 ], [ 80.1061359, 6.9609945 ], [ 80.106085, 6.9610478 ], [ 80.106042, 6.9610451 ], [ 80.1059643, 6.9609732 ], [ 80.105511, 6.9610185 ], [ 80.1054815, 6.9608907 ], [ 80.1055163, 6.9605818 ], [ 80.1054868, 6.960084 ], [ 80.1052776, 6.9599322 ], [ 80.1051918, 6.9599109 ], [ 80.1049611, 6.9595941 ], [ 80.1049155, 6.9596367 ], [ 80.1050121, 6.959879 ], [ 80.1051408, 6.9600973 ], [ 80.1051945, 6.9601159 ], [ 80.1052132, 6.9601905 ], [ 80.1052669, 6.9602517 ], [ 80.1053393, 6.9604194 ], [ 80.1052749, 6.9606111 ], [ 80.1051918, 6.9607017 ], [ 80.1051301, 6.9608907 ], [ 80.1051033, 6.9609812 ], [ 80.1051274, 6.9611276 ], [ 80.1052213, 6.9612022 ], [ 80.1053125, 6.9612288 ], [ 80.1055941, 6.9612528 ], [ 80.1057175, 6.9612421 ], [ 80.1057336, 6.9613167 ], [ 80.1057846, 6.961306 ], [ 80.1058597, 6.9612182 ] ] ], [ [ [ 80.0972536, 6.9641961 ], [ 80.0971169, 6.9642174 ], [ 80.0970471, 6.9643293 ], [ 80.0968808, 6.9644411 ], [ 80.0966689, 6.9643426 ], [ 80.0965938, 6.9644171 ], [ 80.0966394, 6.9645023 ], [ 80.0968325, 6.9645689 ], [ 80.0967869, 6.9647153 ], [ 80.0969237, 6.9648564 ], [ 80.0970471, 6.9649177 ], [ 80.0971222, 6.9649177 ], [ 80.0972188, 6.9648777 ], [ 80.0972161, 6.9646993 ], [ 80.0971249, 6.9645343 ], [ 80.0971517, 6.9644757 ], [ 80.0972268, 6.9644145 ], [ 80.0974575, 6.9644437 ], [ 80.0974119, 6.9643745 ], [ 80.0973127, 6.9643585 ], [ 80.0972536, 6.9641961 ] ] ], [ [ [ 80.0944178, 7.0665767 ], [ 80.0944226, 7.0665874 ], [ 80.0944307, 7.0665957 ], [ 80.0944413, 7.0666008 ], [ 80.094452, 7.0666021 ], [ 80.0944627, 7.0665999 ], [ 80.094472, 7.0665945 ], [ 80.0944792, 7.0665865 ], [ 80.0944834, 7.0665766 ], [ 80.0944843, 7.0665658 ], [ 80.0944817, 7.0665554 ], [ 80.0944758, 7.0665463 ], [ 80.0944674, 7.0665395 ], [ 80.0944573, 7.0665358 ], [ 80.0944464, 7.0665354 ], [ 80.094436, 7.0665384 ], [ 80.0944271, 7.0665445 ], [ 80.0944202, 7.0665539 ], [ 80.094417, 7.0665651 ], [ 80.0944178, 7.0665767 ] ] ], [ [ [ 80.099835497840886, 7.120479455778344 ], [ 80.099773845460319, 7.120448629588061 ], [ 80.099701917682992, 7.1204383541913 ], [ 80.09957861292186, 7.120441779323554 ], [ 80.099458733292991, 7.120452054720315 ], [ 80.099314877738337, 7.120469180381582 ], [ 80.099191572977219, 7.120506856836371 ], [ 80.099116220067629, 7.1205342578944 ], [ 80.099102519538619, 7.12058220974595 ], [ 80.099081968745097, 7.120633586729754 ], [ 80.099051142554814, 7.120657562655529 ], [ 80.099030591761291, 7.120681538581304 ], [ 80.099006615835521, 7.120705514507079 ], [ 80.098986065041998, 7.120729490432854 ], [ 80.098986065041998, 7.120732915565108 ], [ 80.098979214777486, 7.121092554451733 ], [ 80.099061417951575, 7.121109680113001 ], [ 80.099205273506229, 7.121109680113001 ], [ 80.099314877738337, 7.121092554451733 ], [ 80.099431332234957, 7.121092554451733 ], [ 80.099609439112143, 7.121085704187226 ], [ 80.099746444402285, 7.121072003658211 ], [ 80.099880024560179, 7.121041177467929 ], [ 80.099938251808496, 7.120934998368068 ], [ 80.10000675445356, 7.120849370061729 ], [ 80.100030730379345, 7.12075346635863 ], [ 80.100023880114833, 7.120660987787782 ], [ 80.099948527205257, 7.120575359481443 ], [ 80.099900575353701, 7.120523982497639 ], [ 80.099835497840886, 7.120479455778344 ] ] ], [ [ [ 80.105260907330575, 7.122580774415911 ], [ 80.105356811033673, 7.122573924151404 ], [ 80.105500666588327, 7.12256022362239 ], [ 80.105534917910859, 7.122519122035347 ], [ 80.105534917910859, 7.122457469654782 ], [ 80.105534917910859, 7.122395817274218 ], [ 80.105534917910859, 7.122327314629147 ], [ 80.105521217381849, 7.122272512513089 ], [ 80.105473265530293, 7.122231410926046 ], [ 80.105288308388594, 7.122197159603511 ], [ 80.105199254950008, 7.122183459074496 ], [ 80.10510335124691, 7.122183459074496 ], [ 80.105021148072822, 7.122183459074496 ], [ 80.104966345956768, 7.122183459074496 ], [ 80.104932094634222, 7.122204009868018 ], [ 80.104918394105212, 7.122238261190554 ], [ 80.104904693576202, 7.122286213042104 ], [ 80.1049115438407, 7.122546523093376 ], [ 80.105055399395354, 7.122580774415911 ], [ 80.105151303098452, 7.122580774415911 ], [ 80.105260907330575, 7.122580774415911 ] ] ], [ [ [ 80.104944622243593, 7.122621222406015 ], [ 80.104931998629141, 7.12301255445422 ], [ 80.105575802966513, 7.122974683610845 ], [ 80.105537932123127, 7.122591767305613 ], [ 80.104944622243593, 7.122621222406015 ] ] ], [ [ [ 80.104944622243593, 7.123084088269483 ], [ 80.104953037986576, 7.123471212446201 ], [ 80.105651544653256, 7.123416510116882 ], [ 80.105592634452449, 7.12305463316908 ], [ 80.104944622243593, 7.123084088269483 ] ] ], [ [ [ 80.105219805743531, 7.12405871898333 ], [ 80.10521466804515, 7.1240056294334 ], [ 80.105204392648389, 7.123966240412484 ], [ 80.105185554420984, 7.123878899540018 ], [ 80.105178704156486, 7.123836085386848 ], [ 80.105170141325843, 7.123784708403044 ], [ 80.105165003627462, 7.123716205757972 ], [ 80.105168428759725, 7.123654553377408 ], [ 80.105166716193594, 7.12358947586459 ], [ 80.105127327172681, 7.12353638631466 ], [ 80.105075950188876, 7.123531248616279 ], [ 80.105038273734081, 7.1235261109179 ], [ 80.104980046485778, 7.123527823484026 ], [ 80.104961208258374, 7.123532961182407 ], [ 80.104932094634222, 7.123543236579168 ], [ 80.104909831274583, 7.123567212504942 ], [ 80.104904693576202, 7.12358433816621 ], [ 80.104901268443939, 7.123599751261351 ], [ 80.104899555877822, 7.123603176393605 ], [ 80.104945795163246, 7.124329304431363 ], [ 80.10500916010993, 7.12433615469587 ], [ 80.105046836564725, 7.124343004960378 ], [ 80.105099926114647, 7.12434129239425 ], [ 80.105158153362964, 7.124337867261997 ], [ 80.105197542383877, 7.124334442129743 ], [ 80.105219805743531, 7.124324166732983 ], [ 80.105235218838672, 7.124296765674954 ], [ 80.10524206910317, 7.124262514352418 ], [ 80.105240356537053, 7.124221412765375 ], [ 80.10522836857416, 7.124180311178332 ], [ 80.105223230875779, 7.124111808533261 ], [ 80.105219805743531, 7.12405871898333 ] ] ], [ [ [ 80.104950932861627, 7.124459459456999 ], [ 80.104947507729364, 7.124500561044042 ], [ 80.104947507729364, 7.124529674668197 ], [ 80.104954357993876, 7.124557075726226 ], [ 80.104988609316408, 7.124589614482635 ], [ 80.105021148072822, 7.124608452710029 ], [ 80.105070812490496, 7.124596464747142 ], [ 80.10509821354853, 7.12457591395362 ], [ 80.105149590532321, 7.124529674668197 ], [ 80.105219805743531, 7.124507411308548 ], [ 80.105248919367682, 7.124473159986013 ], [ 80.105260907330575, 7.124423495568336 ], [ 80.105255769632194, 7.1243892442458 ], [ 80.105224943441911, 7.124365268320026 ], [ 80.105123902040418, 7.124363555753899 ], [ 80.105081087887257, 7.124368693452279 ], [ 80.10502799833732, 7.124375543716786 ], [ 80.105002309845418, 7.124375543716786 ], [ 80.104980046485778, 7.124377256282913 ], [ 80.104973196221266, 7.124378968849039 ], [ 80.104957783126125, 7.124413220171576 ], [ 80.104950932861627, 7.124459459456999 ] ] ], [ [ [ 80.1084138, 7.1607923 ], [ 80.1084959, 7.1606797 ], [ 80.1083349, 7.1606265 ], [ 80.1082827, 7.1606981 ], [ 80.1084138, 7.1607923 ] ] ], [ [ [ 80.0847062, 7.1985273 ], [ 80.0847322, 7.1985523 ], [ 80.0847488, 7.1985627 ], [ 80.0847611, 7.1985723 ], [ 80.0847785, 7.1985863 ], [ 80.0848028, 7.1986071 ], [ 80.0848281, 7.1986275 ], [ 80.0848443, 7.1986471 ], [ 80.0848556, 7.1986574 ], [ 80.0848886, 7.1986803 ], [ 80.0849288, 7.1986896 ], [ 80.0849597, 7.1987043 ], [ 80.0849945, 7.1987335 ], [ 80.0850133, 7.1987535 ], [ 80.0850308, 7.1987801 ], [ 80.085076, 7.1988019 ], [ 80.085097, 7.1987333 ], [ 80.0850568, 7.1986927 ], [ 80.0850454, 7.1986614 ], [ 80.08503, 7.1986408 ], [ 80.0850025, 7.1986009 ], [ 80.084971, 7.1985623 ], [ 80.0849341, 7.1985264 ], [ 80.0848918, 7.1984965 ], [ 80.0848469, 7.1984692 ], [ 80.0848194, 7.1984479 ], [ 80.0848062, 7.1984348 ], [ 80.0847054, 7.1983661 ], [ 80.0846504, 7.1983321 ], [ 80.0846243, 7.1983062 ], [ 80.0846089, 7.1982643 ], [ 80.0845948, 7.198233 ], [ 80.0845955, 7.1981971 ], [ 80.0846015, 7.1981691 ], [ 80.0846176, 7.1981452 ], [ 80.0846534, 7.198108 ], [ 80.0846709, 7.1980646 ], [ 80.0846786, 7.1980341 ], [ 80.0847074, 7.1979988 ], [ 80.0847443, 7.1979928 ], [ 80.0848135, 7.1979765 ], [ 80.0848671, 7.1979818 ], [ 80.0849023, 7.1979965 ], [ 80.084941, 7.1979997 ], [ 80.0849811, 7.1979661 ], [ 80.0850172, 7.1979161 ], [ 80.0850395, 7.1978541 ], [ 80.0850173, 7.1977875 ], [ 80.0850214, 7.1977636 ], [ 80.0849999, 7.197745 ], [ 80.0849717, 7.1976917 ], [ 80.084953, 7.1976718 ], [ 80.0848993, 7.1976445 ], [ 80.0849194, 7.1976984 ], [ 80.0849396, 7.1977316 ], [ 80.0849597, 7.1977623 ], [ 80.084965, 7.1977955 ], [ 80.084957, 7.1978261 ], [ 80.0849435, 7.1978473 ], [ 80.084937, 7.1978712 ], [ 80.0848947, 7.1979105 ], [ 80.0848537, 7.1979299 ], [ 80.0848162, 7.1979419 ], [ 80.0847853, 7.1979419 ], [ 80.084725, 7.1979485 ], [ 80.0846901, 7.1979618 ], [ 80.0846284, 7.1980057 ], [ 80.0845922, 7.1980257 ], [ 80.0845721, 7.1980377 ], [ 80.0845506, 7.1980603 ], [ 80.0845405, 7.198072 ], [ 80.0845297, 7.1980906 ], [ 80.0845184, 7.1981148 ], [ 80.0845099, 7.198186 ], [ 80.0845118, 7.1982775 ], [ 80.0845177, 7.1983328 ], [ 80.0845284, 7.1983561 ], [ 80.0845418, 7.1983714 ], [ 80.0845599, 7.1983973 ], [ 80.08458, 7.1984146 ], [ 80.0846209, 7.1984479 ], [ 80.0847003, 7.1985207 ], [ 80.0847062, 7.1985273 ] ] ], [ [ [ 80.084353140129991, 7.294197445242024 ], [ 80.084109083583797, 7.294020714639609 ], [ 80.083065531455262, 7.294862288936822 ], [ 80.082653160049617, 7.2954429752019 ], [ 80.083006621254455, 7.295981582752117 ], [ 80.083881858523554, 7.295653368776203 ], [ 80.08451303924646, 7.294887536165739 ], [ 80.084353140129991, 7.294197445242024 ] ] ], [ [ [ 80.0905282, 7.3026216 ], [ 80.0904469, 7.3026926 ], [ 80.0903655, 7.3027023 ], [ 80.0902321, 7.3027507 ], [ 80.0901117, 7.3028798 ], [ 80.0900596, 7.3030897 ], [ 80.0900856, 7.3033189 ], [ 80.090014, 7.3035642 ], [ 80.0898806, 7.3036675 ], [ 80.0898123, 7.3037514 ], [ 80.0899847, 7.3038805 ], [ 80.0902679, 7.3039031 ], [ 80.0903217, 7.3039665 ], [ 80.0904078, 7.3040032 ], [ 80.0905348, 7.3039838 ], [ 80.0906161, 7.3038644 ], [ 80.0906356, 7.3037159 ], [ 80.0905998, 7.3036223 ], [ 80.0905738, 7.3034964 ], [ 80.0905152, 7.3033834 ], [ 80.090512, 7.3032963 ], [ 80.090525, 7.3030219 ], [ 80.090717, 7.302783 ], [ 80.0905282, 7.3026216 ] ] ], [ [ [ 80.116768, 6.7677934 ], [ 80.1167735, 6.76757 ], [ 80.1167762, 6.767395 ], [ 80.1167382, 6.7672429 ], [ 80.116562, 6.7671124 ], [ 80.116375, 6.7669939 ], [ 80.1158829, 6.7677988 ], [ 80.1159006, 6.7678365 ], [ 80.1161283, 6.7680021 ], [ 80.1161988, 6.768169 ], [ 80.1162475, 6.7684112 ], [ 80.1162937, 6.7685377 ], [ 80.1162744, 6.7687781 ], [ 80.1163387, 6.7690631 ], [ 80.1165318, 6.7693241 ], [ 80.1167518, 6.7692815 ], [ 80.1165986, 6.7688514 ], [ 80.1167057, 6.7687814 ], [ 80.1166379, 6.7684974 ], [ 80.1167179, 6.7682564 ], [ 80.1167965, 6.7680842 ], [ 80.116768, 6.7677934 ] ] ], [ [ [ 80.1197243, 6.8977382 ], [ 80.1198723, 6.8974595 ], [ 80.1198837, 6.8971808 ], [ 80.1197585, 6.8969813 ], [ 80.1195878, 6.8970415 ], [ 80.1194778, 6.8973239 ], [ 80.119455, 6.8975649 ], [ 80.1195878, 6.8977947 ], [ 80.1197243, 6.8977382 ] ] ], [ [ [ 80.124137, 6.901678 ], [ 80.1238225, 6.9023596 ], [ 80.1238192, 6.9026645 ], [ 80.1237676, 6.9030466 ], [ 80.1239138, 6.9031043 ], [ 80.1243315, 6.9027921 ], [ 80.1246964, 6.9026813 ], [ 80.1247612, 6.9023608 ], [ 80.1248524, 6.9019771 ], [ 80.1248872, 6.9016279 ], [ 80.1248224, 6.9014373 ], [ 80.1247504, 6.9010464 ], [ 80.1247048, 6.900621 ], [ 80.1244863, 6.9002623 ], [ 80.1243903, 6.9001884 ], [ 80.1242703, 6.9002194 ], [ 80.1241766, 6.9002719 ], [ 80.1242018, 6.9006699 ], [ 80.1242559, 6.9010774 ], [ 80.1242451, 6.9012585 ], [ 80.124137, 6.901678 ] ] ], [ [ [ 80.113991874682526, 6.902181617921828 ], [ 80.113962419582123, 6.902061693584475 ], [ 80.113861430666446, 6.902009095190899 ], [ 80.113743610264848, 6.90193335350415 ], [ 80.11365734889938, 6.90191231414672 ], [ 80.113518489140333, 6.902013303062385 ], [ 80.113392252995752, 6.902126915592509 ], [ 80.11344274745359, 6.902215280893716 ], [ 80.113489034039929, 6.902240528122634 ], [ 80.113571087533913, 6.90226577535155 ], [ 80.113627893798977, 6.902274191094522 ], [ 80.113716259100187, 6.902274191094522 ], [ 80.113768857493767, 6.902278398966008 ], [ 80.113819351951591, 6.902349932781271 ], [ 80.113899301509832, 6.902463545311394 ], [ 80.113888781831108, 6.902514039769228 ], [ 80.11393296448172, 6.902577157841518 ], [ 80.113985562875285, 6.90257084603429 ], [ 80.114031849461639, 6.902518247640714 ], [ 80.114118110827107, 6.902514039769228 ], [ 80.114208580064059, 6.902497208283283 ], [ 80.114137046248786, 6.90242567446802 ], [ 80.114069720305011, 6.902396219367618 ], [ 80.11400660223272, 6.902358348524243 ], [ 80.113977147132317, 6.90226577535155 ], [ 80.113991874682526, 6.902181617921828 ] ] ], [ [ [ 80.112486651961262, 6.906280675611974 ], [ 80.112409586485555, 6.906583799816415 ], [ 80.11246610116774, 6.906712242275924 ], [ 80.112517478151545, 6.906845822433814 ], [ 80.112579130532112, 6.906938301004661 ], [ 80.112779500768951, 6.906979402591703 ], [ 80.112877117038181, 6.906861235528955 ], [ 80.11290794322845, 6.906696829180783 ], [ 80.112923356323591, 6.906475908150427 ], [ 80.112918218625211, 6.906321777199016 ], [ 80.112877117038181, 6.906188197041128 ], [ 80.112820602355995, 6.906090580771901 ], [ 80.112697297594863, 6.906059754581618 ], [ 80.11256371743697, 6.906121406962183 ], [ 80.112517478151545, 6.906193334739507 ], [ 80.112486651961262, 6.906280675611974 ] ] ], [ [ [ 80.118852260254542, 6.935519317094625 ], [ 80.11903207969786, 6.935575831776809 ], [ 80.119191348347641, 6.935632346458993 ], [ 80.11928382691849, 6.935735100426601 ], [ 80.119422544774764, 6.935801890505545 ], [ 80.119586951122926, 6.935786477410404 ], [ 80.119802734454908, 6.935735100426601 ], [ 80.119967140803084, 6.935683723442796 ], [ 80.120085307865821, 6.935637484157374 ], [ 80.120290815801042, 6.935539867888147 ], [ 80.120460359847598, 6.9354473893173 ], [ 80.120532287624926, 6.935318946857791 ], [ 80.120557976116814, 6.935241881382085 ], [ 80.120588802307097, 6.93516481590638 ], [ 80.12062476619576, 6.935051786542012 ], [ 80.120645316989282, 6.934928481780883 ], [ 80.120650454687663, 6.934825727813276 ], [ 80.120640179290902, 6.934738386940809 ], [ 80.120583664608716, 6.934666459163485 ], [ 80.120511736831403, 6.934645908369963 ], [ 80.120398707467032, 6.934635632973203 ], [ 80.120259989610759, 6.934604806782921 ], [ 80.120064757072299, 6.934589393687779 ], [ 80.119967140803084, 6.934609944481301 ], [ 80.119833560645191, 6.934764075432712 ], [ 80.119756495169483, 6.934846278606797 ], [ 80.119674291995395, 6.934923344082503 ], [ 80.119556124932643, 6.934990134161447 ], [ 80.119412269378003, 6.935036373446871 ], [ 80.119247863029827, 6.935036373446871 ], [ 80.119139971363836, 6.935020960351729 ], [ 80.119057768189748, 6.935020960351729 ], [ 80.119001253507577, 6.935010684954969 ], [ 80.118965289618913, 6.93501582265335 ], [ 80.118888224143205, 6.935041511145251 ], [ 80.118883086444825, 6.935041511145251 ], [ 80.118821434064259, 6.935062061938773 ], [ 80.118662165414463, 6.935180229001521 ], [ 80.118698129303127, 6.935318946857791 ], [ 80.118759781683693, 6.935431976222159 ], [ 80.118852260254542, 6.935519317094625 ] ] ], [ [ [ 80.1210121, 6.9351958 ], [ 80.1206956, 6.9351372 ], [ 80.1206956, 6.9352384 ], [ 80.1209209, 6.9353076 ], [ 80.1211408, 6.9355526 ], [ 80.1211676, 6.935675 ], [ 80.1212535, 6.9357656 ], [ 80.1213661, 6.9356431 ], [ 80.1212696, 6.9355206 ], [ 80.1212642, 6.9353715 ], [ 80.1210121, 6.9351958 ] ] ], [ [ [ 80.1272462, 6.9722069 ], [ 80.1272328, 6.9723241 ], [ 80.127265, 6.9724891 ], [ 80.1273348, 6.9725051 ], [ 80.1273643, 6.9722868 ], [ 80.1275306, 6.9720498 ], [ 80.127552, 6.9719886 ], [ 80.1274716, 6.9719061 ], [ 80.127316, 6.9718635 ], [ 80.1272436, 6.9719407 ], [ 80.127198, 6.9721297 ], [ 80.1272462, 6.9722069 ] ] ], [ [ [ 80.118309, 6.9786916 ], [ 80.1177654, 6.9787945 ], [ 80.1170716, 6.9788755 ], [ 80.1165703, 6.9788755 ], [ 80.116238, 6.9788234 ], [ 80.115999, 6.9786266 ], [ 80.1159407, 6.9786961 ], [ 80.115964, 6.9793847 ], [ 80.1164828, 6.9793615 ], [ 80.1168035, 6.9792342 ], [ 80.117229, 6.9792342 ], [ 80.1177537, 6.9790491 ], [ 80.1185946, 6.9792952 ], [ 80.1187053, 6.9791347 ], [ 80.1188788, 6.9787713 ], [ 80.1184344, 6.9786915 ], [ 80.118309, 6.9786916 ] ] ], [ [ [ 80.115271, 7.1709693 ], [ 80.1151861, 7.1709693 ], [ 80.1151401, 7.1710079 ], [ 80.1151224, 7.1710536 ], [ 80.1150657, 7.1711273 ], [ 80.1151896, 7.1711203 ], [ 80.11531, 7.1711168 ], [ 80.1153772, 7.1711168 ], [ 80.1153949, 7.1710536 ], [ 80.1153772, 7.1710009 ], [ 80.115271, 7.1709693 ] ] ], [ [ [ 80.130664101983726, 7.321556204931201 ], [ 80.130528192871139, 7.321596688496652 ], [ 80.130343125143369, 7.321801998007152 ], [ 80.130129140583122, 7.322206833661659 ], [ 80.130221674447014, 7.322481543570074 ], [ 80.130366258609328, 7.322779386944462 ], [ 80.130409633858036, 7.322790953677448 ], [ 80.130716152282162, 7.322721553279532 ], [ 80.130999537240314, 7.322631911098891 ], [ 80.131022670706287, 7.322403468122419 ], [ 80.131120987936669, 7.322313825941778 ], [ 80.131097854470696, 7.322018874250638 ], [ 80.130967728724599, 7.321989957418173 ], [ 80.130909895059673, 7.321845373255849 ], [ 80.130953270308368, 7.321845373255849 ], [ 80.130878086543959, 7.321697897410279 ], [ 80.130664101983726, 7.321556204931201 ] ] ], [ [ [ 80.1348647, 6.7287172 ], [ 80.1344061, 6.7286266 ], [ 80.1343551, 6.7288957 ], [ 80.1347923, 6.7289569 ], [ 80.1348647, 6.7287172 ] ] ], [ [ [ 80.1347038, 6.7292553 ], [ 80.1347789, 6.7290129 ], [ 80.1343444, 6.7289649 ], [ 80.1342639, 6.7292207 ], [ 80.1347038, 6.7292553 ] ] ], [ [ [ 80.1342398, 6.7292793 ], [ 80.1341647, 6.7294924 ], [ 80.134618, 6.7295563 ], [ 80.134685, 6.7293299 ], [ 80.1342398, 6.7292793 ] ] ], [ [ [ 80.1358706, 6.7294071 ], [ 80.135774, 6.7299052 ], [ 80.1362085, 6.7300544 ], [ 80.1362649, 6.7301743 ], [ 80.1363534, 6.7301982 ], [ 80.1364017, 6.730153 ], [ 80.1365465, 6.730113 ], [ 80.1368684, 6.7292127 ], [ 80.1362488, 6.7289143 ], [ 80.1360664, 6.7289436 ], [ 80.1359645, 6.7291114 ], [ 80.1358706, 6.7294071 ] ] ], [ [ [ 80.146512467795191, 6.974961628261086 ], [ 80.146514434926644, 6.974894745791439 ], [ 80.1465911, 6.9748863 ], [ 80.1465536, 6.9747531 ], [ 80.1464758, 6.9746014 ], [ 80.146398, 6.9745455 ], [ 80.1463202, 6.9745774 ], [ 80.1462853, 6.9746227 ], [ 80.1463175, 6.9746866 ], [ 80.1463122, 6.9747372 ], [ 80.1463336, 6.9748064 ], [ 80.1464141, 6.9748596 ], [ 80.1464007, 6.9749342 ], [ 80.1464382, 6.9750194 ], [ 80.1464999, 6.97503 ], [ 80.146589185922139, 6.975156374275646 ], [ 80.146675739706382, 6.975227191008214 ], [ 80.146750490701876, 6.975203585430692 ], [ 80.146724917992884, 6.975077689017239 ], [ 80.1466233, 6.9749848 ], [ 80.1465536, 6.9749981 ], [ 80.146512467795191, 6.974961628261086 ] ] ], [ [ [ 80.147132238072416, 7.218807469975728 ], [ 80.147059945991259, 7.218599268781982 ], [ 80.147083079457232, 7.218393959271482 ], [ 80.147132238072416, 7.21820599986046 ], [ 80.147187180054104, 7.218142382829038 ], [ 80.147100429556701, 7.218067199064629 ], [ 80.147002112326319, 7.218174191344749 ], [ 80.146860419847243, 7.218104790946834 ], [ 80.146704268951936, 7.218133707779298 ], [ 80.14664643528701, 7.218284075308115 ], [ 80.1466522186535, 7.218477818085629 ], [ 80.146640651920521, 7.218642644030679 ], [ 80.146600168355064, 7.218793011559495 ], [ 80.146527876273908, 7.218827711758453 ], [ 80.146524984590656, 7.218960729187791 ], [ 80.146524984590656, 7.219087963250637 ], [ 80.146441125776505, 7.219105313350116 ], [ 80.146412208944042, 7.219145796915566 ], [ 80.146481609341961, 7.219249897512439 ], [ 80.146623301821037, 7.219223872363221 ], [ 80.146863311530495, 7.219258572562178 ], [ 80.147039704208524, 7.219359781475805 ], [ 80.147155371538389, 7.219510149004622 ], [ 80.147273930551492, 7.219573766036045 ], [ 80.147354897682391, 7.219605574551756 ], [ 80.147450323229535, 7.219544849203579 ], [ 80.147395381247847, 7.219455207022939 ], [ 80.147499481844719, 7.219275922661657 ], [ 80.147288388967723, 7.219189172164263 ], [ 80.147213205203315, 7.21907639651765 ], [ 80.147132238072416, 7.218807469975728 ] ] ], [ [ [ 80.147046933416533, 7.264843067259649 ], [ 80.147075850248996, 7.264764991811994 ], [ 80.147165492429636, 7.264736074979529 ], [ 80.147185734212371, 7.264626191016163 ], [ 80.147072958565758, 7.264605949233438 ], [ 80.147058500149527, 7.26451341536955 ], [ 80.147032475000302, 7.264435339921896 ], [ 80.146937049453172, 7.264360156157487 ], [ 80.146824273806558, 7.264290755759571 ], [ 80.146714389843197, 7.264290755759571 ], [ 80.146601614196584, 7.264296539126065 ], [ 80.146520647065671, 7.264299430809311 ], [ 80.146471488450487, 7.26435726447424 ], [ 80.146335579337901, 7.264348589424501 ], [ 80.146286420722717, 7.264273405660092 ], [ 80.146176536759342, 7.264215571995163 ], [ 80.146086894578701, 7.264192438529191 ], [ 80.145924960316904, 7.264192438529191 ], [ 80.145858451602237, 7.264192438529191 ], [ 80.145731217539392, 7.264241597144381 ], [ 80.145630008625758, 7.264348589424501 ], [ 80.145508557929404, 7.26435726447424 ], [ 80.14536397376709, 7.264380397940212 ], [ 80.145294573369171, 7.264432448238649 ], [ 80.145416024065526, 7.264481606853839 ], [ 80.145465182680709, 7.264559682301494 ], [ 80.145838209819502, 7.26466089121512 ], [ 80.145927852000142, 7.264738966662776 ], [ 80.146084002895464, 7.26466956626486 ], [ 80.146338471021153, 7.264733183296283 ], [ 80.146642097762026, 7.264808367060692 ], [ 80.146821382123306, 7.264837283893156 ], [ 80.146957291235893, 7.264851742309388 ], [ 80.147046933416533, 7.264843067259649 ] ] ], [ [ [ 80.182330385349815, 6.589794198147461 ], [ 80.182364730493433, 6.589882514231041 ], [ 80.182570801355112, 6.5898187303929 ], [ 80.182705728705031, 6.589769665902022 ], [ 80.182735167399557, 6.589651911123914 ], [ 80.182720448052294, 6.589386962873172 ], [ 80.182659117438703, 6.589271661319609 ], [ 80.182433420780654, 6.589104842050623 ], [ 80.182273961185302, 6.589254488747801 ], [ 80.182276414409841, 6.589558688591246 ], [ 80.182330385349815, 6.589794198147461 ] ] ], [ [ [ 80.1776847, 6.7137792 ], [ 80.1773888, 6.7136097 ], [ 80.1772219, 6.713621 ], [ 80.1771271, 6.7136926 ], [ 80.1771802, 6.7138282 ], [ 80.1773812, 6.7139525 ], [ 80.1776354, 6.7139902 ], [ 80.1776847, 6.7137792 ] ] ], [ [ [ 80.17809790805515, 6.716043709151029 ], [ 80.178144690777842, 6.715809795537552 ], [ 80.17808940210557, 6.715512087302219 ], [ 80.178140437803052, 6.715295185587905 ], [ 80.177966065836642, 6.714814599436583 ], [ 80.177744911147542, 6.715078283873591 ], [ 80.177651345702145, 6.715201620142516 ], [ 80.177459961836576, 6.715546111100544 ], [ 80.177693875450046, 6.715865084209828 ], [ 80.177842729567715, 6.716205322193066 ], [ 80.17809790805515, 6.716043709151029 ] ] ], [ [ [ 80.1831706, 6.8308038 ], [ 80.1833636, 6.8306362 ], [ 80.1834963, 6.8303847 ], [ 80.1832189, 6.8302051 ], [ 80.1826762, 6.8299177 ], [ 80.182845, 6.8295944 ], [ 80.1830139, 6.8294747 ], [ 80.18305, 6.8287562 ], [ 80.1832551, 6.8290316 ], [ 80.183436, 6.8290316 ], [ 80.1837857, 6.8291633 ], [ 80.1840389, 6.8295106 ], [ 80.1841113, 6.8293549 ], [ 80.1839666, 6.82884 ], [ 80.1839786, 6.8284449 ], [ 80.1839063, 6.8281096 ], [ 80.1839907, 6.8278701 ], [ 80.1840269, 6.8275828 ], [ 80.1839907, 6.8272355 ], [ 80.1841595, 6.8267685 ], [ 80.1844248, 6.8263853 ], [ 80.184654, 6.8261938 ], [ 80.1849193, 6.8261938 ], [ 80.1849555, 6.8259782 ], [ 80.1847384, 6.8258705 ], [ 80.184449, 6.8257866 ], [ 80.1843525, 6.8253436 ], [ 80.1842801, 6.8247688 ], [ 80.1843766, 6.8242899 ], [ 80.1845213, 6.8239785 ], [ 80.1848711, 6.8238348 ], [ 80.1850158, 6.8234636 ], [ 80.1851002, 6.8230206 ], [ 80.1851243, 6.8226255 ], [ 80.1850881, 6.8218471 ], [ 80.1851122, 6.8213801 ], [ 80.1850519, 6.8205898 ], [ 80.1849193, 6.8207694 ], [ 80.1847746, 6.8216316 ], [ 80.1847505, 6.8219788 ], [ 80.1847022, 6.8222902 ], [ 80.1845213, 6.8225536 ], [ 80.1842681, 6.8227691 ], [ 80.1837857, 6.8233679 ], [ 80.1835204, 6.8235355 ], [ 80.1834239, 6.8239905 ], [ 80.183436, 6.8250323 ], [ 80.1832671, 6.8257866 ], [ 80.1831465, 6.826086 ], [ 80.1825194, 6.8262057 ], [ 80.1821818, 6.8267087 ], [ 80.1821456, 6.8272116 ], [ 80.1821576, 6.8276426 ], [ 80.1820732, 6.82793 ], [ 80.1818441, 6.8282174 ], [ 80.1814099, 6.8286964 ], [ 80.181229, 6.8289837 ], [ 80.1808673, 6.8292711 ], [ 80.1807346, 6.8294866 ], [ 80.1807225, 6.829798 ], [ 80.1806502, 6.830229 ], [ 80.1803487, 6.8305883 ], [ 80.1801075, 6.8310073 ], [ 80.1800593, 6.8313785 ], [ 80.1799266, 6.8319054 ], [ 80.1794683, 6.8327675 ], [ 80.1790221, 6.8331866 ], [ 80.1787448, 6.8336416 ], [ 80.1788051, 6.8337973 ], [ 80.1791307, 6.8337733 ], [ 80.1793719, 6.833953 ], [ 80.1795648, 6.8342044 ], [ 80.1796733, 6.834408 ], [ 80.1795286, 6.8347552 ], [ 80.1792271, 6.8349707 ], [ 80.1789498, 6.8353419 ], [ 80.1789739, 6.8356173 ], [ 80.1786965, 6.8363956 ], [ 80.1787206, 6.8367908 ], [ 80.1787809, 6.8372338 ], [ 80.1789257, 6.8374613 ], [ 80.1789136, 6.8379163 ], [ 80.1788533, 6.8382157 ], [ 80.1785759, 6.8389461 ], [ 80.1783468, 6.8392215 ], [ 80.1784674, 6.8394011 ], [ 80.1787327, 6.8396406 ], [ 80.1788292, 6.8399998 ], [ 80.1788895, 6.8405985 ], [ 80.1788774, 6.8410654 ], [ 80.1788051, 6.8414366 ], [ 80.178793, 6.8419395 ], [ 80.1787206, 6.8424424 ], [ 80.1783227, 6.8431968 ], [ 80.1782624, 6.8436039 ], [ 80.1782383, 6.8441307 ], [ 80.1782865, 6.8446695 ], [ 80.1782141, 6.8450407 ], [ 80.1779609, 6.8454957 ], [ 80.1776835, 6.845807 ], [ 80.1776353, 6.8460106 ], [ 80.1777317, 6.8462501 ], [ 80.178028, 6.8464518 ], [ 80.1781245, 6.8466195 ], [ 80.1780039, 6.8467631 ], [ 80.1780159, 6.8469906 ], [ 80.179041, 6.8471822 ], [ 80.179041, 6.8469427 ], [ 80.1789927, 6.8465955 ], [ 80.179203, 6.8462022 ], [ 80.1792995, 6.8457232 ], [ 80.1798904, 6.844909 ], [ 80.1803246, 6.8447294 ], [ 80.1806019, 6.8445857 ], [ 80.1807708, 6.8443822 ], [ 80.1808552, 6.8438553 ], [ 80.1810602, 6.843532 ], [ 80.1811567, 6.8431608 ], [ 80.1811446, 6.8428375 ], [ 80.1814099, 6.8424664 ], [ 80.1817355, 6.8422628 ], [ 80.1821697, 6.8422987 ], [ 80.1824591, 6.842155 ], [ 80.18264, 6.8419515 ], [ 80.1833636, 6.8415204 ], [ 80.1836771, 6.8410415 ], [ 80.1837374, 6.8407182 ], [ 80.1834963, 6.8407421 ], [ 80.1831706, 6.8408858 ], [ 80.1827244, 6.8407781 ], [ 80.1823868, 6.8405266 ], [ 80.1822662, 6.8402871 ], [ 80.1821938, 6.8399998 ], [ 80.1823626, 6.8397842 ], [ 80.1824832, 6.8395687 ], [ 80.1823626, 6.8393053 ], [ 80.1821456, 6.8393652 ], [ 80.1819285, 6.8395567 ], [ 80.1816029, 6.8397244 ], [ 80.1812532, 6.8395088 ], [ 80.1811687, 6.8391616 ], [ 80.1812773, 6.8389461 ], [ 80.1811687, 6.8386946 ], [ 80.1812049, 6.8384072 ], [ 80.1811929, 6.8371979 ], [ 80.1813617, 6.8369584 ], [ 80.181615, 6.8369943 ], [ 80.1819406, 6.8370901 ], [ 80.1822662, 6.8370422 ], [ 80.1820732, 6.8361921 ], [ 80.1820491, 6.8358448 ], [ 80.1821576, 6.8356293 ], [ 80.1822782, 6.8354736 ], [ 80.1823265, 6.8351503 ], [ 80.1822662, 6.8349348 ], [ 80.18223, 6.8346115 ], [ 80.1823868, 6.8343002 ], [ 80.1824953, 6.8337973 ], [ 80.1831224, 6.8329831 ], [ 80.1832068, 6.8324203 ], [ 80.1831345, 6.8321808 ], [ 80.1832068, 6.8318575 ], [ 80.1829777, 6.831187 ], [ 80.1829898, 6.8310193 ], [ 80.1831706, 6.8308038 ] ], [ [ 80.1813565, 6.8331397 ], [ 80.1813034, 6.8340737 ], [ 80.1812351, 6.8342771 ], [ 80.1812655, 6.8346688 ], [ 80.1811593, 6.8349776 ], [ 80.1809317, 6.8349174 ], [ 80.1808862, 6.8344955 ], [ 80.1810227, 6.8342093 ], [ 80.1809013, 6.8339607 ], [ 80.1809393, 6.8331924 ], [ 80.1807724, 6.8324015 ], [ 80.1810379, 6.8317989 ], [ 80.1810606, 6.8310758 ], [ 80.181402, 6.8299383 ], [ 80.1815082, 6.8297952 ], [ 80.1818041, 6.8300965 ], [ 80.1820924, 6.8300965 ], [ 80.1821607, 6.8303074 ], [ 80.1817662, 6.830669 ], [ 80.1815917, 6.8313771 ], [ 80.1815082, 6.832281 ], [ 80.1813565, 6.8331397 ] ] ], [ [ [ 80.1714204, 6.8930228 ], [ 80.1714889, 6.8927479 ], [ 80.1714852, 6.8926063 ], [ 80.1715843, 6.8925162 ], [ 80.1717251, 6.8925392 ], [ 80.1718223, 6.8923902 ], [ 80.1718279, 6.8923443 ], [ 80.1717686, 6.8923792 ], [ 80.1717519, 6.8923433 ], [ 80.1718121, 6.8923148 ], [ 80.1717813, 6.8922705 ], [ 80.1716339, 6.8921817 ], [ 80.1715561, 6.8921834 ], [ 80.1714799, 6.8921538 ], [ 80.1714037, 6.8922327 ], [ 80.171422, 6.8922853 ], [ 80.171407, 6.8923314 ], [ 80.171359, 6.8923774 ], [ 80.1712696, 6.8924152 ], [ 80.1712464, 6.8923955 ], [ 80.1711967, 6.8923938 ], [ 80.1711669, 6.8924201 ], [ 80.1711238, 6.892407 ], [ 80.1711603, 6.892555 ], [ 80.1711156, 6.8925977 ], [ 80.1710742, 6.8926191 ], [ 80.1710377, 6.8925977 ], [ 80.1710046, 6.8925237 ], [ 80.1709698, 6.8925287 ], [ 80.1709466, 6.8925615 ], [ 80.1709698, 6.8926553 ], [ 80.1709433, 6.8926898 ], [ 80.1708688, 6.8927243 ], [ 80.1708605, 6.8927736 ], [ 80.1708307, 6.8927884 ], [ 80.1707893, 6.8927786 ], [ 80.1707413, 6.892726 ], [ 80.1706684, 6.8927523 ], [ 80.1706403, 6.8927375 ], [ 80.1706237, 6.8927556 ], [ 80.1705425, 6.8927342 ], [ 80.1704399, 6.8926618 ], [ 80.170337, 6.8925436 ], [ 80.1701894, 6.8925862 ], [ 80.1701894, 6.8928259 ], [ 80.1695994, 6.892991 ], [ 80.1698578, 6.8930562 ], [ 80.1701277, 6.8929963 ], [ 80.1703048, 6.8930868 ], [ 80.1703772, 6.8932466 ], [ 80.1702753, 6.8933744 ], [ 80.1704818, 6.8936647 ], [ 80.1705998, 6.893883 ], [ 80.1706164, 6.8935723 ], [ 80.1706748, 6.8935665 ], [ 80.1706736, 6.893447 ], [ 80.1707489, 6.8933732 ], [ 80.1707272, 6.8933719 ], [ 80.1707251, 6.8933508 ], [ 80.1707563, 6.893352 ], [ 80.1707823, 6.8932738 ], [ 80.1708841, 6.8931497 ], [ 80.171149, 6.892987 ], [ 80.1712416, 6.8929079 ], [ 80.1713398, 6.8929226 ], [ 80.1714019, 6.8929585 ], [ 80.1714204, 6.8930228 ] ] ], [ [ [ 80.170526, 6.8941548 ], [ 80.1705177, 6.8942065 ], [ 80.1705437, 6.8942747 ], [ 80.1705899, 6.8942723 ], [ 80.170668, 6.8943135 ], [ 80.1706869, 6.8944016 ], [ 80.1707272, 6.8943981 ], [ 80.1707639, 6.894364 ], [ 80.1708444, 6.8943781 ], [ 80.1708858, 6.8943335 ], [ 80.1709403, 6.8940514 ], [ 80.1709189, 6.8939962 ], [ 80.1708763, 6.8939856 ], [ 80.1705596, 6.8941209 ], [ 80.170526, 6.8941548 ] ] ], [ [ [ 80.170666, 6.8947866 ], [ 80.1706878, 6.8948616 ], [ 80.1707649, 6.8949032 ], [ 80.1708018, 6.8948982 ], [ 80.1708119, 6.8948732 ], [ 80.1708639, 6.8948965 ], [ 80.1710048, 6.8947883 ], [ 80.1710988, 6.8946484 ], [ 80.1709344, 6.8945535 ], [ 80.1707549, 6.8947 ], [ 80.1706777, 6.8947233 ], [ 80.170666, 6.8947866 ] ] ], [ [ [ 80.1816773, 6.9321888 ], [ 80.1816505, 6.932013 ], [ 80.1813984, 6.9320263 ], [ 80.1809639, 6.9321408 ], [ 80.180878, 6.9322873 ], [ 80.180921, 6.9324177 ], [ 80.1811302, 6.9323512 ], [ 80.1812965, 6.9323698 ], [ 80.1816773, 6.9321888 ] ] ], [ [ [ 80.176777774715234, 7.265382366185123 ], [ 80.1768124749142, 7.265304290737468 ], [ 80.176777774715234, 7.265148139842158 ], [ 80.176731507783302, 7.265036810037168 ], [ 80.176698253425968, 7.264921142707309 ], [ 80.176695361742716, 7.26473896666278 ], [ 80.176799462339602, 7.264406423089435 ], [ 80.176874646104011, 7.26426183892711 ], [ 80.176897779569984, 7.264076771199336 ], [ 80.1769974, 7.2639942 ], [ 80.1771476, 7.2636456 ], [ 80.1771771, 7.2635073 ], [ 80.1771449, 7.2633889 ], [ 80.1769437, 7.2633676 ], [ 80.1767842, 7.2634514 ], [ 80.176678011643261, 7.263570726631203 ], [ 80.176501618965233, 7.263593860097174 ], [ 80.176411976784578, 7.26367193554483 ], [ 80.176365709852647, 7.263778927824949 ], [ 80.176310767870959, 7.263978453968956 ], [ 80.1762732, 7.2642469 ], [ 80.176125700143189, 7.264522090419294 ], [ 80.176021599546317, 7.26478812527797 ], [ 80.175810506669322, 7.265010784887949 ], [ 80.17579604825309, 7.26514091063404 ], [ 80.1758548, 7.2652154 ], [ 80.1761968, 7.2653205 ], [ 80.176777774715234, 7.265382366185123 ] ] ], [ [ [ 80.2105545, 6.9467547 ], [ 80.2105197, 6.9467201 ], [ 80.2104516, 6.9467083 ], [ 80.2104199, 6.9467075 ], [ 80.2104112, 6.9467783 ], [ 80.2103368, 6.946915 ], [ 80.2103304, 6.9470031 ], [ 80.2104223, 6.9470432 ], [ 80.2103779, 6.9470731 ], [ 80.210374, 6.947099 ], [ 80.2104255, 6.9471187 ], [ 80.2105292, 6.9470998 ], [ 80.2106361, 6.9471422 ], [ 80.21069, 6.9470628 ], [ 80.2105831, 6.9469386 ], [ 80.2105506, 6.946864 ], [ 80.2105545, 6.9467547 ] ] ], [ [ [ 80.233644651944786, 6.580960879224608 ], [ 80.233503508425926, 6.580895736062054 ], [ 80.233344269584123, 6.581424119491658 ], [ 80.233460079650882, 6.58157973926887 ], [ 80.233416650875853, 6.581652120560596 ], [ 80.233275507356979, 6.581742597175254 ], [ 80.233090935063075, 6.58197421730878 ], [ 80.232888267446242, 6.582379552542448 ], [ 80.232938934350457, 6.582401266929966 ], [ 80.233029410965116, 6.582285456863203 ], [ 80.233080077869317, 6.582336123767412 ], [ 80.233235697646535, 6.582115360827646 ], [ 80.233456460586297, 6.582202218377718 ], [ 80.233593985040585, 6.582336123767412 ], [ 80.233709795107345, 6.582708887419804 ], [ 80.233992082145079, 6.582687173032285 ], [ 80.233832843303276, 6.582133456150578 ], [ 80.233760462011546, 6.581945264792089 ], [ 80.233890748336663, 6.581301071295722 ], [ 80.233644651944786, 6.580960879224608 ] ] ] ] } }
]
}
