{
"type": "FeatureCollection",
"name": "coral_areas",
"crs": { "type": "name", "properties": { "name": "urn:ogc:def:crs:OGC:1.3:CRS84" } },
"xy_coordinate_resolution": 1e-15,
"features": [
{ "type": "Feature", "properties": { "fid": 1.0, "class": "Reef", "OLD_FID": null, "LAYER_NAME": null, "METADATA_I": null, "ORIG_NAME": null, "FAMILY": null, "GENUS": null, "SPECIES": null, "DATA_TYPE": null, "START_DATE": null, "END_DATE": null, "DATE_TYPE": null, "VERIF": null, "NAME": null, "LOC_DEF": null, "SURVEY_MET": null, "GIS_AREA_K": null, "Shape_Leng": null, "Shape_Area": null, "REP_AREA_K": null, "layer": "Allan_Reefs copy", "path": "C:/Users/L.Rathnayaka/OneDrive - CGIAR/Lakshitha/NWI 2026/Coral_Reefs/WCM/Allan_Reefs.shp", "Area": 940 }, "geometry": { "type": "MultiPolygon", "coordinates": [ [ [ [ 81.83232529751092, 7.512983511991394 ], [ 81.831471600199876, 7.508288176780638 ], [ 81.834032692133007, 7.506153933503023 ], [ 81.837020632721675, 7.500178052325697 ], [ 81.836593784066153, 7.495055868459418 ], [ 81.833605843477486, 7.489079987282092 ], [ 81.833178994821964, 7.486518895348953 ], [ 81.835313238099587, 7.482677257449243 ], [ 81.837874330032719, 7.477555073582964 ], [ 81.840008573310342, 7.470725495094592 ], [ 81.842569665243474, 7.462188521984127 ], [ 81.842569665243474, 7.458773732739941 ], [ 81.842996513898996, 7.456212640806801 ], [ 81.846411303143185, 7.445114575763196 ], [ 81.845130757176619, 7.438284997274825 ], [ 81.843423362554518, 7.432309116097499 ], [ 81.845557605832141, 7.42846747819779 ], [ 81.856228822220217, 7.418649959120755 ], [ 81.854521427598129, 7.411393531976859 ], [ 81.853667730287086, 7.405844499455057 ], [ 81.856228822220217, 7.400295466933255 ], [ 81.859216762808884, 7.391331645167266 ], [ 81.858789914153363, 7.383648369367848 ], [ 81.858789914153363, 7.380233580123662 ], [ 81.86177785474203, 7.374257698946336 ], [ 81.864338946675161, 7.370842909702151 ], [ 81.866046341297249, 7.364867028524825 ], [ 81.866473189952785, 7.359317996003022 ], [ 81.867326887263829, 7.356330055414359 ], [ 81.868607433230395, 7.35376896348122 ], [ 81.869461130541438, 7.35120787154808 ], [ 81.86988797919696, 7.350354174237034 ], [ 81.870741676508018, 7.347793082303895 ], [ 81.870741676508018, 7.346085687681802 ], [ 81.870741676508018, 7.341817201126569 ], [ 81.87116852516354, 7.338829260537906 ], [ 81.870314827852482, 7.33669501726029 ], [ 81.868607433230395, 7.340536655159999 ], [ 81.866900038608307, 7.345231990370755 ], [ 81.86391209801964, 7.353342114825697 ], [ 81.862204703397552, 7.361452239280639 ], [ 81.861351006086494, 7.36828181776901 ], [ 81.859216762808884, 7.372550304324244 ], [ 81.854948276253651, 7.380660428779185 ], [ 81.853240881631564, 7.384502066678895 ], [ 81.849399243731852, 7.390904796511744 ], [ 81.848972395076331, 7.397307526344592 ], [ 81.848972395076331, 7.404990802144011 ], [ 81.849399243731852, 7.40883244004372 ], [ 81.845130757176619, 7.416942564498662 ], [ 81.845130757176619, 7.421211051053895 ], [ 81.839154875999284, 7.431455418786452 ], [ 81.836166935410631, 7.439992391896918 ], [ 81.834886389444051, 7.44938306231843 ], [ 81.833178994821964, 7.458346884084418 ], [ 81.826776264989121, 7.46773755450593 ], [ 81.822080929778366, 7.471579192405638 ], [ 81.821227232467308, 7.478408770894011 ], [ 81.823361475744932, 7.489506835937616 ], [ 81.819092989189699, 7.502739144258836 ], [ 81.820373535156264, 7.509568722747209 ], [ 81.820800383811786, 7.515971452580057 ], [ 81.823361475744932, 7.517251998546627 ], [ 81.825495719022541, 7.52152048510186 ], [ 81.828910508266731, 7.522801031068429 ], [ 81.831044751544354, 7.522801031068429 ], [ 81.83232529751092, 7.512983511991394 ] ] ], [ [ [ 81.815891624273249, 7.523227879723951 ], [ 81.815251351289973, 7.524935274346044 ], [ 81.813117108012349, 7.528776912245752 ], [ 81.810556016079218, 7.529630609556799 ], [ 81.813117108012349, 7.534325944767555 ], [ 81.813970805323393, 7.540088401617119 ], [ 81.813543956667871, 7.542222644894736 ], [ 81.813330532340117, 7.546491131449968 ], [ 81.813117108012349, 7.551186466660724 ], [ 81.811836562045784, 7.552680436955055 ], [ 81.807994924146072, 7.557589196493573 ], [ 81.808635197129362, 7.56249795603209 ], [ 81.807568075490551, 7.564632199309706 ], [ 81.806074105196217, 7.570181231831508 ], [ 81.806500953851739, 7.574449718386741 ], [ 81.804580134901883, 7.577010810319881 ], [ 81.801165345657694, 7.578504780614212 ], [ 81.801378769985462, 7.58213299418616 ], [ 81.800525072674418, 7.587041753724677 ], [ 81.800525072674418, 7.589816269985579 ], [ 81.798604253724562, 7.593444483557526 ], [ 81.797750556413519, 7.598566667423805 ], [ 81.787719613008719, 7.604115699945607 ], [ 81.788573310319762, 7.608170762173079 ], [ 81.788359885992008, 7.612652673056073 ], [ 81.788359885992008, 7.615213764989212 ], [ 81.784731672420051, 7.616921159611305 ], [ 81.784731672420051, 7.618628554233398 ], [ 81.786012218386631, 7.621616494822061 ], [ 81.787079340025429, 7.622043343477584 ], [ 81.788573310319762, 7.623964162427439 ], [ 81.791134402252908, 7.626311830032817 ], [ 81.794335767169329, 7.623964162427439 ], [ 81.797963980741272, 7.620549373183253 ], [ 81.802232467296506, 7.620762797511015 ], [ 81.806714378179507, 7.615854037972497 ], [ 81.805647256540695, 7.613292946039357 ], [ 81.806927802507261, 7.606676791878747 ], [ 81.807354651162782, 7.604969397256654 ], [ 81.809488894440406, 7.601554608012468 ], [ 81.81034259175145, 7.598993516079329 ], [ 81.810129167423682, 7.59664584847395 ], [ 81.812049986373538, 7.592377361918718 ], [ 81.813330532340117, 7.590456542968863 ], [ 81.814824502634451, 7.587041753724677 ], [ 81.819519837845206, 7.578077931958688 ], [ 81.819946686500728, 7.572528899436887 ], [ 81.822721202761628, 7.56377850199866 ], [ 81.822507778433859, 7.559083166787904 ], [ 81.821654081122816, 7.552680436955055 ], [ 81.822507778433859, 7.546917980105492 ], [ 81.825709143350281, 7.537313885356218 ], [ 81.827843386627904, 7.534752793423078 ], [ 81.824428597383715, 7.527496366279183 ], [ 81.824215173055961, 7.523654728379474 ], [ 81.818879564861916, 7.521307060774096 ], [ 81.817172170239829, 7.521307060774096 ], [ 81.815891624273249, 7.523227879723951 ] ] ], [ [ [ 81.786865915697675, 7.631007165243575 ], [ 81.786894645895643, 7.63126573702528 ], [ 81.787079340025429, 7.631007165243575 ], [ 81.786865915697675, 7.631007165243575 ] ] ], [ [ [ 81.786894645895643, 7.63126573702528 ], [ 81.786012218386631, 7.632501135537907 ], [ 81.784518248092297, 7.634635378815522 ], [ 81.782810853470195, 7.636556197765377 ], [ 81.780463185864818, 7.636769622093139 ], [ 81.779182639898252, 7.638690441042994 ], [ 81.777261820948397, 7.641038108648371 ], [ 81.775341001998541, 7.644239473564796 ], [ 81.773633607376453, 7.648081111464506 ], [ 81.771285939771076, 7.649575081758837 ], [ 81.766377180232553, 7.651495900708691 ], [ 81.765523482921509, 7.652989871003022 ], [ 81.765310058593741, 7.655977811591685 ], [ 81.763389239643899, 7.659606025163633 ], [ 81.761468420694044, 7.662167117096772 ], [ 81.760828147710754, 7.663874511718865 ], [ 81.760614723382986, 7.666435603652005 ], [ 81.756986509811043, 7.668356422601859 ], [ 81.756559661155521, 7.668996695585145 ], [ 81.754852266533433, 7.671557787518284 ], [ 81.754852266533433, 7.671771211846046 ], [ 81.752291174600288, 7.677960517351133 ], [ 81.751864325944766, 7.677960517351133 ], [ 81.750797204305954, 7.67881421466218 ], [ 81.749089809683866, 7.680308184956511 ], [ 81.748449536700576, 7.68286927688965 ], [ 81.749730082667142, 7.68414982285622 ], [ 81.750156931322678, 7.684576671511744 ], [ 81.749730082667142, 7.686497490461598 ], [ 81.751010628633722, 7.688845158066976 ], [ 81.75207775027252, 7.686284066133837 ], [ 81.752504598928056, 7.684790095839505 ], [ 81.757199934138811, 7.681588730923081 ], [ 81.756559661155521, 7.678600790334418 ], [ 81.758907328760898, 7.673905455123662 ], [ 81.761895269349566, 7.671344363190522 ], [ 81.764029512627175, 7.670277241551714 ], [ 81.766163755904799, 7.66707587663529 ], [ 81.767230877543597, 7.663874511718865 ], [ 81.767657726199118, 7.661313419785726 ], [ 81.770432242460032, 7.659179176508109 ], [ 81.772566485737642, 7.657471781886017 ], [ 81.773847031704207, 7.655977811591685 ], [ 81.774914153343019, 7.653843568314069 ], [ 81.786225642714385, 7.647654262808982 ], [ 81.787079340025429, 7.644879746548081 ], [ 81.786652491369907, 7.641678381631657 ], [ 81.786865915697675, 7.638690441042994 ], [ 81.78814646166424, 7.635275651798808 ], [ 81.78750618868095, 7.633354832848953 ], [ 81.787079340025429, 7.632927984193429 ], [ 81.786894645895643, 7.63126573702528 ] ] ], [ [ [ 81.714641815, 7.732093245 ], [ 81.714008457388346, 7.731716246101886 ], [ 81.713272943467231, 7.732776251458789 ], [ 81.711741620064828, 7.735367721832083 ], [ 81.711926053, 7.735388333 ], [ 81.712081617, 7.735323896 ], [ 81.712351112, 7.735054402 ], [ 81.712499014, 7.734753147 ], [ 81.712890101, 7.734560328 ], [ 81.712954537, 7.734265439 ], [ 81.713518921, 7.734111171 ], [ 81.713673189, 7.73382086 ], [ 81.713425126, 7.733439076 ], [ 81.714192658, 7.733123024 ], [ 81.714551984, 7.732808613 ], [ 81.714751168, 7.732473387 ], [ 81.714751168, 7.732293724 ], [ 81.714641815, 7.732093245 ] ] ], [ [ [ 81.708892598, 7.741567187 ], [ 81.709046866, 7.741276877 ], [ 81.709046866, 7.741070902 ], [ 81.70915279, 7.740762557 ], [ 81.709701081, 7.740129883 ], [ 81.709765518, 7.73997432 ], [ 81.709720602, 7.739818285 ], [ 81.710015492, 7.739680725 ], [ 81.710117831, 7.739560697 ], [ 81.710644312, 7.739411231 ], [ 81.710708749, 7.739255667 ], [ 81.710708749, 7.738896341 ], [ 81.710644312, 7.738740778 ], [ 81.71050568, 7.738683354 ], [ 81.710529086, 7.738613266 ], [ 81.710618917, 7.738397689 ], [ 81.710823976, 7.738333252 ], [ 81.710888412, 7.738177689 ], [ 81.71085185, 7.73799959 ], [ 81.711183302, 7.737794263 ], [ 81.71133757, 7.737459037 ], [ 81.711247738, 7.737203123 ], [ 81.711247738, 7.736870553 ], [ 81.711722291, 7.736716285 ], [ 81.711786727, 7.736560721 ], [ 81.711786727, 7.735752238 ], [ 81.711722291, 7.735596674 ], [ 81.711644311506902, 7.735532397853191 ], [ 81.710148207240564, 7.738064266611602 ], [ 81.706903288851336, 7.743352281764415 ], [ 81.70486019208775, 7.746477017991077 ], [ 81.704793240941399, 7.746570749595968 ], [ 81.704789026, 7.746711684 ], [ 81.704853462, 7.746867248 ], [ 81.705098857, 7.746931684 ], [ 81.705254421, 7.746867248 ], [ 81.705318857, 7.746698104 ], [ 81.705523915, 7.746597753 ], [ 81.705581339, 7.74645912 ], [ 81.705727678, 7.746482526 ], [ 81.706242568, 7.746238427 ], [ 81.706486667, 7.7459032 ], [ 81.706483507, 7.745615023 ], [ 81.706715825, 7.745674043 ], [ 81.706871388, 7.745609606 ], [ 81.706935825, 7.745314717 ], [ 81.707140883, 7.74525028 ], [ 81.707384982, 7.744631978 ], [ 81.707679872, 7.744531628 ], [ 81.707769704, 7.744441796 ], [ 81.70783414, 7.744286233 ], [ 81.707776429, 7.744057075 ], [ 81.707949367, 7.743992639 ], [ 81.708103635, 7.743657412 ], [ 81.708101738, 7.743203676 ], [ 81.708263777, 7.743139239 ], [ 81.708507876, 7.742804013 ], [ 81.708507876, 7.742354855 ], [ 81.708308693, 7.741974713 ], [ 81.708080228, 7.741827458 ], [ 81.708103635, 7.74175737 ], [ 81.708422624, 7.741766371 ], [ 81.708892598, 7.741567187 ] ] ], [ [ [ 81.702808153, 7.749357135 ], [ 81.703188296, 7.749157952 ], [ 81.703297648, 7.748764229 ], [ 81.703416728, 7.748591055 ], [ 81.703695525, 7.748272792 ], [ 81.703906948, 7.748169805 ], [ 81.703971384, 7.748009662 ], [ 81.704221358, 7.747855394 ], [ 81.70433071, 7.747475252 ], [ 81.704264396091872, 7.747311132385298 ], [ 81.702802965652793, 7.749357135 ], [ 81.702808153, 7.749357135 ] ] ], [ [ [ 81.702569065463535, 7.749684595264965 ], [ 81.702509674925921, 7.749767742017629 ], [ 81.702559475, 7.749741856 ], [ 81.702569065463535, 7.749684595264965 ] ] ], [ [ [ 81.704041695, 7.74974514 ], [ 81.703661553, 7.749680703 ], [ 81.703326326, 7.749879887 ], [ 81.70326189, 7.750170198 ], [ 81.703416158, 7.750460509 ], [ 81.703751384, 7.750524945 ], [ 81.704041695, 7.750415593 ], [ 81.704151047, 7.750215114 ], [ 81.704151047, 7.749990535 ], [ 81.704041695, 7.74974514 ] ] ], [ [ [ 81.700102263, 7.753438105 ], [ 81.700628097, 7.75320037 ], [ 81.701077255, 7.752751213 ], [ 81.701141691, 7.752574362 ], [ 81.701301834, 7.752481718 ], [ 81.701635765, 7.751787166 ], [ 81.701725596, 7.751369343 ], [ 81.70228998, 7.750999498 ], [ 81.702489164, 7.750664271 ], [ 81.702489164, 7.750349861 ], [ 81.702334896, 7.75005955 ], [ 81.702308924542507, 7.750048792554415 ], [ 81.701855638023645, 7.750683393680815 ], [ 81.698730901796992, 7.754048494232604 ], [ 81.693442886644178, 7.758615416410034 ], [ 81.692184693029233, 7.759533557696617 ], [ 81.694099074, 7.758372409 ], [ 81.694054158, 7.758928772 ], [ 81.694253342, 7.759263998 ], [ 81.694408905, 7.759328435 ], [ 81.6946784, 7.759328435 ], [ 81.694833963, 7.759263998 ], [ 81.694886586, 7.759136958 ], [ 81.695049318, 7.759054139 ], [ 81.695241489, 7.75935383 ], [ 81.695397052, 7.759418267 ], [ 81.695642447, 7.75935383 ], [ 81.695796715, 7.758928772 ], [ 81.695732279, 7.758773208 ], [ 81.695605238, 7.758720586 ], [ 81.695527221, 7.758583026 ], [ 81.695519694, 7.758102119 ], [ 81.695911942, 7.757826694 ], [ 81.696050542, 7.757484377 ], [ 81.696585678, 7.756973295 ], [ 81.696935702, 7.756438158 ], [ 81.697169583, 7.756299558 ], [ 81.697465389, 7.755652133 ], [ 81.698202646, 7.755311411 ], [ 81.698741635, 7.754862254 ], [ 81.698985734, 7.75439228 ], [ 81.699024285, 7.754111841 ], [ 81.699819613, 7.753874107 ], [ 81.700102263, 7.753438105 ] ] ], [ [ [ 81.686078673, 7.766270858 ], [ 81.686234236, 7.766335294 ], [ 81.686683394, 7.766335294 ], [ 81.687031128, 7.76615083 ], [ 81.687222383, 7.766155631 ], [ 81.687581709, 7.76602859 ], [ 81.687761372, 7.7660658 ], [ 81.687916936, 7.766001363 ], [ 81.688017286, 7.765796305 ], [ 81.68821053, 7.765796305 ], [ 81.688468433, 7.76561184 ], [ 81.68872542, 7.765552206 ], [ 81.688789856, 7.765330439 ], [ 81.688905082, 7.765282711 ], [ 81.688969519, 7.765113567 ], [ 81.689084746, 7.765013216 ], [ 81.689227199, 7.764616681 ], [ 81.68935424, 7.764564059 ], [ 81.689454591, 7.764269169 ], [ 81.68966865, 7.764204733 ], [ 81.68974269, 7.764089506 ], [ 81.689983061, 7.76402507 ], [ 81.690047497, 7.763852132 ], [ 81.690276655, 7.763999674 ], [ 81.690611882, 7.763935238 ], [ 81.690676318, 7.763689843 ], [ 81.690598616, 7.763528785 ], [ 81.690701713, 7.76348608 ], [ 81.690749442, 7.763370854 ], [ 81.691016124, 7.763306417 ], [ 81.69108056, 7.763146275 ], [ 81.691510197, 7.763036923 ], [ 81.691574633, 7.762881359 ], [ 81.691574633, 7.762365999 ], [ 81.69168986, 7.76231827 ], [ 81.691799212, 7.76202796 ], [ 81.69168986, 7.761782565 ], [ 81.69103742, 7.761009214 ], [ 81.6917397466609, 7.759858248289722 ], [ 81.688996146629307, 7.76186033479926 ], [ 81.686231956890339, 7.763062156424899 ], [ 81.681064123900086, 7.764263978050539 ], [ 81.67876821485666, 7.764574236029381 ], [ 81.679047714, 7.764628495 ], [ 81.67940704, 7.764501454 ], [ 81.679676535, 7.764628495 ], [ 81.679990945, 7.764572681 ], [ 81.680215524, 7.764628495 ], [ 81.680381606, 7.764538664 ], [ 81.680766105, 7.764533862 ], [ 81.680958276, 7.764833553 ], [ 81.681113839, 7.76489799 ], [ 81.681359234, 7.764833553 ], [ 81.68142825, 7.764752344 ], [ 81.681562997, 7.764808158 ], [ 81.681935904, 7.764808158 ], [ 81.682126086, 7.765103048 ], [ 81.682281649, 7.765167484 ], [ 81.682562735, 7.765162683 ], [ 81.682971779, 7.765335333 ], [ 81.683024401, 7.765462374 ], [ 81.683139627, 7.765510102 ], [ 81.683204064, 7.765731869 ], [ 81.683359627, 7.765796305 ], [ 81.683784685, 7.765642037 ], [ 81.683849122, 7.765436979 ], [ 81.684449198, 7.765432178 ], [ 81.684617269, 7.76552681 ], [ 81.685124923, 7.765481895 ], [ 81.685270189, 7.765642037 ], [ 81.68565491, 7.765832219 ], [ 81.685719347, 7.766091195 ], [ 81.686030944, 7.766155631 ], [ 81.686078673, 7.766270858 ] ] ], [ [ [ 81.675544284, 7.765220106 ], [ 81.675723947, 7.765257316 ], [ 81.676161513, 7.76498302 ], [ 81.676577347, 7.764932007 ], [ 81.676801926, 7.764987821 ], [ 81.676995169, 7.76489799 ], [ 81.677251083, 7.764987821 ], [ 81.677406647, 7.764923385 ], [ 81.677454375, 7.764808158 ], [ 81.677879904, 7.76489799 ], [ 81.678484625, 7.76465389 ], [ 81.678525421800103, 7.764607045901887 ], [ 81.67661738388523, 7.764864888863358 ], [ 81.673733011983686, 7.765345617513614 ], [ 81.670968822244717, 7.766307074814125 ], [ 81.663845646696004, 7.771903855602405 ], [ 81.664205265, 7.771696363 ], [ 81.664558527, 7.771545523 ], [ 81.664920064, 7.771481086 ], [ 81.664972687, 7.771354046 ], [ 81.665116736, 7.771260361 ], [ 81.666402285, 7.770537855 ], [ 81.667221287, 7.769928555 ], [ 81.667929421, 7.769594624 ], [ 81.669007399, 7.768875972 ], [ 81.669411641, 7.768516646 ], [ 81.669459369, 7.768401419 ], [ 81.669681136, 7.768336983 ], [ 81.670278196, 7.767676402 ], [ 81.670579451, 7.767528499 ], [ 81.670740509, 7.767375147 ], [ 81.67111844, 7.767214089 ], [ 81.671580753, 7.766823002 ], [ 81.672379934, 7.766306471 ], [ 81.672544231, 7.766230711 ], [ 81.672849338, 7.766335294 ], [ 81.673004902, 7.766270858 ], [ 81.673195084, 7.7660658 ], [ 81.67345406, 7.766001363 ], [ 81.67355441, 7.765886137 ], [ 81.673823905, 7.765796305 ], [ 81.67410698, 7.765796305 ], [ 81.674362894, 7.765616642 ], [ 81.674556138, 7.765616642 ], [ 81.674901883, 7.765436979 ], [ 81.675095127, 7.765436979 ], [ 81.675544284, 7.765220106 ] ] ], [ [ [ 81.663617507, 7.772109907 ], [ 81.663651756115357, 7.772056198201485 ], [ 81.663392394914894, 7.772259982001843 ], [ 81.663617507, 7.772109907 ] ] ], [ [ [ 81.626560866123242, 7.816757268955834 ], [ 81.626562002, 7.816756177 ], [ 81.626563129345016, 7.816753771249462 ], [ 81.626560866123242, 7.816757268955834 ] ] ], [ [ [ 81.613378655, 7.825491723 ], [ 81.613135472, 7.825607866 ], [ 81.613071035, 7.825763429 ], [ 81.613071035, 7.826032924 ], [ 81.613160867, 7.826199006 ], [ 81.613160867, 7.826482081 ], [ 81.613250698, 7.826751576 ], [ 81.613430361, 7.827097322 ], [ 81.613430361, 7.82756006 ], [ 81.613494798, 7.827715623 ], [ 81.613854124, 7.828164781 ], [ 81.614328677, 7.828354963 ], [ 81.614482945, 7.828793602 ], [ 81.614726128, 7.828999576 ], [ 81.614867666, 7.829253278 ], [ 81.614867666, 7.829716016 ], [ 81.614932102, 7.82987158 ], [ 81.615047329, 7.82997193 ], [ 81.615111765, 7.830141074 ], [ 81.615370741, 7.830205511 ], [ 81.615740586, 7.830590232 ], [ 81.615867627, 7.830642854 ], [ 81.616215139, 7.831229572 ], [ 81.616215139, 7.83169231 ], [ 81.61630497, 7.831858392 ], [ 81.61630497, 7.832424543 ], [ 81.616253912, 7.832497018 ], [ 81.61589615, 7.832460457 ], [ 81.615714923, 7.83258685 ], [ 81.615536823, 7.832550288 ], [ 81.61538126, 7.832614725 ], [ 81.615316823, 7.832787662 ], [ 81.615153398, 7.832614725 ], [ 81.614577199, 7.832292608 ], [ 81.614524577, 7.832165567 ], [ 81.614369014, 7.832101131 ], [ 81.614033787, 7.832165567 ], [ 81.61396935, 7.832321131 ], [ 81.61396935, 7.832680457 ], [ 81.614303282, 7.833375009 ], [ 81.614652089, 7.833529278 ], [ 81.614765705, 7.833649999 ], [ 81.614662608, 7.833692703 ], [ 81.614598171, 7.833848267 ], [ 81.614662608, 7.834093662 ], [ 81.614997834, 7.834337761 ], [ 81.615243229, 7.834273325 ], [ 81.615397497, 7.83402793 ], [ 81.615333061, 7.833782535 ], [ 81.615249955, 7.833708941 ], [ 81.615354949, 7.833760647 ], [ 81.615471091, 7.833913999 ], [ 81.615716486, 7.833978435 ], [ 81.61587205, 7.833913999 ], [ 81.615936486, 7.833708941 ], [ 81.616141545, 7.833644504 ], [ 81.616205981, 7.833399109 ], [ 81.616141545, 7.833243546 ], [ 81.615875177, 7.832981601 ], [ 81.616316785, 7.833247968 ], [ 81.616459238, 7.833464841 ], [ 81.616792253, 7.833580984 ], [ 81.616908396, 7.833734336 ], [ 81.617035437, 7.833786958 ], [ 81.61717789, 7.83400383 ], [ 81.617616529, 7.834158098 ], [ 81.617806711, 7.834363156 ], [ 81.617962275, 7.834427593 ], [ 81.618501264, 7.834607256 ], [ 81.619502991, 7.834427593 ], [ 81.62004198, 7.834607256 ], [ 81.620297894, 7.834786919 ], [ 81.620567389, 7.834786919 ], [ 81.620722952, 7.834722482 ], [ 81.620992447, 7.834363156 ], [ 81.621056884, 7.834047765 ], [ 81.621645367, 7.834068267 ], [ 81.62181145, 7.833978435 ], [ 81.622018274, 7.833978435 ], [ 81.622557263, 7.834158098 ], [ 81.622747445, 7.834363156 ], [ 81.622903009, 7.834427593 ], [ 81.623365747, 7.834427593 ], [ 81.623801324, 7.834607256 ], [ 81.624025903, 7.83446161 ], [ 81.624430145, 7.834517424 ], [ 81.624765371, 7.834363156 ], [ 81.624955553, 7.834158098 ], [ 81.62530436, 7.834093662 ], [ 81.625573855, 7.833824167 ], [ 81.625638292, 7.833565192 ], [ 81.625732702, 7.833473463 ], [ 81.625957281, 7.833619109 ], [ 81.626330187, 7.833619109 ], [ 81.626879696, 7.83400383 ], [ 81.627228503, 7.834068267 ], [ 81.627484417, 7.83424793 ], [ 81.6282929, 7.83424793 ], [ 81.628548814, 7.834068267 ], [ 81.628987453, 7.833913999 ], [ 81.629141721, 7.833668604 ], [ 81.629321384, 7.833129614 ], [ 81.629321384, 7.832500794 ], [ 81.628987453, 7.831536746 ], [ 81.628897622, 7.831357084 ], [ 81.628636749, 7.831108405 ], [ 81.628692564, 7.830704163 ], [ 81.628628127, 7.8305486 ], [ 81.628472564, 7.830484163 ], [ 81.628243406, 7.830504664 ], [ 81.628243406, 7.830344837 ], [ 81.628063743, 7.830088923 ], [ 81.627999306, 7.829829948 ], [ 81.62766408, 7.829675679 ], [ 81.627345091, 7.829639765 ], [ 81.627345091, 7.829087196 ], [ 81.627255259, 7.828921113 ], [ 81.627345091, 7.82872787 ], [ 81.627345091, 7.828548206 ], [ 81.627280654, 7.828392643 ], [ 81.626985764, 7.828202461 ], [ 81.626921328, 7.827943485 ], [ 81.626765764, 7.827879049 ], [ 81.626430067, 7.827879049 ], [ 81.626023013, 7.827135002 ], [ 81.625728123, 7.82690761 ], [ 81.625728123, 7.826751576 ], [ 81.62560173, 7.826483645 ], [ 81.62584335, 7.82636815 ], [ 81.625997618, 7.826122755 ], [ 81.625979013, 7.825628682 ], [ 81.626177281, 7.825044777 ], [ 81.626177281, 7.824222713 ], [ 81.626356944, 7.823876967 ], [ 81.626267112, 7.823621053 ], [ 81.626267112, 7.823337978 ], [ 81.626112844, 7.823002751 ], [ 81.625957281, 7.822938315 ], [ 81.62532846, 7.822938315 ], [ 81.625172896, 7.823002751 ], [ 81.62510846, 7.823158315 ], [ 81.625162378, 7.823656967 ], [ 81.624879302, 7.823567136 ], [ 81.624794984055043, 7.823567136 ], [ 81.624794201591214, 7.823041316803397 ], [ 81.624522098216289, 7.823041719699657 ], [ 81.624520483033891, 7.821956307237854 ], [ 81.624470482, 7.821956381191049 ], [ 81.624470482, 7.821851179 ], [ 81.62467554, 7.821786742 ], [ 81.624829808, 7.821361684 ], [ 81.624829808, 7.821123525 ], [ 81.625153821, 7.820324043 ], [ 81.625394192, 7.820259606 ], [ 81.625458628, 7.820104043 ], [ 81.625368797, 7.81968622 ], [ 81.62554846, 7.819295559 ], [ 81.625587927, 7.818878162 ], [ 81.625728123, 7.818666738 ], [ 81.625638292, 7.818383663 ], [ 81.625753518, 7.818283313 ], [ 81.625997618, 7.817678592 ], [ 81.625996388989009, 7.817629642708735 ], [ 81.625299600470427, 7.818706497691998 ], [ 81.623202278504067, 7.821686902591546 ], [ 81.623016139381704, 7.821951416081224 ], [ 81.620852860455557, 7.82856143502224 ], [ 81.619891403155052, 7.829042163672496 ], [ 81.615925391790441, 7.827720159884293 ], [ 81.613762112864279, 7.825436698795579 ], [ 81.61345017809154, 7.825280731409205 ], [ 81.613378655, 7.825491723 ] ], [ [ 81.624269086, 7.825621131 ], [ 81.624290819, 7.825314272 ], [ 81.624226382, 7.825158708 ], [ 81.624021324, 7.825094272 ], [ 81.623956888, 7.824889213 ], [ 81.623713704, 7.824773071 ], [ 81.6236118163512, 7.8246711833512 ], [ 81.624524520090574, 7.824669834345427 ], [ 81.624524156031612, 7.824425185103993 ], [ 81.624633907, 7.82457152 ], [ 81.624966922, 7.824777494 ], [ 81.625018628, 7.824851533 ], [ 81.625018628, 7.825148189 ], [ 81.62481357, 7.82524854 ], [ 81.624623388, 7.825453598 ], [ 81.624364413, 7.825518034 ], [ 81.624269086, 7.825621131 ] ], [ [ 81.614752439, 7.826996971 ], [ 81.615015208, 7.827070565 ], [ 81.614804591, 7.827070565 ], [ 81.61464072, 7.826929028 ], [ 81.614589014, 7.826824034 ], [ 81.614699817, 7.82686993 ], [ 81.614752439, 7.826996971 ] ], [ [ 81.623447804972272, 7.83254067121507 ], [ 81.623448208767854, 7.832812023656031 ], [ 81.623604875678183, 7.832811791558248 ], [ 81.623352166, 7.832856992 ], [ 81.623248754, 7.832819783 ], [ 81.623392503, 7.832590625 ], [ 81.623379412629191, 7.832540772253926 ], [ 81.623447804972272, 7.83254067121507 ] ] ], [ [ [ 81.579041123, 7.915529226 ], [ 81.57888556, 7.915464789 ], [ 81.578640165, 7.915529226 ], [ 81.578575728, 7.915684789 ], [ 81.578640165, 7.915930184 ], [ 81.578795728, 7.915994621 ], [ 81.579041123, 7.915930184 ], [ 81.57910556, 7.915774621 ], [ 81.579041123, 7.915529226 ] ] ], [ [ [ 81.584071689, 7.926081147 ], [ 81.584136125, 7.925925583 ], [ 81.584136125, 7.925476426 ], [ 81.584071689, 7.925320862 ], [ 81.583826294, 7.925256426 ], [ 81.583580899, 7.925410694 ], [ 81.583516462, 7.925566257 ], [ 81.583516462, 7.925925583 ], [ 81.583580899, 7.926081147 ], [ 81.583736462, 7.926145583 ], [ 81.584071689, 7.926081147 ] ] ], [ [ [ 81.56777055, 7.933765026 ], [ 81.567706113, 7.933920589 ], [ 81.567706113, 7.934369747 ], [ 81.56777055, 7.93452531 ], [ 81.568015945, 7.934679579 ], [ 81.568334934, 7.934621868 ], [ 81.568429567, 7.934807313 ], [ 81.568489202, 7.9350643 ], [ 81.568644766, 7.935128736 ], [ 81.568890161, 7.9350643 ], [ 81.568954597, 7.934818905 ], [ 81.568859964, 7.934650833 ], [ 81.568864766, 7.934190084 ], [ 81.568800329, 7.93403452 ], [ 81.568554934, 7.933970084 ], [ 81.568393876, 7.934047786 ], [ 81.56826134, 7.933765026 ], [ 81.568105776, 7.933700589 ], [ 81.56777055, 7.933765026 ] ] ], [ [ [ 81.568029525, 7.935946378 ], [ 81.567680718, 7.936010814 ], [ 81.567616282, 7.936166378 ], [ 81.567624969, 7.936456844 ], [ 81.567297293, 7.936395535 ], [ 81.567141729, 7.936459972 ], [ 81.567077293, 7.936615535 ], [ 81.567141729, 7.936950762 ], [ 81.567297293, 7.937015198 ], [ 81.567632519, 7.936950762 ], [ 81.567688269, 7.936594563 ], [ 81.56777055, 7.936771099 ], [ 81.568065439, 7.93688503 ], [ 81.568129876, 7.937040593 ], [ 81.568465103, 7.93710503 ], [ 81.568710498, 7.936950762 ], [ 81.568774934, 7.936795198 ], [ 81.568774934, 7.936166378 ], [ 81.568710498, 7.936010814 ], [ 81.568375271, 7.935766714 ], [ 81.568129876, 7.935831151 ], [ 81.568029525, 7.935946378 ] ] ], [ [ [ 81.569224092, 7.939579976 ], [ 81.569159655, 7.939244749 ], [ 81.56891426, 7.939090481 ], [ 81.568668865, 7.939154918 ], [ 81.568604429, 7.939310481 ], [ 81.568604429, 7.939579976 ], [ 81.568668865, 7.939735539 ], [ 81.568771962, 7.939778243 ], [ 81.568604429, 7.940029133 ], [ 81.568604429, 7.940388459 ], [ 81.568758697, 7.940723686 ], [ 81.569093923, 7.940788122 ], [ 81.569249487, 7.940723686 ], [ 81.569313923, 7.940568122 ], [ 81.569313923, 7.939939302 ], [ 81.569249487, 7.939783738 ], [ 81.569146389, 7.939741034 ], [ 81.569224092, 7.939579976 ] ] ], [ [ [ 81.559278187, 7.977602812 ], [ 81.559122624, 7.977538375 ], [ 81.558673466, 7.977538375 ], [ 81.558507383, 7.977628207 ], [ 81.558134477, 7.977628207 ], [ 81.557978913, 7.977692643 ], [ 81.557914477, 7.977938038 ], [ 81.558068745, 7.978183433 ], [ 81.558493803, 7.978337701 ], [ 81.558763297, 7.978337701 ], [ 81.558918861, 7.978273265 ], [ 81.559035004, 7.978119913 ], [ 81.559278187, 7.97800377 ], [ 81.559342624, 7.977848207 ], [ 81.559278187, 7.977602812 ] ] ], [ [ [ 81.579390014370986, 7.923745707772873 ], [ 81.577887737338941, 7.924767256154666 ], [ 81.577317723623139, 7.925389089299175 ], [ 81.577317723623139, 7.925389089299177 ], [ 81.577298785653454, 7.925409748902468 ], [ 81.577226735444839, 7.92548834913005 ], [ 81.576986371119702, 7.926630079674407 ], [ 81.576145095981758, 7.927110808324663 ], [ 81.575303820843814, 7.927291081568509 ], [ 81.573561179486632, 7.927891992381328 ], [ 81.571938720292025, 7.927891992381328 ], [ 81.56953507704074, 7.927591536974918 ], [ 81.568573619740235, 7.926449806430561 ], [ 81.568064810108424, 7.926068199206705 ], [ 81.568064810108424, 7.926068199206707 ], [ 81.567612162439715, 7.925728713455178 ], [ 81.566230067570231, 7.926389715349279 ], [ 81.564006697562803, 7.928432812112866 ], [ 81.562985149181003, 7.930175453470043 ], [ 81.5626846937746, 7.931136910770554 ], [ 81.561783327555375, 7.931918094827219 ], [ 81.561422781067677, 7.932458914558757 ], [ 81.561375721110409, 7.932523622 ], [ 81.561007492206087, 7.933029936743432 ], [ 81.560942052417417, 7.933119916452859 ], [ 81.560821870254856, 7.933420371859269 ], [ 81.561234333051516, 7.934657760249248 ], [ 81.561242507823835, 7.934682284566191 ], [ 81.561272287258106, 7.934768314042966 ], [ 81.561296059406303, 7.93483698913777 ], [ 81.561327905705426, 7.934928989557464 ], [ 81.561783327555375, 7.936244652679521 ], [ 81.561888218779458, 7.937346010532416 ], [ 81.561894323, 7.937358209 ], [ 81.561890877102186, 7.937373922921058 ], [ 81.561903509717936, 7.937506565386443 ], [ 81.561351854541002, 7.938999279394614 ], [ 81.56127829861471, 7.939198313077527 ], [ 81.561251521282429, 7.939270769388407 ], [ 81.560881961336136, 7.940270755125413 ], [ 81.559611143641177, 7.941443817613069 ], [ 81.55931959322281, 7.94171294107618 ], [ 81.558832407844676, 7.94196744090058 ], [ 81.558658927164302, 7.942058065136599 ], [ 81.557744439803713, 7.942535782414513 ], [ 81.557245022672817, 7.942796671960508 ], [ 81.557195824, 7.942953237 ], [ 81.556868154039464, 7.942993543634644 ], [ 81.555293490776918, 7.943816128921049 ], [ 81.554091669151276, 7.944176675408741 ], [ 81.551688025899992, 7.944236766490023 ], [ 81.550005475624104, 7.945017950546688 ], [ 81.548202743185641, 7.946640409741302 ], [ 81.544957824796413, 7.952288971381805 ], [ 81.544056458577188, 7.954151794901547 ], [ 81.543515638845648, 7.956375164908979 ], [ 81.542734454788985, 7.958478352753848 ], [ 81.541893179651026, 7.961302633574101 ], [ 81.542133543976163, 7.964187005475635 ], [ 81.542226780238352, 7.964373478 ], [ 81.543275274520511, 7.966470466564349 ], [ 81.542734454788985, 7.969114474140756 ], [ 81.542554181545128, 7.971097479823061 ], [ 81.542554181545128, 7.973140576586648 ], [ 81.542794545870265, 7.974582762537414 ], [ 81.542794545870265, 7.976325403894592 ], [ 81.544176640739749, 7.978789138227152 ], [ 81.546099555340774, 7.980411597421766 ], [ 81.54814265210436, 7.981613419047405 ], [ 81.551267388331013, 7.983956971217402 ], [ 81.552228845631532, 7.985278975005604 ], [ 81.553447502307748, 7.985743225167973 ], [ 81.553490758338455, 7.985759703655861 ], [ 81.553490758338455, 7.986225555272865 ], [ 81.553490758338455, 7.987039617799605 ], [ 81.553490758338455, 7.987141798525346 ], [ 81.553680526457796, 7.987853428972857 ], [ 81.553722770584557, 7.988011844448224 ], [ 81.554211851313838, 7.989845897183034 ], [ 81.552639177123339, 7.991924073791907 ], [ 81.552529301037936, 7.992069267190467 ], [ 81.551996715186107, 7.992468706579337 ], [ 81.551945332857414, 7.992507243325853 ], [ 81.551823432137951, 7.992598668865459 ], [ 81.551634264205063, 7.992740544815117 ], [ 81.549885293461529, 7.994052272872771 ], [ 81.548683471835901, 7.994412819360464 ], [ 81.547722014535381, 7.994653183685591 ], [ 81.546520192909739, 7.994713274766873 ], [ 81.546231129599533, 7.99464720315311 ], [ 81.545837255055375, 7.994557174685876 ], [ 81.544417005064872, 7.994232546116617 ], [ 81.54369591208949, 7.99309081557226 ], [ 81.543455547764367, 7.991768811784056 ], [ 81.542494090463848, 7.990266534752007 ], [ 81.54081154018796, 7.989365168532778 ], [ 81.539669809643598, 7.988463802313548 ], [ 81.538888625586935, 7.987562436094319 ], [ 81.538511340809151, 7.987059389723937 ], [ 81.537806986123854, 7.986120250143552 ], [ 81.536304709091809, 7.985278975005604 ], [ 81.533840974759244, 7.984678064192785 ], [ 81.531677695833096, 7.985038610680476 ], [ 81.52963459906951, 7.985519339330732 ], [ 81.528312595281307, 7.985339066086887 ], [ 81.527110773655664, 7.986300523387398 ], [ 81.52620940743644, 7.987322071769191 ], [ 81.524526857160538, 7.988764257719959 ], [ 81.522904397965931, 7.989845897183034 ], [ 81.522063122827987, 7.990566990158418 ], [ 81.521161756608748, 7.991167900971237 ], [ 81.520861301202345, 7.991708720702775 ], [ 81.520200299308243, 7.992910542328414 ], [ 81.519804921678613, 7.993595863553111 ], [ 81.519298933089019, 7.994472910441745 ], [ 81.51839756686978, 7.995794914229949 ], [ 81.516835592444636, 7.996419704 ], [ 81.516294379024899, 7.996636189367895 ], [ 81.515895963761807, 7.996818796363478 ], [ 81.515895963761807, 7.996818796363479 ], [ 81.51581230742201, 7.996857138852552 ], [ 81.515771684885095, 7.996875757515305 ], [ 81.513410007123369, 7.997958193156099 ], [ 81.512749005229267, 7.997177009099433 ], [ 81.511541159278877, 7.997413326785377 ], [ 81.511541159278877, 7.997413326785379 ], [ 81.509984815490299, 7.997717828830971 ], [ 81.508001809807993, 7.998559103968918 ], [ 81.504937164662607, 8.001022838301479 ], [ 81.50283397681774, 8.002945752902502 ], [ 81.500850971135435, 8.004628303178396 ], [ 81.499168420859547, 8.005709942641472 ], [ 81.496945050852105, 8.007332401836086 ], [ 81.495923502470319, 8.008293859136597 ], [ 81.494541407600835, 8.010397046981465 ], [ 81.49309922165007, 8.012620416988899 ], [ 81.486489202709038, 8.020973077287092 ], [ 81.484025468376473, 8.025600090545804 ], [ 81.482042462694167, 8.029385828666568 ], [ 81.480179639174423, 8.031849562999128 ], [ 81.478256724573399, 8.033472022193742 ], [ 81.477235176191613, 8.035455027876045 ], [ 81.476393901053655, 8.036957304908094 ], [ 81.475312261590588, 8.038880219509117 ], [ 81.471921135024161, 8.048287860951518 ], [ 81.472075872, 8.048316462 ], [ 81.472321268, 8.04820711 ], [ 81.472562855, 8.047833032 ], [ 81.472680594, 8.047757952 ], [ 81.472969609, 8.047063399 ], [ 81.472918328, 8.046693129 ], [ 81.473129751, 8.046545226 ], [ 81.473232738, 8.046199056 ], [ 81.473489077, 8.046096069 ], [ 81.473713656, 8.045916406 ], [ 81.47391284, 8.045425145 ], [ 81.474028067, 8.045377416 ], [ 81.474092503, 8.045082527 ], [ 81.474297561, 8.04501809 ], [ 81.47434529, 8.044902864 ], [ 81.474680987, 8.044902864 ], [ 81.47483655, 8.044838427 ], [ 81.474926382, 8.044658764 ], [ 81.474990818, 8.044503201 ], [ 81.474935004, 8.044098959 ], [ 81.474990818, 8.043964212 ], [ 81.474990818, 8.043591305 ], [ 81.47508065, 8.043335391 ], [ 81.475016213, 8.043179828 ], [ 81.474721324, 8.043079477 ], [ 81.474670959, 8.042648499 ], [ 81.474721324, 8.042243832 ], [ 81.47483655, 8.042143482 ], [ 81.475276406, 8.041114272 ], [ 81.475520806, 8.040725698 ], [ 81.475869613, 8.040661261 ], [ 81.476094192, 8.040526514 ], [ 81.476273855, 8.040301935 ], [ 81.476428123, 8.039966709 ], [ 81.476428123, 8.039728549 ], [ 81.476605889, 8.039153646 ], [ 81.476812844, 8.03908921 ], [ 81.476967112, 8.038740402 ], [ 81.477262002, 8.038640052 ], [ 81.477326438, 8.038434994 ], [ 81.477531496, 8.038370557 ], [ 81.477631847, 8.038255331 ], [ 81.477890822, 8.038190894 ], [ 81.477938551, 8.038075668 ], [ 81.478160317, 8.038011231 ], [ 81.478224753, 8.037765836 ], [ 81.478134922, 8.037599754 ], [ 81.478134922, 8.03739293 ], [ 81.478250148, 8.037292579 ], [ 81.478314585, 8.037087521 ], [ 81.478519643, 8.037023084 ], [ 81.47858408, 8.036867521 ], [ 81.47858408, 8.036598026 ], [ 81.478519643, 8.036442463 ], [ 81.478253276, 8.036386713 ], [ 81.478404416, 8.035969206 ], [ 81.478404416, 8.035461552 ], [ 81.478545954, 8.03498327 ], [ 81.478789138, 8.034867128 ], [ 81.478853574, 8.034711564 ], [ 81.478853574, 8.034282242 ], [ 81.479172563, 8.034302744 ], [ 81.479328127, 8.034238307 ], [ 81.479482395, 8.033709837 ], [ 81.480046779, 8.033339992 ], [ 81.480111216, 8.033184428 ], [ 81.480111216, 8.032856437 ], [ 81.480406105, 8.03262134 ], [ 81.480582396, 8.032206634 ], [ 81.480789531, 8.032236618 ], [ 81.480945094, 8.032172182 ], [ 81.481099362, 8.031836955 ], [ 81.481075956, 8.031690616 ], [ 81.481214589, 8.031633193 ], [ 81.481274224, 8.031376206 ], [ 81.481458688, 8.031118303 ], [ 81.481458688, 8.030962269 ], [ 81.481598014, 8.030978977 ], [ 81.48184341, 8.030824709 ], [ 81.481907846, 8.030669145 ], [ 81.481872533, 8.030439988 ], [ 81.482125412, 8.030345355 ], [ 81.482316667, 8.030350156 ], [ 81.48247223, 8.03028572 ], [ 81.482519959, 8.030170493 ], [ 81.482831556, 8.030106057 ], [ 81.482891191, 8.02984907 ], [ 81.483075656, 8.029501336 ], [ 81.483019842, 8.029276757 ], [ 81.483075656, 8.02914201 ], [ 81.483040658, 8.028788022 ], [ 81.483304814, 8.02882302 ], [ 81.483460377, 8.028758584 ], [ 81.483520012, 8.028501597 ], [ 81.4835859, 8.028458893 ], [ 81.483688239, 8.028758584 ], [ 81.483933634, 8.02882302 ], [ 81.484089198, 8.028758584 ], [ 81.484243466, 8.028373863 ], [ 81.484562455, 8.028373863 ], [ 81.484718018, 8.028309426 ], [ 81.484782455, 8.028153863 ], [ 81.484782455, 8.027614874 ], [ 81.484718018, 8.02745931 ], [ 81.484570005, 8.027345379 ], [ 81.484680809, 8.027194238 ], [ 81.48480785, 8.027141616 ], [ 81.484962118, 8.02680639 ], [ 81.484867485, 8.026525303 ], [ 81.485231613, 8.025908074 ], [ 81.485095917, 8.025527854 ], [ 81.485318284, 8.025350403 ], [ 81.48546077, 8.025409422 ], [ 81.48563887, 8.02537286 ], [ 81.485999759, 8.025589085 ], [ 81.486245154, 8.025524649 ], [ 81.486489254, 8.025099591 ], [ 81.486399422, 8.024803785 ], [ 81.486562377, 8.024511107 ], [ 81.486784144, 8.02444667 ], [ 81.486809807, 8.024384714 ], [ 81.487077738, 8.024421275 ], [ 81.487233301, 8.024356839 ], [ 81.487297738, 8.024111444 ], [ 81.487118075, 8.02385553 ], [ 81.487118075, 8.023482623 ], [ 81.487053638, 8.02332706 ], [ 81.486926597, 8.023274438 ], [ 81.486877103, 8.023154947 ], [ 81.487257401, 8.023163634 ], [ 81.487412964, 8.023099198 ], [ 81.487477401, 8.022943634 ], [ 81.487472599, 8.022393053 ], [ 81.487640356, 8.021995824 ], [ 81.487862122, 8.021931388 ], [ 81.488089513, 8.021636498 ], [ 81.48831128, 8.021572062 ], [ 81.488515042, 8.021419626 ], [ 81.488706297, 8.021452034 ], [ 81.489054031, 8.021636498 ], [ 81.489568921, 8.02148223 ], [ 81.489748584, 8.021302567 ], [ 81.489813021, 8.021080801 ], [ 81.489928247, 8.021033072 ], [ 81.490018079, 8.020898325 ], [ 81.490217262, 8.02033852 ], [ 81.490217262, 8.020132546 ], [ 81.490335694, 8.01990244 ], [ 81.490491336, 8.019929699 ], [ 81.490682591, 8.019835066 ], [ 81.490850662, 8.019929699 ], [ 81.491120156, 8.019929699 ], [ 81.491408256, 8.019794952 ], [ 81.491838809, 8.019794952 ], [ 81.492243051, 8.019694222 ], [ 81.49246763, 8.019750036 ], [ 81.492623193, 8.019685599 ], [ 81.49268763, 8.019530036 ], [ 81.492629919, 8.019121215 ], [ 81.492826956, 8.019121215 ], [ 81.493072351, 8.018966947 ], [ 81.493136787, 8.018721552 ], [ 81.493059085, 8.018560494 ], [ 81.493341845, 8.018338126 ], [ 81.493406282, 8.017932904 ], [ 81.493545608, 8.017953405 ], [ 81.493701171, 8.017888969 ], [ 81.493765608, 8.017683911 ], [ 81.493970666, 8.017619474 ], [ 81.494160848, 8.017324585 ], [ 81.494374908, 8.017260148 ], [ 81.494610006, 8.01705509 ], [ 81.494711854, 8.017018528 ], [ 81.494737517, 8.017080485 ], [ 81.494982912, 8.017144922 ], [ 81.495318139, 8.016990654 ], [ 81.495382575, 8.01683509 ], [ 81.495346014, 8.016567159 ], [ 81.495472407, 8.016385932 ], [ 81.495457655, 8.016170656 ], [ 81.49590975, 8.015426308 ], [ 81.495995159, 8.015643181 ], [ 81.496150722, 8.015707617 ], [ 81.496485949, 8.015643181 ], [ 81.496550385, 8.015487617 ], [ 81.496550385, 8.015204542 ], [ 81.496640217, 8.015024879 ], [ 81.496803172, 8.014809302 ], [ 81.497024938, 8.014744865 ], [ 81.497089374, 8.014523099 ], [ 81.497204601, 8.014475371 ], [ 81.497269037, 8.01415998 ], [ 81.497588027, 8.014270313 ], [ 81.497833422, 8.014205876 ], [ 81.49798769, 8.013960481 ], [ 81.497923253, 8.013715086 ], [ 81.497861296, 8.013689423 ], [ 81.497886044, 8.013629678 ], [ 81.498013085, 8.013577056 ], [ 81.49812858, 8.013425267 ], [ 81.498306679, 8.013461829 ], [ 81.498462242, 8.013397392 ], [ 81.49861651, 8.013048585 ], [ 81.498821568, 8.012948235 ], [ 81.498886005, 8.012792671 ], [ 81.498886005, 8.012253682 ], [ 81.498731737, 8.012008287 ], [ 81.498526679, 8.011943851 ], [ 81.498571595, 8.011804524 ], [ 81.498528455, 8.011520714 ], [ 81.498694528, 8.011294058 ], [ 81.499450389, 8.011151604 ], [ 81.499514826, 8.010996041 ], [ 81.499494324, 8.010856715 ], [ 81.499719884, 8.010792278 ], [ 81.499899547, 8.010612615 ], [ 81.499999897, 8.010317725 ], [ 81.500258873, 8.010253289 ], [ 81.500438536, 8.010163457 ], [ 81.500487305, 8.010064324 ], [ 81.501067357, 8.009804131 ], [ 81.50120981, 8.009497427 ], [ 81.501516514, 8.009354974 ], [ 81.501606346, 8.009265142 ], [ 81.501670782, 8.009043376 ], [ 81.501965672, 8.008905816 ], [ 81.502030108, 8.008660421 ], [ 81.501850445, 8.008140036 ], [ 81.50197818, 8.00770781 ], [ 81.502259266, 8.007712611 ], [ 81.50241483, 8.007648175 ], [ 81.502479266, 8.007443116 ], [ 81.502708424, 8.007443116 ], [ 81.502874506, 8.007353285 ], [ 81.503292329, 8.00733468 ], [ 81.503606739, 8.007443116 ], [ 81.503762302, 8.00737868 ], [ 81.503826739, 8.007153121 ], [ 81.504325391, 8.00708379 ], [ 81.504480955, 8.007019354 ], [ 81.50459645, 8.006867566 ], [ 81.504774549, 8.006904127 ], [ 81.504930112, 8.006839691 ], [ 81.504994549, 8.006684127 ], [ 81.50494262, 8.006360337 ], [ 81.505199607, 8.006300702 ], [ 81.505342061, 8.005993998 ], [ 81.505648765, 8.005851544 ], [ 81.505696493, 8.005736318 ], [ 81.505942359, 8.005826149 ], [ 81.506187754, 8.005761712 ], [ 81.50625219, 8.005412905 ], [ 81.506457248, 8.005312555 ], [ 81.506521685, 8.005090789 ], [ 81.506750842, 8.005197328 ], [ 81.506996238, 8.005132892 ], [ 81.507060674, 8.004911126 ], [ 81.507175901, 8.004863397 ], [ 81.507240337, 8.004707834 ], [ 81.507216931, 8.004471663 ], [ 81.507355564, 8.00441424 ], [ 81.507498017, 8.004197367 ], [ 81.50771489, 8.004054914 ], [ 81.507779326, 8.003795938 ], [ 81.508042456, 8.003439248 ], [ 81.508637305, 8.003400698 ], [ 81.509176294, 8.003183825 ], [ 81.509625451, 8.003310866 ], [ 81.509806678, 8.003184473 ], [ 81.509984778, 8.003221035 ], [ 81.510140341, 8.003156598 ], [ 81.510204778, 8.003001035 ], [ 81.510184276, 8.002592214 ], [ 81.510409836, 8.002527778 ], [ 81.510589499, 8.002348114 ], [ 81.510743767, 8.002012888 ], [ 81.510707205, 8.001834789 ], [ 81.510769162, 8.001809125 ], [ 81.510833598, 8.001583566 ], [ 81.511152587, 8.001604067 ], [ 81.511308151, 8.001539631 ], [ 81.511372587, 8.001244741 ], [ 81.511691577, 8.001207532 ], [ 81.512050903, 8.001334573 ], [ 81.512206466, 8.001270136 ], [ 81.512321961, 8.001028516 ], [ 81.512870978, 8.001060276 ], [ 81.512973318, 8.001180305 ], [ 81.513218712, 8.001244741 ], [ 81.513374276, 8.001180305 ], [ 81.513438712, 8.000975246 ], [ 81.51355441, 8.000975246 ], [ 81.513602138, 8.001090473 ], [ 81.513757702, 8.00115491 ], [ 81.514229317, 8.001108398 ], [ 81.514431438, 8.001199825 ], [ 81.514611101, 8.001199825 ], [ 81.514766665, 8.001135389 ], [ 81.51518069, 8.000752444 ], [ 81.515398769, 8.001000642 ], [ 81.515554332, 8.001065078 ], [ 81.515799727, 8.001000642 ], [ 81.515900078, 8.000795583 ], [ 81.516093321, 8.000795583 ], [ 81.5163179, 8.000687147 ], [ 81.516464239, 8.00070095 ], [ 81.516811974, 8.000885415 ], [ 81.516991637, 8.000885415 ], [ 81.517237032, 8.000731147 ], [ 81.517379485, 8.000424443 ], [ 81.517490289, 8.000378546 ], [ 81.517554726, 8.000551484 ], [ 81.51780012, 8.00061592 ], [ 81.517955684, 8.000551484 ], [ 81.51802012, 8.00038234 ], [ 81.518159447, 8.000309216 ], [ 81.518428941, 8.000436257 ], [ 81.518674414, 8.000408998 ], [ 81.518873075, 8.000481173 ], [ 81.519053987, 8.000666979 ], [ 81.519017425, 8.00093491 ], [ 81.519081861, 8.001090473 ], [ 81.519327256, 8.00115491 ], [ 81.51950692, 8.001032292 ], [ 81.519686583, 8.00115491 ], [ 81.519825909, 8.00115491 ], [ 81.519890345, 8.001359968 ], [ 81.520045909, 8.001424404 ], [ 81.520291304, 8.001359968 ], [ 81.520339032, 8.001244741 ], [ 81.520560798, 8.001180305 ], [ 81.520625235, 8.000975246 ], [ 81.520724224, 8.000954745 ], [ 81.520801926, 8.001185799 ], [ 81.520698829, 8.001228504 ], [ 81.520634392, 8.001384067 ], [ 81.520634392, 8.001703056 ], [ 81.520339503, 8.001857324 ], [ 81.520275066, 8.002102719 ], [ 81.520339503, 8.002258283 ], [ 81.520466544, 8.002310905 ], [ 81.520608997, 8.002527777 ], [ 81.520944224, 8.002682046 ], [ 81.52130355, 8.002682046 ], [ 81.521459114, 8.002617609 ], [ 81.521575256, 8.002284594 ], [ 81.521828959, 8.002143056 ], [ 81.521908742, 8.002143056 ], [ 81.522046302, 8.002348114 ], [ 81.522291697, 8.002412551 ], [ 81.523076081, 8.002168451 ], [ 81.523255744, 8.00207862 ], [ 81.523320181, 8.001923056 ], [ 81.523255744, 8.001677661 ], [ 81.523100181, 8.001613225 ], [ 81.522830686, 8.001613225 ], [ 81.522669628, 8.001690927 ], [ 81.522537092, 8.001408167 ], [ 81.522291697, 8.001253899 ], [ 81.522046302, 8.001318335 ], [ 81.52185612, 8.001523393 ], [ 81.521596674, 8.001523393 ], [ 81.521703213, 8.001294236 ], [ 81.521703213, 8.001114573 ], [ 81.521548945, 8.000869178 ], [ 81.521376008, 8.000795583 ], [ 81.521548945, 8.000731147 ], [ 81.521613382, 8.00038234 ], [ 81.521844103, 8.000130201 ], [ 81.522125614, 8.000166763 ], [ 81.522291697, 8.000256594 ], [ 81.522516276, 8.00020078 ], [ 81.522740854, 8.000346426 ], [ 81.522920518, 8.000346426 ], [ 81.523255744, 8.000102326 ], [ 81.523320181, 7.999790728 ], [ 81.523549338, 7.999807437 ], [ 81.523684086, 7.999751622 ], [ 81.523778496, 7.999790728 ], [ 81.523842932, 8.000102326 ], [ 81.523958159, 8.000202677 ], [ 81.524022596, 8.000371821 ], [ 81.5243293, 8.000604106 ], [ 81.524471753, 8.001000642 ], [ 81.524717148, 8.00115491 ], [ 81.524962543, 8.001090473 ], [ 81.526220185, 7.999832832 ], [ 81.526464284, 7.999317942 ], [ 81.526426159, 7.998960827 ], [ 81.526849005, 7.99857519 ], [ 81.527003273, 7.998239964 ], [ 81.527003273, 7.99804672 ], [ 81.527362599, 7.997521312 ], [ 81.527306785, 7.997206901 ], [ 81.527452431, 7.996982322 ], [ 81.527407515, 7.996739139 ], [ 81.527452431, 7.996519584 ], [ 81.527522551, 7.996419704 ], [ 81.527632094, 7.99626367 ], [ 81.527567658, 7.996018275 ], [ 81.527509476, 7.995994176 ], [ 81.527657489, 7.995880244 ], [ 81.527721926, 7.995724681 ], [ 81.527666111, 7.99541027 ], [ 81.527721926, 7.995185692 ], [ 81.527657489, 7.995030128 ], [ 81.527452431, 7.994839946 ], [ 81.527452431, 7.994646703 ], [ 81.527298163, 7.994311476 ], [ 81.526913442, 7.993994253 ], [ 81.526849005, 7.993772487 ], [ 81.526513779, 7.993618219 ], [ 81.526284621, 7.993618219 ], [ 81.526284621, 7.993478893 ], [ 81.526130353, 7.993143666 ], [ 81.52597479, 7.99307923 ], [ 81.525800465, 7.993114228 ], [ 81.525835464, 7.99298024 ], [ 81.526040522, 7.992915804 ], [ 81.526284621, 7.992580577 ], [ 81.526284621, 7.992400914 ], [ 81.526159792, 7.992046927 ], [ 81.526423947, 7.992081925 ], [ 81.526579511, 7.992017489 ], [ 81.526627239, 7.991902262 ], [ 81.526849005, 7.991837826 ], [ 81.527003273, 7.991502599 ], [ 81.526941964, 7.991174923 ], [ 81.527142599, 7.99118361 ], [ 81.527535897, 7.99090775 ], [ 81.527837152, 7.990849679 ], [ 81.527901589, 7.990514452 ], [ 81.527823886, 7.990353394 ], [ 81.528277085, 7.99035172 ], [ 81.52842434, 7.990580184 ], [ 81.528579904, 7.990644621 ], [ 81.528825299, 7.990580184 ], [ 81.528850962, 7.990518228 ], [ 81.529208725, 7.990554789 ], [ 81.529364288, 7.990490353 ], [ 81.529428725, 7.990244958 ], [ 81.529334092, 7.989963871 ], [ 81.529602022, 7.989515362 ], [ 81.529903277, 7.989367459 ], [ 81.529936679, 7.989286819 ], [ 81.530041308, 7.989592037 ], [ 81.530196871, 7.989656474 ], [ 81.53062193, 7.989502206 ], [ 81.530686366, 7.98924323 ], [ 81.530846508, 7.989097964 ], [ 81.531097398, 7.988630202 ], [ 81.531340582, 7.988514059 ], [ 81.531456724, 7.988360707 ], [ 81.531725571, 7.988182608 ], [ 81.532260785, 7.988360707 ], [ 81.53222266, 7.98862799 ], [ 81.532376928, 7.988963217 ], [ 81.532712154, 7.989117485 ], [ 81.532941312, 7.989100777 ], [ 81.532941312, 7.989539886 ], [ 81.53285148, 7.989705968 ], [ 81.53285148, 7.990258538 ], [ 81.532777886, 7.990179226 ], [ 81.532352828, 7.990024958 ], [ 81.53212367, 7.990082668 ], [ 81.532059234, 7.9898199 ], [ 81.531813839, 7.989665632 ], [ 81.531568444, 7.989730068 ], [ 81.531324344, 7.990065295 ], [ 81.531324344, 7.991143273 ], [ 81.531388781, 7.991298836 ], [ 81.531504007, 7.991346565 ], [ 81.531504007, 7.991592431 ], [ 81.532107433, 7.992915804 ], [ 81.534353221, 7.995161592 ], [ 81.535856258, 7.995854849 ], [ 81.536229164, 7.995854849 ], [ 81.536395247, 7.995944681 ], [ 81.536857985, 7.995944681 ], [ 81.537024068, 7.996034512 ], [ 81.538012214, 7.996034512 ], [ 81.538178297, 7.995944681 ], [ 81.538551204, 7.995944681 ], [ 81.538717286, 7.995854849 ], [ 81.539090193, 7.995854849 ], [ 81.539283436, 7.995765018 ], [ 81.539499013, 7.996070426 ], [ 81.539668013, 7.996419704 ], [ 81.540102439, 7.997317549 ], [ 81.540397329, 7.997597562 ], [ 81.54073126, 7.998305696 ], [ 81.540976655, 7.998370132 ], [ 81.541132218, 7.998305696 ], [ 81.541196655, 7.998150132 ], [ 81.541196655, 7.997970469 ], [ 81.541070262, 7.997789242 ], [ 81.541106823, 7.997361484 ], [ 81.541246149, 7.997381985 ], [ 81.541401713, 7.997317549 ], [ 81.541466149, 7.997161985 ], [ 81.541466149, 7.996519584 ], [ 81.541520173, 7.996419704 ], [ 81.541555981, 7.996353502 ], [ 81.541555981, 7.996173839 ], [ 81.541491544, 7.996018275 ], [ 81.541311881, 7.995928444 ], [ 81.541156318, 7.995864007 ], [ 81.540820621, 7.995864007 ], [ 81.540772892, 7.99574878 ], [ 81.540260214, 7.995542806 ], [ 81.54029834, 7.995185692 ], [ 81.540233903, 7.995030128 ], [ 81.539964408, 7.994850465 ], [ 81.539808845, 7.994786029 ], [ 81.53953935, 7.994786029 ], [ 81.539383787, 7.994850465 ], [ 81.53931935, 7.995162063 ], [ 81.539142659, 7.995167087 ], [ 81.539220361, 7.995006029 ], [ 81.539220361, 7.994127549 ], [ 81.539359687, 7.99414805 ], [ 81.539515251, 7.994083614 ], [ 81.539669519, 7.993748387 ], [ 81.539669519, 7.99351923 ], [ 81.539964408, 7.993454793 ], [ 81.540028845, 7.99329923 ], [ 81.539993847, 7.993035074 ], [ 81.540541078, 7.993070072 ], [ 81.540884612, 7.993301441 ], [ 81.541000754, 7.993454793 ], [ 81.541243938, 7.993570936 ], [ 81.54136008, 7.993724288 ], [ 81.541603264, 7.99384043 ], [ 81.541834633, 7.994336871 ], [ 81.541539744, 7.994491139 ], [ 81.541475307, 7.994736534 ], [ 81.541539744, 7.994892098 ], [ 81.54189907, 7.995251424 ], [ 81.542214461, 7.99531586 ], [ 81.542193959, 7.995545018 ], [ 81.542392227, 7.995859428 ], [ 81.542078733, 7.996197938 ], [ 81.542014296, 7.996419704 ], [ 81.54189907, 7.996467433 ], [ 81.541851341, 7.996582659 ], [ 81.541629575, 7.996647096 ], [ 81.541539744, 7.996736927 ], [ 81.541475307, 7.996892491 ], [ 81.541475307, 7.99743148 ], [ 81.541539744, 7.997587043 ], [ 81.541782927, 7.997703186 ], [ 81.541924465, 7.997956888 ], [ 81.541980279, 7.998195048 ], [ 81.54189907, 7.998264063 ], [ 81.541834633, 7.998509458 ], [ 81.541988901, 7.998754853 ], [ 81.542193959, 7.99881929 ], [ 81.542193959, 7.99922811 ], [ 81.542373622, 7.999484024 ], [ 81.542438059, 7.999743 ], [ 81.542643117, 7.999933182 ], [ 81.542643117, 8.000216257 ], [ 81.542887216, 8.000731147 ], [ 81.5431304, 8.000937121 ], [ 81.543246543, 8.001180305 ], [ 81.544120758, 8.001604067 ], [ 81.544480084, 8.001604067 ], [ 81.544748015, 8.001477674 ], [ 81.54486351, 8.001629462 ], [ 81.545019074, 8.001693899 ], [ 81.545264469, 8.001629462 ], [ 81.545533963, 8.001449799 ], [ 81.5455984, 8.001294236 ], [ 81.545561838, 8.001026305 ], [ 81.545724145, 8.000885415 ], [ 81.545983121, 8.000820978 ], [ 81.546173303, 8.00061592 ], [ 81.546056715, 8.000845078 ], [ 81.546121151, 8.001090473 ], [ 81.546276715, 8.00115491 ], [ 81.546611942, 8.001090473 ], [ 81.546676378, 8.000755246 ], [ 81.546611942, 8.000599683 ], [ 81.546508844, 8.000556979 ], [ 81.546586546, 8.00039592 ], [ 81.546586546, 7.9999871 ], [ 81.546791605, 7.999922663 ], [ 81.546856041, 7.999663688 ], [ 81.54708741, 7.999409985 ], [ 81.547420425, 7.999293842 ], [ 81.547520776, 7.999178616 ], [ 81.54768992, 7.999114179 ], [ 81.547806062, 7.998870996 ], [ 81.548049246, 7.998665022 ], [ 81.548113682, 7.998509458 ], [ 81.548108881, 7.998228372 ], [ 81.548345052, 7.99797268 ], [ 81.54885773, 7.997766706 ], [ 81.549063704, 7.997433691 ], [ 81.549756045, 7.997048054 ], [ 81.549845877, 7.996958223 ], [ 81.549910313, 7.996699247 ], [ 81.55002554, 7.996598897 ], [ 81.550086518, 7.996419704 ], [ 81.55012589, 7.996304007 ], [ 81.550408965, 7.996304007 ], [ 81.550564529, 7.99623957 ], [ 81.550808628, 7.995724681 ], [ 81.550749609, 7.9953127 ], [ 81.55101754, 7.995062458 ], [ 81.551087281, 7.995046366 ], [ 81.55112449, 7.995275523 ], [ 81.551087281, 7.995545018 ], [ 81.551151717, 7.995700581 ], [ 81.551307281, 7.995765018 ], [ 81.551642507, 7.995700581 ], [ 81.551706944, 7.995527644 ], [ 81.552115764, 7.995675186 ], [ 81.552551341, 7.995405692 ], [ 81.553103911, 7.995585355 ], [ 81.553373406, 7.995585355 ], [ 81.553534464, 7.995507652 ], [ 81.553667, 7.995790413 ], [ 81.553822563, 7.995854849 ], [ 81.554002226, 7.995854849 ], [ 81.554247622, 7.995700581 ], [ 81.554312058, 7.995405692 ], [ 81.554517116, 7.995341255 ], [ 81.554671384, 7.99509586 ], [ 81.554671384, 7.994722954 ], [ 81.554761216, 7.994417545 ], [ 81.555056105, 7.994263277 ], [ 81.555262079, 7.993750599 ], [ 81.555531574, 7.993481104 ], [ 81.555864589, 7.99327513 ], [ 81.556018857, 7.992836491 ], [ 81.556313747, 7.992736141 ], [ 81.556403578, 7.992646309 ], [ 81.556468015, 7.992490746 ], [ 81.556468015, 7.991309355 ], [ 81.556852736, 7.991209005 ], [ 81.557007004, 7.99096361 ], [ 81.557007004, 7.990734452 ], [ 81.557212062, 7.990670016 ], [ 81.557312412, 7.990464958 ], [ 81.55766122, 7.990400521 ], [ 81.557793755, 7.990207592 ], [ 81.557954814, 7.990285295 ], [ 81.558224308, 7.990285295 ], [ 81.558379872, 7.990220858 ], [ 81.558444308, 7.989925968 ], [ 81.558649366, 7.989861532 ], [ 81.558713803, 7.989705968 ], [ 81.558713803, 7.989436474 ], [ 81.558559535, 7.989011416 ], [ 81.55829004, 7.988472427 ], [ 81.557815488, 7.988165252 ], [ 81.557941233, 7.988039506 ], [ 81.55829004, 7.98797507 ], [ 81.558469703, 7.987795407 ], [ 81.55853414, 7.987536431 ], [ 81.558765509, 7.987282729 ], [ 81.559098524, 7.987076755 ], [ 81.559214666, 7.986833571 ], [ 81.559637513, 7.986627597 ], [ 81.559817176, 7.986447934 ], [ 81.559881613, 7.98629237 ], [ 81.559881613, 7.986009295 ], [ 81.560086671, 7.985819113 ], [ 81.560151107, 7.98566355 ], [ 81.560151107, 7.985380475 ], [ 81.560408788, 7.984883588 ], [ 81.560535828, 7.984830966 ], [ 81.560600265, 7.984675403 ], [ 81.560600265, 7.984122833 ], [ 81.560805323, 7.983932651 ], [ 81.56086976, 7.983777088 ], [ 81.560849258, 7.983458098 ], [ 81.561009086, 7.983458098 ], [ 81.561254481, 7.98330383 ], [ 81.561318917, 7.983148267 ], [ 81.561295511, 7.983001928 ], [ 81.561434144, 7.982944504 ], [ 81.56149858, 7.982609278 ], [ 81.561314116, 7.982351375 ], [ 81.561318917, 7.981800794 ], [ 81.561229086, 7.981634712 ], [ 81.561229086, 7.981261805 ], [ 81.561074818, 7.980926578 ], [ 81.560829423, 7.98077231 ], [ 81.560470096, 7.98077231 ], [ 81.560314533, 7.980836747 ], [ 81.560200602, 7.98098476 ], [ 81.559933319, 7.980720604 ], [ 81.559791781, 7.980466902 ], [ 81.559768375, 7.980396814 ], [ 81.560086671, 7.980249558 ], [ 81.560151107, 7.980093995 ], [ 81.560095293, 7.979779585 ], [ 81.56033077, 7.979375343 ], [ 81.560266334, 7.979040116 ], [ 81.560020939, 7.978885848 ], [ 81.559751444, 7.978885848 ], [ 81.559326386, 7.979040116 ], [ 81.55926195, 7.97919568 ], [ 81.55926195, 7.979465174 ], [ 81.559326386, 7.979620738 ], [ 81.559519315, 7.979753274 ], [ 81.559351781, 7.980004163 ], [ 81.559409492, 7.980233321 ], [ 81.559252792, 7.980253822 ], [ 81.559118045, 7.979895727 ], [ 81.559118045, 7.979555006 ], [ 81.559053608, 7.979399442 ], [ 81.558437943, 7.978982045 ], [ 81.558334956, 7.978725706 ], [ 81.558179392, 7.978661269 ], [ 81.557995151, 7.978706185 ], [ 81.557930714, 7.978411296 ], [ 81.557815488, 7.978310945 ], [ 81.557905319, 7.97802787 ], [ 81.557840883, 7.977782475 ], [ 81.557505656, 7.977718038 ], [ 81.557199387, 7.977860312 ], [ 81.557130853, 7.977713459 ], [ 81.55736633, 7.977309218 ], [ 81.55736633, 7.977039723 ], [ 81.55705192, 7.976604146 ], [ 81.556942567, 7.976165507 ], [ 81.556697172, 7.976101071 ], [ 81.556541609, 7.976165507 ], [ 81.556472594, 7.976336548 ], [ 81.556068352, 7.976235818 ], [ 81.55566411, 7.976235818 ], [ 81.555328883, 7.976435002 ], [ 81.555183617, 7.97664006 ], [ 81.55511154, 7.97664006 ], [ 81.554831526, 7.97634517 ], [ 81.554402964, 7.976136829 ], [ 81.554876442, 7.975892729 ], [ 81.554985794, 7.975602418 ], [ 81.554985794, 7.975243092 ], [ 81.554786611, 7.97486295 ], [ 81.554530272, 7.974715047 ], [ 81.554312058, 7.974493105 ], [ 81.554247622, 7.974279045 ], [ 81.554087479, 7.974214609 ], [ 81.553925472, 7.973781766 ], [ 81.553952732, 7.973626125 ], [ 81.553888295, 7.973470561 ], [ 81.553761254, 7.973417939 ], [ 81.553528969, 7.972931572 ], [ 81.553373406, 7.972867136 ], [ 81.553148827, 7.97292295 ], [ 81.55301408, 7.972867136 ], [ 81.552508414, 7.972890542 ], [ 81.552450991, 7.972751909 ], [ 81.55232395, 7.972699287 ], [ 81.552335764, 7.972458315 ], [ 81.552181496, 7.97221292 ], [ 81.552025933, 7.972148484 ], [ 81.551801354, 7.972204298 ], [ 81.551486944, 7.972058652 ], [ 81.550971583, 7.972058652 ], [ 81.551078123, 7.971739663 ], [ 81.550923855, 7.971404436 ], [ 81.550796814, 7.971351814 ], [ 81.550744192, 7.971224773 ], [ 81.550596179, 7.971110842 ], [ 81.550718797, 7.970931179 ], [ 81.550718797, 7.970751516 ], [ 81.550534332, 7.970224119 ], [ 81.55048332, 7.969898116 ], [ 81.550539134, 7.969673538 ], [ 81.550444501, 7.969505466 ], [ 81.550443853, 7.969301056 ], [ 81.550628965, 7.968775222 ], [ 81.550474697, 7.968350164 ], [ 81.55041274, 7.968324501 ], [ 81.550539134, 7.96805657 ], [ 81.55058405, 7.967203171 ], [ 81.550519613, 7.967047607 ], [ 81.550359471, 7.966902341 ], [ 81.550359471, 7.966772618 ], [ 81.550812861, 7.964373478 ], [ 81.551347618, 7.961543784 ], [ 81.551283181, 7.961343305 ], [ 81.551221224, 7.961317642 ], [ 81.551243034, 7.961103929 ], [ 81.551527281, 7.960600553 ], [ 81.551476916, 7.959913661 ], [ 81.551706944, 7.959477659 ], [ 81.551796775, 7.959118333 ], [ 81.551679036, 7.958691633 ], [ 81.55182217, 7.95860016 ], [ 81.551976438, 7.958130186 ], [ 81.552111186, 7.957366618 ], [ 81.55206627, 7.956891149 ], [ 81.552290849, 7.956423387 ], [ 81.552993833, 7.952553541 ], [ 81.55564001, 7.951099228 ], [ 81.555839194, 7.950808917 ], [ 81.555839194, 7.950539422 ], [ 81.555744561, 7.950348167 ], [ 81.555806998, 7.950257823 ], [ 81.556382762, 7.950534843 ], [ 81.556517509, 7.950534843 ], [ 81.557301893, 7.950200912 ], [ 81.557494712, 7.949809826 ], [ 81.557775151, 7.949906023 ], [ 81.558200209, 7.949706839 ], [ 81.558264645, 7.949551275 ], [ 81.558264645, 7.949286805 ], [ 81.558399392, 7.949102118 ], [ 81.558309561, 7.948423802 ], [ 81.558493803, 7.948513634 ], [ 81.5588295, 7.948513634 ], [ 81.55896706, 7.949078018 ], [ 81.559167539, 7.949142455 ], [ 81.560501432, 7.948423802 ], [ 81.560739591, 7.948423802 ], [ 81.560905674, 7.948333971 ], [ 81.56127858, 7.948333971 ], [ 81.561444663, 7.948244139 ], [ 81.561727738, 7.948244139 ], [ 81.561883301, 7.948179703 ], [ 81.562163315, 7.947974645 ], [ 81.562871448, 7.947640714 ], [ 81.562935885, 7.947395319 ], [ 81.562792136, 7.947166161 ], [ 81.562985379, 7.947255992 ], [ 81.563254874, 7.947255992 ], [ 81.563410437, 7.947191556 ], [ 81.563949426, 7.946652567 ], [ 81.564011351, 7.946503068 ], [ 81.564222774, 7.94637377 ], [ 81.565598232, 7.945624921 ], [ 81.565770157, 7.945728856 ], [ 81.566015552, 7.94566442 ], [ 81.566580852, 7.94506191 ], [ 81.567183362, 7.944766105 ], [ 81.567722351, 7.944227116 ], [ 81.567838493, 7.943983932 ], [ 81.568171508, 7.943688126 ], [ 81.568954597, 7.942095258 ], [ 81.568890161, 7.941849863 ], [ 81.568803457, 7.941767582 ], [ 81.569069824, 7.941711833 ], [ 81.56913426, 7.941556269 ], [ 81.569069824, 7.941310874 ], [ 81.56891426, 7.941246438 ], [ 81.568668865, 7.941310874 ], [ 81.568604429, 7.941466438 ], [ 81.568665738, 7.941704282 ], [ 81.568309539, 7.941760032 ], [ 81.567950213, 7.942029526 ], [ 81.567812653, 7.942414248 ], [ 81.567590887, 7.942478684 ], [ 81.567474744, 7.942721868 ], [ 81.567231561, 7.942927842 ], [ 81.567077293, 7.943263068 ], [ 81.567077293, 7.943635975 ], [ 81.566708809, 7.943909263 ], [ 81.567741872, 7.938636745 ], [ 81.567677435, 7.938346434 ], [ 81.567318109, 7.937942192 ], [ 81.566937966, 7.937787924 ], [ 81.566398977, 7.937653177 ], [ 81.566174398, 7.937653177 ], [ 81.565861552, 7.93777957 ], [ 81.565680325, 7.937653177 ], [ 81.565506001, 7.937688175 ], [ 81.565540999, 7.93751385 ], [ 81.565451168, 7.937347768 ], [ 81.565451168, 7.937140944 ], [ 81.56563083, 7.936795198 ], [ 81.56563083, 7.936525704 ], [ 81.565451168, 7.936179958 ], [ 81.565451168, 7.935807051 ], [ 81.565386731, 7.935651488 ], [ 81.565037924, 7.93549722 ], [ 81.56475791, 7.93520233 ], [ 81.564602347, 7.935137894 ], [ 81.564332852, 7.935137894 ], [ 81.564177289, 7.93520233 ], [ 81.564112852, 7.935406313 ], [ 81.563958049, 7.935043483 ], [ 81.564013863, 7.934818905 ], [ 81.563949426, 7.934663341 ], [ 81.563796074, 7.934547199 ], [ 81.563679932, 7.934304015 ], [ 81.563205379, 7.934076624 ], [ 81.563037846, 7.9336697 ], [ 81.563142584, 7.933623032 ], [ 81.563344705, 7.933691432 ], [ 81.563500269, 7.933626995 ], [ 81.563637829, 7.933421937 ], [ 81.563859595, 7.933357501 ], [ 81.563924032, 7.933022274 ], [ 81.563778386, 7.932797695 ], [ 81.5638342, 7.932662948 ], [ 81.5638342, 7.932523622 ], [ 81.5638342, 7.932303622 ], [ 81.563744368, 7.932137539 ], [ 81.563789284, 7.931764633 ], [ 81.563724848, 7.931609069 ], [ 81.563564705, 7.931481558 ], [ 81.563751159, 7.931182939 ], [ 81.56412909, 7.931021881 ], [ 81.564181712, 7.93089484 ], [ 81.564308753, 7.930842218 ], [ 81.5644435, 7.930662555 ], [ 81.564507936, 7.930506991 ], [ 81.564552852, 7.929898006 ], [ 81.564737094, 7.929918508 ], [ 81.564892658, 7.929854071 ], [ 81.565162152, 7.929629492 ], [ 81.565271504, 7.929384097 ], [ 81.565271504, 7.929003484 ], [ 81.565386731, 7.928955756 ], [ 81.565434459, 7.928840529 ], [ 81.565815072, 7.928784715 ], [ 81.566039651, 7.928930361 ], [ 81.566280623, 7.928918546 ], [ 81.566403556, 7.929074711 ], [ 81.566467993, 7.929315082 ], [ 81.566612042, 7.929408766 ], [ 81.566782403, 7.929674408 ], [ 81.566937966, 7.929738844 ], [ 81.567273193, 7.929674408 ], [ 81.56733763, 7.929518844 ], [ 81.56713456, 7.929013179 ], [ 81.567722821, 7.929110024 ], [ 81.56777055, 7.92922525 ], [ 81.568029525, 7.929289687 ], [ 81.568219708, 7.929494745 ], [ 81.568462891, 7.929610888 ], [ 81.568848528, 7.930033734 ], [ 81.569376998, 7.930277834 ], [ 81.569477349, 7.93039306 ], [ 81.569736324, 7.930457497 ], [ 81.569926506, 7.930662555 ], [ 81.57008207, 7.930726991 ], [ 81.570261733, 7.930726991 ], [ 81.570427816, 7.93063716 ], [ 81.570724471, 7.93063716 ], [ 81.570980385, 7.930816823 ], [ 81.57124988, 7.930816823 ], [ 81.57180245, 7.93063716 ], [ 81.571966321, 7.930778697 ], [ 81.572262126, 7.931291376 ], [ 81.572478999, 7.931433829 ], [ 81.572711284, 7.931830365 ], [ 81.573096005, 7.932110378 ], [ 81.573096005, 7.932369824 ], [ 81.572980778, 7.932417553 ], [ 81.572936843, 7.932523622 ], [ 81.572916342, 7.932573116 ], [ 81.572916342, 7.932932442 ], [ 81.57307061, 7.933177838 ], [ 81.573226174, 7.933242274 ], [ 81.573630415, 7.93318646 ], [ 81.573944826, 7.933242274 ], [ 81.574124489, 7.933119656 ], [ 81.574328251, 7.933267669 ], [ 81.574573646, 7.933332106 ], [ 81.57472921, 7.933267669 ], [ 81.574793646, 7.933112106 ], [ 81.574793646, 7.932842611 ], [ 81.574681538, 7.932523622 ], [ 81.574549547, 7.932148058 ], [ 81.574344489, 7.932010498 ], [ 81.574344489, 7.931674801 ], [ 81.574280052, 7.931519238 ], [ 81.574153011, 7.931466616 ], [ 81.573895331, 7.931059561 ], [ 81.573749686, 7.930551907 ], [ 81.573857206, 7.930419371 ], [ 81.574110908, 7.930277834 ], [ 81.574304152, 7.930367665 ], [ 81.574560066, 7.930277834 ], [ 81.574856722, 7.930277834 ], [ 81.575202467, 7.930457497 ], [ 81.575650061, 7.930420935 ], [ 81.575831288, 7.930547328 ], [ 81.576100782, 7.930547328 ], [ 81.576256346, 7.930482892 ], [ 81.576626191, 7.930098171 ], [ 81.576909266, 7.930098171 ], [ 81.577244493, 7.929943902 ], [ 81.577360635, 7.929610887 ], [ 81.577603819, 7.929494745 ], [ 81.577746272, 7.929188041 ], [ 81.577873313, 7.929135419 ], [ 81.578027582, 7.92873399 ], [ 81.578502134, 7.928506598 ], [ 81.578681797, 7.928326935 ], [ 81.579015728, 7.927386517 ], [ 81.579400449, 7.927069294 ], [ 81.579464886, 7.926720486 ], [ 81.579644549, 7.926374741 ], [ 81.579644549, 7.925912003 ], [ 81.579897336, 7.925426931 ], [ 81.580592359, 7.925426931 ], [ 81.580747922, 7.925362495 ], [ 81.580927585, 7.925182832 ], [ 81.581081853, 7.924834024 ], [ 81.58129743, 7.924708279 ], [ 81.58185, 7.924618447 ], [ 81.582105914, 7.924438784 ], [ 81.582523737, 7.92438297 ], [ 81.582629962, 7.92442697 ], [ 81.582772415, 7.924823505 ], [ 81.582862247, 7.924913337 ], [ 81.58301781, 7.924977773 ], [ 81.583336799, 7.924957272 ], [ 81.583401236, 7.925182832 ], [ 81.583556799, 7.925247268 ], [ 81.583802194, 7.925182832 ], [ 81.584077184, 7.924900071 ], [ 81.584119888, 7.925003168 ], [ 81.584275452, 7.925067605 ], [ 81.584634778, 7.925067605 ], [ 81.584790341, 7.925003168 ], [ 81.584944609, 7.924667942 ], [ 81.584944609, 7.924128953 ], [ 81.584886898, 7.923989627 ], [ 81.585149667, 7.92392519 ], [ 81.585483598, 7.9234103 ], [ 81.585483598, 7.922498405 ], [ 81.585556722, 7.922372659 ], [ 81.585958151, 7.922308223 ], [ 81.586022588, 7.921906793 ], [ 81.586327996, 7.921743838 ], [ 81.586700903, 7.921743838 ], [ 81.58766495, 7.921409907 ], [ 81.58790905, 7.920805186 ], [ 81.58790905, 7.920396366 ], [ 81.588203939, 7.920331929 ], [ 81.588268376, 7.920176366 ], [ 81.588268376, 7.918559398 ], [ 81.588178544, 7.918393316 ], [ 81.588178544, 7.918200072 ], [ 81.588088713, 7.918033989 ], [ 81.587998881, 7.917571251 ], [ 81.587395455, 7.916247878 ], [ 81.58649714, 7.915349563 ], [ 81.586341577, 7.915285126 ], [ 81.586116998, 7.91534094 ], [ 81.585712756, 7.915195294 ], [ 81.585557192, 7.915259731 ], [ 81.585424657, 7.91545266 ], [ 81.58532933, 7.915259731 ], [ 81.585059836, 7.914990236 ], [ 81.584904272, 7.9149258 ], [ 81.584658877, 7.914990236 ], [ 81.584569046, 7.915080068 ], [ 81.584504609, 7.915325463 ], [ 81.584569046, 7.915481026 ], [ 81.584928372, 7.915840353 ], [ 81.585153931, 7.915904789 ], [ 81.584994104, 7.916306059 ], [ 81.584944609, 7.916044115 ], [ 81.584790341, 7.91579872 ], [ 81.584455115, 7.915644452 ], [ 81.58418562, 7.915644452 ], [ 81.584005957, 7.91576707 ], [ 81.583776799, 7.915608538 ], [ 81.583622531, 7.915349562 ], [ 81.583197473, 7.915195294 ], [ 81.58304191, 7.915259731 ], [ 81.582977473, 7.915415294 ], [ 81.583038782, 7.915742971 ], [ 81.582658484, 7.915734284 ], [ 81.58250292, 7.91579872 ], [ 81.582455192, 7.915913947 ], [ 81.582233426, 7.915978383 ], [ 81.582143594, 7.916068215 ], [ 81.582079158, 7.916330984 ], [ 81.581788691, 7.916195256 ], [ 81.581736069, 7.916068215 ], [ 81.581580506, 7.916003778 ], [ 81.581400843, 7.916003778 ], [ 81.581144929, 7.916183441 ], [ 81.580861853, 7.916183441 ], [ 81.580695771, 7.916273273 ], [ 81.580412696, 7.91609361 ], [ 81.580143201, 7.91609361 ], [ 81.579807975, 7.916337709 ], [ 81.579707624, 7.916542767 ], [ 81.579559296, 7.916598582 ], [ 81.579155054, 7.916542767 ], [ 81.57889914, 7.91672243 ], [ 81.578616065, 7.91672243 ], [ 81.578449983, 7.916812262 ], [ 81.578243158, 7.916812262 ], [ 81.578077076, 7.91672243 ], [ 81.577672834, 7.916868076 ], [ 81.577268592, 7.916812262 ], [ 81.57710251, 7.916902094 ], [ 81.576460108, 7.916991925 ], [ 81.576294026, 7.917081757 ], [ 81.576010951, 7.917081757 ], [ 81.575844868, 7.917171588 ], [ 81.575278718, 7.917171588 ], [ 81.575112636, 7.917081757 ], [ 81.572956679, 7.917081757 ], [ 81.572790596, 7.917171588 ], [ 81.571699038, 7.917171588 ], [ 81.571532955, 7.91726142 ], [ 81.571160048, 7.91726142 ], [ 81.570824822, 7.917415688 ], [ 81.570645159, 7.917595351 ], [ 81.570580722, 7.917794599 ], [ 81.570167323, 7.917656059 ], [ 81.570102886, 7.917460603 ], [ 81.569751266, 7.917183402 ], [ 81.569608813, 7.916876698 ], [ 81.56939194, 7.916734245 ], [ 81.569339318, 7.916607204 ], [ 81.569117552, 7.916542767 ], [ 81.569069824, 7.916247878 ], [ 81.568787955562783, 7.916155931714806 ], [ 81.56905434839048, 7.916835233425447 ], [ 81.570256170016123, 7.917976963969804 ], [ 81.571578173804326, 7.918637965863906 ], [ 81.571865038138426, 7.918685776586256 ], [ 81.571865038138426, 7.918685776586257 ], [ 81.573020359755091, 7.918878330189034 ], [ 81.577527190851242, 7.918577874782624 ], [ 81.58125283789073, 7.918577874782624 ], [ 81.581935524543709, 7.918896461887348 ], [ 81.581935524543709, 7.91889646188735 ], [ 81.582503175326323, 7.919161365585905 ], [ 81.582503175326337, 7.919161365585905 ], [ 81.582805629895887, 7.919302511051701 ], [ 81.583055570329179, 7.919419149920571 ], [ 81.583156320345097, 7.919570274944449 ], [ 81.583156320345097, 7.919570274944451 ], [ 81.583416116816878, 7.919959969652109 ], [ 81.583175752491755, 7.920981518033902 ], [ 81.582649588083257, 7.921603348698489 ], [ 81.582918552509909, 7.921602973207471 ], [ 81.582566441, 7.921970785 ], [ 81.582484123018901, 7.921931376725225 ], [ 81.582483917285316, 7.921784970593923 ], [ 81.582362091154749, 7.921872956132664 ], [ 81.582362091154749, 7.921872956132663 ], [ 81.581433111134572, 7.922543886147233 ], [ 81.579796149047809, 7.923506805021798 ], [ 81.57983697168585, 7.923506748233576 ], [ 81.579975643, 7.923761485 ], [ 81.57953848, 7.923973389 ], [ 81.579422338, 7.924126741 ], [ 81.579195391, 7.924236158 ], [ 81.579240307, 7.923909398 ], [ 81.57971486, 7.923565864 ], [ 81.5797216492047, 7.923550628458925 ], [ 81.579390014370986, 7.923745707772873 ] ], [ [ 81.536714236, 7.991682262 ], [ 81.536492629, 7.991502599 ], [ 81.536598539, 7.991363273 ], [ 81.536750798, 7.991593994 ], [ 81.536714236, 7.991682262 ] ], [ [ 81.539425419, 7.99278434 ], [ 81.539310193, 7.992736612 ], [ 81.539283436, 7.992531083 ], [ 81.539552931, 7.992620914 ], [ 81.539780322, 7.992788763 ], [ 81.539829817, 7.992908253 ], [ 81.539489856, 7.992957277 ], [ 81.539425419, 7.99278434 ] ], [ [ 81.524398159, 7.993968387 ], [ 81.524603217, 7.993903951 ], [ 81.524650946, 7.993788724 ], [ 81.525321869, 7.993634456 ], [ 81.525424209, 7.993424597 ], [ 81.525575127, 7.993408897 ], [ 81.525639563, 7.993634456 ], [ 81.525819226, 7.993814119 ], [ 81.525881183, 7.993839783 ], [ 81.52575479, 7.994121294 ], [ 81.525344405, 7.994373433 ], [ 81.525076474, 7.994336871 ], [ 81.524941727, 7.994392685 ], [ 81.524561114, 7.99424704 ], [ 81.524513386, 7.994131813 ], [ 81.524374753, 7.994074389 ], [ 81.524398159, 7.993968387 ] ], [ [ 81.521551758, 7.994516534 ], [ 81.521459114, 7.994131813 ], [ 81.521343887, 7.994037718 ], [ 81.521842539, 7.994058219 ], [ 81.521969736, 7.994126318 ], [ 81.521892034, 7.994377208 ], [ 81.522026781, 7.994575476 ], [ 81.521981865, 7.99480653 ], [ 81.521866168, 7.994786029 ], [ 81.521728608, 7.994580971 ], [ 81.521551758, 7.994516534 ] ], [ [ 81.525036137, 7.999138279 ], [ 81.525036137, 7.999155653 ], [ 81.52502698, 7.999124698 ], [ 81.525044824, 7.999117307 ], [ 81.525036137, 7.999138279 ] ], [ [ 81.496620852, 8.013659336 ], [ 81.496510048, 8.01365065 ], [ 81.496330385, 8.013773268 ], [ 81.496274525, 8.013680043 ], [ 81.496581275, 8.01356379 ], [ 81.496620852, 8.013659336 ] ], [ [ 81.586920903, 7.916835225 ], [ 81.58693006, 7.916869973 ], [ 81.586920903, 7.91686618 ], [ 81.586920903, 7.916835225 ] ], [ [ 81.583296654985659, 7.919107187254632 ], [ 81.58333222, 7.91908291 ], [ 81.583346367352533, 7.919160187860505 ], [ 81.583296729560445, 7.919160257240184 ], [ 81.583296654985659, 7.919107187254632 ] ], [ [ 81.58311940631198, 7.921331337878276 ], [ 81.583067305, 7.921447588 ], [ 81.583027838062307, 7.92148881472701 ], [ 81.583027616431423, 7.921331466174282 ], [ 81.58311940631198, 7.921331337878276 ] ], [ [ 81.581182373899225, 7.922962165829054 ], [ 81.581391546904015, 7.922961873466941 ], [ 81.58141632, 7.923006059 ], [ 81.581216601, 7.923139575 ], [ 81.581182373899225, 7.922962165829054 ] ], [ [ 81.566185343, 7.942285866 ], [ 81.566108667, 7.942343937 ], [ 81.566131694, 7.942277133 ], [ 81.566236433, 7.942181127 ], [ 81.566185343, 7.942285866 ] ], [ [ 81.549901311, 7.97178 ], [ 81.549919471, 7.971778103 ], [ 81.549964386, 7.971982846 ], [ 81.549865397, 7.97196882 ], [ 81.549901311, 7.97178 ] ] ], [ [ [ 81.551013686, 7.999743 ], [ 81.551114037, 7.999627774 ], [ 81.551552676, 7.999473506 ], [ 81.551653026, 7.999358279 ], [ 81.552720485, 7.998844685 ], [ 81.552874754, 7.99859929 ], [ 81.552810317, 7.998353895 ], [ 81.55247509, 7.998109795 ], [ 81.552281847, 7.998109795 ], [ 81.55184627, 7.997930132 ], [ 81.551563195, 7.997930132 ], [ 81.551397112, 7.997840301 ], [ 81.550972054, 7.997994569 ], [ 81.550739769, 7.998301273 ], [ 81.550433065, 7.998443726 ], [ 81.550316922, 7.998866573 ], [ 81.550073739, 7.998982715 ], [ 81.549418607, 7.999675057 ], [ 81.549175423, 7.999791199 ], [ 81.549110987, 7.999946763 ], [ 81.549175423, 8.000281989 ], [ 81.549330987, 8.000346426 ], [ 81.54951065, 8.000346426 ], [ 81.55002554, 8.000102326 ], [ 81.550474697, 8.000012495 ], [ 81.550754711, 7.999807437 ], [ 81.551013686, 7.999743 ] ] ], [ [ [ 81.523525239, 8.001359968 ], [ 81.523769338, 8.001024741 ], [ 81.523704902, 8.000689515 ], [ 81.523549338, 8.000625078 ], [ 81.523279844, 8.000625078 ], [ 81.52312428, 8.000689515 ], [ 81.522970012, 8.00093491 ], [ 81.522970012, 8.001204404 ], [ 81.523034449, 8.001359968 ], [ 81.523190012, 8.001424404 ], [ 81.523525239, 8.001359968 ] ] ], [ [ [ 81.523729001, 8.001253899 ], [ 81.523573438, 8.001318335 ], [ 81.523509001, 8.00156373 ], [ 81.523573438, 8.001719294 ], [ 81.523818833, 8.00178373 ], [ 81.523974396, 8.001719294 ], [ 81.524038833, 8.001473899 ], [ 81.523974396, 8.001318335 ], [ 81.523729001, 8.001253899 ] ] ], [ [ [ 81.517678639, 8.002842344 ], [ 81.517506526, 8.002665808 ], [ 81.517261131, 8.00251154 ], [ 81.517081468, 8.00251154 ], [ 81.516645891, 8.002781035 ], [ 81.516183153, 8.002781035 ], [ 81.515937758, 8.002935303 ], [ 81.515873321, 8.003157069 ], [ 81.515644164, 8.00335281 ], [ 81.515530233, 8.003204797 ], [ 81.515374669, 8.003140361 ], [ 81.515015343, 8.003140361 ], [ 81.514680117, 8.003294629 ], [ 81.514563974, 8.003447981 ], [ 81.51432079, 8.003564123 ], [ 81.514256354, 8.00389935 ], [ 81.51432079, 8.004054913 ], [ 81.514476354, 8.00411935 ], [ 81.515374669, 8.00411935 ], [ 81.515540752, 8.004029518 ], [ 81.515913658, 8.004029518 ], [ 81.516079741, 8.003939687 ], [ 81.516272984, 8.003939687 ], [ 81.517686189, 8.00324643 ], [ 81.517741939, 8.002980063 ], [ 81.518069615, 8.003041372 ], [ 81.518225179, 8.002976935 ], [ 81.518289615, 8.002821372 ], [ 81.518289615, 8.002462046 ], [ 81.518225179, 8.002306482 ], [ 81.517979784, 8.002242046 ], [ 81.517734389, 8.002396314 ], [ 81.517669952, 8.002551877 ], [ 81.517678639, 8.002842344 ] ] ], [ [ [ 81.47088633, 8.053351606 ], [ 81.470867726, 8.053576185 ], [ 81.471111825, 8.054180906 ], [ 81.471280969, 8.054245343 ], [ 81.47138132, 8.054360569 ], [ 81.471626715, 8.054425006 ], [ 81.471782278, 8.054360569 ], [ 81.471846715, 8.054191425 ], [ 81.471961941, 8.054091075 ], [ 81.472026378, 8.053935511 ], [ 81.472026378, 8.053486354 ], [ 81.471961941, 8.05333079 ], [ 81.471736382, 8.053266354 ], [ 81.471756883, 8.05267787 ], [ 81.471602615, 8.052342643 ], [ 81.471374151, 8.052195388 ], [ 81.471397557, 8.051779555 ], [ 81.471333121, 8.051623991 ], [ 81.471194488, 8.051566568 ], [ 81.471217894, 8.051420228 ], [ 81.471153458, 8.051264665 ], [ 81.471038231, 8.05120923 ], [ 81.471001022, 8.051060902 ], [ 81.47126281, 8.049982924 ], [ 81.471272465248333, 8.049883452758049 ], [ 81.470144428600349, 8.052280530634997 ], [ 81.4683416961619, 8.056546997406016 ], [ 81.467562693140238, 8.059431876728011 ], [ 81.469132248, 8.058268241 ], [ 81.469356827, 8.058043662 ], [ 81.469466179, 8.057533797 ], [ 81.469626322, 8.057414841 ], [ 81.469690758, 8.057209783 ], [ 81.469895816, 8.057145347 ], [ 81.469960253, 8.056989783 ], [ 81.469895816, 8.056654557 ], [ 81.46978059, 8.056554206 ], [ 81.469716153, 8.056385062 ], [ 81.469369983, 8.056282075 ], [ 81.469230702, 8.055956721 ], [ 81.469284004, 8.055828038 ], [ 81.46953649, 8.055618211 ], [ 81.469600927, 8.055462647 ], [ 81.469600927, 8.055282984 ], [ 81.46953649, 8.055127421 ], [ 81.469452076, 8.055092455 ], [ 81.469482272, 8.054993243 ], [ 81.469816504, 8.054604669 ], [ 81.469985648, 8.054540232 ], [ 81.470050084, 8.054384669 ], [ 81.470005168, 8.053460043 ], [ 81.470177819, 8.052803237 ], [ 81.470434236, 8.052869047 ], [ 81.470688063, 8.053023616 ], [ 81.470752499, 8.053282591 ], [ 81.47088633, 8.053351606 ] ] ], [ [ [ 81.458426667750373, 8.111169790291322 ], [ 81.451606330024859, 8.116157350037724 ], [ 81.451373792470264, 8.1167834126847 ], [ 81.453840072, 8.117172328 ], [ 81.453995636, 8.117107892 ], [ 81.454060072, 8.116952328 ], [ 81.453953533, 8.116588424 ], [ 81.454175299, 8.116523987 ], [ 81.454457301, 8.116314127 ], [ 81.45480412, 8.116254492 ], [ 81.454861543, 8.11611586 ], [ 81.455097714, 8.116139266 ], [ 81.455253277, 8.116074829 ], [ 81.455407545, 8.115739603 ], [ 81.455384139, 8.115593264 ], [ 81.455506534, 8.115583569 ], [ 81.455570971, 8.115805335 ], [ 81.455906197, 8.115869771 ], [ 81.456061761, 8.115805335 ], [ 81.456126197, 8.115583569 ], [ 81.456510919, 8.115356177 ], [ 81.456611269, 8.115151119 ], [ 81.457074007, 8.115240951 ], [ 81.457229571, 8.115176514 ], [ 81.457272275, 8.115073417 ], [ 81.457612996, 8.115240951 ], [ 81.457858391, 8.115176514 ], [ 81.457922828, 8.114971456 ], [ 81.458487212, 8.114817188 ], [ 81.458551649, 8.114576817 ], [ 81.458783018, 8.11430451 ], [ 81.459116033, 8.114143452 ], [ 81.459180469, 8.113983309 ], [ 81.459750348, 8.114028225 ], [ 81.460128279, 8.114162972 ], [ 81.460397774, 8.114162972 ], [ 81.46067886, 8.114068339 ], [ 81.460936763, 8.114252804 ], [ 81.461352597, 8.114229398 ], [ 81.461679515, 8.114817188 ], [ 81.462014741, 8.114971456 ], [ 81.462154067, 8.114954748 ], [ 81.462218504, 8.115176514 ], [ 81.462333731, 8.115264134 ], [ 81.462333731, 8.11555994 ], [ 81.462487999, 8.115805335 ], [ 81.462823225, 8.115869771 ], [ 81.46309272, 8.11574273 ], [ 81.463465626, 8.11577994 ], [ 81.46374564, 8.116074829 ], [ 81.463991035, 8.116139266 ], [ 81.464146598, 8.116074829 ], [ 81.464300866, 8.115735024 ], [ 81.465134745, 8.11553584 ], [ 81.465199182, 8.115224243 ], [ 81.465763566, 8.11490702 ], [ 81.465834793, 8.114574004 ], [ 81.466077976, 8.11436803 ], [ 81.466142413, 8.114212467 ], [ 81.466175514, 8.113791832 ], [ 81.466302555, 8.11373921 ], [ 81.466366992, 8.113566272 ], [ 81.466596149, 8.113713815 ], [ 81.466841544, 8.113649378 ], [ 81.466905981, 8.113493815 ], [ 81.466905981, 8.113314152 ], [ 81.466816149, 8.113148069 ], [ 81.466905981, 8.112954825 ], [ 81.466905981, 8.112326005 ], [ 81.466841544, 8.112170441 ], [ 81.466738447, 8.112127737 ], [ 81.466896979, 8.111827353 ], [ 81.467314802, 8.111827353 ], [ 81.467557985, 8.111737521 ], [ 81.467674128, 8.111782437 ], [ 81.467898706, 8.111718916 ], [ 81.468213117, 8.111737521 ], [ 81.46836868, 8.111673085 ], [ 81.468433117, 8.111337858 ], [ 81.46836868, 8.111182294 ], [ 81.468230048, 8.111124871 ], [ 81.468253454, 8.110978532 ], [ 81.468068989, 8.110720629 ], [ 81.468009354, 8.110463642 ], [ 81.467983218019725, 8.110430971988281 ], [ 81.468009354, 8.110415443 ], [ 81.468163622, 8.109990385 ], [ 81.468099186, 8.109834822 ], [ 81.467873626, 8.109770385 ], [ 81.467894128, 8.109451396 ], [ 81.467829691, 8.109295832 ], [ 81.467404633, 8.109141564 ], [ 81.46724907, 8.109206001 ], [ 81.467184633, 8.109412956 ], [ 81.466905981, 8.109366143 ], [ 81.466392387, 8.108622096 ], [ 81.466077976, 8.108397517 ], [ 81.465608002, 8.108288165 ], [ 81.465338508, 8.108333081 ], [ 81.465117704668316, 8.108453245817739 ], [ 81.465117695425363, 8.108445162014718 ], [ 81.46476101384431, 8.108445568093902 ], [ 81.464619856, 8.108377996 ], [ 81.464440193, 8.108377996 ], [ 81.464242576467868, 8.108446158330791 ], [ 81.463211609328368, 8.108447332078796 ], [ 81.4632117513883, 8.108571576467092 ], [ 81.463137635, 8.108594869 ], [ 81.462913057, 8.108557659 ], [ 81.46276014, 8.108610101 ], [ 81.462709294, 8.108487349 ], [ 81.462294589, 8.108266142 ], [ 81.462324573, 8.108103923 ], [ 81.462260136, 8.107948359 ], [ 81.462170305, 8.107858528 ], [ 81.461913318, 8.107798893 ], [ 81.461810979, 8.107589033 ], [ 81.461695752, 8.107541305 ], [ 81.461631316, 8.107229707 ], [ 81.461475752, 8.107165271 ], [ 81.461206258, 8.107165271 ], [ 81.461025031, 8.107291664 ], [ 81.460797002, 8.107294389 ], [ 81.460733, 8.107139876 ], [ 81.460577437, 8.107075439 ], [ 81.460326547, 8.107153141 ], [ 81.460348279, 8.106666618 ], [ 81.460283843, 8.106511055 ], [ 81.459899122, 8.106356787 ], [ 81.459772081, 8.105768303 ], [ 81.45980929, 8.105319146 ], [ 81.459744854, 8.105163582 ], [ 81.459539795, 8.1049734 ], [ 81.459539795, 8.104690325 ], [ 81.459475359, 8.104534761 ], [ 81.459300465, 8.104456444 ], [ 81.459315217, 8.104241167 ], [ 81.459214487, 8.103971673 ], [ 81.459270301, 8.103836925 ], [ 81.459270301, 8.103477599 ], [ 81.459026201, 8.102917794 ], [ 81.458923104, 8.10287509 ], [ 81.458988992, 8.102742554 ], [ 81.459116033, 8.102689932 ], [ 81.459180469, 8.102534368 ], [ 81.459116033, 8.102199142 ], [ 81.458821143, 8.102098791 ], [ 81.458712707, 8.101860632 ], [ 81.458731312, 8.101680969 ], [ 81.458719734532551, 8.10165974369594 ], [ 81.458546849912949, 8.101795581611336 ], [ 81.459147760725756, 8.105761592975947 ], [ 81.459568398294721, 8.106843232439022 ], [ 81.4599890358637, 8.107564325414405 ], [ 81.460589946676521, 8.108225327308507 ], [ 81.461551403977026, 8.109006511365171 ], [ 81.461859115282707, 8.109262937453238 ], [ 81.461911950464724, 8.109306966771582 ], [ 81.463173863171647, 8.110028059746966 ], [ 81.463213452405796, 8.110057751672578 ], [ 81.463237041247808, 8.11007544330409 ], [ 81.463656514175696, 8.110390048 ], [ 81.463771035, 8.110390048 ], [ 81.463771969731582, 8.110392370333141 ], [ 81.463771035, 8.110394627 ], [ 81.46380547027151, 8.110501765071866 ], [ 81.46389495614703, 8.110568879478503 ], [ 81.463906048318535, 8.110624340336017 ], [ 81.463950698, 8.110642835 ], [ 81.46396, 8.110776411 ], [ 81.463947684884076, 8.110832523163728 ], [ 81.464135320472153, 8.111770701104142 ], [ 81.463752150904568, 8.111794649202116 ], [ 81.463552821, 8.112157286 ], [ 81.463133057, 8.112343379 ], [ 81.463043225, 8.111966679 ], [ 81.462966353443463, 8.111794172821627 ], [ 81.462152314789847, 8.111650518941579 ], [ 81.460950493164205, 8.111289972453887 ], [ 81.458426667750373, 8.111169790291322 ] ] ], [ [ [ 81.436329271678616, 8.17794441899985 ], [ 81.436329566656227, 8.178215775038089 ], [ 81.436135599342265, 8.178215984269935 ], [ 81.435862466728992, 8.179012621058659 ], [ 81.435785857671206, 8.179121150557185 ], [ 81.435786348261445, 8.179573145184628 ], [ 81.436058695352585, 8.179572852005599 ], [ 81.436058990330196, 8.179844208043839 ], [ 81.436603683613171, 8.179843619887256 ], [ 81.436603978590824, 8.180114975925498 ], [ 81.436876326581285, 8.180114681847208 ], [ 81.436876623357534, 8.180386037885446 ], [ 81.437421318439135, 8.180385447930172 ], [ 81.437421021662871, 8.18011409189193 ], [ 81.437965715845152, 8.180113501936654 ], [ 81.437966011722082, 8.180384857974895 ], [ 81.440144790249903, 8.180382490959282 ], [ 81.440144492574333, 8.180111134921043 ], [ 81.440416839665488, 8.180110839044112 ], [ 81.440416541989862, 8.179839483005813 ], [ 81.440688888181668, 8.179839186229566 ], [ 81.4406868026539, 8.177939692163186 ], [ 81.440414455562745, 8.177939988939437 ], [ 81.440414158786425, 8.177668632901197 ], [ 81.440141812594604, 8.177668929677445 ], [ 81.440141515818382, 8.177397573639208 ], [ 81.4395968261327, 8.177398166292441 ], [ 81.439596529356379, 8.177126810254201 ], [ 81.437145422623189, 8.177129468650143 ], [ 81.437145719399496, 8.177400824688386 ], [ 81.436414812171321, 8.177401613518514 ], [ 81.436228670190559, 8.1779445276291 ], [ 81.436329271678616, 8.17794441899985 ] ], [ [ 81.436601911948756, 8.1782154809598 ], [ 81.436602206926352, 8.17848683699804 ], [ 81.436329861633851, 8.178487131076333 ], [ 81.436329566656227, 8.178215775038089 ], [ 81.436601911948756, 8.1782154809598 ] ] ], [ [ [ 81.39753652, 8.362575827 ], [ 81.397111462, 8.362421559 ], [ 81.396648724, 8.362376643 ], [ 81.3962984, 8.362161066 ], [ 81.396240689, 8.362008159 ], [ 81.396458542, 8.361943723 ], [ 81.396728036, 8.361674228 ], [ 81.396792473, 8.361518665 ], [ 81.396792473, 8.360889844 ], [ 81.396601912, 8.36039577 ], [ 81.396772952, 8.360326755 ], [ 81.396837389, 8.360171192 ], [ 81.396772952, 8.359925797 ], [ 81.396603808, 8.35986136 ], [ 81.396503458, 8.359656302 ], [ 81.396080611, 8.359540159 ], [ 81.395874637, 8.359207144 ], [ 81.395489916, 8.359069584 ], [ 81.395425479, 8.358847818 ], [ 81.395298438, 8.358795196 ], [ 81.395155985, 8.358578324 ], [ 81.39491059, 8.358513887 ], [ 81.394735941, 8.3586244 ], [ 81.393947112, 8.358183384 ], [ 81.39396278, 8.357988924 ], [ 81.394097527, 8.35774574 ], [ 81.394033091, 8.357545261 ], [ 81.393652636491822, 8.357396185210716 ], [ 81.393738618750348, 8.358084043278915 ], [ 81.393858800912909, 8.358684954091734 ], [ 81.393378072262649, 8.359285864904553 ], [ 81.392897343612404, 8.359946866798655 ], [ 81.391094611173941, 8.361809690318395 ], [ 81.390143143745547, 8.362618437632532 ], [ 81.390170413, 8.36260972 ], [ 81.393093143, 8.364638668 ], [ 81.393248706, 8.364703105 ], [ 81.393846192, 8.364703105 ], [ 81.394012274, 8.364792937 ], [ 81.394257669, 8.3647285 ], [ 81.394305398, 8.364613274 ], [ 81.394482248, 8.364548837 ], [ 81.3945916, 8.364289861 ], [ 81.394719335, 8.36420423 ], [ 81.395180084, 8.364253947 ], [ 81.39561765, 8.364069483 ], [ 81.395957233, 8.364164116 ], [ 81.396282162, 8.364548837 ], [ 81.396617389, 8.364703105 ], [ 81.396752136, 8.364748021 ], [ 81.397380957, 8.364703105 ], [ 81.397626352, 8.364593753 ], [ 81.39785093, 8.364369174 ], [ 81.397944615, 8.364161604 ], [ 81.398234356, 8.364253947 ], [ 81.39838992, 8.364189511 ], [ 81.398454356, 8.364033947 ], [ 81.398229777, 8.363225464 ], [ 81.398030594, 8.362890237 ], [ 81.39753652, 8.362575827 ] ] ], [ [ [ 81.283209663, 8.478164904 ], [ 81.283274099, 8.478545046 ], [ 81.283429663, 8.478609483 ], [ 81.28355288696973, 8.478591351318881 ], [ 81.283284154389079, 8.478003978678304 ], [ 81.283274099, 8.478009341 ], [ 81.283209663, 8.478164904 ] ] ], [ [ [ 81.283633426, 8.478994204 ], [ 81.283747898979414, 8.479017591854321 ], [ 81.28357814432735, 8.478646556686224 ], [ 81.283633426, 8.478994204 ] ] ], [ [ [ 81.34109883154737, 8.50548746566357 ], [ 81.338815370458647, 8.506749378370491 ], [ 81.337944049780063, 8.508552110808951 ], [ 81.337479066638124, 8.509415650929693 ], [ 81.337430976916352, 8.509504960412993 ], [ 81.337313093426602, 8.50972388689395 ], [ 81.336351636126096, 8.510595207572539 ], [ 81.335300091263505, 8.511318144665564 ], [ 81.334909450175317, 8.511586710413692 ], [ 81.334158311659294, 8.512247712307792 ], [ 81.333136763277508, 8.512968805283176 ], [ 81.331544349623528, 8.514200672449457 ], [ 81.330793211107505, 8.514801583262276 ], [ 81.330042072591482, 8.515462585156378 ], [ 81.329110660831617, 8.516454087997531 ], [ 81.326977427446096, 8.518827685708168 ], [ 81.325625378117252, 8.520149689496369 ], [ 81.324724011898027, 8.521892330853547 ], [ 81.324224485315071, 8.522674198548595 ], [ 81.324202088976534, 8.522709253687175 ], [ 81.324133972591099, 8.522815870638281 ], [ 81.324051026908691, 8.522945698662911 ], [ 81.324032964463271, 8.522973970316622 ], [ 81.322951325000204, 8.523845290995212 ], [ 81.322771986955345, 8.523958557128802 ], [ 81.322380459728024, 8.524205837482903 ], [ 81.32235728073141, 8.524221842028181 ], [ 81.322231859, 8.524567468 ], [ 81.321922473, 8.524567468 ], [ 81.321766909, 8.524631904 ], [ 81.32154233, 8.524856483 ], [ 81.321448646, 8.525090364 ], [ 81.321218137, 8.525194512 ], [ 81.321018749229665, 8.525117984530711 ], [ 81.320457545126999, 8.525347568027259 ], [ 81.32025173652633, 8.525391048717541 ], [ 81.318324311741492, 8.525798251136875 ], [ 81.3181394031389, 8.525698684966246 ], [ 81.318075348066472, 8.525664193773403 ], [ 81.317543127684829, 8.525377613567901 ], [ 81.316775811160099, 8.524925093566136 ], [ 81.316371351599827, 8.524686566133159 ], [ 81.315860577408927, 8.524025564239057 ], [ 81.315650258624444, 8.523034061397905 ], [ 81.314869074567781, 8.522162740719315 ], [ 81.313442336519287, 8.520783560605782 ], [ 81.313320732485423, 8.520666010039712 ], [ 81.313228598303624, 8.520576946997297 ], [ 81.313066342129318, 8.52042009936214 ], [ 81.312345249153935, 8.519308414358422 ], [ 81.312164975910079, 8.518407048139194 ], [ 81.312171173, 8.518387940445285 ], [ 81.312525522397777, 8.517295363135476 ], [ 81.312675750100979, 8.516574270160094 ], [ 81.312171173, 8.515340859468807 ], [ 81.312134930369439, 8.51525226637189 ], [ 81.311903621426609, 8.515086327347682 ], [ 81.310752835499954, 8.514260763530737 ], [ 81.310144345868849, 8.514032579919073 ], [ 81.310063803281523, 8.514002376448824 ], [ 81.309952223361066, 8.513960533978654 ], [ 81.30931064954919, 8.513719943799201 ], [ 81.308138873464188, 8.513359397311508 ], [ 81.30648636872894, 8.512818577579971 ], [ 81.305044182778175, 8.512247712307792 ], [ 81.303601996827396, 8.511526619332408 ], [ 81.301979537632789, 8.510625253113179 ], [ 81.299005029109338, 8.509213112703053 ], [ 81.294948881122792, 8.509032839459207 ], [ 81.29236496462768, 8.508401883105746 ], [ 81.289210182860373, 8.508672292971514 ], [ 81.286025355552425, 8.508882611756002 ], [ 81.283711848923076, 8.509002793918565 ], [ 81.281999253106534, 8.508401883105746 ], [ 81.28160218023433, 8.507511477271093 ], [ 81.281497216688209, 8.50727610447071 ], [ 81.281417756, 8.50728965 ], [ 81.281094043, 8.507229982 ], [ 81.280781013050571, 8.507348732077439 ], [ 81.28078093429275, 8.50724071358818 ], [ 81.280514998630025, 8.507240906617536 ], [ 81.280454278, 8.507191432 ], [ 81.280351291, 8.506890177 ], [ 81.280182147, 8.506825741 ], [ 81.280330475, 8.506708147 ], [ 81.280824548, 8.506861499 ], [ 81.28124985355602, 8.506721411386401 ], [ 81.280016247424243, 8.503955143090881 ], [ 81.281578615537569, 8.499508403076016 ], [ 81.283441439057313, 8.495422209548842 ], [ 81.283441439057313, 8.493319021703973 ], [ 81.283801985544997, 8.491876835753207 ], [ 81.284823533926797, 8.489473192501928 ], [ 81.285484535820899, 8.48863191736398 ], [ 81.287046903934225, 8.486228274112701 ], [ 81.283811968719263, 8.47915763 ], [ 81.283788989, 8.47915763 ], [ 81.283543594, 8.479311898 ], [ 81.283443243, 8.479696619 ], [ 81.283205084, 8.479696619 ], [ 81.28273511, 8.479940719 ], [ 81.282535926, 8.480320861 ], [ 81.282535926, 8.48054544 ], [ 81.28273511, 8.480880666 ], [ 81.283025421, 8.480990019 ], [ 81.283360648, 8.480925582 ], [ 81.283479157, 8.480748732 ], [ 81.283515719, 8.480903202 ], [ 81.283389326, 8.481084429 ], [ 81.283479157, 8.481340343 ], [ 81.283389326, 8.481533586 ], [ 81.283389326, 8.481803081 ], [ 81.283453762, 8.481958645 ], [ 81.284107978, 8.482112913 ], [ 81.283813088, 8.482186507 ], [ 81.283723257, 8.482276338 ], [ 81.28365882, 8.482431902 ], [ 81.283663622, 8.482982483 ], [ 81.283479157, 8.483240386 ], [ 81.283479157, 8.48350988 ], [ 81.283543594, 8.483665444 ], [ 81.283699157, 8.48372988 ], [ 81.283877257, 8.483693318 ], [ 81.283961102, 8.483779375 ], [ 81.28390292, 8.483803474 ], [ 81.283838484, 8.484048869 ], [ 81.28390292, 8.484204433 ], [ 81.284018147, 8.484252161 ], [ 81.284107978, 8.484484446 ], [ 81.284107978, 8.484947185 ], [ 81.284172415, 8.485102748 ], [ 81.284394181, 8.485266174 ], [ 81.284238147, 8.485266174 ], [ 81.284058484, 8.485388792 ], [ 81.283907343, 8.485277988 ], [ 81.283764889, 8.484881453 ], [ 81.283609326, 8.484817016 ], [ 81.28334757, 8.484920952 ], [ 81.283124555, 8.484876683 ], [ 81.282800842, 8.484682269 ], [ 81.28262339, 8.484675478 ], [ 81.282481853, 8.484511608 ], [ 81.282393798, 8.48433268 ], [ 81.282436937, 8.484183617 ], [ 81.282372501, 8.484028053 ], [ 81.28226498, 8.483959038 ], [ 81.28230219, 8.483586131 ], [ 81.282607598, 8.483370554 ], [ 81.282956406, 8.483306118 ], [ 81.283020842, 8.483150554 ], [ 81.283020842, 8.482791228 ], [ 81.282866574, 8.482545833 ], [ 81.282531348, 8.482481396 ], [ 81.281634596, 8.482877284 ], [ 81.281519101, 8.482725496 ], [ 81.281363538, 8.48266106 ], [ 81.281094043, 8.48266106 ], [ 81.28093848, 8.482725496 ], [ 81.280874043, 8.483126925 ], [ 81.280668985, 8.483264485 ], [ 81.280604548, 8.483420049 ], [ 81.28064111, 8.483598148 ], [ 81.280531425, 8.483739038 ], [ 81.280309659, 8.483803474 ], [ 81.280219827, 8.483893306 ], [ 81.279975728, 8.484421776 ], [ 81.279860501, 8.484522126 ], [ 81.279796065, 8.484722606 ], [ 81.279930812, 8.485108243 ], [ 81.279796065, 8.485306511 ], [ 81.279816566, 8.485445837 ], [ 81.279591007, 8.485510273 ], [ 81.279453447, 8.485715331 ], [ 81.278803339, 8.485805163 ], [ 81.27851524, 8.48593991 ], [ 81.27826435, 8.48593991 ], [ 81.278108786, 8.486004347 ], [ 81.277884208, 8.486228926 ], [ 81.27772994, 8.486698899 ], [ 81.27772994, 8.487282804 ], [ 81.277819771, 8.48752867 ], [ 81.277614713, 8.48766623 ], [ 81.277550277, 8.487839167 ], [ 81.277321119, 8.487781457 ], [ 81.277165555, 8.487845893 ], [ 81.277056203, 8.48844559 ], [ 81.276921456, 8.488630277 ], [ 81.277075724, 8.489055335 ], [ 81.277376979, 8.489158322 ], [ 81.27778122, 8.489742227 ], [ 81.277685024, 8.490043953 ], [ 81.277390134, 8.490181513 ], [ 81.277255387, 8.49031626 ], [ 81.277091516, 8.490656066 ], [ 81.276961793, 8.490656066 ], [ 81.276626566, 8.490810334 ], [ 81.276436384, 8.491015392 ], [ 81.276063478, 8.491015392 ], [ 81.27586521, 8.491105223 ], [ 81.275524488, 8.491105223 ], [ 81.275368925, 8.49116966 ], [ 81.275304488, 8.491415055 ], [ 81.275368925, 8.491570618 ], [ 81.275561854, 8.491703154 ], [ 81.275368925, 8.49179848 ], [ 81.275304488, 8.492043875 ], [ 81.27539432, 8.492209958 ], [ 81.27539432, 8.492403202 ], [ 81.275573983, 8.492748947 ], [ 81.275573983, 8.493032022 ], [ 81.275638419, 8.493187586 ], [ 81.275882584, 8.493252022 ], [ 81.275843478, 8.493371513 ], [ 81.275704151, 8.493351011 ], [ 81.27547027, 8.49350051 ], [ 81.275344825, 8.493485759 ], [ 81.27509943, 8.493595111 ], [ 81.274855331, 8.494808817 ], [ 81.274702424, 8.494788316 ], [ 81.27444651, 8.494608653 ], [ 81.274201115, 8.494673089 ], [ 81.274136678, 8.495008316 ], [ 81.274282324, 8.495322726 ], [ 81.27422651, 8.495650717 ], [ 81.274021452, 8.495885815 ], [ 81.273957015, 8.496062665 ], [ 81.273751957, 8.496200225 ], [ 81.273704229, 8.496315452 ], [ 81.273482463, 8.496379888 ], [ 81.273422828, 8.496726707 ], [ 81.273238363, 8.497074441 ], [ 81.273306763, 8.497411309 ], [ 81.273238363, 8.497608406 ], [ 81.272718895, 8.498041772 ], [ 81.272340048, 8.499050735 ], [ 81.272308723, 8.49937725 ], [ 81.272045158, 8.499479076 ], [ 81.271980722, 8.49963464 ], [ 81.272034639, 8.499908713 ], [ 81.271775664, 8.499973149 ], [ 81.271711227, 8.500128713 ], [ 81.271775664, 8.500374108 ], [ 81.271944808, 8.500438544 ], [ 81.272052897, 8.500646808 ], [ 81.272070553, 8.501220272 ], [ 81.271992536, 8.501357832 ], [ 81.271865495, 8.501410454 ], [ 81.271801059, 8.501655849 ], [ 81.271865495, 8.501811412 ], [ 81.272128264, 8.501875849 ], [ 81.272070553, 8.50228467 ], [ 81.27213499, 8.502440233 ], [ 81.272584148, 8.503248717 ], [ 81.272871331, 8.503542311 ], [ 81.272827331, 8.503674847 ], [ 81.272404484, 8.503970652 ], [ 81.272295132, 8.504216048 ], [ 81.272295132, 8.504575374 ], [ 81.272494316, 8.5049106 ], [ 81.272733646, 8.50501744 ], [ 81.272943474, 8.50522501 ], [ 81.273148532, 8.505289447 ], [ 81.273148532, 8.505478268 ], [ 81.272943474, 8.505542704 ], [ 81.272879037, 8.505788099 ], [ 81.272943474, 8.505943663 ], [ 81.2730587, 8.505991391 ], [ 81.273123137, 8.506302989 ], [ 81.273272636, 8.506364913 ], [ 81.27337311, 8.506538087 ], [ 81.27341625, 8.50692531 ], [ 81.273328195, 8.507225404 ], [ 81.273572294, 8.507740293 ], [ 81.273867184, 8.507930475 ], [ 81.273957015, 8.508110138 ], [ 81.273957015, 8.508393214 ], [ 81.274021452, 8.508548777 ], [ 81.274136678, 8.508596505 ], [ 81.274201115, 8.508818272 ], [ 81.274356678, 8.508882708 ], [ 81.274671089, 8.508826894 ], [ 81.274895668, 8.508882708 ], [ 81.275389741, 8.50868444 ], [ 81.27561432, 8.508703045 ], [ 81.275949546, 8.508548777 ], [ 81.276051886, 8.508428749 ], [ 81.276308872, 8.508369114 ], [ 81.276373309, 8.508038912 ], [ 81.276426767, 8.508016768 ], [ 81.276382467, 8.508483045 ], [ 81.276536735, 8.508997935 ], [ 81.27675746, 8.509194606 ], [ 81.276878136, 8.509448734 ], [ 81.276786709, 8.509830518 ], [ 81.276896061, 8.510165744 ], [ 81.27712064, 8.510390323 ], [ 81.277455866, 8.510499676 ], [ 81.277635529, 8.510499676 ], [ 81.277970756, 8.510300492 ], [ 81.278035192, 8.510144928 ], [ 81.277973568, 8.509870855 ], [ 81.279297412, 8.51045476 ], [ 81.279566907, 8.510372635 ], [ 81.279881318, 8.510499676 ], [ 81.280271243, 8.510276873 ], [ 81.280465222, 8.510320013 ], [ 81.28089028, 8.510165744 ], [ 81.280915944, 8.510103788 ], [ 81.281094043, 8.51014035 ], [ 81.281249607, 8.510075913 ], [ 81.281324912637331, 8.509953888656741 ], [ 81.28132807283238, 8.509953886362929 ], [ 81.281328271582538, 8.510225243300493 ], [ 81.281873433412272, 8.510224847598787 ], [ 81.281873630363805, 8.510496205435665 ], [ 81.282691372209115, 8.510495610983789 ], [ 81.282691570959287, 8.510766967022027 ], [ 81.283056873495795, 8.510766700182717 ], [ 81.283339831, 8.510859002 ], [ 81.283630142, 8.510794565 ], [ 81.283667890258428, 8.51076625385871 ], [ 81.285384262324612, 8.510765000115599 ], [ 81.285405956, 8.51076917 ], [ 81.285417382328419, 8.510765543982576 ], [ 81.285417583354828, 8.511036331961273 ], [ 81.286507907014368, 8.511035530665348 ], [ 81.286508107563193, 8.511306886703586 ], [ 81.287325853905102, 8.511306283258515 ], [ 81.287326056252539, 8.511577639296751 ], [ 81.28787121808233, 8.511577236400491 ], [ 81.287871421329086, 8.511848592438733 ], [ 81.288961746787251, 8.51184778304887 ], [ 81.288961544439758, 8.511576427010631 ], [ 81.289421610714371, 8.511576084727078 ], [ 81.289472475, 8.511872544 ], [ 81.289628038, 8.51193698 ], [ 81.289963265, 8.511872544 ], [ 81.290100825, 8.511667486 ], [ 81.290211943, 8.511648881 ], [ 81.290795848, 8.511847149 ], [ 81.290951412, 8.511782712 ], [ 81.291020427, 8.511424302 ], [ 81.291089442, 8.511513218 ], [ 81.291490872, 8.511667486 ], [ 81.2915386, 8.511782712 ], [ 81.291694164, 8.511847149 ], [ 81.291939558, 8.511782712 ], [ 81.292058514, 8.511532738 ], [ 81.292232438915377, 8.511466071436109 ], [ 81.292232520814238, 8.511573982653296 ], [ 81.295503495390051, 8.511571510416992 ], [ 81.295503703133477, 8.511842865555971 ], [ 81.297139192220001, 8.511841619994902 ], [ 81.297139401762024, 8.512112977831785 ], [ 81.297436202016783, 8.512112750455522 ], [ 81.297467481, 8.51223187 ], [ 81.297636625, 8.512296306 ], [ 81.297736975, 8.512501364 ], [ 81.297892539, 8.512565801 ], [ 81.298321861, 8.512565801 ], [ 81.29830136, 8.512705127 ], [ 81.298365796, 8.51286069 ], [ 81.298635291, 8.513130185 ], [ 81.29893018, 8.513194622 ], [ 81.298994617, 8.51339968 ], [ 81.299121658, 8.513452302 ], [ 81.29917428, 8.513579343 ], [ 81.299329843, 8.513643779 ], [ 81.299507943, 8.513607217 ], [ 81.299623438, 8.513893753 ], [ 81.299918327, 8.514048021 ], [ 81.300072595, 8.514387826 ], [ 81.300252258, 8.514612405 ], [ 81.300677316, 8.51490142 ], [ 81.301012543, 8.514836984 ], [ 81.301076979, 8.514525386 ], [ 81.301192206, 8.514477658 ], [ 81.301256642, 8.514322094 ], [ 81.301256642, 8.514142431 ], [ 81.301076979, 8.513886517 ], [ 81.301040054335601, 8.513738112925203 ], [ 81.301229397918462, 8.513737966434158 ], [ 81.30122961015843, 8.514009321573079 ], [ 81.302047357399644, 8.514008686651703 ], [ 81.302047571438322, 8.514280043589258 ], [ 81.302592737764712, 8.514279620907908 ], [ 81.302592950904014, 8.514550976046827 ], [ 81.302865533617535, 8.514550763806861 ], [ 81.302865747656199, 8.5148221198451 ], [ 81.303233711083081, 8.514821832125669 ], [ 81.30330653, 8.515016647 ], [ 81.303411101132866, 8.515059961970612 ], [ 81.303411127121876, 8.515093049604712 ], [ 81.30361909900401, 8.515092886605514 ], [ 81.304059579, 8.515125999 ], [ 81.30451155, 8.515428595 ], [ 81.304564172, 8.515555636 ], [ 81.304719735, 8.515620073 ], [ 81.30496513, 8.515555636 ], [ 81.305012858, 8.51544041 ], [ 81.305362136, 8.51544041 ], [ 81.305552318, 8.515645468 ], [ 81.30615704, 8.515889567 ], [ 81.30642497, 8.515853006 ], [ 81.306606197, 8.515979399 ], [ 81.306979104, 8.515979399 ], [ 81.307169286, 8.516274288 ], [ 81.307750378, 8.516428556 ], [ 81.307798107, 8.516543783 ], [ 81.308046301206815, 8.516657999748988 ], [ 81.30804634895992, 8.516717539982643 ], [ 81.308318932572732, 8.516717323246022 ], [ 81.308319367844589, 8.517260034423185 ], [ 81.308864538667592, 8.517259601849313 ], [ 81.308864756303535, 8.517530956988235 ], [ 81.309100056852202, 8.517530770285195 ], [ 81.309081143, 8.517622232 ], [ 81.308986733, 8.517661338 ], [ 81.308762154, 8.517605524 ], [ 81.308426927, 8.517759792 ], [ 81.308362491, 8.517915356 ], [ 81.308362491, 8.518274682 ], [ 81.308426927, 8.518430245 ], [ 81.308952761, 8.518892558 ], [ 81.308876085, 8.518927602 ], [ 81.308811648, 8.519083165 ], [ 81.308876085, 8.519418392 ], [ 81.309350638, 8.519662492 ], [ 81.309260806, 8.520174724 ], [ 81.309031648, 8.520120807 ], [ 81.308876085, 8.520185243 ], [ 81.308811648, 8.520340807 ], [ 81.308811648, 8.52052047 ], [ 81.308991312, 8.520776384 ], [ 81.308996113, 8.520891388 ], [ 81.308811648, 8.521149291 ], [ 81.308811648, 8.521418785 ], [ 81.308965916, 8.521754012 ], [ 81.309228685, 8.52190828 ], [ 81.309170975, 8.522047606 ], [ 81.309208184, 8.522227269 ], [ 81.309081143, 8.522496764 ], [ 81.30914558, 8.52283199 ], [ 81.309235411, 8.523011653 ], [ 81.309570638, 8.52307609 ], [ 81.309816033, 8.522921822 ], [ 81.309970301, 8.522430561 ], [ 81.310091022, 8.522369567 ], [ 81.310133726, 8.522472664 ], [ 81.310468953, 8.5225371 ], [ 81.310787942, 8.522389558 ], [ 81.310787942, 8.522676427 ], [ 81.31094221, 8.523011653 ], [ 81.311163976, 8.52307609 ], [ 81.311211705, 8.523191316 ], [ 81.311546931, 8.523345584 ], [ 81.311725031, 8.523309023 ], [ 81.31178819315474, 8.523353074373558 ], [ 81.31179561, 8.523370979 ], [ 81.311822388, 8.523376923 ], [ 81.311906257, 8.523435416 ], [ 81.312106737, 8.523370979 ], [ 81.311979647, 8.523411828 ], [ 81.31208592, 8.523435416 ], [ 81.312241955, 8.523435416 ], [ 81.312289683, 8.523550642 ], [ 81.312445246, 8.523615079 ], [ 81.312741052, 8.523615079 ], [ 81.31314027, 8.523794742 ], [ 81.313123562, 8.524383226 ], [ 81.31332183, 8.524697636 ], [ 81.313303225, 8.525640867 ], [ 81.313482888, 8.525896781 ], [ 81.313547324, 8.526155757 ], [ 81.31379272, 8.526220193 ], [ 81.313958802, 8.526130362 ], [ 81.31413221, 8.526130362 ], [ 81.314111709, 8.526359519 ], [ 81.314176145, 8.526515083 ], [ 81.314419329, 8.526631225 ], [ 81.314535471, 8.526784577 ], [ 81.314870698, 8.526938845 ], [ 81.315161087, 8.526892981 ], [ 81.315183877, 8.526948003 ], [ 81.314894797, 8.527102271 ], [ 81.314830361, 8.527257835 ], [ 81.314830361, 8.527527329 ], [ 81.314984629, 8.527772724 ], [ 81.315250996, 8.527828474 ], [ 81.315189687, 8.528245981 ], [ 81.315523618, 8.528850702 ], [ 81.315679182, 8.528915139 ], [ 81.316014408, 8.528850702 ], [ 81.316078845, 8.528591727 ], [ 81.316283903, 8.528491376 ], [ 81.316527567, 8.5281572 ], [ 81.316806654, 8.528322232 ], [ 81.316716823, 8.528605307 ], [ 81.316843216, 8.528786534 ], [ 81.316691428, 8.528988733 ], [ 81.316626991, 8.529234128 ], [ 81.316871091, 8.529838849 ], [ 81.31727252, 8.529903286 ], [ 81.317255812, 8.530222275 ], [ 81.31741008, 8.53046767 ], [ 81.317565644, 8.530532106 ], [ 81.317598213421931, 8.530532106 ], [ 81.317598227376337, 8.530548981750242 ], [ 81.317870820881765, 8.530548758718377 ], [ 81.317871045712252, 8.530820113857295 ], [ 81.318143639217624, 8.530819889926116 ], [ 81.318143864048125, 8.531091246863676 ], [ 81.318416457553553, 8.531091023831818 ], [ 81.31841668328336, 8.531362378970734 ], [ 81.319234465598186, 8.531361706277876 ], [ 81.31923469222734, 8.531633061416793 ], [ 81.320325073443414, 8.531632162994052 ], [ 81.320324845914968, 8.531360807855133 ], [ 81.320870034724408, 8.531360357294812 ], [ 81.320869808095225, 8.531089002155891 ], [ 81.321142401600653, 8.531088776426014 ], [ 81.321142175870762, 8.530817420387773 ], [ 81.32141477027551, 8.530817194657953 ], [ 81.321414730851828, 8.530770052973262 ], [ 81.321494131, 8.530737164 ], [ 81.321558568, 8.530581601 ], [ 81.321558568, 8.530132443 ], [ 81.321480866, 8.529971385 ], [ 81.321583963, 8.529928681 ], [ 81.321684313, 8.529723623 ], [ 81.321853458, 8.529659186 ], [ 81.321917894, 8.529364297 ], [ 81.322158643, 8.529269664 ], [ 81.322298192, 8.529352482 ], [ 81.322440646, 8.529659186 ], [ 81.322596209, 8.529723623 ], [ 81.322841604, 8.529659186 ], [ 81.322906041, 8.529454128 ], [ 81.323111099, 8.529389692 ], [ 81.323227242, 8.529146508 ], [ 81.323343384, 8.528993156 ], [ 81.323470425, 8.528940534 ], [ 81.323534862, 8.52877139 ], [ 81.323650088, 8.528671039 ], [ 81.323714524, 8.528515476 ], [ 81.323691118, 8.528369137 ], [ 81.323919583, 8.528221882 ], [ 81.323984019, 8.527976487 ], [ 81.323906317, 8.527815428 ], [ 81.324009414, 8.527772724 ], [ 81.324059747, 8.52749328 ], [ 81.324304572, 8.52726161 ], [ 81.324572503, 8.527298171 ], [ 81.325097912, 8.527028677 ], [ 81.325356887, 8.52696424 ], [ 81.325421324, 8.526808677 ], [ 81.325421324, 8.526166276 ], [ 81.325472382, 8.5260938 ], [ 81.325740313, 8.526130362 ], [ 81.325895876, 8.526065925 ], [ 81.325960313, 8.525910362 ], [ 81.325960313, 8.525730698 ], [ 81.325690818, 8.52520529 ], [ 81.32578065, 8.525012046 ], [ 81.32578065, 8.524782889 ], [ 81.326818291, 8.525232046 ], [ 81.327087786, 8.525232046 ], [ 81.327243349, 8.52516761 ], [ 81.327307786, 8.524832383 ], [ 81.327140252, 8.524581493 ], [ 81.327423012, 8.524359126 ], [ 81.327487449, 8.524203562 ], [ 81.327487449, 8.523830656 ], [ 81.327628986, 8.523576953 ], [ 81.328242015, 8.523255753 ], [ 81.32852509, 8.523255753 ], [ 81.328770485, 8.523101485 ], [ 81.329014585, 8.522393351 ], [ 81.329219643, 8.522203169 ], [ 81.329284079, 8.522047606 ], [ 81.329284079, 8.521778111 ], [ 81.329194248, 8.521584868 ], [ 81.329243742, 8.521516167 ], [ 81.329267842, 8.521574349 ], [ 81.329513237, 8.521638785 ], [ 81.329938295, 8.521484517 ], [ 81.329996366, 8.521183262 ], [ 81.33020779, 8.52103536 ], [ 81.330272226, 8.520866215 ], [ 81.330387453, 8.520765865 ], [ 81.330631552, 8.520111649 ], [ 81.33083661, 8.520047213 ], [ 81.330901047, 8.519752323 ], [ 81.331143785, 8.519752323 ], [ 81.331309868, 8.519842155 ], [ 81.331579362, 8.519842155 ], [ 81.331734926, 8.519777718 ], [ 81.331799362, 8.519532323 ], [ 81.331734926, 8.51937676 ], [ 81.331583137, 8.519261265 ], [ 81.331745445, 8.518943839 ], [ 81.33202852, 8.518943839 ], [ 81.332553928, 8.518764176 ], [ 81.332670921, 8.518764176 ], [ 81.333016666, 8.518943839 ], [ 81.334184476, 8.518943839 ], [ 81.334620054, 8.518674345 ], [ 81.334879029, 8.518609908 ], [ 81.335123129, 8.518274682 ], [ 81.335086567, 8.517916919 ], [ 81.335328187, 8.517801424 ], [ 81.33550785, 8.517621761 ], [ 81.335751949, 8.516967546 ], [ 81.335957007, 8.516903109 ], [ 81.33613667, 8.516723446 ], [ 81.336279124, 8.516237079 ], [ 81.336585828, 8.516094625 ], [ 81.337061297, 8.515581947 ], [ 81.33730448, 8.515465805 ], [ 81.337484143, 8.515286142 ], [ 81.33754858, 8.515064376 ], [ 81.337690118, 8.514953127 ], [ 81.338202796, 8.514747152 ], [ 81.338318938, 8.514503969 ], [ 81.338857927, 8.51396498 ], [ 81.339280774, 8.513759006 ], [ 81.339470956, 8.513553948 ], [ 81.340179089, 8.513309848 ], [ 81.340231711, 8.513182807 ], [ 81.340358752, 8.513130185 ], [ 81.340501206, 8.512913312 ], [ 81.340818429, 8.512655632 ], [ 81.341011673, 8.512745464 ], [ 81.341730325, 8.512745464 ], [ 81.341885888, 8.512681027 ], [ 81.341954904, 8.512509987 ], [ 81.342359146, 8.512565801 ], [ 81.342514709, 8.512501364 ], [ 81.342694372, 8.512321701 ], [ 81.343016489, 8.511745503 ], [ 81.343233361, 8.511603049 ], [ 81.343297798, 8.511447486 ], [ 81.343261236, 8.511179555 ], [ 81.343502856, 8.51106406 ], [ 81.34377235, 8.510794565 ], [ 81.343836787, 8.510639002 ], [ 81.343836787, 8.510266095 ], [ 81.344155776, 8.510230181 ], [ 81.344580834, 8.509986082 ], [ 81.344645271, 8.509830518 ], [ 81.344645271, 8.509277948 ], [ 81.345004597, 8.508662708 ], [ 81.344974609842197, 8.508545864688573 ], [ 81.345110491555999, 8.508545744090927 ], [ 81.345110248739033, 8.50827438985133 ], [ 81.345655405172863, 8.508273906016067 ], [ 81.345655160557271, 8.508002550877142 ], [ 81.345927738774222, 8.508002308959512 ], [ 81.345927174250676, 8.507373068970841 ], [ 81.346042238, 8.507445404 ], [ 81.346325313, 8.507445404 ], [ 81.346271396, 8.507764393 ], [ 81.346335832, 8.507919956 ], [ 81.346491396, 8.507984393 ], [ 81.34676089, 8.507984393 ], [ 81.347016804, 8.50780473 ], [ 81.348108363, 8.50780473 ], [ 81.348533421, 8.507650462 ], [ 81.348597858, 8.507494898 ], [ 81.348597858, 8.507135572 ], [ 81.34844359, 8.506710514 ], [ 81.348108363, 8.506556246 ], [ 81.347883784, 8.50661206 ], [ 81.347661417, 8.506414708 ], [ 81.34751988, 8.505981343 ], [ 81.347484882, 8.505613775 ], [ 81.3479287, 8.505648773 ], [ 81.348211775, 8.505558942 ], [ 81.348467689, 8.505738605 ], [ 81.348647352, 8.505738605 ], [ 81.348892748, 8.505584337 ], [ 81.348957184, 8.50524911 ], [ 81.348867352, 8.505083028 ], [ 81.348867352, 8.504743423676173 ], [ 81.349468294126538, 8.50474288437673 ], [ 81.34946804771225, 8.504471530137129 ], [ 81.350013196951522, 8.504471040006628 ], [ 81.350012951436611, 8.504199685767025 ], [ 81.350558099776549, 8.504199194737202 ], [ 81.350557606048696, 8.503656486257999 ], [ 81.350830179769048, 8.503656240743032 ], [ 81.35082941653782, 8.50281652501358 ], [ 81.351086384, 8.502863996 ], [ 81.351186735, 8.502979222 ], [ 81.351611793, 8.50313349 ], [ 81.351867707, 8.503043659 ], [ 81.352240614, 8.503043659 ], [ 81.352396177, 8.502979222 ], [ 81.352460614, 8.502823659 ], [ 81.352460614, 8.502540584 ], [ 81.352755503, 8.502440233 ], [ 81.352855854, 8.502325006 ], [ 81.353204661, 8.502170738 ], [ 81.353394843, 8.501875849 ], [ 81.353664338, 8.501786017 ], [ 81.35439657, 8.501786017 ], [ 81.354552134, 8.501721581 ], [ 81.354821628, 8.501452086 ], [ 81.35501181, 8.500977534 ], [ 81.355218635, 8.500977534 ], [ 81.355384717, 8.501067365 ], [ 81.355833875, 8.501067365 ], [ 81.355989438, 8.501002929 ], [ 81.356053875, 8.500654122 ], [ 81.356348764, 8.50046394 ], [ 81.356413201, 8.500308376 ], [ 81.3563927, 8.50016905 ], [ 81.35670809, 8.500104613 ], [ 81.356887754, 8.49992495 ], [ 81.35695219, 8.499769387 ], [ 81.35695219, 8.49939648 ], [ 81.357042022, 8.499216817 ], [ 81.357426743, 8.499026635 ], [ 81.357542885, 8.498783452 ], [ 81.357706756, 8.498641914 ], [ 81.358145395, 8.498487646 ], [ 81.358325058, 8.498218151 ], [ 81.358389494, 8.497869344 ], [ 81.358569158, 8.497523599 ], [ 81.358569158, 8.497343936 ], [ 81.358352285, 8.496804946 ], [ 81.358569158, 8.49644562 ], [ 81.358569158, 8.495726968 ], [ 81.358423512, 8.495502389 ], [ 81.358594553, 8.495343542 ], [ 81.358658989, 8.495187979 ], [ 81.358658989, 8.494779158 ], [ 81.359876294, 8.494779158 ], [ 81.360121689, 8.49462489 ], [ 81.360186125, 8.494469327 ], [ 81.360186125, 8.49411 ], [ 81.360130311, 8.493975253 ], [ 81.360186125, 8.493840506 ], [ 81.360186125, 8.493377768 ], [ 81.360275957, 8.493211685 ], [ 81.360218246, 8.492892696 ], [ 81.360391183, 8.49282826 ], [ 81.36045562, 8.492672696 ], [ 81.36045562, 8.492403202 ], [ 81.360360987, 8.49223513 ], [ 81.360365788, 8.491954044 ], [ 81.360186125, 8.491518467 ], [ 81.360186125, 8.491235392 ], [ 81.36000166, 8.490887657 ], [ 81.360006462, 8.490696402 ], [ 81.359852194, 8.490361176 ], [ 81.359339516, 8.49006537 ], [ 81.359223373, 8.489912018 ], [ 81.358928484, 8.489811668 ], [ 81.358658989, 8.489272679 ], [ 81.358658989, 8.488989603 ], [ 81.358594553, 8.48883404 ], [ 81.358299663, 8.488679772 ], [ 81.358145395, 8.488295051 ], [ 81.357902211, 8.488178908 ], [ 81.357786069, 8.488025556 ], [ 81.355294886, 8.48679331 ], [ 81.355101642, 8.48679331 ], [ 81.35493556, 8.486703478 ], [ 81.354576233, 8.486703478 ], [ 81.35442067, 8.486767915 ], [ 81.354377966, 8.486871012 ], [ 81.354192808, 8.486678083 ], [ 81.354037244, 8.486613647 ], [ 81.353835295033889, 8.486613647 ], [ 81.353657867535304, 8.48679913938488 ], [ 81.353237229966325, 8.487580323441545 ], [ 81.352996865641202, 8.488361507498212 ], [ 81.352996865641202, 8.489803693448978 ], [ 81.353417503210167, 8.4910656061559 ], [ 81.353544810784996, 8.491523913425276 ], [ 81.353673002884378, 8.491985404983042 ], [ 81.353717958616585, 8.492147245618975 ], [ 81.353818431923344, 8.492674730479459 ], [ 81.353860295876586, 8.492894516234022 ], [ 81.353893840434978, 8.493070625165567 ], [ 81.353958322941708, 8.493409158325896 ], [ 81.354092782665646, 8.494619295841359 ], [ 81.35419868726683, 8.495572437252047 ], [ 81.354093764302647, 8.495690475586754 ], [ 81.354010570690633, 8.495784068400278 ], [ 81.353861319455305, 8.49595197604002 ], [ 81.353821476159126, 8.495996799748221 ], [ 81.353769171873481, 8.496055642069578 ], [ 81.353717958616585, 8.496113256983584 ], [ 81.353549166731852, 8.496282048868313 ], [ 81.35350397779257, 8.496327237807597 ], [ 81.353056956722483, 8.496774258877686 ], [ 81.352732206916201, 8.497099008683961 ], [ 81.352215681584525, 8.497615534015633 ], [ 81.352104086393538, 8.497685281009996 ], [ 81.351942306472921, 8.497786393460389 ], [ 81.351915140325758, 8.497803372302364 ], [ 81.351669290335678, 8.497957028546162 ], [ 81.35125422428402, 8.498216444828453 ], [ 81.350713404552479, 8.498456809153581 ], [ 81.350008192332311, 8.49895460601488 ], [ 81.349691856170693, 8.499177902128965 ], [ 81.349631765089413, 8.499298084291528 ], [ 81.348761395726527, 8.500831592216615 ], [ 81.348647213686021, 8.501032770097499 ], [ 81.34836985238249, 8.501521454298961 ], [ 81.347829032650949, 8.5027232759246 ], [ 81.345605662643507, 8.504345735119214 ], [ 81.344289367748544, 8.504747936337116 ], [ 81.34344238371736, 8.505006737013314 ], [ 81.342661199660697, 8.50548746566357 ], [ 81.34109883154737, 8.50548746566357 ] ], [ [ 81.273596614, 8.498740903 ], [ 81.273548195, 8.498740903 ], [ 81.273441244, 8.498785203 ], [ 81.273489698, 8.498731745 ], [ 81.273596614, 8.498740903 ] ], [ [ 81.276463756, 8.507961175 ], [ 81.276472298, 8.507940552 ], [ 81.276472298, 8.507957636 ], [ 81.276463756, 8.507961175 ] ], [ [ 81.344835358239081, 8.508003278474362 ], [ 81.344837428604478, 8.508003276630042 ], [ 81.344837435850067, 8.508011373771296 ], [ 81.344835358239081, 8.508003278474362 ] ], [ [ 81.327855932, 8.518315019 ], [ 81.327820018, 8.518414008 ], [ 81.327756943, 8.518414008 ], [ 81.327756943, 8.518315019 ], [ 81.327855932, 8.518315019 ] ] ], [ [ [ 81.244393285, 8.564133677 ], [ 81.244145222, 8.563482398 ], [ 81.244213622, 8.563320614 ], [ 81.24441868, 8.563256178 ], [ 81.244572948, 8.562920951 ], [ 81.244572948, 8.562764917 ], [ 81.244688175, 8.562717189 ], [ 81.244752611, 8.562458213 ], [ 81.245137332, 8.562357863 ], [ 81.245201769, 8.562112468 ], [ 81.245137332, 8.561956904 ], [ 81.245022106, 8.561909176 ], [ 81.245073812, 8.561665521 ], [ 81.245496658, 8.561549379 ], [ 81.245766153, 8.561369716 ], [ 81.245830589, 8.561034489 ], [ 81.245720257, 8.560805332 ], [ 81.245904106, 8.560733156 ], [ 81.246284326, 8.5607155 ], [ 81.246572425, 8.560580753 ], [ 81.246836896, 8.560580753 ], [ 81.24709281, 8.5607155 ], [ 81.247317388, 8.5607155 ], [ 81.247472952, 8.560651064 ], [ 81.247582304, 8.560405668 ], [ 81.247517868, 8.560160273 ], [ 81.246933853, 8.559879835 ], [ 81.247023794, 8.55984258 ], [ 81.247178062, 8.559441151 ], [ 81.247472952, 8.559258675 ], [ 81.247537388, 8.558923448 ], [ 81.247357725, 8.558667534 ], [ 81.2472756, 8.558384459 ], [ 81.247447557, 8.557980217 ], [ 81.247447557, 8.557710723 ], [ 81.247293289, 8.557285665 ], [ 81.246908568, 8.556793803 ], [ 81.246908568, 8.556561517 ], [ 81.247088231, 8.556183587 ], [ 81.246998399, 8.555927673 ], [ 81.247088231, 8.555644597 ], [ 81.247010529, 8.555393708 ], [ 81.247113626, 8.555351003 ], [ 81.247178062, 8.555105608 ], [ 81.247023794, 8.554770382 ], [ 81.246803985, 8.554692064 ], [ 81.246791477, 8.554186399 ], [ 81.246908568, 8.553937798 ], [ 81.246953483, 8.553443725 ], [ 81.246639073, 8.552891155 ], [ 81.246844131, 8.552700973 ], [ 81.246953483, 8.552320831 ], [ 81.246799215, 8.551985604 ], [ 81.246685064, 8.55191201 ], [ 81.247113626, 8.551757742 ], [ 81.247178062, 8.551602179 ], [ 81.247088231, 8.551346265 ], [ 81.247088231, 8.550959777 ], [ 81.247203457, 8.550859427 ], [ 81.247267894, 8.550614032 ], [ 81.247203457, 8.550458468 ], [ 81.247032417, 8.550389453 ], [ 81.247088231, 8.550188503 ], [ 81.247203457, 8.550140775 ], [ 81.247267894, 8.549985211 ], [ 81.247267894, 8.54965722 ], [ 81.24738312, 8.54955687 ], [ 81.247537388, 8.549176727 ], [ 81.247537388, 8.548997064 ], [ 81.247314586, 8.548562223 ], [ 81.247497051, 8.548588244 ], [ 81.247652615, 8.548523807 ], [ 81.247790175, 8.548318749 ], [ 81.248011941, 8.548254313 ], [ 81.248076378, 8.548098749 ], [ 81.248039816, 8.54792065 ], [ 81.248166209, 8.547739423 ], [ 81.248110395, 8.547514844 ], [ 81.248281436, 8.547445829 ], [ 81.248345872, 8.547290265 ], [ 81.248345872, 8.546930939 ], [ 81.248191604, 8.546505881 ], [ 81.248133423, 8.546481782 ], [ 81.248191604, 8.546457682 ], [ 81.248256041, 8.546212287 ], [ 81.248191604, 8.546056724 ], [ 81.248020563, 8.545987708 ], [ 81.248076378, 8.545763129 ], [ 81.248011941, 8.545607566 ], [ 81.2478409, 8.545538551 ], [ 81.247896715, 8.545403803 ], [ 81.247896715, 8.544954646 ], [ 81.247806883, 8.544531799 ], [ 81.247851799, 8.544101246 ], [ 81.247742447, 8.543855851 ], [ 81.247582304, 8.543755501 ], [ 81.247582304, 8.543607173 ], [ 81.24738312, 8.543271946 ], [ 81.247213976, 8.54320751 ], [ 81.247113626, 8.543047367 ], [ 81.246823315, 8.542982931 ], [ 81.246664546, 8.543055106 ], [ 81.24623941, 8.542893099 ], [ 81.246045431, 8.542936239 ], [ 81.245927211, 8.542841393 ], [ 81.245776672, 8.542569531 ], [ 81.246035078, 8.542585624 ], [ 81.246349488, 8.542810203 ], [ 81.246398257, 8.542909337 ], [ 81.24655382, 8.542973773 ], [ 81.2467543, 8.542909337 ], [ 81.246818736, 8.542663942 ], [ 81.246664468, 8.542328715 ], [ 81.246350058, 8.542014305 ], [ 81.246061959, 8.541898162 ], [ 81.245855984, 8.541565147 ], [ 81.245475842, 8.541365963 ], [ 81.245206348, 8.541276132 ], [ 81.244826127, 8.541348307 ], [ 81.24441868, 8.541026158 ], [ 81.243948706, 8.54087189 ], [ 81.243769043, 8.54087189 ], [ 81.243535303128226, 8.54095993324486 ], [ 81.243540961086083, 8.540971249160572 ], [ 81.244262054061466, 8.542533617273902 ], [ 81.244862964874287, 8.542894163761595 ], [ 81.245824422174806, 8.544937260525181 ], [ 81.246425332987627, 8.54613908215082 ], [ 81.246141596321522, 8.547628699647879 ], [ 81.246182064, 8.547761881 ], [ 81.246154157, 8.548888628 ], [ 81.246118243, 8.548956727 ], [ 81.245944604337367, 8.549028686458518 ], [ 81.245944604337367, 8.55010509351543 ], [ 81.245944604337367, 8.550826186490813 ], [ 81.246064786499929, 8.552268372441581 ], [ 81.245584057849669, 8.554191287042604 ], [ 81.245463875687108, 8.555513290830806 ], [ 81.24570424001223, 8.556715112456446 ], [ 81.246785879475311, 8.557916934082085 ], [ 81.246906061637873, 8.558638027057469 ], [ 81.246425332987627, 8.560560941658492 ], [ 81.245223511361985, 8.560560941658492 ], [ 81.24378132541122, 8.56140221679644 ], [ 81.242819868110701, 8.563084767072334 ], [ 81.243060232435823, 8.563926042210282 ], [ 81.243661143248644, 8.564526953023101 ], [ 81.243252122503364, 8.565426798662704 ], [ 81.243520365, 8.565367219 ], [ 81.243665631, 8.565027413 ], [ 81.244059354, 8.564873145 ], [ 81.244239017, 8.564693482 ], [ 81.244348369, 8.564448087 ], [ 81.244393285, 8.564133677 ] ] ], [ [ [ 81.241747834, 8.571944441 ], [ 81.24208306, 8.571790173 ], [ 81.242147497, 8.571544778 ], [ 81.24208306, 8.571389214 ], [ 81.241723734, 8.571029888 ], [ 81.24137303, 8.570871042 ], [ 81.241506862, 8.570674985 ], [ 81.241633903, 8.570622363 ], [ 81.241788171, 8.570287137 ], [ 81.241661777, 8.56965988 ], [ 81.241788171, 8.569478653 ], [ 81.241788171, 8.56929899 ], [ 81.241723734, 8.569143426 ], [ 81.241608508, 8.569095698 ], [ 81.241608508, 8.568939664 ], [ 81.24148589, 8.568760001 ], [ 81.241723734, 8.56864607 ], [ 81.241788171, 8.568400674 ], [ 81.241723734, 8.568245111 ], [ 81.241608508, 8.568197383 ], [ 81.241544071, 8.567975616 ], [ 81.241388508, 8.56791118 ], [ 81.24115935, 8.567968891 ], [ 81.24115935, 8.567758273 ], [ 81.241339013, 8.567502359 ], [ 81.241339013, 8.567143033 ], [ 81.241140745, 8.566828623 ], [ 81.241249181, 8.566564152 ], [ 81.241691974, 8.566009195 ], [ 81.241993229, 8.565951124 ], [ 81.242022914546794, 8.565848956811305 ], [ 81.241257499997374, 8.565848956811305 ], [ 81.240055678371732, 8.566690231949252 ], [ 81.239574949721472, 8.567892053574891 ], [ 81.238974038908651, 8.570776425476426 ], [ 81.23933458539635, 8.57209842926463 ], [ 81.242579503785578, 8.574982801166163 ], [ 81.243996162607971, 8.575717365 ], [ 81.244312611, 8.575717365 ], [ 81.244374209229292, 8.575913389174012 ], [ 81.24440659420911, 8.57593018138577 ], [ 81.244622443, 8.57598686 ], [ 81.244778006, 8.575922423 ], [ 81.244887358, 8.575632113 ], [ 81.244842443, 8.575272786 ], [ 81.244643259, 8.574982476 ], [ 81.244384283, 8.574873123 ], [ 81.243735641, 8.573900644 ], [ 81.243528987, 8.573386324 ], [ 81.243584801, 8.573161746 ], [ 81.243520365, 8.573006182 ], [ 81.24327497, 8.572851914 ], [ 81.243095307, 8.572851914 ], [ 81.242466486, 8.572941746 ], [ 81.242174533, 8.573099977 ], [ 81.241873201, 8.572814011 ], [ 81.241813566, 8.572467193 ], [ 81.241462862, 8.572398178 ], [ 81.241608508, 8.572173599 ], [ 81.241553854, 8.571901302 ], [ 81.241747834, 8.571944441 ] ] ], [ [ [ 81.24572452, 8.582390293 ], [ 81.245994015, 8.582569956 ], [ 81.246329242, 8.582634393 ], [ 81.246484805, 8.582569956 ], [ 81.246549242, 8.582414393 ], [ 81.246549242, 8.582313913082563 ], [ 81.245692882551765, 8.582313913082563 ], [ 81.24572452, 8.582390293 ] ] ], [ [ [ 81.244916037, 8.583157145 ], [ 81.2448516, 8.583312708 ], [ 81.244960952, 8.583647935 ], [ 81.245296179, 8.583847119 ], [ 81.245676321, 8.583782682 ], [ 81.245740758, 8.583627119 ], [ 81.245706486, 8.583440365 ], [ 81.245855984, 8.58337844 ], [ 81.245920421, 8.583222877 ], [ 81.245855984, 8.582977482 ], [ 81.245700421, 8.582913045 ], [ 81.245499942, 8.582977482 ], [ 81.245470818, 8.583047792 ], [ 81.245251263, 8.583047792 ], [ 81.244916037, 8.583157145 ] ] ], [ [ [ 81.225513636701493, 8.645890277078882 ], [ 81.226475094002012, 8.648534284655289 ], [ 81.226475094002012, 8.650817745744003 ], [ 81.225994365351752, 8.652740660345026 ], [ 81.225513636701493, 8.654783757108612 ], [ 81.224672361563549, 8.656105760896816 ], [ 81.222749446962524, 8.657668129010148 ], [ 81.221547625336882, 8.658629586310658 ], [ 81.220465985873815, 8.65959104361117 ], [ 81.218663253435352, 8.662114869025013 ], [ 81.21794216045997, 8.663557054975779 ], [ 81.217446752794061, 8.664602915603808 ], [ 81.218481468, 8.664875157 ], [ 81.218726863, 8.664810721 ], [ 81.218791299, 8.664655157 ], [ 81.218735485, 8.664385663 ], [ 81.218906526, 8.664316647 ], [ 81.218970962, 8.664161084 ], [ 81.218970962, 8.663833093 ], [ 81.219111852, 8.663536038 ], [ 81.219699207, 8.663551918 ], [ 81.219878435, 8.663662432 ], [ 81.219942872, 8.66386749 ], [ 81.220098435, 8.663931926 ], [ 81.22036793, 8.663931926 ], [ 81.220613325, 8.663777658 ], [ 81.220677761, 8.663622095 ], [ 81.220677761, 8.663249188 ], [ 81.220767593, 8.663083106 ], [ 81.22066301, 8.662777998 ], [ 81.221017567, 8.662385269 ], [ 81.221126919, 8.662139874 ], [ 81.221126919, 8.661825464 ], [ 81.221037088, 8.661596306 ], [ 81.221908221, 8.661366278 ], [ 81.22216456, 8.661506475 ], [ 81.222339199, 8.661506475 ], [ 81.222413239, 8.661621701 ], [ 81.22270355, 8.661731054 ], [ 81.222948945, 8.661666617 ], [ 81.223083692, 8.66153187 ], [ 81.223148128, 8.661286475 ], [ 81.222918748, 8.660759078 ], [ 81.222918748, 8.660376568 ], [ 81.223103213, 8.660073749 ], [ 81.223103213, 8.659804255 ], [ 81.222975256, 8.659581887 ], [ 81.223646781, 8.659350518 ], [ 81.224127274, 8.659081024 ], [ 81.224565912, 8.658926756 ], [ 81.224682055, 8.658773404 ], [ 81.22501507, 8.65856743 ], [ 81.225365094, 8.657762799 ], [ 81.225733722, 8.657579283 ], [ 81.225948998, 8.656909399 ], [ 81.226167088, 8.656565741 ], [ 81.226991363, 8.656276726 ], [ 81.227260858, 8.656007231 ], [ 81.227514561, 8.655308099 ], [ 81.227799847, 8.655243663 ], [ 81.227864284, 8.655088099 ], [ 81.227864284, 8.654715193 ], [ 81.228069342, 8.654525011 ], [ 81.228133778, 8.654369447 ], [ 81.228069342, 8.654124052 ], [ 81.227954115, 8.654023702 ], [ 81.228043947, 8.653740626 ], [ 81.22797951, 8.653585063 ], [ 81.227876413, 8.653542359 ], [ 81.227954115, 8.653201637 ], [ 81.227804616, 8.652967756 ], [ 81.22797951, 8.652818212 ], [ 81.228313441, 8.652303322 ], [ 81.228257627, 8.652078743 ], [ 81.228313441, 8.651764333 ], [ 81.228218808, 8.651596262 ], [ 81.228313441, 8.651405007 ], [ 81.228313441, 8.650910933 ], [ 81.228209506, 8.650739009 ], [ 81.228268526, 8.650596523 ], [ 81.228268526, 8.650237197 ], [ 81.228110294, 8.649945244 ], [ 81.228178694, 8.649788039 ], [ 81.228178694, 8.649383797 ], [ 81.228088862, 8.649050782 ], [ 81.228088862, 8.648620229 ], [ 81.227926856, 8.647967387 ], [ 81.228043947, 8.647542251 ], [ 81.22797951, 8.647386688 ], [ 81.227864284, 8.647338959 ], [ 81.227754931, 8.646847698 ], [ 81.227659651, 8.646808232 ], [ 81.227395605, 8.646353625 ], [ 81.227049435, 8.646070975 ], [ 81.226452374, 8.645140899 ], [ 81.226349277, 8.645098195 ], [ 81.226426979, 8.644937137 ], [ 81.226362543, 8.64460191 ], [ 81.225687826, 8.644357811 ], [ 81.225708327, 8.644218484 ], [ 81.225618496, 8.643935409 ], [ 81.225708327, 8.643769327 ], [ 81.225708327, 8.643320169 ], [ 81.225554059, 8.643074774 ], [ 81.22536113, 8.642979448 ], [ 81.225464228, 8.642936744 ], [ 81.225528664, 8.64278118 ], [ 81.225523862, 8.642230599 ], [ 81.225708327, 8.641793033 ], [ 81.225554059, 8.641547638 ], [ 81.225349001, 8.641447288 ], [ 81.225304085, 8.640670139 ], [ 81.225164536, 8.640164474 ], [ 81.225259169, 8.639996403 ], [ 81.225259169, 8.639861655 ], [ 81.225149817, 8.639661176 ], [ 81.224910487, 8.639554336 ], [ 81.224856704, 8.63947173 ], [ 81.224899843, 8.639008256 ], [ 81.224854928, 8.63886893 ], [ 81.22501507, 8.638804493 ], [ 81.225169338, 8.638559098 ], [ 81.225104901, 8.638313703 ], [ 81.224989675, 8.638265975 ], [ 81.224928366, 8.638051759 ], [ 81.225149817, 8.63799601 ], [ 81.225554059, 8.637681599 ], [ 81.225798159, 8.636987046 ], [ 81.225798159, 8.636762468 ], [ 81.225688806, 8.636517073 ], [ 81.225287377, 8.636362805 ], [ 81.22522196, 8.636223478 ], [ 81.225259169, 8.636043815 ], [ 81.225023692, 8.63545991 ], [ 81.225200228, 8.635287798 ], [ 81.225332764, 8.635480727 ], [ 81.226206979, 8.635814658 ], [ 81.226721869, 8.63566039 ], [ 81.226769597, 8.635545163 ], [ 81.226991363, 8.635480727 ], [ 81.227081195, 8.635390895 ], [ 81.227145632, 8.635169129 ], [ 81.227260858, 8.635121401 ], [ 81.227415126, 8.634786174 ], [ 81.227415126, 8.63459293 ], [ 81.227774452, 8.634067522 ], [ 81.22769675, 8.633816632 ], [ 81.227799847, 8.633773928 ], [ 81.227864284, 8.633618364 ], [ 81.227864284, 8.63334887 ], [ 81.227799847, 8.633193306 ], [ 81.227639705, 8.63312887 ], [ 81.22755758, 8.632854796 ], [ 81.227774452, 8.632311228 ], [ 81.22797951, 8.632246792 ], [ 81.22811707, 8.632041734 ], [ 81.228273104, 8.632041734 ], [ 81.228608331, 8.631887466 ], [ 81.228656059, 8.631772239 ], [ 81.22914732, 8.631617971 ], [ 81.229301588, 8.631372576 ], [ 81.229301588, 8.631192913 ], [ 81.229175195, 8.631011686 ], [ 81.229211757, 8.630743755 ], [ 81.22914732, 8.630588192 ], [ 81.228925554, 8.630523755 ], [ 81.228877826, 8.630408529 ], [ 81.228762599, 8.6303608 ], [ 81.228942262, 8.629935272 ], [ 81.228987178, 8.62953103 ], [ 81.228555677, 8.628698524 ], [ 81.228582936, 8.628408136 ], [ 81.228428668, 8.627893246 ], [ 81.228313441, 8.627845518 ], [ 81.228069342, 8.627264425 ], [ 81.227954115, 8.627216697 ], [ 81.227889679, 8.626815268 ], [ 81.227684621, 8.626750831 ], [ 81.227620184, 8.626455941 ], [ 81.227374789, 8.626301673 ], [ 81.22719669, 8.626338235 ], [ 81.2270558, 8.626175928 ], [ 81.226999986, 8.625937768 ], [ 81.227171026, 8.625868753 ], [ 81.227235463, 8.62571319 ], [ 81.227171026, 8.625377963 ], [ 81.226867135, 8.625268611 ], [ 81.226542206, 8.624659311 ], [ 81.226386642, 8.624594874 ], [ 81.226275917, 8.624622134 ], [ 81.226093048, 8.624479648 ], [ 81.225760033, 8.624363505 ], [ 81.22564389, 8.623940659 ], [ 81.225239649, 8.623177091 ], [ 81.224996465, 8.622971117 ], [ 81.224790491, 8.622593186 ], [ 81.224450686, 8.622268256 ], [ 81.224296418, 8.621784702 ], [ 81.224053234, 8.621668559 ], [ 81.223937092, 8.621425376 ], [ 81.223821865, 8.621377647 ], [ 81.223642202, 8.620502961 ], [ 81.223577765, 8.620347398 ], [ 81.223462539, 8.620299669 ], [ 81.223398102, 8.620077903 ], [ 81.223062876, 8.620013466 ], [ 81.222748465, 8.620159112 ], [ 81.222609139, 8.620003864 ], [ 81.222564224, 8.619802914 ], [ 81.222788802, 8.619380067 ], [ 81.22292355, 8.618885994 ], [ 81.222756016, 8.618185946 ], [ 81.222859113, 8.618143242 ], [ 81.22292355, 8.617987678 ], [ 81.22292355, 8.617718184 ], [ 81.222859113, 8.61756262 ], [ 81.222654055, 8.61742506 ], [ 81.222589619, 8.617203294 ], [ 81.222344224, 8.617138858 ], [ 81.22218866, 8.617203294 ], [ 81.222124224, 8.617408352 ], [ 81.222061148, 8.617408352 ], [ 81.221935403, 8.617165614 ], [ 81.222063137, 8.616855404 ], [ 81.222320124, 8.616795769 ], [ 81.222345787, 8.616733812 ], [ 81.222523887, 8.616770374 ], [ 81.22267945, 8.616705937 ], [ 81.222732072, 8.616578896 ], [ 81.222871621, 8.616496078 ], [ 81.223218439, 8.616436443 ], [ 81.223282876, 8.616280879 ], [ 81.223282876, 8.615921553 ], [ 81.223218439, 8.61576599 ], [ 81.223103213, 8.615718261 ], [ 81.223038776, 8.615496495 ], [ 81.222815113, 8.61542748 ], [ 81.222833718, 8.615113069 ], [ 81.222739085, 8.614944998 ], [ 81.222743887, 8.614753743 ], [ 81.222437183, 8.614124922 ], [ 81.222474392, 8.613765596 ], [ 81.222149083, 8.613271523 ], [ 81.222204897, 8.612957113 ], [ 81.222025234, 8.612701199 ], [ 81.222020433, 8.612586195 ], [ 81.222115066, 8.612328292 ], [ 81.221988673, 8.612147065 ], [ 81.222025234, 8.611968966 ], [ 81.221877692, 8.611739808 ], [ 81.222050629, 8.611675372 ], [ 81.222115066, 8.611519808 ], [ 81.222115066, 8.611340145 ], [ 81.222014906, 8.611169784 ], [ 81.222382048, 8.61078091 ], [ 81.222589619, 8.610687225 ], [ 81.222654055, 8.610531661 ], [ 81.222654055, 8.610106132 ], [ 81.222769282, 8.610058404 ], [ 81.222833718, 8.609902841 ], [ 81.222833718, 8.609404188 ], [ 81.223038776, 8.609339752 ], [ 81.223091398, 8.609033048 ], [ 81.223218439, 8.608980426 ], [ 81.223282876, 8.608668828 ], [ 81.223398102, 8.6086211 ], [ 81.22355237, 8.608285873 ], [ 81.223487934, 8.607950647 ], [ 81.22333237, 8.60788621 ], [ 81.222826705, 8.607909616 ], [ 81.222796509, 8.607836716 ], [ 81.222833718, 8.607373977 ], [ 81.223013381, 8.607028232 ], [ 81.223013381, 8.606655325 ], [ 81.22308377, 8.606547236 ], [ 81.223422202, 8.606619411 ], [ 81.223667597, 8.606465143 ], [ 81.223732033, 8.606219748 ], [ 81.223667597, 8.606064184 ], [ 81.223515809, 8.605951817 ], [ 81.223642202, 8.60577059 ], [ 81.223642202, 8.605640867 ], [ 81.223712513, 8.605611743 ], [ 81.223805157, 8.605271938 ], [ 81.224006107, 8.605271938 ], [ 81.22416167, 8.605207502 ], [ 81.224212516, 8.605084749 ], [ 81.224565912, 8.605027838 ], [ 81.224630349, 8.604872275 ], [ 81.224630349, 8.604423117 ], [ 81.224552646, 8.604262059 ], [ 81.224655744, 8.604219355 ], [ 81.22472018, 8.604042504 ], [ 81.224925238, 8.603904944 ], [ 81.224989675, 8.603749381 ], [ 81.224966269, 8.603558126 ], [ 81.225104901, 8.603500703 ], [ 81.22515263, 8.603385476 ], [ 81.225598975, 8.603231208 ], [ 81.225708327, 8.602895981 ], [ 81.225613694, 8.60272791 ], [ 81.225618496, 8.601818003 ], [ 81.225564578, 8.601678677 ], [ 81.225666426, 8.601642115 ], [ 81.225847653, 8.601768508 ], [ 81.226093048, 8.601704072 ], [ 81.226157485, 8.601409182 ], [ 81.226362543, 8.601344746 ], [ 81.226606642, 8.601009519 ], [ 81.226460997, 8.600335783 ], [ 81.226516811, 8.600021372 ], [ 81.2264591, 8.599882046 ], [ 81.226632037, 8.59981761 ], [ 81.2268117, 8.599637947 ], [ 81.226876137, 8.599482383 ], [ 81.226876137, 8.598804068 ], [ 81.227081195, 8.598739632 ], [ 81.227145632, 8.598404405 ], [ 81.227081195, 8.598248842 ], [ 81.226925632, 8.598184405 ], [ 81.22678587, 8.598205087 ], [ 81.226632037, 8.597889515 ], [ 81.226516811, 8.597841787 ], [ 81.226481813, 8.597421597 ], [ 81.226656137, 8.597456595 ], [ 81.2268117, 8.597392159 ], [ 81.226876137, 8.597236595 ], [ 81.226871336, 8.596865677 ], [ 81.226991363, 8.596763338 ], [ 81.2270558, 8.596468448 ], [ 81.227260858, 8.596404012 ], [ 81.227325294, 8.596092414 ], [ 81.227440521, 8.596044686 ], [ 81.227504958, 8.595733088 ], [ 81.227620184, 8.59568536 ], [ 81.227774452, 8.59522041 ], [ 81.227889679, 8.59514637 ], [ 81.228079861, 8.594492155 ], [ 81.228142936, 8.594475447 ], [ 81.228142936, 8.594811144 ], [ 81.228297204, 8.59514637 ], [ 81.228452768, 8.595210807 ], [ 81.228698162, 8.59514637 ], [ 81.228762599, 8.594990807 ], [ 81.228739193, 8.594664805 ], [ 81.228877826, 8.594607381 ], [ 81.228942262, 8.594451818 ], [ 81.228923657, 8.594137407 ], [ 81.229032094, 8.593912829 ], [ 81.228942262, 8.593629753 ], [ 81.229121925, 8.593373839 ], [ 81.229121925, 8.592385693 ], [ 81.229066111, 8.592250945 ], [ 81.229105217, 8.592156535 ], [ 81.229274832, 8.592156535 ], [ 81.229440914, 8.592246366 ], [ 81.229686309, 8.59218193 ], [ 81.229750746, 8.592026366 ], [ 81.229750746, 8.59166704 ], [ 81.229644206, 8.591437883 ], [ 81.230069735, 8.591527714 ], [ 81.230225298, 8.591463278 ], [ 81.230289735, 8.591307714 ], [ 81.230225298, 8.590972488 ], [ 81.229802452, 8.590766514 ], [ 81.229481251, 8.590429235 ], [ 81.229620577, 8.590449736 ], [ 81.229852895, 8.590300885 ], [ 81.230273498, 8.590654794 ], [ 81.230478556, 8.59071923 ], [ 81.230478556, 8.591128051 ], [ 81.230542992, 8.591283615 ], [ 81.230788387, 8.591348051 ], [ 81.230956458, 8.591253418 ], [ 81.231303277, 8.591193783 ], [ 81.231367713, 8.59103822 ], [ 81.231367713, 8.590050073 ], [ 81.23127308, 8.589882002 ], [ 81.231367713, 8.589600915 ], [ 81.231303277, 8.589445352 ], [ 81.231065432, 8.589331421 ], [ 81.231213445, 8.58921749 ], [ 81.231367713, 8.588792432 ], [ 81.231367713, 8.588612768 ], [ 81.231213445, 8.588367373 ], [ 81.231040508, 8.588302937 ], [ 81.23118805, 8.588073779 ], [ 81.23118805, 8.587880536 ], [ 81.231277882, 8.587714453 ], [ 81.23118805, 8.587341546 ], [ 81.231410117, 8.586912034 ], [ 81.231535562, 8.586754829 ], [ 81.231842266, 8.586612375 ], [ 81.231996534, 8.586277149 ], [ 81.231906702, 8.586021235 ], [ 81.231861787, 8.58548727 ], [ 81.23204145, 8.585149676 ], [ 81.232201592, 8.585085239 ], [ 81.232266029, 8.584929676 ], [ 81.232176197, 8.584556769 ], [ 81.232266029, 8.584324484 ], [ 81.232471087, 8.584186924 ], [ 81.232523709, 8.584059883 ], [ 81.23265075, 8.584007261 ], [ 81.232805018, 8.583478791 ], [ 81.233099907, 8.58337844 ], [ 81.233189739, 8.583288609 ], [ 81.233254175, 8.583043214 ], [ 81.233164344, 8.582814056 ], [ 81.233752828, 8.582814056 ], [ 81.233908391, 8.58274962 ], [ 81.233972828, 8.582445728 ], [ 81.234105063, 8.582240795 ], [ 81.234357549, 8.582120799 ], [ 81.234421985, 8.581771992 ], [ 81.234627043, 8.581671641 ], [ 81.234745999, 8.581511499 ], [ 81.234890038, 8.581468359 ], [ 81.235113881, 8.581556415 ], [ 81.235169316, 8.581671641 ], [ 81.235324879, 8.581736078 ], [ 81.235525359, 8.581671641 ], [ 81.235662919, 8.581376752 ], [ 81.236154179, 8.581222484 ], [ 81.236218616, 8.580937197 ], [ 81.236693168, 8.580863157 ], [ 81.236757605, 8.580707594 ], [ 81.236711741, 8.580237542 ], [ 81.236827916, 8.580189421 ], [ 81.23716799, 8.579813054 ], [ 81.237301173, 8.579849616 ], [ 81.237456736, 8.579785179 ], [ 81.238006245, 8.579445374 ], [ 81.238244404, 8.579363248 ], [ 81.23838373, 8.579436372 ], [ 81.238448167, 8.579605516 ], [ 81.238783393, 8.579669952 ], [ 81.238938957, 8.579605516 ], [ 81.239003393, 8.579400458 ], [ 81.239322382, 8.579400458 ], [ 81.239837272, 8.579066527 ], [ 81.239889894, 8.578939486 ], [ 81.240106767, 8.578797032 ], [ 81.240171203, 8.578571473 ], [ 81.240244797, 8.578797032 ], [ 81.240507566, 8.57905029 ], [ 81.240334629, 8.579114726 ], [ 81.240270192, 8.57927029 ], [ 81.240334629, 8.579515684 ], [ 81.240759687, 8.579759784 ], [ 81.241094913, 8.579695348 ], [ 81.24115935, 8.579526204 ], [ 81.241274576, 8.579425853 ], [ 81.241339013, 8.57927029 ], [ 81.241339013, 8.579005819 ], [ 81.241444367, 8.578900019 ], [ 81.241572749, 8.579077046 ], [ 81.241727018, 8.579515684 ], [ 81.241976991, 8.579653244 ], [ 81.242041428, 8.579875011 ], [ 81.242310922, 8.580144505 ], [ 81.242695644, 8.580208942 ], [ 81.242695644, 8.581426246 ], [ 81.24276008, 8.58158181 ], [ 81.242965138, 8.581646246 ], [ 81.243029575, 8.581851304 ], [ 81.243185138, 8.581915741 ], [ 81.243520835, 8.581915741 ], [ 81.244017721, 8.582659788 ], [ 81.244332132, 8.583019114 ], [ 81.244487695, 8.583083551 ], [ 81.244688175, 8.583019114 ], [ 81.244842443, 8.582773719 ], [ 81.244688175, 8.582348661 ], [ 81.244483116, 8.582284224 ], [ 81.24441868, 8.582079166 ], [ 81.244269181, 8.582017242 ], [ 81.243944127, 8.581574574 ], [ 81.243944127, 8.581426246 ], [ 81.243674633, 8.580990669 ], [ 81.243610196, 8.580731694 ], [ 81.24349497, 8.580683965 ], [ 81.243405138, 8.580374579 ], [ 81.243405138, 8.580129779591722 ], [ 81.243060232435823, 8.579669905506156 ], [ 81.241377682159936, 8.57822771955539 ], [ 81.239695131884034, 8.577025897929749 ], [ 81.238012581608146, 8.577146080092314 ], [ 81.236089667007121, 8.578107537392825 ], [ 81.234527298893795, 8.580150634156412 ], [ 81.23308511294303, 8.58099190929436 ], [ 81.230561287529184, 8.583035006057946 ], [ 81.229599830228665, 8.584717556333841 ], [ 81.229119101578419, 8.586159742284609 ], [ 81.228758555090721, 8.588082656885632 ], [ 81.228277826440461, 8.589284478511271 ], [ 81.224552179400987, 8.596495408265108 ], [ 81.223831086425605, 8.599139415841513 ], [ 81.22238890047484, 8.602143969905612 ], [ 81.222028353987142, 8.605388888294838 ], [ 81.220345803711254, 8.610316356959959 ], [ 81.219744892898433, 8.613801639674312 ], [ 81.219143982085612, 8.616325465088156 ], [ 81.221066896686636, 8.621613480240969 ], [ 81.223230175612784, 8.624017123492248 ], [ 81.22575400102663, 8.626901495393781 ], [ 81.227436551302517, 8.628223499181985 ], [ 81.227436551302517, 8.630026231620443 ], [ 81.226595276164574, 8.631107871083518 ], [ 81.225633818864054, 8.633511514334797 ], [ 81.224431997238426, 8.636155521911205 ], [ 81.224071450750728, 8.637717890024534 ], [ 81.224071450750728, 8.639160075975303 ], [ 81.224071450750728, 8.640962808413761 ], [ 81.224311815075851, 8.642404994364528 ], [ 81.224552179400987, 8.64432790896555 ], [ 81.225513636701493, 8.645890277078882 ] ], [ [ 81.224528703, 8.637901755 ], [ 81.224473759, 8.637652966 ], [ 81.224590012, 8.63770112 ], [ 81.224639506, 8.63770112 ], [ 81.224790647, 8.637988459 ], [ 81.224528703, 8.637901755 ] ] ], [ [ [ 81.219559446, 8.663896168 ], [ 81.219134388, 8.664095352 ], [ 81.218845373, 8.664655157 ], [ 81.218909809, 8.664855636 ], [ 81.21908666, 8.664920073 ], [ 81.219134388, 8.6650353 ], [ 81.219289952, 8.665099736 ], [ 81.219559446, 8.665099736 ], [ 81.21971501, 8.6650353 ], [ 81.22002942, 8.664720889 ], [ 81.220138772, 8.664475494 ], [ 81.22002942, 8.664095352 ], [ 81.219739109, 8.663896168 ], [ 81.219559446, 8.663896168 ] ] ], [ [ [ 81.200401231, 8.715254407 ], [ 81.200176652, 8.715029828 ], [ 81.19979651, 8.71487556 ], [ 81.199392268, 8.71487556 ], [ 81.199146873, 8.714984913 ], [ 81.199037521, 8.715230308 ], [ 81.199037521, 8.715499802 ], [ 81.199178633, 8.715713437 ], [ 81.199775694, 8.716104523 ], [ 81.200155836, 8.71616896 ], [ 81.200446147, 8.715969776 ], [ 81.200510583, 8.715814213 ], [ 81.200510583, 8.715499802 ], [ 81.200401231, 8.715254407 ] ] ], [ [ [ 81.202401624, 8.719995958 ], [ 81.202246061, 8.720060394 ], [ 81.202156229, 8.720195141 ], [ 81.202097242, 8.720543523 ], [ 81.20191213, 8.721024441 ], [ 81.20191213, 8.721293936 ], [ 81.202091793, 8.721922757 ], [ 81.202201145, 8.722168152 ], [ 81.202547316, 8.722405886 ], [ 81.20278505, 8.722752056 ], [ 81.203120276, 8.722816493 ], [ 81.20327584, 8.722752056 ], [ 81.203340276, 8.722551577 ], [ 81.20327584, 8.722396014 ], [ 81.203070782, 8.722295663 ], [ 81.203070782, 8.722012588 ], [ 81.202835874, 8.721572733 ], [ 81.203183797, 8.721513936 ], [ 81.203460998, 8.721558852 ], [ 81.203749097, 8.721738515 ], [ 81.204089819, 8.72178343 ], [ 81.204692328, 8.722052925 ], [ 81.205051654, 8.722008009 ], [ 81.205262653, 8.721873262 ], [ 81.205566544, 8.721808826 ], [ 81.205654164, 8.721693599 ], [ 81.206060617, 8.721629162 ], [ 81.206195365, 8.721494415 ], [ 81.206259801, 8.721293936 ], [ 81.206150449, 8.721048541 ], [ 81.205905054, 8.720894273 ], [ 81.204396523, 8.72071461 ], [ 81.203434687, 8.720265452 ], [ 81.203174495, 8.720325119 ], [ 81.202826682, 8.720060394 ], [ 81.202671119, 8.719995958 ], [ 81.202401624, 8.719995958 ] ] ], [ [ [ 81.207003848, 8.722302899 ], [ 81.207158116, 8.721967672 ], [ 81.207158116, 8.721608346 ], [ 81.20709368, 8.721452783 ], [ 81.206848285, 8.72134343 ], [ 81.206692721, 8.721407867 ], [ 81.206601248, 8.721640832 ], [ 81.206444043, 8.721612925 ], [ 81.20628848, 8.721677362 ], [ 81.206136724, 8.721898087 ], [ 81.205704575, 8.722126519 ], [ 81.205595222, 8.722326998 ], [ 81.205595222, 8.72251124 ], [ 81.205343607, 8.72257964 ], [ 81.205051654, 8.722466325 ], [ 81.204896091, 8.722530761 ], [ 81.204838667, 8.722669394 ], [ 81.2047263, 8.722607437 ], [ 81.204353818, 8.722036688 ], [ 81.204153339, 8.721972251 ], [ 81.203907944, 8.722081603 ], [ 81.203798592, 8.722282083 ], [ 81.203782499, 8.722616739 ], [ 81.203548618, 8.722845171 ], [ 81.203484181, 8.723000735 ], [ 81.203548618, 8.723201214 ], [ 81.203838929, 8.723355482 ], [ 81.20430898, 8.723373139 ], [ 81.204692328, 8.723580061 ], [ 81.20509657, 8.723580061 ], [ 81.205431797, 8.723425793 ], [ 81.205763216, 8.722980489 ], [ 81.206084717, 8.722996156 ], [ 81.206599606, 8.722796972 ], [ 81.206824185, 8.722572393 ], [ 81.206888622, 8.722376938 ], [ 81.207003848, 8.722302899 ] ] ], [ [ [ 81.176325812, 8.738148861 ], [ 81.177217461, 8.738671758 ], [ 81.177272896, 8.738786984 ], [ 81.177608122, 8.738941252 ], [ 81.177853517, 8.738876816 ], [ 81.177917954, 8.738721252 ], [ 81.177917954, 8.738406842 ], [ 81.177849554, 8.738249637 ], [ 81.177917954, 8.738092432 ], [ 81.177917954, 8.737822937 ], [ 81.177853517, 8.737667374 ], [ 81.177738291, 8.737619645 ], [ 81.177738291, 8.73737378 ], [ 81.177584023, 8.737038553 ], [ 81.17740436, 8.73685889 ], [ 81.177045034, 8.736679227 ], [ 81.17688947, 8.73661479 ], [ 81.176602602, 8.73661479 ], [ 81.176865371, 8.736451365 ], [ 81.176929807, 8.736225805 ], [ 81.177158965, 8.736246306 ], [ 81.177494191, 8.736002207 ], [ 81.177648459, 8.735577149 ], [ 81.177558628, 8.735294074 ], [ 81.177636645, 8.735156514 ], [ 81.177763686, 8.735103892 ], [ 81.177828122, 8.734882126 ], [ 81.177943349, 8.734834397 ], [ 81.17800142, 8.734712805 ], [ 81.178236943, 8.734719171 ], [ 81.178392507, 8.734654734 ], [ 81.178440235, 8.734539508 ], [ 81.178775932, 8.734539508 ], [ 81.178931496, 8.734475071 ], [ 81.179085764, 8.734229676 ], [ 81.179085764, 8.733960181 ], [ 81.179021327, 8.733804618 ], [ 81.178662001, 8.733535123 ], [ 81.178466546, 8.733470687 ], [ 81.178437422, 8.733400376 ], [ 81.178046336, 8.733252473 ], [ 81.177917954, 8.733075447 ], [ 81.177853517, 8.732816471 ], [ 81.177522066, 8.732611145 ], [ 81.17754192, 8.732563214 ], [ 81.178147112, 8.732563214 ], [ 81.178302675, 8.732498777 ], [ 81.178367112, 8.732343214 ], [ 81.178367112, 8.732073719 ], [ 81.178302675, 8.731918156 ], [ 81.177860243, 8.731763888 ], [ 81.177995971, 8.731563253 ], [ 81.178123012, 8.73151063 ], [ 81.17827728, 8.731175404 ], [ 81.17827728, 8.73098216 ], [ 81.178456943, 8.730726246 ], [ 81.178456943, 8.730456752 ], [ 81.178367112, 8.730187257 ], [ 81.178302675, 8.730031694 ], [ 81.178199578, 8.729988989 ], [ 81.17827728, 8.729827931 ], [ 81.178217613, 8.729163497 ], [ 81.178392507, 8.728995348 ], [ 81.178456943, 8.728773582 ], [ 81.178751833, 8.72854619 ], [ 81.178906101, 8.728121132 ], [ 81.178796748, 8.727830821 ], [ 81.178529497927386, 8.727442093424958 ], [ 81.177921500326178, 8.728455422760302 ], [ 81.176238950050276, 8.729777426548505 ], [ 81.176479314375399, 8.7314599768244 ], [ 81.175638039237455, 8.733382891425423 ], [ 81.17467658193695, 8.734464530888499 ], [ 81.172633485173364, 8.735666352514137 ], [ 81.171792210035406, 8.736267263326958 ], [ 81.17175749693493, 8.736297348014041 ], [ 81.172556741, 8.737619174 ], [ 81.172646572, 8.737753922 ], [ 81.172802136, 8.737818358 ], [ 81.172951199, 8.737775219 ], [ 81.173116546, 8.737863274 ], [ 81.173361941, 8.737798838 ], [ 81.173404645, 8.73769574 ], [ 81.173565704, 8.737773442 ], [ 81.173758947, 8.737773442 ], [ 81.173949129, 8.738068332 ], [ 81.174104693, 8.738132769 ], [ 81.174350088, 8.738068332 ], [ 81.174397816, 8.737953106 ], [ 81.1744776, 8.737953106 ], [ 81.174913176, 8.7382226 ], [ 81.175272503, 8.7382226 ], [ 81.175428066, 8.738158164 ], [ 81.175492503, 8.737912769 ], [ 81.175402671, 8.737666903 ], [ 81.175523392, 8.737638695 ], [ 81.175719449, 8.737735317 ], [ 81.175880507, 8.738113248 ], [ 81.176036071, 8.738177684 ], [ 81.176325812, 8.738148861 ] ], [ [ 81.177461783, 8.731787294 ], [ 81.177460109, 8.731783253 ], [ 81.177465825, 8.73178562 ], [ 81.177461783, 8.731787294 ] ] ], [ [ [ 81.144370457, 8.770472119 ], [ 81.14455012, 8.770472119 ], [ 81.144734807, 8.770337372 ], [ 81.144999278, 8.770472119 ], [ 81.145448435, 8.770472119 ], [ 81.145603999, 8.770407682 ], [ 81.145656621, 8.770280641 ], [ 81.145772148, 8.770232788 ], [ 81.145862057, 8.770330359 ], [ 81.145857256, 8.770701277 ], [ 81.145921692, 8.77085684 ], [ 81.146167087, 8.770921277 ], [ 81.146502314, 8.770767008 ], [ 81.14656675, 8.770382287 ], [ 81.146771809, 8.770317851 ], [ 81.146926077, 8.769982624 ], [ 81.146868366, 8.769753467 ], [ 81.147065403, 8.769716257 ], [ 81.147396206, 8.769741652 ], [ 81.14753866, 8.770048356 ], [ 81.147665701, 8.770100978 ], [ 81.147718323, 8.770228019 ], [ 81.147871675, 8.770344162 ], [ 81.147987818, 8.770587345 ], [ 81.148282707, 8.770651782 ], [ 81.148347144, 8.770946672 ], [ 81.14868237, 8.771011108 ], [ 81.148837934, 8.770946672 ], [ 81.148992202, 8.770418201 ], [ 81.14919726, 8.770317851 ], [ 81.149261696, 8.770072456 ], [ 81.14919726, 8.769916892 ], [ 81.148812539, 8.769816542 ], [ 81.148658271, 8.769377903 ], [ 81.148543044, 8.769330175 ], [ 81.148505835, 8.768904646 ], [ 81.148632876, 8.768635151 ], [ 81.148632876, 8.768389286 ], [ 81.148748102, 8.768341557 ], [ 81.148812539, 8.768185994 ], [ 81.148812539, 8.76791192 ], [ 81.149062513, 8.767847484 ], [ 81.149223571, 8.767559384 ], [ 81.149414603, 8.767507678 ], [ 81.149670517, 8.76759751 ], [ 81.149826081, 8.767533073 ], [ 81.149890517, 8.76737751 ], [ 81.149890517, 8.766928352 ], [ 81.149795884, 8.766647266 ], [ 81.149890517, 8.766479195 ], [ 81.149890517, 8.766299532 ], [ 81.14979432, 8.766108925 ], [ 81.149960828, 8.765961022 ], [ 81.150115096, 8.765625795 ], [ 81.150078534, 8.765492612 ], [ 81.1501575, 8.765425886 ], [ 81.150285757, 8.765351722 ], [ 81.150748495, 8.765351722 ], [ 81.151083722, 8.765287285 ], [ 81.151148158, 8.765131722 ], [ 81.15123799, 8.764862227 ], [ 81.15123799, 8.764592733 ], [ 81.151173553, 8.764437169 ], [ 81.150980625, 8.764341843 ], [ 81.151083722, 8.764299138 ], [ 81.151148158, 8.764077372 ], [ 81.151263385, 8.764029644 ], [ 81.151327822, 8.763694417 ], [ 81.151128638, 8.763314275 ], [ 81.150378225, 8.762582467 ], [ 81.150320154, 8.762460875 ], [ 81.150184866498321, 8.762325587832992 ], [ 81.149798874286219, 8.76264724800974 ], [ 81.149318145635959, 8.764209616123072 ], [ 81.148597052660577, 8.765711893155121 ], [ 81.148296597254159, 8.766613259374351 ], [ 81.148296597254159, 8.76691371478076 ], [ 81.148116324010317, 8.768175627487681 ], [ 81.147801049615992, 8.768268355250717 ], [ 81.14783355, 8.768370236 ], [ 81.147448358, 8.768415151 ], [ 81.147432457586163, 8.768376764671256 ], [ 81.147094775628531, 8.768476082894091 ], [ 81.146193409409292, 8.767754989918707 ], [ 81.145412225352629, 8.767154079105888 ], [ 81.143970039401864, 8.767394443431016 ], [ 81.14258794453238, 8.767875172081272 ], [ 81.141205849662896, 8.769076993706911 ], [ 81.14067391981385, 8.769786233505638 ], [ 81.141295369, 8.770407682 ], [ 81.14141696, 8.770465754 ], [ 81.142103852, 8.77117125 ], [ 81.142259416, 8.771235687 ], [ 81.142639558, 8.771036503 ], [ 81.142703995, 8.770741613 ], [ 81.142998884, 8.770677177 ], [ 81.143063321, 8.770521613 ], [ 81.14304282, 8.770292456 ], [ 81.143348986, 8.77026905 ], [ 81.14340641, 8.770407682 ], [ 81.143561973, 8.770472119 ], [ 81.144011131, 8.770472119 ], [ 81.144202386, 8.770377486 ], [ 81.144370457, 8.770472119 ] ] ], [ [ [ 81.135975072106746, 8.780884087141278 ], [ 81.133413980173614, 8.783018330418894 ], [ 81.132133434207034, 8.784298876385463 ], [ 81.129572342273903, 8.78643311966308 ], [ 81.124877007063148, 8.791341879201598 ], [ 81.124877007063148, 8.793262698151452 ], [ 81.124450158407626, 8.794970092773545 ], [ 81.12252933945777, 8.797744609034446 ], [ 81.120608520507915, 8.799665427984301 ], [ 81.119541398869103, 8.801372822606394 ], [ 81.118047428574769, 8.803507065884011 ], [ 81.114846063658348, 8.804574187522819 ], [ 81.114846063658348, 8.806495006472673 ], [ 81.113992366347304, 8.809696371389098 ], [ 81.111431274414159, 8.812470887649999 ], [ 81.109723879792071, 8.814605130927616 ], [ 81.108656758153259, 8.815672252566424 ], [ 81.107803060842215, 8.817166222860754 ], [ 81.105028544581316, 8.818660193155086 ], [ 81.102680876975938, 8.820794436432703 ], [ 81.102680876975938, 8.822928679710319 ], [ 81.10246745264817, 8.824209225676888 ], [ 81.100119785042793, 8.827410590593313 ], [ 81.099479512059503, 8.828050863576598 ], [ 81.100973482353837, 8.82954483387093 ], [ 81.099692936387271, 8.832319350131829 ], [ 81.100760058026083, 8.833173047442877 ], [ 81.101613755337127, 8.832319350131829 ], [ 81.10246745264817, 8.83103880416526 ], [ 81.103321149959214, 8.829971682526452 ], [ 81.103961422942504, 8.828477712232122 ], [ 81.105028544581316, 8.824209225676888 ], [ 81.106735939203404, 8.822074982399272 ], [ 81.107589636514447, 8.820367587777179 ], [ 81.109937304119825, 8.818873617482847 ], [ 81.110577577103115, 8.816952798532993 ], [ 81.112284971725202, 8.814818555255377 ], [ 81.113352093364014, 8.81268431197776 ], [ 81.11463263933058, 8.812257463322236 ], [ 81.119754823196871, 8.807988976767005 ], [ 81.122956188113292, 8.804360763195056 ], [ 81.12402330975209, 8.800945973950871 ], [ 81.127864947651801, 8.796677487395637 ], [ 81.129785766601657, 8.79432981979026 ], [ 81.130212615257179, 8.791128454873837 ], [ 81.132133434207034, 8.787500241301888 ], [ 81.135121374795702, 8.784725725040987 ], [ 81.138536164039891, 8.780670662813517 ], [ 81.1434449235784, 8.777682722224853 ], [ 81.145152318200502, 8.776615600586045 ], [ 81.143871772233922, 8.775548478947238 ], [ 81.142591226267356, 8.775548478947238 ], [ 81.141097255973023, 8.77597532760276 ], [ 81.139389861350935, 8.776829024913807 ], [ 81.137895891056601, 8.778963268191424 ], [ 81.135975072106746, 8.780884087141278 ] ] ], [ [ [ 81.088499021, 8.853617341 ], [ 81.088566473, 8.853578412 ], [ 81.088609177, 8.853681509 ], [ 81.088854572, 8.853745946 ], [ 81.089022644, 8.853651313 ], [ 81.08930373, 8.853656114 ], [ 81.089459293, 8.853591678 ], [ 81.08952373, 8.853256451 ], [ 81.089459293, 8.853100888 ], [ 81.089305941, 8.852984745 ], [ 81.089215129, 8.852578136 ], [ 81.089438477, 8.852522322 ], [ 81.089663056, 8.852578136 ], [ 81.089908451, 8.852423868 ], [ 81.089968086, 8.852166881 ], [ 81.090177946, 8.852064542 ], [ 81.090242382, 8.851908978 ], [ 81.09020582, 8.851551216 ], [ 81.09044744, 8.851256058 ], [ 81.090556793, 8.851010663 ], [ 81.090492356, 8.850810184 ], [ 81.090069922141964, 8.850139259441987 ], [ 81.09006833949195, 8.850139862356279 ], [ 81.08958761084169, 8.850800864250381 ], [ 81.089106882191444, 8.8514017750632 ], [ 81.088325698134767, 8.852122868038585 ], [ 81.08718396759042, 8.853264598582943 ], [ 81.085801872720936, 8.854586602371144 ], [ 81.085140870826834, 8.855307695346529 ], [ 81.085020688664272, 8.856449425890887 ], [ 81.085080779745553, 8.857410883191397 ], [ 81.085108551571423, 8.857466426843146 ], [ 81.085327043, 8.857364602 ], [ 81.08539148, 8.857209038 ], [ 81.085341115, 8.85701622 ], [ 81.08539148, 8.856854736 ], [ 81.085596538, 8.856735781 ], [ 81.085734098, 8.856485807 ], [ 81.086135527, 8.856241708 ], [ 81.086199963, 8.85603665 ], [ 81.086360106, 8.855972213 ], [ 81.087002082, 8.855042138 ], [ 81.087237605, 8.855093419 ], [ 81.087483, 8.854939151 ], [ 81.087615536, 8.85465639 ], [ 81.087956257, 8.854734093 ], [ 81.088111821, 8.854669656 ], [ 81.088259076, 8.854441192 ], [ 81.088405415, 8.854464598 ], [ 81.088560978, 8.854400161 ], [ 81.088625415, 8.854244598 ], [ 81.088625415, 8.853885272 ], [ 81.088499021, 8.853617341 ] ] ], [ [ [ 81.070973519, 8.860577721 ], [ 81.070929955158093, 8.860497853425326 ], [ 81.070238282668896, 8.860175072930367 ], [ 81.070221111542253, 8.86015790180373 ], [ 81.070030288, 8.860194766 ], [ 81.069965852, 8.860017915 ], [ 81.069810288, 8.859953479 ], [ 81.069491299, 8.859953479 ], [ 81.069426863, 8.859748421 ], [ 81.069221804, 8.859683984 ], [ 81.06916006, 8.859530342 ], [ 81.069337031, 8.859430727 ], [ 81.069401468, 8.859275164 ], [ 81.069401468, 8.859049723700533 ], [ 81.068615823474289, 8.85843243157319 ], [ 81.067594275092503, 8.857951702922936 ], [ 81.066091998060443, 8.857591156435243 ], [ 81.065857726207142, 8.858879651628381 ], [ 81.066914863, 8.8607782 ], [ 81.067205174, 8.860842636 ], [ 81.067360737, 8.8607782 ], [ 81.067425174, 8.860622636 ], [ 81.067386068, 8.860438395 ], [ 81.067654332, 8.860393479 ], [ 81.068044993, 8.860213816 ], [ 81.068341649, 8.860213816 ], [ 81.068708681, 8.860393479 ], [ 81.068891157, 8.8607782 ], [ 81.069181468, 8.860932468 ], [ 81.070708604, 8.860932468 ], [ 81.070909083, 8.860823116 ], [ 81.070973519, 8.860577721 ] ] ], [ [ [ 81.080810072, 8.867764243 ], [ 81.080610888, 8.867384101 ], [ 81.080497438, 8.867329402 ], [ 81.080540577, 8.867135422 ], [ 81.080476141, 8.866979859 ], [ 81.080360914, 8.866905819 ], [ 81.080360914, 8.866326938 ], [ 81.080251562, 8.866081543 ], [ 81.080091419, 8.865988899 ], [ 81.080091419, 8.865518455 ], [ 81.079937151, 8.865228144 ], [ 81.079821925, 8.865180416 ], [ 81.079821925, 8.864754887 ], [ 81.079757488, 8.864599323 ], [ 81.07955243, 8.864534887 ], [ 81.079487994, 8.864150166 ], [ 81.079282936, 8.864085729 ], [ 81.079282936, 8.864022654 ], [ 81.079646841, 8.863769867 ], [ 81.079781588, 8.863807077 ], [ 81.080230746, 8.863590204 ], [ 81.080455324, 8.863627414 ], [ 81.080610888, 8.863562977 ], [ 81.080675324, 8.863317582 ], [ 81.080595411, 8.863143258 ], [ 81.080769735, 8.863178256 ], [ 81.080925298, 8.86311382 ], [ 81.080989735, 8.862892053 ], [ 81.081104961, 8.862844325 ], [ 81.081259229, 8.862374351 ], [ 81.081194793, 8.86208404 ], [ 81.08105616, 8.862026617 ], [ 81.081079566, 8.86173195 ], [ 81.081554119, 8.861407021 ], [ 81.081628158, 8.861291794 ], [ 81.082296871, 8.861074922 ], [ 81.082656197, 8.861112131 ], [ 81.082912111, 8.860932468 ], [ 81.083316778, 8.860792271 ], [ 81.084201938, 8.860707889 ], [ 81.084587575, 8.8607342 ], [ 81.084786568, 8.860946349 ], [ 81.084521843, 8.861140809 ], [ 81.08441249, 8.86143112 ], [ 81.084611674, 8.861901094 ], [ 81.084991817, 8.862100278 ], [ 81.085351143, 8.862100278 ], [ 81.085596538, 8.861990926 ], [ 81.085840637, 8.861610783 ], [ 81.085928572, 8.861157047 ], [ 81.086249458, 8.861381626 ], [ 81.086584685, 8.861317189 ], [ 81.086649121, 8.861161626 ], [ 81.086649121, 8.860892131 ], [ 81.086584685, 8.860736568 ], [ 81.086379626, 8.860599008 ], [ 81.086379626, 8.859589574 ], [ 81.086225358, 8.859164516 ], [ 81.08600078, 8.858760274 ], [ 81.085893259, 8.858691259 ], [ 81.085885553, 8.858242101 ], [ 81.085776201, 8.857906874 ], [ 81.085686369, 8.857772127 ], [ 81.085292646, 8.857707691 ], [ 81.085205658280358, 8.857660640261024 ], [ 81.085381235151957, 8.858011794004216 ], [ 81.085501417314518, 8.858853069142164 ], [ 81.085501417314518, 8.859286624606296 ], [ 81.085537897, 8.859281228 ], [ 81.085632742, 8.859491601 ], [ 81.085554905, 8.859523842 ], [ 81.085501417314518, 8.859652973305751 ], [ 81.085501417314518, 8.85975061110725 ], [ 81.085540834, 8.860006971 ], [ 81.085501417314518, 8.860172435773405 ], [ 81.085501417314518, 8.860242963930057 ], [ 81.085599821, 8.86046379 ], [ 81.085716644, 8.860555263 ], [ 81.085670132, 8.860729842 ], [ 81.085506706, 8.860556904 ], [ 81.085483447985126, 8.860549595563137 ], [ 81.084960597582977, 8.860956256987032 ], [ 81.084539960014013, 8.860475528336778 ], [ 81.08381886703863, 8.859634253198831 ], [ 81.083518411632213, 8.859393888873702 ], [ 81.082617045412988, 8.85933379779242 ], [ 81.082196407844009, 8.859453979954983 ], [ 81.081114768380942, 8.859934708605239 ], [ 81.080453766486841, 8.860295255092932 ], [ 81.079191853779918, 8.861376894556006 ], [ 81.078951489454781, 8.86179753212498 ], [ 81.078711125129658, 8.862638807262929 ], [ 81.079251944861198, 8.864802086189078 ], [ 81.079732673511458, 8.86636445430241 ], [ 81.079792764592739, 8.866965365115229 ], [ 81.080810072, 8.868042514134697 ], [ 81.080810072, 8.867764243 ] ] ], [ [ [ 81.08078311440326, 8.8681665991015 ], [ 81.080810072, 8.868123569 ], [ 81.080810072, 8.868063261647295 ], [ 81.08078311440326, 8.8681665991015 ] ] ], [ [ [ 81.076002836005728, 8.873937094045354 ], [ 81.074295441383626, 8.872016275095501 ], [ 81.07237462243377, 8.871376002112216 ], [ 81.070880652139437, 8.870095456145645 ], [ 81.069600106172871, 8.868388061523552 ], [ 81.067252438567493, 8.869028334506837 ], [ 81.06362422499555, 8.872229699423261 ], [ 81.061916830373448, 8.872656548078785 ], [ 81.059996011423607, 8.872656548078785 ], [ 81.057221495162693, 8.873723669717593 ], [ 81.056794646507171, 8.876498185978495 ], [ 81.057861768145983, 8.879699550894919 ], [ 81.058075192473751, 8.881833794172534 ], [ 81.055727524868374, 8.882687491483582 ], [ 81.054020130246272, 8.885675432072244 ], [ 81.051245613985373, 8.888023099677623 ], [ 81.046123430119096, 8.890157342955238 ], [ 81.043348913858196, 8.893572132199425 ], [ 81.040147548941775, 8.895919799804803 ], [ 81.039720700286239, 8.89805404308242 ], [ 81.038867002975195, 8.900828559343321 ], [ 81.033744819108918, 8.904883621570791 ], [ 81.032677697470106, 8.906591016192884 ], [ 81.032677697470106, 8.908938683798262 ], [ 81.030330029864729, 8.911072927075878 ], [ 81.028195786587119, 8.913847443336779 ], [ 81.025634694653974, 8.917048808253204 ], [ 81.022860178393074, 8.921103870480675 ], [ 81.022219905409798, 8.921744143463959 ], [ 81.020939359443219, 8.922384416447244 ], [ 81.020299086459943, 8.923451538086052 ], [ 81.017097721543507, 8.931348238213232 ], [ 81.017097721543507, 8.93241535985204 ], [ 81.017311145871275, 8.932842208507564 ], [ 81.020512510787697, 8.932201935524279 ], [ 81.02414072435964, 8.928787146280094 ], [ 81.024567573015176, 8.927933448969046 ], [ 81.024567573015176, 8.927079751658001 ], [ 81.026061543309496, 8.925372357035908 ], [ 81.028195786587119, 8.922384416447244 ], [ 81.029689756881453, 8.920890446152914 ], [ 81.03481194074773, 8.915768262286633 ], [ 81.036092486714296, 8.914701140647825 ], [ 81.038440154319673, 8.912140048714686 ], [ 81.039293851630717, 8.911499775731402 ], [ 81.040360973269529, 8.908511835142738 ], [ 81.041854943563862, 8.906591016192884 ], [ 81.043989186841472, 8.904243348587507 ], [ 81.045056308480284, 8.902322529637651 ], [ 81.046763703102386, 8.897413770099133 ], [ 81.047830824741183, 8.896133224132564 ], [ 81.050605341002083, 8.893358707871663 ], [ 81.051885886968662, 8.892291586232854 ], [ 81.054020130246272, 8.88909022131643 ], [ 81.056581222179418, 8.887382826694337 ], [ 81.062130254701216, 8.885035159088959 ], [ 81.064691346634362, 8.882687491483582 ], [ 81.066825589911971, 8.880339823878204 ], [ 81.068106135878537, 8.87735188328954 ], [ 81.069813530500639, 8.877565307617303 ], [ 81.07365516840035, 8.875431064339686 ], [ 81.076002836005728, 8.873937094045354 ] ] ] ] } }
]
}
