{
"type": "FeatureCollection",
"name": "water_areas",
"crs": { "type": "name", "properties": { "name": "urn:ogc:def:crs:OGC:1.3:CRS84" } },
"xy_coordinate_resolution": 1e-15,
"features": [
{ "type": "Feature", "properties": { "fid": null, "id": null, "type": null, "name": null, "path": null, "layer": null, "Area": 75733 }, "geometry": { "type": "MultiPolygon", "coordinates": [ [ [ [ 80.846483651199648, 6.525279416312033 ], [ 80.846055059493438, 6.524704803483958 ], [ 80.845851939515441, 6.524432479775131 ], [ 80.845349430731702, 6.524094306806925 ], [ 80.845105441962602, 6.523930109487006 ], [ 80.844674755735483, 6.523528190773495 ], [ 80.844416268096367, 6.522724270608657 ], [ 80.844215219257009, 6.522063906524087 ], [ 80.84412903632608, 6.521647584268662 ], [ 80.843956733416633, 6.521259985459968 ], [ 80.843727022284384, 6.520944176832364 ], [ 80.843070330131724, 6.520343805622195 ], [ 80.843063430532965, 6.520327864239581 ], [ 80.842722132420533, 6.519539293703511 ], [ 80.841764733056038, 6.517327198891207 ], [ 80.841432236608497, 6.516558953932625 ], [ 80.83867415618748, 6.512197859843392 ], [ 80.837695531023996, 6.510650430572982 ], [ 80.835327231166872, 6.506708559952132 ], [ 80.83528149794283, 6.506632439535496 ], [ 80.834980305097133, 6.506072974887998 ], [ 80.834948676840057, 6.506014224876653 ], [ 80.83490714524865, 6.505937079232913 ], [ 80.833557909470073, 6.503430862044732 ], [ 80.832407633405637, 6.50129419337234 ], [ 80.831602122340144, 6.500016513950966 ], [ 80.831430564968628, 6.499744391690419 ], [ 80.831268162695665, 6.499274091226335 ], [ 80.830855732705956, 6.49807973489188 ], [ 80.830726222237473, 6.497595887040584 ], [ 80.830531083742599, 6.496866856120596 ], [ 80.830276885869623, 6.495917178335207 ], [ 80.829920525911632, 6.494138265368674 ], [ 80.829759813464733, 6.493336004453107 ], [ 80.82964442864747, 6.492760013863572 ], [ 80.829498759160515, 6.490387596010825 ], [ 80.829471719244523, 6.489947219588563 ], [ 80.829661997803029, 6.488663140591564 ], [ 80.829701393504578, 6.488397276713007 ], [ 80.830103425532769, 6.486617695550221 ], [ 80.8304166486095, 6.485678608181287 ], [ 80.830792731599317, 6.484551059783703 ], [ 80.831125647130989, 6.483896435172385 ], [ 80.831363493530446, 6.483428747238937 ], [ 80.832573632966842, 6.481049183373164 ], [ 80.832607405207668, 6.480964580550994 ], [ 80.832616918236255, 6.480940753013362 ], [ 80.833212811721921, 6.479447982738238 ], [ 80.833347986120714, 6.478961607792053 ], [ 80.83349999313026, 6.478414668002594 ], [ 80.833629455934741, 6.476903596523806 ], [ 80.833672132363091, 6.476405495317392 ], [ 80.833640439354866, 6.476057691509327 ], [ 80.833584935896155, 6.475448583385477 ], [ 80.833582124615432, 6.475417724948072 ], [ 80.833581001362205, 6.475405401538135 ], [ 80.833567519625419, 6.475257453169023 ], [ 80.8335640491416, 6.475219363283022 ], [ 80.833562076928374, 6.47519771570205 ], [ 80.833549792189274, 6.475062894736814 ], [ 80.833517660311855, 6.474710270562598 ], [ 80.833499518288235, 6.474511170554118 ], [ 80.833356790483549, 6.474020261226174 ], [ 80.833356510794388, 6.474019298951559 ], [ 80.832982155402192, 6.472731699108722 ], [ 80.832850299501771, 6.472139262616947 ], [ 80.832752189761791, 6.471698447325567 ], [ 80.832905429741871, 6.470983606808032 ], [ 80.83292447468483, 6.470894765481114 ], [ 80.833613845502597, 6.469631785478578 ], [ 80.833979923534656, 6.469239844743067 ], [ 80.835114247424684, 6.468025377769058 ], [ 80.835222519503716, 6.467909456056562 ], [ 80.836525362855227, 6.466943510434673 ], [ 80.837003612426813, 6.466588928436332 ], [ 80.83770654142387, 6.465886499462412 ], [ 80.838497376452892, 6.465096220214415 ], [ 80.838536547323883, 6.465016148176792 ], [ 80.83976114606007, 6.462512854684563 ], [ 80.839811170848918, 6.462321173183669 ], [ 80.840105726697971, 6.461192508727285 ], [ 80.840386620046544, 6.460056268382095 ], [ 80.840400466908065, 6.460000259504382 ], [ 80.840474407368049, 6.459001180160415 ], [ 80.840515177233755, 6.458450323823426 ], [ 80.84048547712311, 6.458213208572792 ], [ 80.840338046763549, 6.457036176778184 ], [ 80.840317406423267, 6.456871390402439 ], [ 80.840285564127541, 6.456617163751153 ], [ 80.840222161023974, 6.456110975840899 ], [ 80.840112532767279, 6.45523573134402 ], [ 80.838962897919515, 6.45173421466235 ], [ 80.838635887336451, 6.450264963457384 ], [ 80.838502958544836, 6.449667716491989 ], [ 80.838461036647587, 6.449374605853473 ], [ 80.838402884685408, 6.448968012463849 ], [ 80.838211366861231, 6.447628939923709 ], [ 80.837866240334762, 6.444701356182678 ], [ 80.837905551500114, 6.443637189304861 ], [ 80.83792349567284, 6.443151428595604 ], [ 80.837939506303258, 6.442589025862864 ], [ 80.837969418653813, 6.441538301151715 ], [ 80.837980692555007, 6.441142266702302 ], [ 80.83878117011497, 6.437140820492546 ], [ 80.839014240215079, 6.435975731694752 ], [ 80.839137815158153, 6.435570856909587 ], [ 80.839396418809713, 6.434723576831667 ], [ 80.840048005511107, 6.432588731085085 ], [ 80.840740226280531, 6.430536982695676 ], [ 80.841125547106358, 6.429333369639343 ], [ 80.841199679121985, 6.429101808601621 ], [ 80.841371983830086, 6.428642549114381 ], [ 80.841368318193403, 6.428602323338604 ], [ 80.841366049366812, 6.428577425453261 ], [ 80.8360492, 6.4266638 ], [ 80.8341032, 6.4259602 ], [ 80.8324671, 6.4254271 ], [ 80.8309811, 6.4252938 ], [ 80.8296266, 6.4252298 ], [ 80.8286248, 6.4251699 ], [ 80.8276284, 6.4251126 ], [ 80.8258232, 6.4250366 ], [ 80.8220109, 6.4248797 ], [ 80.8220726, 6.4249543 ], [ 80.8219727, 6.4251429 ], [ 80.8214242, 6.4253921 ], [ 80.82127, 6.4252709 ], [ 80.8211586, 6.4252762 ], [ 80.8211157, 6.4253482 ], [ 80.82094, 6.4253415 ], [ 80.8209092, 6.4254374 ], [ 80.820645, 6.4254974 ], [ 80.8205994, 6.4255627 ], [ 80.8204492, 6.4255481 ], [ 80.8203352, 6.4255854 ], [ 80.8202789, 6.425656 ], [ 80.82013, 6.4257026 ], [ 80.8205873, 6.4258306 ], [ 80.820708, 6.4257906 ], [ 80.8206396, 6.4259026 ], [ 80.8207751, 6.4259985 ], [ 80.8207375, 6.4260891 ], [ 80.8206571, 6.4261198 ], [ 80.8207188, 6.4261584 ], [ 80.8206852, 6.4262357 ], [ 80.8205136, 6.4262544 ], [ 80.8204707, 6.4263183 ], [ 80.8205256, 6.4263623 ], [ 80.8207523, 6.426389 ], [ 80.8208489, 6.426329 ], [ 80.8209387, 6.4263543 ], [ 80.8209628, 6.4264529 ], [ 80.8209266, 6.4265316 ], [ 80.8208462, 6.4265742 ], [ 80.8206691, 6.4265542 ], [ 80.8206906, 6.4266142 ], [ 80.8208462, 6.4266848 ], [ 80.8208368, 6.4267555 ], [ 80.8209199, 6.4268834 ], [ 80.8208985, 6.426958 ], [ 80.820708, 6.42699 ], [ 80.8206826, 6.4270367 ], [ 80.8208864, 6.4271366 ], [ 80.8208462, 6.4272059 ], [ 80.8209454, 6.4272645 ], [ 80.8208261, 6.4273605 ], [ 80.8209521, 6.4274285 ], [ 80.8209655, 6.4274844 ], [ 80.8207939, 6.427691 ], [ 80.8206772, 6.4277363 ], [ 80.8204733, 6.4275764 ], [ 80.8204492, 6.4273565 ], [ 80.8203808, 6.4273298 ], [ 80.8203607, 6.4270886 ], [ 80.8201743, 6.4267555 ], [ 80.8198444, 6.4267315 ], [ 80.8198269, 6.4266782 ], [ 80.8200482, 6.4265742 ], [ 80.8199315, 6.4265396 ], [ 80.8199436, 6.4264383 ], [ 80.8197679, 6.4264116 ], [ 80.8197331, 6.4262837 ], [ 80.8192838, 6.4263583 ], [ 80.8192677, 6.4263104 ], [ 80.8193482, 6.426289 ], [ 80.8193884, 6.4261291 ], [ 80.8197947, 6.4260358 ], [ 80.819847, 6.4258919 ], [ 80.8198189, 6.4258572 ], [ 80.8196352, 6.4258812 ], [ 80.8196204, 6.4258239 ], [ 80.8195319, 6.4258133 ], [ 80.8194326, 6.4258892 ], [ 80.8194045, 6.4259892 ], [ 80.8193374, 6.4260105 ], [ 80.8191161, 6.4259665 ], [ 80.8187313, 6.4257426 ], [ 80.8185395, 6.4256853 ], [ 80.8184697, 6.4255254 ], [ 80.8182364, 6.4255814 ], [ 80.8181586, 6.425752 ], [ 80.8181988, 6.4261411 ], [ 80.8182433, 6.426224 ], [ 80.8182138, 6.426352 ], [ 80.8181065, 6.4263999 ], [ 80.8180958, 6.4267784 ], [ 80.8181816, 6.4269117 ], [ 80.8181789, 6.4270103 ], [ 80.8181038, 6.4270556 ], [ 80.8181172, 6.4273142 ], [ 80.8179536, 6.4277646 ], [ 80.817849, 6.4279378 ], [ 80.8175379, 6.4280391 ], [ 80.8170497, 6.4279139 ], [ 80.817216, 6.4281671 ], [ 80.8171865, 6.4282657 ], [ 80.8170524, 6.4283083 ], [ 80.8170178, 6.4284694 ], [ 80.8170095, 6.4285082 ], [ 80.8169102, 6.4285429 ], [ 80.8170604, 6.4288174 ], [ 80.8170041, 6.42894 ], [ 80.8171359, 6.4292141 ], [ 80.8171489, 6.4292412 ], [ 80.8171141, 6.4294064 ], [ 80.8170202, 6.4295184 ], [ 80.8168915, 6.429577 ], [ 80.8166152, 6.4295157 ], [ 80.8163094, 6.4293611 ], [ 80.8162665, 6.4292625 ], [ 80.816068, 6.4292758 ], [ 80.816001, 6.4292145 ], [ 80.816001, 6.4291239 ], [ 80.8160868, 6.4290546 ], [ 80.8159849, 6.4290413 ], [ 80.8158749, 6.4289453 ], [ 80.8159017, 6.4288441 ], [ 80.8157247, 6.4288387 ], [ 80.8157757, 6.4289054 ], [ 80.8157703, 6.4289907 ], [ 80.81567, 6.4291275 ], [ 80.815655, 6.4291479 ], [ 80.8155557, 6.4291906 ], [ 80.8154384, 6.4291379 ], [ 80.8155658, 6.4295044 ], [ 80.8155416, 6.4296297 ], [ 80.8153753, 6.4298935 ], [ 80.8152305, 6.4299815 ], [ 80.8150696, 6.4299388 ], [ 80.8149784, 6.4299708 ], [ 80.8150401, 6.4300748 ], [ 80.8146176, 6.4301761 ], [ 80.814808, 6.4304013 ], [ 80.8148362, 6.4305319 ], [ 80.8147477, 6.4307185 ], [ 80.8149113, 6.4307691 ], [ 80.8149381, 6.4308197 ], [ 80.8149261, 6.430873 ], [ 80.8146431, 6.431025 ], [ 80.8148161, 6.431005 ], [ 80.8149824, 6.4312022 ], [ 80.8152171, 6.4311396 ], [ 80.8152305, 6.4311902 ], [ 80.8153619, 6.4312502 ], [ 80.8153861, 6.4313262 ], [ 80.8151876, 6.4313475 ], [ 80.8151956, 6.4314141 ], [ 80.8153136, 6.4314634 ], [ 80.8153794, 6.4313888 ], [ 80.8155121, 6.4313848 ], [ 80.8155007, 6.4315066 ], [ 80.8156107, 6.4317025 ], [ 80.8157086, 6.4316572 ], [ 80.815777, 6.4316758 ], [ 80.8158253, 6.4317145 ], [ 80.8158293, 6.4318397 ], [ 80.8158829, 6.4319237 ], [ 80.8160117, 6.4319557 ], [ 80.8159983, 6.4320303 ], [ 80.8158427, 6.4319557 ], [ 80.815781, 6.4320023 ], [ 80.8157622, 6.4320983 ], [ 80.8159325, 6.4324434 ], [ 80.8159191, 6.432606 ], [ 80.8158306, 6.4327659 ], [ 80.8157341, 6.4328699 ], [ 80.8156, 6.4328512 ], [ 80.8154202, 6.4329179 ], [ 80.8151708, 6.4331311 ], [ 80.8148328, 6.4332537 ], [ 80.8147604, 6.433339 ], [ 80.814806, 6.4334429 ], [ 80.8150179, 6.4335602 ], [ 80.8150957, 6.4339547 ], [ 80.8149133, 6.4341839 ], [ 80.8147315, 6.4342995 ], [ 80.8147121, 6.4343118 ], [ 80.8142454, 6.4344158 ], [ 80.8141462, 6.4343838 ], [ 80.814004, 6.4344211 ], [ 80.8137707, 6.4344051 ], [ 80.8133737, 6.4341972 ], [ 80.8131779, 6.4341599 ], [ 80.8130358, 6.4342079 ], [ 80.8129902, 6.4345384 ], [ 80.8129177, 6.4346743 ], [ 80.8128426, 6.4347223 ], [ 80.8125637, 6.4344824 ], [ 80.8125074, 6.4344877 ], [ 80.812502, 6.434677 ], [ 80.8124028, 6.4347196 ], [ 80.8124108, 6.4349088 ], [ 80.8121882, 6.4349462 ], [ 80.8122901, 6.4350448 ], [ 80.8123464, 6.4352074 ], [ 80.8119092, 6.4350954 ], [ 80.8118931, 6.4351727 ], [ 80.8120997, 6.4353353 ], [ 80.8119495, 6.4354606 ], [ 80.8121533, 6.4354899 ], [ 80.8122123, 6.4355725 ], [ 80.8122177, 6.4358257 ], [ 80.8123572, 6.4359297 ], [ 80.8121882, 6.4360203 ], [ 80.8122016, 6.4362202 ], [ 80.812097, 6.4363694 ], [ 80.8120541, 6.4365427 ], [ 80.8119843, 6.4365613 ], [ 80.8118207, 6.436492 ], [ 80.8117939, 6.436572 ], [ 80.8120085, 6.4367372 ], [ 80.8119092, 6.4368465 ], [ 80.8119253, 6.4369265 ], [ 80.8119924, 6.4369505 ], [ 80.8121506, 6.4368039 ], [ 80.812266, 6.4368439 ], [ 80.8123384, 6.4369265 ], [ 80.8124913, 6.4372916 ], [ 80.8124805, 6.4374915 ], [ 80.8126522, 6.4375182 ], [ 80.8126817, 6.4377447 ], [ 80.8127997, 6.4379446 ], [ 80.8125932, 6.4379579 ], [ 80.8125503, 6.4380086 ], [ 80.8126258, 6.4381248 ], [ 80.8126334, 6.4381365 ], [ 80.8126415, 6.4383204 ], [ 80.8125315, 6.4382032 ], [ 80.8124805, 6.4382325 ], [ 80.8124752, 6.4383871 ], [ 80.812433, 6.4384643 ], [ 80.8124242, 6.4384803 ], [ 80.8120997, 6.4384644 ], [ 80.8121706, 6.4385327 ], [ 80.8121855, 6.438547 ], [ 80.8124269, 6.4386509 ], [ 80.8123142, 6.4386536 ], [ 80.812274, 6.4387629 ], [ 80.8121614, 6.4388428 ], [ 80.812207, 6.4388908 ], [ 80.8123169, 6.4388908 ], [ 80.8124242, 6.4387069 ], [ 80.8124889, 6.4386793 ], [ 80.8124993, 6.4386749 ], [ 80.8125154, 6.4387415 ], [ 80.8124403, 6.4389148 ], [ 80.8122794, 6.4389628 ], [ 80.812325, 6.4390081 ], [ 80.812207, 6.439176 ], [ 80.8122335, 6.4391821 ], [ 80.8123116, 6.4392 ], [ 80.8124054, 6.4390774 ], [ 80.8124859, 6.439072 ], [ 80.8125074, 6.4389255 ], [ 80.812612, 6.4388721 ], [ 80.8127112, 6.4388375 ], [ 80.8128721, 6.4389121 ], [ 80.8129177, 6.4388855 ], [ 80.8129955, 6.4387309 ], [ 80.8129285, 6.4386776 ], [ 80.8129472, 6.4386296 ], [ 80.8131082, 6.4386536 ], [ 80.8132664, 6.4387789 ], [ 80.8133308, 6.4387762 ], [ 80.8133777, 6.4386483 ], [ 80.8133563, 6.438547 ], [ 80.8134797, 6.4385257 ], [ 80.8136513, 6.4385363 ], [ 80.8138713, 6.4387495 ], [ 80.8141824, 6.4389361 ], [ 80.8141878, 6.439096 ], [ 80.8142951, 6.4393945 ], [ 80.8141824, 6.4396611 ], [ 80.8143058, 6.4396397 ], [ 80.8144614, 6.4394745 ], [ 80.8146116, 6.4394478 ], [ 80.8147028, 6.4395278 ], [ 80.8147403, 6.4394052 ], [ 80.8148959, 6.4394905 ], [ 80.8149334, 6.4394319 ], [ 80.814912, 6.4393252 ], [ 80.8151265, 6.4393732 ], [ 80.8156335, 6.4391253 ], [ 80.8155369, 6.4394105 ], [ 80.8158481, 6.4391253 ], [ 80.8161967, 6.4390054 ], [ 80.8163657, 6.4390214 ], [ 80.8162374, 6.4394914 ], [ 80.8162289, 6.4395225 ], [ 80.8162343, 6.4397064 ], [ 80.8161351, 6.4397943 ], [ 80.8161351, 6.4399329 ], [ 80.8156925, 6.4408471 ], [ 80.8154672, 6.4410044 ], [ 80.8152687, 6.4410843 ], [ 80.8149066, 6.4411643 ], [ 80.8146625, 6.4411723 ], [ 80.8143138, 6.4413455 ], [ 80.8141636, 6.4412496 ], [ 80.8142039, 6.4413828 ], [ 80.8136728, 6.4415961 ], [ 80.813654, 6.441692 ], [ 80.8139222, 6.441748 ], [ 80.8143004, 6.44174 ], [ 80.8144077, 6.4417906 ], [ 80.814456, 6.4417293 ], [ 80.8145606, 6.4418679 ], [ 80.8147564, 6.441804 ], [ 80.8147269, 6.4419479 ], [ 80.8151413, 6.4421065 ], [ 80.8151601, 6.4422744 ], [ 80.8153143, 6.442261 ], [ 80.8153384, 6.442361 ], [ 80.8155423, 6.4424876 ], [ 80.8156563, 6.4428847 ], [ 80.815545, 6.4430033 ], [ 80.8155597, 6.443062 ], [ 80.8156509, 6.4431113 ], [ 80.8157274, 6.4431179 ], [ 80.8157448, 6.4430726 ], [ 80.8159366, 6.4431446 ], [ 80.8160425, 6.4431126 ], [ 80.8159513, 6.4430246 ], [ 80.8159433, 6.44291 ], [ 80.816064, 6.4428061 ], [ 80.8164341, 6.4427155 ], [ 80.8166675, 6.4427395 ], [ 80.8168579, 6.4428141 ], [ 80.8170322, 6.443038 ], [ 80.8174346, 6.4431686 ], [ 80.8174936, 6.4433312 ], [ 80.8175901, 6.4433525 ], [ 80.8176679, 6.4433098 ], [ 80.8175693, 6.4430872 ], [ 80.8175392, 6.4430193 ], [ 80.8175204, 6.4427128 ], [ 80.8175901, 6.4423157 ], [ 80.817853, 6.4419692 ], [ 80.8180874, 6.4418765 ], [ 80.8191035, 6.4420096 ], [ 80.8194994, 6.4406589 ], [ 80.8200241, 6.4400949 ], [ 80.8205241, 6.4403449 ], [ 80.8214994, 6.4397618 ], [ 80.8220241, 6.4380948 ], [ 80.8227741, 6.4383448 ], [ 80.8227741, 6.4388449 ], [ 80.8212741, 6.4428449 ], [ 80.8212741, 6.4433449 ], [ 80.8223954, 6.4435954 ], [ 80.8224426, 6.4439307 ], [ 80.8217741, 6.4445949 ], [ 80.8212741, 6.4448449 ], [ 80.8232741, 6.4460949 ], [ 80.8230241, 6.4468449 ], [ 80.8230241, 6.4473449 ], [ 80.8222741, 6.4475949 ], [ 80.8217741, 6.4468449 ], [ 80.8215241, 6.4463449 ], [ 80.8200241, 6.4463449 ], [ 80.8200241, 6.4485949 ], [ 80.8190241, 6.4493449 ], [ 80.8172741, 6.4495949 ], [ 80.8170241, 6.4473449 ], [ 80.8165241, 6.4468449 ], [ 80.8160241, 6.4473449 ], [ 80.8155241, 6.4473449 ], [ 80.8152741, 6.4470949 ], [ 80.8140241, 6.4460949 ], [ 80.8140241, 6.4480949 ], [ 80.8137741, 6.4488449 ], [ 80.8135241, 6.4493449 ], [ 80.8125241, 6.4495949 ], [ 80.8120241, 6.4498449 ], [ 80.8132741, 6.4503449 ], [ 80.8152637, 6.4496817 ], [ 80.8155241, 6.4495949 ], [ 80.8150241, 6.4503449 ], [ 80.8152741, 6.4508449 ], [ 80.8167741, 6.4523449 ], [ 80.8172741, 6.4533449 ], [ 80.8165241, 6.4538449 ], [ 80.8147741, 6.4530949 ], [ 80.8145241, 6.4533449 ], [ 80.8152741, 6.4558449 ], [ 80.8150241, 6.4560949 ], [ 80.8130241, 6.4548449 ], [ 80.8125241, 6.4550949 ], [ 80.8130241, 6.4565949 ], [ 80.8127741, 6.4568449 ], [ 80.8117741, 6.4570949 ], [ 80.8112741, 6.4565949 ], [ 80.8107741, 6.4575949 ], [ 80.8105241, 6.4578449 ], [ 80.8090241, 6.4570949 ], [ 80.8060241, 6.4583449 ], [ 80.8062741, 6.4588449 ], [ 80.8067741, 6.4583449 ], [ 80.8090241, 6.4593449 ], [ 80.8100241, 6.4595949 ], [ 80.8100241, 6.4600949 ], [ 80.8090241, 6.4608449 ], [ 80.8090241, 6.4613449 ], [ 80.8120241, 6.4600949 ], [ 80.8125241, 6.4593449 ], [ 80.8127741, 6.4585949 ], [ 80.8137741, 6.4603449 ], [ 80.8130241, 6.4618449 ], [ 80.8137741, 6.4623449 ], [ 80.8137741, 6.4633449 ], [ 80.8140241, 6.4648449 ], [ 80.8155241, 6.4625949 ], [ 80.8160241, 6.4625949 ], [ 80.8162741, 6.4633449 ], [ 80.8165241, 6.4635949 ], [ 80.8172741, 6.4625949 ], [ 80.8177741, 6.4620949 ], [ 80.8170241, 6.4613449 ], [ 80.8170241, 6.4600949 ], [ 80.8172741, 6.4593449 ], [ 80.8190241, 6.4603449 ], [ 80.8207741, 6.4580949 ], [ 80.8210241, 6.4578449 ], [ 80.8225241, 6.4590949 ], [ 80.8225241, 6.4610949 ], [ 80.8247741, 6.4585949 ], [ 80.8260241, 6.4585949 ], [ 80.8262741, 6.4583449 ], [ 80.8260241, 6.4568449 ], [ 80.8265241, 6.4563449 ], [ 80.8272741, 6.4558449 ], [ 80.8282741, 6.4560949 ], [ 80.8287741, 6.4570949 ], [ 80.8290241, 6.4573449 ], [ 80.8295241, 6.4570949 ], [ 80.8300241, 6.4573449 ], [ 80.8307741, 6.4568449 ], [ 80.8307741, 6.4558449 ], [ 80.8312741, 6.4550949 ], [ 80.8335241, 6.4553449 ], [ 80.8327741, 6.4573449 ], [ 80.8315241, 6.4578449 ], [ 80.8312741, 6.4580949 ], [ 80.8310241, 6.4590949 ], [ 80.8305373, 6.4588515 ], [ 80.8305241, 6.4588449 ], [ 80.8292741, 6.4598449 ], [ 80.8285241, 6.4603449 ], [ 80.8285241, 6.4608449 ], [ 80.8300241, 6.4623449 ], [ 80.8300241, 6.4643449 ], [ 80.8297741, 6.4648449 ], [ 80.8287741, 6.4648449 ], [ 80.8282741, 6.4650949 ], [ 80.8270026, 6.4674553 ], [ 80.8262741, 6.4678449 ], [ 80.8250241, 6.4680949 ], [ 80.8245814, 6.4677779 ], [ 80.8245241, 6.4683449 ], [ 80.8240241, 6.470095 ], [ 80.8215241, 6.472595 ], [ 80.8205241, 6.471845 ], [ 80.8200026, 6.4721361 ], [ 80.8193954, 6.472344 ], [ 80.8185571, 6.4717383 ], [ 80.8190241, 6.473095 ], [ 80.8182245, 6.4736838 ], [ 80.8169049, 6.4731934 ], [ 80.8175241, 6.474095 ], [ 80.8175241, 6.474845 ], [ 80.8192741, 6.475595 ], [ 80.8202741, 6.475595 ], [ 80.8202741, 6.476595 ], [ 80.8185241, 6.478095 ], [ 80.8175241, 6.477345 ], [ 80.8170241, 6.477595 ], [ 80.8165241, 6.478095 ], [ 80.8172741, 6.479595 ], [ 80.8170241, 6.480845 ], [ 80.8147741, 6.481095 ], [ 80.8125241, 6.479595 ], [ 80.8122741, 6.479345 ], [ 80.8117741, 6.479595 ], [ 80.8125241, 6.482095 ], [ 80.8125241, 6.482595 ], [ 80.8115241, 6.483095 ], [ 80.8115241, 6.483595 ], [ 80.8095241, 6.483595 ], [ 80.8080241, 6.482595 ], [ 80.8077741, 6.482345 ], [ 80.8080241, 6.483595 ], [ 80.8091888, 6.4845268 ], [ 80.8092741, 6.484595 ], [ 80.8095241, 6.484845 ], [ 80.8080241, 6.485345 ], [ 80.8060241, 6.485845 ], [ 80.8082741, 6.487095 ], [ 80.8095241, 6.486095 ], [ 80.8097741, 6.486345 ], [ 80.8102741, 6.486095 ], [ 80.8102741, 6.485595 ], [ 80.8105241, 6.485345 ], [ 80.8120241, 6.485595 ], [ 80.8137741, 6.484345 ], [ 80.8147741, 6.483845 ], [ 80.8152741, 6.485845 ], [ 80.8155241, 6.486095 ], [ 80.816258342666316, 6.487159545532697 ], [ 80.814855050006557, 6.4889822130103 ], [ 80.815943811552913, 6.490417765271421 ], [ 80.816895469793437, 6.488651552096222 ], [ 80.817951971738424, 6.488683811697595 ], [ 80.81769389492743, 6.487611179951927 ], [ 80.818556839264176, 6.487224064735446 ], [ 80.817782608831209, 6.486361120398704 ], [ 80.817734219429155, 6.48422392180771 ], [ 80.8190241, 6.484845 ], [ 80.8190241, 6.483345 ], [ 80.8197741, 6.483595 ], [ 80.8202741, 6.484595 ], [ 80.8210241, 6.483845 ], [ 80.8207741, 6.483345 ], [ 80.8210241, 6.483095 ], [ 80.8222741, 6.483095 ], [ 80.8225241, 6.482845 ], [ 80.8215241, 6.481595 ], [ 80.8220241, 6.480595 ], [ 80.8222741, 6.479595 ], [ 80.8240241, 6.480595 ], [ 80.8245241, 6.480095 ], [ 80.8245241, 6.479095 ], [ 80.8255241, 6.478345 ], [ 80.8270241, 6.477845 ], [ 80.8260241, 6.478595 ], [ 80.8252741, 6.480095 ], [ 80.8255241, 6.480595 ], [ 80.825901, 6.480595 ], [ 80.8260241, 6.480595 ], [ 80.8265241, 6.481095 ], [ 80.8255241, 6.481095 ], [ 80.8242741, 6.481845 ], [ 80.8237741, 6.482345 ], [ 80.8250241, 6.483095 ], [ 80.8250241, 6.485095 ], [ 80.8252741, 6.485595 ], [ 80.8247741, 6.487095 ], [ 80.8239698, 6.4870412 ], [ 80.8235241, 6.487845 ], [ 80.8230241, 6.488345 ], [ 80.8228058, 6.4890186 ], [ 80.8232741, 6.488845 ], [ 80.8247741, 6.488845 ], [ 80.8250241, 6.489095 ], [ 80.8245241, 6.489595 ], [ 80.8245241, 6.490845 ], [ 80.8238725, 6.4914966 ], [ 80.8237741, 6.491595 ], [ 80.8232741, 6.491095 ], [ 80.8222741, 6.491095 ], [ 80.8227741, 6.492595 ], [ 80.8247741, 6.493845 ], [ 80.8255241, 6.494095 ], [ 80.8245241, 6.495345 ], [ 80.8229023, 6.4951961 ], [ 80.8217097, 6.494109 ], [ 80.8219616, 6.4950848 ], [ 80.8219904, 6.4951961 ], [ 80.8210241, 6.495845 ], [ 80.8225241, 6.496595 ], [ 80.8225241, 6.497095 ], [ 80.8215241, 6.497845 ], [ 80.8215241, 6.498345 ], [ 80.8227741, 6.498595 ], [ 80.8237741, 6.498095 ], [ 80.8242741, 6.498095 ], [ 80.8247741, 6.499345 ], [ 80.8257741, 6.498845 ], [ 80.8247741, 6.5013451 ], [ 80.8240241, 6.5010951 ], [ 80.8235241, 6.5013451 ], [ 80.8237741, 6.5020951 ], [ 80.8237741, 6.5025951 ], [ 80.8222741, 6.5038451 ], [ 80.8215241, 6.5035951 ], [ 80.8209228, 6.5026474 ], [ 80.8210241, 6.5038451 ], [ 80.8212741, 6.5043451 ], [ 80.8200241, 6.5053451 ], [ 80.8195241, 6.5060951 ], [ 80.8190241, 6.5060951 ], [ 80.8177578, 6.5053016 ], [ 80.8191526, 6.5075935 ], [ 80.8195241, 6.5070951 ], [ 80.8210241, 6.5065951 ], [ 80.8217741, 6.5060951 ], [ 80.8222741, 6.5068451 ], [ 80.823082, 6.5074042 ], [ 80.8228567, 6.5060738 ], [ 80.8235241, 6.5050951 ], [ 80.8242741, 6.5048451 ], [ 80.8257741, 6.5060951 ], [ 80.8263996, 6.506537 ], [ 80.8262741, 6.5043451 ], [ 80.8287741, 6.5013451 ], [ 80.8292741, 6.5008451 ], [ 80.8295241, 6.5018451 ], [ 80.8287741, 6.5033451 ], [ 80.8290241, 6.5038451 ], [ 80.8302741, 6.5030951 ], [ 80.8312741, 6.5030951 ], [ 80.8320241, 6.5050951 ], [ 80.8320241, 6.5060951 ], [ 80.8310241, 6.5065951 ], [ 80.8317741, 6.5075951 ], [ 80.8315241, 6.5083451 ], [ 80.8310241, 6.5088451 ], [ 80.8305241, 6.5090951 ], [ 80.8292741, 6.5088451 ], [ 80.8290241, 6.5085951 ], [ 80.8285241, 6.5090951 ], [ 80.8280241, 6.5090951 ], [ 80.8270241, 6.5095951 ], [ 80.8286678, 6.5098299 ], [ 80.8287741, 6.5098451 ], [ 80.8302741, 6.5113451 ], [ 80.8285241, 6.5143451 ], [ 80.8290241, 6.5153451 ], [ 80.8275982, 6.5194255 ], [ 80.829022, 6.5188781 ], [ 80.8296496, 6.5187522 ], [ 80.830141, 6.5189339 ], [ 80.8309918, 6.518474 ], [ 80.8305241, 6.5175951 ], [ 80.8310241, 6.5175951 ], [ 80.8320241, 6.5148451 ], [ 80.8332741, 6.5135951 ], [ 80.8337741, 6.5133451 ], [ 80.8345241, 6.5133451 ], [ 80.8347741, 6.5113451 ], [ 80.8351895, 6.510722 ], [ 80.8352741, 6.5105951 ], [ 80.8360241, 6.5110951 ], [ 80.8357741, 6.5115951 ], [ 80.8360241, 6.5120951 ], [ 80.8367741, 6.5123451 ], [ 80.8370241, 6.5125951 ], [ 80.8367741, 6.5130951 ], [ 80.8372741, 6.5138451 ], [ 80.837377, 6.5138965 ], [ 80.8377137, 6.5145687 ], [ 80.8372984, 6.5149468 ], [ 80.8367275, 6.5147921 ], [ 80.8363468, 6.5151187 ], [ 80.8364852, 6.5155829 ], [ 80.8361565, 6.5162533 ], [ 80.8357932, 6.5165111 ], [ 80.8357759, 6.5171127 ], [ 80.8354818, 6.5178863 ], [ 80.8358451, 6.5180926 ], [ 80.8373676, 6.5168205 ], [ 80.8374887, 6.5175081 ], [ 80.8378867, 6.517766 ], [ 80.8377137, 6.5180582 ], [ 80.8378867, 6.5185739 ], [ 80.837679, 6.5191927 ], [ 80.8378175, 6.5196052 ], [ 80.8377829, 6.5200694 ], [ 80.8383538, 6.5197256 ], [ 80.8390978, 6.5195365 ], [ 80.8395995, 6.5202241 ], [ 80.8401705, 6.5209116 ], [ 80.8397552, 6.5212211 ], [ 80.8395995, 6.5217539 ], [ 80.8397033, 6.5220805 ], [ 80.8394784, 6.5223212 ], [ 80.8391151, 6.5222868 ], [ 80.8388555, 6.5225103 ], [ 80.8388555, 6.5228025 ], [ 80.8385787, 6.5229744 ], [ 80.8381289, 6.5235244 ], [ 80.8388555, 6.5233869 ], [ 80.8392362, 6.5230947 ], [ 80.8399282, 6.5230603 ], [ 80.840257, 6.5233869 ], [ 80.8408279, 6.5234385 ], [ 80.84043, 6.5227853 ], [ 80.8405511, 6.5224243 ], [ 80.8410874, 6.5219774 ], [ 80.8416238, 6.5219774 ], [ 80.8419179, 6.5220633 ], [ 80.8421082, 6.5219258 ], [ 80.84261, 6.5216164 ], [ 80.8431117, 6.5220633 ], [ 80.8429387, 6.5224587 ], [ 80.8425927, 6.5229916 ], [ 80.8427657, 6.5232838 ], [ 80.8433539, 6.5230947 ], [ 80.8435961, 6.5229056 ], [ 80.8437865, 6.5234213 ], [ 80.8437692, 6.523937 ], [ 80.843302, 6.5238682 ], [ 80.8430598, 6.5238167 ], [ 80.8429387, 6.5240573 ], [ 80.8430079, 6.5244527 ], [ 80.8421601, 6.5244699 ], [ 80.8423158, 6.5248996 ], [ 80.8432501, 6.5254325 ], [ 80.8428176, 6.5258106 ], [ 80.8419871, 6.5263607 ], [ 80.8423677, 6.5265326 ], [ 80.8424369, 6.5269279 ], [ 80.8421255, 6.5276671 ], [ 80.8426446, 6.5280624 ], [ 80.8426965, 6.5291797 ], [ 80.8431636, 6.5295923 ], [ 80.8432328, 6.5288016 ], [ 80.8432328, 6.5283375 ], [ 80.8435961, 6.5280968 ], [ 80.8435961, 6.5275124 ], [ 80.843873, 6.5273749 ], [ 80.8437865, 6.5264982 ], [ 80.8443055, 6.5269108 ], [ 80.8445131, 6.5263263 ], [ 80.8448592, 6.5267045 ], [ 80.8455339, 6.5270826 ], [ 80.8459491, 6.5273233 ], [ 80.8461741, 6.5276843 ], [ 80.8463125, 6.5280109 ], [ 80.8467623, 6.5280796 ], [ 80.8471083, 6.5282171 ], [ 80.8474198, 6.5285609 ], [ 80.8472814, 6.5291454 ], [ 80.8478004, 6.5289391 ], [ 80.8484752, 6.529386 ], [ 80.8484579, 6.5289219 ], [ 80.8472307, 6.5274364 ], [ 80.8467205, 6.5275715 ], [ 80.8446627, 6.5251554 ], [ 80.8452409, 6.5248343 ], [ 80.8457681, 6.5249188 ], [ 80.846549423084141, 6.525368663758922 ], [ 80.846483651199648, 6.525279416312033 ] ], [ [ 80.8209765, 6.4285882 ], [ 80.820837, 6.4283056 ], [ 80.8208423, 6.4282123 ], [ 80.8208525, 6.4280059 ], [ 80.8208263, 6.4279005 ], [ 80.8209335, 6.4279112 ], [ 80.8211132, 6.4280632 ], [ 80.8212983, 6.428255 ], [ 80.8214324, 6.4284176 ], [ 80.8216712, 6.4287507 ], [ 80.8217623, 6.428876 ], [ 80.8218026, 6.4289987 ], [ 80.8218133, 6.4292545 ], [ 80.8215022, 6.4293825 ], [ 80.8215504, 6.429553 ], [ 80.8216846, 6.429729 ], [ 80.8215022, 6.4298995 ], [ 80.8210999, 6.4300727 ], [ 80.8209657, 6.4297929 ], [ 80.8209711, 6.4295077 ], [ 80.8208853, 6.4293105 ], [ 80.820888, 6.4291692 ], [ 80.8209926, 6.4289987 ], [ 80.8207994, 6.4290679 ], [ 80.8207468, 6.4289753 ], [ 80.8207297, 6.4289453 ], [ 80.8209765, 6.4288227 ], [ 80.8209765, 6.4285882 ] ], [ [ 80.824981, 6.4430821 ], [ 80.8244151, 6.4432474 ], [ 80.8237848, 6.4429995 ], [ 80.8238384, 6.4426877 ], [ 80.8241039, 6.4424211 ], [ 80.8243279, 6.4421893 ], [ 80.8246163, 6.442 ], [ 80.8250079, 6.4418508 ], [ 80.8253834, 6.4418268 ], [ 80.8256409, 6.4419707 ], [ 80.8257455, 6.4421893 ], [ 80.8256999, 6.4424824 ], [ 80.8254182, 6.4428263 ], [ 80.824981, 6.4430821 ] ] ], [ [ [ 80.921265197072685, 6.239402383633521 ], [ 80.921273374615367, 6.239411469792062 ], [ 80.92130207256416, 6.239404542700973 ], [ 80.921265197072685, 6.239402383633521 ] ] ], [ [ [ 80.866949850355326, 6.272164686850887 ], [ 80.86701395762816, 6.27223995111291 ], [ 80.867036221244703, 6.272266237396993 ], [ 80.867073976582844, 6.272310814992208 ], [ 80.867164435583973, 6.27241356722649 ], [ 80.8671534, 6.2723859 ], [ 80.8670247, 6.2721886 ], [ 80.866905808462178, 6.27211276321221 ], [ 80.866949850355326, 6.272164686850887 ] ] ], [ [ [ 80.848207786460264, 6.268956670214196 ], [ 80.848091621031514, 6.268942674065245 ], [ 80.848055027592281, 6.268905912096458 ], [ 80.8480346, 6.2688999 ], [ 80.8479059, 6.2688986 ], [ 80.8477449, 6.2690079 ], [ 80.84769, 6.2691105 ], [ 80.8476175, 6.2693398 ], [ 80.8474767, 6.2695478 ], [ 80.8472836, 6.2697171 ], [ 80.847186590148638, 6.269747025918161 ], [ 80.847143273343406, 6.269762473559402 ], [ 80.847048844528587, 6.269778299828763 ], [ 80.846978646147704, 6.269774169242579 ], [ 80.846904622950092, 6.269709458524728 ], [ 80.846849136578498, 6.269611894673242 ], [ 80.846852282590362, 6.269568977517172 ], [ 80.846753644550148, 6.269436342130794 ], [ 80.846736286050827, 6.269434567251517 ], [ 80.846604020958878, 6.269317157161156 ], [ 80.846536996285423, 6.26921532422787 ], [ 80.84649499165063, 6.269123980087707 ], [ 80.846493648047044, 6.269117558802185 ], [ 80.8463421, 6.2689412 ], [ 80.8460551, 6.2687786 ], [ 80.845803, 6.2687173 ], [ 80.845767205997262, 6.268701781219753 ], [ 80.845735795670507, 6.26873516629499 ], [ 80.845638943182792, 6.268705532734229 ], [ 80.845597715831488, 6.268628297383503 ], [ 80.8455509, 6.268608 ], [ 80.845331, 6.2683653 ], [ 80.8450896, 6.2680507 ], [ 80.844982352793195, 6.267835406029697 ], [ 80.844871591251007, 6.26766043777903 ], [ 80.844738505077999, 6.267412803158399 ], [ 80.844622856759514, 6.267175806618228 ], [ 80.844569746396743, 6.267064567675726 ], [ 80.844560734290482, 6.26704569180526 ], [ 80.844484004133591, 6.266884979358354 ], [ 80.844415284730331, 6.266730072638046 ], [ 80.844354912612133, 6.266734671486596 ], [ 80.844308662336701, 6.266782733925714 ], [ 80.8442768, 6.266819 ], [ 80.844273241595886, 6.266819542510791 ], [ 80.843913968375148, 6.267192892661319 ], [ 80.8439952, 6.2675975 ], [ 80.8441615, 6.2680907 ], [ 80.8443466, 6.268528 ], [ 80.8444069, 6.2689186 ], [ 80.844423, 6.2691959 ], [ 80.8444096, 6.2695251 ], [ 80.8442742, 6.2699277 ], [ 80.8442138, 6.270057 ], [ 80.8440958, 6.270201 ], [ 80.8440113, 6.2702717 ], [ 80.8439188, 6.2702943 ], [ 80.8437484, 6.2702397 ], [ 80.8435956, 6.2702423 ], [ 80.8432656, 6.2704398 ], [ 80.8431208, 6.2705543 ], [ 80.8430028, 6.2706849 ], [ 80.8429572, 6.2707876 ], [ 80.8429787, 6.2708555 ], [ 80.8430752, 6.2709089 ], [ 80.8433059, 6.2709302 ], [ 80.8434226, 6.2709875 ], [ 80.8436398, 6.2712421 ], [ 80.8439308, 6.2715181 ], [ 80.8441548, 6.2716781 ], [ 80.8443882, 6.2717914 ], [ 80.8450337, 6.2718313 ], [ 80.8457708, 6.2715596 ], [ 80.8464145, 6.2716449 ], [ 80.8465594, 6.2718635 ], [ 80.8470355, 6.2731551 ], [ 80.8472568, 6.2732538 ], [ 80.8474338, 6.2732191 ], [ 80.8478495, 6.2728805 ], [ 80.8480252, 6.2726979 ], [ 80.8482774, 6.2726779 ], [ 80.848437, 6.2727432 ], [ 80.8485094, 6.2727485 ], [ 80.8485727, 6.2727075 ], [ 80.8486287, 6.2726325 ], [ 80.848673, 6.2724646 ], [ 80.8486636, 6.2722699 ], [ 80.8488514, 6.2716007 ], [ 80.8489251, 6.2711768 ], [ 80.8486448, 6.2698064 ], [ 80.8485383, 6.2695853 ], [ 80.8485013, 6.2694125 ], [ 80.8484926, 6.2693152 ], [ 80.8485241, 6.2691252 ], [ 80.8485, 6.2690712 ], [ 80.8484336, 6.2690339 ], [ 80.848218871175874, 6.268954374455684 ], [ 80.848207786460264, 6.268956670214196 ] ] ], [ [ [ 80.76413493837677, 6.28040475387631 ], [ 80.764119993443032, 6.280404903163825 ], [ 80.76395928909001, 6.28040631150216 ], [ 80.763945256968142, 6.280408710893335 ], [ 80.763672618496614, 6.280455337144106 ], [ 80.763427548742428, 6.280497388543713 ], [ 80.763419054645709, 6.280498846344793 ], [ 80.763386088197478, 6.280504503080406 ], [ 80.763214085661616, 6.280541026347395 ], [ 80.763042505807022, 6.280612238264203 ], [ 80.763025811691961, 6.280618740362618 ], [ 80.762909832887175, 6.280663911957198 ], [ 80.762892771078526, 6.280848179490651 ], [ 80.763210326529546, 6.281548817707985 ], [ 80.763583328170427, 6.281735318528426 ], [ 80.763679098862013, 6.282032711728589 ], [ 80.763779910116298, 6.282052873979447 ], [ 80.764016816563895, 6.281916778786153 ], [ 80.764188195696192, 6.281634507274133 ], [ 80.764646886903222, 6.281700034589424 ], [ 80.764520872835348, 6.281100207626383 ], [ 80.764314209764052, 6.280500380663343 ], [ 80.764296756115385, 6.280403138906443 ], [ 80.76413493837677, 6.28040475387631 ] ] ], [ [ [ 80.194070389237126, 6.851996664814317 ], [ 80.193818641117446, 6.852149929975324 ], [ 80.192598762922628, 6.852892618899284 ], [ 80.192048292669341, 6.853227756081557 ], [ 80.19205156109912, 6.853257171949583 ], [ 80.191626660703704, 6.85350896477649 ], [ 80.191515024743381, 6.853460124043848 ], [ 80.191309527212979, 6.853541946503681 ], [ 80.190359138963188, 6.853920356938934 ], [ 80.19001606109245, 6.854032833348631 ], [ 80.189544487217304, 6.854187435031639 ], [ 80.189604449562665, 6.85426434325721 ], [ 80.19016704916028, 6.854874154009874 ], [ 80.190489658719756, 6.855236106198552 ], [ 80.190650963499493, 6.855389542452448 ], [ 80.190709977443291, 6.855369871137846 ], [ 80.19080833401631, 6.855460359185016 ], [ 80.191134877838707, 6.854964642057044 ], [ 80.191709280225083, 6.855015787475009 ], [ 80.19174075432845, 6.85530692293112 ], [ 80.191949270263237, 6.855916733683784 ], [ 80.191933533211568, 6.856042630097236 ], [ 80.192114509305895, 6.857081275508225 ], [ 80.192114509305895, 6.857222908973361 ], [ 80.19196500731492, 6.857309462757609 ], [ 80.192098772254198, 6.857616335265403 ], [ 80.192043692573307, 6.85805697271249 ], [ 80.191799768272247, 6.858647112150551 ], [ 80.191697477436321, 6.858741534460641 ], [ 80.192500067072075, 6.859638546406496 ], [ 80.192657437588892, 6.859961155965969 ], [ 80.193011521251734, 6.860150000586149 ], [ 80.193176760294392, 6.860291634051284 ], [ 80.193113812087674, 6.861007669902797 ], [ 80.193334130811209, 6.861448307349884 ], [ 80.193365604914575, 6.860881773489344 ], [ 80.193711820051576, 6.861054881057842 ], [ 80.193869190568392, 6.859371016527906 ], [ 80.193664608896526, 6.858930379080819 ], [ 80.193932138775111, 6.858568426892141 ], [ 80.194010824033526, 6.85808057829001 ], [ 80.193869190568392, 6.85732519980929 ], [ 80.193444290172991, 6.857136355189111 ], [ 80.193475764276343, 6.85655408427689 ], [ 80.193853453516709, 6.856349502605029 ], [ 80.193696082999892, 6.854382371144822 ], [ 80.194058035188576, 6.854051893059507 ], [ 80.195222577013013, 6.853878785491009 ], [ 80.195789110873548, 6.853689940870829 ], [ 80.196465804095865, 6.853941733697735 ], [ 80.197630345920302, 6.853815837284283 ], [ 80.198448672607753, 6.85350109625065 ], [ 80.199015206468289, 6.853705677922511 ], [ 80.199282736346873, 6.854760060385182 ], [ 80.199282736346873, 6.855247908987312 ], [ 80.198920784158204, 6.855956076312987 ], [ 80.198574569021204, 6.856192132088212 ], [ 80.198826361848106, 6.856569821328572 ], [ 80.198684728382972, 6.857136355189111 ], [ 80.19825982798757, 6.857545518532834 ], [ 80.197945086953936, 6.857765837256377 ], [ 80.198275565039253, 6.858631375098867 ], [ 80.198212616832521, 6.85904053844259 ], [ 80.198181142729169, 6.859528387044722 ], [ 80.198527357866155, 6.859764442819947 ], [ 80.198668991331289, 6.860818825282617 ], [ 80.198527357866141, 6.861149303367932 ], [ 80.198637517227908, 6.862014841210422 ], [ 80.198826361848091, 6.862329582244056 ], [ 80.199125365830042, 6.861967630055378 ], [ 80.19940863276031, 6.862093526468831 ], [ 80.199282736346859, 6.862754482639461 ], [ 80.199141102881725, 6.863053486621411 ], [ 80.198779150693042, 6.863383964706727 ], [ 80.199298473398542, 6.863557072275225 ], [ 80.199550266225444, 6.863525598171861 ], [ 80.199550266225444, 6.86294332725964 ], [ 80.199770584948993, 6.862581375070962 ], [ 80.200085325982627, 6.862738745587778 ], [ 80.200289907654479, 6.862298108140693 ], [ 80.200400067016261, 6.8616056778667 ], [ 80.200337118809529, 6.860944721696071 ], [ 80.200116800085993, 6.860519821300666 ], [ 80.199660425587226, 6.860519821300666 ], [ 80.19940863276031, 6.860488347197303 ], [ 80.19923552519181, 6.859764442819947 ], [ 80.199219788140127, 6.858820219719048 ], [ 80.199959429569176, 6.858206474703463 ], [ 80.200368592912895, 6.856947510568931 ], [ 80.200337118809529, 6.856113446829804 ], [ 80.200305644706162, 6.854791534488546 ], [ 80.200525963429712, 6.853863048439329 ], [ 80.201092497290247, 6.853721414974194 ], [ 80.201659031150783, 6.853800100232602 ], [ 80.201721979357515, 6.854791534488546 ], [ 80.201847875770966, 6.855405279504129 ], [ 80.202257039114684, 6.855358068349084 ], [ 80.202760624768501, 6.855232171935631 ], [ 80.203201262215586, 6.854760060385182 ], [ 80.203626162610988, 6.854586952816684 ], [ 80.203657636714354, 6.854114841266234 ], [ 80.203909429541255, 6.853957470749418 ], [ 80.204192696471537, 6.853422410992241 ], [ 80.20452317455684, 6.853485359198968 ], [ 80.20508970841739, 6.853626992664103 ], [ 80.205073971365707, 6.853202092268698 ], [ 80.205530345864474, 6.852966036493473 ], [ 80.205829349846425, 6.853076195855246 ], [ 80.20592377215651, 6.853453885095605 ], [ 80.205860823949791, 6.854004681904462 ], [ 80.205845086898108, 6.854287948834732 ], [ 80.205829349846425, 6.854775797436863 ], [ 80.205860823949791, 6.855153486677223 ], [ 80.205829349846425, 6.855468227710857 ], [ 80.20557755701951, 6.855845916951216 ], [ 80.205609031122876, 6.856349502605029 ], [ 80.205357238295974, 6.856491136070163 ], [ 80.204885126745523, 6.857104881085748 ], [ 80.204932337900573, 6.857529781481152 ], [ 80.205026760210657, 6.85864711215055 ], [ 80.204712019177023, 6.858694323305595 ], [ 80.204853652642157, 6.859402490631269 ], [ 80.204617596866939, 6.86017360616367 ], [ 80.204224170574889, 6.860991932851116 ], [ 80.203783533127805, 6.861275199781385 ], [ 80.203736321972769, 6.861605677866701 ], [ 80.203799270179488, 6.862030578262105 ], [ 80.20348452914584, 6.863084960724775 ], [ 80.203862218386206, 6.864155080239128 ], [ 80.203704847869389, 6.86456424358285 ], [ 80.203169788112206, 6.865539940787113 ], [ 80.202508831941586, 6.865823207717383 ], [ 80.203075365802121, 6.866200896957742 ], [ 80.202855047078572, 6.867050697748551 ], [ 80.202642596880892, 6.867215936791209 ], [ 80.202209827959635, 6.867208068265368 ], [ 80.202201959433793, 6.867554283402365 ], [ 80.202445883734867, 6.867853287384317 ], [ 80.202548174570794, 6.868112948737063 ], [ 80.202469489312392, 6.8684670323999 ], [ 80.20257964867416, 6.868742430804329 ], [ 80.202107537123709, 6.869222410880618 ], [ 80.202107537123709, 6.869411255500798 ], [ 80.202941600862843, 6.869206673828937 ], [ 80.203634031136829, 6.869269622035663 ], [ 80.20375992755028, 6.869112251518847 ], [ 80.204090405635597, 6.86886045869194 ], [ 80.204153353842329, 6.868671614071761 ], [ 80.204137616790646, 6.867979183797768 ], [ 80.204955943478083, 6.86761723160909 ], [ 80.205648373752084, 6.86733396467882 ], [ 80.205491003235267, 6.866814641973326 ], [ 80.205081839891548, 6.865697311303928 ], [ 80.205349369770133, 6.86380886510213 ], [ 80.2051133139949, 6.862361056347418 ], [ 80.205349369770133, 6.861086355161205 ], [ 80.205852955423964, 6.859197908959406 ], [ 80.206277855819366, 6.858363845220279 ], [ 80.206309329922732, 6.85694751056893 ], [ 80.206655545059718, 6.854901693850316 ], [ 80.206938811989986, 6.85436663409314 ], [ 80.207410923540436, 6.853910259594372 ], [ 80.207788612780803, 6.853217829320379 ], [ 80.208512517158155, 6.853186355217016 ], [ 80.209330843845592, 6.853249303423742 ], [ 80.209645584879226, 6.853327988682151 ], [ 80.209960325912846, 6.852698506614886 ], [ 80.209220684483796, 6.852368028529571 ], [ 80.208732835881676, 6.852021813392575 ], [ 80.208103353814408, 6.851895916979122 ], [ 80.207835823935824, 6.851628387100534 ], [ 80.207332238282007, 6.851203486705129 ], [ 80.207835823935824, 6.850290737707593 ], [ 80.208213513176176, 6.849267829348286 ], [ 80.208795784088394, 6.849063247676424 ], [ 80.209173473328761, 6.849330777555013 ], [ 80.209787218344346, 6.849960259622279 ], [ 80.210149170533015, 6.850243526552548 ], [ 80.210306541049832, 6.849897311415551 ], [ 80.209834429499381, 6.84873276959111 ], [ 80.20953542551743, 6.848433765609158 ], [ 80.209378055000627, 6.847237749681351 ], [ 80.209157736277078, 6.847143327371262 ], [ 80.20887446934681, 6.846246315425407 ], [ 80.208858732295127, 6.845774203874957 ], [ 80.208968891656895, 6.845522411048051 ], [ 80.208638413571592, 6.845506673996369 ], [ 80.208307935486275, 6.845585359254778 ], [ 80.208229250227859, 6.844767032567332 ], [ 80.208056142659359, 6.843712650104662 ], [ 80.208638413571606, 6.841682570437729 ], [ 80.208921680501874, 6.84045508040656 ], [ 80.208984628708606, 6.83979412423593 ], [ 80.209016102811958, 6.839227590375391 ], [ 80.208795784088423, 6.838661056514852 ], [ 80.208921680501874, 6.838283367274491 ], [ 80.20904757691531, 6.837055877243323 ], [ 80.209079051018662, 6.835828387212154 ], [ 80.208795784088394, 6.834884164111255 ], [ 80.208449568951409, 6.834475000767532 ], [ 80.207977457400958, 6.834191733837263 ], [ 80.207938114771764, 6.833719622286814 ], [ 80.207993194452655, 6.833546514718316 ], [ 80.207591899634764, 6.833397012727341 ], [ 80.207466003221313, 6.833609462925042 ], [ 80.207316501230338, 6.833688148183451 ], [ 80.207214210394412, 6.833727490812655 ], [ 80.207017497248387, 6.833593725873361 ], [ 80.206663413585545, 6.833900598381153 ], [ 80.206718493266436, 6.834050100372129 ], [ 80.206938811989971, 6.834270419095672 ], [ 80.207143393661838, 6.834687450965236 ], [ 80.207174867765204, 6.83501792905055 ], [ 80.207253553023605, 6.835246116299935 ], [ 80.206946680515813, 6.83530119598082 ], [ 80.206828652628204, 6.835513646178522 ], [ 80.206828652628204, 6.835828387212155 ], [ 80.207340106807862, 6.836190339400833 ], [ 80.207332238282021, 6.83644213222774 ], [ 80.206671282111387, 6.837315538596071 ], [ 80.206545385697936, 6.837661753733067 ], [ 80.206734230318119, 6.837897809508292 ], [ 80.20720634186857, 6.837724701939794 ], [ 80.207631242263972, 6.837504383216251 ], [ 80.207883035090873, 6.837535857319614 ], [ 80.208024668556007, 6.837771913094839 ], [ 80.208024668556007, 6.83835418400706 ], [ 80.207835823935824, 6.838621713885648 ], [ 80.20821351317619, 6.838873506712554 ], [ 80.20838662074469, 6.839203984797868 ], [ 80.208197776124507, 6.839975100330268 ], [ 80.208150564969458, 6.84036852662231 ], [ 80.208244987279556, 6.841029482792939 ], [ 80.207835823935824, 6.841470120240025 ], [ 80.207599768160605, 6.842131076410655 ], [ 80.207300764178655, 6.842933666046419 ], [ 80.207300764178655, 6.843028088356509 ], [ 80.207237815971922, 6.843909363250681 ], [ 80.206923074938288, 6.843972311457408 ], [ 80.20686012673157, 6.843437251700232 ], [ 80.207017497248387, 6.843153984769962 ], [ 80.206844389679887, 6.843091036563235 ], [ 80.206388015181119, 6.843358566441823 ], [ 80.206073274147485, 6.84304382540819 ], [ 80.205790007217217, 6.842382869237561 ], [ 80.205884429527302, 6.842131076410655 ], [ 80.206325066974387, 6.841470120240025 ], [ 80.206214907612619, 6.841045219844621 ], [ 80.205963114785717, 6.84055737124249 ], [ 80.205947377734034, 6.840038048536995 ], [ 80.205616899648717, 6.840116733795403 ], [ 80.205522477338633, 6.840651793552579 ], [ 80.205223473356668, 6.841139642154711 ], [ 80.205034628736499, 6.841045219844621 ], [ 80.205018891684816, 6.840730478810988 ], [ 80.204971680529766, 6.840447211880718 ], [ 80.204955943478083, 6.840337052518946 ], [ 80.2047670988579, 6.840384263673991 ], [ 80.204609728341097, 6.841312749723209 ], [ 80.204232039100731, 6.841155379206392 ], [ 80.203571082930097, 6.840919323431168 ], [ 80.20358681998178, 6.841186853309756 ], [ 80.203995983325512, 6.841658964860205 ], [ 80.204342198462498, 6.842146813462336 ], [ 80.204216302049048, 6.842414343340924 ], [ 80.203602557033463, 6.842540239754378 ], [ 80.203130445483012, 6.842618925012786 ], [ 80.203382238309928, 6.842854980788011 ], [ 80.203665505240195, 6.843216932976689 ], [ 80.203413712413294, 6.843846415043955 ], [ 80.203319290103209, 6.84446016005954 ], [ 80.20349239767171, 6.845199801488577 ], [ 80.203744190498611, 6.844412948904495 ], [ 80.204011720377196, 6.843972311457408 ], [ 80.204405146669245, 6.843846415043955 ], [ 80.204814310012964, 6.843956574405727 ], [ 80.204892995271365, 6.844680478783083 ], [ 80.205239210408365, 6.845278486746985 ], [ 80.205254947460048, 6.845970917020979 ], [ 80.205066102839865, 6.846238446899566 ], [ 80.204924469374731, 6.846663347294971 ], [ 80.205176262201647, 6.846962351276923 ], [ 80.205553951441999, 6.847009562431968 ], [ 80.205695584907133, 6.846521713829836 ], [ 80.205790007217232, 6.846002391124341 ], [ 80.205963114785717, 6.845073905075124 ], [ 80.206151959405901, 6.844916534558307 ], [ 80.206608333904668, 6.845294223798668 ], [ 80.20671849326645, 6.845923705865933 ], [ 80.206954549041669, 6.845939442917615 ], [ 80.207143393661852, 6.845829283555843 ], [ 80.207395186488753, 6.846317132157974 ], [ 80.207096182506803, 6.847387251672327 ], [ 80.206923074938302, 6.848174104256409 ], [ 80.206797178524852, 6.848913745685447 ], [ 80.206498174542887, 6.849464542494305 ], [ 80.20651391159457, 6.850503187905294 ], [ 80.206073274147485, 6.8507549807322 ], [ 80.205852955423936, 6.85103824766247 ], [ 80.206151959405886, 6.851683466781417 ], [ 80.205963114785717, 6.852124104228504 ], [ 80.205317895666767, 6.851746414988144 ], [ 80.2051133139949, 6.851463148057874 ], [ 80.204782835909583, 6.85103824766247 ], [ 80.204531043082682, 6.850518924956975 ], [ 80.204200564997365, 6.85132151459274 ], [ 80.203775664601963, 6.851825100246552 ], [ 80.203067497276294, 6.85237589705541 ], [ 80.202249170588843, 6.852438845262137 ], [ 80.201556740314842, 6.852722112192406 ], [ 80.201273473384575, 6.852722112192406 ], [ 80.201021680557673, 6.852596215778953 ], [ 80.200801361834124, 6.852580478727272 ], [ 80.200581043110589, 6.852328685900365 ], [ 80.200549569007222, 6.851746414988144 ], [ 80.200423672593772, 6.85113266997256 ], [ 80.199888612836588, 6.85209263012514 ], [ 80.199636820009687, 6.852564741675589 ], [ 80.199322078976053, 6.852910956812586 ], [ 80.196583831983446, 6.85314701258781 ], [ 80.196158931588045, 6.853036853226039 ], [ 80.195450764262361, 6.852910956812585 ], [ 80.194962915660227, 6.852753586295768 ], [ 80.194459330006424, 6.852423108210454 ], [ 80.194259243961426, 6.851881698912246 ], [ 80.194070389237126, 6.851996664814317 ] ] ], [ [ [ 80.1836744, 6.8062604 ], [ 80.1836221, 6.8062284 ], [ 80.1835618, 6.8062364 ], [ 80.1835872, 6.8064841 ], [ 80.1835121, 6.8065374 ], [ 80.1834679, 6.8065054 ], [ 80.1834062, 6.8065374 ], [ 80.1833525, 6.8066239 ], [ 80.1833472, 6.8067318 ], [ 80.1835832, 6.8068183 ], [ 80.183665, 6.8066625 ], [ 80.1836744, 6.8062604 ] ] ], [ [ [ 80.1989, 7.1763453 ], [ 80.1989697, 7.1762761 ], [ 80.1990609, 7.1761537 ], [ 80.1991199, 7.175994 ], [ 80.1990502, 7.1759035 ], [ 80.1989697, 7.1758822 ], [ 80.1988517, 7.1757971 ], [ 80.1987873, 7.1757172 ], [ 80.1986478, 7.1756534 ], [ 80.1985996, 7.1758982 ], [ 80.1985084, 7.176143 ], [ 80.1985191, 7.1762974 ], [ 80.1986103, 7.176489 ], [ 80.1986318, 7.1765475 ], [ 80.1986854, 7.1765369 ], [ 80.1987229, 7.176473 ], [ 80.1987927, 7.1763985 ], [ 80.1989, 7.1763453 ] ] ], [ [ [ 80.21688, 6.9144616 ], [ 80.2168866, 6.9145868 ], [ 80.2169729, 6.914633 ], [ 80.2170203, 6.9145981 ], [ 80.2171161, 6.914632 ], [ 80.2171759, 6.9146245 ], [ 80.2172185, 6.9145482 ], [ 80.2172166, 6.9145012 ], [ 80.2172109, 6.9144522 ], [ 80.2170687, 6.914376 ], [ 80.2169739, 6.9143289 ], [ 80.21688, 6.9144616 ] ] ], [ [ [ 80.224598, 6.9350124 ], [ 80.2245471, 6.9350803 ], [ 80.2244975, 6.9352081 ], [ 80.2245685, 6.9353293 ], [ 80.224755, 6.9353319 ], [ 80.2248488, 6.9352853 ], [ 80.224873, 6.9351828 ], [ 80.2248569, 6.9350763 ], [ 80.224814, 6.9350404 ], [ 80.2246249, 6.9350058 ], [ 80.224598, 6.9350124 ] ] ], [ [ [ 80.212085211155056, 7.010204337051682 ], [ 80.212081211155052, 7.010160437051682 ], [ 80.212046311155049, 7.010091237051682 ], [ 80.212113411155045, 7.010076537051682 ], [ 80.212174311155053, 7.010172237051682 ], [ 80.212240211155049, 7.010152137051683 ], [ 80.212346811155044, 7.010066437051682 ], [ 80.212392511155045, 7.009895237051682 ], [ 80.212391700397603, 7.009695268453957 ], [ 80.212281541035836, 7.009463146941652 ], [ 80.212143811155045, 7.009411637051683 ], [ 80.211971311155054, 7.009451937051682 ], [ 80.211869811155054, 7.009542637051682 ], [ 80.21190531115505, 7.009648337051682 ], [ 80.211925611155053, 7.009819637051682 ], [ 80.211854511155053, 7.009900237051682 ], [ 80.211707411155047, 7.009960637051682 ], [ 80.211671811155043, 7.010056437051682 ], [ 80.211717511155044, 7.010217537051682 ], [ 80.211743211155053, 7.010274937051682 ], [ 80.211798211155056, 7.010314837051682 ], [ 80.211882711155056, 7.010332137051682 ], [ 80.211966211155044, 7.010323337051682 ], [ 80.212020811155043, 7.010292237051682 ], [ 80.212063811155048, 7.010249637051682 ], [ 80.212085211155056, 7.010204337051682 ] ] ], [ [ [ 80.2275332, 7.0804893 ], [ 80.2275062, 7.0803912 ], [ 80.2274223, 7.0803555 ], [ 80.2273624, 7.0803882 ], [ 80.2273234, 7.0805131 ], [ 80.2273054, 7.0806559 ], [ 80.2272844, 7.0807897 ], [ 80.2275182, 7.0807956 ], [ 80.2275032, 7.080635 ], [ 80.2275332, 7.0804893 ] ] ], [ [ [ 80.289300439901552, 6.808069577667198 ], [ 80.289191989044397, 6.808014288994922 ], [ 80.289062273313291, 6.808054692255432 ], [ 80.288834739161999, 6.808246076121003 ], [ 80.288539157414064, 6.80848424270927 ], [ 80.288417947632539, 6.808243949633607 ], [ 80.288209551867808, 6.807873940826837 ], [ 80.288126618859394, 6.807865434877256 ], [ 80.28805644477535, 6.807737845633542 ], [ 80.28806069775014, 6.807535829330995 ], [ 80.287945867430793, 6.807476287683928 ], [ 80.287856554960186, 6.807326370322566 ], [ 80.287312174187008, 6.807819715398261 ], [ 80.287535455363511, 6.808336451835303 ], [ 80.287424878018953, 6.808538468137851 ], [ 80.287422751531565, 6.808880832608483 ], [ 80.287737471666063, 6.809084975398425 ], [ 80.287882072808941, 6.808982904003454 ], [ 80.288205298893004, 6.809123252171539 ], [ 80.288345647061092, 6.809238082490882 ], [ 80.288575307699787, 6.809331647936272 ], [ 80.288796462388888, 6.809412454457291 ], [ 80.28899422571665, 6.809387999852246 ], [ 80.289053767363711, 6.809100924053889 ], [ 80.289355728573838, 6.809111556490866 ], [ 80.289434408607463, 6.809156212726165 ], [ 80.289451420506623, 6.809035002944637 ], [ 80.289334463699888, 6.808996726171523 ], [ 80.289115435498175, 6.808843619079066 ], [ 80.288996352204038, 6.808699017936189 ], [ 80.289038881951953, 6.808499128121036 ], [ 80.289085664674644, 6.808382171314298 ], [ 80.289238771767103, 6.808286479381512 ], [ 80.289300439901552, 6.808069577667198 ] ] ], [ [ [ 80.2706611, 6.8648505 ], [ 80.2706284, 6.8647557 ], [ 80.2705991, 6.8647027 ], [ 80.2705638, 6.8646788 ], [ 80.2705165, 6.8647113 ], [ 80.2704098, 6.864777 ], [ 80.2703693, 6.8648027 ], [ 80.2703624, 6.8648266 ], [ 80.2703891, 6.8648958 ], [ 80.2704597, 6.8649454 ], [ 80.2705285, 6.8649676 ], [ 80.2706206, 6.8649411 ], [ 80.2706611, 6.8649001 ], [ 80.2706611, 6.8648505 ] ] ], [ [ [ 80.3160776, 7.2683011 ], [ 80.3163565, 7.2679818 ], [ 80.3163136, 7.2677902 ], [ 80.3160132, 7.2678222 ], [ 80.3155733, 7.2674177 ], [ 80.3150583, 7.267588 ], [ 80.3146399, 7.2683969 ], [ 80.3148437, 7.2688971 ], [ 80.3153158, 7.2689396 ], [ 80.315745, 7.2689609 ], [ 80.3162063, 7.268929 ], [ 80.3160776, 7.2683011 ] ] ], [ [ [ 80.3173792, 7.3146438 ], [ 80.3175428, 7.3146013 ], [ 80.317721209749422, 7.314503449090139 ], [ 80.317533015614941, 7.314436464737189 ], [ 80.317373529060291, 7.314348747132135 ], [ 80.317188524656913, 7.314278573048092 ], [ 80.317008304850162, 7.314229132216153 ], [ 80.3168937, 7.3142075 ], [ 80.3168481, 7.3142927 ], [ 80.3168401, 7.3145241 ], [ 80.3170734, 7.3146119 ], [ 80.3173792, 7.3146438 ] ] ], [ [ [ 80.3262779, 6.5785848 ], [ 80.3264429, 6.5775922 ], [ 80.3264775, 6.5775172 ], [ 80.3268991, 6.5768757 ], [ 80.3271174, 6.5766423 ], [ 80.3275537, 6.5763518 ], [ 80.3276646, 6.5762053 ], [ 80.3277075, 6.5756937 ], [ 80.3270128, 6.5753553 ], [ 80.3267929, 6.5758163 ], [ 80.3267196, 6.5758883 ], [ 80.3267044, 6.5759495 ], [ 80.3267103, 6.5762566 ], [ 80.3266883, 6.5763785 ], [ 80.3265275, 6.5764452 ], [ 80.3260955, 6.5765171 ], [ 80.3259016, 6.5763675 ], [ 80.3258112, 6.5763359 ], [ 80.3257731, 6.5764672 ], [ 80.3257629, 6.5768448 ], [ 80.3255618, 6.5771699 ], [ 80.3254518, 6.5775829 ], [ 80.3249258, 6.5779784 ], [ 80.324403, 6.5784249 ], [ 80.3243011, 6.5784888 ], [ 80.3240375, 6.5785597 ], [ 80.3233463, 6.5787073 ], [ 80.3224477, 6.5789445 ], [ 80.3217745, 6.5790271 ], [ 80.3217, 6.5790641 ], [ 80.3216362, 6.5791313 ], [ 80.3216323, 6.5792243 ], [ 80.3216779, 6.5793438 ], [ 80.321871, 6.5797438 ], [ 80.3218818, 6.5801915 ], [ 80.3219998, 6.5804606 ], [ 80.3219499, 6.5806231 ], [ 80.3217638, 6.5810282 ], [ 80.3212863, 6.5815211 ], [ 80.3212293, 6.5816216 ], [ 80.3212246, 6.5816703 ], [ 80.3212733, 6.5817416 ], [ 80.3214285, 6.5818995 ], [ 80.3214732, 6.5820471 ], [ 80.3214607, 6.5821259 ], [ 80.3212934, 6.5823768 ], [ 80.3211421, 6.5825169 ], [ 80.3209323, 6.5826162 ], [ 80.3207016, 6.5825363 ], [ 80.3206303, 6.5825734 ], [ 80.3205299, 6.5827228 ], [ 80.3205182, 6.5828769 ], [ 80.3205809, 6.5830266 ], [ 80.3206399, 6.5830639 ], [ 80.3207257, 6.5830732 ], [ 80.320998, 6.5830385 ], [ 80.3213512, 6.5830576 ], [ 80.3214542, 6.5830174 ], [ 80.3215224, 6.5829173 ], [ 80.3215867, 6.5826509 ], [ 80.32169, 6.582411 ], [ 80.3216444, 6.5821966 ], [ 80.3217226, 6.5818941 ], [ 80.3217624, 6.5817742 ], [ 80.3219019, 6.5815664 ], [ 80.3221701, 6.5813785 ], [ 80.3223069, 6.5813599 ], [ 80.3225419, 6.5812011 ], [ 80.3232192, 6.580582 ], [ 80.3233897, 6.5804491 ], [ 80.3235742, 6.5803354 ], [ 80.3239296, 6.5802075 ], [ 80.3243025, 6.5799104 ], [ 80.3243827, 6.5798691 ], [ 80.3245787, 6.5797865 ], [ 80.3249569, 6.5797092 ], [ 80.3254183, 6.5796866 ], [ 80.3256684, 6.5797209 ], [ 80.3257535, 6.5797425 ], [ 80.3258528, 6.5798185 ], [ 80.325826, 6.5798891 ], [ 80.3262417, 6.5800956 ], [ 80.3264013, 6.5804499 ], [ 80.3267701, 6.5804713 ], [ 80.3273937, 6.58039 ], [ 80.3273481, 6.5796639 ], [ 80.3274177, 6.5795421 ], [ 80.3276499, 6.5793015 ], [ 80.3277759, 6.579083 ], [ 80.3280361, 6.5791203 ], [ 80.3282185, 6.5789938 ], [ 80.3285001, 6.5790004 ], [ 80.3288743, 6.5788579 ], [ 80.3291506, 6.5789485 ], [ 80.3294979, 6.5789725 ], [ 80.3294545, 6.5788732 ], [ 80.3292766, 6.5786021 ], [ 80.329204, 6.5785736 ], [ 80.3290138, 6.5785368 ], [ 80.3288649, 6.578666 ], [ 80.3284787, 6.5785301 ], [ 80.3281032, 6.5786194 ], [ 80.3278457, 6.5784342 ], [ 80.3275828, 6.5784542 ], [ 80.3275774, 6.5781331 ], [ 80.3270048, 6.5785981 ], [ 80.326809, 6.5784689 ], [ 80.326357, 6.5787193 ], [ 80.3263189, 6.578693 ], [ 80.3262779, 6.5785848 ] ] ], [ [ [ 80.3569114, 6.53336 ], [ 80.3568122, 6.5332268 ], [ 80.3566834, 6.5332641 ], [ 80.3565842, 6.533344 ], [ 80.3565708, 6.5334666 ], [ 80.3567022, 6.5337091 ], [ 80.3568578, 6.5336665 ], [ 80.3569409, 6.5335492 ], [ 80.3569114, 6.53336 ] ] ], [ [ [ 80.346995263575664, 6.546296769727514 ], [ 80.34689471510427, 6.54626325357038 ], [ 80.346857009427495, 6.546091483265068 ], [ 80.346710376240026, 6.546037019509725 ], [ 80.346484142179378, 6.546074725186501 ], [ 80.346333319472279, 6.545756321693728 ], [ 80.346601448729345, 6.545408591563463 ], [ 80.347070674929213, 6.545106946149257 ], [ 80.347338804186293, 6.545081809031407 ], [ 80.347661397198706, 6.545220063179584 ], [ 80.347803840866533, 6.54504410335463 ], [ 80.347623691521932, 6.544884901608245 ], [ 80.347464489775547, 6.544935175843945 ], [ 80.347338804186293, 6.544738268420783 ], [ 80.347070674929213, 6.544742457940425 ], [ 80.347032969252439, 6.544579066674397 ], [ 80.346869577986411, 6.544545550517263 ], [ 80.346567932572214, 6.544734078901142 ], [ 80.346521847856152, 6.544566498115471 ], [ 80.346641713889454, 6.544338168987395 ], [ 80.346422753966138, 6.544220267490222 ], [ 80.346383453467084, 6.544461684841576 ], [ 80.34628239504093, 6.544579586338748 ], [ 80.346220637113845, 6.544506599697642 ], [ 80.346304852468961, 6.544282025417313 ], [ 80.346057820760606, 6.544326940273378 ], [ 80.346080278188637, 6.543889020426738 ], [ 80.346237480184868, 6.54375427585854 ], [ 80.346063435117614, 6.543512858507187 ], [ 80.345046678880067, 6.543361875824184 ], [ 80.345489076870749, 6.544760169473283 ], [ 80.34531527766012, 6.545265767176911 ], [ 80.345489076870749, 6.545953064055282 ], [ 80.345520676727219, 6.546229562799454 ], [ 80.346168473784999, 6.54617426305062 ], [ 80.346231673497954, 6.546387562081838 ], [ 80.346468672421523, 6.546458661758911 ], [ 80.346538605934725, 6.546598415141719 ], [ 80.346840251348922, 6.546594225622077 ], [ 80.346995263575664, 6.546548140906018 ], [ 80.346999453095307, 6.546422455316765 ], [ 80.346995263575664, 6.546296769727514 ] ] ], [ [ [ 80.360253881574678, 6.746997922919765 ], [ 80.359939161440181, 6.747070223491202 ], [ 80.359830710583026, 6.747148903524827 ], [ 80.359981691188082, 6.747238215995426 ], [ 80.359988070650274, 6.747372184701326 ], [ 80.359993652679734, 6.747496850024843 ], [ 80.359857557486436, 6.747658463066881 ], [ 80.359751233116668, 6.747707372276971 ], [ 80.359729968242718, 6.747766913924038 ], [ 80.359783130427601, 6.747815823134128 ], [ 80.359598923456943, 6.748065419592172 ], [ 80.359530875860301, 6.748250423995558 ], [ 80.359586164532573, 6.748312092130019 ], [ 80.359660591591407, 6.748339736466158 ], [ 80.359730765675451, 6.748256803457743 ], [ 80.359811572196463, 6.748331230516577 ], [ 80.359962552801534, 6.7483652543149 ], [ 80.359975311725904, 6.748318471592206 ], [ 80.360108482999067, 6.748256006024942 ], [ 80.360272222528508, 6.748068875134162 ], [ 80.360163771671338, 6.747900882629938 ], [ 80.360401938259614, 6.747658463066881 ], [ 80.360578436713411, 6.747254430461786 ], [ 80.360512515604171, 6.747167244478582 ], [ 80.36056142481425, 6.747094943907143 ], [ 80.360448720982305, 6.746986493049986 ], [ 80.36034452309994, 6.746980113587801 ], [ 80.360253881574678, 6.746997922919765 ] ] ], [ [ [ 80.352138959152668, 6.7526694282616 ], [ 80.352198672897444, 6.752794827125631 ], [ 80.35228227214013, 6.752872454993841 ], [ 80.352477337039744, 6.752806769874586 ], [ 80.352646525983275, 6.752768951169561 ], [ 80.352736096600438, 6.752681371010555 ], [ 80.352664440106707, 6.752504220234384 ], [ 80.352724153851483, 6.75225541296448 ], [ 80.352650506899593, 6.75223152746657 ], [ 80.352602735903773, 6.752331050374531 ], [ 80.352628611859842, 6.752446496947766 ], [ 80.352554964907952, 6.75248829656911 ], [ 80.352427575585764, 6.752466401529358 ], [ 80.352343976343064, 6.752516162983339 ], [ 80.352316109928836, 6.752199680136022 ], [ 80.352262367558538, 6.75194888240796 ], [ 80.352294214889085, 6.751893149579502 ], [ 80.352260377100379, 6.751835426292883 ], [ 80.35218473969033, 6.751835426292883 ], [ 80.352109102280281, 6.751889168663183 ], [ 80.352107111822122, 6.751986701112985 ], [ 80.352152892359783, 6.752267355713436 ], [ 80.352129006861873, 6.752406687784582 ], [ 80.352053369451824, 6.752452468322244 ], [ 80.352138959152668, 6.7526694282616 ] ] ], [ [ [ 80.3467869, 6.7567014 ], [ 80.3464542, 6.7569727 ], [ 80.346425, 6.757033 ], [ 80.3464565, 6.7570944 ], [ 80.3470519, 6.7573854 ], [ 80.3476228, 6.7574329 ], [ 80.3478423, 6.7575535 ], [ 80.3479042, 6.7574214 ], [ 80.347917, 6.7572196 ], [ 80.3478668, 6.7566863 ], [ 80.3478178, 6.7565831 ], [ 80.3477407, 6.7565483 ], [ 80.3476275, 6.7565785 ], [ 80.3475002, 6.7565437 ], [ 80.3473496, 6.7564138 ], [ 80.3472597, 6.7562098 ], [ 80.3472399, 6.7561101 ], [ 80.3470508, 6.7560811 ], [ 80.3469947, 6.7561124 ], [ 80.34692, 6.7565101 ], [ 80.3467869, 6.7567014 ] ] ], [ [ [ 80.352341221977028, 6.763125203325222 ], [ 80.352285933304756, 6.763146468199174 ], [ 80.35220087380894, 6.763144341711779 ], [ 80.352037134279513, 6.763233654182379 ], [ 80.352156217573651, 6.763439923459717 ], [ 80.352249783019033, 6.763401646686602 ], [ 80.352443293372005, 6.763376128837859 ], [ 80.352594273977061, 6.763342105039535 ], [ 80.352721863220779, 6.763261298518517 ], [ 80.352800543254403, 6.763101811963874 ], [ 80.352847325977095, 6.762967843257974 ], [ 80.352806922716582, 6.762961463795788 ], [ 80.352800543254403, 6.762906175123512 ], [ 80.352827124346831, 6.762865240241154 ], [ 80.352856363548511, 6.762628136896585 ], [ 80.352855831926675, 6.762519154417579 ], [ 80.352953650346848, 6.762446853846141 ], [ 80.352932385472897, 6.76225121700578 ], [ 80.352900488161978, 6.762178916434342 ], [ 80.352685712935056, 6.762153398585599 ], [ 80.352658068598927, 6.762255469980571 ], [ 80.352609159388834, 6.762393691661261 ], [ 80.35256450315353, 6.762597834451204 ], [ 80.35253473233, 6.762616972837761 ], [ 80.352470937708134, 6.762670135022642 ], [ 80.352422028498054, 6.762742435594079 ], [ 80.352519846918227, 6.762838127526865 ], [ 80.352468811220746, 6.762906175123513 ], [ 80.352483696632518, 6.76297422272016 ], [ 80.352368866313171, 6.76302313193025 ], [ 80.352392257674509, 6.763089053039503 ], [ 80.352341221977028, 6.763125203325222 ] ] ], [ [ [ 80.353355556464564, 6.763695101947144 ], [ 80.353036583355276, 6.763388887762231 ], [ 80.352972788733425, 6.763078420602526 ], [ 80.35276439296868, 6.763397393711811 ], [ 80.353172678548574, 6.763724872770678 ], [ 80.353376821338514, 6.764009822081639 ], [ 80.353921202111692, 6.764375577913619 ], [ 80.354061550279781, 6.764371324938828 ], [ 80.354129597876423, 6.764052351829544 ], [ 80.353678782548641, 6.763963039358944 ], [ 80.353355556464564, 6.763695101947144 ] ] ], [ [ [ 80.3649366, 6.638331 ], [ 80.3647676, 6.6382164 ], [ 80.3646603, 6.6382164 ], [ 80.3644457, 6.6384882 ], [ 80.3644297, 6.6386081 ], [ 80.3645423, 6.6387306 ], [ 80.3646174, 6.6387599 ], [ 80.3647086, 6.6386827 ], [ 80.3649071, 6.6386321 ], [ 80.3650036, 6.6385601 ], [ 80.3650063, 6.6384988 ], [ 80.3649259, 6.6384056 ], [ 80.3649366, 6.638331 ] ] ], [ [ [ 80.3770412, 6.6587451 ], [ 80.3774835, 6.6585902 ], [ 80.3776168, 6.6584691 ], [ 80.3776791, 6.6582495 ], [ 80.3776479, 6.657858 ], [ 80.3773956, 6.6574694 ], [ 80.3771631, 6.657292 ], [ 80.3770327, 6.6570724 ], [ 80.3768087, 6.6569597 ], [ 80.37665, 6.6569682 ], [ 80.3766301, 6.6570949 ], [ 80.3766471, 6.6576863 ], [ 80.3766159, 6.6580045 ], [ 80.3762984, 6.6583114 ], [ 80.3761396, 6.658562 ], [ 80.3762077, 6.6588831 ], [ 80.3764033, 6.6589535 ], [ 80.3767492, 6.6588718 ], [ 80.3770412, 6.6587451 ] ] ], [ [ [ 80.3736444, 6.6645729 ], [ 80.3735813, 6.6646542 ], [ 80.3734593, 6.6646995 ], [ 80.3734633, 6.6647181 ], [ 80.3733078, 6.6648393 ], [ 80.373289, 6.6649019 ], [ 80.3733118, 6.6649273 ], [ 80.3735599, 6.6647914 ], [ 80.3736658, 6.6646915 ], [ 80.3736994, 6.6646036 ], [ 80.3737986, 6.664545 ], [ 80.3737946, 6.6645183 ], [ 80.3736967, 6.6645769 ], [ 80.3736444, 6.6645729 ] ] ], [ [ [ 80.384374553444005, 6.712689832097132 ], [ 80.384408391232711, 6.712739593551112 ], [ 80.384366591611368, 6.7128231927938 ], [ 80.384366591611368, 6.712819211877481 ], [ 80.384281001910523, 6.712849068749869 ], [ 80.384233230914703, 6.712922715701761 ], [ 80.384199393125996, 6.713042143191315 ], [ 80.384282992368682, 6.713141666099276 ], [ 80.384367533008415, 6.713185803260509 ], [ 80.384372033008418, 6.713235703260509 ], [ 80.384446933008419, 6.713177103260509 ], [ 80.384487333008408, 6.713096703260509 ], [ 80.38452153300841, 6.713030503260509 ], [ 80.384576233008417, 6.712929003260509 ], [ 80.384582033008414, 6.712870703260509 ], [ 80.384543833008408, 6.712751003260509 ], [ 80.384454171770372, 6.712713717595042 ], [ 80.384374553444005, 6.712689832097132 ] ] ], [ [ [ 80.384372365445387, 6.713439611899162 ], [ 80.384348865445389, 6.713320011899161 ], [ 80.384204865445383, 6.713238311899161 ], [ 80.384099870218037, 6.713217303509326 ], [ 80.383990395019268, 6.713223274883804 ], [ 80.383857034322602, 6.713263084046988 ], [ 80.383888881653149, 6.713482034444503 ], [ 80.383872957987876, 6.713565633687191 ], [ 80.384266565445387, 6.713699411899161 ], [ 80.384372365445387, 6.713439611899162 ] ] ], [ [ [ 80.380110223438493, 6.725194250223626 ], [ 80.37989119523678, 6.725107064240421 ], [ 80.379852918463669, 6.725196376711022 ], [ 80.379593487001443, 6.725217641584973 ], [ 80.380233559707406, 6.72590662350103 ], [ 80.380376034362897, 6.725910876475821 ], [ 80.380444081959538, 6.725791793181688 ], [ 80.380422817085588, 6.725562132543002 ], [ 80.38062058041335, 6.725466440610216 ], [ 80.380544026867113, 6.725200629685812 ], [ 80.380110223438493, 6.725194250223626 ] ] ], [ [ [ 80.364047535087778, 6.746234513944875 ], [ 80.364015637776859, 6.746251525844037 ], [ 80.364017764264247, 6.746270664230594 ], [ 80.364115582684434, 6.746451415659188 ], [ 80.364166618381915, 6.746457795121374 ], [ 80.364143227020563, 6.746519463255837 ], [ 80.364196389205446, 6.746770388768474 ], [ 80.364309093037392, 6.746885219087816 ], [ 80.364452896747437, 6.746982240075196 ], [ 80.36448479405837, 6.74701201089873 ], [ 80.364581283423988, 6.747048958617249 ], [ 80.364645078045839, 6.747078729440783 ], [ 80.364717378617286, 6.747061717541621 ], [ 80.36480456460049, 6.747080855928178 ], [ 80.364893877071083, 6.747061717541621 ], [ 80.364981063054287, 6.746989416970183 ], [ 80.365099348915592, 6.746920571940734 ], [ 80.364973886159277, 6.746693037789444 ], [ 80.365003656982807, 6.746554816108755 ], [ 80.364999404008017, 6.746510159873455 ], [ 80.364972557104707, 6.746506704331464 ], [ 80.365006580903028, 6.74641526537347 ], [ 80.365006580903028, 6.746349344264218 ], [ 80.365110778785393, 6.746349344264218 ], [ 80.365089513911443, 6.746306814516313 ], [ 80.36500870739043, 6.746294055591942 ], [ 80.365019339827398, 6.746185604734785 ], [ 80.365117158247585, 6.746055889003675 ], [ 80.365055490113122, 6.745972955995261 ], [ 80.364938533306386, 6.74583473431457 ], [ 80.364955545205547, 6.745739042381785 ], [ 80.364925774382016, 6.745683753709509 ], [ 80.364810146629821, 6.745629794091827 ], [ 80.364648533587783, 6.745429904276675 ], [ 80.364418872949102, 6.745714853587637 ], [ 80.36435933130204, 6.745840316343955 ], [ 80.364523868264314, 6.745932552734751 ], [ 80.364379267121436, 6.746017612230561 ], [ 80.364421796869337, 6.746208996096132 ], [ 80.364319725474374, 6.746434403760027 ], [ 80.36425805733991, 6.746472680533141 ], [ 80.364234665978557, 6.74641526537347 ], [ 80.364243171928138, 6.746268537743198 ], [ 80.364192136230656, 6.746304688028918 ], [ 80.364107076734854, 6.746266411255803 ], [ 80.364047535087778, 6.746234513944875 ] ] ], [ [ [ 80.361979791906862, 6.749829606697414 ], [ 80.361962780007687, 6.749940184041967 ], [ 80.361898719574896, 6.749943107962164 ], [ 80.361840241171535, 6.750057938281507 ], [ 80.361890213625315, 6.750113226953783 ], [ 80.361971020146342, 6.75009621505462 ], [ 80.362109507637967, 6.75006352031089 ], [ 80.362214502953094, 6.750060064768902 ], [ 80.362326143541338, 6.750013282046207 ], [ 80.362368673289254, 6.749908020920143 ], [ 80.362530552142218, 6.749772191537743 ], [ 80.362594346764084, 6.749519139537711 ], [ 80.362449745621205, 6.749417068142739 ], [ 80.362160543335449, 6.749229937251958 ], [ 80.362126253726188, 6.749363640146962 ], [ 80.362064851402664, 6.74934051459651 ], [ 80.362047839503504, 6.749408562193158 ], [ 80.36196464068415, 6.749442320180586 ], [ 80.361905099037088, 6.749519936970512 ], [ 80.361928756209366, 6.749587187134358 ], [ 80.361868948751365, 6.749698561911711 ], [ 80.361876391457258, 6.749746407878105 ], [ 80.361952147570719, 6.749755179638581 ], [ 80.361979791906862, 6.749829606697414 ] ] ], [ [ [ 80.3653711, 6.7558281 ], [ 80.3649688, 6.7562329 ], [ 80.3644967, 6.756217 ], [ 80.3648132, 6.7568136 ], [ 80.3653872, 6.7567497 ], [ 80.3661793, 6.7568416 ], [ 80.3671145, 6.7571386 ], [ 80.3676778, 6.7572664 ], [ 80.3680801, 6.7570533 ], [ 80.3669697, 6.7565259 ], [ 80.3665459, 6.7562809 ], [ 80.3661489, 6.755892 ], [ 80.3653711, 6.7558281 ] ] ], [ [ [ 80.3732869, 7.1517961 ], [ 80.3732869, 7.1519534 ], [ 80.3733682, 7.1519655 ], [ 80.3734169, 7.1519372 ], [ 80.3734495, 7.1518929 ], [ 80.373783822039286, 7.151441986181831 ], [ 80.373493478906752, 7.15130312642279 ], [ 80.373215759388671, 7.151319957908735 ], [ 80.372959079228025, 7.151307334294276 ], [ 80.372273196175797, 7.150937041603502 ], [ 80.371869240513135, 7.150911794374585 ], [ 80.371330632962909, 7.150663529956907 ], [ 80.370880390713907, 7.150204871964926 ], [ 80.370602671195826, 7.150591996141644 ], [ 80.370463811436778, 7.1509075865031 ], [ 80.370905637942826, 7.151244216221985 ], [ 80.3718482011557, 7.151248424093471 ], [ 80.372454134649701, 7.151454609796288 ], [ 80.3732421, 7.1516428 ], [ 80.3732869, 7.1517961 ] ] ], [ [ [ 80.3771178, 7.3407999 ], [ 80.3771192, 7.3409728 ], [ 80.3771782, 7.3410286 ], [ 80.3773445, 7.3410792 ], [ 80.3773861, 7.3410765 ], [ 80.3773941, 7.341034 ], [ 80.3771996, 7.340736 ], [ 80.3771594, 7.3407187 ], [ 80.3771178, 7.3407999 ] ] ], [ [ [ 80.3757513, 7.347078 ], [ 80.3757566, 7.3468997 ], [ 80.3756252, 7.3468306 ], [ 80.3755474, 7.3468412 ], [ 80.3752792, 7.3466443 ], [ 80.3751585, 7.3466364 ], [ 80.3751639, 7.3467108 ], [ 80.3749761, 7.3467454 ], [ 80.3749922, 7.3468944 ], [ 80.3750968, 7.3468971 ], [ 80.375129, 7.3469955 ], [ 80.375255, 7.3470593 ], [ 80.375306, 7.3470247 ], [ 80.3756869, 7.3471152 ], [ 80.3757513, 7.347078 ] ] ], [ [ [ 80.3923327, 6.6424605 ], [ 80.3924748, 6.6423247 ], [ 80.3924587, 6.6421595 ], [ 80.3922415, 6.6418451 ], [ 80.3923649, 6.6416533 ], [ 80.3922012, 6.6413655 ], [ 80.3919759, 6.6414002 ], [ 80.3915334, 6.6417119 ], [ 80.3912705, 6.6420209 ], [ 80.3910559, 6.6421701 ], [ 80.3910774, 6.6422687 ], [ 80.391174, 6.64237 ], [ 80.3913443, 6.6423446 ], [ 80.3914717, 6.6423553 ], [ 80.3915307, 6.6424099 ], [ 80.3915401, 6.6424765 ], [ 80.3918499, 6.6425698 ], [ 80.3923327, 6.6424605 ] ] ], [ [ [ 80.3930864, 6.6739597 ], [ 80.3931521, 6.6740543 ], [ 80.3933492, 6.6740583 ], [ 80.3934015, 6.673993 ], [ 80.393191, 6.6737413 ], [ 80.393085, 6.6738558 ], [ 80.3930864, 6.6739597 ] ] ], [ [ [ 80.3940898, 6.7089203 ], [ 80.394031273171379, 6.708887281633268 ], [ 80.393969605036915, 6.708965961666891 ], [ 80.394027020196589, 6.709142460120696 ], [ 80.394153, 6.7091016 ], [ 80.3941244, 6.7090412 ], [ 80.3941184, 6.7089451 ], [ 80.3940898, 6.7089203 ] ] ], [ [ [ 80.3888111, 7.2995251 ], [ 80.3886047, 7.2994875 ], [ 80.3884879, 7.2994664 ], [ 80.3884955, 7.2997674 ], [ 80.3886472, 7.299799 ], [ 80.3887064, 7.2998517 ], [ 80.3887519, 7.2998352 ], [ 80.3888141, 7.2998337 ], [ 80.388846, 7.2998051 ], [ 80.3888854, 7.2998051 ], [ 80.38889, 7.2998863 ], [ 80.3889158, 7.2999616 ], [ 80.3890281, 7.2999465 ], [ 80.3892329, 7.3000308 ], [ 80.3892845, 7.3000203 ], [ 80.3892951, 7.2999495 ], [ 80.3893027, 7.2998623 ], [ 80.3890341, 7.2997268 ], [ 80.3888111, 7.2995251 ] ] ], [ [ [ 80.3900635, 7.3312043 ], [ 80.3902888, 7.3312097 ], [ 80.3904659, 7.3311032 ], [ 80.3905302, 7.3309543 ], [ 80.3903103, 7.330768 ], [ 80.390032413624368, 7.330495165924152 ], [ 80.389908014111754, 7.330715257369559 ], [ 80.3900635, 7.3312043 ] ] ], [ [ [ 80.4020932, 7.3322871 ], [ 80.4023239, 7.3321115 ], [ 80.4024392, 7.3319678 ], [ 80.4021978, 7.3317949 ], [ 80.4020074, 7.3316885 ], [ 80.4019752, 7.3317098 ], [ 80.4019591, 7.3317816 ], [ 80.4019403, 7.3320982 ], [ 80.4019028, 7.3322232 ], [ 80.4019725, 7.3323216 ], [ 80.4020932, 7.3322871 ] ] ], [ [ [ 80.4369338, 6.6545892 ], [ 80.4370035, 6.654408 ], [ 80.4369043, 6.6542375 ], [ 80.4367219, 6.6541336 ], [ 80.4365583, 6.6543148 ], [ 80.4365475, 6.6546504 ], [ 80.4366843, 6.654749 ], [ 80.4369338, 6.6545892 ] ] ], [ [ [ 80.441260876285625, 6.656955206526821 ], [ 80.441229597672702, 6.657076641141745 ], [ 80.441239717223937, 6.657302031146716 ], [ 80.441268235959257, 6.657302031146716 ], [ 80.441400710084636, 6.65731675049398 ], [ 80.441505585433887, 6.657282712003433 ], [ 80.44160034123189, 6.657260632982537 ], [ 80.441644499273679, 6.657270752533782 ], [ 80.441774213521441, 6.657240393880051 ], [ 80.441794452623938, 6.657157597551694 ], [ 80.441730055479653, 6.657158517510898 ], [ 80.441695097029907, 6.657120799183535 ], [ 80.441648179110501, 6.657093200407416 ], [ 80.441511105189107, 6.657075721182541 ], [ 80.441418189309516, 6.657044442569606 ], [ 80.441260876285625, 6.656955206526821 ] ] ], [ [ [ 80.4308841, 6.6768862 ], [ 80.430868, 6.6769448 ], [ 80.4308867, 6.6770567 ], [ 80.4309565, 6.6772059 ], [ 80.4310074, 6.6772405 ], [ 80.4311174, 6.6772378 ], [ 80.431214, 6.6771819 ], [ 80.431281, 6.6770966 ], [ 80.431501, 6.6769421 ], [ 80.4316083, 6.6768116 ], [ 80.4316351, 6.6765905 ], [ 80.4315948, 6.6764839 ], [ 80.4312891, 6.6762308 ], [ 80.4311764, 6.6761989 ], [ 80.4310584, 6.6761935 ], [ 80.4309538, 6.6762335 ], [ 80.4308787, 6.6763187 ], [ 80.4308572, 6.6764306 ], [ 80.4308572, 6.6767103 ], [ 80.4308841, 6.6768862 ] ] ], [ [ [ 80.4335198, 6.6839502 ], [ 80.4336048, 6.683925 ], [ 80.4337446, 6.6838399 ], [ 80.4337111, 6.6836664 ], [ 80.4337614, 6.6836337 ], [ 80.4337337, 6.6835535 ], [ 80.4336574, 6.6835421 ], [ 80.4336072, 6.6835711 ], [ 80.4336042, 6.6835985 ], [ 80.4332058, 6.6836327 ], [ 80.4331492, 6.68372 ], [ 80.4331425, 6.6838092 ], [ 80.4331752, 6.6839038 ], [ 80.4332299, 6.6839152 ], [ 80.4332417, 6.683999 ], [ 80.4333343, 6.684001 ], [ 80.4334692, 6.6838883 ], [ 80.4335198, 6.6839502 ] ] ], [ [ [ 80.5487081, 6.424894 ], [ 80.548798, 6.4249242 ], [ 80.5488258, 6.4249047 ], [ 80.548807, 6.4248367 ], [ 80.5488458, 6.4247969 ], [ 80.5489044, 6.4248175 ], [ 80.5489053, 6.4248863 ], [ 80.5488262, 6.4249267 ], [ 80.5489361, 6.42495 ], [ 80.5489804, 6.424894 ], [ 80.5489267, 6.4247368 ], [ 80.5487846, 6.4246248 ], [ 80.5485915, 6.4247714 ], [ 80.5486082, 6.4247941 ], [ 80.5485854, 6.4248114 ], [ 80.5486069, 6.4248327 ], [ 80.5486304, 6.4248114 ], [ 80.5487081, 6.424894 ] ] ], [ [ [ 80.548576540129062, 6.425239239319438 ], [ 80.548620840129061, 6.425192539319437 ], [ 80.548638240129065, 6.425096639319437 ], [ 80.548591340129065, 6.425108539319438 ], [ 80.548563140129062, 6.425059239319437 ], [ 80.548485340129062, 6.425036639319438 ], [ 80.548474640129058, 6.425181839319437 ], [ 80.548457240129068, 6.425196539319438 ], [ 80.548576540129062, 6.425239239319438 ] ] ], [ [ [ 80.5616391, 6.6523899 ], [ 80.561631, 6.6525125 ], [ 80.5620414, 6.6525045 ], [ 80.5622131, 6.6525391 ], [ 80.562484, 6.6524912 ], [ 80.5625966, 6.6523233 ], [ 80.5626583, 6.6517718 ], [ 80.5625617, 6.6517372 ], [ 80.5623659, 6.6518784 ], [ 80.5616739, 6.6520409 ], [ 80.5617571, 6.6523393 ], [ 80.5616391, 6.6523899 ] ] ], [ [ [ 80.6690774, 6.5470862 ], [ 80.6699571, 6.546905 ], [ 80.6704399, 6.546532 ], [ 80.6706438, 6.5469583 ], [ 80.6718889, 6.5474342 ], [ 80.6727257, 6.5451745 ], [ 80.67323, 6.5449081 ], [ 80.6727144, 6.5447946 ], [ 80.671148, 6.5447732 ], [ 80.6705579, 6.5448052 ], [ 80.67, 6.5452529 ], [ 80.6694529, 6.5453701 ], [ 80.6688413, 6.5462122 ], [ 80.6686058, 6.5467307 ], [ 80.6678006, 6.5463614 ], [ 80.6677261, 6.5468373 ], [ 80.6676397, 6.5472248 ], [ 80.66838, 6.5474273 ], [ 80.6690774, 6.5470862 ] ] ], [ [ [ 80.7048813, 6.3932393 ], [ 80.7053632, 6.393938 ], [ 80.7051534, 6.3944282 ], [ 80.7051478, 6.3947213 ], [ 80.7053122, 6.3950425 ], [ 80.7050684, 6.3956623 ], [ 80.7050117, 6.3961244 ], [ 80.7051534, 6.3965132 ], [ 80.7053122, 6.3965076 ], [ 80.7054993, 6.3959215 ], [ 80.7057375, 6.3956679 ], [ 80.7059246, 6.395358 ], [ 80.7061231, 6.3949579 ], [ 80.7064746, 6.3946029 ], [ 80.7066674, 6.394231 ], [ 80.7069112, 6.3935041 ], [ 80.7067581, 6.3928054 ], [ 80.7061287, 6.3922362 ], [ 80.7057035, 6.3925518 ], [ 80.7050797, 6.3924842 ], [ 80.7047395, 6.3927265 ], [ 80.7048813, 6.3932393 ] ] ], [ [ [ 80.694069763163498, 6.397602194264149 ], [ 80.694609919797415, 6.396965293158497 ], [ 80.694884029134016, 6.396642811586016 ], [ 80.694948525448524, 6.396400950406655 ], [ 80.694964649527137, 6.396030096598301 ], [ 80.695238758863752, 6.396110716991421 ], [ 80.695327441296186, 6.396086530873485 ], [ 80.69552899227898, 6.396030096598301 ], [ 80.695778915497655, 6.395755987261691 ], [ 80.69552899227898, 6.395683428907883 ], [ 80.695061393998884, 6.395635056672011 ], [ 80.694819532819523, 6.39598978640174 ], [ 80.694271314146306, 6.39630420593491 ], [ 80.694134259478005, 6.396707307900512 ], [ 80.69374728159103, 6.397207154337859 ], [ 80.693400613900607, 6.397553822028277 ], [ 80.692989449895691, 6.398214909251863 ], [ 80.693586040804789, 6.398569638981593 ], [ 80.693594102844088, 6.398263281487736 ], [ 80.693755343630329, 6.398021420308375 ], [ 80.694069763163498, 6.397602194264149 ] ] ], [ [ [ 80.6982844, 6.3978599 ], [ 80.6981818, 6.3978704 ], [ 80.698111, 6.3977438 ], [ 80.697927, 6.3976911 ], [ 80.6977642, 6.3978142 ], [ 80.6976297, 6.3979795 ], [ 80.6976757, 6.3982855 ], [ 80.6975695, 6.398493 ], [ 80.6973607, 6.3985915 ], [ 80.6971413, 6.3988166 ], [ 80.6969219, 6.3989748 ], [ 80.6968688, 6.3990592 ], [ 80.6969006, 6.3993793 ], [ 80.6969714, 6.3997275 ], [ 80.697074, 6.3998611 ], [ 80.6971661, 6.3998823 ], [ 80.6972262, 6.399833 ], [ 80.6971979, 6.3997169 ], [ 80.6974138, 6.3995341 ], [ 80.6975412, 6.3993652 ], [ 80.6977925, 6.3988904 ], [ 80.6979199, 6.3987638 ], [ 80.6982986, 6.3985106 ], [ 80.6984933, 6.398296 ], [ 80.6985074, 6.3982081 ], [ 80.6986101, 6.3981026 ], [ 80.6986171, 6.3980639 ], [ 80.6985782, 6.3980182 ], [ 80.6984649, 6.3979795 ], [ 80.6983588, 6.3979795 ], [ 80.6982844, 6.3978599 ] ] ], [ [ [ 80.7021281, 6.5170644 ], [ 80.7019256, 6.5174711 ], [ 80.7021026, 6.517519 ], [ 80.7025626, 6.5171603 ], [ 80.7033351, 6.5169951 ], [ 80.7041236, 6.5176507 ], [ 80.7045528, 6.5176187 ], [ 80.7045581, 6.5168086 ], [ 80.7049404, 6.5159947 ], [ 80.7055291, 6.5148579 ], [ 80.7052515, 6.5147369 ], [ 80.7039104, 6.5152112 ], [ 80.7021281, 6.5170644 ] ] ], [ [ [ 80.710397408281437, 6.520555348057291 ], [ 80.710224074436226, 6.520494882762451 ], [ 80.710224074436226, 6.520277207701025 ], [ 80.710179733220016, 6.520164339150657 ], [ 80.710091050787582, 6.519982943266136 ], [ 80.710042678551716, 6.519942633069576 ], [ 80.709949965099625, 6.519886198794391 ], [ 80.709897561844087, 6.519862012676455 ], [ 80.709792755333041, 6.519720926988494 ], [ 80.709651669645069, 6.519712864949183 ], [ 80.709502521917798, 6.519757206165399 ], [ 80.709506552937455, 6.519857981656799 ], [ 80.709796786352697, 6.519934571030264 ], [ 80.709869344706505, 6.520172401189969 ], [ 80.709861282667191, 6.520410231349675 ], [ 80.709780662274071, 6.520478758683827 ], [ 80.709627483527143, 6.520547286017979 ], [ 80.709575080271605, 6.520623875391443 ], [ 80.709647638625412, 6.52080930229562 ], [ 80.70970004188095, 6.520845581472525 ], [ 80.709833065529594, 6.520845581472525 ], [ 80.709893530824431, 6.520910077787021 ], [ 80.709893530824431, 6.521051163474981 ], [ 80.710010430394462, 6.521216435280878 ], [ 80.710405470320751, 6.521071318573261 ], [ 80.710550587028365, 6.520982636140829 ], [ 80.71074407597186, 6.521252714457782 ], [ 80.710723920873576, 6.521450234420928 ], [ 80.710877099620504, 6.521675971521665 ], [ 80.711131053858836, 6.521708219678913 ], [ 80.711251984448509, 6.521869460465154 ], [ 80.711118960799865, 6.522071011447955 ], [ 80.711187488134016, 6.522212097135915 ], [ 80.711364852998884, 6.522147600821419 ], [ 80.711530124804781, 6.522135507762451 ], [ 80.7117760170038, 6.521917832701026 ], [ 80.712029971242131, 6.521583258069576 ], [ 80.712078343477998, 6.521341396890215 ], [ 80.712586251954662, 6.521305117713311 ], [ 80.7123443907753, 6.521055194494638 ], [ 80.712175087949745, 6.521075349592918 ], [ 80.711985630025907, 6.520990698180142 ], [ 80.711735706807232, 6.521018915317733 ], [ 80.711626869276529, 6.521067287553605 ], [ 80.711477721549258, 6.521067287553605 ], [ 80.711445473392004, 6.520922170845989 ], [ 80.711380977077511, 6.520938294924613 ], [ 80.71128826362542, 6.520994729199797 ], [ 80.711078650603312, 6.520978605121173 ], [ 80.711034309387088, 6.520857674531492 ], [ 80.711094774681925, 6.520462634605202 ], [ 80.711062526524685, 6.520422324408642 ], [ 80.710873068600847, 6.520555348057291 ], [ 80.710820665345324, 6.520571472135915 ], [ 80.710695703735979, 6.520595658253852 ], [ 80.710397408281437, 6.520555348057291 ] ] ], [ [ [ 80.7070269, 6.5829977 ], [ 80.7071423, 6.5828592 ], [ 80.7072361, 6.5826633 ], [ 80.7072335, 6.5824329 ], [ 80.7072871, 6.5820971 ], [ 80.7072925, 6.5819319 ], [ 80.7071932, 6.5818626 ], [ 80.7069854, 6.5818626 ], [ 80.7067131, 6.5819319 ], [ 80.706583, 6.5820811 ], [ 80.7062692, 6.5823676 ], [ 80.7062276, 6.5824941 ], [ 80.7062478, 6.5828166 ], [ 80.7062907, 6.5828885 ], [ 80.7063832, 6.5829151 ], [ 80.7066876, 6.5829671 ], [ 80.7069036, 6.5830364 ], [ 80.7070269, 6.5829977 ] ] ], [ [ [ 80.7017013, 6.6842028 ], [ 80.7014921, 6.6843347 ], [ 80.7014747, 6.6843827 ], [ 80.7015055, 6.6845452 ], [ 80.7018408, 6.6848275 ], [ 80.7020903, 6.6852218 ], [ 80.7021157, 6.6852125 ], [ 80.702156, 6.6851046 ], [ 80.702329, 6.684994 ], [ 80.7024108, 6.6849128 ], [ 80.7025529, 6.6846317 ], [ 80.7027099, 6.684412 ], [ 80.7030854, 6.6841895 ], [ 80.7031739, 6.6841123 ], [ 80.7032879, 6.6839538 ], [ 80.703709, 6.6839684 ], [ 80.7037599, 6.6839391 ], [ 80.7038511, 6.6837087 ], [ 80.703831, 6.68367 ], [ 80.7037613, 6.6836474 ], [ 80.7034676, 6.6836621 ], [ 80.7028185, 6.6838845 ], [ 80.7027447, 6.6838845 ], [ 80.7026575, 6.6838619 ], [ 80.7024188, 6.6836714 ], [ 80.702341, 6.6836487 ], [ 80.702274, 6.6836607 ], [ 80.7019266, 6.6838658 ], [ 80.7018703, 6.6839205 ], [ 80.7017013, 6.6842028 ] ] ], [ [ [ 80.7287756, 6.5076441 ], [ 80.7287058, 6.5076574 ], [ 80.7285744, 6.5074549 ], [ 80.7282874, 6.5074975 ], [ 80.7282686, 6.5075269 ], [ 80.7283598, 6.5080518 ], [ 80.7283303, 6.5080892 ], [ 80.7275847, 6.5081105 ], [ 80.7275444, 6.5081425 ], [ 80.7275552, 6.508289 ], [ 80.72759, 6.5083263 ], [ 80.7284242, 6.5084463 ], [ 80.7284993, 6.5084436 ], [ 80.7287568, 6.5083263 ], [ 80.7288131, 6.5083317 ], [ 80.729084, 6.5084543 ], [ 80.7291323, 6.5084942 ], [ 80.7291859, 6.50883 ], [ 80.7293978, 6.50891 ], [ 80.7294407, 6.5088966 ], [ 80.7298994, 6.5081238 ], [ 80.7303447, 6.5076548 ], [ 80.7305512, 6.5074096 ], [ 80.730637, 6.5072604 ], [ 80.7306907, 6.5071245 ], [ 80.7309347, 6.5061251 ], [ 80.7317153, 6.5050192 ], [ 80.7317582, 6.5048726 ], [ 80.7317635, 6.5047473 ], [ 80.7316402, 6.504241 ], [ 80.7315865, 6.5042383 ], [ 80.731447, 6.5043103 ], [ 80.7313853, 6.5043129 ], [ 80.7313585, 6.5042783 ], [ 80.7314122, 6.5037746 ], [ 80.7313719, 6.5036893 ], [ 80.7311171, 6.5033109 ], [ 80.730806, 6.5032763 ], [ 80.7307255, 6.5033296 ], [ 80.7308167, 6.5035748 ], [ 80.7308194, 6.5036494 ], [ 80.7307309, 6.503748 ], [ 80.7301703, 6.5040731 ], [ 80.7301462, 6.5041077 ], [ 80.730055, 6.5044702 ], [ 80.7301033, 6.5054216 ], [ 80.7300335, 6.5054855 ], [ 80.7298726, 6.5054136 ], [ 80.7296956, 6.5051791 ], [ 80.7296178, 6.5051284 ], [ 80.7293442, 6.5050485 ], [ 80.7292396, 6.5050538 ], [ 80.7289231, 6.5051337 ], [ 80.7280514, 6.5050165 ], [ 80.7279307, 6.5050778 ], [ 80.7279038, 6.5052057 ], [ 80.7279468, 6.505331 ], [ 80.7286039, 6.5060212 ], [ 80.7286227, 6.5060931 ], [ 80.7285932, 6.5061651 ], [ 80.7283223, 6.5065435 ], [ 80.7282954, 6.5066741 ], [ 80.7285127, 6.5071484 ], [ 80.7285663, 6.5072044 ], [ 80.7289419, 6.5073696 ], [ 80.7290035, 6.507351 ], [ 80.7291511, 6.5070685 ], [ 80.7291886, 6.5070312 ], [ 80.7294783, 6.5070392 ], [ 80.7294783, 6.5071058 ], [ 80.7294327, 6.5071484 ], [ 80.7293093, 6.5076894 ], [ 80.7292181, 6.5077161 ], [ 80.7291216, 6.5076894 ], [ 80.7289794, 6.5075082 ], [ 80.7289284, 6.5075109 ], [ 80.7287756, 6.5076441 ] ] ], [ [ [ 80.739346175941236, 6.512428812430758 ], [ 80.739116407820845, 6.512275633683829 ], [ 80.739059973545665, 6.512090206779653 ], [ 80.739011601309784, 6.511961214150659 ], [ 80.738971291113231, 6.512045865563436 ], [ 80.738991446211514, 6.512235323487269 ], [ 80.739007570290141, 6.512440905489726 ], [ 80.73890276377908, 6.512473153646974 ], [ 80.738789895228706, 6.512481215686286 ], [ 80.738596406285225, 6.512412688352134 ], [ 80.738572220167285, 6.512199044310365 ], [ 80.73845935161691, 6.511844314580635 ], [ 80.738435165498984, 6.511574236263682 ], [ 80.738451289577597, 6.511360592221912 ], [ 80.738354545105864, 6.511138886140832 ], [ 80.7382779557324, 6.511179196337392 ], [ 80.73835857612552, 6.511368654261225 ], [ 80.73832229694861, 6.511775787246482 ], [ 80.738439196518641, 6.512267571644517 ], [ 80.738463382636567, 6.512598115256311 ], [ 80.738624623422808, 6.512739200944272 ], [ 80.738725398914212, 6.512848038474984 ], [ 80.738862453582513, 6.51293268988776 ], [ 80.738930980916663, 6.513021372320193 ], [ 80.739108345781531, 6.51306571353641 ], [ 80.73930989676434, 6.513053620477441 ], [ 80.739442920412984, 6.512977031103977 ], [ 80.739519509786447, 6.512856100514296 ], [ 80.739495323668507, 6.512557805059751 ], [ 80.739346175941236, 6.512428812430758 ] ] ], [ [ [ 80.722036977538295, 6.512763387062208 ], [ 80.721859612673427, 6.512803697258768 ], [ 80.72196845020413, 6.513420443266139 ], [ 80.72234333503215, 6.513267264519211 ], [ 80.722536823975631, 6.513448660403731 ], [ 80.722774654135335, 6.513255171460242 ], [ 80.72296814307883, 6.513198737185058 ], [ 80.72331884178891, 6.51318664412609 ], [ 80.723165663041968, 6.512916565809137 ], [ 80.723133414884728, 6.512799666239112 ], [ 80.722883491666053, 6.512880286632233 ], [ 80.722694033742215, 6.512920596828793 ], [ 80.722448141543197, 6.512920596828793 ], [ 80.722351397071463, 6.512944782946729 ], [ 80.72238767624836, 6.51277144910152 ], [ 80.722415893385957, 6.512698890747711 ], [ 80.722528761936317, 6.512626332393904 ], [ 80.722573103152541, 6.51249733976491 ], [ 80.722581165191855, 6.512461060588007 ], [ 80.72231914891421, 6.512319974900046 ], [ 80.722234497501432, 6.51229578878211 ], [ 80.722307055855239, 6.51251749486319 ], [ 80.722194187304879, 6.512706952787024 ], [ 80.722036977538295, 6.512763387062208 ] ] ], [ [ [ 80.727463789885675, 6.514206196946736 ], [ 80.727512179287743, 6.514314064988828 ], [ 80.727651298818657, 6.514253578236253 ], [ 80.727658355606465, 6.514227367310137 ], [ 80.727616014879658, 6.514136637181275 ], [ 80.727463789885675, 6.514206196946736 ] ] ], [ [ [ 80.728317661209545, 6.514536857860814 ], [ 80.7282954827336, 6.514486452233668 ], [ 80.728221890517972, 6.514416892468207 ], [ 80.728182574128795, 6.514383624754291 ], [ 80.728121079263673, 6.514415884355664 ], [ 80.728191647141685, 6.514608433851362 ], [ 80.728317661209545, 6.514536857860814 ] ] ], [ [ [ 80.718757743048002, 6.522385430981124 ], [ 80.718640843477985, 6.522002484113801 ], [ 80.718584409202805, 6.521923879230509 ], [ 80.718020066450961, 6.522683726435669 ], [ 80.718134950511157, 6.522748222750165 ], [ 80.718316346395667, 6.522836905182598 ], [ 80.718463478613117, 6.522853029261221 ], [ 80.718640843477985, 6.522734114181369 ], [ 80.718739603459554, 6.522655509298077 ], [ 80.718757743048002, 6.522385430981124 ] ] ], [ [ [ 80.74198850932568, 6.597035883990952 ], [ 80.742242463564011, 6.597608288782106 ], [ 80.742762465099645, 6.597342241484809 ], [ 80.742645565529614, 6.596898829322646 ], [ 80.74198850932568, 6.597035883990952 ] ] ], [ [ [ 80.7284443, 6.6036176 ], [ 80.7284926, 6.6036336 ], [ 80.7285959, 6.6036282 ], [ 80.7286401, 6.6036016 ], [ 80.7286777, 6.6035683 ], [ 80.728734, 6.6035403 ], [ 80.7288037, 6.6035416 ], [ 80.7288359, 6.603551 ], [ 80.7289284, 6.6036003 ], [ 80.7290062, 6.6036042 ], [ 80.7290719, 6.6035629 ], [ 80.7290854, 6.603535 ], [ 80.7290961, 6.603491 ], [ 80.7290961, 6.6034324 ], [ 80.729088, 6.6033938 ], [ 80.7290344, 6.6032699 ], [ 80.7289995, 6.6032073 ], [ 80.7289284, 6.6031353 ], [ 80.7288641, 6.6030767 ], [ 80.7288332, 6.6030594 ], [ 80.728797, 6.6030527 ], [ 80.7287353, 6.6030594 ], [ 80.7286683, 6.603106 ], [ 80.7286267, 6.6031473 ], [ 80.7284953, 6.6033618 ], [ 80.7284014, 6.603455 ], [ 80.7283907, 6.6034883 ], [ 80.7284027, 6.6035736 ], [ 80.7284443, 6.6036176 ] ] ], [ [ [ 80.776789602482694, 6.281660970228386 ], [ 80.77663838560126, 6.281686173041959 ], [ 80.776572858285974, 6.282119661435417 ], [ 80.77687025148613, 6.281857552174257 ], [ 80.776895454299705, 6.282578352642448 ], [ 80.776245221709516, 6.282674123334026 ], [ 80.776245221709516, 6.282966475971474 ], [ 80.776567817723262, 6.283268909734351 ], [ 80.776174653831518, 6.283520937870083 ], [ 80.776078883139931, 6.283697357565095 ], [ 80.776265383960379, 6.284050196955119 ], [ 80.776472047031675, 6.284075399768692 ], [ 80.776618223350397, 6.284473604223147 ], [ 80.776799683608132, 6.284720591796163 ], [ 80.776986184428566, 6.284619780541871 ], [ 80.777213009750724, 6.284584496602869 ], [ 80.777323902130448, 6.284503847599435 ], [ 80.777696903771329, 6.284448401409574 ], [ 80.777858201778201, 6.284413117470572 ], [ 80.778069905412224, 6.284529050413007 ], [ 80.778079986537648, 6.28435767128071 ], [ 80.778155594978372, 6.28388889894825 ], [ 80.778236243981809, 6.283631830249805 ], [ 80.778095108225799, 6.283359639863215 ], [ 80.777979175283363, 6.282911029781613 ], [ 80.777858201778216, 6.282653961083167 ], [ 80.777651538706905, 6.282699326147599 ], [ 80.77745999732376, 6.282638839395023 ], [ 80.777379348320324, 6.28235152732029 ], [ 80.77731886156775, 6.281963403991264 ], [ 80.777258374815162, 6.2818726738624 ], [ 80.776789602482694, 6.281660970228386 ] ] ], [ [ [ 80.7744182, 6.2883401 ], [ 80.7741583, 6.2883401 ], [ 80.7740313, 6.2884836 ], [ 80.7738234, 6.2885352 ], [ 80.7737484, 6.2890231 ], [ 80.7736329, 6.2894134 ], [ 80.7738696, 6.2895741 ], [ 80.7736386, 6.2899988 ], [ 80.7733211, 6.2898094 ], [ 80.7730785, 6.2901595 ], [ 80.7728187, 6.2905899 ], [ 80.7727783, 6.2910778 ], [ 80.7724434, 6.2914738 ], [ 80.772570651490568, 6.292058390967974 ], [ 80.772938612568737, 6.292209607849413 ], [ 80.773377141524918, 6.292033188154401 ], [ 80.7744932, 6.2920305 ], [ 80.7750764, 6.292484 ], [ 80.7753882, 6.2928972 ], [ 80.7757289, 6.2927193 ], [ 80.7759079, 6.2921568 ], [ 80.7759368, 6.2915255 ], [ 80.7759368, 6.2909458 ], [ 80.7757347, 6.2902858 ], [ 80.7757347, 6.2898094 ], [ 80.7757635, 6.2896487 ], [ 80.7757318, 6.2895195 ], [ 80.775036, 6.2889313 ], [ 80.7744182, 6.2883401 ] ] ], [ [ [ 80.764626724652373, 6.292471717110575 ], [ 80.7645662378998, 6.292295297415563 ], [ 80.764369655953928, 6.292133999408695 ], [ 80.764475507770939, 6.291962620276398 ], [ 80.764525913398089, 6.291816443957674 ], [ 80.764445264394652, 6.291826525083103 ], [ 80.764047059940197, 6.291519050757511 ], [ 80.763764788428176, 6.291115805740341 ], [ 80.76349259804158, 6.290999872797904 ], [ 80.763215367092286, 6.291251900933636 ], [ 80.763205285966848, 6.292194486161271 ], [ 80.763709342238315, 6.292350743605424 ], [ 80.763860559119749, 6.292375946418997 ], [ 80.764102506130058, 6.292723745246306 ], [ 80.764752738720247, 6.293656249348512 ], [ 80.764772900971096, 6.29354535696879 ], [ 80.764727535906673, 6.293126990263477 ], [ 80.764596481276087, 6.292995935632896 ], [ 80.764505751147226, 6.292522122737721 ], [ 80.764626724652373, 6.292471717110575 ] ] ], [ [ [ 80.7771955, 6.2993908 ], [ 80.7763756, 6.2998614 ], [ 80.7760292, 6.3003779 ], [ 80.7746087, 6.3005386 ], [ 80.7739273, 6.3007338 ], [ 80.7739043, 6.3012848 ], [ 80.7745048, 6.3014569 ], [ 80.7755095, 6.3015717 ], [ 80.77611, 6.3018587 ], [ 80.7765604, 6.3020423 ], [ 80.7785467, 6.3013192 ], [ 80.7791241, 6.30117 ], [ 80.7794937, 6.3010093 ], [ 80.7797246, 6.2987365 ], [ 80.7795052, 6.298461 ], [ 80.7791357, 6.2987365 ], [ 80.7789162, 6.2983233 ], [ 80.7782811, 6.29822 ], [ 80.778258, 6.2978986 ], [ 80.7777614, 6.2980593 ], [ 80.7770916, 6.2980478 ], [ 80.7769992, 6.2983347 ], [ 80.7775073, 6.2988168 ], [ 80.7771955, 6.2993908 ] ] ], [ [ [ 80.792440549711628, 6.312462588836778 ], [ 80.792223805514908, 6.312301290829909 ], [ 80.79216331876232, 6.312885996104806 ], [ 80.792259089453907, 6.31296664510824 ], [ 80.792737942911799, 6.313112821426964 ], [ 80.793070620050955, 6.313097699738821 ], [ 80.793075660613667, 6.312896077230235 ], [ 80.793015173861093, 6.31275998203694 ], [ 80.792894200355946, 6.312749900911511 ], [ 80.792737942911799, 6.31242226433506 ], [ 80.792596807155789, 6.312492832213065 ], [ 80.792440549711628, 6.312462588836778 ] ] ], [ [ [ 80.7622334, 6.3234536 ], [ 80.7621315, 6.3234909 ], [ 80.7619089, 6.3234776 ], [ 80.7614905, 6.3232883 ], [ 80.7613564, 6.323187 ], [ 80.7610989, 6.3230803 ], [ 80.7609835, 6.3230883 ], [ 80.7609379, 6.3230563 ], [ 80.760828, 6.3229257 ], [ 80.7607743, 6.3227684 ], [ 80.7607502, 6.3226111 ], [ 80.7607448, 6.3221659 ], [ 80.7606456, 6.3221126 ], [ 80.7605356, 6.3221206 ], [ 80.7604364, 6.3222512 ], [ 80.7604042, 6.3224085 ], [ 80.7604256, 6.3225152 ], [ 80.7606214, 6.322971 ], [ 80.7605571, 6.3230324 ], [ 80.7603237, 6.323083 ], [ 80.7602245, 6.3231417 ], [ 80.760144, 6.3232243 ], [ 80.7600367, 6.3234216 ], [ 80.7600474, 6.3234749 ], [ 80.7603639, 6.3234322 ], [ 80.7604659, 6.3234642 ], [ 80.7605141, 6.3235602 ], [ 80.7605436, 6.3237148 ], [ 80.7605946, 6.3237308 ], [ 80.7607046, 6.3237015 ], [ 80.7608682, 6.3237015 ], [ 80.7609567, 6.3238401 ], [ 80.7609996, 6.3240054 ], [ 80.7610023, 6.3241147 ], [ 80.7610586, 6.3242587 ], [ 80.7610506, 6.324368 ], [ 80.7609862, 6.3244533 ], [ 80.760438017036464, 6.324539777101018 ], [ 80.760347286907603, 6.324937981555474 ], [ 80.7612747504471, 6.325341226572643 ], [ 80.761380602264097, 6.324958143806332 ], [ 80.7613188, 6.3248851 ], [ 80.7615387, 6.3248851 ], [ 80.7623863, 6.3251837 ], [ 80.7625902, 6.325237 ], [ 80.7626975, 6.3252424 ], [ 80.7628906, 6.3251571 ], [ 80.7631306, 6.3250024 ], [ 80.7635142, 6.3248398 ], [ 80.7638951, 6.3246959 ], [ 80.764056, 6.3246665 ], [ 80.7641941, 6.3246692 ], [ 80.7642411, 6.3246932 ], [ 80.7642934, 6.3247612 ], [ 80.7644047, 6.3250158 ], [ 80.7644919, 6.3251691 ], [ 80.7645361, 6.3252064 ], [ 80.7646152, 6.3252357 ], [ 80.7648312, 6.3252104 ], [ 80.7649264, 6.3252637 ], [ 80.7650793, 6.3254223 ], [ 80.7651316, 6.3254303 ], [ 80.7653193, 6.325389 ], [ 80.7654226, 6.325525 ], [ 80.7655419, 6.3254703 ], [ 80.7656103, 6.3253557 ], [ 80.7655795, 6.3251384 ], [ 80.7656291, 6.3249105 ], [ 80.765731, 6.3248851 ], [ 80.7658249, 6.3249398 ], [ 80.7658786, 6.3249451 ], [ 80.7658987, 6.3249278 ], [ 80.7658464, 6.3248638 ], [ 80.7656653, 6.3247332 ], [ 80.7655071, 6.3245319 ], [ 80.7653931, 6.324352 ], [ 80.765326, 6.3240694 ], [ 80.7652858, 6.3236402 ], [ 80.7651812, 6.3229177 ], [ 80.7651114, 6.3223712 ], [ 80.7650176, 6.3216541 ], [ 80.7649961, 6.3216354 ], [ 80.7648633, 6.3216861 ], [ 80.7646957, 6.3219927 ], [ 80.7645683, 6.3221446 ], [ 80.7644342, 6.3221966 ], [ 80.7642035, 6.3222273 ], [ 80.764115, 6.3222979 ], [ 80.7639581, 6.3225165 ], [ 80.7638146, 6.3226138 ], [ 80.7636349, 6.3226485 ], [ 80.7633238, 6.3226231 ], [ 80.7630864, 6.3228591 ], [ 80.7627618, 6.3231123 ], [ 80.7624185, 6.3233149 ], [ 80.7622334, 6.3234536 ] ] ], [ [ [ 80.7930865, 6.3724877 ], [ 80.7929596, 6.372639 ], [ 80.7929748, 6.3727727 ], [ 80.7931854, 6.3728635 ], [ 80.7934696, 6.3730955 ], [ 80.7935229, 6.3733325 ], [ 80.7932692, 6.3734889 ], [ 80.7926069, 6.3730047 ], [ 80.7920816, 6.3734697 ], [ 80.791432, 6.3736906 ], [ 80.7911706, 6.3743135 ], [ 80.7907672, 6.3744875 ], [ 80.7903739, 6.375007 ], [ 80.7902089, 6.3755946 ], [ 80.7898664, 6.376104 ], [ 80.7896659, 6.3767975 ], [ 80.7895086, 6.377718 ], [ 80.7894444, 6.3781947 ], [ 80.7894525, 6.378368 ], [ 80.789533, 6.3785652 ], [ 80.7899755, 6.3791983 ], [ 80.7902445, 6.3795211 ], [ 80.7909296, 6.3794681 ], [ 80.7907773, 6.378994 ], [ 80.7909473, 6.3787948 ], [ 80.7912519, 6.3787191 ], [ 80.7920867, 6.3782249 ], [ 80.7939188, 6.3770094 ], [ 80.7962152, 6.3754256 ], [ 80.7966466, 6.3749793 ], [ 80.796233, 6.3741597 ], [ 80.7961112, 6.3735116 ], [ 80.795827, 6.3735595 ], [ 80.795761, 6.3734561 ], [ 80.7958854, 6.3725608 ], [ 80.7958118, 6.3723566 ], [ 80.7956392, 6.3722834 ], [ 80.794746, 6.372576 ], [ 80.7934037, 6.3724423 ], [ 80.7930865, 6.3724877 ] ] ], [ [ [ 80.7910585, 6.4646754 ], [ 80.7912641, 6.4653059 ], [ 80.7917901, 6.4655395 ], [ 80.7927489, 6.4647503 ], [ 80.7933223, 6.4652602 ], [ 80.7946967, 6.4641056 ], [ 80.7955128, 6.4636409 ], [ 80.7954829, 6.4626202 ], [ 80.7957522, 6.4614904 ], [ 80.795822, 6.4609057 ], [ 80.7955328, 6.4600039 ], [ 80.7956525, 6.4595876 ], [ 80.7951538, 6.4595381 ], [ 80.7909549, 6.4602516 ], [ 80.7908053, 6.4603705 ], [ 80.7912641, 6.4604498 ], [ 80.7919423, 6.4604201 ], [ 80.7922814, 6.4606282 ], [ 80.7922913, 6.4611039 ], [ 80.7915932, 6.4617481 ], [ 80.7911344, 6.461976 ], [ 80.7910446, 6.462313 ], [ 80.7911643, 6.4625211 ], [ 80.7908267, 6.462701 ], [ 80.7904154, 6.4630319 ], [ 80.7894713, 6.4626501 ], [ 80.7893835, 6.463308 ], [ 80.7898039, 6.4638335 ], [ 80.7908929, 6.4640305 ], [ 80.7910585, 6.4646754 ] ] ], [ [ [ 80.7675147, 6.4702831 ], [ 80.767445, 6.4704803 ], [ 80.7674557, 6.4708641 ], [ 80.7674342, 6.4713652 ], [ 80.7670265, 6.4720208 ], [ 80.7667369, 6.4723086 ], [ 80.7667154, 6.4723406 ], [ 80.7667328, 6.4723886 ], [ 80.7670212, 6.47223 ], [ 80.7673886, 6.4719821 ], [ 80.7676609, 6.4717369 ], [ 80.7677615, 6.4715877 ], [ 80.7678902, 6.4713305 ], [ 80.7680418, 6.4707762 ], [ 80.7681531, 6.4706336 ], [ 80.7683623, 6.470463 ], [ 80.7690194, 6.4701619 ], [ 80.7691401, 6.4700513 ], [ 80.7692112, 6.4698754 ], [ 80.7692434, 6.4695595 ], [ 80.7692152, 6.4690572 ], [ 80.7691321, 6.4684069 ], [ 80.768975, 6.468435 ], [ 80.7688826, 6.4684708 ], [ 80.7685729, 6.4688312 ], [ 80.7682872, 6.4689239 ], [ 80.7681505, 6.4690763 ], [ 80.7679975, 6.4691904 ], [ 80.7676488, 6.469361 ], [ 80.7674932, 6.4694889 ], [ 80.767445, 6.4696435 ], [ 80.7676059, 6.4701392 ], [ 80.7675147, 6.4702831 ] ] ], [ [ [ 80.782719947440071, 6.471761870631003 ], [ 80.782445838103456, 6.471165279721912 ], [ 80.782244287120662, 6.470810549992183 ], [ 80.78197823982336, 6.469923725667858 ], [ 80.781671882329505, 6.469665740409873 ], [ 80.781752502722625, 6.470899232424615 ], [ 80.781696068447431, 6.471000007916015 ], [ 80.781498548484294, 6.471145124623632 ], [ 80.781099477538348, 6.47161272290373 ], [ 80.780942267771763, 6.471604660864418 ], [ 80.780950329811077, 6.471326520508152 ], [ 80.780172343017469, 6.47155225760889 ], [ 80.780261025449889, 6.47198760773174 ], [ 80.780752809847925, 6.472640632916016 ], [ 80.781526765621877, 6.472503578247711 ], [ 80.782357155671022, 6.472455206011839 ], [ 80.782865064147686, 6.472584198640831 ], [ 80.78309080124842, 6.472350399500782 ], [ 80.782719947440071, 6.471761870631003 ] ] ], [ [ [ 80.796433476309815, 6.472689005151888 ], [ 80.7967277407447, 6.472709160250168 ], [ 80.796622934233653, 6.472632570876704 ], [ 80.796554406899489, 6.472431019893903 ], [ 80.796481848545682, 6.472044042006925 ], [ 80.796320607759441, 6.471681250237883 ], [ 80.796272235523574, 6.471435358038866 ], [ 80.796405259172218, 6.471262024193657 ], [ 80.796518127722592, 6.471169310741568 ], [ 80.796518127722592, 6.47107659728948 ], [ 80.79617146003217, 6.470903263444271 ], [ 80.796014250265586, 6.470911325483583 ], [ 80.795820761322105, 6.471213651957784 ], [ 80.795611148299983, 6.471536133530266 ], [ 80.7955829311624, 6.471669157178915 ], [ 80.795635334417923, 6.472023886908644 ], [ 80.795619210339297, 6.472217375852134 ], [ 80.795574869123087, 6.47238264765803 ], [ 80.795522465867549, 6.472451174992183 ], [ 80.795288666727501, 6.472439081933214 ], [ 80.795361225081308, 6.472584198640831 ], [ 80.796433476309815, 6.472689005151888 ] ] ], [ [ [ 80.775556825511316, 6.475139865102748 ], [ 80.775351243508865, 6.475329323026581 ], [ 80.775121475388474, 6.475748549070808 ], [ 80.775153723545714, 6.476042813505697 ], [ 80.775383491666119, 6.476256457547466 ], [ 80.77558907366857, 6.476554753002011 ], [ 80.775738221395841, 6.476486225667859 ], [ 80.775847058926558, 6.476296767744026 ], [ 80.775919617280366, 6.476095216761225 ], [ 80.775903493201739, 6.475684052756312 ], [ 80.775798686690678, 6.47544219157695 ], [ 80.775718066297557, 6.475297074869333 ], [ 80.775556825511316, 6.475139865102748 ] ] ], [ [ [ 80.771461309540769, 6.490816500545012 ], [ 80.771481464639038, 6.49132440902167 ], [ 80.771630612366323, 6.491143013137149 ], [ 80.771727356838056, 6.490538360188746 ], [ 80.771844256408087, 6.490042544771056 ], [ 80.772017590253299, 6.489482233038869 ], [ 80.772174800019883, 6.489103317191203 ], [ 80.772041776371225, 6.488885642129778 ], [ 80.771896659663611, 6.489131534328795 ], [ 80.77180394621152, 6.489284713075724 ], [ 80.771707201739787, 6.489389519586781 ], [ 80.771578209110785, 6.489599132608894 ], [ 80.771477433619395, 6.48970393911995 ], [ 80.771239603459691, 6.489716032178919 ], [ 80.770892935769268, 6.489716032178919 ], [ 80.77064704357025, 6.489716032178919 ], [ 80.770477740744695, 6.489824869709631 ], [ 80.770675260707847, 6.490107041085552 ], [ 80.770917121887209, 6.490219909635921 ], [ 80.771130765928973, 6.490260219832481 ], [ 80.771312161813498, 6.490445646736658 ], [ 80.771437123422828, 6.490614949562211 ], [ 80.771461309540769, 6.490816500545012 ] ] ], [ [ [ 80.755639557390879, 6.501827230735429 ], [ 80.755508549252056, 6.501928006226829 ], [ 80.755466223545668, 6.502012657639606 ], [ 80.755599247194326, 6.502139634758771 ], [ 80.755575061076385, 6.502224286171547 ], [ 80.755466223545668, 6.502351263290712 ], [ 80.755546843938788, 6.502470178370564 ], [ 80.755452114976876, 6.50246413184108 ], [ 80.755488394153772, 6.502595139979901 ], [ 80.755534750879818, 6.502703977510613 ], [ 80.755826999804881, 6.502687853431989 ], [ 80.755865294491613, 6.502714055059753 ], [ 80.756008395689406, 6.50280878402167 ], [ 80.756020488748376, 6.502972040317739 ], [ 80.756185760554274, 6.50303250561258 ], [ 80.756268396457216, 6.503036536632234 ], [ 80.756220024221335, 6.502786613413561 ], [ 80.756276458496529, 6.502671729353365 ], [ 80.756393358066546, 6.502476224900048 ], [ 80.756475993969502, 6.502439945723143 ], [ 80.756516304166055, 6.502365371859507 ], [ 80.756584831500206, 6.502343201251398 ], [ 80.756546536813474, 6.50220010005361 ], [ 80.756502195597264, 6.502097309052381 ], [ 80.756367156438785, 6.502044905796853 ], [ 80.756187776064095, 6.502056998855823 ], [ 80.756151496887199, 6.501807075637149 ], [ 80.75602855078769, 6.501692191576953 ], [ 80.755978163041988, 6.501668005459016 ], [ 80.755774596549358, 6.501792967068353 ], [ 80.755639557390879, 6.501827230735429 ] ] ], [ [ [ 80.763016323361384, 6.537358653493398 ], [ 80.763032447440011, 6.537568266515512 ], [ 80.763056633557952, 6.537858499930746 ], [ 80.76292764092895, 6.538084237031482 ], [ 80.762597097317169, 6.538269663935659 ], [ 80.761976320290131, 6.538455090839836 ], [ 80.762105312919132, 6.538729200176445 ], [ 80.762766400142709, 6.538503463075709 ], [ 80.762798648299963, 6.538648579783326 ], [ 80.762782524221336, 6.539269356810352 ], [ 80.763080819675878, 6.539245170692416 ], [ 80.763169502108312, 6.539229046613793 ], [ 80.763274308619373, 6.539865947719443 ], [ 80.763169502108312, 6.539898195876692 ], [ 80.763040509479325, 6.540180367252613 ], [ 80.763242060462119, 6.540172305213301 ], [ 80.764112760707832, 6.540244863567109 ], [ 80.764709351616915, 6.540220677449173 ], [ 80.764693227538288, 6.539954630151875 ], [ 80.764419118201687, 6.539841761601507 ], [ 80.763999892157457, 6.539478969832466 ], [ 80.763782217096036, 6.538971061355807 ], [ 80.763814465253276, 6.538358346368092 ], [ 80.764249815376132, 6.538043926834922 ], [ 80.764419118201687, 6.538051988874234 ], [ 80.764580358987928, 6.537737569341065 ], [ 80.764757723852796, 6.536858807056052 ], [ 80.764540048791361, 6.535907486417232 ], [ 80.764378808005119, 6.535246399193644 ], [ 80.764177257022325, 6.535899424377919 ], [ 80.764120822747131, 6.535899424377919 ], [ 80.76390314768571, 6.536262216146961 ], [ 80.763564542034601, 6.536584697719443 ], [ 80.763395239209061, 6.536834620938116 ], [ 80.76323399842282, 6.537044233960229 ], [ 80.763282370658686, 6.537181288628534 ], [ 80.763274308619373, 6.537447335925831 ], [ 80.763016323361384, 6.537358653493398 ] ] ], [ [ [ 80.793547266236047, 6.57316217007817 ], [ 80.793452537274135, 6.573125890901266 ], [ 80.793369901371179, 6.572962634605197 ], [ 80.793293311997715, 6.572841704015516 ], [ 80.793097807544399, 6.572724804445492 ], [ 80.792902303091083, 6.572769145661709 ], [ 80.792878116973142, 6.572863874623625 ], [ 80.792934551248337, 6.573135968450406 ], [ 80.793035326739727, 6.573653954476205 ], [ 80.793188505486668, 6.573758760987261 ], [ 80.793472692372404, 6.573494729199792 ], [ 80.793581529903122, 6.573351628002003 ], [ 80.793547266236047, 6.57316217007817 ] ] ], [ [ [ 80.7921936, 6.6336602 ], [ 80.7915555, 6.6336082 ], [ 80.7911739, 6.6329834 ], [ 80.791036, 6.6331076 ], [ 80.7904464, 6.6328833 ], [ 80.7902689, 6.6326851 ], [ 80.7903601, 6.6322939 ], [ 80.7897587, 6.6322961 ], [ 80.7894594, 6.6321234 ], [ 80.7885603, 6.6323174 ], [ 80.7880196, 6.6322348 ], [ 80.7878549, 6.6314899 ], [ 80.7881961, 6.6308318 ], [ 80.7880689, 6.6304146 ], [ 80.7877278, 6.6308398 ], [ 80.7871377, 6.6314174 ], [ 80.7868196, 6.6321378 ], [ 80.7866157, 6.6320147 ], [ 80.7866366, 6.6318384 ], [ 80.7861431, 6.6315666 ], [ 80.785994, 6.6316572 ], [ 80.7856608, 6.6315703 ], [ 80.785339, 6.6321709 ], [ 80.7840199, 6.6325092 ], [ 80.7837763, 6.6327271 ], [ 80.7829175, 6.632814 ], [ 80.7824733, 6.6330719 ], [ 80.7823258, 6.6330762 ], [ 80.7822797, 6.6333932 ], [ 80.7819927, 6.6335067 ], [ 80.7818564, 6.6334604 ], [ 80.7818301, 6.6338563 ], [ 80.781527, 6.6340252 ], [ 80.7811612, 6.6339959 ], [ 80.781173, 6.6338728 ], [ 80.7809713, 6.6337822 ], [ 80.780835, 6.6338674 ], [ 80.7807374, 6.6337252 ], [ 80.7804461, 6.6338674 ], [ 80.7802219, 6.6340268 ], [ 80.7800169, 6.6340742 ], [ 80.7797439, 6.6340763 ], [ 80.7791973, 6.6343459 ], [ 80.7785449, 6.634388 ], [ 80.7785042, 6.6346747 ], [ 80.7783583, 6.6349081 ], [ 80.7780203, 6.6349065 ], [ 80.7779457, 6.6347994 ], [ 80.7779055, 6.6346305 ], [ 80.7777215, 6.6348927 ], [ 80.7776679, 6.6346971 ], [ 80.776853, 6.6348431 ], [ 80.7766363, 6.63455 ], [ 80.7763895, 6.6345335 ], [ 80.7760478, 6.6346054 ], [ 80.7758633, 6.6342655 ], [ 80.7756755, 6.6341275 ], [ 80.7755441, 6.6338195 ], [ 80.7756358, 6.6332946 ], [ 80.775499, 6.6327426 ], [ 80.7763058, 6.6321602 ], [ 80.7764807, 6.6320046 ], [ 80.7768471, 6.6318165 ], [ 80.7765344, 6.6317915 ], [ 80.7761985, 6.6319044 ], [ 80.7756846, 6.6323611 ], [ 80.7754813, 6.632311 ], [ 80.7752678, 6.6323781 ], [ 80.7749583, 6.6322215 ], [ 80.7748569, 6.6325513 ], [ 80.7751144, 6.6327431 ], [ 80.7752431, 6.632871 ], [ 80.7752324, 6.6330628 ], [ 80.7753075, 6.6332227 ], [ 80.7752539, 6.6334039 ], [ 80.7750929, 6.6334891 ], [ 80.7750822, 6.6337129 ], [ 80.7751037, 6.6339367 ], [ 80.7749749, 6.6342671 ], [ 80.7752217, 6.6346401 ], [ 80.7755221, 6.6348958 ], [ 80.7752614, 6.6351202 ], [ 80.7746745, 6.6354926 ], [ 80.7740415, 6.6356418 ], [ 80.7735126, 6.6358662 ], [ 80.7733978, 6.6357697 ], [ 80.7729472, 6.6359083 ], [ 80.7729118, 6.635653 ], [ 80.772944, 6.6355038 ], [ 80.7727723, 6.6355145 ], [ 80.7726757, 6.6356104 ], [ 80.7721854, 6.6355246 ], [ 80.7719387, 6.6356312 ], [ 80.7718067, 6.6355358 ], [ 80.7716061, 6.6356099 ], [ 80.7714344, 6.6356312 ], [ 80.7713239, 6.6354079 ], [ 80.771252, 6.635109 ], [ 80.7711737, 6.634907 ], [ 80.7712059, 6.6345127 ], [ 80.7710342, 6.6342996 ], [ 80.771045, 6.6341504 ], [ 80.77078, 6.6341072 ], [ 80.7706587, 6.6342143 ], [ 80.7707767, 6.6351841 ], [ 80.7707156, 6.6355672 ], [ 80.7703798, 6.6359514 ], [ 80.7695429, 6.6360793 ], [ 80.7694067, 6.6356205 ], [ 80.7693927, 6.6348644 ], [ 80.7693069, 6.6347578 ], [ 80.7691674, 6.6348538 ], [ 80.7691459, 6.6354079 ], [ 80.7691781, 6.6359727 ], [ 80.7690708, 6.6361432 ], [ 80.7683091, 6.6361219 ], [ 80.7679475, 6.6359615 ], [ 80.7675795, 6.6358449 ], [ 80.7672394, 6.6359722 ], [ 80.7671611, 6.63609 ], [ 80.766968, 6.636058 ], [ 80.7667781, 6.636196 ], [ 80.7666708, 6.6364091 ], [ 80.7664133, 6.6363559 ], [ 80.766188, 6.6364305 ], [ 80.7662277, 6.6365802 ], [ 80.7660453, 6.6368253 ], [ 80.7659842, 6.637251 ], [ 80.7658522, 6.6373688 ], [ 80.7655657, 6.6371551 ], [ 80.7653909, 6.6373475 ], [ 80.7651012, 6.6373901 ], [ 80.7648469, 6.6374642 ], [ 80.7647364, 6.6376459 ], [ 80.7646967, 6.6377839 ], [ 80.7644896, 6.6376565 ], [ 80.7642965, 6.6376992 ], [ 80.7640637, 6.6374961 ], [ 80.7634597, 6.6375073 ], [ 80.7633127, 6.6373896 ], [ 80.7632773, 6.6371557 ], [ 80.7629586, 6.636974 ], [ 80.7624941, 6.6369851 ], [ 80.7622398, 6.636942 ], [ 80.7619394, 6.6365903 ], [ 80.7617034, 6.6367075 ], [ 80.7615424, 6.6366329 ], [ 80.7613278, 6.6367288 ], [ 80.761153, 6.6367294 ], [ 80.7610993, 6.6370065 ], [ 80.7608633, 6.637177 ], [ 80.7602625, 6.6371663 ], [ 80.7602088, 6.6368892 ], [ 80.7601369, 6.6366756 ], [ 80.759976, 6.6364518 ], [ 80.7600372, 6.636058 ], [ 80.7603376, 6.6355571 ], [ 80.7610028, 6.6348218 ], [ 80.7612527, 6.6346934 ], [ 80.7607914, 6.6344483 ], [ 80.7605661, 6.634395 ], [ 80.7607592, 6.6346507 ], [ 80.7600586, 6.6354292 ], [ 80.7597829, 6.6355672 ], [ 80.7595115, 6.6363244 ], [ 80.7595329, 6.6370384 ], [ 80.7591789, 6.6372089 ], [ 80.7588709, 6.6372191 ], [ 80.7587282, 6.6368253 ], [ 80.7578485, 6.6369745 ], [ 80.7575695, 6.6367613 ], [ 80.7575159, 6.6371343 ], [ 80.7571651, 6.6371018 ], [ 80.7567788, 6.6367502 ], [ 80.7567756, 6.6364843 ], [ 80.7570331, 6.6361646 ], [ 80.7569398, 6.6356418 ], [ 80.756414, 6.6356205 ], [ 80.7564891, 6.6360468 ], [ 80.7563282, 6.6364944 ], [ 80.7559173, 6.6370491 ], [ 80.7564108, 6.6369532 ], [ 80.7565825, 6.6372835 ], [ 80.7568646, 6.6374961 ], [ 80.7570224, 6.6374967 ], [ 80.757194, 6.6376246 ], [ 80.7577412, 6.6376992 ], [ 80.7573657, 6.6380722 ], [ 80.7574622, 6.6384451 ], [ 80.7582916, 6.6394996 ], [ 80.7585276, 6.6399579 ], [ 80.7595329, 6.6401396 ], [ 80.7600479, 6.6405126 ], [ 80.759976, 6.6409809 ], [ 80.7593076, 6.641525 ], [ 80.758946, 6.6415031 ], [ 80.7583957, 6.6409069 ], [ 80.7575513, 6.6407358 ], [ 80.7574655, 6.6404268 ], [ 80.7568936, 6.6400543 ], [ 80.7567434, 6.6393403 ], [ 80.7568861, 6.6390521 ], [ 80.7566683, 6.6387968 ], [ 80.7562606, 6.6386796 ], [ 80.7556062, 6.6388394 ], [ 80.7548873, 6.6392338 ], [ 80.7546835, 6.6393723 ], [ 80.7542007, 6.6392551 ], [ 80.7540859, 6.639457 ], [ 80.7543938, 6.6396067 ], [ 80.7542146, 6.6399153 ], [ 80.7536642, 6.6405019 ], [ 80.7534958, 6.6407145 ], [ 80.7526482, 6.6412047 ], [ 80.7525517, 6.6416417 ], [ 80.7511322, 6.6432301 ], [ 80.750628, 6.6436883 ], [ 80.7502096, 6.6437203 ], [ 80.7496871, 6.6439116 ], [ 80.7491292, 6.6439435 ], [ 80.7485359, 6.6438482 ], [ 80.7477956, 6.6440826 ], [ 80.7475381, 6.6442638 ], [ 80.7472484, 6.6442105 ], [ 80.747292, 6.6444468 ], [ 80.7473053, 6.644519 ], [ 80.7474984, 6.6447108 ], [ 80.7477419, 6.6447007 ], [ 80.7481743, 6.6449986 ], [ 80.7485573, 6.6449458 ], [ 80.7490433, 6.6450199 ], [ 80.7492869, 6.6449138 ], [ 80.749716, 6.645095 ], [ 80.7506387, 6.644754 ], [ 80.750982, 6.6445941 ], [ 80.7512717, 6.6447753 ], [ 80.7514005, 6.644413 ], [ 80.7517545, 6.6439441 ], [ 80.7523264, 6.6428672 ], [ 80.7530742, 6.6420685 ], [ 80.7543326, 6.6406612 ], [ 80.7549227, 6.6399579 ], [ 80.7557274, 6.6396062 ], [ 80.7559098, 6.6396808 ], [ 80.7560171, 6.6404055 ], [ 80.7567756, 6.6411626 ], [ 80.7576661, 6.6417594 ], [ 80.7584096, 6.6421212 ], [ 80.7583206, 6.6423136 ], [ 80.757988, 6.6425374 ], [ 80.7577551, 6.6429525 ], [ 80.7583023, 6.6427606 ], [ 80.7589321, 6.6427825 ], [ 80.7590287, 6.6424308 ], [ 80.7595222, 6.6423882 ], [ 80.7597582, 6.6421431 ], [ 80.7600479, 6.6421111 ], [ 80.7603698, 6.6418553 ], [ 80.7605629, 6.6418553 ], [ 80.7608129, 6.6414925 ], [ 80.7610135, 6.6413545 ], [ 80.7614319, 6.6414291 ], [ 80.7615714, 6.641184 ], [ 80.7614856, 6.6410987 ], [ 80.7613354, 6.6410241 ], [ 80.7615853, 6.6408211 ], [ 80.7615499, 6.6405445 ], [ 80.7610671, 6.6397453 ], [ 80.76052, 6.6394149 ], [ 80.7593001, 6.6392439 ], [ 80.7587819, 6.6387542 ], [ 80.7587819, 6.6386157 ], [ 80.7593323, 6.6384233 ], [ 80.7618611, 6.637827 ], [ 80.7625187, 6.6380716 ], [ 80.7642214, 6.638605 ], [ 80.7652546, 6.6387856 ], [ 80.7654445, 6.6391592 ], [ 80.765673, 6.6393078 ], [ 80.7656301, 6.6399472 ], [ 80.7657267, 6.6402776 ], [ 80.7664133, 6.63983 ], [ 80.7664884, 6.6399899 ], [ 80.7666139, 6.6395535 ], [ 80.7675688, 6.63966 ], [ 80.768205, 6.6406506 ], [ 80.7683627, 6.6398945 ], [ 80.7680838, 6.6393723 ], [ 80.7675366, 6.6391592 ], [ 80.7673253, 6.6384872 ], [ 80.7673864, 6.637518 ], [ 80.7677222, 6.6372191 ], [ 80.7681053, 6.6374114 ], [ 80.7681911, 6.6381148 ], [ 80.7690065, 6.6376459 ], [ 80.7698755, 6.6375286 ], [ 80.7703401, 6.6376986 ], [ 80.7710986, 6.6371557 ], [ 80.7719279, 6.6368887 ], [ 80.7725717, 6.6370486 ], [ 80.7732905, 6.6368887 ], [ 80.7738377, 6.6375068 ], [ 80.7741456, 6.6368679 ], [ 80.7750575, 6.6367294 ], [ 80.7764523, 6.6361113 ], [ 80.7769812, 6.6364091 ], [ 80.7768417, 6.6368674 ], [ 80.7762624, 6.6371871 ], [ 80.7767023, 6.6372723 ], [ 80.7770102, 6.6372942 ], [ 80.777214, 6.6375713 ], [ 80.7774823, 6.6368573 ], [ 80.7778932, 6.6364731 ], [ 80.7793169, 6.63674 ], [ 80.7808972, 6.6357804 ], [ 80.7811193, 6.6357276 ], [ 80.7816665, 6.6363244 ], [ 80.7820238, 6.6356312 ], [ 80.7838337, 6.6343422 ], [ 80.7841556, 6.6344488 ], [ 80.7844024, 6.6341184 ], [ 80.7853068, 6.6336064 ], [ 80.7854034, 6.6338941 ], [ 80.7858615, 6.6334577 ], [ 80.7871275, 6.6336282 ], [ 80.7874847, 6.6337982 ], [ 80.7877498, 6.6336708 ], [ 80.7880105, 6.6339687 ], [ 80.7882358, 6.633681 ], [ 80.7887368, 6.6337881 ], [ 80.789019, 6.6342458 ], [ 80.7885544, 6.6347685 ], [ 80.788651, 6.6351308 ], [ 80.7883538, 6.6352582 ], [ 80.7884933, 6.6359829 ], [ 80.7882433, 6.6361326 ], [ 80.787857, 6.6363138 ], [ 80.787621, 6.63609 ], [ 80.787503, 6.6358768 ], [ 80.7874204, 6.6363026 ], [ 80.7871951, 6.6363239 ], [ 80.7874096, 6.6366756 ], [ 80.7869022, 6.6370704 ], [ 80.7866125, 6.6371024 ], [ 80.7865513, 6.637315 ], [ 80.7862048, 6.6376352 ], [ 80.7855965, 6.6377413 ], [ 80.7855214, 6.6380929 ], [ 80.7874418, 6.6377306 ], [ 80.7880394, 6.6372196 ], [ 80.7883398, 6.6372089 ], [ 80.7886295, 6.6381894 ], [ 80.7894052, 6.6384659 ], [ 80.7896917, 6.6387649 ], [ 80.7896949, 6.6389881 ], [ 80.7891981, 6.6391485 ], [ 80.7893591, 6.63966 ], [ 80.7889653, 6.6400005 ], [ 80.7886724, 6.6398305 ], [ 80.7884074, 6.6402883 ], [ 80.7874096, 6.6400645 ], [ 80.7871489, 6.6402142 ], [ 80.7869558, 6.640065 ], [ 80.7863657, 6.6408536 ], [ 80.7867412, 6.6408323 ], [ 80.786487, 6.6415244 ], [ 80.7859183, 6.6419294 ], [ 80.7864086, 6.6422496 ], [ 80.7866908, 6.6425795 ], [ 80.7867627, 6.6432088 ], [ 80.7876532, 6.6424947 ], [ 80.7879965, 6.6420791 ], [ 80.7882969, 6.6417807 ], [ 80.7891584, 6.6423024 ], [ 80.7899277, 6.642985 ], [ 80.7903569, 6.6427931 ], [ 80.7907141, 6.6427287 ], [ 80.7909716, 6.6429098 ], [ 80.7912688, 6.642612 ], [ 80.7919984, 6.6424202 ], [ 80.791816, 6.6432088 ], [ 80.7916229, 6.6434539 ], [ 80.7924951, 6.6435706 ], [ 80.7927097, 6.6432295 ], [ 80.7930927, 6.6432514 ], [ 80.7933105, 6.6433361 ], [ 80.7932215, 6.6437842 ], [ 80.7934253, 6.6439441 ], [ 80.793318, 6.6442638 ], [ 80.7935648, 6.6445409 ], [ 80.7932998, 6.6447476 ], [ 80.7932322, 6.6454573 ], [ 80.7927601, 6.6462566 ], [ 80.7924522, 6.6469381 ], [ 80.7933642, 6.6465012 ], [ 80.7939403, 6.6464271 ], [ 80.7944875, 6.6462992 ], [ 80.7952277, 6.6464804 ], [ 80.7956998, 6.6463205 ], [ 80.7960893, 6.6466717 ], [ 80.7960861, 6.6469173 ], [ 80.7957427, 6.6470665 ], [ 80.7954316, 6.646864 ], [ 80.7945626, 6.6474395 ], [ 80.7948018, 6.647716 ], [ 80.7947482, 6.6480144 ], [ 80.793686, 6.6482595 ], [ 80.7933395, 6.6484306 ], [ 80.7932461, 6.6487284 ], [ 80.7935648, 6.6489314 ], [ 80.7935111, 6.6492938 ], [ 80.793804, 6.6496342 ], [ 80.7935326, 6.6501143 ], [ 80.7932676, 6.650199 ], [ 80.793597, 6.6504553 ], [ 80.7935144, 6.6507638 ], [ 80.7937579, 6.6507857 ], [ 80.7944875, 6.6507963 ], [ 80.7947771, 6.6511693 ], [ 80.7953565, 6.6511587 ], [ 80.7957674, 6.651659 ], [ 80.7957889, 6.6523623 ], [ 80.7956708, 6.6525648 ], [ 80.7955818, 6.6527998 ], [ 80.7951988, 6.6523836 ], [ 80.7949273, 6.6525227 ], [ 80.7946377, 6.6525334 ], [ 80.7944048, 6.6523836 ], [ 80.7942225, 6.6527033 ], [ 80.793833, 6.6525653 ], [ 80.7938008, 6.6528104 ], [ 80.793171, 6.6529591 ], [ 80.794069, 6.6532474 ], [ 80.7946945, 6.6538543 ], [ 80.7948233, 6.654142 ], [ 80.7944767, 6.6543024 ], [ 80.7939617, 6.6539933 ], [ 80.7936721, 6.6539187 ], [ 80.7940401, 6.6548986 ], [ 80.7946838, 6.6550371 ], [ 80.7946623, 6.6554314 ], [ 80.7943265, 6.6558049 ], [ 80.7941044, 6.6557405 ], [ 80.7941785, 6.6559802 ], [ 80.7935755, 6.6564656 ], [ 80.7943158, 6.6565509 ], [ 80.7949059, 6.6561246 ], [ 80.7949703, 6.6557623 ], [ 80.7953994, 6.6555066 ], [ 80.7954101, 6.6558369 ], [ 80.7955818, 6.6561779 ], [ 80.7955206, 6.6565717 ], [ 80.795614, 6.6569771 ], [ 80.7950346, 6.6573501 ], [ 80.7945872, 6.6570938 ], [ 80.7943373, 6.6571796 ], [ 80.7941012, 6.6573714 ], [ 80.7939832, 6.6577764 ], [ 80.7935433, 6.657819 ], [ 80.7933105, 6.6576906 ], [ 80.7927816, 6.6579895 ], [ 80.7927848, 6.6584366 ], [ 80.7930316, 6.6585644 ], [ 80.7926957, 6.6585969 ], [ 80.7923739, 6.6583199 ], [ 80.7921057, 6.6582026 ], [ 80.7919769, 6.6583625 ], [ 80.7916765, 6.6583412 ], [ 80.7912795, 6.6587994 ], [ 80.7912152, 6.6590019 ], [ 80.7907141, 6.6591079 ], [ 80.7901637, 6.65962 ], [ 80.7898129, 6.6597047 ], [ 80.7892625, 6.6593003 ], [ 80.7889728, 6.6592683 ], [ 80.7887583, 6.6588101 ], [ 80.7889836, 6.6585223 ], [ 80.7882969, 6.658501 ], [ 80.7880931, 6.6581281 ], [ 80.7878249, 6.6580002 ], [ 80.7876746, 6.658565 ], [ 80.7870953, 6.6590125 ], [ 80.7877712, 6.6588953 ], [ 80.7880738, 6.659166 ], [ 80.7881746, 6.6597233 ], [ 80.7880105, 6.6603121 ], [ 80.7886542, 6.66044 ], [ 80.7889514, 6.6604085 ], [ 80.7889975, 6.6608982 ], [ 80.7886939, 6.6613037 ], [ 80.7880823, 6.6614422 ], [ 80.7883645, 6.6618786 ], [ 80.78760129447177, 6.662575044280572 ], [ 80.788076564404605, 6.662916345507507 ], [ 80.788644336539136, 6.662581423742759 ], [ 80.7890276, 6.6621775 ], [ 80.789680999144295, 6.662016841339325 ], [ 80.790421016757833, 6.662087015423367 ], [ 80.7908965, 6.6622302 ], [ 80.791231208455429, 6.661736145003154 ], [ 80.7915156, 6.6617726 ], [ 80.7917194, 6.6616234 ], [ 80.792366752724476, 6.661825457473753 ], [ 80.792264681329513, 6.662297537675495 ], [ 80.791945708220226, 6.662565475087294 ], [ 80.791977605531159, 6.663094970448705 ], [ 80.792009502842092, 6.663305492700833 ], [ 80.791677770808434, 6.663732916667274 ], [ 80.791135516522658, 6.663892403221916 ], [ 80.791779842203411, 6.664626041373269 ], [ 80.79257089551443, 6.663892403221916 ], [ 80.7922559, 6.6631366 ], [ 80.7924383, 6.6627423 ], [ 80.7931785, 6.663062 ], [ 80.7934897, 6.6629021 ], [ 80.793594799195233, 6.663283164583183 ], [ 80.794069, 6.6631046 ], [ 80.7944048, 6.6633918 ], [ 80.794232745413808, 6.663608517154653 ], [ 80.7941581, 6.66385 ], [ 80.793792562522995, 6.663927490263938 ], [ 80.793473589413708, 6.664450606163164 ], [ 80.7934897, 6.6648416 ], [ 80.793677732203648, 6.664916306902719 ], [ 80.793409794791856, 6.665152347003589 ], [ 80.793416174254034, 6.66529907463386 ], [ 80.793607558119604, 6.665656324516259 ], [ 80.793971187464194, 6.66618581987767 ], [ 80.793885064724691, 6.666514362180234 ], [ 80.793483158606989, 6.666476085407119 ], [ 80.792526239279141, 6.666026333323028 ], [ 80.792513480354756, 6.666233665844063 ], [ 80.792456065195083, 6.666310219390291 ], [ 80.79222002509421, 6.666584536264276 ], [ 80.7918267, 6.6669302 ], [ 80.791661822152975, 6.667018339692902 ], [ 80.79145767936302, 6.66685885313826 ], [ 80.791553371295805, 6.666482464869305 ], [ 80.7914941, 6.6663974 ], [ 80.7909287, 6.6664075 ], [ 80.790704902825112, 6.66629746046592 ], [ 80.790714472018394, 6.665672273171722 ], [ 80.789425820656874, 6.666131594449092 ], [ 80.789393923345955, 6.66634211670122 ], [ 80.789397113077044, 6.666715315239081 ], [ 80.789199349749296, 6.666833335289517 ], [ 80.7889621, 6.6668237 ], [ 80.788519937026521, 6.666884370987002 ], [ 80.7882787, 6.6672281 ], [ 80.787649140438177, 6.667098082970223 ], [ 80.787295080286867, 6.667244810600494 ], [ 80.7874708, 6.6673671 ], [ 80.787679442883558, 6.668090089340097 ], [ 80.788596490572743, 6.668051812566983 ], [ 80.7889943, 6.6683155 ], [ 80.78936043116947, 6.668576523331755 ], [ 80.7892443, 6.6688904 ], [ 80.788693777371066, 6.669115587886446 ], [ 80.7884718, 6.66937 ], [ 80.788748002799636, 6.669592452684826 ], [ 80.788708131160973, 6.669850820903346 ], [ 80.788293466118915, 6.670302167852983 ], [ 80.7881253, 6.6705427 ], [ 80.788521531892059, 6.670640279348825 ], [ 80.788869212581176, 6.670611571768989 ], [ 80.789413061732489, 6.671528619458181 ], [ 80.789872383009865, 6.671267061508568 ], [ 80.7906358, 6.6709583 ], [ 80.790548606001551, 6.670692909911856 ], [ 80.790567744388099, 6.670211260516837 ], [ 80.79095915354624, 6.669644099512621 ], [ 80.791575699413443, 6.669605211609197 ], [ 80.791939328758019, 6.669330894735213 ], [ 80.792184938052173, 6.669490381289854 ], [ 80.792443306270684, 6.67030376271853 ], [ 80.792003123379871, 6.670437731424429 ], [ 80.791582078875606, 6.67065144340765 ], [ 80.7916046, 6.6707872 ], [ 80.7912312084554, 6.671235164197641 ], [ 80.7909072, 6.671416 ], [ 80.790692143900699, 6.671697675206103 ], [ 80.790590072505736, 6.672118719710357 ], [ 80.790851630455336, 6.67201983804648 ], [ 80.791141895984794, 6.672243119222979 ], [ 80.791282244152882, 6.672428123626364 ], [ 80.791279054421778, 6.672654594533956 ], [ 80.7910542, 6.6728444 ], [ 80.790848440724247, 6.672909773021384 ], [ 80.790060577144317, 6.672881065441548 ], [ 80.78977988080814, 6.672976757374333 ], [ 80.789355646572801, 6.672877875710455 ], [ 80.788794253900463, 6.673353145643289 ], [ 80.788641146808004, 6.673423319727332 ], [ 80.7880609, 6.6735158 ], [ 80.787869231883519, 6.673149002853348 ], [ 80.787971303278482, 6.672868306517178 ], [ 80.7879536, 6.6726739 ], [ 80.7877852, 6.6726414 ], [ 80.787511982001107, 6.672740717273465 ], [ 80.787323809781526, 6.672643238873937 ], [ 80.787431109781522, 6.672280938873937 ], [ 80.7871167, 6.6722157 ], [ 80.7869236, 6.6719706 ], [ 80.786746446538814, 6.671901817996047 ], [ 80.7863368, 6.6727267 ], [ 80.7862295, 6.6729398 ], [ 80.786044705698387, 6.672986326567615 ], [ 80.785751250437841, 6.672842788668436 ], [ 80.785645989311789, 6.672536574483523 ], [ 80.78559176388319, 6.672278206265003 ], [ 80.7856147, 6.6716936 ], [ 80.785065458252873, 6.671573275693484 ], [ 80.7848315, 6.6715763 ], [ 80.784765623530149, 6.671917766651512 ], [ 80.7845987, 6.6720447 ], [ 80.7843734, 6.6719061 ], [ 80.784564670471298, 6.671630690853156 ], [ 80.784615706168793, 6.671416978869935 ], [ 80.784752864605778, 6.671212836079993 ], [ 80.784430701765402, 6.670791791575738 ], [ 80.7840287956477, 6.670865155390873 ], [ 80.7838799, 6.6708938 ], [ 80.7835258, 6.6705102 ], [ 80.7825999, 6.6705747 ], [ 80.782469017143299, 6.670303762718532 ], [ 80.782622124235758, 6.669882718214276 ], [ 80.7824744, 6.6697749 ], [ 80.7819079, 6.6693417 ], [ 80.7816772, 6.668209 ], [ 80.7798136, 6.6671322 ], [ 80.7798029, 6.6676117 ], [ 80.7805325, 6.6679101 ], [ 80.780351035697663, 6.66820491965944 ], [ 80.7806687, 6.6683582 ], [ 80.78147382104234, 6.668651482012439 ], [ 80.7812696782524, 6.669423396936907 ], [ 80.780976222991853, 6.669735990584005 ], [ 80.7808114, 6.6707127 ], [ 80.780957084605305, 6.671522239995997 ], [ 80.7812191, 6.6714692 ], [ 80.781728999529776, 6.671598793542225 ], [ 80.78223297704244, 6.671822074718724 ], [ 80.7827394, 6.6718854 ], [ 80.7827179, 6.6726526 ], [ 80.7818628, 6.6724922 ], [ 80.7817094, 6.672237 ], [ 80.7809906, 6.6722477 ], [ 80.7806151, 6.6726846 ], [ 80.7801215, 6.6725887 ], [ 80.779789643025325, 6.673078828769305 ], [ 80.7798029, 6.6733554 ], [ 80.7797171, 6.6743038 ], [ 80.7793952, 6.6741546 ], [ 80.779642, 6.674762 ], [ 80.7803147, 6.674251 ], [ 80.780511, 6.6738988 ], [ 80.782005, 6.6739516 ], [ 80.7822244, 6.674315 ], [ 80.782577468000483, 6.674488689912341 ], [ 80.7828574, 6.6742937 ], [ 80.7828467, 6.6748478 ], [ 80.7833617, 6.6748265 ], [ 80.784159574622521, 6.675955966215049 ], [ 80.7852317, 6.6769145 ], [ 80.7854431, 6.6772241 ], [ 80.7857681, 6.6770104 ], [ 80.786119, 6.6765954 ], [ 80.7864301, 6.6765528 ], [ 80.7861082, 6.6780446 ], [ 80.7867842, 6.6777143 ], [ 80.7873099, 6.6774159 ], [ 80.7877927, 6.6777462 ], [ 80.7879675, 6.6772662 ], [ 80.7887046, 6.6774585 ], [ 80.7889975, 6.6770211 ], [ 80.7897163, 6.6773408 ], [ 80.789255, 6.6760834 ], [ 80.7896488, 6.675956 ], [ 80.7905392, 6.6766806 ], [ 80.7905392, 6.6775757 ], [ 80.7909072, 6.6774047 ], [ 80.791419, 6.6774372 ], [ 80.7920767, 6.677767 ], [ 80.79242, 6.6776391 ], [ 80.7928492, 6.6782359 ], [ 80.7932032, 6.6785556 ], [ 80.7937718, 6.6786728 ], [ 80.7937043, 6.6791741 ], [ 80.793171, 6.6791736 ], [ 80.7925563, 6.6789077 ], [ 80.7905317, 6.6793121 ], [ 80.7884718, 6.6803777 ], [ 80.787362064639765, 6.680766080703056 ], [ 80.787148352656544, 6.680679957963549 ], [ 80.787167491043107, 6.679946319812196 ], [ 80.786472129664844, 6.679636915896189 ], [ 80.785681076353811, 6.679445532030619 ], [ 80.784883643580599, 6.67950294719029 ], [ 80.784264835748601, 6.679847438148317 ], [ 80.783676, 6.6799835 ], [ 80.78325050126108, 6.679566741812146 ], [ 80.783397228891346, 6.679171215156634 ], [ 80.784271215210779, 6.678852242047349 ], [ 80.7844131, 6.6786094 ], [ 80.7838015, 6.6784495 ], [ 80.782954, 6.6785241 ], [ 80.7827179, 6.6782044 ], [ 80.7816021, 6.6778954 ], [ 80.780379, 6.6784069 ], [ 80.7800786, 6.6781192 ], [ 80.7797278, 6.6784597 ], [ 80.7789736, 6.6784495 ], [ 80.7782579, 6.6778096 ], [ 80.7781045, 6.6785561 ], [ 80.7775928, 6.6791416 ], [ 80.7773889, 6.679813 ], [ 80.7776861, 6.6805594 ], [ 80.7775708, 6.6812606 ], [ 80.7772602, 6.6817417 ], [ 80.7772494, 6.6823491 ], [ 80.7766808, 6.6831696 ], [ 80.7763804, 6.6829245 ], [ 80.7760982, 6.6831914 ], [ 80.774961, 6.6830955 ], [ 80.7736091, 6.6831488 ], [ 80.7726543, 6.6834046 ], [ 80.7717777, 6.6837876 ], [ 80.7718603, 6.6845874 ], [ 80.7708336, 6.6845016 ], [ 80.7702403, 6.6835111 ], [ 80.7700364, 6.6827865 ], [ 80.7685451, 6.6821685 ], [ 80.7686739, 6.6816676 ], [ 80.7680194, 6.6818595 ], [ 80.7674755, 6.6809212 ], [ 80.7670141, 6.6806761 ], [ 80.7677008, 6.6821999 ], [ 80.7684411, 6.6829245 ], [ 80.7695998, 6.6843737 ], [ 80.7696824, 6.6848751 ], [ 80.7681267, 6.6846726 ], [ 80.7683091, 6.6838841 ], [ 80.767204, 6.6842357 ], [ 80.7654016, 6.6834259 ], [ 80.7636345, 6.6839901 ], [ 80.7634307, 6.6846081 ], [ 80.7624941, 6.6843636 ], [ 80.7622398, 6.684768 ], [ 80.7632236, 6.6856956 ], [ 80.7639961, 6.6855038 ], [ 80.7642107, 6.6842677 ], [ 80.7646935, 6.6840119 ], [ 80.765407145527703, 6.684159954585839 ], [ 80.765821810569761, 6.684638414249765 ], [ 80.765751636485732, 6.684919110585935 ], [ 80.7650186, 6.6851729 ], [ 80.7640283, 6.6870063 ], [ 80.7653694, 6.6871235 ], [ 80.7656591, 6.6867079 ], [ 80.7662202, 6.6873147 ], [ 80.7666032, 6.6882104 ], [ 80.7659949, 6.6886254 ], [ 80.7648651, 6.6884661 ], [ 80.764280983843676, 6.688187117340247 ], [ 80.758878076855567, 6.690745503203776 ], [ 80.751101930349307, 6.692462314770092 ], [ 80.753921204244961, 6.692479146256035 ], [ 80.752797702558226, 6.693547945613498 ], [ 80.750706390429627, 6.69395190127616 ], [ 80.749094775650491, 6.694928127460929 ], [ 80.744971061594143, 6.695348914609536 ], [ 80.745576995088129, 6.697722154127678 ], [ 80.744280970670431, 6.697621165212012 ], [ 80.741453281031795, 6.701340923605699 ], [ 80.748000729064117, 6.697604333726068 ], [ 80.747748256774941, 6.696156825934861 ], [ 80.75056753067058, 6.694519963926779 ], [ 80.754687036855458, 6.693901406818327 ], [ 80.757060276373579, 6.692369741597397 ], [ 80.758642436052341, 6.693707844729968 ], [ 80.763018622397851, 6.691856381276097 ], [ 80.761099833000216, 6.690577188344333 ], [ 80.764398804245289, 6.688995028665571 ], [ 80.76582, 6.6891907 ], [ 80.7669787, 6.6885513 ], [ 80.7671826, 6.6873046 ], [ 80.7664852, 6.686271 ], [ 80.768116, 6.6862177 ], [ 80.7682447, 6.6858235 ], [ 80.770104, 6.6859401 ], [ 80.7706694, 6.6857595 ], [ 80.7711876, 6.6865262 ], [ 80.7715599, 6.6859194 ], [ 80.772547, 6.6861538 ], [ 80.7732444, 6.6856743 ], [ 80.7734268, 6.684939 ], [ 80.7740812, 6.6852587 ], [ 80.7744492, 6.6850237 ], [ 80.7745962, 6.6856743 ], [ 80.7750897, 6.6855038 ], [ 80.774299, 6.6868992 ], [ 80.7733549, 6.6866115 ], [ 80.7723464, 6.6871442 ], [ 80.7713883, 6.6884128 ], [ 80.7694356, 6.688903 ], [ 80.7687061, 6.6896489 ], [ 80.7689882, 6.6900533 ], [ 80.7695429, 6.689862 ], [ 80.768956, 6.6909271 ], [ 80.7688348, 6.691503 ], [ 80.7679336, 6.6917161 ], [ 80.7675688, 6.6924407 ], [ 80.7660131, 6.6926964 ], [ 80.7647471, 6.6930374 ], [ 80.7628299, 6.6938148 ], [ 80.761120146938921, 6.694622272570364 ], [ 80.761439120048209, 6.694979522452763 ], [ 80.762357762602946, 6.695005040301505 ], [ 80.7636099, 6.6947956 ], [ 80.7636742, 6.6958825 ], [ 80.7626228, 6.6969374 ], [ 80.7634629, 6.6972139 ], [ 80.7647042, 6.6963727 ], [ 80.7650722, 6.6957754 ], [ 80.7646828, 6.6953497 ], [ 80.7649832, 6.6949448 ], [ 80.765466, 6.6949235 ], [ 80.7664455, 6.6946885 ], [ 80.7666386, 6.695541 ], [ 80.7668822, 6.6962554 ], [ 80.7689314, 6.6965112 ], [ 80.7684518, 6.6960098 ], [ 80.7671826, 6.6959571 ], [ 80.7670967, 6.6951899 ], [ 80.7672469, 6.69438 ], [ 80.767907894704479, 6.694188469141736 ], [ 80.7687415, 6.6931967 ], [ 80.7693423, 6.6926426 ], [ 80.770446920654379, 6.693103960570169 ], [ 80.7709269, 6.6925686 ], [ 80.7705943, 6.6922276 ], [ 80.771555276773114, 6.691419548168085 ], [ 80.772252676773107, 6.691323648168084 ], [ 80.7727401, 6.6906932 ], [ 80.7732229, 6.6907464 ], [ 80.7733624, 6.6920571 ], [ 80.7740093, 6.6908312 ], [ 80.7738162, 6.6902877 ], [ 80.7743527, 6.6898508 ], [ 80.7747679, 6.690203 ], [ 80.775962, 6.6908205 ], [ 80.7767205, 6.6909596 ], [ 80.7784725, 6.6916836 ], [ 80.7787193, 6.6922803 ], [ 80.7778181, 6.6934844 ], [ 80.7776233, 6.6939389 ], [ 80.7778073, 6.6943902 ], [ 80.778244, 6.6936128 ], [ 80.7795776, 6.6925148 ], [ 80.7787826, 6.6906314 ], [ 80.778989020520982, 6.689869573242029 ], [ 80.779754555983274, 6.689499564435259 ], [ 80.7802181, 6.6892333 ], [ 80.7804788, 6.6886254 ], [ 80.7812084, 6.6876664 ], [ 80.7816912, 6.6872295 ], [ 80.7825066, 6.6867287 ], [ 80.7833617, 6.6868358 ], [ 80.783799135008991, 6.687222096434969 ], [ 80.7840054, 6.6879546 ], [ 80.7843305, 6.6884656 ], [ 80.7844056, 6.6894885 ], [ 80.7846738, 6.6904049 ], [ 80.7853894, 6.6910022 ], [ 80.785607712538621, 6.691585648569979 ], [ 80.7860653, 6.691503 ], [ 80.7863051, 6.6917369 ], [ 80.78687, 6.6907571 ], [ 80.7878463, 6.6906719 ], [ 80.788127600101973, 6.690440535107648 ], [ 80.7878356, 6.6903309 ], [ 80.7874386, 6.6900645 ], [ 80.7857113, 6.6905759 ], [ 80.7852853, 6.690373 ], [ 80.7849388, 6.6892014 ], [ 80.7853572, 6.688562 ], [ 80.7848455, 6.6884336 ], [ 80.7851963, 6.6878054 ], [ 80.7845558, 6.6874533 ], [ 80.7847564, 6.6867292 ], [ 80.7837264, 6.6856849 ], [ 80.784185092471219, 6.685212565846479 ], [ 80.784421132572078, 6.684702208871624 ], [ 80.784852940100862, 6.6841763312941 ], [ 80.784421132572078, 6.684236508132069 ], [ 80.783725319563047, 6.684030641075629 ], [ 80.784593378051099, 6.683260450417658 ], [ 80.784695449446076, 6.683005271930232 ], [ 80.7845418, 6.6827119 ], [ 80.784586998588921, 6.682437499795705 ], [ 80.784899592236016, 6.68234180786292 ], [ 80.7851319, 6.6823283 ], [ 80.78556943576551, 6.68234180786292 ], [ 80.7858969, 6.682477 ], [ 80.7857145, 6.6834573 ], [ 80.785518400068028, 6.683872878787485 ], [ 80.785693, 6.6842778 ], [ 80.7865696, 6.6839693 ], [ 80.788912273950828, 6.684140816199283 ], [ 80.789511943396278, 6.683962191258084 ], [ 80.789716086186218, 6.683541146753829 ], [ 80.790035, 6.6833833 ], [ 80.790315755631681, 6.683030789778974 ], [ 80.790194545850142, 6.68192714282085 ], [ 80.790433775682118, 6.681723000030908 ], [ 80.790593262236754, 6.682041973140192 ], [ 80.790972840236805, 6.682475776568819 ], [ 80.791183, 6.6825414 ], [ 80.792035020690705, 6.682877682686517 ], [ 80.792341234875622, 6.683113722787388 ], [ 80.7925273, 6.683127 ], [ 80.7928492, 6.6828925 ], [ 80.7930927, 6.6829464 ], [ 80.793053, 6.6838622 ], [ 80.792972801632004, 6.684440650922011 ], [ 80.7927633, 6.6851196 ], [ 80.7934071, 6.686036 ], [ 80.7931785, 6.6868997 ], [ 80.7927816, 6.6872087 ], [ 80.793176944421973, 6.687566587392998 ], [ 80.7938866, 6.6873046 ], [ 80.79410834590108, 6.687751591796383 ], [ 80.7948093, 6.688253 ], [ 80.7939725, 6.6893932 ], [ 80.7951312, 6.6894677 ], [ 80.7955282, 6.689244 ], [ 80.7960034, 6.6893607 ], [ 80.7972662, 6.6897555 ], [ 80.7976739, 6.6893399 ], [ 80.7981492, 6.6899574 ], [ 80.7988434, 6.6901497 ], [ 80.7994013, 6.6901071 ], [ 80.7997371, 6.6897016 ], [ 80.8003025, 6.6898727 ], [ 80.8005847, 6.690959 ], [ 80.8014644, 6.6914492 ], [ 80.8024912, 6.6911833 ], [ 80.803328, 6.6913538 ], [ 80.8030416, 6.690959 ], [ 80.8023549, 6.6908205 ], [ 80.8015824, 6.6908951 ], [ 80.801046, 6.6906074 ], [ 80.8009677, 6.6897555 ], [ 80.8012069, 6.6894779 ], [ 80.8010535, 6.6892546 ], [ 80.8006565, 6.6891374 ], [ 80.8006565, 6.6887858 ], [ 80.7993262, 6.68853 ], [ 80.7986502, 6.6886046 ], [ 80.7980923, 6.6880612 ], [ 80.7977168, 6.6879759 ], [ 80.7979132, 6.6878582 ], [ 80.797513, 6.6877308 ], [ 80.7973628, 6.6875604 ], [ 80.7974593, 6.6869743 ], [ 80.7975913, 6.6867393 ], [ 80.7972373, 6.6867287 ], [ 80.7965935, 6.6872508 ], [ 80.7965474, 6.6868784 ], [ 80.7966761, 6.6864841 ], [ 80.7966654, 6.6862497 ], [ 80.7961107, 6.686686 ], [ 80.7960142, 6.6864836 ], [ 80.7957889, 6.6864196 ], [ 80.7956033, 6.6862603 ], [ 80.7953672, 6.6858128 ], [ 80.7955636, 6.6855672 ], [ 80.795335, 6.6852161 ], [ 80.7953994, 6.6835324 ], [ 80.7963897, 6.6828286 ], [ 80.796601, 6.682275 ], [ 80.7973091, 6.6821045 ], [ 80.7979239, 6.6819015 ], [ 80.7983762, 6.6811992 ], [ 80.7988147, 6.6810447 ], [ 80.7989784, 6.6809541 ], [ 80.7991594, 6.6806904 ], [ 80.7992399, 6.6804553 ], [ 80.7993143, 6.680362 ], [ 80.7991779, 6.6802562 ], [ 80.799032, 6.6801403 ], [ 80.7989294, 6.6802595 ], [ 80.798806, 6.6803334 ], [ 80.7986706, 6.68035 ], [ 80.7985623, 6.6803194 ], [ 80.7985264, 6.6802818 ], [ 80.7985643, 6.6801669 ], [ 80.7983608, 6.6798892 ], [ 80.7982488, 6.6796647 ], [ 80.7976632, 6.6779061 ], [ 80.7974857, 6.6772538 ], [ 80.797424, 6.6771632 ], [ 80.7972524, 6.6771259 ], [ 80.7971022, 6.6771739 ], [ 80.7969278, 6.677387 ], [ 80.7965389, 6.6774882 ], [ 80.7963092, 6.6776125 ], [ 80.7960142, 6.6779641 ], [ 80.7959444, 6.6779535 ], [ 80.794952, 6.6774047 ], [ 80.7945872, 6.6771383 ], [ 80.7937718, 6.6767547 ], [ 80.7933717, 6.6762437 ], [ 80.7932139, 6.675785 ], [ 80.7924919, 6.6755617 ], [ 80.7927419, 6.6752522 ], [ 80.7934607, 6.675071 ], [ 80.7934146, 6.6743683 ], [ 80.7940079, 6.6738029 ], [ 80.7936613, 6.6735051 ], [ 80.7938899, 6.6729824 ], [ 80.7944767, 6.672919 ], [ 80.7952417, 6.6722898 ], [ 80.7953168, 6.6720234 ], [ 80.7955496, 6.6718641 ], [ 80.7951559, 6.6710856 ], [ 80.7954134, 6.6705315 ], [ 80.794981, 6.6700951 ], [ 80.7943158, 6.6699353 ], [ 80.7941012, 6.6692426 ], [ 80.7940991, 6.6686965 ], [ 80.7959294, 6.6687381 ], [ 80.7973306, 6.6677294 ], [ 80.7974379, 6.6670368 ], [ 80.7968403, 6.6666846 ], [ 80.7964938, 6.6661417 ], [ 80.7973338, 6.6649902 ], [ 80.797395, 6.6646391 ], [ 80.7981138, 6.6643727 ], [ 80.7980419, 6.6640631 ], [ 80.7974915, 6.6639997 ], [ 80.7971268, 6.6638932 ], [ 80.7974701, 6.6629767 ], [ 80.7969551, 6.6621029 ], [ 80.796762, 6.6620496 ], [ 80.79688, 6.6616127 ], [ 80.7964004, 6.6614204 ], [ 80.7948093, 6.6611225 ], [ 80.7950808, 6.6604719 ], [ 80.7954745, 6.6601421 ], [ 80.7954531, 6.6597905 ], [ 80.7957996, 6.6594596 ], [ 80.796129, 6.6593962 ], [ 80.7964508, 6.6595986 ], [ 80.7974915, 6.6597372 ], [ 80.7977812, 6.6590658 ], [ 80.7983177, 6.6589166 ], [ 80.7988573, 6.658298 ], [ 80.7987683, 6.6579362 ], [ 80.7984603, 6.6579144 ], [ 80.7983713, 6.6577338 ], [ 80.7987071, 6.6574988 ], [ 80.7983284, 6.6569345 ], [ 80.7991255, 6.6563372 ], [ 80.7984786, 6.6560394 ], [ 80.7981567, 6.6561566 ], [ 80.7980494, 6.6556984 ], [ 80.797395, 6.6555066 ], [ 80.7971375, 6.6552614 ], [ 80.7971804, 6.6546647 ], [ 80.7975055, 6.654142 ], [ 80.7978488, 6.6531189 ], [ 80.7978563, 6.6525121 ], [ 80.7980527, 6.6521599 ], [ 80.7973842, 6.6520964 ], [ 80.7971407, 6.6515311 ], [ 80.7971268, 6.6510521 ], [ 80.7970549, 6.6505294 ], [ 80.797277, 6.6497733 ], [ 80.7970087, 6.6493044 ], [ 80.7974701, 6.6489527 ], [ 80.7983343, 6.6490449 ], [ 80.7987795, 6.6480901 ], [ 80.798617, 6.647732 ], [ 80.7981868, 6.6477869 ], [ 80.7973445, 6.6469061 ], [ 80.7974197, 6.6462454 ], [ 80.7972185, 6.6458138 ], [ 80.7986524, 6.6450135 ], [ 80.7968328, 6.6447769 ], [ 80.7963457, 6.6442004 ], [ 80.7964433, 6.6435439 ], [ 80.796188, 6.6431134 ], [ 80.797837, 6.6429098 ], [ 80.7976739, 6.6424686 ], [ 80.7978188, 6.6417962 ], [ 80.798484, 6.6414839 ], [ 80.7985312, 6.6408381 ], [ 80.7980376, 6.6403053 ], [ 80.7984335, 6.6399121 ], [ 80.7982855, 6.6385917 ], [ 80.7977705, 6.6386173 ], [ 80.7972984, 6.6383689 ], [ 80.79691, 6.6384126 ], [ 80.796703, 6.6387718 ], [ 80.7963167, 6.638872 ], [ 80.7961998, 6.6391128 ], [ 80.7964004, 6.6399622 ], [ 80.7962888, 6.6403884 ], [ 80.7969336, 6.6411365 ], [ 80.7962169, 6.641371 ], [ 80.7958747, 6.6411301 ], [ 80.7952846, 6.6410886 ], [ 80.7947353, 6.641631 ], [ 80.7943963, 6.641338 ], [ 80.7939988, 6.6408104 ], [ 80.7935975, 6.6407236 ], [ 80.7933202, 6.6409863 ], [ 80.7924007, 6.6404028 ], [ 80.79147, 6.6403597 ], [ 80.7908498, 6.6401401 ], [ 80.7913541, 6.6394314 ], [ 80.7914013, 6.6390078 ], [ 80.7919308, 6.6385437 ], [ 80.7913605, 6.6373294 ], [ 80.7914823, 6.6370448 ], [ 80.7911873, 6.6367635 ], [ 80.7904937, 6.6366905 ], [ 80.7901133, 6.6363281 ], [ 80.7898558, 6.6360495 ], [ 80.7899433, 6.6356259 ], [ 80.7905645, 6.6353994 ], [ 80.7911315, 6.6348932 ], [ 80.7912586, 6.6344765 ], [ 80.7917012, 6.6344142 ], [ 80.7919801, 6.6344552 ], [ 80.7918557, 6.6341499 ], [ 80.7920799, 6.633965 ], [ 80.7925294, 6.6338733 ], [ 80.7926695, 6.6336474 ], [ 80.7925252, 6.633511 ], [ 80.7921936, 6.6336602 ] ] ], [ [ [ 80.7892253, 6.7132374 ], [ 80.7893808, 6.7131601 ], [ 80.7894806, 6.7131035 ], [ 80.7895042, 6.7130749 ], [ 80.7893245, 6.7128191 ], [ 80.789207, 6.7128957 ], [ 80.7891394, 6.712971 ], [ 80.7891105, 6.7130476 ], [ 80.7890756, 6.7131701 ], [ 80.7890971, 6.713242 ], [ 80.7891292, 6.713274 ], [ 80.7892253, 6.7132374 ] ] ], [ [ [ 80.838537470923001, 6.291834802854807 ], [ 80.838470775848236, 6.291734760242647 ], [ 80.838390741758502, 6.291634717630485 ], [ 80.838304038161297, 6.291474649451028 ], [ 80.838230673579048, 6.29131458127157 ], [ 80.838190656534181, 6.291287903241661 ], [ 80.838163978504269, 6.291294572749139 ], [ 80.838123961459402, 6.291414623883731 ], [ 80.837990571309859, 6.291394615361299 ], [ 80.83789719820517, 6.291441301913641 ], [ 80.837810494607965, 6.291474649451028 ], [ 80.837710451995804, 6.291561353048234 ], [ 80.837623748398599, 6.291601370093098 ], [ 80.837470349726615, 6.291694743197782 ], [ 80.837410324159322, 6.291721421227692 ], [ 80.837263594994823, 6.291794785809943 ], [ 80.837136874352751, 6.291821463839852 ], [ 80.837076848785458, 6.292194956258586 ], [ 80.837036831740591, 6.292268320840838 ], [ 80.836976806173297, 6.292521762124979 ], [ 80.837343629084543, 6.292561779169843 ], [ 80.837490358249056, 6.292541770647412 ], [ 80.837643756921025, 6.292588457199753 ], [ 80.837830503130405, 6.292601796214708 ], [ 80.837883859190214, 6.292601796214708 ], [ 80.837943884757522, 6.292601796214708 ], [ 80.838030588354727, 6.292608465722186 ], [ 80.838110622444447, 6.292608465722186 ], [ 80.838203995549136, 6.292575118184798 ], [ 80.83826402111643, 6.292561779169843 ], [ 80.838350724713635, 6.292528431632457 ], [ 80.838444097818325, 6.292481745080115 ], [ 80.838497453878134, 6.292428389020296 ], [ 80.83853080141553, 6.292381702467954 ], [ 80.838657522057602, 6.29228832936327 ], [ 80.838697539102455, 6.292248312318406 ], [ 80.838697539102455, 6.292174947736155 ], [ 80.838650852550117, 6.292088244138949 ], [ 80.838577487967868, 6.291934845466968 ], [ 80.838537470923001, 6.291834802854807 ] ] ], [ [ [ 80.83777214493999, 6.296238345166757 ], [ 80.837820498869192, 6.296245014674234 ], [ 80.837830503130405, 6.296193325991284 ], [ 80.837817164115464, 6.296093283379124 ], [ 80.837827168376677, 6.296003245028179 ], [ 80.837855513783452, 6.295893198154801 ], [ 80.837868852798408, 6.295759808005254 ], [ 80.837857181160317, 6.295691445553611 ], [ 80.837818831492328, 6.295633087363183 ], [ 80.837793820839281, 6.295593070318318 ], [ 80.837762140678763, 6.295563057534671 ], [ 80.837705449865211, 6.29551303622859 ], [ 80.837642089544175, 6.29546134754564 ], [ 80.837523705786452, 6.295469684429987 ], [ 80.837468682349765, 6.295433002138862 ], [ 80.837398652521244, 6.295426332631384 ], [ 80.837343629084558, 6.295449675907554 ], [ 80.837328622692738, 6.295556388027193 ], [ 80.837338626953951, 6.295661432769962 ], [ 80.837400319898123, 6.295968230113923 ], [ 80.837425330551156, 6.296109957147817 ], [ 80.837453675957946, 6.296163313207637 ], [ 80.83756372283132, 6.296221671398063 ], [ 80.837592068238095, 6.296208332383109 ], [ 80.83762875052922, 6.296211667136848 ], [ 80.837692110850256, 6.296230008282411 ], [ 80.83777214493999, 6.296238345166757 ] ] ], [ [ [ 80.805853487095249, 6.309115655194264 ], [ 80.80562666177309, 6.308722491302523 ], [ 80.805576256145955, 6.308646882861804 ], [ 80.80535951194922, 6.308616639485516 ], [ 80.80523349788136, 6.308541031044797 ], [ 80.805021794247338, 6.308747694116096 ], [ 80.805107483813487, 6.308914032685679 ], [ 80.804598386979308, 6.309312237140134 ], [ 80.80466895485732, 6.309791090598024 ], [ 80.804714319921743, 6.310214497866053 ], [ 80.805228457318634, 6.310360674184777 ], [ 80.805798040905387, 6.310002794232038 ], [ 80.805964379474972, 6.310068321547329 ], [ 80.806483557434575, 6.310174173364335 ], [ 80.806327299990429, 6.309791090598024 ], [ 80.806055109603832, 6.309448332333429 ], [ 80.805853487095249, 6.309115655194264 ] ] ], [ [ [ 80.849073625360447, 6.332747229098032 ], [ 80.848850196859956, 6.332607169441006 ], [ 80.848583416560857, 6.332600499933529 ], [ 80.848243271679507, 6.332737224836816 ], [ 80.848056525470142, 6.332910632031227 ], [ 80.847492952088302, 6.332793915650373 ], [ 80.847152807206953, 6.33280391991159 ], [ 80.846739297743355, 6.332870614986364 ], [ 80.846469182690527, 6.33298066185974 ], [ 80.846269097466205, 6.333344150017258 ], [ 80.846175724361515, 6.333637608346264 ], [ 80.846205737145169, 6.333814350294415 ], [ 80.846852679370471, 6.334851458707151 ], [ 80.847666359282726, 6.334241198772969 ], [ 80.848273284463176, 6.333921062414055 ], [ 80.8487068024492, 6.333540900487843 ], [ 80.849140320435239, 6.333094043486857 ], [ 80.849217019771217, 6.332910632031228 ], [ 80.849073625360447, 6.332747229098032 ] ], [ [ 80.847466274058405, 6.333100712994335 ], [ 80.847486282580846, 6.333227433636405 ], [ 80.847539638640654, 6.333287459203701 ], [ 80.847539638640654, 6.333347484770998 ], [ 80.84747294356589, 6.333440857875681 ], [ 80.847312875386436, 6.333554239502798 ], [ 80.847086112132203, 6.333647612607481 ], [ 80.84693271346022, 6.333500883442978 ], [ 80.846979400012557, 6.333234103143882 ], [ 80.8471127901621, 6.333147399546676 ], [ 80.847259519326613, 6.333100712994335 ], [ 80.847466274058405, 6.333100712994335 ] ] ], [ [ [ 80.810007, 6.341659 ], [ 80.8113802, 6.3413918 ], [ 80.8096421, 6.3383378 ], [ 80.8089507, 6.3386909 ], [ 80.8088835, 6.3391204 ], [ 80.8084802, 6.3395498 ], [ 80.8070782, 6.3401797 ], [ 80.8054458, 6.3408478 ], [ 80.804764, 6.3410005 ], [ 80.8046295, 6.3415063 ], [ 80.8085474, 6.3415827 ], [ 80.810007, 6.341659 ] ] ], [ [ [ 80.8380076, 6.3429048 ], [ 80.8378155, 6.342609 ], [ 80.8376139, 6.3421986 ], [ 80.8372202, 6.3424181 ], [ 80.8365192, 6.3432389 ], [ 80.8360295, 6.3431816 ], [ 80.8353957, 6.3424658 ], [ 80.8348772, 6.3423418 ], [ 80.8347907, 6.3424754 ], [ 80.8347331, 6.3429526 ], [ 80.8350884, 6.3433343 ], [ 80.8347235, 6.3435252 ], [ 80.8337441, 6.3440883 ], [ 80.8330239, 6.343802 ], [ 80.832851, 6.3438115 ], [ 80.8328414, 6.3441837 ], [ 80.8331679, 6.345224 ], [ 80.8329662, 6.3465219 ], [ 80.83336, 6.3465983 ], [ 80.8339649, 6.3457584 ], [ 80.8345219, 6.3448613 ], [ 80.835098, 6.3447659 ], [ 80.8357126, 6.3448995 ], [ 80.8360775, 6.3451476 ], [ 80.8363848, 6.3455103 ], [ 80.8364424, 6.3457584 ], [ 80.8361927, 6.3463406 ], [ 80.8363848, 6.3465792 ], [ 80.8364616, 6.3472472 ], [ 80.8363271, 6.3479821 ], [ 80.835943, 6.3486693 ], [ 80.835847, 6.3492132 ], [ 80.8361159, 6.3493659 ], [ 80.836452, 6.3490987 ], [ 80.8367593, 6.3481444 ], [ 80.8369513, 6.3472854 ], [ 80.8368649, 6.3460066 ], [ 80.8374795, 6.3445177 ], [ 80.8382957, 6.3429907 ], [ 80.8384493, 6.3427044 ], [ 80.8380076, 6.3429048 ] ] ], [ [ [ 80.824327858273719, 6.347975322128393 ], [ 80.824221533903966, 6.347311858061079 ], [ 80.824017391114026, 6.346533563674424 ], [ 80.823387950845031, 6.346737706464366 ], [ 80.823451745466883, 6.346984379002214 ], [ 80.823604852559342, 6.347090703371975 ], [ 80.82352829901312, 6.347175762867785 ], [ 80.823592093634971, 6.347324616985451 ], [ 80.823519793063539, 6.347958310229231 ], [ 80.823617611483712, 6.348060381624202 ], [ 80.823575081735811, 6.348230500615821 ], [ 80.82394509054258, 6.348192223842707 ], [ 80.824081185735878, 6.348187970867916 ], [ 80.824093944660248, 6.348324066061211 ], [ 80.824289581500608, 6.348332572010793 ], [ 80.824327858273719, 6.347975322128393 ] ] ], [ [ [ 80.846707011621163, 6.360776776247704 ], [ 80.846783565167385, 6.361048966634294 ], [ 80.847464041133861, 6.359449848113077 ], [ 80.847880832663321, 6.357986824785156 ], [ 80.847812785066679, 6.357808199843956 ], [ 80.847276910243082, 6.358250509222165 ], [ 80.846460339083308, 6.358497181760012 ], [ 80.84612010110007, 6.358488675810431 ], [ 80.845881934511809, 6.358471663911269 ], [ 80.845448131083174, 6.358250509222165 ], [ 80.845141916898271, 6.35774865819689 ], [ 80.844614548024254, 6.35775716414647 ], [ 80.844342357637657, 6.357578539205271 ], [ 80.844316839788917, 6.357459455911138 ], [ 80.843742688192251, 6.357706128448985 ], [ 80.844193503520046, 6.358003836684317 ], [ 80.844291321940219, 6.358901214365106 ], [ 80.845065363352091, 6.359411571339963 ], [ 80.84562675602443, 6.359904916415657 ], [ 80.846707011621163, 6.360776776247704 ] ] ], [ [ [ 80.839757650813553, 6.365021245088592 ], [ 80.840131912595112, 6.364902161794459 ], [ 80.840616751721228, 6.364817102298649 ], [ 80.841433322880988, 6.363217983777433 ], [ 80.841952185805425, 6.36228232932353 ], [ 80.841586429973447, 6.36219726982772 ], [ 80.841416310981828, 6.362231293626044 ], [ 80.841416310981828, 6.3627416506009 ], [ 80.840914459956551, 6.362843721995872 ], [ 80.840429620830449, 6.362563025659701 ], [ 80.840174442343013, 6.36255451971012 ], [ 80.839961793603493, 6.362614061357187 ], [ 80.839451436628636, 6.362435436415987 ], [ 80.839570519922773, 6.362222787676463 ], [ 80.839800180561454, 6.362120716281492 ], [ 80.839706615116057, 6.361959103239454 ], [ 80.839485460426957, 6.361950597289873 ], [ 80.839366377132819, 6.360955401188903 ], [ 80.839315341435338, 6.360530103709856 ], [ 80.839085680796657, 6.360479068012371 ], [ 80.838898549905878, 6.361678406903283 ], [ 80.83876245471258, 6.361797490197416 ], [ 80.838702913065518, 6.361899561592388 ], [ 80.838456240527663, 6.362061174634425 ], [ 80.838141520393165, 6.362027150836101 ], [ 80.837894847855324, 6.361499781962084 ], [ 80.837512080124185, 6.361661395004121 ], [ 80.837222877838428, 6.361857031844483 ], [ 80.83685712200645, 6.361950597289873 ], [ 80.837112300493871, 6.362129222231073 ], [ 80.83706977074597, 6.362401412617663 ], [ 80.83666148516609, 6.362401412617663 ], [ 80.83688263985519, 6.363064876684976 ], [ 80.837503574174605, 6.363200971878271 ], [ 80.837775764561187, 6.363549715811089 ], [ 80.83877946661174, 6.36383041214726 ], [ 80.839034645099161, 6.364808596349068 ], [ 80.839536496124438, 6.364885149895296 ], [ 80.839757650813553, 6.365021245088592 ] ] ], [ [ [ 80.8012006, 6.3669964 ], [ 80.8011121, 6.367223 ], [ 80.801104, 6.3674042 ], [ 80.8005998, 6.3677721 ], [ 80.8008921, 6.3681 ], [ 80.8010906, 6.3683745 ], [ 80.8008116, 6.368961 ], [ 80.8008197, 6.3692729 ], [ 80.8026436, 6.369702 ], [ 80.8027589, 6.3696141 ], [ 80.8029789, 6.3696167 ], [ 80.8034724, 6.3692569 ], [ 80.8036655, 6.3690436 ], [ 80.803754, 6.3689237 ], [ 80.8039096, 6.3685318 ], [ 80.8034751, 6.3684865 ], [ 80.8032793, 6.367908 ], [ 80.8033168, 6.3676681 ], [ 80.8036816, 6.3673216 ], [ 80.8042556, 6.3672256 ], [ 80.8041617, 6.3669111 ], [ 80.8038962, 6.3668231 ], [ 80.8037245, 6.3668871 ], [ 80.8036602, 6.3666125 ], [ 80.8039337, 6.3655463 ], [ 80.8037621, 6.3655756 ], [ 80.8034, 6.3658075 ], [ 80.8033115, 6.3661114 ], [ 80.8028662, 6.3664632 ], [ 80.802657, 6.366226 ], [ 80.802606, 6.3666285 ], [ 80.8022118, 6.3670097 ], [ 80.8021125, 6.3672283 ], [ 80.8018148, 6.3674975 ], [ 80.8012006, 6.3669964 ] ] ], [ [ [ 80.838732683889035, 6.369788829828707 ], [ 80.839192005166396, 6.369397556147983 ], [ 80.83958753182192, 6.369044559240375 ], [ 80.839647073468981, 6.36891271702187 ], [ 80.839438677704251, 6.36891696999666 ], [ 80.839187752191606, 6.368725586131089 ], [ 80.839209017065571, 6.368495925492404 ], [ 80.839111198645384, 6.368432130870547 ], [ 80.838834755283997, 6.368500178467194 ], [ 80.838388192931006, 6.368504431441985 ], [ 80.838167038241906, 6.368525696315937 ], [ 80.838056460897349, 6.368313047576414 ], [ 80.83768645209058, 6.368227988080604 ], [ 80.837716222914111, 6.368487419542823 ], [ 80.837665187216629, 6.369087088988279 ], [ 80.83789484785531, 6.369138124685764 ], [ 80.83789059488052, 6.369393303173193 ], [ 80.838128761468781, 6.369946189895954 ], [ 80.838503023250354, 6.370112055912782 ], [ 80.838588082746156, 6.369980213694277 ], [ 80.838732683889035, 6.369788829828707 ] ] ], [ [ [ 80.828733940156624, 6.378452139476891 ], [ 80.828738193131414, 6.378681800115576 ], [ 80.82939315124915, 6.378481910300424 ], [ 80.829312344728123, 6.378035347947424 ], [ 80.829154984660875, 6.377767410535625 ], [ 80.829061419215492, 6.377580279644844 ], [ 80.828967853770095, 6.377537749896939 ], [ 80.828729687181834, 6.377257053560768 ], [ 80.828670145534772, 6.37736337793053 ], [ 80.828670145534772, 6.37762706236754 ], [ 80.828806240728056, 6.377852470031434 ], [ 80.828687157433933, 6.378022589023053 ], [ 80.828687157433933, 6.378154431241557 ], [ 80.828887047249083, 6.37817569611551 ], [ 80.828891300223873, 6.378324550233176 ], [ 80.828733940156624, 6.378452139476891 ] ] ], [ [ [ 80.829501602106291, 6.409058672556496 ], [ 80.82968448002228, 6.40919476774979 ], [ 80.829867357938269, 6.409177755850629 ], [ 80.829965176358442, 6.409160743951467 ], [ 80.830071500728209, 6.409024648758172 ], [ 80.830016212055938, 6.408799241094277 ], [ 80.829939658509701, 6.408897059514458 ], [ 80.829863104963479, 6.408850276791763 ], [ 80.829820575215564, 6.408612110203497 ], [ 80.829663215148329, 6.408352678741278 ], [ 80.82970149192144, 6.408140030001754 ], [ 80.829633444324784, 6.407957152085764 ], [ 80.829641950274365, 6.407804044993307 ], [ 80.829718503820601, 6.407765768220193 ], [ 80.829748274644132, 6.407684961699174 ], [ 80.82969298597186, 6.407582890304202 ], [ 80.829778045467663, 6.407493577833603 ], [ 80.829850346039109, 6.407514842707555 ], [ 80.82989287578701, 6.407323458841984 ], [ 80.829965176358442, 6.407225640421803 ], [ 80.829765286543292, 6.407174604724318 ], [ 80.828672272022146, 6.408624869127868 ], [ 80.82879135531627, 6.408629122102658 ], [ 80.829029521904545, 6.408786482169906 ], [ 80.828927450509568, 6.408892806539668 ], [ 80.828931703484358, 6.409024648758172 ], [ 80.829067798677656, 6.408905565464039 ], [ 80.829178376022213, 6.408892806539668 ], [ 80.829280447417176, 6.408977866035476 ], [ 80.829374012862573, 6.408960854136315 ], [ 80.829365506912993, 6.409152238001885 ], [ 80.829408036660894, 6.409169249901048 ], [ 80.829501602106291, 6.409058672556496 ] ] ], [ [ [ 80.833001800358829, 6.418721431280441 ], [ 80.832942258711768, 6.418793731851879 ], [ 80.832874211115112, 6.418827755650202 ], [ 80.832886970039482, 6.418853273498946 ], [ 80.83302731820757, 6.418883044322479 ], [ 80.833044330106731, 6.418976609767869 ], [ 80.833682276325305, 6.4175348513139 ], [ 80.833495145434526, 6.417585887011386 ], [ 80.833431350812674, 6.417556116187852 ], [ 80.833418591888289, 6.417479562641624 ], [ 80.833342038342067, 6.417381744221443 ], [ 80.833163413400868, 6.417483815616414 ], [ 80.832942258711768, 6.417390250171024 ], [ 80.832933752762187, 6.417249902002939 ], [ 80.832793404594099, 6.417220131179405 ], [ 80.832763633770568, 6.417224384154196 ], [ 80.832755127820988, 6.417305190675215 ], [ 80.832457419585651, 6.417198866305453 ], [ 80.832436154711701, 6.41708403598611 ], [ 80.832244770846131, 6.417054265162577 ], [ 80.832117181602413, 6.417113806809644 ], [ 80.831938556661214, 6.416888399145749 ], [ 80.831883267988943, 6.416701268254968 ], [ 80.831704643047743, 6.416611955784369 ], [ 80.831606824627556, 6.416280223750712 ], [ 80.831585559753606, 6.41644183679275 ], [ 80.831487741333419, 6.416956446742396 ], [ 80.83132612829138, 6.416947940792816 ], [ 80.831219803921627, 6.416969205666768 ], [ 80.831147503350181, 6.417067024086949 ], [ 80.831202792022466, 6.417101047885272 ], [ 80.831262333669528, 6.417045759212996 ], [ 80.831372911014086, 6.417058518137368 ], [ 80.831406934812406, 6.417101047885272 ], [ 80.831372911014086, 6.417143577633177 ], [ 80.831700390072953, 6.417330708523957 ], [ 80.831917291787263, 6.417581634036595 ], [ 80.831976833434325, 6.417526345364319 ], [ 80.832091663753673, 6.417747500053424 ], [ 80.832117181602413, 6.417849571448395 ], [ 80.832049134005771, 6.41807923208708 ], [ 80.831921544762054, 6.418368434372832 ], [ 80.831925797736844, 6.41844498791906 ], [ 80.831981086409115, 6.418457746843432 ], [ 80.832172470274685, 6.418189809431632 ], [ 80.832516961232713, 6.418160038608099 ], [ 80.832580755854579, 6.418266362977861 ], [ 80.832967776560508, 6.41853004741487 ], [ 80.833001800358829, 6.418721431280441 ] ] ], [ [ [ 80.82813639719862, 6.419999450204979 ], [ 80.828174673971731, 6.420173822171388 ], [ 80.828127891249039, 6.420488542305883 ], [ 80.828200191820486, 6.42073946781852 ], [ 80.827970531181791, 6.421134994474034 ], [ 80.82774087054311, 6.421152006373195 ], [ 80.827723858643864, 6.421258330742957 ], [ 80.827947139820367, 6.421347643213557 ], [ 80.827951392795157, 6.421315745902628 ], [ 80.828000302005236, 6.421277469129515 ], [ 80.828042831753152, 6.421296607516072 ], [ 80.828047084727942, 6.421358275650533 ], [ 80.828083235013651, 6.421392299448857 ], [ 80.828104499887615, 6.421307239953047 ], [ 80.82818317992124, 6.421288101566491 ], [ 80.828221456694351, 6.421326378339605 ], [ 80.828229962643931, 6.421470979482481 ], [ 80.828315022139734, 6.421400805398438 ], [ 80.828429852459081, 6.421237065869005 ], [ 80.828884920761666, 6.4214178172976 ], [ 80.829137972761728, 6.421390172961462 ], [ 80.829565396728199, 6.421513509230386 ], [ 80.829712124358394, 6.421732537432093 ], [ 80.82981632224076, 6.421392299448856 ], [ 80.8299800617702, 6.42111372960008 ], [ 80.83025863161906, 6.420811768389958 ], [ 80.830628640425829, 6.420692685095825 ], [ 80.830798759417448, 6.420675673196663 ], [ 80.830717952896421, 6.420543830978159 ], [ 80.830700940997261, 6.420518313129416 ], [ 80.83067542314852, 6.420403482810073 ], [ 80.830747723719952, 6.420258881667197 ], [ 80.830535074980432, 6.420271640591569 ], [ 80.83047553333337, 6.420518313129416 ], [ 80.829786551417314, 6.420488542305883 ], [ 80.829697238946707, 6.42055658990253 ], [ 80.829505855081138, 6.420488542305883 ], [ 80.829429301534915, 6.420543830978159 ], [ 80.829293206341617, 6.42046302445714 ], [ 80.829233664694556, 6.420535325028577 ], [ 80.829114581400418, 6.420509807179835 ], [ 80.829063545702937, 6.420399229835283 ], [ 80.82898273918191, 6.420505554205044 ], [ 80.828778596391984, 6.420488542305883 ], [ 80.828719054744923, 6.420407735784864 ], [ 80.828599971450785, 6.420403482810073 ], [ 80.828493647081018, 6.420458771482349 ], [ 80.828225709669226, 6.420139798373064 ], [ 80.82813639719862, 6.419876113936056 ], [ 80.82813639719862, 6.419999450204979 ] ] ], [ [ [ 80.811420807390888, 6.572110073947951 ], [ 80.811384528213978, 6.572355966146969 ], [ 80.811614296334369, 6.572678447719451 ], [ 80.811876312612014, 6.572065732731735 ], [ 80.812061739516196, 6.57159410343198 ], [ 80.812093987673435, 6.571461079783332 ], [ 80.811856157513731, 6.571577979353357 ], [ 80.811424838410545, 6.57155379323542 ], [ 80.811340186997768, 6.571565886294389 ], [ 80.81113863601496, 6.571646506687509 ], [ 80.810941116051822, 6.571557824255077 ], [ 80.810836309540761, 6.571900460925838 ], [ 80.81103786052357, 6.571900460925838 ], [ 80.811142667034616, 6.571981081318959 ], [ 80.811316000879827, 6.572037515594143 ], [ 80.811420807390888, 6.572110073947951 ] ] ], [ [ [ 80.8470089, 6.6292387 ], [ 80.8469437, 6.6294384 ], [ 80.8469274, 6.6301779 ], [ 80.8468731, 6.6302589 ], [ 80.8467263, 6.6301185 ], [ 80.8466829, 6.6299944 ], [ 80.8465144, 6.6299566 ], [ 80.8463514, 6.630016 ], [ 80.8464981, 6.6301671 ], [ 80.8464546, 6.6302319 ], [ 80.8461503, 6.6301023 ], [ 80.8458841, 6.6302751 ], [ 80.84577, 6.6301887 ], [ 80.8457808, 6.6300646 ], [ 80.8456667, 6.6301185 ], [ 80.8455961, 6.6300646 ], [ 80.8454874, 6.6297137 ], [ 80.8455037, 6.6299782 ], [ 80.8453624, 6.6301509 ], [ 80.8452907, 6.6300995 ], [ 80.8451814, 6.629947 ], [ 80.8451132, 6.6299232 ], [ 80.8451678, 6.6300419 ], [ 80.8451439, 6.6301368 ], [ 80.8450449, 6.6300724 ], [ 80.8449391, 6.6300351 ], [ 80.8447923, 6.6300521 ], [ 80.8447445, 6.6301335 ], [ 80.8449664, 6.6301063 ], [ 80.8450483, 6.6301809 ], [ 80.8450722, 6.6302589 ], [ 80.8451644, 6.6302487 ], [ 80.8452941, 6.6302996 ], [ 80.8454886, 6.6302453 ], [ 80.8455569, 6.6303606 ], [ 80.8452326, 6.6304657 ], [ 80.8451746, 6.6305437 ], [ 80.8453248, 6.6305403 ], [ 80.8455808, 6.6304827 ], [ 80.8456969, 6.6306387 ], [ 80.8456525, 6.630659 ], [ 80.8457685, 6.6306793 ], [ 80.8457788, 6.630598 ], [ 80.8458744, 6.6305946 ], [ 80.8458983, 6.6307573 ], [ 80.8460348, 6.6307709 ], [ 80.8460587, 6.6306726 ], [ 80.8461372, 6.6306115 ], [ 80.8462498, 6.6306319 ], [ 80.8463045, 6.6307132 ], [ 80.846342, 6.6308997 ], [ 80.8462247, 6.6309122 ], [ 80.8460657, 6.6310414 ], [ 80.8458225, 6.6309912 ], [ 80.8457117, 6.6310749 ], [ 80.8456804, 6.6311826 ], [ 80.8455358, 6.6312113 ], [ 80.8452878, 6.6309983 ], [ 80.8451529, 6.6310103 ], [ 80.8452541, 6.6310653 ], [ 80.8453456, 6.6311969 ], [ 80.8453167, 6.6312519 ], [ 80.8451553, 6.6312232 ], [ 80.8450662, 6.6312471 ], [ 80.8449506, 6.6314983 ], [ 80.8448856, 6.6314792 ], [ 80.8448085, 6.6314098 ], [ 80.84477, 6.6313333 ], [ 80.8446832, 6.6313189 ], [ 80.8445773, 6.6313548 ], [ 80.8447266, 6.6314553 ], [ 80.8447362, 6.6315151 ], [ 80.8448422, 6.6315725 ], [ 80.8449193, 6.6316562 ], [ 80.8449, 6.6317495 ], [ 80.8447772, 6.631795 ], [ 80.8446736, 6.6317424 ], [ 80.8445773, 6.6316443 ], [ 80.8444809, 6.631661 ], [ 80.844493, 6.6317663 ], [ 80.8444207, 6.6317998 ], [ 80.8443942, 6.6318524 ], [ 80.8442738, 6.6318644 ], [ 80.8442714, 6.6320893 ], [ 80.8442112, 6.632173 ], [ 80.8441269, 6.6321323 ], [ 80.844057, 6.6320486 ], [ 80.843939, 6.6320606 ], [ 80.8439149, 6.6322041 ], [ 80.8440089, 6.6322256 ], [ 80.8440498, 6.6323117 ], [ 80.8442112, 6.6324338 ], [ 80.8443027, 6.6323931 ], [ 80.8443605, 6.6321658 ], [ 80.8445436, 6.6321754 ], [ 80.8447435, 6.6322543 ], [ 80.8448278, 6.6323476 ], [ 80.8449747, 6.6323452 ], [ 80.8450493, 6.6321658 ], [ 80.8452155, 6.6321275 ], [ 80.8453697, 6.6321993 ], [ 80.8456996, 6.6322256 ], [ 80.8458803, 6.6321897 ], [ 80.8459236, 6.6320223 ], [ 80.8460248, 6.6319098 ], [ 80.8461139, 6.6320151 ], [ 80.8461404, 6.6322184 ], [ 80.8461115, 6.6322639 ], [ 80.8461717, 6.6324696 ], [ 80.8460874, 6.632551 ], [ 80.8458393, 6.6325582 ], [ 80.845926, 6.6326419 ], [ 80.8461669, 6.6327089 ], [ 80.8461356, 6.6328189 ], [ 80.8460513, 6.6329505 ], [ 80.8459068, 6.6329003 ], [ 80.8458345, 6.6328429 ], [ 80.8458152, 6.6327663 ], [ 80.8456683, 6.6327232 ], [ 80.84569, 6.6325797 ], [ 80.845637, 6.6325055 ], [ 80.8454226, 6.632551 ], [ 80.8452252, 6.6327735 ], [ 80.8452011, 6.6330318 ], [ 80.8449674, 6.632972 ], [ 80.8449819, 6.6330725 ], [ 80.8451071, 6.633106 ], [ 80.8450421, 6.6332089 ], [ 80.8448013, 6.633307 ], [ 80.844941, 6.6333118 ], [ 80.8451818, 6.6333668 ], [ 80.8452757, 6.6334362 ], [ 80.8452059, 6.6335007 ], [ 80.8447627, 6.6334696 ], [ 80.8448807, 6.6335223 ], [ 80.8447555, 6.6335821 ], [ 80.8447748, 6.6336467 ], [ 80.8446736, 6.6337232 ], [ 80.8445267, 6.6337687 ], [ 80.844399, 6.6337567 ], [ 80.844452, 6.6338261 ], [ 80.8443196, 6.6339218 ], [ 80.844387, 6.6339912 ], [ 80.8445002, 6.6340103 ], [ 80.844558, 6.6340917 ], [ 80.8445845, 6.6344744 ], [ 80.8444954, 6.6345797 ], [ 80.8444785, 6.6346299 ], [ 80.8445219, 6.6348118 ], [ 80.8445604, 6.6348692 ], [ 80.8446616, 6.6348955 ], [ 80.8447892, 6.6349003 ], [ 80.844847, 6.6348476 ], [ 80.8448326, 6.6347472 ], [ 80.8448518, 6.634618 ], [ 80.8452516, 6.6342735 ], [ 80.8452589, 6.6341921 ], [ 80.84523, 6.6340988 ], [ 80.8452589, 6.6340462 ], [ 80.8453263, 6.6340175 ], [ 80.8454202, 6.6340869 ], [ 80.8455696, 6.6341228 ], [ 80.8457189, 6.6342137 ], [ 80.8457767, 6.6343046 ], [ 80.8458514, 6.6342926 ], [ 80.8460031, 6.6342185 ], [ 80.8460778, 6.6341491 ], [ 80.8461548, 6.6341299 ], [ 80.8464005, 6.6341347 ], [ 80.8463909, 6.6342376 ], [ 80.8464366, 6.6343309 ], [ 80.8464173, 6.6344362 ], [ 80.8463042, 6.6344744 ], [ 80.8463114, 6.6346012 ], [ 80.8462608, 6.6347256 ], [ 80.8463427, 6.6347878 ], [ 80.8463812, 6.6348835 ], [ 80.8463017, 6.6349816 ], [ 80.8460272, 6.6350534 ], [ 80.8458441, 6.6351945 ], [ 80.845478, 6.6350486 ], [ 80.8453528, 6.6351323 ], [ 80.8453889, 6.635362 ], [ 80.8454684, 6.6352902 ], [ 80.8455985, 6.6352807 ], [ 80.8457165, 6.6354912 ], [ 80.8456599, 6.6356029 ], [ 80.8459153, 6.6356191 ], [ 80.8460077, 6.6355219 ], [ 80.8462034, 6.6355165 ], [ 80.8465783, 6.6353384 ], [ 80.8468065, 6.6353762 ], [ 80.8469043, 6.6355759 ], [ 80.8469804, 6.6356406 ], [ 80.8472521, 6.6356298 ], [ 80.8474314, 6.6357 ], [ 80.8475673, 6.6354247 ], [ 80.8476078, 6.6352879 ], [ 80.8476214, 6.6351723 ], [ 80.8475646, 6.635081 ], [ 80.8473157, 6.6348069 ], [ 80.8472534, 6.6347934 ], [ 80.8470587, 6.6335922 ], [ 80.8468531, 6.632821 ], [ 80.846826, 6.6323883 ], [ 80.8468963, 6.6320524 ], [ 80.8470803, 6.6314532 ], [ 80.8472913, 6.631042 ], [ 80.8475646, 6.6306524 ], [ 80.8475619, 6.6305664 ], [ 80.8476268, 6.6305449 ], [ 80.8476755, 6.6304589 ], [ 80.8477107, 6.6303192 ], [ 80.8477161, 6.6295506 ], [ 80.8477756, 6.6288035 ], [ 80.8479544, 6.6280944 ], [ 80.8480196, 6.6275708 ], [ 80.8480142, 6.627112 ], [ 80.847911, 6.6269771 ], [ 80.8478573, 6.6269536 ], [ 80.847905566296575, 6.626832173533264 ], [ 80.847583084724093, 6.62671527396324 ], [ 80.847433936996808, 6.626824111493952 ], [ 80.847389595780598, 6.627078065732282 ], [ 80.847667736136856, 6.627082096751938 ], [ 80.847760449588947, 6.627194965302306 ], [ 80.8476664, 6.6274844 ], [ 80.8474328, 6.6279972 ], [ 80.8474328, 6.6283697 ], [ 80.8475415, 6.6287097 ], [ 80.8474925, 6.6289958 ], [ 80.8475958, 6.629066 ], [ 80.8474545, 6.6294114 ], [ 80.8475741, 6.6302211 ], [ 80.8474654, 6.6302373 ], [ 80.8472969, 6.6301401 ], [ 80.8472752, 6.6297299 ], [ 80.8471828, 6.6296813 ], [ 80.8471285, 6.6295302 ], [ 80.8471393, 6.6293521 ], [ 80.8471774, 6.6292333 ], [ 80.8471285, 6.6291685 ], [ 80.8470089, 6.6292387 ] ] ], [ [ [ 80.8114712, 6.6339479 ], [ 80.8112244, 6.6337667 ], [ 80.8110742, 6.6339053 ], [ 80.8116321, 6.6343529 ], [ 80.8121289, 6.6352262 ], [ 80.8123617, 6.6358662 ], [ 80.8121074, 6.6364305 ], [ 80.8122866, 6.6367081 ], [ 80.8135311, 6.6363031 ], [ 80.8132232, 6.6360575 ], [ 80.8131556, 6.63528 ], [ 80.8132629, 6.6347898 ], [ 80.8128016, 6.6343955 ], [ 80.8126868, 6.6337982 ], [ 80.812351, 6.6338733 ], [ 80.8120613, 6.6340545 ], [ 80.8114712, 6.6339479 ] ] ], [ [ [ 80.9123805903359, 6.243204089083355 ], [ 80.912047114962036, 6.243404174307678 ], [ 80.912160496589152, 6.24373098017407 ], [ 80.912000428409684, 6.243877709338573 ], [ 80.912007097917169, 6.244131150622714 ], [ 80.911907055305008, 6.244257871264785 ], [ 80.911993758902213, 6.244437947966675 ], [ 80.912227191663916, 6.244564668608745 ], [ 80.912407268365811, 6.244711397773248 ], [ 80.912527319500398, 6.244778092848022 ], [ 80.912787430292028, 6.244664711220905 ], [ 80.912927489949041, 6.244557999101268 ], [ 80.913100897143465, 6.244431278459197 ], [ 80.913254295815435, 6.244317896832081 ], [ 80.913367677442551, 6.244224523727397 ], [ 80.913527745622019, 6.244117811607759 ], [ 80.913694483308944, 6.243944404413347 ], [ 80.914234713414615, 6.243530894949748 ], [ 80.914301408489393, 6.243444191352542 ], [ 80.914107992772543, 6.243384165785246 ], [ 80.914001280652911, 6.243330809725427 ], [ 80.913787856413634, 6.243050690411375 ], [ 80.913561093159402, 6.242750562574892 ], [ 80.9134410420248, 6.242470443260842 ], [ 80.913427703009859, 6.242277027543997 ], [ 80.913561093159402, 6.242063603304721 ], [ 80.913521076114534, 6.242016916752378 ], [ 80.913387685964992, 6.24211695936454 ], [ 80.913294312860302, 6.242330383603816 ], [ 80.913227617785523, 6.242470443260842 ], [ 80.912694057187338, 6.24309070745624 ], [ 80.9123805903359, 6.243204089083355 ] ] ], [ [ [ 80.880320330614808, 6.264382717813594 ], [ 80.879994875960506, 6.264639136632141 ], [ 80.87996528917374, 6.264722965861281 ], [ 80.880009669353882, 6.264851175270554 ], [ 80.880088567451892, 6.264984315810953 ], [ 80.880157603287657, 6.265092800695723 ], [ 80.880226639123421, 6.265196354449367 ], [ 80.880340055139314, 6.265304839334137 ], [ 80.88043867776183, 6.265398530825529 ], [ 80.880483057941959, 6.265442911005661 ], [ 80.880532369253217, 6.265497153448046 ], [ 80.880596473957866, 6.265580982677187 ], [ 80.880640854137994, 6.265635225119571 ], [ 80.880680303187006, 6.265694398693082 ], [ 80.880700027711498, 6.265743710004341 ], [ 80.880756735719459, 6.265834935930171 ], [ 80.880786322506211, 6.265862057151363 ], [ 80.880815909292977, 6.26588424724143 ], [ 80.88089234182543, 6.265894109503681 ], [ 80.880990964447946, 6.265866988282489 ], [ 80.881040275759204, 6.265785624618911 ], [ 80.881042741324762, 6.265701795389772 ], [ 80.88101315453801, 6.265608103898379 ], [ 80.880995895579062, 6.265482360054669 ], [ 80.88097123992344, 6.265368944038774 ], [ 80.880916997481052, 6.265233337932812 ], [ 80.88089234182543, 6.265139646441419 ], [ 80.880872617300923, 6.265028695991087 ], [ 80.880862755038663, 6.264949797893072 ], [ 80.880855358341975, 6.264893089885125 ], [ 80.880855358341975, 6.26483884744274 ], [ 80.880843030514171, 6.264782139434792 ], [ 80.880823305989665, 6.264710638033466 ], [ 80.880813443727405, 6.264658861156644 ], [ 80.880798650334029, 6.264619412107638 ], [ 80.880754270153886, 6.264311216412268 ], [ 80.880719752236004, 6.264232318314254 ], [ 80.880670440924746, 6.264195334830809 ], [ 80.880633457441306, 6.264192869265247 ], [ 80.880566887171099, 6.264217524920876 ], [ 80.880502782466465, 6.264256973969883 ], [ 80.880460867851895, 6.264291491887764 ], [ 80.880418953237324, 6.264318613108957 ], [ 80.880374573057196, 6.264348199895712 ], [ 80.880320330614808, 6.264382717813594 ] ] ], [ [ [ 80.8898704, 6.2726579 ], [ 80.889838, 6.2726305 ], [ 80.8898289, 6.2725768 ], [ 80.8898824, 6.2723899 ], [ 80.8898414, 6.2723498 ], [ 80.8897693, 6.2723216 ], [ 80.8896907, 6.2723233 ], [ 80.8894292, 6.2724272 ], [ 80.8892427, 6.2723073 ], [ 80.8891835, 6.2723225 ], [ 80.8890671, 6.2724232 ], [ 80.8890308, 6.2725859 ], [ 80.8890667, 6.2726409 ], [ 80.8891945, 6.2727125 ], [ 80.8892924, 6.2728725 ], [ 80.8894622, 6.2728753 ], [ 80.8895418, 6.2728978 ], [ 80.8895685, 6.272965 ], [ 80.8895458, 6.2731204 ], [ 80.8895941, 6.273527 ], [ 80.8897738, 6.273771 ], [ 80.8898, 6.2740376 ], [ 80.8898261, 6.2741096 ], [ 80.8898596, 6.2741309 ], [ 80.891933, 6.2740443 ], [ 80.8919898, 6.2740266 ], [ 80.8920174, 6.2739811 ], [ 80.8919545, 6.2737408 ], [ 80.8919015, 6.2736437 ], [ 80.8918284, 6.2736337 ], [ 80.891701, 6.2737403 ], [ 80.8916426, 6.2737325 ], [ 80.8914733, 6.2729308 ], [ 80.8914199, 6.2728131 ], [ 80.8912792, 6.2726822 ], [ 80.8911203, 6.2726352 ], [ 80.8906884, 6.2727259 ], [ 80.890523, 6.2727272 ], [ 80.8904269, 6.2727165 ], [ 80.8902284, 6.2726405 ], [ 80.8898704, 6.2726579 ] ] ], [ [ [ 80.8837584, 6.2804135 ], [ 80.8837415, 6.2805763 ], [ 80.8838019, 6.2806656 ], [ 80.884003, 6.2807336 ], [ 80.8844456, 6.2807722 ], [ 80.8844672, 6.280724 ], [ 80.8843155, 6.2805496 ], [ 80.8842859, 6.2804413 ], [ 80.884286, 6.280383 ], [ 80.8844487, 6.279859 ], [ 80.884499, 6.2794502 ], [ 80.8844858, 6.278914 ], [ 80.8844677, 6.2788619 ], [ 80.8844067, 6.2787966 ], [ 80.8842554, 6.2787852 ], [ 80.883881, 6.2787047 ], [ 80.8835337, 6.278734 ], [ 80.8829959, 6.2789273 ], [ 80.8826861, 6.2791152 ], [ 80.8825332, 6.2790966 ], [ 80.8823347, 6.2790073 ], [ 80.8822292, 6.2790123 ], [ 80.8821609, 6.2790597 ], [ 80.8821227, 6.2791858 ], [ 80.882159, 6.2792645 ], [ 80.8822541, 6.2793194 ], [ 80.8830535, 6.2797071 ], [ 80.8832313, 6.2798153 ], [ 80.8837737, 6.2802186 ], [ 80.883818, 6.2802683 ], [ 80.8837584, 6.2804135 ] ] ], [ [ [ 80.857143729408037, 6.283659654064386 ], [ 80.857377162169755, 6.283099415436284 ], [ 80.857523891334253, 6.282845974152143 ], [ 80.857457196259475, 6.282612541390434 ], [ 80.857363823154799, 6.282472481733409 ], [ 80.857403840199666, 6.282319083061428 ], [ 80.857430518229577, 6.2822390489717 ], [ 80.8572170939903, 6.282219040449267 ], [ 80.856523465212646, 6.282385778136202 ], [ 80.855883192494815, 6.282525837793228 ], [ 80.854996148000325, 6.282739262032504 ], [ 80.854936122433031, 6.282946016764304 ], [ 80.855089521105, 6.283292831153129 ], [ 80.85508285159753, 6.28349291637745 ], [ 80.854942791940502, 6.283719679631682 ], [ 80.854922783418075, 6.283833061258798 ], [ 80.854842749328341, 6.283926434363481 ], [ 80.854729367701225, 6.28385306978123 ], [ 80.854716028686269, 6.283953112393391 ], [ 80.855176224702205, 6.284026476975643 ], [ 80.855362970911571, 6.283973120915824 ], [ 80.855456344016261, 6.284053155005553 ], [ 80.856496787182735, 6.284139858602758 ], [ 80.856763567481835, 6.284146528110235 ], [ 80.856983661228583, 6.28403314648312 ], [ 80.857143729408037, 6.283659654064386 ] ] ], [ [ [ 80.859264632785852, 6.284159867125191 ], [ 80.859204607218558, 6.284166536632668 ], [ 80.85913791214378, 6.284226562199965 ], [ 80.859124573128824, 6.284246570722397 ], [ 80.859124573128824, 6.284279918259784 ], [ 80.859184598696118, 6.284386630379422 ], [ 80.859184598696118, 6.284459994961674 ], [ 80.859197937711073, 6.284553368066358 ], [ 80.859251293770896, 6.284613393633654 ], [ 80.85923795475594, 6.284680088708428 ], [ 80.859171259681162, 6.284746783783202 ], [ 80.859451378995217, 6.285073589649595 ], [ 80.859691481264406, 6.285240327336529 ], [ 80.859771515354126, 6.285280344381394 ], [ 80.859871557966287, 6.285166962754278 ], [ 80.859931583533594, 6.28452002052897 ], [ 80.859858218951345, 6.28423990121492 ], [ 80.859558091114849, 6.283946442885914 ], [ 80.859418031457835, 6.283786374706456 ], [ 80.859431370472791, 6.283526263914838 ], [ 80.859551421607378, 6.2832127970634 ], [ 80.859498065547555, 6.283052728883943 ], [ 80.859371344905483, 6.282946016764305 ], [ 80.859304649830719, 6.28287932168953 ], [ 80.859204607218558, 6.282772609569892 ], [ 80.859071217069001, 6.282612541390434 ], [ 80.858817775784871, 6.282479151240887 ], [ 80.858497639425948, 6.282345761091339 ], [ 80.858324232231539, 6.282319083061429 ], [ 80.858124147007217, 6.282279066016565 ], [ 80.858017434887572, 6.282279066016565 ], [ 80.857850697200647, 6.282339091583861 ], [ 80.857743985081001, 6.282372439121248 ], [ 80.85771730705109, 6.28236576961377 ], [ 80.857637272961369, 6.282412456166113 ], [ 80.857637272961369, 6.282499159763319 ], [ 80.85764394246884, 6.282592532868002 ], [ 80.857723976558574, 6.282685905972686 ], [ 80.857917392275411, 6.282732592525027 ], [ 80.857950739812807, 6.282759270554937 ], [ 80.858097468977306, 6.282865982674576 ], [ 80.85825753715676, 6.283026050854033 ], [ 80.858417605336214, 6.283319509183038 ], [ 80.858384257798832, 6.283559611452225 ], [ 80.858410935828744, 6.283639645541954 ], [ 80.858450952873611, 6.283666323571864 ], [ 80.858517647948375, 6.283639645541954 ], [ 80.858537656470816, 6.283672993079341 ], [ 80.858571004008198, 6.283779705198979 ], [ 80.858617690560536, 6.283866408796185 ], [ 80.858737741695137, 6.283946442885914 ], [ 80.858797767262431, 6.283886417318618 ], [ 80.858817775784871, 6.283846400273753 ], [ 80.858831114799813, 6.283766366184024 ], [ 80.858824445292342, 6.283713010124205 ], [ 80.858851123322253, 6.283632976034476 ], [ 80.85896450494937, 6.283672993079341 ], [ 80.859031200024134, 6.283746357661592 ], [ 80.859097895098913, 6.283773035691501 ], [ 80.85923128524847, 6.283793044213934 ], [ 80.859264632785852, 6.283799713721411 ], [ 80.859324658353145, 6.283813052736366 ], [ 80.859378014412968, 6.283839730766275 ], [ 80.859438039980262, 6.283913095348527 ], [ 80.859431370472791, 6.283946442885914 ], [ 80.859398022935395, 6.284006468453211 ], [ 80.859378014412968, 6.284079833035462 ], [ 80.85933132786063, 6.284126519587804 ], [ 80.859264632785852, 6.284159867125191 ] ] ], [ [ [ 80.8748676, 6.2881291 ], [ 80.8749747, 6.2881893 ], [ 80.8755832, 6.2882311 ], [ 80.8756922, 6.2882959 ], [ 80.8757687, 6.2883879 ], [ 80.8759189, 6.2884426 ], [ 80.8768482, 6.2886265 ], [ 80.877551, 6.2886545 ], [ 80.8782256, 6.2887492 ], [ 80.8787526, 6.2889171 ], [ 80.8790434, 6.2889666 ], [ 80.8795412, 6.2889451 ], [ 80.8799167, 6.2890304 ], [ 80.8802882, 6.2889531 ], [ 80.8805658, 6.2890278 ], [ 80.8810781, 6.2889718 ], [ 80.8811564, 6.2889303 ], [ 80.8811826, 6.2888424 ], [ 80.8811653, 6.2887092 ], [ 80.8810991, 6.288672 ], [ 80.88083, 6.2887425 ], [ 80.8806513, 6.2887576 ], [ 80.8805094, 6.2887435 ], [ 80.8803874, 6.2886905 ], [ 80.8802319, 6.2884839 ], [ 80.8800924, 6.2881773 ], [ 80.8800247, 6.2879198 ], [ 80.8799904, 6.2876598 ], [ 80.8799931, 6.2874121 ], [ 80.8800669, 6.2869909 ], [ 80.8801321, 6.2868597 ], [ 80.8801742, 6.2868189 ], [ 80.8805658, 6.2867536 ], [ 80.8807066, 6.2866496 ], [ 80.8807322, 6.2865699 ], [ 80.8806525, 6.2863484 ], [ 80.8804665, 6.2860604 ], [ 80.8802761, 6.2859031 ], [ 80.8800749, 6.2858325 ], [ 80.8798631, 6.2858658 ], [ 80.8797549, 6.2859268 ], [ 80.8796865, 6.2860104 ], [ 80.8796592, 6.2861071 ], [ 80.8796259, 6.286775 ], [ 80.8795747, 6.2868758 ], [ 80.8794688, 6.2869722 ], [ 80.8790745, 6.2871522 ], [ 80.8778192, 6.2873801 ], [ 80.876855, 6.2876441 ], [ 80.8764752, 6.2876912 ], [ 80.8762017, 6.2876875 ], [ 80.8760887, 6.287613 ], [ 80.8759618, 6.2874801 ], [ 80.8757295, 6.2874061 ], [ 80.8755085, 6.2873772 ], [ 80.8752805, 6.2873961 ], [ 80.8752233, 6.2874439 ], [ 80.8751692, 6.2875828 ], [ 80.8751989, 6.2878011 ], [ 80.8751464, 6.287844 ], [ 80.874909, 6.2878827 ], [ 80.8748644, 6.2879425 ], [ 80.8748487, 6.288096 ], [ 80.8748676, 6.2881291 ] ] ], [ [ [ 80.8902733, 6.2892105 ], [ 80.8904055, 6.2892784 ], [ 80.8904512, 6.2892603 ], [ 80.8905047, 6.2891891 ], [ 80.8905973, 6.2879254 ], [ 80.8906283, 6.2877763 ], [ 80.8906999, 6.287645 ], [ 80.8908671, 6.287465 ], [ 80.890903, 6.2873668 ], [ 80.8908735, 6.2871749 ], [ 80.8908416, 6.287144 ], [ 80.8907273, 6.2871495 ], [ 80.8902928, 6.2872548 ], [ 80.8899669, 6.2872655 ], [ 80.8896987, 6.2871469 ], [ 80.8893747, 6.286807 ], [ 80.8892682, 6.2867589 ], [ 80.8889034, 6.2867936 ], [ 80.8886433, 6.286743 ], [ 80.8883522, 6.2868349 ], [ 80.8881752, 6.2869509 ], [ 80.8875261, 6.2870562 ], [ 80.8872177, 6.2870362 ], [ 80.8870445, 6.2870522 ], [ 80.886865, 6.287109 ], [ 80.8867322, 6.2871775 ], [ 80.8866329, 6.2873162 ], [ 80.8864345, 6.2879693 ], [ 80.8864532, 6.288088 ], [ 80.886527, 6.2881573 ], [ 80.8866692, 6.2881746 ], [ 80.8871928, 6.2881625 ], [ 80.8876508, 6.2881986 ], [ 80.8885615, 6.2883933 ], [ 80.8887988, 6.2885252 ], [ 80.8889946, 6.2885492 ], [ 80.8893847, 6.2887631 ], [ 80.8897202, 6.2888718 ], [ 80.8898275, 6.2890384 ], [ 80.8899392, 6.2890813 ], [ 80.8899924, 6.2890811 ], [ 80.8900769, 6.2890198 ], [ 80.8901201, 6.2890398 ], [ 80.8902733, 6.2892105 ] ] ], [ [ [ 80.8854675, 6.2904861 ], [ 80.8854367, 6.2903075 ], [ 80.8854581, 6.2900409 ], [ 80.8854308, 6.2899901 ], [ 80.8854032, 6.2899916 ], [ 80.8851577, 6.2902822 ], [ 80.8848989, 6.2906994 ], [ 80.8844899, 6.29093 ], [ 80.8840201, 6.2911607 ], [ 80.8838005, 6.2913113 ], [ 80.8834706, 6.2915979 ], [ 80.8833625, 6.2916618 ], [ 80.883079, 6.2918125 ], [ 80.8827357, 6.2919524 ], [ 80.8825417, 6.2920706 ], [ 80.8824876, 6.2921244 ], [ 80.8823897, 6.2923697 ], [ 80.8821383, 6.2926375 ], [ 80.8821282, 6.2926736 ], [ 80.8822033, 6.2927603 ], [ 80.8823547, 6.292798 ], [ 80.88309, 6.2927488 ], [ 80.8832601, 6.2927309 ], [ 80.8836114, 6.292647 ], [ 80.8838595, 6.2927389 ], [ 80.8839693, 6.2927142 ], [ 80.884219, 6.2926323 ], [ 80.8846173, 6.292435 ], [ 80.8850665, 6.2923324 ], [ 80.8853938, 6.2921044 ], [ 80.8859235, 6.2918551 ], [ 80.8861381, 6.2918191 ], [ 80.8863138, 6.2918911 ], [ 80.8864012, 6.2918571 ], [ 80.886409, 6.2918138 ], [ 80.8862843, 6.2916005 ], [ 80.8858122, 6.2911306 ], [ 80.8856441, 6.2908556 ], [ 80.8854675, 6.2904861 ] ] ], [ [ [ 80.887356598280689, 6.29688778845737 ], [ 80.887736760206906, 6.297147899248989 ], [ 80.887756768729346, 6.297054526144305 ], [ 80.887916836908801, 6.297047856636828 ], [ 80.888063566073299, 6.296947814024668 ], [ 80.888150269670504, 6.296847771412506 ], [ 80.88825698179015, 6.296594330128365 ], [ 80.888370363417266, 6.296520965546113 ], [ 80.888477075536898, 6.296480948501249 ], [ 80.888670491253748, 6.296467609486294 ], [ 80.888823889925717, 6.296474278993772 ], [ 80.88887724598554, 6.296380905889088 ], [ 80.888830559433202, 6.29622083770963 ], [ 80.88877720337338, 6.296160812142334 ], [ 80.888723847313557, 6.296154142634856 ], [ 80.888623804701396, 6.296180820664766 ], [ 80.888517092581765, 6.296054100022696 ], [ 80.888470406029427, 6.295974065932967 ], [ 80.888043557550873, 6.295727294156303 ], [ 80.887830133311596, 6.29560724302171 ], [ 80.887690073654568, 6.295440505334775 ], [ 80.887576692027451, 6.295367140752524 ], [ 80.887409954340512, 6.295707285633871 ], [ 80.887029792414296, 6.296300871799359 ], [ 80.887063139951692, 6.29640091441152 ], [ 80.887063139951692, 6.296654355695662 ], [ 80.887196530101235, 6.296781076337732 ], [ 80.887356598280689, 6.29688778845737 ] ] ], [ [ [ 80.893047355535771, 6.303410566770267 ], [ 80.893032349143937, 6.303458920699478 ], [ 80.893019010128981, 6.303495602990603 ], [ 80.893017342752117, 6.303553961181031 ], [ 80.893029014390208, 6.303622323632673 ], [ 80.893054025043241, 6.303670677561885 ], [ 80.893057359796984, 6.303717364114227 ], [ 80.893087372580638, 6.303795730827086 ], [ 80.893110715856807, 6.303854089017514 ], [ 80.893172408800964, 6.303944961056892 ], [ 80.893154067655402, 6.304004986624189 ], [ 80.893141562328893, 6.304034165719402 ], [ 80.893132391756112, 6.304050839488096 ], [ 80.893115717987413, 6.304090856532961 ], [ 80.893098210530283, 6.304103361859481 ], [ 80.893079869384721, 6.304120035628174 ], [ 80.89304485447046, 6.304154216853996 ], [ 80.893030681767073, 6.304171724311124 ], [ 80.893024012259602, 6.304170890622689 ], [ 80.892983995214735, 6.304189231768253 ], [ 80.892950647677353, 6.304240086762768 ], [ 80.8928389334271, 6.304381813796661 ], [ 80.892825594412145, 6.304581899020983 ], [ 80.893052357666363, 6.304357636832057 ], [ 80.893162404539751, 6.304190899145122 ], [ 80.893385833040242, 6.304044169980619 ], [ 80.893579248757078, 6.303727368375443 ], [ 80.89402277100433, 6.303317193665582 ], [ 80.894092800832851, 6.303183803516035 ], [ 80.894112809355278, 6.303160460239863 ], [ 80.894176169676314, 6.303113773687522 ], [ 80.894206182459968, 6.303080426150134 ], [ 80.894152826400145, 6.302997057306667 ], [ 80.894126148370233, 6.30296370976928 ], [ 80.894082796571638, 6.30283698912721 ], [ 80.894056118541727, 6.302806976343561 ], [ 80.894009431989375, 6.302773628806174 ], [ 80.89392272839217, 6.302770294052435 ], [ 80.893876041839832, 6.30276028979122 ], [ 80.893822685780009, 6.3027069337314 ], [ 80.893789338242627, 6.302593552104285 ], [ 80.893752655951502, 6.302546865551943 ], [ 80.893599257279519, 6.302466831462214 ], [ 80.893522557943527, 6.302433483924827 ], [ 80.893412511070153, 6.302436818678566 ], [ 80.893375828779028, 6.302410140648656 ], [ 80.893225764860787, 6.302330106558927 ], [ 80.89318574781592, 6.302310098036495 ], [ 80.893132391756097, 6.302293424267802 ], [ 80.893039018651422, 6.302303428529018 ], [ 80.892968988822901, 6.302296759021541 ], [ 80.89291229800935, 6.302243402961722 ], [ 80.892888954733181, 6.302233398700505 ], [ 80.892662191478948, 6.302240068207983 ], [ 80.892568818374258, 6.302273415745369 ], [ 80.892558814113045, 6.302313432790234 ], [ 80.892532136083133, 6.302446822939782 ], [ 80.892475445269582, 6.302513518014556 ], [ 80.892355394134981, 6.302556869813159 ], [ 80.892272025291518, 6.302590217350546 ], [ 80.892272025291518, 6.302660247179059 ], [ 80.892375402657422, 6.302746950776265 ], [ 80.892418754456017, 6.30278363306739 ], [ 80.892568818374258, 6.30278363306739 ], [ 80.892622174434081, 6.302756955037481 ], [ 80.892715547538771, 6.302763624544959 ], [ 80.8928389334271, 6.302793637328606 ], [ 80.892942310793003, 6.302867001910858 ], [ 80.893005671114025, 6.302907018955723 ], [ 80.893069031435061, 6.302970379276758 ], [ 80.893095709464973, 6.303033739597793 ], [ 80.893132391756097, 6.303093765165089 ], [ 80.893152400278538, 6.303157125486125 ], [ 80.89320075420774, 6.30322215318403 ], [ 80.893169074047236, 6.30324716383707 ], [ 80.893129057002369, 6.303300519896889 ], [ 80.893069031435061, 6.303300519896889 ], [ 80.893050690289499, 6.303342204318623 ], [ 80.893047355535771, 6.303410566770267 ] ] ], [ [ [ 80.8471763, 6.3089189 ], [ 80.8464655, 6.308823 ], [ 80.8462402, 6.3088176 ], [ 80.8460337, 6.3088709 ], [ 80.8458781, 6.3089616 ], [ 80.8457252, 6.3090096 ], [ 80.8455804, 6.3089856 ], [ 80.8454463, 6.3089083 ], [ 80.8453202, 6.3086683 ], [ 80.8450821, 6.3080853 ], [ 80.8449911, 6.3077536 ], [ 80.8449532, 6.3075236 ], [ 80.8449911, 6.3072747 ], [ 80.8451049, 6.30709 ], [ 80.8456435, 6.3066225 ], [ 80.8457869, 6.3064502 ], [ 80.8458674, 6.3062796 ], [ 80.8458593, 6.3061037 ], [ 80.8458137, 6.3059624 ], [ 80.8457199, 6.3058504 ], [ 80.8456045, 6.3058344 ], [ 80.8454812, 6.3058717 ], [ 80.8445129, 6.3063969 ], [ 80.8440435, 6.3066848 ], [ 80.843955, 6.3068021 ], [ 80.8439067, 6.3069514 ], [ 80.8438987, 6.3072794 ], [ 80.8438611, 6.3074047 ], [ 80.8437672, 6.3074606 ], [ 80.8436197, 6.3075006 ], [ 80.8434293, 6.307482 ], [ 80.842748, 6.307194 ], [ 80.8416778, 6.3069674 ], [ 80.841541, 6.3070074 ], [ 80.841482, 6.3071087 ], [ 80.8414954, 6.307218 ], [ 80.841769, 6.3075699 ], [ 80.8419701, 6.3077672 ], [ 80.8420399, 6.3078845 ], [ 80.842064, 6.3080285 ], [ 80.8420172, 6.3082098 ], [ 80.8418387, 6.3084444 ], [ 80.841423, 6.3089056 ], [ 80.8413425, 6.3091002 ], [ 80.8413345, 6.3092682 ], [ 80.841361, 6.3094313 ], [ 80.8416341, 6.3102268 ], [ 80.8418465, 6.3103626 ], [ 80.8420741, 6.31034 ], [ 80.8422448, 6.3102645 ], [ 80.8424117, 6.3099516 ], [ 80.8425559, 6.309748 ], [ 80.8427986, 6.3096123 ], [ 80.8429769, 6.3096048 ], [ 80.8431286, 6.3096538 ], [ 80.8431931, 6.3097933 ], [ 80.8431666, 6.3100685 ], [ 80.8430859, 6.3104252 ], [ 80.8430591, 6.3107105 ], [ 80.8431101, 6.3115022 ], [ 80.8431503, 6.3117582 ], [ 80.8432281, 6.3120034 ], [ 80.8432978, 6.3121634 ], [ 80.8434051, 6.312294 ], [ 80.8435097, 6.3123447 ], [ 80.8436438, 6.312334 ], [ 80.8437431, 6.31227 ], [ 80.8439872, 6.3119661 ], [ 80.8441213, 6.3117582 ], [ 80.8444056, 6.3115982 ], [ 80.8445826, 6.3115796 ], [ 80.8447677, 6.3116355 ], [ 80.8449501, 6.3117715 ], [ 80.8450547, 6.3118995 ], [ 80.8452558, 6.3122327 ], [ 80.8453631, 6.312342 ], [ 80.8455053, 6.31243 ], [ 80.8459398, 6.31251 ], [ 80.8463716, 6.3126593 ], [ 80.8464709, 6.3127712 ], [ 80.8464763, 6.3129072 ], [ 80.8464146, 6.3130298 ], [ 80.8460176, 6.3133337 ], [ 80.8459425, 6.3134217 ], [ 80.8458862, 6.3135604 ], [ 80.8457574, 6.3145014 ], [ 80.8456984, 6.3147254 ], [ 80.8455858, 6.3148773 ], [ 80.8451834, 6.3151519 ], [ 80.8450466, 6.3152132 ], [ 80.8449206, 6.3152372 ], [ 80.8445638, 6.3152319 ], [ 80.8444592, 6.3152586 ], [ 80.8443841, 6.3153065 ], [ 80.8443144, 6.3154052 ], [ 80.8442748, 6.3155375 ], [ 80.8442554, 6.3157757 ], [ 80.84425, 6.315909 ], [ 80.8442742, 6.316021 ], [ 80.8443251, 6.3161143 ], [ 80.8444324, 6.3161996 ], [ 80.8445826, 6.3162663 ], [ 80.8447087, 6.3162823 ], [ 80.8448401, 6.3162609 ], [ 80.844942, 6.316213 ], [ 80.8450842, 6.316045 ], [ 80.8451784, 6.3159953 ], [ 80.8455032, 6.3159613 ], [ 80.8456872, 6.3158916 ], [ 80.8457953, 6.3158954 ], [ 80.845911, 6.3159349 ], [ 80.8462979, 6.3161593 ], [ 80.8463908, 6.3161593 ], [ 80.8464534, 6.3161178 ], [ 80.8465293, 6.3159067 ], [ 80.8466077, 6.3157757 ], [ 80.8467417, 6.3156597 ], [ 80.8469731, 6.3155391 ], [ 80.8472538, 6.3154656 ], [ 80.8474982, 6.3154398 ], [ 80.8476859, 6.3154532 ], [ 80.8478469, 6.3155358 ], [ 80.847981, 6.3157038 ], [ 80.8481365, 6.3159704 ], [ 80.8482599, 6.3162823 ], [ 80.8483746, 6.3167041 ], [ 80.8484183, 6.3170226 ], [ 80.84847, 6.3171272 ], [ 80.8486383, 6.3172847 ], [ 80.848754, 6.317328 ], [ 80.8488678, 6.3173412 ], [ 80.8489929, 6.3173035 ], [ 80.8490916, 6.3171885 ], [ 80.8492964, 6.3170377 ], [ 80.8494481, 6.3169887 ], [ 80.8495942, 6.3169906 ], [ 80.849928, 6.3171433 ], [ 80.8505083, 6.3172715 ], [ 80.8507264, 6.3173431 ], [ 80.8508668, 6.3174619 ], [ 80.8509085, 6.3175901 ], [ 80.8508687, 6.3177842 ], [ 80.8506202, 6.3183705 ], [ 80.8505349, 6.3185232 ], [ 80.8504097, 6.3186344 ], [ 80.8499716, 6.3188568 ], [ 80.8492899, 6.3190442 ], [ 80.8491477, 6.3191081 ], [ 80.8490673, 6.3191988 ], [ 80.8490592, 6.3192841 ], [ 80.8491102, 6.3193614 ], [ 80.8492202, 6.3194467 ], [ 80.849424, 6.3195347 ], [ 80.8496091, 6.3195853 ], [ 80.850454, 6.3196653 ], [ 80.8506498, 6.3197213 ], [ 80.8508027, 6.3198039 ], [ 80.8510467, 6.3201532 ], [ 80.8512694, 6.3206064 ], [ 80.8513927, 6.3208063 ], [ 80.8515859, 6.3210703 ], [ 80.8516046, 6.3212089 ], [ 80.8515161, 6.3213635 ], [ 80.8513391, 6.3215501 ], [ 80.8512291, 6.3217421 ], [ 80.8511862, 6.3219153 ], [ 80.8511862, 6.322054 ], [ 80.8512345, 6.3221419 ], [ 80.8513123, 6.3221846 ], [ 80.8516127, 6.322118 ], [ 80.8518085, 6.3221313 ], [ 80.8520848, 6.3222646 ], [ 80.852243, 6.3223925 ], [ 80.8523852, 6.3224432 ], [ 80.852538, 6.3224459 ], [ 80.8526131, 6.3223872 ], [ 80.8526319, 6.3222992 ], [ 80.8525971, 6.3220246 ], [ 80.8526078, 6.3217421 ], [ 80.8527848, 6.3213342 ], [ 80.852817, 6.3211609 ], [ 80.8527634, 6.3209503 ], [ 80.8524924, 6.3205931 ], [ 80.85242, 6.3203718 ], [ 80.8523691, 6.3200492 ], [ 80.8523798, 6.3196786 ], [ 80.8524629, 6.3192681 ], [ 80.8526319, 6.3190095 ], [ 80.8528197, 6.3188709 ], [ 80.852994, 6.3188149 ], [ 80.8532059, 6.3188575 ], [ 80.8533186, 6.3189615 ], [ 80.8536056, 6.3198573 ], [ 80.8537102, 6.3204011 ], [ 80.8538309, 6.3206837 ], [ 80.8543807, 6.3217661 ], [ 80.85448, 6.3218887 ], [ 80.8545873, 6.3219153 ], [ 80.8547589, 6.3218247 ], [ 80.8548018, 6.3217127 ], [ 80.8547965, 6.3214515 ], [ 80.8548421, 6.3212889 ], [ 80.8549198, 6.3211342 ], [ 80.8550164, 6.3210676 ], [ 80.8551773, 6.3210196 ], [ 80.8555019, 6.3209796 ], [ 80.855746, 6.3209023 ], [ 80.8558586, 6.320769 ], [ 80.8558667, 6.320633 ], [ 80.8557701, 6.3204918 ], [ 80.8553436, 6.3200119 ], [ 80.8553088, 6.3198573 ], [ 80.855349, 6.3197266 ], [ 80.8554402, 6.319636 ], [ 80.8556414, 6.319564 ], [ 80.8558881, 6.319532 ], [ 80.8567867, 6.319516 ], [ 80.8569637, 6.3195534 ], [ 80.8570844, 6.319668 ], [ 80.8572185, 6.3198573 ], [ 80.857358, 6.3199719 ], [ 80.8575618, 6.3200732 ], [ 80.8581249, 6.3201612 ], [ 80.8582485, 6.3202252 ], [ 80.8586186, 6.320617 ], [ 80.8587187, 6.3206538 ], [ 80.858821, 6.3206575 ], [ 80.8588937, 6.3206355 ], [ 80.8592745, 6.3202989 ], [ 80.8594357, 6.320216 ], [ 80.8596272, 6.32015 ], [ 80.8599463, 6.3200734 ], [ 80.8602038, 6.3200388 ], [ 80.8608411, 6.3200935 ], [ 80.8614006, 6.3199219 ], [ 80.8614636, 6.3198383 ], [ 80.8631113, 6.3157615 ], [ 80.8637448, 6.3141592 ], [ 80.863961, 6.313522 ], [ 80.8643934, 6.3113843 ], [ 80.864621, 6.3098046 ], [ 80.8647158, 6.3093785 ], [ 80.8648967, 6.3089329 ], [ 80.8651179, 6.3086245 ], [ 80.865403, 6.3083247 ], [ 80.8659297, 6.3078516 ], [ 80.8666428, 6.307271 ], [ 80.868877, 6.3055668 ], [ 80.8690894, 6.3053557 ], [ 80.8693815, 6.3049296 ], [ 80.8708575, 6.3026459 ], [ 80.8710077, 6.3023686 ], [ 80.8711365, 6.3020647 ], [ 80.8711874, 6.3017981 ], [ 80.8711633, 6.3015421 ], [ 80.8710619, 6.3013479 ], [ 80.8709085, 6.3012462 ], [ 80.8706674, 6.3011631 ], [ 80.8704364, 6.3011742 ], [ 80.8699134, 6.3012809 ], [ 80.8697525, 6.3012569 ], [ 80.8696586, 6.3011529 ], [ 80.869621, 6.3009743 ], [ 80.8696698, 6.3007484 ], [ 80.8708608, 6.297159 ], [ 80.8710164, 6.2965596 ], [ 80.8710733, 6.2961147 ], [ 80.8710922, 6.295764 ], [ 80.8710733, 6.2955152 ], [ 80.871005, 6.2951419 ], [ 80.8708684, 6.2948667 ], [ 80.8706143, 6.2945914 ], [ 80.8699505, 6.2940862 ], [ 80.8698758, 6.2941279 ], [ 80.869858, 6.294191 ], [ 80.8698839, 6.2944132 ], [ 80.870187, 6.295493 ], [ 80.8701789, 6.2956582 ], [ 80.8701172, 6.2958102 ], [ 80.8691543, 6.296754 ], [ 80.8689344, 6.2969006 ], [ 80.86876, 6.2969859 ], [ 80.8685884, 6.2969939 ], [ 80.868406, 6.2969246 ], [ 80.8682746, 6.296802 ], [ 80.8682102, 6.2966607 ], [ 80.8680627, 6.2961968 ], [ 80.8679527, 6.2961301 ], [ 80.8678642, 6.2961435 ], [ 80.8677649, 6.2962368 ], [ 80.8676979, 6.2963701 ], [ 80.8676201, 6.2967726 ], [ 80.8675101, 6.2970046 ], [ 80.8669952, 6.2977591 ], [ 80.8667269, 6.2982336 ], [ 80.8666626, 6.2984896 ], [ 80.8666465, 6.2987242 ], [ 80.8666867, 6.2991081 ], [ 80.8666787, 6.2993107 ], [ 80.8665875, 6.2994413 ], [ 80.8664775, 6.299524 ], [ 80.8663192, 6.299532 ], [ 80.866169, 6.2994813 ], [ 80.8660859, 6.29938 ], [ 80.8660108, 6.2991827 ], [ 80.8660349, 6.2990041 ], [ 80.8660832, 6.2988441 ], [ 80.8660832, 6.2985002 ], [ 80.8660215, 6.2982603 ], [ 80.8659334, 6.2975512 ], [ 80.8657703, 6.2969366 ], [ 80.8656565, 6.296831 ], [ 80.86475, 6.2968951 ], [ 80.8646096, 6.2970459 ], [ 80.8644996, 6.2973212 ], [ 80.8643555, 6.2975738 ], [ 80.8641999, 6.2976341 ], [ 80.8640217, 6.2975851 ], [ 80.8638624, 6.2974192 ], [ 80.863703, 6.2971289 ], [ 80.8631758, 6.2958922 ], [ 80.8630696, 6.2955378 ], [ 80.8629368, 6.294746 ], [ 80.8627282, 6.2938713 ], [ 80.8626902, 6.2936262 ], [ 80.8626902, 6.2932982 ], [ 80.8627699, 6.2930079 ], [ 80.8630961, 6.2924235 ], [ 80.8631265, 6.2922614 ], [ 80.8630658, 6.292152 ], [ 80.862842, 6.2920276 ], [ 80.8626713, 6.2920276 ], [ 80.8621326, 6.2922199 ], [ 80.8619202, 6.2922463 ], [ 80.8617112, 6.2921764 ], [ 80.861561, 6.2920778 ], [ 80.8614296, 6.2919285 ], [ 80.8613008, 6.2917072 ], [ 80.8612096, 6.2916752 ], [ 80.8611372, 6.2917072 ], [ 80.8611407, 6.2921124 ], [ 80.861063, 6.2921294 ], [ 80.8610042, 6.292071 ], [ 80.8608502, 6.2916245 ], [ 80.8607704, 6.2914632 ], [ 80.8606437, 6.2914139 ], [ 80.8604586, 6.2914512 ], [ 80.8603533, 6.2915637 ], [ 80.8600858, 6.2921071 ], [ 80.8599544, 6.2925017 ], [ 80.8599222, 6.2927123 ], [ 80.859957, 6.2929069 ], [ 80.860059, 6.2930908 ], [ 80.8601689, 6.2931762 ], [ 80.8605525, 6.2933095 ], [ 80.8607054, 6.2934588 ], [ 80.8607966, 6.293688 ], [ 80.8608288, 6.2939333 ], [ 80.86081, 6.2941413 ], [ 80.8606249, 6.2948264 ], [ 80.8605525, 6.2954796 ], [ 80.8605015, 6.2956422 ], [ 80.8602896, 6.2959488 ], [ 80.8602494, 6.2960502 ], [ 80.860236, 6.2961861 ], [ 80.8602923, 6.2963221 ], [ 80.8603862, 6.2964154 ], [ 80.8605585, 6.296503 ], [ 80.8607292, 6.2966237 ], [ 80.8608505, 6.2968197 ], [ 80.860903, 6.2970747 ], [ 80.861063, 6.2982826 ], [ 80.861135, 6.298637 ], [ 80.8612337, 6.2988859 ], [ 80.861374, 6.2991158 ], [ 80.8615422, 6.2993267 ], [ 80.8615342, 6.2993987 ], [ 80.8613947, 6.2995693 ], [ 80.8613035, 6.2995826 ], [ 80.8611353, 6.2995419 ], [ 80.8608797, 6.299396 ], [ 80.8599249, 6.2985402 ], [ 80.8597532, 6.2984176 ], [ 80.8595896, 6.2983403 ], [ 80.8594367, 6.2983216 ], [ 80.8592892, 6.2983723 ], [ 80.8591658, 6.2984949 ], [ 80.8590773, 6.2988068 ], [ 80.8590987, 6.2993054 ], [ 80.85908, 6.2995027 ], [ 80.8587661, 6.3008916 ], [ 80.85875, 6.3010783 ], [ 80.8587983, 6.3012356 ], [ 80.8588761, 6.3013075 ], [ 80.8596003, 6.3015768 ], [ 80.8597425, 6.3016754 ], [ 80.8598444, 6.3018034 ], [ 80.8599436, 6.3020753 ], [ 80.8601099, 6.3026619 ], [ 80.8602065, 6.3027605 ], [ 80.8605713, 6.3028805 ], [ 80.8607537, 6.3029658 ], [ 80.8609012, 6.3031044 ], [ 80.861038, 6.3033684 ], [ 80.8610862, 6.3035656 ], [ 80.8610755, 6.3037976 ], [ 80.8609843, 6.3039735 ], [ 80.8608556, 6.3040828 ], [ 80.8606249, 6.3041468 ], [ 80.8604023, 6.3041308 ], [ 80.8601555, 6.3040748 ], [ 80.8599758, 6.3039255 ], [ 80.8597666, 6.3036749 ], [ 80.8596566, 6.3035896 ], [ 80.8594823, 6.3035603 ], [ 80.8593374, 6.303611 ], [ 80.85875, 6.3042535 ], [ 80.8586079, 6.3044587 ], [ 80.8585569, 6.3046054 ], [ 80.8585328, 6.3048053 ], [ 80.8585811, 6.3050266 ], [ 80.8588815, 6.3058157 ], [ 80.8588815, 6.3060397 ], [ 80.8587849, 6.3064262 ], [ 80.8588117, 6.3065462 ], [ 80.8589432, 6.3066422 ], [ 80.8591229, 6.3066928 ], [ 80.8593214, 6.3068155 ], [ 80.8594045, 6.3070261 ], [ 80.8594233, 6.3072714 ], [ 80.8593911, 6.3076286 ], [ 80.8593294, 6.3078179 ], [ 80.8592033, 6.3079885 ], [ 80.8587715, 6.3083911 ], [ 80.8587313, 6.3084844 ], [ 80.8587393, 6.308591 ], [ 80.8587903, 6.308719 ], [ 80.8587956, 6.3088416 ], [ 80.85875, 6.3089829 ], [ 80.8586213, 6.3090922 ], [ 80.8581546, 6.3093455 ], [ 80.8579668, 6.3094948 ], [ 80.857704, 6.3097934 ], [ 80.8575913, 6.3098174 ], [ 80.8575109, 6.3097667 ], [ 80.8575129, 6.30967 ], [ 80.8578729, 6.3091599 ], [ 80.8580056, 6.3089299 ], [ 80.858153, 6.3083247 ], [ 80.8581915, 6.3080401 ], [ 80.8581877, 6.3076631 ], [ 80.8580929, 6.3073765 ], [ 80.8578956, 6.307188 ], [ 80.8574291, 6.3068223 ], [ 80.8571522, 6.306532 ], [ 80.8570194, 6.3062982 ], [ 80.8569473, 6.3060758 ], [ 80.8569321, 6.3057025 ], [ 80.8569928, 6.3053067 ], [ 80.8569701, 6.3050842 ], [ 80.856807, 6.3047298 ], [ 80.8567273, 6.3044659 ], [ 80.8567159, 6.3041794 ], [ 80.8567994, 6.3038777 ], [ 80.856879, 6.3036779 ], [ 80.8568866, 6.3035233 ], [ 80.856788, 6.3034253 ], [ 80.8566211, 6.3033838 ], [ 80.8559573, 6.3033084 ], [ 80.8556956, 6.3032255 ], [ 80.8555287, 6.3031048 ], [ 80.8553769, 6.3029427 ], [ 80.8552669, 6.3027466 ], [ 80.8552252, 6.3025657 ], [ 80.8553276, 6.3020303 ], [ 80.85532, 6.3018946 ], [ 80.8552328, 6.3018041 ], [ 80.8550659, 6.3017928 ], [ 80.8548497, 6.3018192 ], [ 80.8545538, 6.3018192 ], [ 80.854201, 6.3017287 ], [ 80.8539583, 6.3016306 ], [ 80.8535563, 6.3013201 ], [ 80.8533969, 6.3011179 ], [ 80.8532717, 6.3008012 ], [ 80.8532755, 6.3005071 ], [ 80.8534462, 6.3002168 ], [ 80.8537193, 6.2999378 ], [ 80.8541365, 6.2993496 ], [ 80.8545121, 6.2987237 ], [ 80.8545083, 6.2985918 ], [ 80.8543831, 6.2985541 ], [ 80.8542314, 6.2986069 ], [ 80.8530896, 6.2993308 ], [ 80.8529075, 6.2993948 ], [ 80.8526268, 6.2993948 ], [ 80.8523727, 6.2993006 ], [ 80.8522096, 6.2991573 ], [ 80.8519517, 6.2987577 ], [ 80.8510185, 6.2970761 ], [ 80.8509427, 6.2968009 ], [ 80.8509313, 6.296503 ], [ 80.850954, 6.2956208 ], [ 80.8508554, 6.2955114 ], [ 80.850514, 6.2953568 ], [ 80.8503054, 6.2953417 ], [ 80.8500626, 6.2953794 ], [ 80.8498692, 6.2955491 ], [ 80.8495012, 6.296092 ], [ 80.8494899, 6.2962202 ], [ 80.8498578, 6.2972118 ], [ 80.849854, 6.2973777 ], [ 80.8494633, 6.2976303 ], [ 80.8493419, 6.2977623 ], [ 80.8491826, 6.2980639 ], [ 80.8492054, 6.298162 ], [ 80.8493113, 6.2982283 ], [ 80.8494776, 6.2982043 ], [ 80.849652, 6.2981456 ], [ 80.8497971, 6.2981431 ], [ 80.8499564, 6.2982261 ], [ 80.8500999, 6.2983563 ], [ 80.8503244, 6.2986559 ], [ 80.8513144, 6.3005146 ], [ 80.851394, 6.3008125 ], [ 80.851403, 6.3010747 ], [ 80.8513561, 6.3014044 ], [ 80.8512271, 6.3017475 ], [ 80.8511096, 6.3019813 ], [ 80.850653, 6.3025747 ], [ 80.8505934, 6.3027205 ], [ 80.8505854, 6.3028911 ], [ 80.8506739, 6.3029978 ], [ 80.850808, 6.3030484 ], [ 80.851036, 6.3030004 ], [ 80.8514732, 6.3028671 ], [ 80.8517307, 6.3028405 ], [ 80.8519506, 6.3029098 ], [ 80.8521116, 6.3030004 ], [ 80.8522028, 6.3031444 ], [ 80.8522725, 6.3033337 ], [ 80.8522859, 6.303523 ], [ 80.8522484, 6.3041148 ], [ 80.8522752, 6.3043868 ], [ 80.8523422, 6.304824 ], [ 80.8525032, 6.3055225 ], [ 80.8524924, 6.3057571 ], [ 80.8523476, 6.3061357 ], [ 80.8523369, 6.3062983 ], [ 80.852403, 6.3065747 ], [ 80.8525568, 6.3070021 ], [ 80.8528009, 6.307434 ], [ 80.8529592, 6.3075326 ], [ 80.8533695, 6.3076499 ], [ 80.8535331, 6.3077432 ], [ 80.8536351, 6.3078605 ], [ 80.8536941, 6.3079885 ], [ 80.8537236, 6.3083617 ], [ 80.8537269, 6.3090279 ], [ 80.8537041, 6.3096123 ], [ 80.853653, 6.3098247 ], [ 80.8535036, 6.3100546 ], [ 80.8533052, 6.3102786 ], [ 80.8530825, 6.3104838 ], [ 80.8530423, 6.3106145 ], [ 80.8530423, 6.3109664 ], [ 80.8530879, 6.3111503 ], [ 80.8531737, 6.3112996 ], [ 80.85334, 6.3114916 ], [ 80.8536833, 6.3117502 ], [ 80.8538899, 6.3118248 ], [ 80.8540615, 6.3118381 ], [ 80.8545443, 6.3117982 ], [ 80.8547536, 6.3118195 ], [ 80.8554187, 6.3120194 ], [ 80.8554912, 6.3120674 ], [ 80.8555582, 6.3121794 ], [ 80.8555663, 6.3123127 ], [ 80.8555314, 6.3124726 ], [ 80.8554053, 6.3127766 ], [ 80.8552256, 6.3130592 ], [ 80.8550003, 6.3133337 ], [ 80.8547643, 6.3134484 ], [ 80.8545202, 6.3134964 ], [ 80.8542037, 6.3134857 ], [ 80.8538818, 6.3134377 ], [ 80.8534634, 6.3133018 ], [ 80.8532274, 6.3131658 ], [ 80.8530638, 6.3130245 ], [ 80.8529109, 6.3128485 ], [ 80.8525836, 6.3120008 ], [ 80.8525461, 6.3117955 ], [ 80.8525434, 6.3115609 ], [ 80.8525997, 6.3112836 ], [ 80.8527419, 6.3108491 ], [ 80.8527794, 6.3106278 ], [ 80.8527526, 6.3104865 ], [ 80.8526587, 6.3103346 ], [ 80.8523798, 6.310012 ], [ 80.8519694, 6.3095561 ], [ 80.8518219, 6.3094255 ], [ 80.8516422, 6.3093162 ], [ 80.8512264, 6.3092628 ], [ 80.8510575, 6.3092175 ], [ 80.8509287, 6.3091269 ], [ 80.8508188, 6.3089802 ], [ 80.850682, 6.3087136 ], [ 80.8505961, 6.3083457 ], [ 80.8506122, 6.3081271 ], [ 80.8506846, 6.3078899 ], [ 80.8509207, 6.307306 ], [ 80.8509314, 6.3071461 ], [ 80.8508724, 6.3070101 ], [ 80.8507436, 6.3069434 ], [ 80.8505774, 6.3069114 ], [ 80.8503789, 6.3069648 ], [ 80.8501857, 6.3070661 ], [ 80.8499846, 6.3072447 ], [ 80.8498156, 6.307506 ], [ 80.8497271, 6.3077299 ], [ 80.8494723, 6.3081031 ], [ 80.8492041, 6.3083564 ], [ 80.8489278, 6.3085217 ], [ 80.8486864, 6.308623 ], [ 80.8478576, 6.3087616 ], [ 80.8473882, 6.3089003 ], [ 80.8471763, 6.3089189 ] ] ], [ [ [ 80.880283585600878, 6.308546087527862 ], [ 80.880135189059544, 6.308747840129053 ], [ 80.880133521682666, 6.308849550118083 ], [ 80.880215223149264, 6.308846215364344 ], [ 80.880255240194131, 6.308841213233737 ], [ 80.880290255108392, 6.308809533073219 ], [ 80.880325270022652, 6.308789524550786 ], [ 80.880391965097417, 6.30877952028957 ], [ 80.880408638866115, 6.308784522420178 ], [ 80.880456992795331, 6.308749507505922 ], [ 80.880523687870095, 6.308741170621575 ], [ 80.880580378683661, 6.30872949898349 ], [ 80.880600387206087, 6.308714492591665 ], [ 80.880673751788336, 6.30867614292367 ], [ 80.880713768833203, 6.308659469154977 ], [ 80.880742114239979, 6.308664471285585 ], [ 80.880797137676666, 6.30867614292367 ], [ 80.880853828490231, 6.308691149315495 ], [ 80.881157291080456, 6.308621119486982 ], [ 80.881177299602882, 6.308592774080203 ], [ 80.88115895845732, 6.308537750643515 ], [ 80.881175632226018, 6.30849773359865 ], [ 80.881212314517143, 6.308454381800047 ], [ 80.881228988285827, 6.308419366885791 ], [ 80.881235657793312, 6.308391021479012 ], [ 80.881150621572971, 6.308304317881806 ], [ 80.881172297472276, 6.308200940515906 ], [ 80.881177299602882, 6.308127575933654 ], [ 80.881155623703577, 6.308064215612619 ], [ 80.881212314517143, 6.307970842507935 ], [ 80.881205645009672, 6.30788413891073 ], [ 80.881160625834198, 6.307725738108141 ], [ 80.881193973371566, 6.307672382048323 ], [ 80.881122276166181, 6.307642369264674 ], [ 80.881068920106358, 6.307595682712333 ], [ 80.8810072271622, 6.307569004682423 ], [ 80.880982216509153, 6.307580676320509 ], [ 80.880903849796297, 6.30760235221981 ], [ 80.880840489475261, 6.307637367134066 ], [ 80.880800472430394, 6.307667379917715 ], [ 80.880752118501192, 6.307727405485011 ], [ 80.880702097195112, 6.307750748761182 ], [ 80.880677086542065, 6.307785763675438 ], [ 80.880693760310763, 6.30783245022778 ], [ 80.880678753918929, 6.307892475795077 ], [ 80.880652075889031, 6.307914151694378 ], [ 80.880602054582951, 6.307932492839941 ], [ 80.88058204606051, 6.307944164478027 ], [ 80.880607056713529, 6.308082556758182 ], [ 80.880497009840155, 6.308099230526876 ], [ 80.880420310504164, 6.308122573803047 ], [ 80.88041030624295, 6.308182599370344 ], [ 80.880436984272862, 6.308282641982505 ], [ 80.880440319026604, 6.308305985258675 ], [ 80.880376958705568, 6.30831932427363 ], [ 80.880280250847136, 6.308339332796063 ], [ 80.8802168905261, 6.30847272294561 ], [ 80.880283585600878, 6.308546087527862 ] ] ], [ [ [ 80.876185173256047, 6.308572765557772 ], [ 80.876005096554152, 6.308702820953581 ], [ 80.875875041158352, 6.308802863565742 ], [ 80.875774998546191, 6.308879562901732 ], [ 80.876138486703709, 6.308992944528848 ], [ 80.876428610278964, 6.309076313372316 ], [ 80.8767587508991, 6.309133004185873 ], [ 80.877098895780449, 6.309183025491953 ], [ 80.877225616422521, 6.309183025491953 ], [ 80.877245624944948, 6.309046300588667 ], [ 80.877212277407565, 6.308976270760154 ], [ 80.877195603638867, 6.308882897655471 ], [ 80.877238955437477, 6.308789524550788 ], [ 80.877265633467388, 6.308739503244706 ], [ 80.877338998049638, 6.30857943506525 ], [ 80.877338998049638, 6.308532748512907 ], [ 80.877332328542153, 6.308452714423178 ], [ 80.877359006572064, 6.308325993781108 ], [ 80.877332328542153, 6.308229285922685 ], [ 80.877268968221117, 6.308032535452103 ], [ 80.877202273146352, 6.308019196437148 ], [ 80.877108900041662, 6.3079891836535 ], [ 80.877018861690715, 6.307965840377329 ], [ 80.876898810556128, 6.307932492839941 ], [ 80.876818776466394, 6.307902480056294 ], [ 80.876722068607975, 6.30785912825769 ], [ 80.876638699764513, 6.3078858062876 ], [ 80.876632030257028, 6.308075887250705 ], [ 80.876605352227116, 6.308322659027369 ], [ 80.876551996167308, 6.308396023609621 ], [ 80.876271876853252, 6.308589439326465 ], [ 80.876185173256047, 6.308572765557772 ] ] ], [ [ [ 80.950286300987116, 6.236337525926571 ], [ 80.950508201887786, 6.23653723673717 ], [ 80.950715309395079, 6.236751740941146 ], [ 80.95091502020567, 6.236877484784856 ], [ 80.95113692110634, 6.236995831931877 ], [ 80.951307045130179, 6.237136369168966 ], [ 80.951403202187137, 6.237358270069631 ], [ 80.951506755940784, 6.237543187486852 ], [ 80.951676879964623, 6.23749141061003 ], [ 80.951883987471916, 6.237358270069631 ], [ 80.952002334618925, 6.237239922922609 ], [ 80.952054111495755, 6.237128972472277 ], [ 80.952002334618925, 6.236995831931877 ], [ 80.951943161045421, 6.236810914514657 ], [ 80.951920970955356, 6.236618600400747 ], [ 80.951883987471916, 6.236433682983526 ], [ 80.951684276661311, 6.236300542443127 ], [ 80.951454979063953, 6.236233972172927 ], [ 80.951329235220243, 6.236174798599417 ], [ 80.951299648433491, 6.236086038239151 ], [ 80.951344028613619, 6.236019467968951 ], [ 80.951388408793761, 6.235945501002063 ], [ 80.951381012097073, 6.235856740641797 ], [ 80.951277458343426, 6.235701410011331 ], [ 80.951203491376532, 6.235597856257687 ], [ 80.951099937622899, 6.235523889290799 ], [ 80.95095200368911, 6.235442525627222 ], [ 80.950700516001703, 6.2353907487504 ], [ 80.950574772157992, 6.235346368570267 ], [ 80.950426838224203, 6.235338971873578 ], [ 80.950264110897052, 6.235338971873578 ], [ 80.950049606693085, 6.235375955357022 ], [ 80.950042209996383, 6.235546079380866 ], [ 80.950027416603007, 6.235694013314642 ], [ 80.950057003389773, 6.235886327428552 ], [ 80.950130970356653, 6.236049054755706 ], [ 80.95019754062686, 6.236196988689483 ], [ 80.950286300987116, 6.236337525926571 ] ] ] ] } }
]
}
