{
"type": "FeatureCollection",
"name": "marsh_areas",
"crs": { "type": "name", "properties": { "name": "urn:ogc:def:crs:OGC:1.3:CRS84" } },
"xy_coordinate_resolution": 1e-15,
"features": [
{ "type": "Feature", "properties": { "fid": 954933.0, "DN": 3, "area": 14576 }, "geometry": { "type": "MultiPolygon", "coordinates": [ [ [ [ 80.991108886250686, 7.582589481724469 ], [ 80.991126852556363, 7.582589481724469 ], [ 80.991207700931938, 7.582549057536683 ], [ 80.991207700931938, 7.582540074383841 ], [ 80.991288549307512, 7.582499650196056 ], [ 80.991306515613189, 7.582499650196056 ], [ 80.991387363988764, 7.582540074383841 ], [ 80.991387363988764, 7.582549057536683 ], [ 80.991468212364339, 7.582589481724469 ], [ 80.991486178670016, 7.582589481724469 ], [ 80.991567027045576, 7.582508633348898 ], [ 80.991567027045576, 7.582490667043215 ], [ 80.991486178670016, 7.582409818667644 ], [ 80.991468212364339, 7.582409818667644 ], [ 80.991387363988764, 7.582328970292073 ], [ 80.991387363988764, 7.582311003986391 ], [ 80.991427788176551, 7.582230155610821 ], [ 80.99143677132939, 7.582230155610821 ], [ 80.991477195517177, 7.58214930723525 ], [ 80.991477195517177, 7.582131340929568 ], [ 80.99151761970495, 7.582050492553996 ], [ 80.991526602857789, 7.582050492553996 ], [ 80.991567027045576, 7.581807947427285 ], [ 80.991567027045576, 7.581754048510238 ], [ 80.991526602857789, 7.581511503383526 ], [ 80.99151761970495, 7.581511503383526 ], [ 80.991477195517177, 7.58147107919574 ], [ 80.991477195517177, 7.581462096042898 ], [ 80.99143677132939, 7.581421671855113 ], [ 80.991427788176551, 7.581421671855113 ], [ 80.991387363988764, 7.581381247667327 ], [ 80.991387363988764, 7.581372264514487 ], [ 80.991306515613189, 7.581331840326701 ], [ 80.991288549307512, 7.581331840326701 ], [ 80.991207700931938, 7.581291416138916 ], [ 80.991207700931938, 7.581282432986074 ], [ 80.991167276744164, 7.581242008798289 ], [ 80.991158293591297, 7.581242008798289 ], [ 80.991117869403524, 7.581201584610503 ], [ 80.991117869403524, 7.581192601457662 ], [ 80.990915748464602, 7.581152177269876 ], [ 80.990870832700381, 7.581152177269876 ], [ 80.990668711761458, 7.580990480518735 ], [ 80.990668711761458, 7.58095454790737 ], [ 80.99054743919811, 7.580792851156229 ], [ 80.990520489739595, 7.580792851156229 ], [ 80.990399217176233, 7.580833275344014 ], [ 80.990399217176233, 7.580842258496856 ], [ 80.990358792988445, 7.580882682684641 ], [ 80.990349809835607, 7.580882682684641 ], [ 80.990309385647819, 7.580923106872427 ], [ 80.990309385647819, 7.580932090025268 ], [ 80.990390234023394, 7.580972514213054 ], [ 80.990408200329071, 7.580972514213054 ], [ 80.990489048704646, 7.581012938400839 ], [ 80.990489048704646, 7.581021921553679 ], [ 80.990448624516858, 7.581062345741465 ], [ 80.99043964136402, 7.581062345741465 ], [ 80.990399217176233, 7.58110276992925 ], [ 80.990399217176233, 7.581111753082091 ], [ 80.99043964136402, 7.581152177269876 ], [ 80.990448624516858, 7.581152177269876 ], [ 80.990489048704646, 7.581394722396589 ], [ 80.990489048704646, 7.581448621313636 ], [ 80.990569897080206, 7.581691166440349 ], [ 80.990587863385883, 7.581691166440349 ], [ 80.990668711761458, 7.58185286319149 ], [ 80.990668711761458, 7.581888795802855 ], [ 80.990749560137033, 7.582050492553996 ], [ 80.99076752644271, 7.582050492553996 ], [ 80.990848374818285, 7.582212189305137 ], [ 80.990848374818285, 7.582248121916503 ], [ 80.990929223193859, 7.582409818667644 ], [ 80.990947189499536, 7.582409818667644 ], [ 80.991028037875111, 7.582490667043215 ], [ 80.991028037875111, 7.582508633348898 ], [ 80.991108886250686, 7.582589481724469 ] ] ] ] } },
{ "type": "Feature", "properties": { "fid": 985906.0, "DN": 3, "area": 5319 }, "geometry": { "type": "MultiPolygon", "coordinates": [ [ [ [ 81.159502577835312, 7.52608545035335 ], [ 81.15951156098815, 7.52608545035335 ], [ 81.159551985175938, 7.526045026165565 ], [ 81.159551985175938, 7.526036043012724 ], [ 81.159592409363711, 7.525995618824938 ], [ 81.159601392516578, 7.525995618824938 ], [ 81.159641816704351, 7.525874346261582 ], [ 81.159641816704351, 7.525847396803059 ], [ 81.159560968328776, 7.525726124239703 ], [ 81.159543002023099, 7.525726124239703 ], [ 81.159462153647524, 7.525685700051917 ], [ 81.159462153647524, 7.525676716899076 ], [ 81.15938130527195, 7.52563629271129 ], [ 81.159363338966273, 7.52563629271129 ], [ 81.159282490590698, 7.525353323396793 ], [ 81.159282490590698, 7.525290441326904 ], [ 81.159242066402911, 7.525007472012406 ], [ 81.159233083250072, 7.525007472012406 ], [ 81.159192659062285, 7.524967047824621 ], [ 81.159192659062285, 7.524958064671781 ], [ 81.159152234874512, 7.524917640483995 ], [ 81.159143251721645, 7.524917640483995 ], [ 81.159102827533872, 7.524958064671781 ], [ 81.159102827533872, 7.524967047824621 ], [ 81.158941130782722, 7.525007472012406 ], [ 81.158905198171368, 7.525007472012406 ], [ 81.158743501420219, 7.525088320387978 ], [ 81.158743501420219, 7.52510628669366 ], [ 81.158662653044658, 7.525187135069231 ], [ 81.158644686738967, 7.525187135069231 ], [ 81.158563838363406, 7.525267983444801 ], [ 81.158563838363406, 7.525285949750483 ], [ 81.158685110926754, 7.525366798126054 ], [ 81.158712060385284, 7.525366798126054 ], [ 81.158833332948632, 7.52540722231384 ], [ 81.158833332948632, 7.52541620546668 ], [ 81.158873757136419, 7.525456629654466 ], [ 81.158882740289258, 7.525456629654466 ], [ 81.158923164477045, 7.525375781278895 ], [ 81.158923164477045, 7.525357814973214 ], [ 81.158963588664832, 7.525276966597643 ], [ 81.158972571817671, 7.525276966597643 ], [ 81.159012996005458, 7.525317390785428 ], [ 81.159012996005458, 7.525326373938269 ], [ 81.159053420193246, 7.525366798126054 ], [ 81.159062403346084, 7.525366798126054 ], [ 81.159102827533872, 7.525447646501625 ], [ 81.159102827533872, 7.525465612807308 ], [ 81.159143251721645, 7.525546461182879 ], [ 81.159152234874512, 7.525546461182879 ], [ 81.159192659062285, 7.525586885370664 ], [ 81.159192659062285, 7.525595868523505 ], [ 81.15911181068671, 7.52563629271129 ], [ 81.159093844381033, 7.52563629271129 ], [ 81.159012996005458, 7.525595868523505 ], [ 81.159012996005458, 7.525586885370664 ], [ 81.158972571817671, 7.525546461182879 ], [ 81.158963588664832, 7.525546461182879 ], [ 81.158923164477045, 7.525627309558449 ], [ 81.158923164477045, 7.525645275864132 ], [ 81.159084861228195, 7.525726124239703 ], [ 81.159120793839548, 7.525726124239703 ], [ 81.159282490590698, 7.525766548427488 ], [ 81.159282490590698, 7.525775531580329 ], [ 81.159201642215123, 7.525815955768115 ], [ 81.159183675909446, 7.525815955768115 ], [ 81.159102827533872, 7.525856379955901 ], [ 81.159102827533872, 7.525865363108742 ], [ 81.159264524285021, 7.525905787296526 ], [ 81.159300456896375, 7.525905787296526 ], [ 81.159462153647524, 7.525986635672098 ], [ 81.159462153647524, 7.52600460197778 ], [ 81.159502577835312, 7.52608545035335 ] ] ] ] } },
{ "type": "Feature", "properties": { "fid": 987403.0, "DN": 3, "area": 3841 }, "geometry": { "type": "MultiPolygon", "coordinates": [ [ [ [ 81.160800643420856, 7.523210841444168 ], [ 81.160818609726533, 7.523210841444168 ], [ 81.160899458102108, 7.523008720505242 ], [ 81.160899458102108, 7.522963804741035 ], [ 81.160859033914321, 7.522761683802109 ], [ 81.160850050761482, 7.522761683802109 ], [ 81.160809626573695, 7.522721259614324 ], [ 81.160809626573695, 7.522712276461482 ], [ 81.160850050761482, 7.522671852273696 ], [ 81.160859033914321, 7.522671852273696 ], [ 81.160899458102108, 7.522631428085911 ], [ 81.160899458102108, 7.52262244493307 ], [ 81.160859033914321, 7.522582020745284 ], [ 81.160850050761482, 7.522582020745284 ], [ 81.160809626573695, 7.522541596557499 ], [ 81.160809626573695, 7.522532613404658 ], [ 81.160688354010347, 7.522492189216872 ], [ 81.160661404551817, 7.522492189216872 ], [ 81.160540131988469, 7.522532613404658 ], [ 81.160540131988469, 7.522541596557499 ], [ 81.160580556176257, 7.522582020745284 ], [ 81.160589539329095, 7.522582020745284 ], [ 81.160629963516882, 7.52262244493307 ], [ 81.160629963516882, 7.522631428085911 ], [ 81.16050869095352, 7.522671852273696 ], [ 81.160481741495005, 7.522671852273696 ], [ 81.160360468931643, 7.522752700649267 ], [ 81.160360468931643, 7.522770666954949 ], [ 81.160279620556068, 7.522851515330521 ], [ 81.160261654250391, 7.522851515330521 ], [ 81.160180805874816, 7.522932363706092 ], [ 81.160180805874816, 7.522950330011774 ], [ 81.160342502625966, 7.523031178387344 ], [ 81.16037843523732, 7.523031178387344 ], [ 81.160540131988469, 7.523071602575129 ], [ 81.160540131988469, 7.523080585727971 ], [ 81.16062098036403, 7.523121009915757 ], [ 81.160638946669721, 7.523121009915757 ], [ 81.160719795045281, 7.523161434103542 ], [ 81.160719795045281, 7.523170417256383 ], [ 81.160800643420856, 7.523210841444168 ] ] ] ] } },
{ "type": "Feature", "properties": { "fid": 1012358.0, "DN": 3, "area": 3448 }, "geometry": { "type": "MultiPolygon", "coordinates": [ [ [ [ 81.033729454905739, 7.474342489988066 ], [ 81.033756404364254, 7.474342489988066 ], [ 81.033877676927617, 7.474302065800281 ], [ 81.033877676927617, 7.474293082647439 ], [ 81.033837252739829, 7.474252658459654 ], [ 81.033828269586991, 7.474252658459654 ], [ 81.033787845399203, 7.474212234271868 ], [ 81.033787845399203, 7.474203251119027 ], [ 81.033949542150339, 7.474162826931241 ], [ 81.033985474761707, 7.474162826931241 ], [ 81.034147171512842, 7.474122402743456 ], [ 81.034147171512842, 7.474113419590615 ], [ 81.034106747325055, 7.47407299540283 ], [ 81.034097764172216, 7.47407299540283 ], [ 81.034057339984429, 7.474032571215044 ], [ 81.034057339984429, 7.474023588062204 ], [ 81.033936067421081, 7.473983163874419 ], [ 81.033909117962551, 7.473983163874419 ], [ 81.033787845399203, 7.473942739686633 ], [ 81.033787845399203, 7.473933756533792 ], [ 81.033747421211416, 7.473893332346007 ], [ 81.033738438058577, 7.473893332346007 ], [ 81.03369801387079, 7.473852908158221 ], [ 81.03369801387079, 7.473843925005379 ], [ 81.033576741307428, 7.473803500817594 ], [ 81.033549791848912, 7.473803500817594 ], [ 81.03342851928555, 7.473722652442024 ], [ 81.03342851928555, 7.473704686136342 ], [ 81.033347670909976, 7.473623837760771 ], [ 81.033329704604299, 7.473623837760771 ], [ 81.033248856228724, 7.473785534511912 ], [ 81.033248856228724, 7.473821467123278 ], [ 81.033329704604299, 7.473983163874419 ], [ 81.033347670909976, 7.473983163874419 ], [ 81.03342851928555, 7.474064012249989 ], [ 81.03342851928555, 7.474081978555671 ], [ 81.033509367661111, 7.474162826931241 ], [ 81.033527333966816, 7.474162826931241 ], [ 81.033608182342377, 7.474243675306813 ], [ 81.033608182342377, 7.474261641612495 ], [ 81.033729454905739, 7.474342489988066 ] ] ] ] } },
{ "type": "Feature", "properties": { "fid": 1013628.0, "DN": 3, "area": 10146 }, "geometry": { "type": "MultiPolygon", "coordinates": [ [ [ [ 81.002027908529158, 7.473264511647122 ], [ 81.002036891681996, 7.473264511647122 ], [ 81.002077315869784, 7.473224087459337 ], [ 81.002077315869784, 7.473215104306496 ], [ 81.002158164245358, 7.47317468011871 ], [ 81.002176130551035, 7.47317468011871 ], [ 81.00225697892661, 7.472810862428641 ], [ 81.00225697892661, 7.472730014053071 ], [ 81.002297403114397, 7.472366196363003 ], [ 81.002306386267236, 7.472366196363003 ], [ 81.002346810455023, 7.472325772175218 ], [ 81.002346810455023, 7.472316789022376 ], [ 81.002306386267236, 7.472276364834591 ], [ 81.002297403114397, 7.472276364834591 ], [ 81.00225697892661, 7.472195516459021 ], [ 81.00225697892661, 7.472177550153338 ], [ 81.002297403114397, 7.472096701777767 ], [ 81.002306386267236, 7.472096701777767 ], [ 81.002346810455023, 7.472137125965553 ], [ 81.002346810455023, 7.472146109118393 ], [ 81.002387234642811, 7.472186533306179 ], [ 81.002396217795649, 7.472186533306179 ], [ 81.002436641983422, 7.472024836555037 ], [ 81.002436641983422, 7.471988903943672 ], [ 81.002355793607848, 7.471827207192531 ], [ 81.002337827302171, 7.471827207192531 ], [ 81.00225697892661, 7.471705934629174 ], [ 81.00225697892661, 7.471678985170651 ], [ 81.002216554738823, 7.471557712607295 ], [ 81.002207571585984, 7.471557712607295 ], [ 81.002167147398197, 7.47159813679508 ], [ 81.002167147398197, 7.471607119947922 ], [ 81.002126723210409, 7.471647544135708 ], [ 81.002117740057571, 7.471647544135708 ], [ 81.002077315869784, 7.471728392511278 ], [ 81.002077315869784, 7.471746358816961 ], [ 81.002036891681996, 7.471827207192531 ], [ 81.002027908529158, 7.471827207192531 ], [ 81.00198748434137, 7.471867631380317 ], [ 81.00198748434137, 7.471876614533158 ], [ 81.002027908529158, 7.471917038720943 ], [ 81.002036891681996, 7.471917038720943 ], [ 81.002077315869784, 7.471957462908729 ], [ 81.002077315869784, 7.47196644606157 ], [ 81.001915619118648, 7.472006870249356 ], [ 81.001879686507266, 7.472006870249356 ], [ 81.001717989756131, 7.472087718624926 ], [ 81.001717989756131, 7.472105684930608 ], [ 81.00163714138057, 7.472186533306179 ], [ 81.001619175074865, 7.472186533306179 ], [ 81.001538326699304, 7.472348230057319 ], [ 81.001538326699304, 7.472384162668685 ], [ 81.001619175074865, 7.472545859419826 ], [ 81.00163714138057, 7.472545859419826 ], [ 81.001717989756131, 7.472586283607612 ], [ 81.001717989756131, 7.472595266760454 ], [ 81.00163714138057, 7.472635690948239 ], [ 81.001619175074865, 7.472635690948239 ], [ 81.001538326699304, 7.472676115136025 ], [ 81.001538326699304, 7.472685098288865 ], [ 81.001619175074865, 7.472725522476651 ], [ 81.00163714138057, 7.472725522476651 ], [ 81.001717989756131, 7.472846795040007 ], [ 81.001717989756131, 7.47287374449853 ], [ 81.001758413943918, 7.472995017061887 ], [ 81.001767397096756, 7.472995017061887 ], [ 81.001807821284544, 7.473035441249673 ], [ 81.001807821284544, 7.473044424402513 ], [ 81.001888669660119, 7.473084848590299 ], [ 81.001906635965796, 7.473084848590299 ], [ 81.00198748434137, 7.473165696965869 ], [ 81.00198748434137, 7.473183663271552 ], [ 81.002027908529158, 7.473264511647122 ] ] ] ] } },
{ "type": "Feature", "properties": { "fid": 1022674.0, "DN": 3, "area": 3251 }, "geometry": { "type": "MultiPolygon", "coordinates": [ [ [ [ 80.984061602846765, 7.455837195135205 ], [ 80.984070585999604, 7.455837195135205 ], [ 80.984111010187391, 7.455635074196277 ], [ 80.984111010187391, 7.455590158432072 ], [ 80.983949313436241, 7.455388037493144 ], [ 80.983913380824887, 7.455388037493144 ], [ 80.983751684073738, 7.455307189117574 ], [ 80.983751684073738, 7.45528922281189 ], [ 80.983792108261525, 7.45520837443632 ], [ 80.983801091414364, 7.45520837443632 ], [ 80.983841515602151, 7.455167950248534 ], [ 80.983841515602151, 7.455158967095693 ], [ 80.983881939789939, 7.455118542907908 ], [ 80.983890922942777, 7.455118542907908 ], [ 80.983931347130564, 7.455078118720122 ], [ 80.983931347130564, 7.455069135567281 ], [ 80.98385049875499, 7.455028711379496 ], [ 80.983832532449313, 7.455028711379496 ], [ 80.983751684073738, 7.454947863003925 ], [ 80.983751684073738, 7.454929896698243 ], [ 80.983711259885951, 7.454849048322672 ], [ 80.983702276733112, 7.454849048322672 ], [ 80.983661852545325, 7.454970320886028 ], [ 80.983661852545325, 7.454997270344552 ], [ 80.983621428357537, 7.455118542907908 ], [ 80.983612445204699, 7.455118542907908 ], [ 80.983572021016926, 7.455320663846836 ], [ 80.983572021016926, 7.455365579611041 ], [ 80.983652869392486, 7.455567700549969 ], [ 80.983670835698177, 7.455567700549969 ], [ 80.983751684073738, 7.45564854892554 ], [ 80.983751684073738, 7.455666515231222 ], [ 80.9838729566371, 7.455747363606791 ], [ 80.983899906095616, 7.455747363606791 ], [ 80.984021178658978, 7.455787787794577 ], [ 80.984021178658978, 7.455796770947419 ], [ 80.984061602846765, 7.455837195135205 ] ] ] ] } },
{ "type": "Feature", "properties": { "fid": 1023153.0, "DN": 3, "area": 8374 }, "geometry": { "type": "MultiPolygon", "coordinates": [ [ [ [ 81.016571632979037, 7.45475921679426 ], [ 81.016598582437581, 7.45475921679426 ], [ 81.016719855000929, 7.454718792606474 ], [ 81.016719855000929, 7.454709809453633 ], [ 81.016841127564291, 7.454669385265849 ], [ 81.016868077022806, 7.454669385265849 ], [ 81.016989349586169, 7.454588536890277 ], [ 81.016989349586169, 7.454570570584595 ], [ 81.017070197961743, 7.454489722209024 ], [ 81.01708816426742, 7.454489722209024 ], [ 81.017169012642995, 7.454287601270098 ], [ 81.017169012642995, 7.454242685505891 ], [ 81.017128588455208, 7.454040564566965 ], [ 81.017119605302369, 7.454040564566965 ], [ 81.017079181114582, 7.45408098875475 ], [ 81.017079181114582, 7.454089971907591 ], [ 81.017038756926809, 7.454130396095376 ], [ 81.017029773773942, 7.454130396095376 ], [ 81.016989349586169, 7.454049547719806 ], [ 81.016989349586169, 7.454031581414124 ], [ 81.016746804459444, 7.453950733038553 ], [ 81.016692905542413, 7.453950733038553 ], [ 81.016450360415689, 7.453869884662982 ], [ 81.016450360415689, 7.4538519183573 ], [ 81.016369512040114, 7.453771069981729 ], [ 81.016351545734437, 7.453771069981729 ], [ 81.016270697358863, 7.453811494169514 ], [ 81.016270697358863, 7.453820477322355 ], [ 81.016230273171089, 7.453860901510141 ], [ 81.016221290018251, 7.453860901510141 ], [ 81.016180865830464, 7.454184295012423 ], [ 81.016180865830464, 7.454256160235153 ], [ 81.016221290018251, 7.454579553737435 ], [ 81.016230273171089, 7.454579553737435 ], [ 81.016270697358863, 7.454498705361865 ], [ 81.016270697358863, 7.454480739056184 ], [ 81.01631112154665, 7.454399890680612 ], [ 81.016320104699489, 7.454399890680612 ], [ 81.016360528887276, 7.454521163243969 ], [ 81.016360528887276, 7.454548112702492 ], [ 81.016400953075063, 7.454669385265849 ], [ 81.016409936227902, 7.454669385265849 ], [ 81.016450360415689, 7.454709809453633 ], [ 81.016450360415689, 7.454718792606474 ], [ 81.016571632979037, 7.45475921679426 ] ] ] ] } },
{ "type": "Feature", "properties": { "fid": 1026169.0, "DN": 3, "area": 3152 }, "geometry": { "type": "MultiPolygon", "coordinates": [ [ [ [ 81.083267051248498, 7.448111683691776 ], [ 81.08330298385988, 7.448111683691776 ], [ 81.083464680611016, 7.448030835316205 ], [ 81.083464680611016, 7.448012869010523 ], [ 81.083545528986576, 7.447932020634951 ], [ 81.083563495292253, 7.447932020634951 ], [ 81.083644343667828, 7.447851172259381 ], [ 81.083644343667828, 7.447833205953699 ], [ 81.083725192043403, 7.447752357578128 ], [ 81.08374315834908, 7.447752357578128 ], [ 81.083824006724655, 7.447671509202557 ], [ 81.083824006724655, 7.447653542896875 ], [ 81.083904855100229, 7.447572694521304 ], [ 81.083922821405906, 7.447572694521304 ], [ 81.084003669781481, 7.447410997770163 ], [ 81.084003669781481, 7.447375065158798 ], [ 81.083922821405906, 7.447213368407656 ], [ 81.083904855100229, 7.447213368407656 ], [ 81.083824006724655, 7.447294216783227 ], [ 81.083824006724655, 7.44731218308891 ], [ 81.08374315834908, 7.447393031464481 ], [ 81.083725192043403, 7.447393031464481 ], [ 81.083644343667828, 7.447514304027838 ], [ 81.083644343667828, 7.44754125348636 ], [ 81.083603919480041, 7.447662526049717 ], [ 81.083594936327202, 7.447662526049717 ], [ 81.083554512139415, 7.447622101861931 ], [ 81.083554512139415, 7.447613118709089 ], [ 81.083514087951642, 7.447572694521304 ], [ 81.083505104798803, 7.447572694521304 ], [ 81.083464680611016, 7.44769396708466 ], [ 81.083464680611016, 7.447720916543183 ], [ 81.083424256423228, 7.44784218910654 ], [ 81.08341527327039, 7.44784218910654 ], [ 81.083374849082603, 7.447882613294325 ], [ 81.083374849082603, 7.447891596447166 ], [ 81.08325357651924, 7.447932020634951 ], [ 81.083226627060725, 7.447932020634951 ], [ 81.083105354497363, 7.448012869010523 ], [ 81.083105354497363, 7.448030835316205 ], [ 81.083267051248498, 7.448111683691776 ] ] ] ] } },
{ "type": "Feature", "properties": { "fid": 1028149.0, "DN": 3, "area": 4532 }, "geometry": { "type": "MultiPolygon", "coordinates": [ [ [ [ 81.061985962167711, 7.443620107271178 ], [ 81.062003928473388, 7.443620107271178 ], [ 81.062084776848963, 7.443579683083392 ], [ 81.062084776848963, 7.443570699930552 ], [ 81.06212520103675, 7.443530275742766 ], [ 81.062134184189588, 7.443530275742766 ], [ 81.062174608377376, 7.443449427367195 ], [ 81.062174608377376, 7.443431461061513 ], [ 81.062215032565149, 7.443350612685942 ], [ 81.062224015718016, 7.443350612685942 ], [ 81.062264439905789, 7.443391036873727 ], [ 81.062264439905789, 7.443400020026569 ], [ 81.062426136656939, 7.443440444214355 ], [ 81.062462069268292, 7.443440444214355 ], [ 81.062623766019442, 7.44348086840214 ], [ 81.062623766019442, 7.443489851554981 ], [ 81.06274503858279, 7.443530275742766 ], [ 81.06277198804132, 7.443530275742766 ], [ 81.062893260604667, 7.443570699930552 ], [ 81.062893260604667, 7.443579683083392 ], [ 81.063054957355803, 7.443620107271178 ], [ 81.063090889967185, 7.443620107271178 ], [ 81.06325258671832, 7.443458410520035 ], [ 81.06325258671832, 7.443422477908671 ], [ 81.063090889967185, 7.44326078115753 ], [ 81.063054957355803, 7.44326078115753 ], [ 81.062893260604667, 7.443301205345316 ], [ 81.062893260604667, 7.443310188498156 ], [ 81.06285283641688, 7.443350612685942 ], [ 81.062843853264042, 7.443350612685942 ], [ 81.062803429076254, 7.443310188498156 ], [ 81.062803429076254, 7.443301205345316 ], [ 81.062722580700694, 7.44326078115753 ], [ 81.062704614395003, 7.44326078115753 ], [ 81.062623766019442, 7.443179932781959 ], [ 81.062623766019442, 7.443161966476277 ], [ 81.062542917643867, 7.443081118100706 ], [ 81.06252495133819, 7.443081118100706 ], [ 81.062444102962615, 7.443040693912921 ], [ 81.062444102962615, 7.44303171076008 ], [ 81.062403678774828, 7.442991286572294 ], [ 81.06239469562199, 7.442991286572294 ], [ 81.062354271434202, 7.44303171076008 ], [ 81.062354271434202, 7.443040693912921 ], [ 81.062313847246415, 7.443081118100706 ], [ 81.062304864093576, 7.443081118100706 ], [ 81.062264439905789, 7.443121542288492 ], [ 81.062264439905789, 7.443130525441333 ], [ 81.062385712469151, 7.443170949629119 ], [ 81.062412661927667, 7.443170949629119 ], [ 81.062533934491029, 7.443211373816904 ], [ 81.062533934491029, 7.443220356969745 ], [ 81.062331813552106, 7.44326078115753 ], [ 81.062286897787885, 7.44326078115753 ], [ 81.062084776848963, 7.443341629533101 ], [ 81.062084776848963, 7.443359595838784 ], [ 81.062003928473388, 7.443440444214355 ], [ 81.061985962167711, 7.443440444214355 ], [ 81.061905113792136, 7.443521292589924 ], [ 81.061905113792136, 7.443539258895607 ], [ 81.061985962167711, 7.443620107271178 ] ] ] ] } },
{ "type": "Feature", "properties": { "fid": 1029708.0, "DN": 3, "area": 7783 }, "geometry": { "type": "MultiPolygon", "coordinates": [ [ [ [ 81.005594220207115, 7.440206509191524 ], [ 81.005657102276999, 7.440206509191524 ], [ 81.005940071591496, 7.440166085003739 ], [ 81.005940071591496, 7.440157101850897 ], [ 81.005980495779284, 7.440116677663111 ], [ 81.005989478932122, 7.440116677663111 ], [ 81.006029903119909, 7.440076253475326 ], [ 81.006029903119909, 7.440067270322485 ], [ 81.005949054744335, 7.4400268461347 ], [ 81.005931088438658, 7.4400268461347 ], [ 81.005850240063083, 7.439945997759128 ], [ 81.005850240063083, 7.439928031453446 ], [ 81.005769391687522, 7.439847183077877 ], [ 81.005751425381817, 7.439847183077877 ], [ 81.005670577006256, 7.439806758890091 ], [ 81.005670577006256, 7.439797775737249 ], [ 81.005751425381817, 7.439757351549463 ], [ 81.005769391687522, 7.439757351549463 ], [ 81.005850240063083, 7.439716927361678 ], [ 81.005850240063083, 7.439707944208838 ], [ 81.005769391687522, 7.439667520021052 ], [ 81.005751425381817, 7.439667520021052 ], [ 81.005670577006256, 7.439627095833266 ], [ 81.005670577006256, 7.439618112680426 ], [ 81.005630152818469, 7.439577688492641 ], [ 81.005621169665631, 7.439577688492641 ], [ 81.005580745477843, 7.439618112680426 ], [ 81.005580745477843, 7.439627095833266 ], [ 81.005540321290056, 7.439667520021052 ], [ 81.005531338137217, 7.439667520021052 ], [ 81.00549091394943, 7.439627095833266 ], [ 81.00549091394943, 7.439618112680426 ], [ 81.005450489761643, 7.439577688492641 ], [ 81.005441506608804, 7.439577688492641 ], [ 81.005401082421017, 7.439618112680426 ], [ 81.005401082421017, 7.439627095833266 ], [ 81.005360658233229, 7.439667520021052 ], [ 81.005351675080391, 7.439667520021052 ], [ 81.005311250892618, 7.439586671645481 ], [ 81.005311250892618, 7.439568705339799 ], [ 81.005068705765908, 7.439487856964229 ], [ 81.005014806848848, 7.439487856964229 ], [ 81.004772261722138, 7.439730402090941 ], [ 81.004772261722138, 7.439784301007988 ], [ 81.004933958473288, 7.4400268461347 ], [ 81.004969891084642, 7.4400268461347 ], [ 81.005131587835791, 7.440148118698056 ], [ 81.005131587835791, 7.440175068156579 ], [ 81.005172012023579, 7.440296340719936 ], [ 81.005180995176417, 7.440296340719936 ], [ 81.005221419364204, 7.440336764907721 ], [ 81.005221419364204, 7.440345748060562 ], [ 81.005261843551978, 7.440386172248347 ], [ 81.005270826704844, 7.440386172248347 ], [ 81.005311250892618, 7.440305323872776 ], [ 81.005311250892618, 7.440287357567094 ], [ 81.005594220207115, 7.440206509191524 ] ], [ [ 81.005311250892618, 7.439986421946914 ], [ 81.005311250892618, 7.439977438794074 ], [ 81.005351675080391, 7.439937014606288 ], [ 81.005360658233229, 7.439937014606288 ], [ 81.005401082421017, 7.439977438794074 ], [ 81.005401082421017, 7.439986421946914 ], [ 81.005360658233229, 7.4400268461347 ], [ 81.005351675080391, 7.4400268461347 ], [ 81.005311250892618, 7.439986421946914 ] ], [ [ 81.005540321290056, 7.4400268461347 ], [ 81.005531338137217, 7.4400268461347 ], [ 81.00549091394943, 7.439986421946914 ], [ 81.00549091394943, 7.439977438794074 ], [ 81.005531338137217, 7.439937014606288 ], [ 81.005540321290056, 7.439937014606288 ], [ 81.005580745477843, 7.439977438794074 ], [ 81.005580745477843, 7.439986421946914 ], [ 81.005540321290056, 7.4400268461347 ] ], [ [ 81.005621169665631, 7.4400268461347 ], [ 81.005630152818469, 7.4400268461347 ], [ 81.005670577006256, 7.440067270322485 ], [ 81.005670577006256, 7.440076253475326 ], [ 81.005630152818469, 7.440116677663111 ], [ 81.005621169665631, 7.440116677663111 ], [ 81.005580745477843, 7.440076253475326 ], [ 81.005580745477843, 7.440067270322485 ], [ 81.005621169665631, 7.4400268461347 ] ] ] ] } },
{ "type": "Feature", "properties": { "fid": 1030652.0, "DN": 3, "area": 53593 }, "geometry": { "type": "MultiPolygon", "coordinates": [ [ [ [ 81.003635892887729, 7.441464150589292 ], [ 81.003662842346245, 7.441464150589292 ], [ 81.003784114909607, 7.441423726401506 ], [ 81.003784114909607, 7.441414743248665 ], [ 81.003703266534032, 7.44137431906088 ], [ 81.003685300228355, 7.44137431906088 ], [ 81.00360445185278, 7.441333894873094 ], [ 81.00360445185278, 7.441324911720253 ], [ 81.003806572791717, 7.441284487532467 ], [ 81.00385148855591, 7.441284487532467 ], [ 81.004053609494846, 7.441203639156897 ], [ 81.004053609494846, 7.441185672851214 ], [ 81.004094033682634, 7.441104824475643 ], [ 81.004103016835472, 7.441104824475643 ], [ 81.00414344102326, 7.441185672851214 ], [ 81.00414344102326, 7.441203639156897 ], [ 81.004183865211047, 7.441284487532467 ], [ 81.004192848363886, 7.441284487532467 ], [ 81.004233272551673, 7.441324911720253 ], [ 81.004233272551673, 7.441333894873094 ], [ 81.004192848363886, 7.44137431906088 ], [ 81.004183865211047, 7.44137431906088 ], [ 81.00414344102326, 7.441414743248665 ], [ 81.00414344102326, 7.441423726401506 ], [ 81.004345561962182, 7.441464150589292 ], [ 81.004390477726389, 7.441464150589292 ], [ 81.004592598665312, 7.441383302213721 ], [ 81.004592598665312, 7.441365335908039 ], [ 81.004633022853099, 7.441284487532467 ], [ 81.004642006005938, 7.441284487532467 ], [ 81.004682430193725, 7.441203639156897 ], [ 81.004682430193725, 7.441185672851214 ], [ 81.004722854381512, 7.441104824475643 ], [ 81.004731837534351, 7.441104824475643 ], [ 81.004772261722138, 7.441185672851214 ], [ 81.004772261722138, 7.441203639156897 ], [ 81.004812685909911, 7.441284487532467 ], [ 81.004821669062778, 7.441284487532467 ], [ 81.004862093250551, 7.441324911720253 ], [ 81.004862093250551, 7.441333894873094 ], [ 81.004902517438339, 7.44137431906088 ], [ 81.004911500591177, 7.44137431906088 ], [ 81.004951924778965, 7.441050925558597 ], [ 81.004951924778965, 7.440979060335867 ], [ 81.00487107640339, 7.440655666833583 ], [ 81.004853110097713, 7.440655666833583 ], [ 81.004772261722138, 7.440534394270227 ], [ 81.004772261722138, 7.440507444811703 ], [ 81.004731837534351, 7.440386172248347 ], [ 81.004722854381512, 7.440386172248347 ], [ 81.004682430193725, 7.440305323872776 ], [ 81.004682430193725, 7.440287357567094 ], [ 81.004642006005938, 7.440206509191524 ], [ 81.004633022853099, 7.440206509191524 ], [ 81.004592598665312, 7.440085236628168 ], [ 81.004592598665312, 7.440058287169645 ], [ 81.004552174477524, 7.439937014606288 ], [ 81.004543191324686, 7.439937014606288 ], [ 81.004502767136898, 7.439896590418503 ], [ 81.004502767136898, 7.439887607265661 ], [ 81.004462342949111, 7.439847183077877 ], [ 81.004453359796273, 7.439847183077877 ], [ 81.004412935608485, 7.439766334702306 ], [ 81.004412935608485, 7.439748368396623 ], [ 81.004332087232925, 7.439667520021052 ], [ 81.004314120927233, 7.439667520021052 ], [ 81.004233272551673, 7.439505823269911 ], [ 81.004233272551673, 7.439469890658545 ], [ 81.004314120927233, 7.439308193907404 ], [ 81.004332087232925, 7.439308193907404 ], [ 81.004412935608485, 7.439267769719619 ], [ 81.004412935608485, 7.439258786566779 ], [ 81.004574632359635, 7.439218362378993 ], [ 81.004610564970989, 7.439218362378993 ], [ 81.004772261722138, 7.439097089815637 ], [ 81.004772261722138, 7.439070140357114 ], [ 81.004691413346563, 7.438948867793757 ], [ 81.004673447040886, 7.438948867793757 ], [ 81.004592598665312, 7.438908443605971 ], [ 81.004592598665312, 7.438899460453131 ], [ 81.004552174477524, 7.438859036265345 ], [ 81.004543191324686, 7.438859036265345 ], [ 81.004502767136898, 7.43881861207756 ], [ 81.004502767136898, 7.438809628924719 ], [ 81.004624039700261, 7.438769204736934 ], [ 81.004650989158776, 7.438769204736934 ], [ 81.004772261722138, 7.438728780549148 ], [ 81.004772261722138, 7.438719797396306 ], [ 81.004812685909911, 7.438679373208521 ], [ 81.004821669062778, 7.438679373208521 ], [ 81.004862093250551, 7.438638949020735 ], [ 81.004862093250551, 7.438629965867895 ], [ 81.005064214189474, 7.438589541680109 ], [ 81.005109129953695, 7.438589541680109 ], [ 81.005311250892618, 7.438468269116752 ], [ 81.005311250892618, 7.438441319658229 ], [ 81.005351675080391, 7.438320047094873 ], [ 81.005360658233229, 7.438320047094873 ], [ 81.005401082421017, 7.438239198719302 ], [ 81.005401082421017, 7.438221232413619 ], [ 81.005360658233229, 7.438140384038049 ], [ 81.005351675080391, 7.438140384038049 ], [ 81.005311250892618, 7.437857414723552 ], [ 81.005311250892618, 7.437794532653663 ], [ 81.005230402517043, 7.437511563339165 ], [ 81.005212436211366, 7.437511563339165 ], [ 81.005131587835791, 7.437430714963595 ], [ 81.005131587835791, 7.437412748657913 ], [ 81.005050739460216, 7.437331900282341 ], [ 81.005032773154539, 7.437331900282341 ], [ 81.004951924778965, 7.437412748657913 ], [ 81.004951924778965, 7.437430714963595 ], [ 81.00487107640339, 7.437511563339165 ], [ 81.004853110097713, 7.437511563339165 ], [ 81.004772261722138, 7.437592411714736 ], [ 81.004772261722138, 7.437610378020419 ], [ 81.004529716595428, 7.437691226395989 ], [ 81.004475817678383, 7.437691226395989 ], [ 81.004233272551673, 7.43777207477156 ], [ 81.004233272551673, 7.437790041077243 ], [ 81.004111999988311, 7.437870889452814 ], [ 81.004085050529795, 7.437870889452814 ], [ 81.003963777966433, 7.437911313640599 ], [ 81.003963777966433, 7.43792029679344 ], [ 81.003923353778646, 7.437960720981225 ], [ 81.003914370625807, 7.437960720981225 ], [ 81.00387394643802, 7.43800114516901 ], [ 81.00387394643802, 7.438010128321851 ], [ 81.00371224968687, 7.438050552509637 ], [ 81.003676317075517, 7.438050552509637 ], [ 81.003514620324367, 7.438131400885208 ], [ 81.003514620324367, 7.43814936719089 ], [ 81.003433771948806, 7.438230215566461 ], [ 81.003415805643115, 7.438230215566461 ], [ 81.003334957267555, 7.438270639754247 ], [ 81.003334957267555, 7.438279622907087 ], [ 81.003375381455328, 7.438320047094873 ], [ 81.003384364608166, 7.438320047094873 ], [ 81.003424788795954, 7.438360471282658 ], [ 81.003424788795954, 7.438369454435499 ], [ 81.003384364608166, 7.438409878623284 ], [ 81.003375381455328, 7.438409878623284 ], [ 81.003334957267555, 7.43845030281107 ], [ 81.003334957267555, 7.438459285963911 ], [ 81.00325410889198, 7.438499710151697 ], [ 81.003236142586303, 7.438499710151697 ], [ 81.003155294210728, 7.438580558527267 ], [ 81.003155294210728, 7.438598524832949 ], [ 81.003195718398516, 7.438679373208521 ], [ 81.003204701551354, 7.438679373208521 ], [ 81.003245125739141, 7.438719797396306 ], [ 81.003245125739141, 7.438728780549148 ], [ 81.003285549926929, 7.438769204736934 ], [ 81.003294533079767, 7.438769204736934 ], [ 81.003334957267555, 7.438930901488074 ], [ 81.003334957267555, 7.438966834099439 ], [ 81.003415805643115, 7.439128530850581 ], [ 81.003433771948806, 7.439128530850581 ], [ 81.003514620324367, 7.439290227601722 ], [ 81.003514620324367, 7.439326160213087 ], [ 81.003595468699942, 7.439487856964229 ], [ 81.003613435005619, 7.439487856964229 ], [ 81.003694283381193, 7.439528281152014 ], [ 81.003694283381193, 7.439537264304855 ], [ 81.003734707568981, 7.439577688492641 ], [ 81.003743690721819, 7.439577688492641 ], [ 81.003784114909607, 7.439618112680426 ], [ 81.003784114909607, 7.439627095833266 ], [ 81.003743690721819, 7.439667520021052 ], [ 81.003734707568981, 7.439667520021052 ], [ 81.003694283381193, 7.439707944208838 ], [ 81.003694283381193, 7.439716927361678 ], [ 81.003734707568981, 7.439757351549463 ], [ 81.003743690721819, 7.439757351549463 ], [ 81.003784114909607, 7.439797775737249 ], [ 81.003784114909607, 7.439806758890091 ], [ 81.003743690721819, 7.439847183077877 ], [ 81.003734707568981, 7.439847183077877 ], [ 81.003694283381193, 7.439887607265661 ], [ 81.003694283381193, 7.439896590418503 ], [ 81.003734707568981, 7.439937014606288 ], [ 81.003743690721819, 7.439937014606288 ], [ 81.003784114909607, 7.439977438794074 ], [ 81.003784114909607, 7.439986421946914 ], [ 81.003824539097394, 7.4400268461347 ], [ 81.003833522250233, 7.4400268461347 ], [ 81.00387394643802, 7.440148118698056 ], [ 81.00387394643802, 7.440175068156579 ], [ 81.003954794813581, 7.440296340719936 ], [ 81.003972761119286, 7.440296340719936 ], [ 81.004053609494846, 7.440498461658863 ], [ 81.004053609494846, 7.440543377423069 ], [ 81.003972761119286, 7.440745498361996 ], [ 81.003954794813581, 7.440745498361996 ], [ 81.00387394643802, 7.440826346737566 ], [ 81.00387394643802, 7.440844313043249 ], [ 81.003793098062445, 7.44092516141882 ], [ 81.003775131756768, 7.44092516141882 ], [ 81.003694283381193, 7.441046433982176 ], [ 81.003694283381193, 7.441073383440699 ], [ 81.003653859193406, 7.441194656004056 ], [ 81.003644876040568, 7.441194656004056 ], [ 81.00360445185278, 7.44115423181627 ], [ 81.00360445185278, 7.441145248663428 ], [ 81.003483179289432, 7.441104824475643 ], [ 81.003456229830903, 7.441104824475643 ], [ 81.003334957267555, 7.441185672851214 ], [ 81.003334957267555, 7.441203639156897 ], [ 81.003415805643115, 7.441284487532467 ], [ 81.003433771948806, 7.441284487532467 ], [ 81.003514620324367, 7.441365335908039 ], [ 81.003514620324367, 7.441383302213721 ], [ 81.003635892887729, 7.441464150589292 ] ] ] ] } },
{ "type": "Feature", "properties": { "fid": 1031172.0, "DN": 3, "area": 5418 }, "geometry": { "type": "MultiPolygon", "coordinates": [ [ [ [ 81.001520360393627, 7.437331900282341 ], [ 81.001556293004995, 7.437331900282341 ], [ 81.001717989756131, 7.437129779343415 ], [ 81.001717989756131, 7.437084863579209 ], [ 81.00163714138057, 7.436882742640282 ], [ 81.001619175074865, 7.436882742640282 ], [ 81.001538326699304, 7.43672104588914 ], [ 81.001538326699304, 7.436685113277775 ], [ 81.001578750887091, 7.436523416526633 ], [ 81.00158773403993, 7.436523416526633 ], [ 81.001628158227717, 7.436442568151063 ], [ 81.001628158227717, 7.436424601845381 ], [ 81.001668582415505, 7.43634375346981 ], [ 81.001677565568343, 7.43634375346981 ], [ 81.001717989756131, 7.43626290509424 ], [ 81.001717989756131, 7.436244938788557 ], [ 81.001596717192768, 7.436164090412986 ], [ 81.001569767734253, 7.436164090412986 ], [ 81.001448495170891, 7.436204514600771 ], [ 81.001448495170891, 7.436213497753613 ], [ 81.001408070983103, 7.436253921941399 ], [ 81.001399087830265, 7.436253921941399 ], [ 81.001358663642492, 7.436294346129183 ], [ 81.001358663642492, 7.436303329282024 ], [ 81.001318239454704, 7.43634375346981 ], [ 81.001309256301866, 7.43634375346981 ], [ 81.001268832114079, 7.43626290509424 ], [ 81.001268832114079, 7.436244938788557 ], [ 81.001228407926291, 7.436164090412986 ], [ 81.001219424773453, 7.436164090412986 ], [ 81.001179000585665, 7.436487483915269 ], [ 81.001179000585665, 7.436559349137999 ], [ 81.00125984896124, 7.436882742640282 ], [ 81.001277815266917, 7.436882742640282 ], [ 81.001358663642492, 7.437084863579209 ], [ 81.001358663642492, 7.437129779343415 ], [ 81.001520360393627, 7.437331900282341 ] ] ] ] } },
{ "type": "Feature", "properties": { "fid": 1031240.0, "DN": 3, "area": 9852 }, "geometry": { "type": "MultiPolygon", "coordinates": [ [ [ [ 81.002297403114397, 7.436882742640282 ], [ 81.002306386267236, 7.436882742640282 ], [ 81.002346810455023, 7.436842318452497 ], [ 81.002346810455023, 7.436833335299656 ], [ 81.002468083018371, 7.43679291111187 ], [ 81.002495032476901, 7.43679291111187 ], [ 81.002616305040249, 7.436833335299656 ], [ 81.002616305040249, 7.436842318452497 ], [ 81.002778001791398, 7.436882742640282 ], [ 81.002813934402752, 7.436882742640282 ], [ 81.002975631153902, 7.436801894264711 ], [ 81.002975631153902, 7.436783927959029 ], [ 81.003056479529477, 7.436703079583458 ], [ 81.003074445835153, 7.436703079583458 ], [ 81.003155294210728, 7.436662655395672 ], [ 81.003155294210728, 7.436653672242831 ], [ 81.003195718398516, 7.436613248055046 ], [ 81.003204701551354, 7.436613248055046 ], [ 81.003245125739141, 7.436572823867261 ], [ 81.003245125739141, 7.436563840714419 ], [ 81.003447246678064, 7.436523416526633 ], [ 81.003492162442271, 7.436523416526633 ], [ 81.003694283381193, 7.436361719775492 ], [ 81.003694283381193, 7.436325787164128 ], [ 81.003532586630058, 7.436164090412986 ], [ 81.00349665401869, 7.436164090412986 ], [ 81.003334957267555, 7.436083242037416 ], [ 81.003334957267555, 7.436065275731734 ], [ 81.003294533079767, 7.435984427356162 ], [ 81.003285549926929, 7.435984427356162 ], [ 81.003245125739141, 7.436024851543948 ], [ 81.003245125739141, 7.436033834696788 ], [ 81.003164277363567, 7.436074258884574 ], [ 81.00314631105789, 7.436074258884574 ], [ 81.003065462682315, 7.436033834696788 ], [ 81.003065462682315, 7.436024851543948 ], [ 81.003025038494528, 7.435984427356162 ], [ 81.003016055341689, 7.435984427356162 ], [ 81.002975631153902, 7.436065275731734 ], [ 81.002975631153902, 7.436083242037416 ], [ 81.002894782778327, 7.436164090412986 ], [ 81.00287681647265, 7.436164090412986 ], [ 81.002795968097075, 7.436123666225201 ], [ 81.002795968097075, 7.436114683072359 ], [ 81.002755543909288, 7.436074258884574 ], [ 81.002746560756449, 7.436074258884574 ], [ 81.002706136568662, 7.436114683072359 ], [ 81.002706136568662, 7.436123666225201 ], [ 81.002584864005314, 7.436164090412986 ], [ 81.00255791454677, 7.436164090412986 ], [ 81.002436641983422, 7.436285362976342 ], [ 81.002436641983422, 7.436312312434866 ], [ 81.002396217795649, 7.436433584998221 ], [ 81.002387234642811, 7.436433584998221 ], [ 81.002346810455023, 7.436474009186007 ], [ 81.002346810455023, 7.436482992338847 ], [ 81.002265962079449, 7.436523416526633 ], [ 81.002247995773772, 7.436523416526633 ], [ 81.002167147398197, 7.436604264902204 ], [ 81.002167147398197, 7.436622231207886 ], [ 81.002207571585984, 7.436703079583458 ], [ 81.002216554738823, 7.436703079583458 ], [ 81.00225697892661, 7.436783927959029 ], [ 81.00225697892661, 7.436801894264711 ], [ 81.002297403114397, 7.436882742640282 ] ] ] ] } },
{ "type": "Feature", "properties": { "fid": 1038837.0, "DN": 3, "area": 6404 }, "geometry": { "type": "MultiPolygon", "coordinates": [ [ [ [ 81.033549791848912, 7.419185931543128 ], [ 81.033576741307428, 7.419185931543128 ], [ 81.03369801387079, 7.419105083167556 ], [ 81.03369801387079, 7.419087116861874 ], [ 81.033657589683003, 7.419006268486303 ], [ 81.033648606530164, 7.419006268486303 ], [ 81.033608182342377, 7.418925420110733 ], [ 81.033608182342377, 7.41890745380505 ], [ 81.033365637215667, 7.41882660542948 ], [ 81.033311738298607, 7.41882660542948 ], [ 81.033069193171897, 7.418867029617266 ], [ 81.033069193171897, 7.418876012770106 ], [ 81.03302876898411, 7.418916436957891 ], [ 81.033019785831272, 7.418916436957891 ], [ 81.032979361643498, 7.418876012770106 ], [ 81.032979361643498, 7.418867029617266 ], [ 81.032938937455711, 7.41882660542948 ], [ 81.032929954302872, 7.41882660542948 ], [ 81.032889530115085, 7.418867029617266 ], [ 81.032889530115085, 7.418876012770106 ], [ 81.032849105927298, 7.418916436957891 ], [ 81.032840122774459, 7.418916436957891 ], [ 81.032799698586672, 7.418876012770106 ], [ 81.032799698586672, 7.418867029617266 ], [ 81.032759274398884, 7.41882660542948 ], [ 81.032750291246046, 7.41882660542948 ], [ 81.032709867058259, 7.419069150556192 ], [ 81.032709867058259, 7.419123049473239 ], [ 81.032831139621621, 7.419365594599951 ], [ 81.032858089080136, 7.419365594599951 ], [ 81.032979361643498, 7.419446442975522 ], [ 81.032979361643498, 7.419464409281204 ], [ 81.033181482582421, 7.419545257656775 ], [ 81.033226398346628, 7.419545257656775 ], [ 81.03342851928555, 7.419383560905634 ], [ 81.03342851928555, 7.419347628294269 ], [ 81.033549791848912, 7.419185931543128 ] ], [ [ 81.033338687757137, 7.419406018787736 ], [ 81.033338687757137, 7.419415001940577 ], [ 81.03329826356935, 7.419455426128363 ], [ 81.033289280416511, 7.419455426128363 ], [ 81.033248856228724, 7.419415001940577 ], [ 81.033248856228724, 7.419406018787736 ], [ 81.033289280416511, 7.419365594599951 ], [ 81.03329826356935, 7.419365594599951 ], [ 81.033338687757137, 7.419406018787736 ] ] ] ] } },
{ "type": "Feature", "properties": { "fid": 1039847.0, "DN": 3, "area": 4236 }, "geometry": { "type": "MultiPolygon", "coordinates": [ [ [ [ 81.032750291246046, 7.417299469446476 ], [ 81.032759274398884, 7.417299469446476 ], [ 81.032799698586672, 7.417259045258691 ], [ 81.032799698586672, 7.417250062105849 ], [ 81.032840122774459, 7.417209637918065 ], [ 81.032849105927298, 7.417209637918065 ], [ 81.032889530115085, 7.417088365354708 ], [ 81.032889530115085, 7.417061415896185 ], [ 81.032929954302872, 7.416940143332829 ], [ 81.032938937455711, 7.416940143332829 ], [ 81.032979361643498, 7.416899719145043 ], [ 81.032979361643498, 7.416890735992202 ], [ 81.033019785831272, 7.416850311804417 ], [ 81.03302876898411, 7.416850311804417 ], [ 81.033069193171897, 7.416809887616632 ], [ 81.033069193171897, 7.416800904463789 ], [ 81.03302876898411, 7.416760480276004 ], [ 81.033019785831272, 7.416760480276004 ], [ 81.032979361643498, 7.416720056088218 ], [ 81.032979361643498, 7.416711072935378 ], [ 81.032898513267924, 7.416670648747592 ], [ 81.032880546962247, 7.416670648747592 ], [ 81.032799698586672, 7.416630224559807 ], [ 81.032799698586672, 7.416621241406967 ], [ 81.032718850211097, 7.416580817219181 ], [ 81.03270088390542, 7.416580817219181 ], [ 81.032620035529845, 7.416540393031395 ], [ 81.032620035529845, 7.416531409878554 ], [ 81.032498762966497, 7.416490985690769 ], [ 81.032471813507954, 7.416490985690769 ], [ 81.032350540944606, 7.416571834066339 ], [ 81.032350540944606, 7.416589800372021 ], [ 81.032269692569031, 7.416670648747592 ], [ 81.032251726263354, 7.416670648747592 ], [ 81.032170877887779, 7.416711072935378 ], [ 81.032170877887779, 7.416720056088218 ], [ 81.032211302075567, 7.416760480276004 ], [ 81.032220285228405, 7.416760480276004 ], [ 81.032260709416192, 7.416800904463789 ], [ 81.032260709416192, 7.416809887616632 ], [ 81.03230113360398, 7.416850311804417 ], [ 81.032310116756818, 7.416850311804417 ], [ 81.032350540944606, 7.416931160179987 ], [ 81.032350540944606, 7.416949126485669 ], [ 81.032471813507954, 7.41702997486124 ], [ 81.032498762966497, 7.41702997486124 ], [ 81.032620035529845, 7.416989550673454 ], [ 81.032620035529845, 7.416980567520614 ], [ 81.032660459717633, 7.416940143332829 ], [ 81.032669442870471, 7.416940143332829 ], [ 81.032709867058259, 7.416899719145043 ], [ 81.032709867058259, 7.416890735992202 ], [ 81.032750291246046, 7.416850311804417 ], [ 81.032759274398884, 7.416850311804417 ], [ 81.032799698586672, 7.416931160179987 ], [ 81.032799698586672, 7.416949126485669 ], [ 81.032759274398884, 7.41702997486124 ], [ 81.032750291246046, 7.41702997486124 ], [ 81.032709867058259, 7.417070399049026 ], [ 81.032709867058259, 7.417079382201866 ], [ 81.032629018682684, 7.417119806389652 ], [ 81.032611052377007, 7.417119806389652 ], [ 81.032530204001432, 7.417160230577437 ], [ 81.032530204001432, 7.417169213730279 ], [ 81.032611052377007, 7.417209637918065 ], [ 81.032629018682684, 7.417209637918065 ], [ 81.032709867058259, 7.417250062105849 ], [ 81.032709867058259, 7.417259045258691 ], [ 81.032750291246046, 7.417299469446476 ] ] ] ] } },
{ "type": "Feature", "properties": { "fid": 1040374.0, "DN": 3, "area": 3153 }, "geometry": { "type": "MultiPolygon", "coordinates": [ [ [ [ 81.032332574638929, 7.415951996520297 ], [ 81.032368507250283, 7.415951996520297 ], [ 81.032530204001432, 7.415790299769156 ], [ 81.032530204001432, 7.415754367157791 ], [ 81.032611052377007, 7.415592670406649 ], [ 81.032629018682684, 7.415592670406649 ], [ 81.032709867058259, 7.415511822031078 ], [ 81.032709867058259, 7.415493855725396 ], [ 81.032750291246046, 7.415413007349825 ], [ 81.032759274398884, 7.415413007349825 ], [ 81.032799698586672, 7.415332158974254 ], [ 81.032799698586672, 7.415314192668572 ], [ 81.032678426023324, 7.415233344293002 ], [ 81.03265147656478, 7.415233344293002 ], [ 81.032530204001432, 7.415314192668572 ], [ 81.032530204001432, 7.415332158974254 ], [ 81.032449355625857, 7.415413007349825 ], [ 81.03243138932018, 7.415413007349825 ], [ 81.032350540944606, 7.41545343153761 ], [ 81.032350540944606, 7.415462414690452 ], [ 81.032269692569031, 7.415502838878237 ], [ 81.032251726263354, 7.415502838878237 ], [ 81.032170877887779, 7.415704959817164 ], [ 81.032170877887779, 7.41574987558137 ], [ 81.032332574638929, 7.415951996520297 ] ] ] ] } },
{ "type": "Feature", "properties": { "fid": 1112958.0, "DN": 3, "area": 6702 }, "geometry": { "type": "MultiPolygon", "coordinates": [ [ [ [ 81.013885670279535, 7.270335088964522 ], [ 81.013894653432374, 7.270335088964522 ], [ 81.013935077620161, 7.270294664776737 ], [ 81.013935077620161, 7.270285681623896 ], [ 81.013894653432374, 7.270245257436111 ], [ 81.013885670279535, 7.270245257436111 ], [ 81.013845246091748, 7.270204833248325 ], [ 81.013845246091748, 7.270195850095485 ], [ 81.013926094467323, 7.270155425907699 ], [ 81.013944060772999, 7.270155425907699 ], [ 81.014024909148574, 7.270115001719914 ], [ 81.014024909148574, 7.270106018567073 ], [ 81.013984484960787, 7.270065594379287 ], [ 81.013975501807948, 7.270065594379287 ], [ 81.013935077620161, 7.270025170191501 ], [ 81.013935077620161, 7.27001618703866 ], [ 81.013894653432374, 7.269975762850875 ], [ 81.013885670279535, 7.269975762850875 ], [ 81.013845246091748, 7.269814066099733 ], [ 81.013845246091748, 7.269778133488368 ], [ 81.01380482190396, 7.269616436737227 ], [ 81.013795838751122, 7.269616436737227 ], [ 81.013755414563335, 7.269576012549441 ], [ 81.013755414563335, 7.269567029396601 ], [ 81.013795838751122, 7.269526605208815 ], [ 81.01380482190396, 7.269526605208815 ], [ 81.013845246091748, 7.269324484269887 ], [ 81.013845246091748, 7.269279568505683 ], [ 81.01380482190396, 7.269077447566755 ], [ 81.013795838751122, 7.269077447566755 ], [ 81.013755414563335, 7.269158295942326 ], [ 81.013755414563335, 7.269176262248008 ], [ 81.013634141999972, 7.269257110623579 ], [ 81.013607192541457, 7.269257110623579 ], [ 81.013485919978095, 7.269378383186936 ], [ 81.013485919978095, 7.269405332645459 ], [ 81.013526344165882, 7.269526605208815 ], [ 81.013535327318721, 7.269526605208815 ], [ 81.013575751506508, 7.269567029396601 ], [ 81.013575751506508, 7.269576012549441 ], [ 81.013414054755373, 7.269616436737227 ], [ 81.013378122144005, 7.269616436737227 ], [ 81.013216425392869, 7.269656860925013 ], [ 81.013216425392869, 7.269665844077853 ], [ 81.013458970519579, 7.269706268265638 ], [ 81.013512869436624, 7.269706268265638 ], [ 81.013755414563335, 7.269746692453424 ], [ 81.013755414563335, 7.269755675606265 ], [ 81.013472445248837, 7.269796099794051 ], [ 81.013409563178953, 7.269796099794051 ], [ 81.013126593864456, 7.269957796545192 ], [ 81.013126593864456, 7.269993729156557 ], [ 81.013288290615591, 7.270155425907699 ], [ 81.013324223226959, 7.270155425907699 ], [ 81.013485919978095, 7.27023627428327 ], [ 81.013485919978095, 7.270254240588952 ], [ 81.01356676835367, 7.270335088964522 ], [ 81.013584734659347, 7.270335088964522 ], [ 81.013665583034921, 7.270375513152308 ], [ 81.013665583034921, 7.270384496305149 ], [ 81.013746431410482, 7.270424920492935 ], [ 81.013764397716187, 7.270424920492935 ], [ 81.013845246091748, 7.270384496305149 ], [ 81.013845246091748, 7.270375513152308 ], [ 81.013885670279535, 7.270335088964522 ] ], [ [ 81.013485919978095, 7.269926355510249 ], [ 81.013485919978095, 7.269935338663089 ], [ 81.013405071602534, 7.269975762850875 ], [ 81.013387105296829, 7.269975762850875 ], [ 81.013306256921268, 7.269935338663089 ], [ 81.013306256921268, 7.269926355510249 ], [ 81.013387105296829, 7.269885931322463 ], [ 81.013405071602534, 7.269885931322463 ], [ 81.013485919978095, 7.269926355510249 ] ] ] ] } },
{ "type": "Feature", "properties": { "fid": 1113651.0, "DN": 3, "area": 14980 }, "geometry": { "type": "MultiPolygon", "coordinates": [ [ [ [ 81.012129463899086, 7.269257110623579 ], [ 81.012147430204763, 7.269257110623579 ], [ 81.012228278580338, 7.269135838060222 ], [ 81.012228278580338, 7.2691088886017 ], [ 81.012268702768125, 7.268987616038343 ], [ 81.012277685920964, 7.268987616038343 ], [ 81.012318110108737, 7.268947191850557 ], [ 81.012318110108737, 7.268938208697717 ], [ 81.012277685920964, 7.268897784509932 ], [ 81.012268702768125, 7.268897784509932 ], [ 81.012228278580338, 7.268533966819863 ], [ 81.012228278580338, 7.268453118444292 ], [ 81.01218785439255, 7.268089300754223 ], [ 81.012178871239712, 7.268089300754223 ], [ 81.012138447051925, 7.268008452378653 ], [ 81.012138447051925, 7.26799048607297 ], [ 81.012178871239712, 7.2679096376974 ], [ 81.01218785439255, 7.2679096376974 ], [ 81.012228278580338, 7.267828789321829 ], [ 81.012228278580338, 7.267810823016147 ], [ 81.01218785439255, 7.267729974640575 ], [ 81.012178871239712, 7.267729974640575 ], [ 81.012138447051925, 7.267770398828361 ], [ 81.012138447051925, 7.267779381981202 ], [ 81.012098022864137, 7.267819806168988 ], [ 81.012089039711299, 7.267819806168988 ], [ 81.012048615523511, 7.267860230356773 ], [ 81.012048615523511, 7.267869213509615 ], [ 81.011967767147951, 7.2679096376974 ], [ 81.011949800842245, 7.2679096376974 ], [ 81.011868952466685, 7.267828789321829 ], [ 81.011868952466685, 7.267810823016147 ], [ 81.011707255715535, 7.267729974640575 ], [ 81.011671323104181, 7.267729974640575 ], [ 81.011509626353032, 7.268255489081786 ], [ 81.011509626353032, 7.268372270068721 ], [ 81.011469202165244, 7.268897784509932 ], [ 81.011460219012406, 7.268897784509932 ], [ 81.011419794824619, 7.268938208697717 ], [ 81.011419794824619, 7.268947191850557 ], [ 81.011460219012406, 7.268987616038343 ], [ 81.011469202165244, 7.268987616038343 ], [ 81.011509626353032, 7.269028040226129 ], [ 81.011509626353032, 7.269037023378969 ], [ 81.011469202165244, 7.269077447566755 ], [ 81.011460219012406, 7.269077447566755 ], [ 81.011419794824619, 7.26911787175454 ], [ 81.011419794824619, 7.269126854907382 ], [ 81.011379370636831, 7.269167279095168 ], [ 81.011370387483993, 7.269167279095168 ], [ 81.011329963296205, 7.269207703282953 ], [ 81.011329963296205, 7.269216686435794 ], [ 81.011289539108418, 7.269257110623579 ], [ 81.01128055595558, 7.269257110623579 ], [ 81.011240131767806, 7.269297534811365 ], [ 81.011240131767806, 7.269306517964205 ], [ 81.01128055595558, 7.269346942151991 ], [ 81.011289539108418, 7.269346942151991 ], [ 81.011329963296205, 7.269387366339776 ], [ 81.011329963296205, 7.269396349492617 ], [ 81.011572508422915, 7.269436773680403 ], [ 81.011626407339975, 7.269436773680403 ], [ 81.011868952466685, 7.269477197868189 ], [ 81.011868952466685, 7.26948618102103 ], [ 81.011949800842245, 7.269526605208815 ], [ 81.011967767147951, 7.269526605208815 ], [ 81.012048615523511, 7.269405332645459 ], [ 81.012048615523511, 7.269378383186936 ], [ 81.012129463899086, 7.269257110623579 ] ], [ [ 81.012138447051925, 7.268219556470422 ], [ 81.012138447051925, 7.268228539623262 ], [ 81.012098022864137, 7.268268963811048 ], [ 81.012089039711299, 7.268268963811048 ], [ 81.012048615523511, 7.268228539623262 ], [ 81.012048615523511, 7.268219556470422 ], [ 81.012089039711299, 7.268179132282636 ], [ 81.012098022864137, 7.268179132282636 ], [ 81.012138447051925, 7.268219556470422 ] ] ] ] } },
{ "type": "Feature", "properties": { "fid": 1114204.0, "DN": 3, "area": 5716 }, "geometry": { "type": "MultiPolygon", "coordinates": [ [ [ [ 81.013135577017295, 7.267370648526928 ], [ 81.013117610711618, 7.267370648526928 ], [ 81.013036762336043, 7.267330224339142 ], [ 81.013036762336043, 7.267321241186302 ], [ 81.012996338148255, 7.267280816998516 ], [ 81.012987354995417, 7.267280816998516 ], [ 81.01294693080763, 7.267240392810731 ], [ 81.01294693080763, 7.26723140965789 ], [ 81.013027779183204, 7.267190985470105 ], [ 81.013045745488881, 7.267190985470105 ], [ 81.013126593864456, 7.267150561282319 ], [ 81.013126593864456, 7.267141578129477 ], [ 81.013045745488881, 7.267101153941692 ], [ 81.013027779183204, 7.267101153941692 ], [ 81.01294693080763, 7.267060729753906 ], [ 81.01294693080763, 7.267051746601066 ], [ 81.012866082432055, 7.26701132241328 ], [ 81.012848116126378, 7.26701132241328 ], [ 81.012767267750803, 7.266930474037709 ], [ 81.012767267750803, 7.266912507732027 ], [ 81.012686419375228, 7.266831659356456 ], [ 81.012668453069551, 7.266831659356456 ], [ 81.012587604693977, 7.266791235168671 ], [ 81.012587604693977, 7.26678225201583 ], [ 81.012547180506189, 7.266741827828044 ], [ 81.012538197353351, 7.266741827828044 ], [ 81.012497773165563, 7.26678225201583 ], [ 81.012497773165563, 7.266791235168671 ], [ 81.012457348977776, 7.266831659356456 ], [ 81.012448365824937, 7.266831659356456 ], [ 81.01240794163715, 7.266791235168671 ], [ 81.01240794163715, 7.26678225201583 ], [ 81.01232709326159, 7.266741827828044 ], [ 81.012309126955898, 7.266741827828044 ], [ 81.012228278580338, 7.26678225201583 ], [ 81.012228278580338, 7.266791235168671 ], [ 81.012268702768125, 7.266831659356456 ], [ 81.012277685920964, 7.266831659356456 ], [ 81.012318110108737, 7.266872083544242 ], [ 81.012318110108737, 7.266881066697083 ], [ 81.01235853429651, 7.266921490884869 ], [ 81.012367517449377, 7.266921490884869 ], [ 81.01240794163715, 7.266961915072654 ], [ 81.01240794163715, 7.266970898225495 ], [ 81.01232709326159, 7.26701132241328 ], [ 81.012309126955898, 7.26701132241328 ], [ 81.012228278580338, 7.267051746601066 ], [ 81.012228278580338, 7.267060729753906 ], [ 81.012268702768125, 7.267101153941692 ], [ 81.012277685920964, 7.267101153941692 ], [ 81.012318110108737, 7.267141578129477 ], [ 81.012318110108737, 7.267150561282319 ], [ 81.012277685920964, 7.267190985470105 ], [ 81.012268702768125, 7.267190985470105 ], [ 81.012228278580338, 7.26723140965789 ], [ 81.012228278580338, 7.267240392810731 ], [ 81.012309126955898, 7.267280816998516 ], [ 81.01232709326159, 7.267280816998516 ], [ 81.01240794163715, 7.267361665374088 ], [ 81.01240794163715, 7.26737963167977 ], [ 81.012488790012725, 7.26746048005534 ], [ 81.012506756318402, 7.26746048005534 ], [ 81.012587604693977, 7.267500904243126 ], [ 81.012587604693977, 7.267509887395967 ], [ 81.012870574008474, 7.267550311583753 ], [ 81.012933456078372, 7.267550311583753 ], [ 81.013216425392869, 7.267469463208181 ], [ 81.013216425392869, 7.267451496902499 ], [ 81.013135577017295, 7.267370648526928 ] ], [ [ 81.012497773165563, 7.267060729753906 ], [ 81.012497773165563, 7.267051746601066 ], [ 81.012538197353351, 7.26701132241328 ], [ 81.012547180506189, 7.26701132241328 ], [ 81.012587604693977, 7.267051746601066 ], [ 81.012587604693977, 7.267060729753906 ], [ 81.012547180506189, 7.267101153941692 ], [ 81.012538197353351, 7.267101153941692 ], [ 81.012497773165563, 7.267060729753906 ] ], [ [ 81.012857099279216, 7.267420055867555 ], [ 81.012857099279216, 7.267411072714713 ], [ 81.012897523467004, 7.267370648526928 ], [ 81.012906506619842, 7.267370648526928 ], [ 81.01294693080763, 7.267411072714713 ], [ 81.01294693080763, 7.267420055867555 ], [ 81.012906506619842, 7.26746048005534 ], [ 81.012897523467004, 7.26746048005534 ], [ 81.012857099279216, 7.267420055867555 ] ] ] ] } },
{ "type": "Feature", "properties": { "fid": 1144722.0, "DN": 3, "area": 3154 }, "geometry": { "type": "MultiPolygon", "coordinates": [ [ [ [ 81.021921100495987, 7.214190383707052 ], [ 81.021939066801664, 7.214190383707052 ], [ 81.022019915177239, 7.214149959519267 ], [ 81.022019915177239, 7.214140976366426 ], [ 81.022141187740587, 7.214100552178641 ], [ 81.022168137199117, 7.214100552178641 ], [ 81.022289409762465, 7.213979279615284 ], [ 81.022289409762465, 7.213952330156761 ], [ 81.022248985574691, 7.213831057593405 ], [ 81.022240002421825, 7.213831057593405 ], [ 81.022199578234051, 7.213911905968976 ], [ 81.022199578234051, 7.213929872274658 ], [ 81.022078305670703, 7.214010720650228 ], [ 81.022051356212188, 7.214010720650228 ], [ 81.021930083648826, 7.213970296462443 ], [ 81.021930083648826, 7.213961313309602 ], [ 81.021889659461038, 7.213920889121816 ], [ 81.0218806763082, 7.213920889121816 ], [ 81.021840252120413, 7.21388046493403 ], [ 81.021840252120413, 7.21387148178119 ], [ 81.021678555369277, 7.213831057593405 ], [ 81.021642622757895, 7.213831057593405 ], [ 81.02148092600676, 7.213750209217833 ], [ 81.02148092600676, 7.213732242912151 ], [ 81.021278805067837, 7.213651394536581 ], [ 81.02123388930363, 7.213651394536581 ], [ 81.021031768364708, 7.213732242912151 ], [ 81.021031768364708, 7.213750209217833 ], [ 81.021153040928056, 7.213831057593405 ], [ 81.021179990386571, 7.213831057593405 ], [ 81.021301262949933, 7.21387148178119 ], [ 81.021301262949933, 7.21388046493403 ], [ 81.021382111325494, 7.213920889121816 ], [ 81.021400077631199, 7.213920889121816 ], [ 81.02148092600676, 7.213961313309602 ], [ 81.02148092600676, 7.213970296462443 ], [ 81.021561774382334, 7.214010720650228 ], [ 81.021579740688011, 7.214010720650228 ], [ 81.021660589063586, 7.214051144838014 ], [ 81.021660589063586, 7.214060127990855 ], [ 81.021741437439147, 7.214100552178641 ], [ 81.021759403744852, 7.214100552178641 ], [ 81.021840252120413, 7.214140976366426 ], [ 81.021840252120413, 7.214149959519267 ], [ 81.021921100495987, 7.214190383707052 ] ] ] ] } },
{ "type": "Feature", "properties": { "fid": 1145167.0, "DN": 3, "area": 3154 }, "geometry": { "type": "MultiPolygon", "coordinates": [ [ [ [ 81.020173877268377, 7.213831057593405 ], [ 81.020182860421215, 7.213831057593405 ], [ 81.020223284608988, 7.213790633405619 ], [ 81.020223284608988, 7.213781650252779 ], [ 81.020263708796776, 7.213741226064993 ], [ 81.020272691949614, 7.213741226064993 ], [ 81.020313116137402, 7.213700801877208 ], [ 81.020313116137402, 7.213691818724366 ], [ 81.020272691949614, 7.213651394536581 ], [ 81.020263708796776, 7.213651394536581 ], [ 81.020223284608988, 7.21357054616101 ], [ 81.020223284608988, 7.213552579855328 ], [ 81.020142436233414, 7.213471731479757 ], [ 81.020124469927737, 7.213471731479757 ], [ 81.020043621552176, 7.213148337977474 ], [ 81.020043621552176, 7.213076472754745 ], [ 81.019962773176616, 7.212753079252462 ], [ 81.01994480687091, 7.212753079252462 ], [ 81.01986395849535, 7.212874351815818 ], [ 81.01986395849535, 7.212901301274341 ], [ 81.019823534307562, 7.213022573837697 ], [ 81.019814551154724, 7.213022573837697 ], [ 81.019774126966936, 7.213062998025482 ], [ 81.019774126966936, 7.213071981178324 ], [ 81.019733702779149, 7.213112405366109 ], [ 81.019724719626311, 7.213112405366109 ], [ 81.019684295438523, 7.213193253741681 ], [ 81.019684295438523, 7.213211220047363 ], [ 81.019765143814098, 7.213292068422933 ], [ 81.019783110119775, 7.213292068422933 ], [ 81.01986395849535, 7.213413340986289 ], [ 81.01986395849535, 7.213440290444812 ], [ 81.019904382683137, 7.213561563008168 ], [ 81.019913365835976, 7.213561563008168 ], [ 81.019953790023763, 7.213601987195954 ], [ 81.019953790023763, 7.213610970348795 ], [ 81.01999421421155, 7.213651394536581 ], [ 81.020003197364389, 7.213651394536581 ], [ 81.020043621552176, 7.213691818724366 ], [ 81.020043621552176, 7.213700801877208 ], [ 81.020084045739964, 7.213741226064993 ], [ 81.020093028892802, 7.213741226064993 ], [ 81.020133453080589, 7.213781650252779 ], [ 81.020133453080589, 7.213790633405619 ], [ 81.020173877268377, 7.213831057593405 ] ] ] ] } },
{ "type": "Feature", "properties": { "fid": 1152891.0, "DN": 3, "area": 4534 }, "geometry": { "type": "MultiPolygon", "coordinates": [ [ [ [ 81.042362264786121, 7.198649529291785 ], [ 81.042371247938959, 7.198649529291785 ], [ 81.042411672126747, 7.198568680916214 ], [ 81.042411672126747, 7.198550714610532 ], [ 81.04245209631452, 7.19846986623496 ], [ 81.042461079467387, 7.19846986623496 ], [ 81.04250150365516, 7.19838901785939 ], [ 81.04250150365516, 7.198371051553708 ], [ 81.042582352030735, 7.198290203178138 ], [ 81.042600318336412, 7.198290203178138 ], [ 81.042681166711986, 7.198168930614782 ], [ 81.042681166711986, 7.198141981156257 ], [ 81.042721590899774, 7.198020708592901 ], [ 81.042730574052612, 7.198020708592901 ], [ 81.0427709982404, 7.19793986021733 ], [ 81.0427709982404, 7.197921893911648 ], [ 81.042811422428187, 7.197841045536077 ], [ 81.042820405581026, 7.197841045536077 ], [ 81.042860829768813, 7.197719772972721 ], [ 81.042860829768813, 7.197692823514197 ], [ 81.042820405581026, 7.197571550950841 ], [ 81.042811422428187, 7.197571550950841 ], [ 81.0427709982404, 7.197531126763056 ], [ 81.0427709982404, 7.197522143610215 ], [ 81.042730574052612, 7.197481719422429 ], [ 81.042721590899774, 7.197481719422429 ], [ 81.042681166711986, 7.197441295234643 ], [ 81.042681166711986, 7.197432312081803 ], [ 81.042640742524199, 7.197391887894018 ], [ 81.042631759371361, 7.197391887894018 ], [ 81.042591335183573, 7.197311039518446 ], [ 81.042591335183573, 7.197293073212764 ], [ 81.042550910995786, 7.197212224837194 ], [ 81.042541927842947, 7.197212224837194 ], [ 81.04250150365516, 7.19733349740055 ], [ 81.04250150365516, 7.197360446859073 ], [ 81.042541927842947, 7.197481719422429 ], [ 81.042550910995786, 7.197481719422429 ], [ 81.042591335183573, 7.197522143610215 ], [ 81.042591335183573, 7.197531126763056 ], [ 81.042631759371361, 7.197571550950841 ], [ 81.042640742524199, 7.197571550950841 ], [ 81.042681166711986, 7.197652399326412 ], [ 81.042681166711986, 7.197670365632094 ], [ 81.042600318336412, 7.197751214007665 ], [ 81.042582352030735, 7.197751214007665 ], [ 81.04250150365516, 7.197832062383236 ], [ 81.04250150365516, 7.197850028688919 ], [ 81.042420655279585, 7.197930877064489 ], [ 81.042402688973908, 7.197930877064489 ], [ 81.042321840598333, 7.198011725440059 ], [ 81.042321840598333, 7.198029691745742 ], [ 81.042281416410546, 7.198110540121313 ], [ 81.042272433257708, 7.198110540121313 ], [ 81.04223200906992, 7.198029691745742 ], [ 81.04223200906992, 7.198011725440059 ], [ 81.042191584882133, 7.197930877064489 ], [ 81.042182601729294, 7.197930877064489 ], [ 81.042142177541507, 7.198092573815631 ], [ 81.042142177541507, 7.198128506426996 ], [ 81.042223025917082, 7.198290203178138 ], [ 81.042240992222759, 7.198290203178138 ], [ 81.042321840598333, 7.198451899929279 ], [ 81.042321840598333, 7.198487832540644 ], [ 81.042362264786121, 7.198649529291785 ] ] ] ] } },
{ "type": "Feature", "properties": { "fid": 1154032.0, "DN": 3, "area": 3253 }, "geometry": { "type": "MultiPolygon", "coordinates": [ [ [ [ 81.044019656485318, 7.195954583439426 ], [ 81.044037622790995, 7.195954583439426 ], [ 81.04411847116657, 7.195873735063856 ], [ 81.04411847116657, 7.195855768758173 ], [ 81.044158895354357, 7.195774920382602 ], [ 81.044167878507196, 7.195774920382602 ], [ 81.044208302694983, 7.195734496194817 ], [ 81.044208302694983, 7.195725513041976 ], [ 81.04424872688277, 7.195685088854191 ], [ 81.044257710035609, 7.195685088854191 ], [ 81.044298134223396, 7.195523392103049 ], [ 81.044298134223396, 7.195487459491685 ], [ 81.04433855841117, 7.195325762740543 ], [ 81.044347541564036, 7.195325762740543 ], [ 81.04438796575181, 7.195204490177186 ], [ 81.04438796575181, 7.195177540718664 ], [ 81.044266693188462, 7.195056268155307 ], [ 81.044239743729918, 7.195056268155307 ], [ 81.04411847116657, 7.195096692343093 ], [ 81.04411847116657, 7.195105675495933 ], [ 81.044158895354357, 7.195146099683718 ], [ 81.044167878507196, 7.195146099683718 ], [ 81.044208302694983, 7.195186523871504 ], [ 81.044208302694983, 7.195195507024344 ], [ 81.044087030131621, 7.19523593121213 ], [ 81.044060080673106, 7.19523593121213 ], [ 81.043938808109743, 7.195276355399916 ], [ 81.043938808109743, 7.195285338552758 ], [ 81.043979232297531, 7.195325762740543 ], [ 81.043988215450369, 7.195325762740543 ], [ 81.044028639638157, 7.195366186928329 ], [ 81.044028639638157, 7.195375170081169 ], [ 81.043988215450369, 7.195415594268955 ], [ 81.043979232297531, 7.195415594268955 ], [ 81.043938808109743, 7.195577291020096 ], [ 81.043938808109743, 7.195613223631461 ], [ 81.04389838392197, 7.195774920382602 ], [ 81.043889400769118, 7.195774920382602 ], [ 81.043848976581344, 7.195815344570388 ], [ 81.043848976581344, 7.195824327723228 ], [ 81.043889400769118, 7.195864751911014 ], [ 81.04389838392197, 7.195864751911014 ], [ 81.043938808109743, 7.195905176098799 ], [ 81.043938808109743, 7.19591415925164 ], [ 81.044019656485318, 7.195954583439426 ] ] ] ] } },
{ "type": "Feature", "properties": { "fid": 1209208.0, "DN": 3, "area": 3254 }, "geometry": { "type": "MultiPolygon", "coordinates": [ [ [ [ 81.61219509053808, 7.066148024884155 ], [ 81.612231023149434, 7.066148024884155 ], [ 81.612392719900583, 7.066067176508584 ], [ 81.612392719900583, 7.066049210202902 ], [ 81.612311871525009, 7.065968361827331 ], [ 81.612293905219332, 7.065968361827331 ], [ 81.612213056843757, 7.065927937639546 ], [ 81.612213056843757, 7.065918954486705 ], [ 81.612132208468182, 7.065878530298919 ], [ 81.612114242162505, 7.065878530298919 ], [ 81.61203339378693, 7.065838106111133 ], [ 81.61203339378693, 7.065829122958293 ], [ 81.611992969599143, 7.065788698770508 ], [ 81.611983986446305, 7.065788698770508 ], [ 81.611943562258517, 7.065748274582722 ], [ 81.611943562258517, 7.065739291429882 ], [ 81.611983986446305, 7.065698867242096 ], [ 81.611992969599143, 7.065698867242096 ], [ 81.61203339378693, 7.065658443054311 ], [ 81.61203339378693, 7.065649459901469 ], [ 81.611952545411356, 7.065609035713684 ], [ 81.611934579105679, 7.065609035713684 ], [ 81.611853730730118, 7.065528187338113 ], [ 81.611853730730118, 7.065510221032431 ], [ 81.611732458166756, 7.06542937265686 ], [ 81.611705508708241, 7.06542937265686 ], [ 81.611584236144878, 7.065388948469074 ], [ 81.611584236144878, 7.065379965316232 ], [ 81.611543811957091, 7.065339541128448 ], [ 81.611534828804253, 7.065339541128448 ], [ 81.611494404616465, 7.065299116940662 ], [ 81.611494404616465, 7.065290133787821 ], [ 81.611413556240905, 7.065249709600035 ], [ 81.611395589935199, 7.065249709600035 ], [ 81.611314741559639, 7.065290133787821 ], [ 81.611314741559639, 7.065299116940662 ], [ 81.611355165747426, 7.065339541128448 ], [ 81.611364148900265, 7.065339541128448 ], [ 81.611404573088052, 7.065379965316232 ], [ 81.611404573088052, 7.065388948469074 ], [ 81.611444997275839, 7.06542937265686 ], [ 81.611453980428678, 7.06542937265686 ], [ 81.611494404616465, 7.065510221032431 ], [ 81.611494404616465, 7.065528187338113 ], [ 81.611534828804253, 7.065609035713684 ], [ 81.611543811957091, 7.065609035713684 ], [ 81.611584236144878, 7.065649459901469 ], [ 81.611584236144878, 7.065658443054311 ], [ 81.611624660332666, 7.065698867242096 ], [ 81.611633643485504, 7.065698867242096 ], [ 81.611674067673292, 7.065739291429882 ], [ 81.611674067673292, 7.065748274582722 ], [ 81.611754916048852, 7.065788698770508 ], [ 81.611772882354558, 7.065788698770508 ], [ 81.611853730730118, 7.065829122958293 ], [ 81.611853730730118, 7.065838106111133 ], [ 81.611894154917906, 7.065878530298919 ], [ 81.611903138070744, 7.065878530298919 ], [ 81.611943562258517, 7.065918954486705 ], [ 81.611943562258517, 7.065927937639546 ], [ 81.611983986446305, 7.065968361827331 ], [ 81.611992969599143, 7.065968361827331 ], [ 81.61203339378693, 7.066049210202902 ], [ 81.61203339378693, 7.066067176508584 ], [ 81.61219509053808, 7.066148024884155 ] ] ] ] } },
{ "type": "Feature", "properties": { "fid": 1230443.0, "DN": 3, "area": 3057 }, "geometry": { "type": "MultiPolygon", "coordinates": [ [ [ [ 81.503957081954525, 6.999403199274076 ], [ 81.503975048260202, 6.999403199274076 ], [ 81.504055896635776, 6.999201078335147 ], [ 81.504055896635776, 6.999156162570943 ], [ 81.504015472448003, 6.998954041632015 ], [ 81.504006489295136, 6.998954041632015 ], [ 81.503966065107363, 6.998913617444229 ], [ 81.503966065107363, 6.998904634291389 ], [ 81.503925640919576, 6.998864210103603 ], [ 81.503916657766737, 6.998864210103603 ], [ 81.50387623357895, 6.998783361728032 ], [ 81.50387623357895, 6.99876539542235 ], [ 81.503795385203375, 6.998684547046779 ], [ 81.503777418897698, 6.998684547046779 ], [ 81.503696570522123, 6.998603698671209 ], [ 81.503696570522123, 6.998585732365527 ], [ 81.503656146334336, 6.998504883989956 ], [ 81.503647163181498, 6.998504883989956 ], [ 81.50360673899371, 6.998424035614384 ], [ 81.50360673899371, 6.998406069308702 ], [ 81.503566314805937, 6.998325220933131 ], [ 81.50355733165307, 6.998325220933131 ], [ 81.503516907465297, 6.998567766059843 ], [ 81.503516907465297, 6.998621664976891 ], [ 81.50355733165307, 6.998864210103603 ], [ 81.503566314805937, 6.998864210103603 ], [ 81.50360673899371, 6.998904634291389 ], [ 81.50360673899371, 6.998913617444229 ], [ 81.503647163181498, 6.998954041632015 ], [ 81.503656146334336, 6.998954041632015 ], [ 81.503696570522123, 6.9989944658198 ], [ 81.503696570522123, 6.999003448972641 ], [ 81.503736994709911, 6.999043873160427 ], [ 81.503745977862749, 6.999043873160427 ], [ 81.503786402050537, 6.999084297348213 ], [ 81.503786402050537, 6.999093280501054 ], [ 81.503826826238324, 6.999133704688839 ], [ 81.503835809391163, 6.999133704688839 ], [ 81.50387623357895, 6.999254977252196 ], [ 81.50387623357895, 6.999281926710719 ], [ 81.503957081954525, 6.999403199274076 ] ] ] ] } },
{ "type": "Feature", "properties": { "fid": 1231368.0, "DN": 3, "area": 3747 }, "geometry": { "type": "MultiPolygon", "coordinates": [ [ [ [ 81.499676609625681, 6.996169264251245 ], [ 81.499721525389901, 6.996169264251245 ], [ 81.499923646328824, 6.996128840063459 ], [ 81.499923646328824, 6.996119856910618 ], [ 81.499883222141037, 6.996079432722833 ], [ 81.499874238988198, 6.996079432722833 ], [ 81.499833814800411, 6.996039008535047 ], [ 81.499833814800411, 6.996030025382206 ], [ 81.499793390612638, 6.99598960119442 ], [ 81.499784407459771, 6.99598960119442 ], [ 81.499743983271998, 6.995868328631064 ], [ 81.499743983271998, 6.995841379172541 ], [ 81.49970355908421, 6.995720106609185 ], [ 81.499694575931372, 6.995720106609185 ], [ 81.499654151743584, 6.995598834045829 ], [ 81.499654151743584, 6.995571884587305 ], [ 81.499694575931372, 6.995450612023949 ], [ 81.49970355908421, 6.995450612023949 ], [ 81.499743983271998, 6.995410187836163 ], [ 81.499743983271998, 6.995401204683322 ], [ 81.499663134896423, 6.995360780495536 ], [ 81.499645168590746, 6.995360780495536 ], [ 81.499564320215171, 6.995562901434464 ], [ 81.499564320215171, 6.995607817198669 ], [ 81.499523896027384, 6.995809938137597 ], [ 81.499514912874545, 6.995809938137597 ], [ 81.499474488686758, 6.995486544635314 ], [ 81.499474488686758, 6.995414679412585 ], [ 81.499434064498971, 6.995091285910301 ], [ 81.499425081346132, 6.995091285910301 ], [ 81.499384657158345, 6.995212558473657 ], [ 81.499384657158345, 6.995239507932181 ], [ 81.499344232970572, 6.995360780495536 ], [ 81.499335249817705, 6.995360780495536 ], [ 81.499294825629931, 6.995441628871108 ], [ 81.499294825629931, 6.99545959517679 ], [ 81.499335249817705, 6.995540443552361 ], [ 81.499344232970572, 6.995540443552361 ], [ 81.499384657158345, 6.995580867740147 ], [ 81.499384657158345, 6.995589850892987 ], [ 81.499344232970572, 6.995630275080773 ], [ 81.499335249817705, 6.995630275080773 ], [ 81.499294825629931, 6.995791971831914 ], [ 81.499294825629931, 6.995827904443279 ], [ 81.499375674005506, 6.99598960119442 ], [ 81.499393640311183, 6.99598960119442 ], [ 81.499474488686758, 6.996070449569991 ], [ 81.499474488686758, 6.996088415875674 ], [ 81.499676609625681, 6.996169264251245 ] ] ] ] } },
{ "type": "Feature", "properties": { "fid": 1231448.0, "DN": 3, "area": 3057 }, "geometry": { "type": "MultiPolygon", "coordinates": [ [ [ [ 81.500004494704399, 6.995630275080773 ], [ 81.500022461010076, 6.995630275080773 ], [ 81.500103309385651, 6.995589850892987 ], [ 81.500103309385651, 6.995580867740147 ], [ 81.500143733573424, 6.995540443552361 ], [ 81.500152716726262, 6.995540443552361 ], [ 81.50019314091405, 6.995500019364576 ], [ 81.50019314091405, 6.995491036211734 ], [ 81.500233565101837, 6.995450612023949 ], [ 81.500242548254676, 6.995450612023949 ], [ 81.500282972442463, 6.995369763648378 ], [ 81.500282972442463, 6.995351797342696 ], [ 81.50032339663025, 6.995270948967125 ], [ 81.500332379783089, 6.995270948967125 ], [ 81.500372803970876, 6.995230524779339 ], [ 81.500372803970876, 6.995221541626499 ], [ 81.500453652346451, 6.995181117438714 ], [ 81.500471618652128, 6.995181117438714 ], [ 81.500552467027703, 6.995140693250928 ], [ 81.500552467027703, 6.995131710098087 ], [ 81.500512042839915, 6.995091285910301 ], [ 81.500503059687077, 6.995091285910301 ], [ 81.500462635499289, 6.995050861722516 ], [ 81.500462635499289, 6.995041878569674 ], [ 81.500422211311502, 6.995001454381889 ], [ 81.500413228158664, 6.995001454381889 ], [ 81.500372803970876, 6.994920606006318 ], [ 81.500372803970876, 6.994902639700636 ], [ 81.500332379783089, 6.994821791325066 ], [ 81.50032339663025, 6.994821791325066 ], [ 81.500282972442463, 6.994862215512851 ], [ 81.500282972442463, 6.994871198665692 ], [ 81.500242548254676, 6.994911622853477 ], [ 81.500233565101837, 6.994911622853477 ], [ 81.50019314091405, 6.994992471229048 ], [ 81.50019314091405, 6.995010437534731 ], [ 81.500112292538489, 6.995091285910301 ], [ 81.500094326232812, 6.995091285910301 ], [ 81.500013477857237, 6.995172134285871 ], [ 81.500013477857237, 6.995190100591554 ], [ 81.49997305366945, 6.995270948967125 ], [ 81.499964070516612, 6.995270948967125 ], [ 81.499923646328824, 6.995311373154911 ], [ 81.499923646328824, 6.995320356307751 ], [ 81.499883222141037, 6.995360780495536 ], [ 81.499874238988198, 6.995360780495536 ], [ 81.499833814800411, 6.995441628871108 ], [ 81.499833814800411, 6.99545959517679 ], [ 81.499874238988198, 6.995540443552361 ], [ 81.499883222141037, 6.995540443552361 ], [ 81.499923646328824, 6.995580867740147 ], [ 81.499923646328824, 6.995589850892987 ], [ 81.500004494704399, 6.995630275080773 ] ] ] ] } },
{ "type": "Feature", "properties": { "fid": 1231729.0, "DN": 3, "area": 3057 }, "geometry": { "type": "MultiPolygon", "coordinates": [ [ [ [ 81.510645039244793, 6.994821791325066 ], [ 81.510671988703308, 6.994821791325066 ], [ 81.51079326126667, 6.994740942949495 ], [ 81.51079326126667, 6.994722976643812 ], [ 81.510752837078883, 6.994642128268241 ], [ 81.510743853926044, 6.994642128268241 ], [ 81.510703429738257, 6.9944804315171 ], [ 81.510703429738257, 6.994444498905735 ], [ 81.51066300555047, 6.994282802154594 ], [ 81.510654022397631, 6.994282802154594 ], [ 81.510613598209844, 6.994363650530165 ], [ 81.510613598209844, 6.994381616835847 ], [ 81.510573174022056, 6.994462465211417 ], [ 81.510564190869218, 6.994462465211417 ], [ 81.51052376668143, 6.994381616835847 ], [ 81.51052376668143, 6.994363650530165 ], [ 81.510442918305856, 6.994282802154594 ], [ 81.510424952000179, 6.994282802154594 ], [ 81.510344103624604, 6.994201953779022 ], [ 81.510344103624604, 6.99418398747334 ], [ 81.510263255249043, 6.99410313909777 ], [ 81.510245288943338, 6.99410313909777 ], [ 81.510164440567777, 6.994022290722199 ], [ 81.510164440567777, 6.994004324416517 ], [ 81.510083592192217, 6.993923476040946 ], [ 81.51006562588654, 6.993923476040946 ], [ 81.509984777510965, 6.994004324416517 ], [ 81.509984777510965, 6.994022290722199 ], [ 81.510025201698738, 6.99410313909777 ], [ 81.510034184851577, 6.99410313909777 ], [ 81.510074609039364, 6.994143563285555 ], [ 81.510074609039364, 6.994152546438396 ], [ 81.510115033227152, 6.994192970626182 ], [ 81.51012401637999, 6.994192970626182 ], [ 81.510164440567777, 6.994314243189538 ], [ 81.510164440567777, 6.994341192648061 ], [ 81.510204864755565, 6.994462465211417 ], [ 81.510213847908403, 6.994462465211417 ], [ 81.510254272096191, 6.994422041023632 ], [ 81.510254272096191, 6.994413057870791 ], [ 81.510294696283978, 6.994372633683005 ], [ 81.510303679436817, 6.994372633683005 ], [ 81.510344103624604, 6.994453482058576 ], [ 81.510344103624604, 6.994471448364258 ], [ 81.510384527812391, 6.99455229673983 ], [ 81.51039351096523, 6.99455229673983 ], [ 81.510433935153017, 6.994592720927615 ], [ 81.510433935153017, 6.994601704080456 ], [ 81.510474359340805, 6.994642128268241 ], [ 81.510483342493643, 6.994642128268241 ], [ 81.51052376668143, 6.994722976643812 ], [ 81.51052376668143, 6.994740942949495 ], [ 81.510645039244793, 6.994821791325066 ] ] ] ] } },
{ "type": "Feature", "properties": { "fid": 1232383.0, "DN": 3, "area": 5424 }, "geometry": { "type": "MultiPolygon", "coordinates": [ [ [ [ 81.502933002530625, 6.992665834643178 ], [ 81.503022834059038, 6.992665834643178 ], [ 81.503427075936884, 6.992625410455393 ], [ 81.503427075936884, 6.992616427302552 ], [ 81.503346227561309, 6.992576003114767 ], [ 81.503328261255632, 6.992576003114767 ], [ 81.503247412880057, 6.992535578926981 ], [ 81.503247412880057, 6.99252659577414 ], [ 81.50320698869227, 6.992486171586354 ], [ 81.503198005539431, 6.992486171586354 ], [ 81.503157581351644, 6.992445747398569 ], [ 81.503157581351644, 6.992436764245728 ], [ 81.503117157163871, 6.992396340057942 ], [ 81.503108174011018, 6.992396340057942 ], [ 81.503067749823245, 6.992275067494586 ], [ 81.503067749823245, 6.992248118036063 ], [ 81.503108174011018, 6.992126845472707 ], [ 81.503117157163871, 6.992126845472707 ], [ 81.503157581351644, 6.992045997097136 ], [ 81.503157581351644, 6.992028030791454 ], [ 81.503117157163871, 6.991947182415883 ], [ 81.503108174011018, 6.991947182415883 ], [ 81.503067749823245, 6.991987606603669 ], [ 81.503067749823245, 6.991996589756509 ], [ 81.503027325635458, 6.992037013944294 ], [ 81.503018342482619, 6.992037013944294 ], [ 81.502977918294832, 6.99207743813208 ], [ 81.502977918294832, 6.992086421284921 ], [ 81.502937494107044, 6.992126845472707 ], [ 81.502928510954206, 6.992126845472707 ], [ 81.502888086766418, 6.992167269660492 ], [ 81.502888086766418, 6.992176252813334 ], [ 81.502766814203056, 6.992216677001119 ], [ 81.502739864744541, 6.992216677001119 ], [ 81.502618592181179, 6.992176252813334 ], [ 81.502618592181179, 6.992167269660492 ], [ 81.502578167993391, 6.992126845472707 ], [ 81.502569184840553, 6.992126845472707 ], [ 81.502528760652766, 6.992045997097136 ], [ 81.502528760652766, 6.992028030791454 ], [ 81.502447912277191, 6.991947182415883 ], [ 81.502429945971514, 6.991947182415883 ], [ 81.502349097595939, 6.991987606603669 ], [ 81.502349097595939, 6.991996589756509 ], [ 81.502268249220378, 6.992037013944294 ], [ 81.502250282914673, 6.992037013944294 ], [ 81.502169434539113, 6.99207743813208 ], [ 81.502169434539113, 6.992086421284921 ], [ 81.502250282914673, 6.992126845472707 ], [ 81.502268249220378, 6.992126845472707 ], [ 81.502349097595939, 6.992207693848277 ], [ 81.502349097595939, 6.992225660153959 ], [ 81.502389521783726, 6.992306508529531 ], [ 81.502398504936565, 6.992306508529531 ], [ 81.502438929124352, 6.992346932717316 ], [ 81.502438929124352, 6.992355915870156 ], [ 81.50247935331214, 6.992396340057942 ], [ 81.502488336464978, 6.992396340057942 ], [ 81.502528760652766, 6.992436764245728 ], [ 81.502528760652766, 6.992445747398569 ], [ 81.502488336464978, 6.992486171586354 ], [ 81.50247935331214, 6.992486171586354 ], [ 81.502438929124352, 6.99252659577414 ], [ 81.502438929124352, 6.992535578926981 ], [ 81.50247935331214, 6.992576003114767 ], [ 81.502488336464978, 6.992576003114767 ], [ 81.502528760652766, 6.992616427302552 ], [ 81.502528760652766, 6.992625410455393 ], [ 81.502933002530625, 6.992665834643178 ] ] ] ] } },
{ "type": "Feature", "properties": { "fid": 1289646.0, "DN": 3, "area": 4439 }, "geometry": { "type": "MultiPolygon", "coordinates": [ [ [ [ 81.453283116777328, 6.830609757388016 ], [ 81.45331904938871, 6.830609757388016 ], [ 81.453480746139846, 6.830528909012446 ], [ 81.453480746139846, 6.830510942706764 ], [ 81.453440321952058, 6.830430094331193 ], [ 81.45343133879922, 6.830430094331193 ], [ 81.453390914611433, 6.830389670143408 ], [ 81.453390914611433, 6.830380686990567 ], [ 81.453350490423645, 6.830340262802781 ], [ 81.453341507270807, 6.830340262802781 ], [ 81.453301083083019, 6.830299838614995 ], [ 81.453301083083019, 6.830290855462154 ], [ 81.453139386331884, 6.830250431274369 ], [ 81.453103453720502, 6.830250431274369 ], [ 81.452941756969366, 6.830169582898798 ], [ 81.452941756969366, 6.830151616593116 ], [ 81.452699211842656, 6.830070768217546 ], [ 81.452645312925611, 6.830070768217546 ], [ 81.452402767798901, 6.829989919841974 ], [ 81.452402767798901, 6.829971953536292 ], [ 81.452241071047752, 6.829891105160721 ], [ 81.452205138436398, 6.829891105160721 ], [ 81.452043441685248, 6.829971953536292 ], [ 81.452043441685248, 6.829989919841974 ], [ 81.452124290060823, 6.830070768217546 ], [ 81.4521422563665, 6.830070768217546 ], [ 81.452223104742075, 6.830111192405331 ], [ 81.452223104742075, 6.830120175558172 ], [ 81.452303953117649, 6.830160599745957 ], [ 81.452321919423326, 6.830160599745957 ], [ 81.452402767798901, 6.830201023933743 ], [ 81.452402767798901, 6.830210007086583 ], [ 81.452524040362249, 6.830250431274369 ], [ 81.452550989820764, 6.830250431274369 ], [ 81.452672262384127, 6.830290855462154 ], [ 81.452672262384127, 6.830299838614995 ], [ 81.452712686571914, 6.830340262802781 ], [ 81.452721669724752, 6.830340262802781 ], [ 81.45276209391254, 6.830380686990567 ], [ 81.45276209391254, 6.830389670143408 ], [ 81.452883366475902, 6.830430094331193 ], [ 81.452910315934417, 6.830430094331193 ], [ 81.45303158849778, 6.830470518518979 ], [ 81.45303158849778, 6.830479501671819 ], [ 81.453072012685567, 6.830519925859605 ], [ 81.453080995838405, 6.830519925859605 ], [ 81.453121420026193, 6.83056035004739 ], [ 81.453121420026193, 6.830569333200231 ], [ 81.453283116777328, 6.830609757388016 ] ] ] ] } },
{ "type": "Feature", "properties": { "fid": 1290249.0, "DN": 3, "area": 3255 }, "geometry": { "type": "MultiPolygon", "coordinates": [ [ [ [ 81.451585300890343, 6.82890295834819 ], [ 81.45160326719602, 6.82890295834819 ], [ 81.451684115571595, 6.828781685784833 ], [ 81.451684115571595, 6.82875473632631 ], [ 81.451643691383822, 6.828633463762953 ], [ 81.451634708230984, 6.828633463762953 ], [ 81.451594284043196, 6.828593039575168 ], [ 81.451594284043196, 6.828584056422327 ], [ 81.451553859855409, 6.828543632234542 ], [ 81.45154487670257, 6.828543632234542 ], [ 81.451504452514783, 6.828503208046756 ], [ 81.451504452514783, 6.828494224893916 ], [ 81.451423604139222, 6.82845380070613 ], [ 81.451405637833517, 6.82845380070613 ], [ 81.451324789457956, 6.828372952330559 ], [ 81.451324789457956, 6.828354986024877 ], [ 81.451243941082382, 6.828274137649306 ], [ 81.451225974776705, 6.828274137649306 ], [ 81.45114512640113, 6.828112440898164 ], [ 81.45114512640113, 6.8280765082868 ], [ 81.451104702213343, 6.827914811535658 ], [ 81.451095719060504, 6.827914811535658 ], [ 81.451055294872717, 6.827995659911229 ], [ 81.451055294872717, 6.828013626216912 ], [ 81.451014870684929, 6.828094474592483 ], [ 81.451005887532091, 6.828094474592483 ], [ 81.450965463344303, 6.828256171343624 ], [ 81.450965463344303, 6.828292103954989 ], [ 81.451046311719878, 6.82845380070613 ], [ 81.451064278025555, 6.82845380070613 ], [ 81.45114512640113, 6.828534649081701 ], [ 81.45114512640113, 6.828552615387383 ], [ 81.451225974776705, 6.828633463762953 ], [ 81.451243941082382, 6.828633463762953 ], [ 81.451324789457956, 6.828714312138525 ], [ 81.451324789457956, 6.828732278444207 ], [ 81.451405637833517, 6.828813126819778 ], [ 81.451423604139222, 6.828813126819778 ], [ 81.451504452514783, 6.828853551007564 ], [ 81.451504452514783, 6.828862534160404 ], [ 81.451585300890343, 6.82890295834819 ] ] ] ] } },
{ "type": "Feature", "properties": { "fid": 1291158.0, "DN": 3, "area": 3157 }, "geometry": { "type": "MultiPolygon", "coordinates": [ [ [ [ 81.294811317505804, 6.825669023325359 ], [ 81.294865216422863, 6.825669023325359 ], [ 81.295107761549573, 6.825588174949789 ], [ 81.295107761549573, 6.825570208644106 ], [ 81.295350306676283, 6.825489360268536 ], [ 81.295404205593343, 6.825489360268536 ], [ 81.295646750720039, 6.82544893608075 ], [ 81.295646750720039, 6.825439952927909 ], [ 81.295687174907826, 6.825399528740124 ], [ 81.295696158060665, 6.825399528740124 ], [ 81.295736582248452, 6.825359104552338 ], [ 81.295736582248452, 6.825350121399497 ], [ 81.295777006436239, 6.825309697211711 ], [ 81.295785989589078, 6.825309697211711 ], [ 81.295826413776865, 6.82522884883614 ], [ 81.295826413776865, 6.825210882530458 ], [ 81.29574556540129, 6.825130034154888 ], [ 81.295727599095613, 6.825130034154888 ], [ 81.295646750720039, 6.825170458342673 ], [ 81.295646750720039, 6.825179441495514 ], [ 81.295565902344464, 6.8252198656833 ], [ 81.295547936038787, 6.8252198656833 ], [ 81.295467087663212, 6.825260289871085 ], [ 81.295467087663212, 6.825269273023926 ], [ 81.295305390912077, 6.825309697211711 ], [ 81.295269458300709, 6.825309697211711 ], [ 81.295107761549573, 6.825350121399497 ], [ 81.295107761549573, 6.825359104552338 ], [ 81.295067337361786, 6.825399528740124 ], [ 81.295058354208948, 6.825399528740124 ], [ 81.29501793002116, 6.825439952927909 ], [ 81.29501793002116, 6.82544893608075 ], [ 81.294815809082223, 6.825489360268536 ], [ 81.294770893318031, 6.825489360268536 ], [ 81.294568772379094, 6.825570208644106 ], [ 81.294568772379094, 6.825588174949789 ], [ 81.294811317505804, 6.825669023325359 ] ] ] ] } },
{ "type": "Feature", "properties": { "fid": 1292196.0, "DN": 3, "area": 8681 }, "geometry": { "type": "MultiPolygon", "coordinates": [ [ [ [ 81.447632713640218, 6.823153740529825 ], [ 81.447650679945909, 6.823153740529825 ], [ 81.447731528321469, 6.822992043778683 ], [ 81.447731528321469, 6.822956111167318 ], [ 81.447812376697044, 6.822794414416177 ], [ 81.447830343002721, 6.822794414416177 ], [ 81.447911191378296, 6.822753990228392 ], [ 81.447911191378296, 6.82274500707555 ], [ 81.447951615566083, 6.822704582887765 ], [ 81.447960598718922, 6.822704582887765 ], [ 81.448001022906709, 6.822623734512194 ], [ 81.448001022906709, 6.822605768206512 ], [ 81.448041447094482, 6.822524919830942 ], [ 81.448050430247349, 6.822524919830942 ], [ 81.448090854435122, 6.82244407145537 ], [ 81.448090854435122, 6.822426105149688 ], [ 81.448010006059548, 6.822345256774117 ], [ 81.447992039753871, 6.822345256774117 ], [ 81.447911191378296, 6.822426105149688 ], [ 81.447911191378296, 6.82244407145537 ], [ 81.447870767190508, 6.822524919830942 ], [ 81.44786178403767, 6.822524919830942 ], [ 81.447821359849883, 6.822484495643156 ], [ 81.447821359849883, 6.822475512490315 ], [ 81.447780935662095, 6.822435088302529 ], [ 81.447771952509257, 6.822435088302529 ], [ 81.447731528321469, 6.822475512490315 ], [ 81.447731528321469, 6.822484495643156 ], [ 81.447691104133696, 6.822524919830942 ], [ 81.447682120980858, 6.822524919830942 ], [ 81.44764169679307, 6.822484495643156 ], [ 81.44764169679307, 6.822475512490315 ], [ 81.44756084841751, 6.822435088302529 ], [ 81.447542882111804, 6.822435088302529 ], [ 81.447462033736244, 6.822394664114744 ], [ 81.447462033736244, 6.822385680961903 ], [ 81.447421609548456, 6.822345256774117 ], [ 81.447412626395618, 6.822345256774117 ], [ 81.447372202207831, 6.822385680961903 ], [ 81.447372202207831, 6.822394664114744 ], [ 81.447291353832256, 6.822435088302529 ], [ 81.447273387526579, 6.822435088302529 ], [ 81.447192539151004, 6.822475512490315 ], [ 81.447192539151004, 6.822484495643156 ], [ 81.447111690775444, 6.822524919830942 ], [ 81.447093724469738, 6.822524919830942 ], [ 81.447012876094178, 6.822403647267585 ], [ 81.447012876094178, 6.822376697809062 ], [ 81.44697245190639, 6.822255425245705 ], [ 81.446963468753552, 6.822255425245705 ], [ 81.446923044565764, 6.82221500105792 ], [ 81.446923044565764, 6.822206017905079 ], [ 81.446882620377977, 6.822165593717293 ], [ 81.446873637225139, 6.822165593717293 ], [ 81.446833213037351, 6.822206017905079 ], [ 81.446833213037351, 6.82221500105792 ], [ 81.446752364661791, 6.822255425245705 ], [ 81.446734398356114, 6.822255425245705 ], [ 81.446653549980539, 6.822295849433491 ], [ 81.446653549980539, 6.822304832586331 ], [ 81.446491853229389, 6.822345256774117 ], [ 81.446455920618035, 6.822345256774117 ], [ 81.446294223866886, 6.822385680961903 ], [ 81.446294223866886, 6.822394664114744 ], [ 81.446375072242461, 6.822435088302529 ], [ 81.446393038548138, 6.822435088302529 ], [ 81.446473886923712, 6.822475512490315 ], [ 81.446473886923712, 6.822484495643156 ], [ 81.446635583674848, 6.822524919830942 ], [ 81.446671516286216, 6.822524919830942 ], [ 81.446833213037351, 6.822565344018727 ], [ 81.446833213037351, 6.822574327171568 ], [ 81.446873637225139, 6.822614751359353 ], [ 81.446882620377977, 6.822614751359353 ], [ 81.446923044565764, 6.822655175547139 ], [ 81.446923044565764, 6.822664158699979 ], [ 81.446963468753552, 6.822704582887765 ], [ 81.44697245190639, 6.822704582887765 ], [ 81.447012876094178, 6.822785431263336 ], [ 81.447012876094178, 6.822803397569018 ], [ 81.447053300281965, 6.822884245944589 ], [ 81.447062283434803, 6.822884245944589 ], [ 81.447102707622591, 6.822924670132375 ], [ 81.447102707622591, 6.822933653285215 ], [ 81.447143131810378, 6.822974077473001 ], [ 81.447152114963217, 6.822974077473001 ], [ 81.447192539151004, 6.823014501660786 ], [ 81.447192539151004, 6.823023484813627 ], [ 81.447273387526579, 6.823063909001412 ], [ 81.447291353832256, 6.823063909001412 ], [ 81.447372202207831, 6.823144757376983 ], [ 81.447372202207831, 6.823162723682666 ], [ 81.447453050583405, 6.823243572058237 ], [ 81.447471016889082, 6.823243572058237 ], [ 81.447551865264657, 6.823203147870451 ], [ 81.447551865264657, 6.82319416471761 ], [ 81.447632713640218, 6.823153740529825 ] ], [ [ 81.447462033736244, 6.822753990228392 ], [ 81.447462033736244, 6.82274500707555 ], [ 81.447502457924031, 6.822704582887765 ], [ 81.44751144107687, 6.822704582887765 ], [ 81.447551865264657, 6.82274500707555 ], [ 81.447551865264657, 6.822753990228392 ], [ 81.44751144107687, 6.822794414416177 ], [ 81.447502457924031, 6.822794414416177 ], [ 81.447462033736244, 6.822753990228392 ] ], [ [ 81.447282370679417, 6.822843821756804 ], [ 81.447282370679417, 6.822834838603963 ], [ 81.44724194649163, 6.822794414416177 ], [ 81.447232963338791, 6.822794414416177 ], [ 81.447192539151004, 6.822753990228392 ], [ 81.447192539151004, 6.82274500707555 ], [ 81.447273387526579, 6.822704582887765 ], [ 81.447291353832256, 6.822704582887765 ], [ 81.447372202207831, 6.822785431263336 ], [ 81.447372202207831, 6.822803397569018 ], [ 81.447331778020043, 6.822884245944589 ], [ 81.447322794867205, 6.822884245944589 ], [ 81.447282370679417, 6.822843821756804 ] ] ] ] } },
{ "type": "Feature", "properties": { "fid": 1293192.0, "DN": 3, "area": 8681 }, "geometry": { "type": "MultiPolygon", "coordinates": [ [ [ [ 81.344667815774443, 6.820458794677466 ], [ 81.344721714691488, 6.820458794677466 ], [ 81.344964259818198, 6.820377946301896 ], [ 81.344964259818198, 6.820359979996214 ], [ 81.345085532381546, 6.820279131620643 ], [ 81.34511248184009, 6.820279131620643 ], [ 81.345233754403438, 6.820238707432857 ], [ 81.345233754403438, 6.820229724280016 ], [ 81.344991209276728, 6.82018930009223 ], [ 81.344937310359683, 6.82018930009223 ], [ 81.344694765232973, 6.820148875904445 ], [ 81.344694765232973, 6.820139892751603 ], [ 81.344613916857412, 6.820099468563818 ], [ 81.344595950551707, 6.820099468563818 ], [ 81.344515102176146, 6.820059044376032 ], [ 81.344515102176146, 6.820050061223192 ], [ 81.344434253800571, 6.820009637035406 ], [ 81.344416287494894, 6.820009637035406 ], [ 81.34433543911932, 6.819928788659835 ], [ 81.34433543911932, 6.819910822354153 ], [ 81.344295014931532, 6.819829973978583 ], [ 81.344286031778694, 6.819829973978583 ], [ 81.344245607590906, 6.819789549790797 ], [ 81.344245607590906, 6.819780566637956 ], [ 81.344205183403119, 6.81974014245017 ], [ 81.344196200250281, 6.81974014245017 ], [ 81.344155776062493, 6.819699718262385 ], [ 81.344155776062493, 6.819690735109544 ], [ 81.344115351874706, 6.819650310921759 ], [ 81.344106368721867, 6.819650310921759 ], [ 81.34406594453408, 6.819690735109544 ], [ 81.34406594453408, 6.819699718262385 ], [ 81.344025520346293, 6.81974014245017 ], [ 81.344016537193454, 6.81974014245017 ], [ 81.343976113005667, 6.819699718262385 ], [ 81.343976113005667, 6.819690735109544 ], [ 81.343450598564459, 6.819650310921759 ], [ 81.34333381757753, 6.819650310921759 ], [ 81.342808303136309, 6.819609886733973 ], [ 81.342808303136309, 6.819600903581133 ], [ 81.342767878948536, 6.819560479393347 ], [ 81.342758895795697, 6.819560479393347 ], [ 81.34271847160791, 6.819520055205562 ], [ 81.34271847160791, 6.81951107205272 ], [ 81.342678047420122, 6.819470647864934 ], [ 81.342669064267284, 6.819470647864934 ], [ 81.342628640079496, 6.81951107205272 ], [ 81.342628640079496, 6.819520055205562 ], [ 81.342507367516134, 6.819560479393347 ], [ 81.342480418057619, 6.819560479393347 ], [ 81.342359145494257, 6.819600903581133 ], [ 81.342359145494257, 6.819609886733973 ], [ 81.342278297118696, 6.819650310921759 ], [ 81.342260330812991, 6.819650310921759 ], [ 81.34217948243743, 6.819690735109544 ], [ 81.34217948243743, 6.819699718262385 ], [ 81.342260330812991, 6.81974014245017 ], [ 81.342278297118696, 6.81974014245017 ], [ 81.342359145494257, 6.819780566637956 ], [ 81.342359145494257, 6.819789549790797 ], [ 81.342803811559889, 6.819829973978583 ], [ 81.342902626241141, 6.819829973978583 ], [ 81.343347292306788, 6.819789549790797 ], [ 81.343347292306788, 6.819780566637956 ], [ 81.343387716494576, 6.81974014245017 ], [ 81.343396699647414, 6.81974014245017 ], [ 81.343437123835201, 6.819780566637956 ], [ 81.343437123835201, 6.819789549790797 ], [ 81.343679668961911, 6.819829973978583 ], [ 81.343733567878957, 6.819829973978583 ], [ 81.343976113005667, 6.819910822354153 ], [ 81.343976113005667, 6.819928788659835 ], [ 81.344056961381227, 6.820009637035406 ], [ 81.344074927686933, 6.820009637035406 ], [ 81.344155776062493, 6.820090485410978 ], [ 81.344155776062493, 6.82010845171666 ], [ 81.344236624438068, 6.82018930009223 ], [ 81.344254590743745, 6.82018930009223 ], [ 81.34433543911932, 6.820270148467801 ], [ 81.34433543911932, 6.820288114773483 ], [ 81.344375863307107, 6.820368963149054 ], [ 81.344384846459945, 6.820368963149054 ], [ 81.344425270647733, 6.82040938733684 ], [ 81.344425270647733, 6.820418370489681 ], [ 81.344667815774443, 6.820458794677466 ] ] ] ] } },
{ "type": "Feature", "properties": { "fid": 1294062.0, "DN": 3, "area": 4735 }, "geometry": { "type": "MultiPolygon", "coordinates": [ [ [ [ 81.247757562923624, 6.81785368035352 ], [ 81.247775529229301, 6.81785368035352 ], [ 81.247856377604876, 6.817651559414593 ], [ 81.247856377604876, 6.817606643650386 ], [ 81.247775529229301, 6.81740452271146 ], [ 81.247757562923624, 6.81740452271146 ], [ 81.247676714548064, 6.817444946899245 ], [ 81.247676714548064, 6.817453930052086 ], [ 81.247595866172503, 6.817494354239871 ], [ 81.247577899866798, 6.817494354239871 ], [ 81.247497051491237, 6.817534778427657 ], [ 81.247497051491237, 6.817543761580498 ], [ 81.247375778927875, 6.817584185768284 ], [ 81.24734882946936, 6.817584185768284 ], [ 81.247227556905997, 6.817665034143854 ], [ 81.247227556905997, 6.817683000449536 ], [ 81.247267981093785, 6.817763848825107 ], [ 81.247276964246623, 6.817763848825107 ], [ 81.247317388434411, 6.818046818139605 ], [ 81.247317388434411, 6.818109700209494 ], [ 81.247357812622198, 6.818392669523991 ], [ 81.247366795775037, 6.818392669523991 ], [ 81.247407219962824, 6.818433093711777 ], [ 81.247407219962824, 6.818442076864617 ], [ 81.247528492526186, 6.818482501052403 ], [ 81.247555441984701, 6.818482501052403 ], [ 81.247676714548064, 6.818199531737905 ], [ 81.247676714548064, 6.818136649668017 ], [ 81.247757562923624, 6.81785368035352 ] ], [ [ 81.247407219962824, 6.817992919222558 ], [ 81.247407219962824, 6.817983936069718 ], [ 81.247447644150611, 6.817943511881932 ], [ 81.24745662730345, 6.817943511881932 ], [ 81.247497051491237, 6.817983936069718 ], [ 81.247497051491237, 6.817992919222558 ], [ 81.24745662730345, 6.818033343410344 ], [ 81.247447644150611, 6.818033343410344 ], [ 81.247407219962824, 6.817992919222558 ] ], [ [ 81.247497051491237, 6.818132158091597 ], [ 81.247497051491237, 6.818114191785915 ], [ 81.247537475679025, 6.818033343410344 ], [ 81.247546458831863, 6.818033343410344 ], [ 81.24758688301965, 6.818114191785915 ], [ 81.24758688301965, 6.818132158091597 ], [ 81.247546458831863, 6.818213006467167 ], [ 81.247537475679025, 6.818213006467167 ], [ 81.247497051491237, 6.818132158091597 ] ], [ [ 81.247407219962824, 6.81831182114842 ], [ 81.247407219962824, 6.818293854842738 ], [ 81.247447644150611, 6.818213006467167 ], [ 81.24745662730345, 6.818213006467167 ], [ 81.247497051491237, 6.818293854842738 ], [ 81.247497051491237, 6.81831182114842 ], [ 81.24745662730345, 6.818392669523991 ], [ 81.247447644150611, 6.818392669523991 ], [ 81.247407219962824, 6.81831182114842 ] ] ] ] } },
{ "type": "Feature", "properties": { "fid": 1364185.0, "DN": 3, "area": 3947 }, "geometry": { "type": "MultiPolygon", "coordinates": [ [ [ [ 81.393504726195602, 6.690382741536959 ], [ 81.393531675654117, 6.690382741536959 ], [ 81.393652948217479, 6.690423165724745 ], [ 81.393652948217479, 6.690432148877585 ], [ 81.393733796593054, 6.690472573065371 ], [ 81.393751762898731, 6.690472573065371 ], [ 81.393832611274306, 6.690391724689801 ], [ 81.393832611274306, 6.690373758384118 ], [ 81.393994308025441, 6.690292910008548 ], [ 81.394030240636823, 6.690292910008548 ], [ 81.394191937387959, 6.690252485820762 ], [ 81.394191937387959, 6.690243502667921 ], [ 81.394232361575746, 6.690203078480136 ], [ 81.394241344728584, 6.690203078480136 ], [ 81.394281768916358, 6.69016265429235 ], [ 81.394281768916358, 6.690153671139509 ], [ 81.394322193104145, 6.690113246951723 ], [ 81.394331176256983, 6.690113246951723 ], [ 81.394371600444771, 6.690072822763938 ], [ 81.394371600444771, 6.690063839611097 ], [ 81.394331176256983, 6.690023415423312 ], [ 81.394322193104145, 6.690023415423312 ], [ 81.394281768916358, 6.689982991235526 ], [ 81.394281768916358, 6.689974008082686 ], [ 81.394241344728584, 6.6899335838949 ], [ 81.394232361575746, 6.6899335838949 ], [ 81.394191937387959, 6.690014432270471 ], [ 81.394191937387959, 6.690032398576153 ], [ 81.394111089012384, 6.690113246951723 ], [ 81.394093122706707, 6.690113246951723 ], [ 81.394012274331132, 6.690153671139509 ], [ 81.394012274331132, 6.69016265429235 ], [ 81.393931425955572, 6.690203078480136 ], [ 81.393913459649866, 6.690203078480136 ], [ 81.393832611274306, 6.69016265429235 ], [ 81.393832611274306, 6.690153671139509 ], [ 81.393873035462093, 6.690113246951723 ], [ 81.393882018614931, 6.690113246951723 ], [ 81.393922442802719, 6.690072822763938 ], [ 81.393922442802719, 6.690063839611097 ], [ 81.393882018614931, 6.690023415423312 ], [ 81.393873035462093, 6.690023415423312 ], [ 81.393832611274306, 6.689982991235526 ], [ 81.393832611274306, 6.689974008082686 ], [ 81.393711338710943, 6.6899335838949 ], [ 81.393684389252428, 6.6899335838949 ], [ 81.393563116689066, 6.690014432270471 ], [ 81.393563116689066, 6.690032398576153 ], [ 81.393401419937931, 6.690113246951723 ], [ 81.393365487326562, 6.690113246951723 ], [ 81.393203790575427, 6.690153671139509 ], [ 81.393203790575427, 6.69016265429235 ], [ 81.39316336638764, 6.690203078480136 ], [ 81.393154383234801, 6.690203078480136 ], [ 81.393113959047014, 6.690243502667921 ], [ 81.393113959047014, 6.690252485820762 ], [ 81.393194807422589, 6.690292910008548 ], [ 81.393212773728266, 6.690292910008548 ], [ 81.393293622103826, 6.690373758384118 ], [ 81.393293622103826, 6.690391724689801 ], [ 81.393334046291614, 6.690472573065371 ], [ 81.393343029444452, 6.690472573065371 ], [ 81.393383453632239, 6.690432148877585 ], [ 81.393383453632239, 6.690423165724745 ], [ 81.393504726195602, 6.690382741536959 ] ], [ [ 81.393742779745892, 6.690243502667921 ], [ 81.393742779745892, 6.690252485820762 ], [ 81.393702355558105, 6.690292910008548 ], [ 81.393693372405266, 6.690292910008548 ], [ 81.393652948217479, 6.690252485820762 ], [ 81.393652948217479, 6.690243502667921 ], [ 81.393693372405266, 6.690203078480136 ], [ 81.393702355558105, 6.690203078480136 ], [ 81.393742779745892, 6.690243502667921 ] ] ] ] } },
{ "type": "Feature", "properties": { "fid": 1371084.0, "DN": 3, "area": 6118 }, "geometry": { "type": "MultiPolygon", "coordinates": [ [ [ [ 81.37881277972383, 6.679243632013877 ], [ 81.378848712335184, 6.679243632013877 ], [ 81.379010409086334, 6.679162783638306 ], [ 81.379010409086334, 6.679144817332624 ], [ 81.378929560710759, 6.679063968957053 ], [ 81.378911594405082, 6.679063968957053 ], [ 81.378830746029507, 6.679023544769268 ], [ 81.378830746029507, 6.679014561616427 ], [ 81.37879032184172, 6.678974137428641 ], [ 81.378781338688881, 6.678974137428641 ], [ 81.378740914501094, 6.678933713240855 ], [ 81.378740914501094, 6.678924730088015 ], [ 81.378700490313307, 6.67888430590023 ], [ 81.378691507160468, 6.67888430590023 ], [ 81.378651082972681, 6.678803457524658 ], [ 81.378651082972681, 6.678785491218976 ], [ 81.378570234597106, 6.678704642843406 ], [ 81.378552268291429, 6.678704642843406 ], [ 81.378471419915854, 6.67866421865562 ], [ 81.378471419915854, 6.678655235502779 ], [ 81.378430995728081, 6.678614811314993 ], [ 81.378422012575228, 6.678614811314993 ], [ 81.378381588387455, 6.678655235502779 ], [ 81.378381588387455, 6.67866421865562 ], [ 81.378341164199668, 6.678704642843406 ], [ 81.378332181046829, 6.678704642843406 ], [ 81.378291756859042, 6.678623794467835 ], [ 81.378291756859042, 6.678605828162153 ], [ 81.378210908483467, 6.678524979786582 ], [ 81.37819294217779, 6.678524979786582 ], [ 81.378112093802216, 6.678444131411011 ], [ 81.378112093802216, 6.678426165105328 ], [ 81.378031245426655, 6.678345316729757 ], [ 81.37801327912095, 6.678345316729757 ], [ 81.377932430745389, 6.678426165105328 ], [ 81.377932430745389, 6.678444131411011 ], [ 81.377892006557602, 6.678524979786582 ], [ 81.377883023404763, 6.678524979786582 ], [ 81.377842599216976, 6.678565403974368 ], [ 81.377842599216976, 6.678574387127208 ], [ 81.377761750841401, 6.678614811314993 ], [ 81.377743784535724, 6.678614811314993 ], [ 81.377662936160149, 6.678655235502779 ], [ 81.377662936160149, 6.67866421865562 ], [ 81.377622511972362, 6.678704642843406 ], [ 81.377613528819523, 6.678704642843406 ], [ 81.377573104631736, 6.67866421865562 ], [ 81.377573104631736, 6.678655235502779 ], [ 81.377492256256176, 6.678614811314993 ], [ 81.377474289950484, 6.678614811314993 ], [ 81.377393441574924, 6.678574387127208 ], [ 81.377393441574924, 6.678565403974368 ], [ 81.377312593199349, 6.678524979786582 ], [ 81.377294626893672, 6.678524979786582 ], [ 81.377213778518097, 6.678605828162153 ], [ 81.377213778518097, 6.678623794467835 ], [ 81.377294626893672, 6.678704642843406 ], [ 81.377312593199349, 6.678704642843406 ], [ 81.377393441574924, 6.678785491218976 ], [ 81.377393441574924, 6.678803457524658 ], [ 81.377474289950484, 6.67888430590023 ], [ 81.377492256256176, 6.67888430590023 ], [ 81.377573104631736, 6.678843881712444 ], [ 81.377573104631736, 6.678834898559604 ], [ 81.377613528819523, 6.678794474371818 ], [ 81.377622511972362, 6.678794474371818 ], [ 81.377662936160149, 6.678834898559604 ], [ 81.377662936160149, 6.678843881712444 ], [ 81.377703360347937, 6.67888430590023 ], [ 81.377712343500775, 6.67888430590023 ], [ 81.377752767688563, 6.678843881712444 ], [ 81.377752767688563, 6.678834898559604 ], [ 81.37779319187635, 6.678794474371818 ], [ 81.377802175029188, 6.678794474371818 ], [ 81.377842599216976, 6.678754050184033 ], [ 81.377842599216976, 6.678745067031191 ], [ 81.377883023404763, 6.678704642843406 ], [ 81.377892006557602, 6.678704642843406 ], [ 81.377932430745389, 6.678785491218976 ], [ 81.377932430745389, 6.678803457524658 ], [ 81.377972854933176, 6.67888430590023 ], [ 81.377981838086015, 6.67888430590023 ], [ 81.378022262273802, 6.678843881712444 ], [ 81.378022262273802, 6.678834898559604 ], [ 81.37806268646159, 6.678794474371818 ], [ 81.378071669614428, 6.678794474371818 ], [ 81.378112093802216, 6.678834898559604 ], [ 81.378112093802216, 6.678843881712444 ], [ 81.378273790553351, 6.67888430590023 ], [ 81.378309723164719, 6.67888430590023 ], [ 81.378471419915854, 6.678965154275801 ], [ 81.378471419915854, 6.678983120581483 ], [ 81.378511844103642, 6.679063968957053 ], [ 81.37852082725648, 6.679063968957053 ], [ 81.378561251444268, 6.679104393144839 ], [ 81.378561251444268, 6.67911337629768 ], [ 81.378601675632055, 6.679153800485466 ], [ 81.378610658784893, 6.679153800485466 ], [ 81.378651082972681, 6.679194224673251 ], [ 81.378651082972681, 6.679203207826092 ], [ 81.37881277972383, 6.679243632013877 ] ] ] ] } },
{ "type": "Feature", "properties": { "fid": 1375337.0, "DN": 3, "area": 4736 }, "geometry": { "type": "MultiPolygon", "coordinates": [ [ [ [ 81.416910330923344, 6.671248625985214 ], [ 81.41692829722902, 6.671248625985214 ], [ 81.417009145604581, 6.671167777609643 ], [ 81.417009145604581, 6.671149811303961 ], [ 81.417089993980142, 6.671068962928389 ], [ 81.417107960285847, 6.671068962928389 ], [ 81.417188808661408, 6.670988114552818 ], [ 81.417188808661408, 6.670970148247136 ], [ 81.417229232849195, 6.670889299871566 ], [ 81.417238216002033, 6.670889299871566 ], [ 81.417278640189821, 6.670929724059351 ], [ 81.417278640189821, 6.670938707212192 ], [ 81.417319064377608, 6.670979131399978 ], [ 81.417328047530447, 6.670979131399978 ], [ 81.417368471718234, 6.670938707212192 ], [ 81.417368471718234, 6.670929724059351 ], [ 81.417408895906021, 6.670889299871566 ], [ 81.41741787905886, 6.670889299871566 ], [ 81.417458303246647, 6.67084887568378 ], [ 81.417458303246647, 6.670839892530939 ], [ 81.417498727434435, 6.670799468343153 ], [ 81.417507710587273, 6.670799468343153 ], [ 81.41754813477506, 6.670678195779797 ], [ 81.41754813477506, 6.670651246321274 ], [ 81.417426862211698, 6.670529973757918 ], [ 81.417399912753183, 6.670529973757918 ], [ 81.417278640189821, 6.670570397945704 ], [ 81.417278640189821, 6.670579381098545 ], [ 81.417238216002033, 6.67061980528633 ], [ 81.417229232849195, 6.67061980528633 ], [ 81.417188808661408, 6.670660229474116 ], [ 81.417188808661408, 6.670669212626956 ], [ 81.41714838447362, 6.670709636814742 ], [ 81.417139401320782, 6.670709636814742 ], [ 81.417098977132994, 6.670669212626956 ], [ 81.417098977132994, 6.670660229474116 ], [ 81.417058552945207, 6.67061980528633 ], [ 81.417049569792368, 6.67061980528633 ], [ 81.417009145604581, 6.670660229474116 ], [ 81.417009145604581, 6.670669212626956 ], [ 81.416887873041219, 6.670709636814742 ], [ 81.416860923582703, 6.670709636814742 ], [ 81.416739651019356, 6.670750061002527 ], [ 81.416739651019356, 6.670759044155368 ], [ 81.416699226831568, 6.670799468343153 ], [ 81.41669024367873, 6.670799468343153 ], [ 81.416649819490942, 6.670839892530939 ], [ 81.416649819490942, 6.67084887568378 ], [ 81.416528546927594, 6.670889299871566 ], [ 81.41650159746905, 6.670889299871566 ], [ 81.416380324905703, 6.670929724059351 ], [ 81.416380324905703, 6.670938707212192 ], [ 81.41642074909349, 6.670979131399978 ], [ 81.416429732246328, 6.670979131399978 ], [ 81.416470156434116, 6.671019555587764 ], [ 81.416470156434116, 6.671028538740604 ], [ 81.416631853185265, 6.671068962928389 ], [ 81.416667785796619, 6.671068962928389 ], [ 81.416829482547769, 6.671149811303961 ], [ 81.416829482547769, 6.671167777609643 ], [ 81.416910330923344, 6.671248625985214 ] ] ] ] } },
{ "type": "Feature", "properties": { "fid": 1375642.0, "DN": 3, "area": 5526 }, "geometry": { "type": "MultiPolygon", "coordinates": [ [ [ [ 81.247896801792663, 6.670889299871566 ], [ 81.247905784945502, 6.670889299871566 ], [ 81.247946209133289, 6.670808451495995 ], [ 81.247946209133289, 6.670790485190313 ], [ 81.247905784945502, 6.670709636814742 ], [ 81.247896801792663, 6.670709636814742 ], [ 81.247856377604876, 6.670588364251385 ], [ 81.247856377604876, 6.670561414792862 ], [ 81.247896801792663, 6.670440142229506 ], [ 81.247905784945502, 6.670440142229506 ], [ 81.247946209133289, 6.670480566417291 ], [ 81.247946209133289, 6.670489549570132 ], [ 81.247986633321077, 6.670529973757918 ], [ 81.247995616473915, 6.670529973757918 ], [ 81.248036040661702, 6.670327852818991 ], [ 81.248036040661702, 6.670282937054784 ], [ 81.247955192286128, 6.670080816115858 ], [ 81.247937225980451, 6.670080816115858 ], [ 81.247856377604876, 6.670040391928072 ], [ 81.247856377604876, 6.670031408775232 ], [ 81.247815953417103, 6.669990984587447 ], [ 81.247806970264264, 6.669990984587447 ], [ 81.247766546076477, 6.670031408775232 ], [ 81.247766546076477, 6.670040391928072 ], [ 81.247685697700916, 6.670080816115858 ], [ 81.247667731395211, 6.670080816115858 ], [ 81.24758688301965, 6.67032336124257 ], [ 81.24758688301965, 6.670377260159619 ], [ 81.247627307207438, 6.67061980528633 ], [ 81.247636290360276, 6.67061980528633 ], [ 81.247676714548064, 6.670660229474116 ], [ 81.247676714548064, 6.670669212626956 ], [ 81.247555441984701, 6.670709636814742 ], [ 81.247528492526186, 6.670709636814742 ], [ 81.247407219962824, 6.670871333565883 ], [ 81.247407219962824, 6.670907266177248 ], [ 81.247447644150611, 6.671068962928389 ], [ 81.24745662730345, 6.671068962928389 ], [ 81.247497051491237, 6.671109387116175 ], [ 81.247497051491237, 6.671118370269016 ], [ 81.247577899866798, 6.671158794456802 ], [ 81.247595866172503, 6.671158794456802 ], [ 81.247676714548064, 6.671199218644587 ], [ 81.247676714548064, 6.671208201797429 ], [ 81.247757562923624, 6.671248625985214 ], [ 81.247775529229301, 6.671248625985214 ], [ 81.247856377604876, 6.671086929234072 ], [ 81.247856377604876, 6.671050996622707 ], [ 81.247896801792663, 6.670889299871566 ] ], [ [ 81.247856377604876, 6.670309886513309 ], [ 81.247856377604876, 6.670300903360468 ], [ 81.247896801792663, 6.670260479172683 ], [ 81.247905784945502, 6.670260479172683 ], [ 81.247946209133289, 6.670300903360468 ], [ 81.247946209133289, 6.670309886513309 ], [ 81.247905784945502, 6.670350310701094 ], [ 81.247896801792663, 6.670350310701094 ], [ 81.247856377604876, 6.670309886513309 ] ], [ [ 81.247717138735851, 6.671068962928389 ], [ 81.247726121888689, 6.671068962928389 ], [ 81.247766546076477, 6.671109387116175 ], [ 81.247766546076477, 6.671118370269016 ], [ 81.247726121888689, 6.671158794456802 ], [ 81.247717138735851, 6.671158794456802 ], [ 81.247676714548064, 6.671118370269016 ], [ 81.247676714548064, 6.671109387116175 ], [ 81.247717138735851, 6.671068962928389 ] ] ] ] } },
{ "type": "Feature", "properties": { "fid": 1377220.0, "DN": 3, "area": 4736 }, "geometry": { "type": "MultiPolygon", "coordinates": [ [ [ [ 81.420912325514081, 6.667924859433971 ], [ 81.420921308666919, 6.667924859433971 ], [ 81.420961732854707, 6.667884435246186 ], [ 81.420961732854707, 6.667875452093345 ], [ 81.421042581230282, 6.667835027905559 ], [ 81.421060547535959, 6.667835027905559 ], [ 81.421141395911533, 6.667713755342203 ], [ 81.421141395911533, 6.66768680588368 ], [ 81.421181820099321, 6.667565533320324 ], [ 81.421190803252159, 6.667565533320324 ], [ 81.421231227439947, 6.667605957508109 ], [ 81.421231227439947, 6.66761494066095 ], [ 81.421271651627734, 6.667655364848736 ], [ 81.421280634780572, 6.667655364848736 ], [ 81.42132105896836, 6.667574516473165 ], [ 81.42132105896836, 6.667556550167482 ], [ 81.421442331531722, 6.667475701791911 ], [ 81.421469280990237, 6.667475701791911 ], [ 81.4215905535536, 6.667354429228555 ], [ 81.4215905535536, 6.667327479770032 ], [ 81.421550129365812, 6.667206207206676 ], [ 81.421541146212974, 6.667206207206676 ], [ 81.421500722025186, 6.66716578301889 ], [ 81.421500722025186, 6.667156799866049 ], [ 81.421339025274051, 6.667116375678264 ], [ 81.421303092662669, 6.667116375678264 ], [ 81.421141395911533, 6.667197224053835 ], [ 81.421141395911533, 6.667215190359517 ], [ 81.421100971723746, 6.667296038735088 ], [ 81.421091988570907, 6.667296038735088 ], [ 81.42105156438312, 6.667336462922874 ], [ 81.42105156438312, 6.667345446075714 ], [ 81.421011140195333, 6.6673858702635 ], [ 81.421002157042494, 6.6673858702635 ], [ 81.420961732854707, 6.667345446075714 ], [ 81.420961732854707, 6.667336462922874 ], [ 81.420880884479146, 6.667296038735088 ], [ 81.420862918173469, 6.667296038735088 ], [ 81.420782069797895, 6.667336462922874 ], [ 81.420782069797895, 6.667345446075714 ], [ 81.420741645610121, 6.6673858702635 ], [ 81.420732662457254, 6.6673858702635 ], [ 81.420692238269481, 6.667426294451285 ], [ 81.420692238269481, 6.667435277604126 ], [ 81.420651814081694, 6.667475701791911 ], [ 81.420642830928855, 6.667475701791911 ], [ 81.420602406741068, 6.667556550167482 ], [ 81.420602406741068, 6.667574516473165 ], [ 81.420764103492203, 6.667655364848736 ], [ 81.420800036103572, 6.667655364848736 ], [ 81.420961732854707, 6.667695789036522 ], [ 81.420961732854707, 6.667704772189362 ], [ 81.420921308666919, 6.667745196377147 ], [ 81.420912325514081, 6.667745196377147 ], [ 81.420871901326308, 6.667826044752719 ], [ 81.420871901326308, 6.667844011058401 ], [ 81.420912325514081, 6.667924859433971 ] ] ] ] } },
{ "type": "Feature", "properties": { "fid": 1378079.0, "DN": 3, "area": 3552 }, "geometry": { "type": "MultiPolygon", "coordinates": [ [ [ [ 81.424056429008488, 6.666038397337321 ], [ 81.424065412161355, 6.666038397337321 ], [ 81.424105836349128, 6.665997973149535 ], [ 81.424105836349128, 6.665988989996694 ], [ 81.424146260536915, 6.665948565808908 ], [ 81.424155243689754, 6.665948565808908 ], [ 81.424195667877541, 6.665908141621123 ], [ 81.424195667877541, 6.665899158468282 ], [ 81.42435736462869, 6.665858734280496 ], [ 81.424393297240044, 6.665858734280496 ], [ 81.424554993991194, 6.665939582656067 ], [ 81.424554993991194, 6.66595754896175 ], [ 81.424676266554556, 6.666038397337321 ], [ 81.424703216013071, 6.666038397337321 ], [ 81.424824488576434, 6.665997973149535 ], [ 81.424824488576434, 6.665988989996694 ], [ 81.424784064388646, 6.665948565808908 ], [ 81.424775081235808, 6.665948565808908 ], [ 81.42473465704802, 6.665908141621123 ], [ 81.42473465704802, 6.665899158468282 ], [ 81.424815505423595, 6.665858734280496 ], [ 81.424833471729272, 6.665858734280496 ], [ 81.424914320104833, 6.665777885904926 ], [ 81.424914320104833, 6.665759919599243 ], [ 81.424873895917045, 6.665679071223673 ], [ 81.424864912764207, 6.665679071223673 ], [ 81.424824488576434, 6.665638647035887 ], [ 81.424824488576434, 6.665629663883046 ], [ 81.424784064388646, 6.665589239695261 ], [ 81.424775081235808, 6.665589239695261 ], [ 81.42473465704802, 6.665548815507475 ], [ 81.42473465704802, 6.665539832354634 ], [ 81.424572960296871, 6.665499408166848 ], [ 81.424537027685517, 6.665499408166848 ], [ 81.424375330934367, 6.66558025654242 ], [ 81.424375330934367, 6.665598222848102 ], [ 81.424254058371005, 6.665679071223673 ], [ 81.42422710891249, 6.665679071223673 ], [ 81.424105836349128, 6.665719495411459 ], [ 81.424105836349128, 6.665728478564299 ], [ 81.424065412161355, 6.665768902752085 ], [ 81.424056429008488, 6.665768902752085 ], [ 81.424016004820714, 6.665890175315441 ], [ 81.424016004820714, 6.665917124773964 ], [ 81.424056429008488, 6.666038397337321 ] ] ] ] } },
{ "type": "Feature", "properties": { "fid": 1379065.0, "DN": 3, "area": 4046 }, "geometry": { "type": "MultiPolygon", "coordinates": [ [ [ [ 81.425583564991513, 6.664690924411142 ], [ 81.425592548144351, 6.664690924411142 ], [ 81.425632972332139, 6.664650500223356 ], [ 81.425632972332139, 6.664641517070515 ], [ 81.425673396519926, 6.664601092882729 ], [ 81.425682379672764, 6.664601092882729 ], [ 81.425722803860552, 6.664560668694944 ], [ 81.425722803860552, 6.664551685542103 ], [ 81.425763228048339, 6.664511261354317 ], [ 81.425772211201178, 6.664511261354317 ], [ 81.425812635388965, 6.664470837166531 ], [ 81.425812635388965, 6.664461854013691 ], [ 81.425893483764526, 6.664421429825905 ], [ 81.425911450070217, 6.664421429825905 ], [ 81.425992298445777, 6.66438100563812 ], [ 81.425992298445777, 6.66437202248528 ], [ 81.426032722633565, 6.664331598297494 ], [ 81.426041705786403, 6.664331598297494 ], [ 81.426082129974191, 6.664291174109708 ], [ 81.426082129974191, 6.664282190956866 ], [ 81.426203402537553, 6.664241766769081 ], [ 81.426230351996068, 6.664241766769081 ], [ 81.42635162455943, 6.66416091839351 ], [ 81.42635162455943, 6.664142952087828 ], [ 81.426392048747203, 6.664062103712258 ], [ 81.42640103190007, 6.664062103712258 ], [ 81.426441456087844, 6.663981255336687 ], [ 81.426441456087844, 6.663963289031004 ], [ 81.426320183524496, 6.663882440655433 ], [ 81.426293234065952, 6.663882440655433 ], [ 81.426171961502604, 6.663922864843219 ], [ 81.426171961502604, 6.66393184799606 ], [ 81.426131537314816, 6.663972272183845 ], [ 81.426122554161978, 6.663972272183845 ], [ 81.426082129974191, 6.664012696371631 ], [ 81.426082129974191, 6.664021679524472 ], [ 81.426001281598616, 6.664062103712258 ], [ 81.425983315292939, 6.664062103712258 ], [ 81.425902466917364, 6.664102527900043 ], [ 81.425902466917364, 6.664111511052884 ], [ 81.425821618541789, 6.664151935240669 ], [ 81.425803652236112, 6.664151935240669 ], [ 81.425722803860552, 6.664273207804026 ], [ 81.425722803860552, 6.664300157262549 ], [ 81.425641955484977, 6.664421429825905 ], [ 81.4256239891793, 6.664421429825905 ], [ 81.425543140803725, 6.66438100563812 ], [ 81.425543140803725, 6.66437202248528 ], [ 81.425421868240363, 6.664331598297494 ], [ 81.425394918781848, 6.664331598297494 ], [ 81.425273646218486, 6.66445287086085 ], [ 81.425273646218486, 6.664479820319373 ], [ 81.42535449459406, 6.664601092882729 ], [ 81.425372460899737, 6.664601092882729 ], [ 81.425453309275312, 6.6646819412583 ], [ 81.425453309275312, 6.664699907563982 ], [ 81.425493733463099, 6.664780755939553 ], [ 81.425502716615938, 6.664780755939553 ], [ 81.425543140803725, 6.664740331751767 ], [ 81.425543140803725, 6.664731348598927 ], [ 81.425583564991513, 6.664690924411142 ] ], [ [ 81.426261793031017, 6.664012696371631 ], [ 81.426261793031017, 6.664021679524472 ], [ 81.42622136884323, 6.664062103712258 ], [ 81.426212385690391, 6.664062103712258 ], [ 81.426171961502604, 6.664021679524472 ], [ 81.426171961502604, 6.664012696371631 ], [ 81.426212385690391, 6.663972272183845 ], [ 81.42622136884323, 6.663972272183845 ], [ 81.426261793031017, 6.664012696371631 ] ], [ [ 81.425812635388965, 6.664291174109708 ], [ 81.425812635388965, 6.664282190956866 ], [ 81.425853059576752, 6.664241766769081 ], [ 81.425862042729591, 6.664241766769081 ], [ 81.425902466917364, 6.664282190956866 ], [ 81.425902466917364, 6.664291174109708 ], [ 81.425862042729591, 6.664331598297494 ], [ 81.425853059576752, 6.664331598297494 ], [ 81.425812635388965, 6.664291174109708 ] ] ] ] } },
{ "type": "Feature", "properties": { "fid": 1379585.0, "DN": 3, "area": 4046 }, "geometry": { "type": "MultiPolygon", "coordinates": [ [ [ [ 81.427779945861175, 6.663523114541785 ], [ 81.427797912166866, 6.663523114541785 ], [ 81.427878760542427, 6.663442266166215 ], [ 81.427878760542427, 6.663424299860533 ], [ 81.428000033105789, 6.663343451484963 ], [ 81.428026982564305, 6.663343451484963 ], [ 81.428148255127667, 6.663303027297177 ], [ 81.428148255127667, 6.663294044144335 ], [ 81.428107830939879, 6.663253619956549 ], [ 81.428098847787041, 6.663253619956549 ], [ 81.428058423599254, 6.663132347393193 ], [ 81.428058423599254, 6.66310539793467 ], [ 81.428017999411466, 6.662984125371314 ], [ 81.428009016258628, 6.662984125371314 ], [ 81.42796859207084, 6.662943701183528 ], [ 81.42796859207084, 6.662934718030687 ], [ 81.428049440446415, 6.662894293842902 ], [ 81.428067406752092, 6.662894293842902 ], [ 81.428148255127667, 6.662853869655116 ], [ 81.428148255127667, 6.662844886502276 ], [ 81.427784437437595, 6.66280446231449 ], [ 81.42770358906202, 6.66280446231449 ], [ 81.427339771371962, 6.662885310690061 ], [ 81.427339771371962, 6.662903276995744 ], [ 81.427299347184174, 6.662984125371314 ], [ 81.427290364031336, 6.662984125371314 ], [ 81.427249939843549, 6.6630245495591 ], [ 81.427249939843549, 6.663033532711941 ], [ 81.427290364031336, 6.663073956899726 ], [ 81.427299347184174, 6.663073956899726 ], [ 81.427339771371962, 6.663114381087512 ], [ 81.427339771371962, 6.663123364240352 ], [ 81.427501468123097, 6.663163788428138 ], [ 81.427537400734479, 6.663163788428138 ], [ 81.427699097485615, 6.663123364240352 ], [ 81.427699097485615, 6.663114381087512 ], [ 81.427779945861175, 6.663073956899726 ], [ 81.427797912166866, 6.663073956899726 ], [ 81.427878760542427, 6.663154805275297 ], [ 81.427878760542427, 6.663172771580979 ], [ 81.427838336354654, 6.663253619956549 ], [ 81.427829353201801, 6.663253619956549 ], [ 81.427788929014028, 6.663294044144335 ], [ 81.427788929014028, 6.663303027297177 ], [ 81.427748504826241, 6.663343451484963 ], [ 81.427739521673402, 6.663343451484963 ], [ 81.427699097485615, 6.663424299860533 ], [ 81.427699097485615, 6.663442266166215 ], [ 81.427779945861175, 6.663523114541785 ] ] ] ] } },
{ "type": "Feature", "properties": { "fid": 1379873.0, "DN": 3, "area": 7796 }, "geometry": { "type": "MultiPolygon", "coordinates": [ [ [ [ 81.430039208800736, 6.662984125371314 ], [ 81.43012005717631, 6.662984125371314 ], [ 81.430483874866383, 6.662943701183528 ], [ 81.430483874866383, 6.662934718030687 ], [ 81.43052429905417, 6.662894293842902 ], [ 81.430533282207008, 6.662894293842902 ], [ 81.430573706394796, 6.662692172903975 ], [ 81.430573706394796, 6.662647257139769 ], [ 81.430654554770371, 6.662445136200843 ], [ 81.430672521076048, 6.662445136200843 ], [ 81.430753369451622, 6.662364287825271 ], [ 81.430753369451622, 6.662346321519589 ], [ 81.430672521076048, 6.662265473144018 ], [ 81.430654554770371, 6.662265473144018 ], [ 81.430573706394796, 6.662305897331803 ], [ 81.430573706394796, 6.662314880484645 ], [ 81.430533282207008, 6.66235530467243 ], [ 81.43052429905417, 6.66235530467243 ], [ 81.430483874866383, 6.662395728860216 ], [ 81.430483874866383, 6.662404712013057 ], [ 81.430403026490808, 6.662445136200843 ], [ 81.430385060185131, 6.662445136200843 ], [ 81.430304211809556, 6.662485560388628 ], [ 81.430304211809556, 6.662494543541468 ], [ 81.430263787621769, 6.662534967729254 ], [ 81.43025480446893, 6.662534967729254 ], [ 81.430214380281143, 6.662615816104825 ], [ 81.430214380281143, 6.662633782410508 ], [ 81.430133531905568, 6.662714630786079 ], [ 81.430115565599891, 6.662714630786079 ], [ 81.430034717224316, 6.662674206598293 ], [ 81.430034717224316, 6.662665223445452 ], [ 81.429670899534244, 6.662624799257666 ], [ 81.429590051158669, 6.662624799257666 ], [ 81.429226233468611, 6.662584375069881 ], [ 81.429226233468611, 6.66257539191704 ], [ 81.429185809280824, 6.662534967729254 ], [ 81.429176826127986, 6.662534967729254 ], [ 81.429136401940198, 6.66257539191704 ], [ 81.429136401940198, 6.662584375069881 ], [ 81.428813008437913, 6.662624799257666 ], [ 81.428741143215191, 6.662624799257666 ], [ 81.428417749712906, 6.662705647633237 ], [ 81.428417749712906, 6.662723613938919 ], [ 81.428943264154128, 6.66280446231449 ], [ 81.429060045141057, 6.66280446231449 ], [ 81.429585559582264, 6.662844886502276 ], [ 81.429585559582264, 6.662853869655116 ], [ 81.429625983770052, 6.662894293842902 ], [ 81.42963496692289, 6.662894293842902 ], [ 81.429675391110678, 6.662934718030687 ], [ 81.429675391110678, 6.662943701183528 ], [ 81.430039208800736, 6.662984125371314 ] ] ] ] } },
{ "type": "Feature", "properties": { "fid": 1381076.0, "DN": 3, "area": 23485 }, "geometry": { "type": "MultiPolygon", "coordinates": [ [ [ [ 81.431135153447372, 6.662984125371314 ], [ 81.431180069211564, 6.662984125371314 ], [ 81.431382190150501, 6.662943701183528 ], [ 81.431382190150501, 6.662934718030687 ], [ 81.431180069211564, 6.662894293842902 ], [ 81.431135153447372, 6.662894293842902 ], [ 81.430933032508435, 6.662853869655116 ], [ 81.430933032508435, 6.662844886502276 ], [ 81.431135153447372, 6.66280446231449 ], [ 81.431180069211564, 6.66280446231449 ], [ 81.431382190150501, 6.662764038126705 ], [ 81.431382190150501, 6.662755054973864 ], [ 81.431341765962713, 6.662714630786079 ], [ 81.431332782809875, 6.662714630786079 ], [ 81.431292358622088, 6.662674206598293 ], [ 81.431292358622088, 6.662665223445452 ], [ 81.431373206997662, 6.662624799257666 ], [ 81.431391173303339, 6.662624799257666 ], [ 81.431472021678914, 6.662584375069881 ], [ 81.431472021678914, 6.66257539191704 ], [ 81.431552870054475, 6.662534967729254 ], [ 81.43157083636018, 6.662534967729254 ], [ 81.431651684735741, 6.662494543541468 ], [ 81.431651684735741, 6.662485560388628 ], [ 81.431732533111301, 6.662445136200843 ], [ 81.431750499416978, 6.662445136200843 ], [ 81.431831347792553, 6.662364287825271 ], [ 81.431831347792553, 6.662346321519589 ], [ 81.431993044543702, 6.662265473144018 ], [ 81.432028977155056, 6.662265473144018 ], [ 81.432190673906206, 6.662184624768448 ], [ 81.432190673906206, 6.662166658462765 ], [ 81.432271522281781, 6.662085810087195 ], [ 81.432289488587458, 6.662085810087195 ], [ 81.432370336963032, 6.662045385899409 ], [ 81.432370336963032, 6.662036402746568 ], [ 81.43241076115082, 6.661995978558783 ], [ 81.432419744303658, 6.661995978558783 ], [ 81.432460168491446, 6.662036402746568 ], [ 81.432460168491446, 6.662045385899409 ], [ 81.43254101686702, 6.662085810087195 ], [ 81.432558983172697, 6.662085810087195 ], [ 81.432639831548272, 6.662166658462765 ], [ 81.432639831548272, 6.662184624768448 ], [ 81.43276110411162, 6.662265473144018 ], [ 81.432788053570135, 6.662265473144018 ], [ 81.432909326133498, 6.662022928017306 ], [ 81.432909326133498, 6.661969029100259 ], [ 81.432990174509058, 6.661726483973547 ], [ 81.433008140814763, 6.661726483973547 ], [ 81.433088989190324, 6.661686059785762 ], [ 81.433088989190324, 6.661677076632921 ], [ 81.433169837565899, 6.661636652445135 ], [ 81.433187803871576, 6.661636652445135 ], [ 81.43326865224715, 6.661555804069565 ], [ 81.43326865224715, 6.661537837763882 ], [ 81.433430348998286, 6.661456989388311 ], [ 81.433466281609668, 6.661456989388311 ], [ 81.433627978360803, 6.66137614101274 ], [ 81.433627978360803, 6.661358174707058 ], [ 81.433708826736364, 6.661277326331486 ], [ 81.433726793042041, 6.661277326331486 ], [ 81.433807641417616, 6.661196477955916 ], [ 81.433807641417616, 6.661178511650234 ], [ 81.433888489793191, 6.661097663274663 ], [ 81.433906456098867, 6.661097663274663 ], [ 81.433987304474442, 6.661057239086878 ], [ 81.433987304474442, 6.661048255934037 ], [ 81.434068152850017, 6.661007831746251 ], [ 81.434086119155694, 6.661007831746251 ], [ 81.434166967531269, 6.660967407558466 ], [ 81.434166967531269, 6.660958424405624 ], [ 81.434328664282418, 6.660918000217839 ], [ 81.434364596893772, 6.660918000217839 ], [ 81.434526293644922, 6.660837151842268 ], [ 81.434526293644922, 6.660819185536586 ], [ 81.434607142020496, 6.660738337161016 ], [ 81.434625108326173, 6.660738337161016 ], [ 81.434705956701748, 6.66069791297323 ], [ 81.434705956701748, 6.660688929820389 ], [ 81.434746380889536, 6.660648505632603 ], [ 81.434755364042374, 6.660648505632603 ], [ 81.434795788230161, 6.660688929820389 ], [ 81.434795788230161, 6.66069791297323 ], [ 81.434836212417935, 6.660738337161016 ], [ 81.434845195570773, 6.660738337161016 ], [ 81.43488561975856, 6.660819185536586 ], [ 81.43488561975856, 6.660837151842268 ], [ 81.434926043946348, 6.660918000217839 ], [ 81.434935027099186, 6.660918000217839 ], [ 81.434975451286974, 6.660877576030053 ], [ 81.434975451286974, 6.660868592877213 ], [ 81.435056299662548, 6.660828168689427 ], [ 81.435074265968225, 6.660828168689427 ], [ 81.4351551143438, 6.660787744501642 ], [ 81.4351551143438, 6.660778761348801 ], [ 81.435114690156013, 6.660738337161016 ], [ 81.435105707003174, 6.660738337161016 ], [ 81.435065282815387, 6.660576640409873 ], [ 81.435065282815387, 6.660540707798509 ], [ 81.434984434439826, 6.660379011047367 ], [ 81.434966468134121, 6.660379011047367 ], [ 81.43488561975856, 6.660298162671797 ], [ 81.43488561975856, 6.660280196366114 ], [ 81.434966468134121, 6.660199347990543 ], [ 81.434984434439826, 6.660199347990543 ], [ 81.435065282815387, 6.660118499614972 ], [ 81.435065282815387, 6.66010053330929 ], [ 81.434984434439826, 6.66001968493372 ], [ 81.434966468134121, 6.66001968493372 ], [ 81.43488561975856, 6.660060109121505 ], [ 81.43488561975856, 6.660069092274346 ], [ 81.434804771383, 6.660109516462132 ], [ 81.434786805077323, 6.660109516462132 ], [ 81.434705956701748, 6.660069092274346 ], [ 81.434705956701748, 6.660060109121505 ], [ 81.434665532513961, 6.66001968493372 ], [ 81.434656549361122, 6.66001968493372 ], [ 81.434616125173335, 6.660060109121505 ], [ 81.434616125173335, 6.660069092274346 ], [ 81.434575700985548, 6.660109516462132 ], [ 81.434566717832709, 6.660109516462132 ], [ 81.434526293644922, 6.660190364837702 ], [ 81.434526293644922, 6.660208331143385 ], [ 81.434566717832709, 6.660289179518955 ], [ 81.434575700985548, 6.660289179518955 ], [ 81.434616125173335, 6.660329603706741 ], [ 81.434616125173335, 6.660338586859583 ], [ 81.434575700985548, 6.660379011047367 ], [ 81.434566717832709, 6.660379011047367 ], [ 81.434526293644922, 6.660459859422938 ], [ 81.434526293644922, 6.66047782572862 ], [ 81.434445445269347, 6.660558674104191 ], [ 81.43442747896367, 6.660558674104191 ], [ 81.434346630588095, 6.660639522479762 ], [ 81.434346630588095, 6.660657488785445 ], [ 81.434225358024733, 6.660738337161016 ], [ 81.434198408566218, 6.660738337161016 ], [ 81.434077136002855, 6.66069791297323 ], [ 81.434077136002855, 6.660688929820389 ], [ 81.434036711815068, 6.660648505632603 ], [ 81.43402772866223, 6.660648505632603 ], [ 81.433987304474442, 6.660769778195959 ], [ 81.433987304474442, 6.660796727654483 ], [ 81.433946880286669, 6.660918000217839 ], [ 81.433937897133802, 6.660918000217839 ], [ 81.433897472946029, 6.660877576030053 ], [ 81.433897472946029, 6.660868592877213 ], [ 81.433857048758242, 6.660828168689427 ], [ 81.433848065605403, 6.660828168689427 ], [ 81.433807641417616, 6.660787744501642 ], [ 81.433807641417616, 6.660778761348801 ], [ 81.433605520478693, 6.660738337161016 ], [ 81.433560604714486, 6.660738337161016 ], [ 81.433358483775564, 6.660819185536586 ], [ 81.433358483775564, 6.660837151842268 ], [ 81.433398907963351, 6.660918000217839 ], [ 81.43340789111619, 6.660918000217839 ], [ 81.433448315303977, 6.66107969696898 ], [ 81.433448315303977, 6.661115629580345 ], [ 81.433205770177267, 6.661277326331486 ], [ 81.433151871260208, 6.661277326331486 ], [ 81.432909326133498, 6.661236902143701 ], [ 81.432909326133498, 6.661227918990861 ], [ 81.432788053570135, 6.661187494803075 ], [ 81.43276110411162, 6.661187494803075 ], [ 81.432639831548272, 6.661147070615289 ], [ 81.432639831548272, 6.661138087462449 ], [ 81.432599407360485, 6.661097663274663 ], [ 81.432590424207646, 6.661097663274663 ], [ 81.432550000019859, 6.661138087462449 ], [ 81.432550000019859, 6.661147070615289 ], [ 81.432509575832086, 6.661187494803075 ], [ 81.432500592679219, 6.661187494803075 ], [ 81.432460168491446, 6.661227918990861 ], [ 81.432460168491446, 6.661236902143701 ], [ 81.432500592679219, 6.661277326331486 ], [ 81.432509575832086, 6.661277326331486 ], [ 81.432550000019859, 6.661317750519272 ], [ 81.432550000019859, 6.661326733672113 ], [ 81.432509575832086, 6.661367157859899 ], [ 81.432500592679219, 6.661367157859899 ], [ 81.432460168491446, 6.661407582047684 ], [ 81.432460168491446, 6.661416565200525 ], [ 81.43254101686702, 6.661456989388311 ], [ 81.432558983172697, 6.661456989388311 ], [ 81.432639831548272, 6.661497413576097 ], [ 81.432639831548272, 6.661506396728937 ], [ 81.432680255736059, 6.661546820916723 ], [ 81.432689238888898, 6.661546820916723 ], [ 81.432729663076685, 6.661587245104508 ], [ 81.432729663076685, 6.661596228257349 ], [ 81.432487117949961, 6.661636652445135 ], [ 81.43243321903293, 6.661636652445135 ], [ 81.432190673906206, 6.661757925008491 ], [ 81.432190673906206, 6.661784874467014 ], [ 81.432109825530631, 6.66190614703037 ], [ 81.432091859224954, 6.66190614703037 ], [ 81.432011010849379, 6.661986995405941 ], [ 81.432011010849379, 6.662004961711624 ], [ 81.431970586661592, 6.662085810087195 ], [ 81.431961603508753, 6.662085810087195 ], [ 81.431921179320966, 6.662004961711624 ], [ 81.431921179320966, 6.661986995405941 ], [ 81.431880755133179, 6.66190614703037 ], [ 81.43187177198034, 6.66190614703037 ], [ 81.431831347792553, 6.661986995405941 ], [ 81.431831347792553, 6.662004961711624 ], [ 81.431750499416978, 6.662085810087195 ], [ 81.431732533111301, 6.662085810087195 ], [ 81.431651684735741, 6.662166658462765 ], [ 81.431651684735741, 6.662184624768448 ], [ 81.431611260547953, 6.662265473144018 ], [ 81.431602277395115, 6.662265473144018 ], [ 81.431561853207327, 6.662184624768448 ], [ 81.431561853207327, 6.662166658462765 ], [ 81.43152142901954, 6.662085810087195 ], [ 81.431512445866701, 6.662085810087195 ], [ 81.431472021678914, 6.662207082650551 ], [ 81.431472021678914, 6.662234032109074 ], [ 81.431431597491127, 6.66235530467243 ], [ 81.431422614338288, 6.66235530467243 ], [ 81.431382190150501, 6.662395728860216 ], [ 81.431382190150501, 6.662404712013057 ], [ 81.431341765962713, 6.662445136200843 ], [ 81.431332782809875, 6.662445136200843 ], [ 81.431292358622088, 6.662485560388628 ], [ 81.431292358622088, 6.662494543541468 ], [ 81.4312519344343, 6.662534967729254 ], [ 81.431242951281462, 6.662534967729254 ], [ 81.431202527093674, 6.66257539191704 ], [ 81.431202527093674, 6.662584375069881 ], [ 81.431121678718114, 6.662624799257666 ], [ 81.431103712412408, 6.662624799257666 ], [ 81.431022864036848, 6.662665223445452 ], [ 81.431022864036848, 6.662674206598293 ], [ 81.430901591473486, 6.662714630786079 ], [ 81.43087464201497, 6.662714630786079 ], [ 81.430753369451622, 6.662755054973864 ], [ 81.430753369451622, 6.662764038126705 ], [ 81.43079379363941, 6.66280446231449 ], [ 81.430802776792248, 6.66280446231449 ], [ 81.430843200980036, 6.662885310690061 ], [ 81.430843200980036, 6.662903276995744 ], [ 81.430802776792248, 6.662984125371314 ], [ 81.43079379363941, 6.662984125371314 ], [ 81.430753369451622, 6.663064973746884 ], [ 81.430753369451622, 6.663082940052567 ], [ 81.430834217827197, 6.663163788428138 ], [ 81.430852184132874, 6.663163788428138 ], [ 81.430933032508435, 6.663082940052567 ], [ 81.430933032508435, 6.663064973746884 ], [ 81.431135153447372, 6.662984125371314 ] ], [ [ 81.434656549361122, 6.660199347990543 ], [ 81.434665532513961, 6.660199347990543 ], [ 81.434705956701748, 6.660239772178329 ], [ 81.434705956701748, 6.660248755331169 ], [ 81.434665532513961, 6.660289179518955 ], [ 81.434656549361122, 6.660289179518955 ], [ 81.434616125173335, 6.660248755331169 ], [ 81.434616125173335, 6.660239772178329 ], [ 81.434656549361122, 6.660199347990543 ] ], [ [ 81.434876636605722, 6.660558674104191 ], [ 81.434894602911413, 6.660558674104191 ], [ 81.434975451286974, 6.660599098291977 ], [ 81.434975451286974, 6.660608081444818 ], [ 81.434894602911413, 6.660648505632603 ], [ 81.434876636605722, 6.660648505632603 ], [ 81.434795788230161, 6.660608081444818 ], [ 81.434795788230161, 6.660599098291977 ], [ 81.434876636605722, 6.660558674104191 ] ] ] ] } },
{ "type": "Feature", "properties": { "fid": 1382446.0, "DN": 3, "area": 5427 }, "geometry": { "type": "MultiPolygon", "coordinates": [ [ [ [ 81.436004022287293, 6.658492548950717 ], [ 81.436013005440131, 6.658492548950717 ], [ 81.436053429627918, 6.658452124762931 ], [ 81.436053429627918, 6.65844314161009 ], [ 81.436093853815706, 6.658402717422304 ], [ 81.436102836968544, 6.658402717422304 ], [ 81.436143261156332, 6.658321869046734 ], [ 81.436143261156332, 6.658303902741052 ], [ 81.436224109531906, 6.658223054365481 ], [ 81.436242075837583, 6.658223054365481 ], [ 81.436322924213158, 6.658182630177695 ], [ 81.436322924213158, 6.658173647024855 ], [ 81.436282500025385, 6.658133222837069 ], [ 81.436273516872518, 6.658133222837069 ], [ 81.436233092684745, 6.658052374461498 ], [ 81.436233092684745, 6.658034408155816 ], [ 81.436273516872518, 6.657953559780244 ], [ 81.436282500025385, 6.657953559780244 ], [ 81.436322924213158, 6.657913135592459 ], [ 81.436322924213158, 6.657904152439619 ], [ 81.436242075837583, 6.657863728251833 ], [ 81.436224109531906, 6.657863728251833 ], [ 81.436143261156332, 6.657782879876262 ], [ 81.436143261156332, 6.657764913570579 ], [ 81.436183685344119, 6.657684065195009 ], [ 81.436192668496957, 6.657684065195009 ], [ 81.436233092684745, 6.657724489382795 ], [ 81.436233092684745, 6.657733472535636 ], [ 81.43631394106032, 6.657773896723421 ], [ 81.436331907365997, 6.657773896723421 ], [ 81.436412755741571, 6.657652624160065 ], [ 81.436412755741571, 6.657625674701542 ], [ 81.436291483178223, 6.657504402138185 ], [ 81.43626453371968, 6.657504402138185 ], [ 81.436143261156332, 6.657544826325971 ], [ 81.436143261156332, 6.657553809478811 ], [ 81.436102836968544, 6.657594233666597 ], [ 81.436093853815706, 6.657594233666597 ], [ 81.436053429627918, 6.657675082042168 ], [ 81.436053429627918, 6.65769304834785 ], [ 81.436013005440131, 6.657773896723421 ], [ 81.436004022287293, 6.657773896723421 ], [ 81.435963598099505, 6.657895169286777 ], [ 81.435963598099505, 6.657922118745301 ], [ 81.43588274972393, 6.658043391308657 ], [ 81.435864783418253, 6.658043391308657 ], [ 81.435783935042679, 6.658124239684227 ], [ 81.435783935042679, 6.658142205989909 ], [ 81.435743510854905, 6.658223054365481 ], [ 81.435734527702067, 6.658223054365481 ], [ 81.43569410351428, 6.658263478553266 ], [ 81.43569410351428, 6.658272461706106 ], [ 81.435572830950917, 6.658312885893892 ], [ 81.435545881492402, 6.658312885893892 ], [ 81.43542460892904, 6.658353310081678 ], [ 81.43542460892904, 6.658362293234519 ], [ 81.435465033116827, 6.658402717422304 ], [ 81.435474016269666, 6.658402717422304 ], [ 81.435514440457453, 6.65844314161009 ], [ 81.435514440457453, 6.658452124762931 ], [ 81.435474016269666, 6.658492548950717 ], [ 81.435465033116827, 6.658492548950717 ], [ 81.43542460892904, 6.658532973138502 ], [ 81.43542460892904, 6.658541956291343 ], [ 81.435626729867963, 6.658582380479128 ], [ 81.435671645632169, 6.658582380479128 ], [ 81.435873766571092, 6.658622804666914 ], [ 81.435873766571092, 6.658631787819756 ], [ 81.435914190758879, 6.658672212007541 ], [ 81.435923173911718, 6.658672212007541 ], [ 81.435963598099505, 6.65859136363197 ], [ 81.435963598099505, 6.658573397326287 ], [ 81.436004022287293, 6.658492548950717 ] ], [ [ 81.435833342383319, 6.658312885893892 ], [ 81.435824359230452, 6.658312885893892 ], [ 81.435783935042679, 6.658272461706106 ], [ 81.435783935042679, 6.658263478553266 ], [ 81.435824359230452, 6.658223054365481 ], [ 81.435833342383319, 6.658223054365481 ], [ 81.435873766571092, 6.658263478553266 ], [ 81.435873766571092, 6.658272461706106 ], [ 81.435833342383319, 6.658312885893892 ] ] ] ] } },
{ "type": "Feature", "properties": { "fid": 1383574.0, "DN": 3, "area": 6908 }, "geometry": { "type": "MultiPolygon", "coordinates": [ [ [ [ 81.43717183215665, 6.656695918382477 ], [ 81.437180815309489, 6.656695918382477 ], [ 81.437221239497276, 6.656574645819121 ], [ 81.437221239497276, 6.656547696360597 ], [ 81.437302087872837, 6.656426423797241 ], [ 81.437320054178542, 6.656426423797241 ], [ 81.437400902554103, 6.656345575421671 ], [ 81.437400902554103, 6.656327609115989 ], [ 81.437481750929678, 6.656246760740418 ], [ 81.437499717235355, 6.656246760740418 ], [ 81.437580565610929, 6.656125488177061 ], [ 81.437580565610929, 6.656098538718538 ], [ 81.437620989798717, 6.655977266155181 ], [ 81.437629972951555, 6.655977266155181 ], [ 81.437670397139343, 6.655936841967396 ], [ 81.437670397139343, 6.655927858814556 ], [ 81.437751245514903, 6.65588743462677 ], [ 81.437769211820594, 6.65588743462677 ], [ 81.437850060196155, 6.655968283002341 ], [ 81.437850060196155, 6.655986249308024 ], [ 81.437809636008382, 6.656067097683594 ], [ 81.437800652855543, 6.656067097683594 ], [ 81.437760228667756, 6.656147946059164 ], [ 81.437760228667756, 6.656165912364846 ], [ 81.437800652855543, 6.656246760740418 ], [ 81.437809636008382, 6.656246760740418 ], [ 81.437850060196155, 6.656287184928203 ], [ 81.437850060196155, 6.656296168081044 ], [ 81.437809636008382, 6.656336592268829 ], [ 81.437800652855543, 6.656336592268829 ], [ 81.437760228667756, 6.656377016456615 ], [ 81.437760228667756, 6.656385999609456 ], [ 81.437679380292195, 6.656426423797241 ], [ 81.43766141398649, 6.656426423797241 ], [ 81.437580565610929, 6.656507272172812 ], [ 81.437580565610929, 6.656525238478494 ], [ 81.437742262362065, 6.656606086854065 ], [ 81.437778194973433, 6.656606086854065 ], [ 81.437939891724568, 6.656323117539568 ], [ 81.437939891724568, 6.656260235469679 ], [ 81.438020740100143, 6.655977266155181 ], [ 81.43803870640582, 6.655977266155181 ], [ 81.438119554781395, 6.655936841967396 ], [ 81.438119554781395, 6.655927858814556 ], [ 81.43803870640582, 6.65588743462677 ], [ 81.438020740100143, 6.65588743462677 ], [ 81.437939891724568, 6.655806586251199 ], [ 81.437939891724568, 6.655788619945517 ], [ 81.437899467536781, 6.655707771569945 ], [ 81.437890484383942, 6.655707771569945 ], [ 81.437850060196155, 6.65566734738216 ], [ 81.437850060196155, 6.655658364229319 ], [ 81.437890484383942, 6.655617940041534 ], [ 81.437899467536781, 6.655617940041534 ], [ 81.437939891724568, 6.655577515853748 ], [ 81.437939891724568, 6.655568532700908 ], [ 81.437778194973433, 6.655528108513122 ], [ 81.437742262362065, 6.655528108513122 ], [ 81.437580565610929, 6.655689805264264 ], [ 81.437580565610929, 6.655725737875628 ], [ 81.437499717235355, 6.65588743462677 ], [ 81.437481750929678, 6.65588743462677 ], [ 81.437400902554103, 6.655968283002341 ], [ 81.437400902554103, 6.655986249308024 ], [ 81.437360478366315, 6.656067097683594 ], [ 81.437351495213477, 6.656067097683594 ], [ 81.43731107102569, 6.655986249308024 ], [ 81.43731107102569, 6.655968283002341 ], [ 81.437270646837902, 6.65588743462677 ], [ 81.437261663685064, 6.65588743462677 ], [ 81.437221239497276, 6.655927858814556 ], [ 81.437221239497276, 6.655936841967396 ], [ 81.437180815309489, 6.655977266155181 ], [ 81.43717183215665, 6.655977266155181 ], [ 81.437131407968863, 6.656058114530753 ], [ 81.437131407968863, 6.656076080836435 ], [ 81.43717183215665, 6.656156929212006 ], [ 81.437180815309489, 6.656156929212006 ], [ 81.437221239497276, 6.656197353399792 ], [ 81.437221239497276, 6.656206336552632 ], [ 81.437099966933914, 6.656246760740418 ], [ 81.437073017475399, 6.656246760740418 ], [ 81.436951744912037, 6.656287184928203 ], [ 81.436951744912037, 6.656296168081044 ], [ 81.436830472348689, 6.656336592268829 ], [ 81.436803522890159, 6.656336592268829 ], [ 81.436682250326811, 6.656377016456615 ], [ 81.436682250326811, 6.656385999609456 ], [ 81.436843947077946, 6.656426423797241 ], [ 81.436879879689315, 6.656426423797241 ], [ 81.43704157644045, 6.656588120548383 ], [ 81.43704157644045, 6.656624053159748 ], [ 81.437082000628237, 6.65678574991089 ], [ 81.437090983781076, 6.65678574991089 ], [ 81.437131407968863, 6.656745325723104 ], [ 81.437131407968863, 6.656736342570262 ], [ 81.43717183215665, 6.656695918382477 ] ], [ [ 81.43717183215665, 6.656336592268829 ], [ 81.437180815309489, 6.656336592268829 ], [ 81.437221239497276, 6.656377016456615 ], [ 81.437221239497276, 6.656385999609456 ], [ 81.437180815309489, 6.656426423797241 ], [ 81.43717183215665, 6.656426423797241 ], [ 81.437131407968863, 6.656385999609456 ], [ 81.437131407968863, 6.656377016456615 ], [ 81.43717183215665, 6.656336592268829 ] ] ] ] } },
{ "type": "Feature", "properties": { "fid": 1384100.0, "DN": 3, "area": 3454 }, "geometry": { "type": "MultiPolygon", "coordinates": [ [ [ [ 81.438739392327449, 6.655348445456298 ], [ 81.438757358633126, 6.655348445456298 ], [ 81.438838207008686, 6.655267597080727 ], [ 81.438838207008686, 6.655249630775045 ], [ 81.438797782820899, 6.655168782399475 ], [ 81.43878879966806, 6.655168782399475 ], [ 81.438748375480287, 6.655128358211689 ], [ 81.438748375480287, 6.655119375058848 ], [ 81.43878879966806, 6.655078950871062 ], [ 81.438797782820899, 6.655078950871062 ], [ 81.438838207008686, 6.654957678307706 ], [ 81.438838207008686, 6.654930728849183 ], [ 81.438797782820899, 6.654809456285827 ], [ 81.43878879966806, 6.654809456285827 ], [ 81.438748375480287, 6.654728607910256 ], [ 81.438748375480287, 6.654710641604574 ], [ 81.438667527104712, 6.654629793229002 ], [ 81.438649560799035, 6.654629793229002 ], [ 81.438568712423461, 6.654670217416788 ], [ 81.438568712423461, 6.654679200569628 ], [ 81.438447439860099, 6.654719624757414 ], [ 81.438420490401583, 6.654719624757414 ], [ 81.438299217838221, 6.654800473132985 ], [ 81.438299217838221, 6.654818439438667 ], [ 81.438258793650434, 6.654899287814239 ], [ 81.438249810497595, 6.654899287814239 ], [ 81.438209386309808, 6.654939712002024 ], [ 81.438209386309808, 6.654948695154864 ], [ 81.438249810497595, 6.65498911934265 ], [ 81.438258793650434, 6.65498911934265 ], [ 81.438299217838221, 6.655069967718221 ], [ 81.438299217838221, 6.655087934023904 ], [ 81.438460914589371, 6.655168782399475 ], [ 81.438496847200724, 6.655168782399475 ], [ 81.438658543951874, 6.655249630775045 ], [ 81.438658543951874, 6.655267597080727 ], [ 81.438739392327449, 6.655348445456298 ] ] ] ] } },
{ "type": "Feature", "properties": { "fid": 1385857.0, "DN": 3, "area": 3849 }, "geometry": { "type": "MultiPolygon", "coordinates": [ [ [ [ 81.441573577048842, 6.651845015848232 ], [ 81.441582560201681, 6.651845015848232 ], [ 81.441622984389468, 6.651804591660446 ], [ 81.441622984389468, 6.651795608507605 ], [ 81.441582560201681, 6.651755184319819 ], [ 81.441573577048842, 6.651755184319819 ], [ 81.441533152861055, 6.651714760132034 ], [ 81.441533152861055, 6.651705776979194 ], [ 81.441573577048842, 6.651665352791408 ], [ 81.441582560201681, 6.651665352791408 ], [ 81.441622984389468, 6.651624928603622 ], [ 81.441622984389468, 6.651615945450782 ], [ 81.441582560201681, 6.651575521262997 ], [ 81.441573577048842, 6.651575521262997 ], [ 81.441533152861055, 6.651535097075211 ], [ 81.441533152861055, 6.65152611392237 ], [ 81.441573577048842, 6.651485689734584 ], [ 81.441582560201681, 6.651485689734584 ], [ 81.441622984389468, 6.651445265546799 ], [ 81.441622984389468, 6.651436282393957 ], [ 81.441663408577256, 6.651395858206172 ], [ 81.441672391730094, 6.651395858206172 ], [ 81.441712815917882, 6.651315009830602 ], [ 81.441712815917882, 6.651297043524919 ], [ 81.441753240105669, 6.651216195149349 ], [ 81.441762223258507, 6.651216195149349 ], [ 81.441802647446281, 6.651135346773778 ], [ 81.441802647446281, 6.651117380468095 ], [ 81.441762223258507, 6.651036532092524 ], [ 81.441753240105669, 6.651036532092524 ], [ 81.441712815917882, 6.65107695628031 ], [ 81.441712815917882, 6.651085939433151 ], [ 81.441672391730094, 6.651126363620937 ], [ 81.441663408577256, 6.651126363620937 ], [ 81.441622984389468, 6.651207211996507 ], [ 81.441622984389468, 6.651225178302189 ], [ 81.441582560201681, 6.65130602667776 ], [ 81.441573577048842, 6.65130602667776 ], [ 81.441533152861055, 6.651265602489975 ], [ 81.441533152861055, 6.651256619337135 ], [ 81.441411880297693, 6.651216195149349 ], [ 81.441384930839178, 6.651216195149349 ], [ 81.441263658275815, 6.651175770961563 ], [ 81.441263658275815, 6.651166787808722 ], [ 81.441182809900241, 6.651126363620937 ], [ 81.441164843594564, 6.651126363620937 ], [ 81.441083995218989, 6.651166787808722 ], [ 81.441083995218989, 6.651175770961563 ], [ 81.440922298467854, 6.651216195149349 ], [ 81.440886365856485, 6.651216195149349 ], [ 81.44072466910535, 6.651297043524919 ], [ 81.44072466910535, 6.651315009830602 ], [ 81.44096721423206, 6.651395858206172 ], [ 81.441021113149105, 6.651395858206172 ], [ 81.441263658275815, 6.651517130769529 ], [ 81.441263658275815, 6.651544080228051 ], [ 81.441304082463603, 6.651665352791408 ], [ 81.441313065616441, 6.651665352791408 ], [ 81.441353489804229, 6.651624928603622 ], [ 81.441353489804229, 6.651615945450782 ], [ 81.441393913992016, 6.651575521262997 ], [ 81.441402897144854, 6.651575521262997 ], [ 81.441443321332642, 6.651737218014138 ], [ 81.441443321332642, 6.651773150625503 ], [ 81.441483745520429, 6.651934847376644 ], [ 81.441492728673268, 6.651934847376644 ], [ 81.441533152861055, 6.651894423188859 ], [ 81.441533152861055, 6.651885440036017 ], [ 81.441573577048842, 6.651845015848232 ] ], [ [ 81.441483745520429, 6.651395858206172 ], [ 81.441492728673268, 6.651395858206172 ], [ 81.441533152861055, 6.651436282393957 ], [ 81.441533152861055, 6.651445265546799 ], [ 81.441492728673268, 6.651485689734584 ], [ 81.441483745520429, 6.651485689734584 ], [ 81.441443321332642, 6.651445265546799 ], [ 81.441443321332642, 6.651436282393957 ], [ 81.441483745520429, 6.651395858206172 ] ] ] ] } },
{ "type": "Feature", "properties": { "fid": 1386210.0, "DN": 3, "area": 4145 }, "geometry": { "type": "MultiPolygon", "coordinates": [ [ [ [ 81.446047187163742, 6.651036532092524 ], [ 81.446092102927963, 6.651036532092524 ], [ 81.446294223866886, 6.650996107904739 ], [ 81.446294223866886, 6.650987124751898 ], [ 81.446455920618035, 6.650946700564113 ], [ 81.446491853229389, 6.650946700564113 ], [ 81.446653549980539, 6.650906276376327 ], [ 81.446653549980539, 6.650897293223486 ], [ 81.446613125792766, 6.6508568690357 ], [ 81.446604142639899, 6.6508568690357 ], [ 81.446563718452126, 6.650816444847915 ], [ 81.446563718452126, 6.650807461695074 ], [ 81.446644566827686, 6.650767037507288 ], [ 81.446662533133377, 6.650767037507288 ], [ 81.446743381508938, 6.650686189131718 ], [ 81.446743381508938, 6.650668222826035 ], [ 81.44662210894559, 6.650587374450465 ], [ 81.44659515948706, 6.650587374450465 ], [ 81.446473886923712, 6.650708647013821 ], [ 81.446473886923712, 6.650735596472344 ], [ 81.446231341796988, 6.6508568690357 ], [ 81.446177442879957, 6.6508568690357 ], [ 81.445934897753233, 6.65077602066013 ], [ 81.445934897753233, 6.650758054354448 ], [ 81.445813625189885, 6.650677205978877 ], [ 81.445786675731355, 6.650677205978877 ], [ 81.445665403168007, 6.650596357603305 ], [ 81.445665403168007, 6.650578391297623 ], [ 81.44562497898022, 6.650497542922053 ], [ 81.445615995827382, 6.650497542922053 ], [ 81.445575571639594, 6.650457118734268 ], [ 81.445575571639594, 6.650448135581426 ], [ 81.445494723264019, 6.65040771139364 ], [ 81.445476756958342, 6.65040771139364 ], [ 81.445395908582768, 6.650367287205855 ], [ 81.445395908582768, 6.650358304053015 ], [ 81.44535548439498, 6.650317879865229 ], [ 81.445346501242142, 6.650317879865229 ], [ 81.445306077054354, 6.65047957661637 ], [ 81.445306077054354, 6.650515509227736 ], [ 81.445427349617717, 6.650677205978877 ], [ 81.445454299076232, 6.650677205978877 ], [ 81.445575571639594, 6.650758054354448 ], [ 81.445575571639594, 6.65077602066013 ], [ 81.445656420015155, 6.6508568690357 ], [ 81.445674386320846, 6.6508568690357 ], [ 81.445755234696406, 6.650897293223486 ], [ 81.445755234696406, 6.650906276376327 ], [ 81.445795658884194, 6.650946700564113 ], [ 81.445804642037032, 6.650946700564113 ], [ 81.44584506622482, 6.650987124751898 ], [ 81.44584506622482, 6.650996107904739 ], [ 81.446047187163742, 6.651036532092524 ] ] ] ] } },
{ "type": "Feature", "properties": { "fid": 1386437.0, "DN": 3, "area": 6316 }, "geometry": { "type": "MultiPolygon", "coordinates": [ [ [ [ 81.443159103525304, 6.650587374450465 ], [ 81.443141137219627, 6.650587374450465 ], [ 81.443060288844052, 6.65054695026268 ], [ 81.443060288844052, 6.650537967109838 ], [ 81.443019864656264, 6.650497542922053 ], [ 81.443010881503426, 6.650497542922053 ], [ 81.442970457315639, 6.650416694546482 ], [ 81.442970457315639, 6.650398728240799 ], [ 81.443010881503426, 6.650317879865229 ], [ 81.443019864656264, 6.650317879865229 ], [ 81.443060288844052, 6.650237031489658 ], [ 81.443060288844052, 6.650219065183975 ], [ 81.443221985595187, 6.650138216808405 ], [ 81.443257918206569, 6.650138216808405 ], [ 81.443419614957705, 6.650178640996191 ], [ 81.443419614957705, 6.650187624149032 ], [ 81.443540887521067, 6.650228048336817 ], [ 81.443567836979582, 6.650228048336817 ], [ 81.443689109542944, 6.650308896712388 ], [ 81.443689109542944, 6.65032686301807 ], [ 81.443729533730732, 6.65040771139364 ], [ 81.44373851688357, 6.65040771139364 ], [ 81.443778941071344, 6.650246014642499 ], [ 81.443778941071344, 6.650210082031134 ], [ 81.443617244320194, 6.650048385279993 ], [ 81.44358131170884, 6.650048385279993 ], [ 81.443419614957705, 6.650007961092207 ], [ 81.443419614957705, 6.649998977939367 ], [ 81.443460039145492, 6.649958553751581 ], [ 81.443469022298331, 6.649958553751581 ], [ 81.443509446486118, 6.649918129563796 ], [ 81.443509446486118, 6.649909146410955 ], [ 81.443226477171621, 6.649868722223169 ], [ 81.443163595101723, 6.649868722223169 ], [ 81.442880625787225, 6.649909146410955 ], [ 81.442880625787225, 6.649918129563796 ], [ 81.442799777411665, 6.649958553751581 ], [ 81.442781811105988, 6.649958553751581 ], [ 81.442700962730413, 6.649918129563796 ], [ 81.442700962730413, 6.649909146410955 ], [ 81.442620114354838, 6.649868722223169 ], [ 81.442602148049161, 6.649868722223169 ], [ 81.442521299673587, 6.650070843162096 ], [ 81.442521299673587, 6.650115758926302 ], [ 81.442561723861374, 6.650317879865229 ], [ 81.442570707014212, 6.650317879865229 ], [ 81.442611131202, 6.650358304053015 ], [ 81.442611131202, 6.650367287205855 ], [ 81.442570707014212, 6.65040771139364 ], [ 81.442561723861374, 6.65040771139364 ], [ 81.442521299673587, 6.650448135581426 ], [ 81.442521299673587, 6.650457118734268 ], [ 81.442682996424736, 6.650497542922053 ], [ 81.44271892903609, 6.650497542922053 ], [ 81.442880625787225, 6.650578391297623 ], [ 81.442880625787225, 6.650596357603305 ], [ 81.443042322538361, 6.650677205978877 ], [ 81.443078255149743, 6.650677205978877 ], [ 81.443239951900878, 6.650636781791091 ], [ 81.443239951900878, 6.650627798638251 ], [ 81.443159103525304, 6.650587374450465 ] ], [ [ 81.442700962730413, 6.650129233655564 ], [ 81.442700962730413, 6.650147199961246 ], [ 81.442660538542626, 6.650228048336817 ], [ 81.442651555389787, 6.650228048336817 ], [ 81.442611131202, 6.650147199961246 ], [ 81.442611131202, 6.650129233655564 ], [ 81.442651555389787, 6.650048385279993 ], [ 81.442660538542626, 6.650048385279993 ], [ 81.442700962730413, 6.650129233655564 ] ] ] ] } },
{ "type": "Feature", "properties": { "fid": 1388623.0, "DN": 3, "area": 4243 }, "geometry": { "type": "MultiPolygon", "coordinates": [ [ [ [ 81.444268522901183, 6.646185629558278 ], [ 81.44427750605405, 6.646185629558278 ], [ 81.444317930241823, 6.646226053746064 ], [ 81.444317930241823, 6.646235036898905 ], [ 81.44435835442961, 6.646275461086691 ], [ 81.444367337582449, 6.646275461086691 ], [ 81.444407761770236, 6.64619461271112 ], [ 81.444407761770236, 6.646176646405438 ], [ 81.444448185958024, 6.646095798029867 ], [ 81.444457169110862, 6.646095798029867 ], [ 81.444497593298649, 6.646014949654296 ], [ 81.444497593298649, 6.645996983348613 ], [ 81.444416744923075, 6.645916134973043 ], [ 81.444398778617398, 6.645916134973043 ], [ 81.444317930241823, 6.645875710785258 ], [ 81.444317930241823, 6.645866727632416 ], [ 81.44427750605405, 6.645826303444631 ], [ 81.444268522901183, 6.645826303444631 ], [ 81.44422809871341, 6.645785879256845 ], [ 81.44422809871341, 6.645776896104005 ], [ 81.4439855535867, 6.645736471916219 ], [ 81.443931654669655, 6.645736471916219 ], [ 81.443689109542944, 6.645776896104005 ], [ 81.443689109542944, 6.645785879256845 ], [ 81.443648685355157, 6.645826303444631 ], [ 81.443639702202319, 6.645826303444631 ], [ 81.443599278014531, 6.645866727632416 ], [ 81.443599278014531, 6.645875710785258 ], [ 81.443518429638956, 6.645916134973043 ], [ 81.44350046333328, 6.645916134973043 ], [ 81.443419614957705, 6.645996983348613 ], [ 81.443419614957705, 6.646014949654296 ], [ 81.443460039145492, 6.646095798029867 ], [ 81.443469022298331, 6.646095798029867 ], [ 81.443509446486118, 6.646055373842081 ], [ 81.443509446486118, 6.646046390689241 ], [ 81.443590294861693, 6.646005966501455 ], [ 81.44360826116737, 6.646005966501455 ], [ 81.443689109542944, 6.646046390689241 ], [ 81.443689109542944, 6.646055373842081 ], [ 81.443729533730732, 6.646095798029867 ], [ 81.44373851688357, 6.646095798029867 ], [ 81.443778941071344, 6.646136222217653 ], [ 81.443778941071344, 6.646145205370493 ], [ 81.443940637822493, 6.646185629558278 ], [ 81.443976570433847, 6.646185629558278 ], [ 81.444138267184996, 6.646226053746064 ], [ 81.444138267184996, 6.646235036898905 ], [ 81.444178691372784, 6.646275461086691 ], [ 81.444187674525622, 6.646275461086691 ], [ 81.44422809871341, 6.646235036898905 ], [ 81.44422809871341, 6.646226053746064 ], [ 81.444268522901183, 6.646185629558278 ] ], [ [ 81.443868772599757, 6.645875710785258 ], [ 81.443868772599757, 6.645866727632416 ], [ 81.443909196787544, 6.645826303444631 ], [ 81.443918179940383, 6.645826303444631 ], [ 81.44395860412817, 6.645866727632416 ], [ 81.44395860412817, 6.645875710785258 ], [ 81.443918179940383, 6.645916134973043 ], [ 81.443909196787544, 6.645916134973043 ], [ 81.443868772599757, 6.645875710785258 ] ], [ [ 81.444317930241823, 6.646055373842081 ], [ 81.444317930241823, 6.646046390689241 ], [ 81.44435835442961, 6.646005966501455 ], [ 81.444367337582449, 6.646005966501455 ], [ 81.444407761770236, 6.646046390689241 ], [ 81.444407761770236, 6.646055373842081 ], [ 81.444367337582449, 6.646095798029867 ], [ 81.44435835442961, 6.646095798029867 ], [ 81.444317930241823, 6.646055373842081 ] ] ] ] } },
{ "type": "Feature", "properties": { "fid": 1390524.0, "DN": 3, "area": 8092 }, "geometry": { "type": "MultiPolygon", "coordinates": [ [ [ [ 81.458120544582314, 6.643670346762745 ], [ 81.458093595123799, 6.643670346762745 ], [ 81.457972322560437, 6.643629922574959 ], [ 81.457972322560437, 6.643620939422118 ], [ 81.458214867687161, 6.643580515234333 ], [ 81.458268766604192, 6.643580515234333 ], [ 81.458511311730916, 6.643540091046547 ], [ 81.458511311730916, 6.643531107893706 ], [ 81.458551735918689, 6.64349068370592 ], [ 81.458560719071528, 6.64349068370592 ], [ 81.458601143259315, 6.643409835330349 ], [ 81.458601143259315, 6.643391869024667 ], [ 81.458641567447103, 6.643311020649096 ], [ 81.458650550599941, 6.643311020649096 ], [ 81.458690974787729, 6.643270596461311 ], [ 81.458690974787729, 6.64326161330847 ], [ 81.458731398975516, 6.643221189120684 ], [ 81.458740382128354, 6.643221189120684 ], [ 81.458780806316142, 6.643180764932898 ], [ 81.458780806316142, 6.643171781780058 ], [ 81.458861654691702, 6.643131357592273 ], [ 81.458879620997408, 6.643131357592273 ], [ 81.458960469372968, 6.643090933404487 ], [ 81.458960469372968, 6.643081950251647 ], [ 81.459041317748543, 6.643041526063861 ], [ 81.45905928405422, 6.643041526063861 ], [ 81.459140132429795, 6.643001101876076 ], [ 81.459140132429795, 6.642992118723234 ], [ 81.459180556617582, 6.642951694535449 ], [ 81.459189539770421, 6.642951694535449 ], [ 81.459229963958208, 6.642911270347663 ], [ 81.459229963958208, 6.642902287194822 ], [ 81.459270388145995, 6.642861863007036 ], [ 81.459279371298834, 6.642861863007036 ], [ 81.459319795486621, 6.642821438819251 ], [ 81.459319795486621, 6.642812455666411 ], [ 81.459360219674409, 6.642772031478625 ], [ 81.459369202827247, 6.642772031478625 ], [ 81.459409627015035, 6.642731607290839 ], [ 81.459409627015035, 6.642722624137999 ], [ 81.459450051202822, 6.642682199950213 ], [ 81.45945903435566, 6.642682199950213 ], [ 81.459499458543448, 6.642601351574642 ], [ 81.459499458543448, 6.64258338526896 ], [ 81.459580306919008, 6.642502536893389 ], [ 81.459598273224685, 6.642502536893389 ], [ 81.45967912160026, 6.642421688517818 ], [ 81.45967912160026, 6.642403722212135 ], [ 81.459719545788047, 6.642322873836565 ], [ 81.459728528940886, 6.642322873836565 ], [ 81.459768953128673, 6.64228244964878 ], [ 81.459768953128673, 6.642273466495938 ], [ 81.459728528940886, 6.642233042308153 ], [ 81.459719545788047, 6.642233042308153 ], [ 81.45967912160026, 6.642192618120367 ], [ 81.45967912160026, 6.642183634967527 ], [ 81.459598273224685, 6.642143210779741 ], [ 81.459580306919008, 6.642143210779741 ], [ 81.459499458543448, 6.642224059155311 ], [ 81.459499458543448, 6.642242025460995 ], [ 81.459418610167887, 6.642322873836565 ], [ 81.459400643862182, 6.642322873836565 ], [ 81.459319795486621, 6.642403722212135 ], [ 81.459319795486621, 6.642421688517818 ], [ 81.459279371298834, 6.642502536893389 ], [ 81.459270388145995, 6.642502536893389 ], [ 81.459229963958208, 6.642421688517818 ], [ 81.459229963958208, 6.642403722212135 ], [ 81.459108691394846, 6.642322873836565 ], [ 81.45908174193633, 6.642322873836565 ], [ 81.458960469372968, 6.642403722212135 ], [ 81.458960469372968, 6.642421688517818 ], [ 81.459041317748543, 6.642502536893389 ], [ 81.45905928405422, 6.642502536893389 ], [ 81.459140132429795, 6.64266423364453 ], [ 81.459140132429795, 6.642700166255895 ], [ 81.458978435678659, 6.642861863007036 ], [ 81.458942503067277, 6.642861863007036 ], [ 81.458780806316142, 6.642942711382608 ], [ 81.458780806316142, 6.64296067768829 ], [ 81.458699957940567, 6.643041526063861 ], [ 81.45868199163489, 6.643041526063861 ], [ 81.458601143259315, 6.643122374439431 ], [ 81.458601143259315, 6.643140340745114 ], [ 81.458399022320393, 6.643221189120684 ], [ 81.458354106556186, 6.643221189120684 ], [ 81.458151985617263, 6.643302037496255 ], [ 81.458151985617263, 6.643320003801938 ], [ 81.457949864678341, 6.643400852177509 ], [ 81.45790494891412, 6.643400852177509 ], [ 81.457702827975197, 6.64348170055308 ], [ 81.457702827975197, 6.643499666858762 ], [ 81.457783676350772, 6.643580515234333 ], [ 81.457801642656449, 6.643580515234333 ], [ 81.457882491032024, 6.643620939422118 ], [ 81.457882491032024, 6.643629922574959 ], [ 81.457842066844236, 6.643670346762745 ], [ 81.457833083691398, 6.643670346762745 ], [ 81.45779265950361, 6.643710770950531 ], [ 81.45779265950361, 6.643719754103371 ], [ 81.457994780442533, 6.643760178291156 ], [ 81.458039696206754, 6.643760178291156 ], [ 81.458241817145677, 6.643719754103371 ], [ 81.458241817145677, 6.643710770950531 ], [ 81.458120544582314, 6.643670346762745 ] ], [ [ 81.45846190439029, 6.643400852177509 ], [ 81.458470887543129, 6.643400852177509 ], [ 81.458511311730916, 6.643441276365294 ], [ 81.458511311730916, 6.643450259518135 ], [ 81.458470887543129, 6.64349068370592 ], [ 81.45846190439029, 6.64349068370592 ], [ 81.458421480202503, 6.643450259518135 ], [ 81.458421480202503, 6.643441276365294 ], [ 81.45846190439029, 6.643400852177509 ] ] ] ] } },
{ "type": "Feature", "properties": { "fid": 1391099.0, "DN": 3, "area": 3750 }, "geometry": { "type": "MultiPolygon", "coordinates": [ [ [ [ 81.460478622203141, 6.641783884666093 ], [ 81.460496588508818, 6.641783884666093 ], [ 81.460577436884378, 6.641703036290522 ], [ 81.460577436884378, 6.64168506998484 ], [ 81.460658285259953, 6.64160422160927 ], [ 81.46067625156563, 6.64160422160927 ], [ 81.460757099941205, 6.641442524858128 ], [ 81.460757099941205, 6.641406592246764 ], [ 81.460716675753417, 6.641244895495621 ], [ 81.460707692600579, 6.641244895495621 ], [ 81.460667268412791, 6.641204471307836 ], [ 81.460667268412791, 6.641195488154995 ], [ 81.460626844225004, 6.64115506396721 ], [ 81.460617861072166, 6.64115506396721 ], [ 81.460577436884378, 6.641114639779424 ], [ 81.460577436884378, 6.641105656626584 ], [ 81.460375315945456, 6.641065232438798 ], [ 81.460330400181249, 6.641065232438798 ], [ 81.460128279242326, 6.641146080814369 ], [ 81.460128279242326, 6.641164047120051 ], [ 81.460168703430114, 6.641244895495621 ], [ 81.460177686582952, 6.641244895495621 ], [ 81.460218110770739, 6.641285319683407 ], [ 81.460218110770739, 6.641294302836248 ], [ 81.460177686582952, 6.641334727024033 ], [ 81.460168703430114, 6.641334727024033 ], [ 81.460128279242326, 6.641375151211819 ], [ 81.460128279242326, 6.64138413436466 ], [ 81.460087855054539, 6.641424558552446 ], [ 81.4600788719017, 6.641424558552446 ], [ 81.460038447713913, 6.641464982740231 ], [ 81.460038447713913, 6.641473965893072 ], [ 81.460119296089488, 6.641514390080857 ], [ 81.460137262395165, 6.641514390080857 ], [ 81.460218110770739, 6.641473965893072 ], [ 81.460218110770739, 6.641464982740231 ], [ 81.460298959146314, 6.641424558552446 ], [ 81.460316925451991, 6.641424558552446 ], [ 81.460397773827566, 6.641586255303587 ], [ 81.460397773827566, 6.641622187914952 ], [ 81.460478622203141, 6.641783884666093 ] ] ] ] } },
{ "type": "Feature", "properties": { "fid": 1392845.0, "DN": 3, "area": 15789 }, "geometry": { "type": "MultiPolygon", "coordinates": [ [ [ [ 81.461376937487259, 6.640526243268326 ], [ 81.461394903792936, 6.640526243268326 ], [ 81.461475752168511, 6.640607091643897 ], [ 81.461475752168511, 6.640625057949579 ], [ 81.461556600544071, 6.640705906325151 ], [ 81.461574566849748, 6.640705906325151 ], [ 81.461655415225323, 6.640625057949579 ], [ 81.461655415225323, 6.640607091643897 ], [ 81.461695839413096, 6.640526243268326 ], [ 81.461704822565963, 6.640526243268326 ], [ 81.461745246753736, 6.64048581908054 ], [ 81.461745246753736, 6.6404768359277 ], [ 81.461664398378161, 6.640436411739914 ], [ 81.461646432072484, 6.640436411739914 ], [ 81.46156558369691, 6.640395987552129 ], [ 81.46156558369691, 6.640387004399288 ], [ 81.461606007884697, 6.640346580211502 ], [ 81.461614991037536, 6.640346580211502 ], [ 81.461655415225323, 6.640265731835932 ], [ 81.461655415225323, 6.640247765530249 ], [ 81.461736263600898, 6.640166917154678 ], [ 81.461754229906575, 6.640166917154678 ], [ 81.461835078282149, 6.640086068779107 ], [ 81.461835078282149, 6.640068102473425 ], [ 81.461915926657724, 6.639987254097854 ], [ 81.461933892963401, 6.639987254097854 ], [ 81.462014741338976, 6.639946829910069 ], [ 81.462014741338976, 6.639937846757228 ], [ 81.462095589714551, 6.639897422569442 ], [ 81.462113556020228, 6.639897422569442 ], [ 81.462194404395802, 6.639816574193872 ], [ 81.462194404395802, 6.639798607888189 ], [ 81.462315676959165, 6.639717759512619 ], [ 81.46234262641768, 6.639717759512619 ], [ 81.462463898981042, 6.639677335324834 ], [ 81.462463898981042, 6.639668352171991 ], [ 81.462504323168815, 6.639627927984206 ], [ 81.462513306321654, 6.639627927984206 ], [ 81.462553730509441, 6.63958750379642 ], [ 81.462553730509441, 6.63957852064358 ], [ 81.462594154697229, 6.639538096455794 ], [ 81.462603137850067, 6.639538096455794 ], [ 81.462643562037854, 6.639497672268009 ], [ 81.462643562037854, 6.639488689115169 ], [ 81.462683986225642, 6.639448264927383 ], [ 81.46269296937848, 6.639448264927383 ], [ 81.462733393566268, 6.639407840739597 ], [ 81.462733393566268, 6.639398857586756 ], [ 81.462814241941842, 6.639358433398971 ], [ 81.462832208247519, 6.639358433398971 ], [ 81.462913056623094, 6.6392775850234 ], [ 81.462913056623094, 6.639259618717718 ], [ 81.463074753374229, 6.639178770342147 ], [ 81.463110685985612, 6.639178770342147 ], [ 81.463272382736747, 6.639138346154361 ], [ 81.463272382736747, 6.639129363001521 ], [ 81.463353231112322, 6.639088938813735 ], [ 81.463371197417999, 6.639088938813735 ], [ 81.463452045793574, 6.638967666250379 ], [ 81.463452045793574, 6.638940716791855 ], [ 81.463573318356922, 6.638819444228499 ], [ 81.463600267815451, 6.638819444228499 ], [ 81.463721540378799, 6.638779020040714 ], [ 81.463721540378799, 6.638770036887873 ], [ 81.463681116191012, 6.638729612700088 ], [ 81.463672133038173, 6.638729612700088 ], [ 81.463631708850386, 6.638689188512302 ], [ 81.463631708850386, 6.63868020535946 ], [ 81.463712557225961, 6.638639781171674 ], [ 81.463730523531638, 6.638639781171674 ], [ 81.463811371907212, 6.638558932796104 ], [ 81.463811371907212, 6.638540966490422 ], [ 81.463568826780502, 6.638460118114851 ], [ 81.463514927863457, 6.638460118114851 ], [ 81.463272382736747, 6.63837926973928 ], [ 81.463272382736747, 6.638361303433598 ], [ 81.46323195854896, 6.638280455058027 ], [ 81.463222975396121, 6.638280455058027 ], [ 81.463182551208334, 6.638320879245812 ], [ 81.463182551208334, 6.638329862398654 ], [ 81.463142127020546, 6.638370286586439 ], [ 81.463133143867708, 6.638370286586439 ], [ 81.463092719679921, 6.638410710774225 ], [ 81.463092719679921, 6.638419693927066 ], [ 81.463052295492133, 6.638460118114851 ], [ 81.463043312339295, 6.638460118114851 ], [ 81.463002888151507, 6.638540966490422 ], [ 81.463002888151507, 6.638558932796104 ], [ 81.46296246396372, 6.638639781171674 ], [ 81.462953480810882, 6.638639781171674 ], [ 81.462913056623094, 6.63868020535946 ], [ 81.462913056623094, 6.638689188512302 ], [ 81.462993904998669, 6.638729612700088 ], [ 81.463011871304346, 6.638729612700088 ], [ 81.463092719679921, 6.638770036887873 ], [ 81.463092719679921, 6.638779020040714 ], [ 81.463011871304346, 6.638819444228499 ], [ 81.462993904998669, 6.638819444228499 ], [ 81.462913056623094, 6.638900292604069 ], [ 81.462913056623094, 6.638918258909753 ], [ 81.462832208247519, 6.638999107285323 ], [ 81.462814241941842, 6.638999107285323 ], [ 81.462733393566268, 6.639079955660893 ], [ 81.462733393566268, 6.639097921966576 ], [ 81.462490848439558, 6.639178770342147 ], [ 81.462436949522512, 6.639178770342147 ], [ 81.462194404395802, 6.639219194529932 ], [ 81.462194404395802, 6.639228177682773 ], [ 81.462113556020228, 6.639268601870558 ], [ 81.462095589714551, 6.639268601870558 ], [ 81.462014741338976, 6.639309026058344 ], [ 81.462014741338976, 6.639318009211185 ], [ 81.461974317151189, 6.639358433398971 ], [ 81.46196533399835, 6.639358433398971 ], [ 81.461924909810563, 6.639439281774541 ], [ 81.461924909810563, 6.639457248080223 ], [ 81.461884485622775, 6.639538096455794 ], [ 81.461875502469937, 6.639538096455794 ], [ 81.461835078282149, 6.639659369019151 ], [ 81.461835078282149, 6.639686318477674 ], [ 81.461754229906575, 6.639807591041031 ], [ 81.461736263600898, 6.639807591041031 ], [ 81.461655415225323, 6.639928863604387 ], [ 81.461655415225323, 6.63995581306291 ], [ 81.461614991037536, 6.640077085626267 ], [ 81.461606007884697, 6.640077085626267 ], [ 81.46156558369691, 6.640117509814052 ], [ 81.46156558369691, 6.640126492966893 ], [ 81.461525159509137, 6.640166917154678 ], [ 81.461516176356298, 6.640166917154678 ], [ 81.461475752168511, 6.640247765530249 ], [ 81.461475752168511, 6.640265731835932 ], [ 81.461435327980723, 6.640346580211502 ], [ 81.461426344827885, 6.640346580211502 ], [ 81.461385920640097, 6.640265731835932 ], [ 81.461385920640097, 6.640247765530249 ], [ 81.46134549645231, 6.640166917154678 ], [ 81.461336513299472, 6.640166917154678 ], [ 81.461296089111684, 6.640247765530249 ], [ 81.461296089111684, 6.640265731835932 ], [ 81.461134392360549, 6.640346580211502 ], [ 81.461098459749167, 6.640346580211502 ], [ 81.460936762998031, 6.640508276962644 ], [ 81.460936762998031, 6.640544209574009 ], [ 81.461098459749167, 6.640705906325151 ], [ 81.461134392360549, 6.640705906325151 ], [ 81.461296089111684, 6.640625057949579 ], [ 81.461296089111684, 6.640607091643897 ], [ 81.461376937487259, 6.640526243268326 ] ], [ [ 81.463272382736747, 6.638599356983889 ], [ 81.463272382736747, 6.638590373831049 ], [ 81.463353231112322, 6.638549949643263 ], [ 81.463371197417999, 6.638549949643263 ], [ 81.463452045793574, 6.638590373831049 ], [ 81.463452045793574, 6.638599356983889 ], [ 81.463371197417999, 6.638639781171674 ], [ 81.463353231112322, 6.638639781171674 ], [ 81.463272382736747, 6.638599356983889 ] ], [ [ 81.463272382736747, 6.63868020535946 ], [ 81.463272382736747, 6.638689188512302 ], [ 81.46323195854896, 6.638729612700088 ], [ 81.463222975396121, 6.638729612700088 ], [ 81.463182551208334, 6.638689188512302 ], [ 81.463182551208334, 6.63868020535946 ], [ 81.463222975396121, 6.638639781171674 ], [ 81.46323195854896, 6.638639781171674 ], [ 81.463272382736747, 6.63868020535946 ] ], [ [ 81.462104572867389, 6.639407840739597 ], [ 81.462104572867389, 6.639398857586756 ], [ 81.462144997055162, 6.639358433398971 ], [ 81.462153980208029, 6.639358433398971 ], [ 81.462194404395802, 6.639398857586756 ], [ 81.462194404395802, 6.639407840739597 ], [ 81.462153980208029, 6.639448264927383 ], [ 81.462144997055162, 6.639448264927383 ], [ 81.462104572867389, 6.639407840739597 ] ], [ [ 81.462104572867389, 6.639488689115169 ], [ 81.462104572867389, 6.639497672268009 ], [ 81.462064148679602, 6.639538096455794 ], [ 81.462055165526763, 6.639538096455794 ], [ 81.462014741338976, 6.639497672268009 ], [ 81.462014741338976, 6.639488689115169 ], [ 81.462055165526763, 6.639448264927383 ], [ 81.462064148679602, 6.639448264927383 ], [ 81.462104572867389, 6.639488689115169 ] ] ] ] } },
{ "type": "Feature", "properties": { "fid": 1393695.0, "DN": 3, "area": 4737 }, "geometry": { "type": "MultiPolygon", "coordinates": [ [ [ [ 81.464332394772015, 6.637921128944379 ], [ 81.464368327383369, 6.637921128944379 ], [ 81.464530024134504, 6.637840280568808 ], [ 81.464530024134504, 6.637822314263126 ], [ 81.464610872510065, 6.637741465887555 ], [ 81.46462883881577, 6.637741465887555 ], [ 81.464709687191331, 6.637660617511985 ], [ 81.464709687191331, 6.637642651206303 ], [ 81.464790535566905, 6.637561802830731 ], [ 81.464808501872582, 6.637561802830731 ], [ 81.464889350248157, 6.63748095445516 ], [ 81.464889350248157, 6.637462988149478 ], [ 81.464970198623718, 6.637382139773908 ], [ 81.464988164929423, 6.637382139773908 ], [ 81.465069013304984, 6.637301291398337 ], [ 81.465069013304984, 6.637283325092654 ], [ 81.465149861680558, 6.637202476717084 ], [ 81.465167827986235, 6.637202476717084 ], [ 81.46524867636181, 6.637121628341513 ], [ 81.46524867636181, 6.63710366203583 ], [ 81.465329524737385, 6.63702281366026 ], [ 81.465347491043062, 6.63702281366026 ], [ 81.465428339418636, 6.63694196528469 ], [ 81.465428339418636, 6.636923998979007 ], [ 81.465266642667487, 6.636843150603436 ], [ 81.465230710056133, 6.636843150603436 ], [ 81.465069013304984, 6.636923998979007 ], [ 81.465069013304984, 6.63694196528469 ], [ 81.464988164929423, 6.63702281366026 ], [ 81.464970198623718, 6.63702281366026 ], [ 81.464889350248157, 6.63710366203583 ], [ 81.464889350248157, 6.637121628341513 ], [ 81.464808501872582, 6.637202476717084 ], [ 81.464790535566905, 6.637202476717084 ], [ 81.464709687191331, 6.637283325092654 ], [ 81.464709687191331, 6.637301291398337 ], [ 81.46462883881577, 6.637382139773908 ], [ 81.464610872510065, 6.637382139773908 ], [ 81.464530024134504, 6.637462988149478 ], [ 81.464530024134504, 6.63748095445516 ], [ 81.464449175758944, 6.637561802830731 ], [ 81.464431209453267, 6.637561802830731 ], [ 81.464350361077692, 6.637642651206303 ], [ 81.464350361077692, 6.637660617511985 ], [ 81.464269512702117, 6.637741465887555 ], [ 81.46425154639644, 6.637741465887555 ], [ 81.464170698020865, 6.637822314263126 ], [ 81.464170698020865, 6.637840280568808 ], [ 81.464332394772015, 6.637921128944379 ] ] ] ] } },
{ "type": "Feature", "properties": { "fid": 1401934.0, "DN": 3, "area": 3158 }, "geometry": { "type": "MultiPolygon", "coordinates": [ [ [ [ 81.47606888395903, 6.62363791592688 ], [ 81.476077867111869, 6.62363791592688 ], [ 81.476118291299656, 6.623597491739094 ], [ 81.476118291299656, 6.623588508586252 ], [ 81.476158715487443, 6.623548084398466 ], [ 81.476167698640282, 6.623548084398466 ], [ 81.476208122828069, 6.623507660210681 ], [ 81.476208122828069, 6.623498677057841 ], [ 81.476248547015842, 6.623458252870055 ], [ 81.476257530168709, 6.623458252870055 ], [ 81.476297954356482, 6.623377404494484 ], [ 81.476297954356482, 6.623359438188801 ], [ 81.476338378544256, 6.623278589813231 ], [ 81.476347361697094, 6.623278589813231 ], [ 81.476387785884882, 6.623238165625446 ], [ 81.476387785884882, 6.623229182472604 ], [ 81.476428210072669, 6.623188758284819 ], [ 81.476437193225507, 6.623188758284819 ], [ 81.476477617413295, 6.623148334097033 ], [ 81.476477617413295, 6.623139350944193 ], [ 81.47655846578887, 6.623098926756407 ], [ 81.476576432094546, 6.623098926756407 ], [ 81.476657280470121, 6.622937230005266 ], [ 81.476657280470121, 6.622901297393901 ], [ 81.476576432094546, 6.62273960064276 ], [ 81.47655846578887, 6.62273960064276 ], [ 81.476477617413295, 6.622820449018331 ], [ 81.476477617413295, 6.622838415324013 ], [ 81.476396769037734, 6.622919263699584 ], [ 81.476378802732057, 6.622919263699584 ], [ 81.476297954356482, 6.623000112075154 ], [ 81.476297954356482, 6.623018078380836 ], [ 81.476217105980908, 6.623098926756407 ], [ 81.476199139675231, 6.623098926756407 ], [ 81.476118291299656, 6.623179775131979 ], [ 81.476118291299656, 6.623197741437661 ], [ 81.476077867111869, 6.623278589813231 ], [ 81.47606888395903, 6.623278589813231 ], [ 81.476028459771243, 6.623359438188801 ], [ 81.476028459771243, 6.623377404494484 ], [ 81.475988035583455, 6.623458252870055 ], [ 81.475979052430617, 6.623458252870055 ], [ 81.47593862824283, 6.623579525433412 ], [ 81.47593862824283, 6.623606474891934 ], [ 81.475898204055042, 6.623727747455291 ], [ 81.475889220902204, 6.623727747455291 ], [ 81.475848796714416, 6.623768171643077 ], [ 81.475848796714416, 6.623777154795917 ], [ 81.475929645089991, 6.623817578983703 ], [ 81.475947611395668, 6.623817578983703 ], [ 81.476028459771243, 6.623736730608132 ], [ 81.476028459771243, 6.62371876430245 ], [ 81.47606888395903, 6.62363791592688 ] ], [ [ 81.476248547015842, 6.623188758284819 ], [ 81.476257530168709, 6.623188758284819 ], [ 81.476297954356482, 6.623229182472604 ], [ 81.476297954356482, 6.623238165625446 ], [ 81.476257530168709, 6.623278589813231 ], [ 81.476248547015842, 6.623278589813231 ], [ 81.476208122828069, 6.623238165625446 ], [ 81.476208122828069, 6.623229182472604 ], [ 81.476248547015842, 6.623188758284819 ] ] ] ] } },
{ "type": "Feature", "properties": { "fid": 1405395.0, "DN": 3, "area": 10954 }, "geometry": { "type": "MultiPolygon", "coordinates": [ [ [ [ 81.509540111445318, 6.61905650797787 ], [ 81.509620959820893, 6.61905650797787 ], [ 81.509984777510965, 6.619016083790084 ], [ 81.509984777510965, 6.619007100637243 ], [ 81.510025201698738, 6.618966676449458 ], [ 81.510034184851577, 6.618966676449458 ], [ 81.510074609039364, 6.618926252261672 ], [ 81.510074609039364, 6.618917269108831 ], [ 81.510034184851577, 6.618876844921045 ], [ 81.510025201698738, 6.618876844921045 ], [ 81.509984777510965, 6.61883642073326 ], [ 81.509984777510965, 6.618827437580419 ], [ 81.50990392913539, 6.618787013392634 ], [ 81.509885962829713, 6.618787013392634 ], [ 81.509805114454139, 6.618827437580419 ], [ 81.509805114454139, 6.61883642073326 ], [ 81.509643417702989, 6.618876844921045 ], [ 81.509607485091635, 6.618876844921045 ], [ 81.509445788340486, 6.618795996545474 ], [ 81.509445788340486, 6.618778030239792 ], [ 81.509284091589336, 6.618697181864222 ], [ 81.509248158977982, 6.618697181864222 ], [ 81.509086462226833, 6.618616333488651 ], [ 81.509086462226833, 6.618598367182969 ], [ 81.50904603803906, 6.618517518807398 ], [ 81.509037054886221, 6.618517518807398 ], [ 81.508996630698434, 6.618557942995183 ], [ 81.508996630698434, 6.618566926148024 ], [ 81.508956206510646, 6.618607350335809 ], [ 81.508947223357808, 6.618607350335809 ], [ 81.50890679917002, 6.618566926148024 ], [ 81.50890679917002, 6.618557942995183 ], [ 81.50882595079446, 6.618517518807398 ], [ 81.508807984488755, 6.618517518807398 ], [ 81.508727136113194, 6.618436670431826 ], [ 81.508727136113194, 6.618418704126144 ], [ 81.508646287737619, 6.618337855750574 ], [ 81.508628321431942, 6.618337855750574 ], [ 81.508547473056367, 6.618216583187218 ], [ 81.508547473056367, 6.618189633728695 ], [ 81.50850704886858, 6.618068361165339 ], [ 81.508498065715742, 6.618068361165339 ], [ 81.508457641527954, 6.618108785353124 ], [ 81.508457641527954, 6.618117768505964 ], [ 81.508417217340167, 6.61815819269375 ], [ 81.508408234187328, 6.61815819269375 ], [ 81.508367809999541, 6.617875223379253 ], [ 81.508367809999541, 6.617812341309364 ], [ 81.50828696162398, 6.617529371994866 ], [ 81.508268995318275, 6.617529371994866 ], [ 81.508188146942715, 6.617569796182652 ], [ 81.508188146942715, 6.617578779335492 ], [ 81.508147722754927, 6.617619203523278 ], [ 81.508138739602089, 6.617619203523278 ], [ 81.508098315414301, 6.617538355147707 ], [ 81.508098315414301, 6.617520388842025 ], [ 81.508017467038741, 6.617439540466455 ], [ 81.507999500733064, 6.617439540466455 ], [ 81.507918652357489, 6.617277843715313 ], [ 81.507918652357489, 6.617241911103949 ], [ 81.507959076545276, 6.617080214352807 ], [ 81.507968059698115, 6.617080214352807 ], [ 81.508008483885902, 6.617039790165022 ], [ 81.508008483885902, 6.61703080701218 ], [ 81.507968059698115, 6.616990382824395 ], [ 81.507959076545276, 6.616990382824395 ], [ 81.507918652357489, 6.616869110261039 ], [ 81.507918652357489, 6.616842160802515 ], [ 81.507797379794141, 6.616720888239159 ], [ 81.507770430335597, 6.616720888239159 ], [ 81.507649157772249, 6.616761312426944 ], [ 81.507649157772249, 6.616770295579785 ], [ 81.507689581960037, 6.616810719767571 ], [ 81.507698565112875, 6.616810719767571 ], [ 81.507738989300663, 6.616851143955357 ], [ 81.507738989300663, 6.616860127108197 ], [ 81.507779413488436, 6.616900551295982 ], [ 81.507788396641303, 6.616900551295982 ], [ 81.507828820829076, 6.616981399671554 ], [ 81.507828820829076, 6.616999365977236 ], [ 81.507788396641303, 6.617080214352807 ], [ 81.507779413488436, 6.617080214352807 ], [ 81.507738989300663, 6.617282335291733 ], [ 81.507738989300663, 6.61732725105594 ], [ 81.507779413488436, 6.617529371994866 ], [ 81.507788396641303, 6.617529371994866 ], [ 81.507828820829076, 6.617569796182652 ], [ 81.507828820829076, 6.617578779335492 ], [ 81.507869245016863, 6.617619203523278 ], [ 81.507878228169702, 6.617619203523278 ], [ 81.507918652357489, 6.617700051898849 ], [ 81.507918652357489, 6.617718018204531 ], [ 81.507959076545276, 6.617798866580102 ], [ 81.507968059698115, 6.617798866580102 ], [ 81.508008483885902, 6.617839290767888 ], [ 81.508008483885902, 6.617848273920728 ], [ 81.508048908073675, 6.617888698108514 ], [ 81.508057891226514, 6.617888698108514 ], [ 81.508098315414301, 6.618090819047441 ], [ 81.508098315414301, 6.618135734811647 ], [ 81.508179163789876, 6.618337855750574 ], [ 81.508197130095553, 6.618337855750574 ], [ 81.508277978471128, 6.618378279938359 ], [ 81.508277978471128, 6.618387263091201 ], [ 81.508318402658915, 6.618427687278986 ], [ 81.508327385811754, 6.618427687278986 ], [ 81.508367809999541, 6.618468111466772 ], [ 81.508367809999541, 6.618477094619612 ], [ 81.508448658375116, 6.618517518807398 ], [ 81.508466624680793, 6.618517518807398 ], [ 81.508547473056367, 6.618598367182969 ], [ 81.508547473056367, 6.618616333488651 ], [ 81.508709169807503, 6.618697181864222 ], [ 81.508745102418885, 6.618697181864222 ], [ 81.50890679917002, 6.618737606052007 ], [ 81.50890679917002, 6.618746589204848 ], [ 81.508987647545581, 6.618787013392634 ], [ 81.509005613851258, 6.618787013392634 ], [ 81.509086462226833, 6.618867861768205 ], [ 81.509086462226833, 6.618885828073887 ], [ 81.50912688641462, 6.618966676449458 ], [ 81.509135869567459, 6.618966676449458 ], [ 81.509176293755246, 6.619007100637243 ], [ 81.509176293755246, 6.619016083790084 ], [ 81.509540111445318, 6.61905650797787 ] ] ] ] } },
{ "type": "Feature", "properties": { "fid": 1405748.0, "DN": 3, "area": 3059 }, "geometry": { "type": "MultiPolygon", "coordinates": [ [ [ [ 81.478534759413932, 6.616631056710746 ], [ 81.478552725719609, 6.616631056710746 ], [ 81.478633574095184, 6.616348087396249 ], [ 81.478633574095184, 6.616285205326361 ], [ 81.478593149907397, 6.616002236011863 ], [ 81.478584166754558, 6.616002236011863 ], [ 81.478543742566771, 6.616042660199649 ], [ 81.478543742566771, 6.61605164335249 ], [ 81.478503318378984, 6.616092067540276 ], [ 81.478494335226145, 6.616092067540276 ], [ 81.478453911038358, 6.616172915915846 ], [ 81.478453911038358, 6.616190882221528 ], [ 81.478373062662797, 6.616271730597099 ], [ 81.47835509635712, 6.616271730597099 ], [ 81.478274247981545, 6.61635257897267 ], [ 81.478274247981545, 6.616370545278352 ], [ 81.478193399605971, 6.616451393653923 ], [ 81.478175433300294, 6.616451393653923 ], [ 81.478094584924719, 6.616491817841709 ], [ 81.478094584924719, 6.616500800994549 ], [ 81.478054160736932, 6.616541225182335 ], [ 81.478045177584093, 6.616541225182335 ], [ 81.478004753396306, 6.61658164937012 ], [ 81.478004753396306, 6.616590632522961 ], [ 81.478045177584093, 6.616631056710746 ], [ 81.478054160736932, 6.616631056710746 ], [ 81.478094584924719, 6.616671480898532 ], [ 81.478094584924719, 6.616680464051373 ], [ 81.478175433300294, 6.616720888239159 ], [ 81.478193399605971, 6.616720888239159 ], [ 81.478274247981545, 6.616761312426944 ], [ 81.478274247981545, 6.616770295579785 ], [ 81.47835509635712, 6.616810719767571 ], [ 81.478373062662797, 6.616810719767571 ], [ 81.478453911038358, 6.616729871392 ], [ 81.478453911038358, 6.616711905086317 ], [ 81.478534759413932, 6.616631056710746 ] ], [ [ 81.478503318378984, 6.616361562125511 ], [ 81.478494335226145, 6.616361562125511 ], [ 81.478453911038358, 6.616321137937725 ], [ 81.478453911038358, 6.616312154784884 ], [ 81.478494335226145, 6.616271730597099 ], [ 81.478503318378984, 6.616271730597099 ], [ 81.478543742566771, 6.616312154784884 ], [ 81.478543742566771, 6.616321137937725 ], [ 81.478503318378984, 6.616361562125511 ] ] ] ] } },
{ "type": "Feature", "properties": { "fid": 1406551.0, "DN": 3, "area": 29705 }, "geometry": { "type": "MultiPolygon", "coordinates": [ [ [ [ 81.480331389982183, 6.618248024222162 ], [ 81.48034935628786, 6.618248024222162 ], [ 81.480430204663421, 6.618167175846591 ], [ 81.480430204663421, 6.618149209540909 ], [ 81.480511053038981, 6.618068361165339 ], [ 81.480529019344687, 6.618068361165339 ], [ 81.480609867720247, 6.618149209540909 ], [ 81.480609867720247, 6.618167175846591 ], [ 81.480690716095822, 6.618248024222162 ], [ 81.480708682401499, 6.618248024222162 ], [ 81.480789530777074, 6.618167175846591 ], [ 81.480789530777074, 6.618149209540909 ], [ 81.480749106589286, 6.618068361165339 ], [ 81.480740123436448, 6.618068361165339 ], [ 81.48069969924866, 6.618027936977553 ], [ 81.48069969924866, 6.618018953824712 ], [ 81.480740123436448, 6.617978529636926 ], [ 81.480749106589286, 6.617978529636926 ], [ 81.480789530777074, 6.617816832885785 ], [ 81.480789530777074, 6.617780900274419 ], [ 81.480829954964861, 6.617619203523278 ], [ 81.480838938117699, 6.617619203523278 ], [ 81.480879362305487, 6.617659627711063 ], [ 81.480879362305487, 6.617668610863905 ], [ 81.480919786493274, 6.61770903505169 ], [ 81.480928769646113, 6.61770903505169 ], [ 81.4809691938339, 6.61778988342726 ], [ 81.4809691938339, 6.617807849732943 ], [ 81.481009618021687, 6.617888698108514 ], [ 81.481018601174526, 6.617888698108514 ], [ 81.481059025362313, 6.617929122296299 ], [ 81.481059025362313, 6.617938105449141 ], [ 81.481099449550101, 6.617978529636926 ], [ 81.481108432702939, 6.617978529636926 ], [ 81.481148856890727, 6.617938105449141 ], [ 81.481148856890727, 6.617929122296299 ], [ 81.481229705266287, 6.617888698108514 ], [ 81.481247671571964, 6.617888698108514 ], [ 81.481328519947539, 6.617727001357373 ], [ 81.481328519947539, 6.617691068746007 ], [ 81.481247671571964, 6.617529371994866 ], [ 81.481229705266287, 6.617529371994866 ], [ 81.481148856890727, 6.617488947807081 ], [ 81.481148856890727, 6.61747996465424 ], [ 81.481189281078514, 6.617439540466455 ], [ 81.481198264231352, 6.617439540466455 ], [ 81.48123868841914, 6.617399116278669 ], [ 81.48123868841914, 6.617390133125828 ], [ 81.481279112606927, 6.617349708938042 ], [ 81.481288095759766, 6.617349708938042 ], [ 81.481328519947539, 6.617268860562472 ], [ 81.481328519947539, 6.61725089425679 ], [ 81.481409368323114, 6.617170045881219 ], [ 81.481427334628791, 6.617170045881219 ], [ 81.481508183004365, 6.61725089425679 ], [ 81.481508183004365, 6.617268860562472 ], [ 81.481548607192153, 6.617349708938042 ], [ 81.481557590344991, 6.617349708938042 ], [ 81.481598014532779, 6.617309284750257 ], [ 81.481598014532779, 6.617300301597416 ], [ 81.481638438720566, 6.61725987740963 ], [ 81.481647421873404, 6.61725987740963 ], [ 81.481687846061192, 6.617219453221844 ], [ 81.481687846061192, 6.617210470069004 ], [ 81.481728270248979, 6.617170045881219 ], [ 81.481737253401818, 6.617170045881219 ], [ 81.481777677589605, 6.61725089425679 ], [ 81.481777677589605, 6.617268860562472 ], [ 81.481818101777392, 6.617349708938042 ], [ 81.481827084930231, 6.617349708938042 ], [ 81.481867509118018, 6.617026315435758 ], [ 81.481867509118018, 6.616954450213029 ], [ 81.481948357493593, 6.616631056710746 ], [ 81.48196632379927, 6.616631056710746 ], [ 81.482047172174845, 6.616711905086317 ], [ 81.482047172174845, 6.616729871392 ], [ 81.482128020550419, 6.616810719767571 ], [ 81.482145986856096, 6.616810719767571 ], [ 81.482226835231671, 6.616729871392 ], [ 81.482226835231671, 6.616711905086317 ], [ 81.482307683607246, 6.616631056710746 ], [ 81.482325649912923, 6.616631056710746 ], [ 81.482406498288483, 6.61650978414739 ], [ 81.482406498288483, 6.616482834688867 ], [ 81.48260861922742, 6.616361562125511 ], [ 81.482653534991613, 6.616361562125511 ], [ 81.48285565593055, 6.616321137937725 ], [ 81.48285565593055, 6.616312154784884 ], [ 81.48293650430611, 6.616271730597099 ], [ 81.482954470611816, 6.616271730597099 ], [ 81.483035318987376, 6.615988761282601 ], [ 81.483035318987376, 6.615925879212712 ], [ 81.483116167362951, 6.615642909898215 ], [ 81.483134133668628, 6.615642909898215 ], [ 81.483214982044203, 6.615562061522644 ], [ 81.483214982044203, 6.615544095216962 ], [ 81.483295830419763, 6.615463246841392 ], [ 81.483313796725454, 6.615463246841392 ], [ 81.483394645101015, 6.615544095216962 ], [ 81.483394645101015, 6.615562061522644 ], [ 81.48347549347659, 6.615642909898215 ], [ 81.483493459782267, 6.615642909898215 ], [ 81.483574308157841, 6.615400364771503 ], [ 81.483574308157841, 6.615346465854456 ], [ 81.483614732345629, 6.615103920727744 ], [ 81.483623715498467, 6.615103920727744 ], [ 81.483664139686255, 6.615063496539959 ], [ 81.483664139686255, 6.615054513387117 ], [ 81.483704563874042, 6.615014089199331 ], [ 81.483713547026881, 6.615014089199331 ], [ 81.483753971214668, 6.614892816635975 ], [ 81.483753971214668, 6.614865867177452 ], [ 81.483794395402441, 6.614744594614096 ], [ 81.483803378555308, 6.614744594614096 ], [ 81.483843802743081, 6.61470417042631 ], [ 81.483843802743081, 6.614695187273469 ], [ 81.483884226930869, 6.614654763085683 ], [ 81.483893210083707, 6.614654763085683 ], [ 81.483933634271494, 6.614614338897898 ], [ 81.483933634271494, 6.614605355745057 ], [ 81.483812361708146, 6.614564931557272 ], [ 81.483785412249603, 6.614564931557272 ], [ 81.483664139686255, 6.614605355745057 ], [ 81.483664139686255, 6.614614338897898 ], [ 81.483623715498467, 6.614654763085683 ], [ 81.483614732345629, 6.614654763085683 ], [ 81.483574308157841, 6.614695187273469 ], [ 81.483574308157841, 6.61470417042631 ], [ 81.483493459782267, 6.614744594614096 ], [ 81.48347549347659, 6.614744594614096 ], [ 81.483394645101015, 6.614865867177452 ], [ 81.483394645101015, 6.614892816635975 ], [ 81.483313796725454, 6.615014089199331 ], [ 81.483295830419763, 6.615014089199331 ], [ 81.483214982044203, 6.615135361762688 ], [ 81.483214982044203, 6.61516231122121 ], [ 81.483134133668628, 6.615283583784567 ], [ 81.483116167362951, 6.615283583784567 ], [ 81.483035318987376, 6.615364432160138 ], [ 81.483035318987376, 6.615382398465821 ], [ 81.482914046424014, 6.615463246841392 ], [ 81.482887096965499, 6.615463246841392 ], [ 81.482765824402136, 6.615503671029177 ], [ 81.482765824402136, 6.615512654182018 ], [ 81.482725400214349, 6.615553078369803 ], [ 81.482716417061511, 6.615553078369803 ], [ 81.482675992873723, 6.615593502557589 ], [ 81.482675992873723, 6.615602485710429 ], [ 81.482595144498148, 6.615642909898215 ], [ 81.482577178192471, 6.615642909898215 ], [ 81.482496329816897, 6.615683334086 ], [ 81.482496329816897, 6.615692317238842 ], [ 81.482455905629109, 6.615732741426627 ], [ 81.482446922476271, 6.615732741426627 ], [ 81.482406498288483, 6.615854013989983 ], [ 81.482406498288483, 6.615880963448507 ], [ 81.482325649912923, 6.616002236011863 ], [ 81.482307683607246, 6.616002236011863 ], [ 81.482226835231671, 6.616042660199649 ], [ 81.482226835231671, 6.61605164335249 ], [ 81.482145986856096, 6.616092067540276 ], [ 81.482128020550419, 6.616092067540276 ], [ 81.482047172174845, 6.616132491728061 ], [ 81.482047172174845, 6.616141474880902 ], [ 81.48196632379927, 6.616181899068687 ], [ 81.481948357493593, 6.616181899068687 ], [ 81.481867509118018, 6.616262747444258 ], [ 81.481867509118018, 6.616280713749941 ], [ 81.481786660742443, 6.616361562125511 ], [ 81.481768694436767, 6.616361562125511 ], [ 81.481687846061192, 6.616482834688867 ], [ 81.481687846061192, 6.61650978414739 ], [ 81.481606997685617, 6.616631056710746 ], [ 81.48158903137994, 6.616631056710746 ], [ 81.481508183004365, 6.616711905086317 ], [ 81.481508183004365, 6.616729871392 ], [ 81.481427334628791, 6.616810719767571 ], [ 81.481409368323114, 6.616810719767571 ], [ 81.481328519947539, 6.616770295579785 ], [ 81.481328519947539, 6.616761312426944 ], [ 81.481368944135326, 6.616720888239159 ], [ 81.481377927288165, 6.616720888239159 ], [ 81.481418351475952, 6.616680464051373 ], [ 81.481418351475952, 6.616671480898532 ], [ 81.481297078912604, 6.616631056710746 ], [ 81.481270129454089, 6.616631056710746 ], [ 81.481148856890727, 6.616752329274103 ], [ 81.481148856890727, 6.616779278732626 ], [ 81.481189281078514, 6.616900551295982 ], [ 81.481198264231352, 6.616900551295982 ], [ 81.48123868841914, 6.616940975483768 ], [ 81.48123868841914, 6.616949958636609 ], [ 81.481157840043565, 6.616990382824395 ], [ 81.481139873737888, 6.616990382824395 ], [ 81.481059025362313, 6.61703080701218 ], [ 81.481059025362313, 6.617039790165022 ], [ 81.481099449550101, 6.617080214352807 ], [ 81.481108432702939, 6.617080214352807 ], [ 81.481148856890727, 6.617120638540593 ], [ 81.481148856890727, 6.617129621693433 ], [ 81.481108432702939, 6.617170045881219 ], [ 81.481099449550101, 6.617170045881219 ], [ 81.481059025362313, 6.61725089425679 ], [ 81.481059025362313, 6.617268860562472 ], [ 81.480937752798951, 6.617349708938042 ], [ 81.480910803340436, 6.617349708938042 ], [ 81.480789530777074, 6.617390133125828 ], [ 81.480789530777074, 6.617399116278669 ], [ 81.480708682401499, 6.617439540466455 ], [ 81.480690716095822, 6.617439540466455 ], [ 81.480609867720247, 6.61747996465424 ], [ 81.480609867720247, 6.617488947807081 ], [ 81.48056944353246, 6.617529371994866 ], [ 81.480560460379621, 6.617529371994866 ], [ 81.480520036191834, 6.617650644558222 ], [ 81.480520036191834, 6.617677594016746 ], [ 81.480479612004046, 6.617798866580102 ], [ 81.480470628851208, 6.617798866580102 ], [ 81.480430204663421, 6.617839290767888 ], [ 81.480430204663421, 6.617848273920728 ], [ 81.48034935628786, 6.617888698108514 ], [ 81.480331389982183, 6.617888698108514 ], [ 81.480250541606608, 6.617929122296299 ], [ 81.480250541606608, 6.617938105449141 ], [ 81.480169693231034, 6.617978529636926 ], [ 81.480151726925357, 6.617978529636926 ], [ 81.480070878549782, 6.618180650575853 ], [ 81.480070878549782, 6.618225566340059 ], [ 81.479990030174207, 6.618427687278986 ], [ 81.47997206386853, 6.618427687278986 ], [ 81.479891215492955, 6.618508535654557 ], [ 81.479891215492955, 6.618526501960239 ], [ 81.479850791305168, 6.618607350335809 ], [ 81.479841808152329, 6.618607350335809 ], [ 81.479801383964542, 6.618647774523595 ], [ 81.479801383964542, 6.618656757676436 ], [ 81.479760959776755, 6.618697181864222 ], [ 81.479751976623916, 6.618697181864222 ], [ 81.479711552436129, 6.618737606052007 ], [ 81.479711552436129, 6.618746589204848 ], [ 81.479954097562853, 6.618787013392634 ], [ 81.480007996479884, 6.618787013392634 ], [ 81.480250541606608, 6.618544468265921 ], [ 81.480250541606608, 6.618490569348874 ], [ 81.480331389982183, 6.618248024222162 ] ], [ [ 81.482496329816897, 6.61605164335249 ], [ 81.482496329816897, 6.616042660199649 ], [ 81.482536754004684, 6.616002236011863 ], [ 81.482545737157523, 6.616002236011863 ], [ 81.48258616134531, 6.616042660199649 ], [ 81.48258616134531, 6.61605164335249 ], [ 81.482545737157523, 6.616092067540276 ], [ 81.482536754004684, 6.616092067540276 ], [ 81.482496329816897, 6.61605164335249 ] ], [ [ 81.482945487458963, 6.616042660199649 ], [ 81.482945487458963, 6.61605164335249 ], [ 81.482905063271176, 6.616092067540276 ], [ 81.482896080118337, 6.616092067540276 ], [ 81.48285565593055, 6.61605164335249 ], [ 81.48285565593055, 6.616042660199649 ], [ 81.482896080118337, 6.616002236011863 ], [ 81.482905063271176, 6.616002236011863 ], [ 81.482945487458963, 6.616042660199649 ] ], [ [ 81.482496329816897, 6.616132491728061 ], [ 81.482496329816897, 6.616141474880902 ], [ 81.482455905629109, 6.616181899068687 ], [ 81.482446922476271, 6.616181899068687 ], [ 81.482406498288483, 6.616141474880902 ], [ 81.482406498288483, 6.616132491728061 ], [ 81.482446922476271, 6.616092067540276 ], [ 81.482455905629109, 6.616092067540276 ], [ 81.482496329816897, 6.616132491728061 ] ], [ [ 81.482366074100696, 6.616361562125511 ], [ 81.482357090947858, 6.616361562125511 ], [ 81.48231666676007, 6.616321137937725 ], [ 81.48231666676007, 6.616312154784884 ], [ 81.482357090947858, 6.616271730597099 ], [ 81.482366074100696, 6.616271730597099 ], [ 81.482406498288483, 6.616312154784884 ], [ 81.482406498288483, 6.616321137937725 ], [ 81.482366074100696, 6.616361562125511 ] ] ] ] } },
{ "type": "Feature", "properties": { "fid": 1406552.0, "DN": 3, "area": 41448 }, "geometry": { "type": "MultiPolygon", "coordinates": [ [ [ [ 81.510456393035128, 6.618697181864222 ], [ 81.51050130879932, 6.618697181864222 ], [ 81.510703429738257, 6.618778030239792 ], [ 81.510703429738257, 6.618795996545474 ], [ 81.510784278113832, 6.618876844921045 ], [ 81.510802244419509, 6.618876844921045 ], [ 81.510883092795083, 6.618715148169904 ], [ 81.510883092795083, 6.618679215558539 ], [ 81.510963941170644, 6.618517518807398 ], [ 81.510981907476321, 6.618517518807398 ], [ 81.511062755851896, 6.618436670431826 ], [ 81.511062755851896, 6.618418704126144 ], [ 81.51114360422747, 6.618337855750574 ], [ 81.511161570533147, 6.618337855750574 ], [ 81.511242418908722, 6.618297431562788 ], [ 81.511242418908722, 6.618288448409947 ], [ 81.511323267284297, 6.618248024222162 ], [ 81.511341233589974, 6.618248024222162 ], [ 81.511422081965549, 6.618207600034376 ], [ 81.511422081965549, 6.618198616881536 ], [ 81.511462506153336, 6.61815819269375 ], [ 81.511471489306174, 6.61815819269375 ], [ 81.511511913493962, 6.618117768505964 ], [ 81.511511913493962, 6.618108785353124 ], [ 81.511552337681735, 6.618068361165339 ], [ 81.511561320834602, 6.618068361165339 ], [ 81.511601745022375, 6.618027936977553 ], [ 81.511601745022375, 6.618018953824712 ], [ 81.51168259339795, 6.617978529636926 ], [ 81.511700559703627, 6.617978529636926 ], [ 81.511781408079202, 6.617938105449141 ], [ 81.511781408079202, 6.617929122296299 ], [ 81.511862256454776, 6.617888698108514 ], [ 81.511880222760453, 6.617888698108514 ], [ 81.511961071136028, 6.617848273920728 ], [ 81.511961071136028, 6.617839290767888 ], [ 81.512122767887163, 6.617798866580102 ], [ 81.512158700498532, 6.617798866580102 ], [ 81.512320397249667, 6.617758442392317 ], [ 81.512320397249667, 6.617749459239476 ], [ 81.512401245625242, 6.61770903505169 ], [ 81.512419211930919, 6.61770903505169 ], [ 81.512500060306493, 6.617668610863905 ], [ 81.512500060306493, 6.617659627711063 ], [ 81.512661757057629, 6.617619203523278 ], [ 81.512697689669011, 6.617619203523278 ], [ 81.512859386420146, 6.617538355147707 ], [ 81.512859386420146, 6.617520388842025 ], [ 81.512899810607934, 6.617439540466455 ], [ 81.512908793760772, 6.617439540466455 ], [ 81.51294921794856, 6.617399116278669 ], [ 81.51294921794856, 6.617390133125828 ], [ 81.512989642136333, 6.617349708938042 ], [ 81.512998625289185, 6.617349708938042 ], [ 81.513039049476959, 6.617309284750257 ], [ 81.513039049476959, 6.617300301597416 ], [ 81.513200746228108, 6.61725987740963 ], [ 81.513236678839462, 6.61725987740963 ], [ 81.513398375590612, 6.617219453221844 ], [ 81.513398375590612, 6.617210470069004 ], [ 81.513479223966186, 6.617170045881219 ], [ 81.513497190271863, 6.617170045881219 ], [ 81.513578038647438, 6.617129621693433 ], [ 81.513578038647438, 6.617120638540593 ], [ 81.513780159586361, 6.617080214352807 ], [ 81.513825075350567, 6.617080214352807 ], [ 81.51402719628949, 6.616999365977236 ], [ 81.51402719628949, 6.616981399671554 ], [ 81.514067620477277, 6.616900551295982 ], [ 81.514076603630116, 6.616900551295982 ], [ 81.514117027817903, 6.616860127108197 ], [ 81.514117027817903, 6.616851143955357 ], [ 81.514238300381265, 6.616810719767571 ], [ 81.514265249839781, 6.616810719767571 ], [ 81.514386522403143, 6.616770295579785 ], [ 81.514386522403143, 6.616761312426944 ], [ 81.514507794966505, 6.616720888239159 ], [ 81.514534744425021, 6.616720888239159 ], [ 81.514656016988383, 6.616680464051373 ], [ 81.514656016988383, 6.616671480898532 ], [ 81.514736865363957, 6.616631056710746 ], [ 81.514754831669634, 6.616631056710746 ], [ 81.514835680045209, 6.616590632522961 ], [ 81.514835680045209, 6.61658164937012 ], [ 81.515159073547494, 6.616541225182335 ], [ 81.51523093877023, 6.616541225182335 ], [ 81.515554332272501, 6.616460376806764 ], [ 81.515554332272501, 6.616442410501081 ], [ 81.515796877399211, 6.616361562125511 ], [ 81.515850776316256, 6.616361562125511 ], [ 81.516093321442966, 6.616280713749941 ], [ 81.516093321442966, 6.616262747444258 ], [ 81.516376290757478, 6.616181899068687 ], [ 81.516439172827347, 6.616181899068687 ], [ 81.516722142141859, 6.616222323256473 ], [ 81.516722142141859, 6.616231306409313 ], [ 81.516681717954071, 6.616271730597099 ], [ 81.516672734801233, 6.616271730597099 ], [ 81.516632310613446, 6.616312154784884 ], [ 81.516632310613446, 6.616321137937725 ], [ 81.516713158989006, 6.616361562125511 ], [ 81.516731125294712, 6.616361562125511 ], [ 81.516811973670272, 6.616321137937725 ], [ 81.516811973670272, 6.616312154784884 ], [ 81.516973670421407, 6.616271730597099 ], [ 81.517009603032761, 6.616271730597099 ], [ 81.517171299783911, 6.616231306409313 ], [ 81.517171299783911, 6.616222323256473 ], [ 81.51733299653506, 6.616181899068687 ], [ 81.517368929146414, 6.616181899068687 ], [ 81.517530625897564, 6.616141474880902 ], [ 81.517530625897564, 6.616132491728061 ], [ 81.517449777521989, 6.616092067540276 ], [ 81.517431811216312, 6.616092067540276 ], [ 81.517350962840737, 6.61597079497692 ], [ 81.517350962840737, 6.615943845518395 ], [ 81.517472235404099, 6.61582257295504 ], [ 81.517499184862615, 6.61582257295504 ], [ 81.517620457425977, 6.615782148767254 ], [ 81.517620457425977, 6.615773165614413 ], [ 81.51766088161375, 6.615732741426627 ], [ 81.517669864766617, 6.615732741426627 ], [ 81.51771028895439, 6.615692317238842 ], [ 81.51771028895439, 6.615683334086 ], [ 81.51787198570554, 6.615642909898215 ], [ 81.517907918316894, 6.615642909898215 ], [ 81.518069615068029, 6.615562061522644 ], [ 81.518069615068029, 6.615544095216962 ], [ 81.51815046344359, 6.615463246841392 ], [ 81.518168429749295, 6.615463246841392 ], [ 81.518249278124856, 6.615544095216962 ], [ 81.518249278124856, 6.615562061522644 ], [ 81.51833012650043, 6.615642909898215 ], [ 81.518348092806107, 6.615642909898215 ], [ 81.518428941181682, 6.615481213147073 ], [ 81.518428941181682, 6.615445280535709 ], [ 81.518469365369469, 6.615283583784567 ], [ 81.518478348522308, 6.615283583784567 ], [ 81.518518772710095, 6.615243159596782 ], [ 81.518518772710095, 6.615234176443941 ], [ 81.518559196897883, 6.615193752256156 ], [ 81.518568180050721, 6.615193752256156 ], [ 81.518608604238509, 6.61515332806837 ], [ 81.518608604238509, 6.61514434491553 ], [ 81.518689452614069, 6.615103920727744 ], [ 81.518707418919774, 6.615103920727744 ], [ 81.518788267295335, 6.615063496539959 ], [ 81.518788267295335, 6.615054513387117 ], [ 81.518828691483122, 6.615014089199331 ], [ 81.518837674635961, 6.615014089199331 ], [ 81.518878098823748, 6.614973665011545 ], [ 81.518878098823748, 6.614964681858705 ], [ 81.518918523011536, 6.61492425767092 ], [ 81.518927506164374, 6.61492425767092 ], [ 81.518967930352147, 6.614843409295348 ], [ 81.518967930352147, 6.614825442989666 ], [ 81.519048778727722, 6.614744594614096 ], [ 81.519066745033399, 6.614744594614096 ], [ 81.519147593408974, 6.614865867177452 ], [ 81.519147593408974, 6.614892816635975 ], [ 81.519188017596761, 6.615014089199331 ], [ 81.5191970007496, 6.615014089199331 ], [ 81.519237424937387, 6.614973665011545 ], [ 81.519237424937387, 6.614964681858705 ], [ 81.519277849125174, 6.61492425767092 ], [ 81.519286832278013, 6.61492425767092 ], [ 81.5193272564658, 6.614883833483134 ], [ 81.5193272564658, 6.614874850330294 ], [ 81.519367680653588, 6.614834426142508 ], [ 81.519376663806426, 6.614834426142508 ], [ 81.519417087994213, 6.614794001954722 ], [ 81.519417087994213, 6.614785018801881 ], [ 81.519336239618639, 6.614744594614096 ], [ 81.519318273312962, 6.614744594614096 ], [ 81.519237424937387, 6.61470417042631 ], [ 81.519237424937387, 6.614695187273469 ], [ 81.519277849125174, 6.614654763085683 ], [ 81.519286832278013, 6.614654763085683 ], [ 81.5193272564658, 6.614614338897898 ], [ 81.5193272564658, 6.614605355745057 ], [ 81.519246408090225, 6.614564931557272 ], [ 81.519228441784549, 6.614564931557272 ], [ 81.519147593408974, 6.614605355745057 ], [ 81.519147593408974, 6.614614338897898 ], [ 81.519107169221201, 6.614654763085683 ], [ 81.519098186068334, 6.614654763085683 ], [ 81.519057761880561, 6.614614338897898 ], [ 81.519057761880561, 6.614605355745057 ], [ 81.518976913504986, 6.614564931557272 ], [ 81.518958947199309, 6.614564931557272 ], [ 81.518878098823748, 6.614605355745057 ], [ 81.518878098823748, 6.614614338897898 ], [ 81.518837674635961, 6.614654763085683 ], [ 81.518828691483122, 6.614654763085683 ], [ 81.518788267295335, 6.614695187273469 ], [ 81.518788267295335, 6.61470417042631 ], [ 81.518707418919774, 6.614744594614096 ], [ 81.518689452614069, 6.614744594614096 ], [ 81.518608604238509, 6.614825442989666 ], [ 81.518608604238509, 6.614843409295348 ], [ 81.518568180050721, 6.61492425767092 ], [ 81.518559196897883, 6.61492425767092 ], [ 81.518518772710095, 6.614883833483134 ], [ 81.518518772710095, 6.614874850330294 ], [ 81.518478348522308, 6.614834426142508 ], [ 81.518469365369469, 6.614834426142508 ], [ 81.518428941181682, 6.614915274518078 ], [ 81.518428941181682, 6.614933240823761 ], [ 81.518348092806107, 6.615014089199331 ], [ 81.51833012650043, 6.615014089199331 ], [ 81.518249278124856, 6.615135361762688 ], [ 81.518249278124856, 6.61516231122121 ], [ 81.518006732998145, 6.615283583784567 ], [ 81.5179528340811, 6.615283583784567 ], [ 81.51771028895439, 6.615364432160138 ], [ 81.51771028895439, 6.615382398465821 ], [ 81.517548592203241, 6.615463246841392 ], [ 81.517512659591887, 6.615463246841392 ], [ 81.517350962840737, 6.615503671029177 ], [ 81.517350962840737, 6.615512654182018 ], [ 81.51731053865295, 6.615553078369803 ], [ 81.517301555500111, 6.615553078369803 ], [ 81.517261131312324, 6.615593502557589 ], [ 81.517261131312324, 6.615602485710429 ], [ 81.517220707124551, 6.615642909898215 ], [ 81.517211723971684, 6.615642909898215 ], [ 81.517171299783911, 6.615602485710429 ], [ 81.517171299783911, 6.615593502557589 ], [ 81.517130875596123, 6.615553078369803 ], [ 81.517121892443285, 6.615553078369803 ], [ 81.517081468255498, 6.615633926745375 ], [ 81.517081468255498, 6.615651893051057 ], [ 81.517121892443285, 6.615732741426627 ], [ 81.517130875596123, 6.615732741426627 ], [ 81.517171299783911, 6.615773165614413 ], [ 81.517171299783911, 6.615782148767254 ], [ 81.517090451408336, 6.61582257295504 ], [ 81.517072485102659, 6.61582257295504 ], [ 81.516991636727084, 6.61590342133061 ], [ 81.516991636727084, 6.615921387636293 ], [ 81.516749091600374, 6.616002236011863 ], [ 81.516695192683329, 6.616002236011863 ], [ 81.516452647556619, 6.615961811824079 ], [ 81.516452647556619, 6.615952828671237 ], [ 81.516412223368832, 6.615912404483451 ], [ 81.516403240215993, 6.615912404483451 ], [ 81.516362816028206, 6.615871980295665 ], [ 81.516362816028206, 6.615862997142825 ], [ 81.516322391840419, 6.61582257295504 ], [ 81.51631340868758, 6.61582257295504 ], [ 81.516272984499793, 6.61590342133061 ], [ 81.516272984499793, 6.615921387636293 ], [ 81.516192136124218, 6.616002236011863 ], [ 81.516174169818541, 6.616002236011863 ], [ 81.516093321442966, 6.615921387636293 ], [ 81.516093321442966, 6.61590342133061 ], [ 81.516052897255179, 6.61582257295504 ], [ 81.51604391410234, 6.61582257295504 ], [ 81.516003489914553, 6.615782148767254 ], [ 81.516003489914553, 6.615773165614413 ], [ 81.515882217351205, 6.615732741426627 ], [ 81.515855267892675, 6.615732741426627 ], [ 81.515733995329327, 6.615773165614413 ], [ 81.515733995329327, 6.615782148767254 ], [ 81.515814843704902, 6.61582257295504 ], [ 81.515832810010579, 6.61582257295504 ], [ 81.515913658386154, 6.61590342133061 ], [ 81.515913658386154, 6.615921387636293 ], [ 81.515832810010579, 6.616002236011863 ], [ 81.515814843704902, 6.616002236011863 ], [ 81.515733995329327, 6.616083084387434 ], [ 81.515733995329327, 6.616101050693116 ], [ 81.51569357114154, 6.616181899068687 ], [ 81.515684587988702, 6.616181899068687 ], [ 81.515644163800914, 6.616101050693116 ], [ 81.515644163800914, 6.616083084387434 ], [ 81.515603739613127, 6.616002236011863 ], [ 81.515594756460288, 6.616002236011863 ], [ 81.515554332272501, 6.616083084387434 ], [ 81.515554332272501, 6.616101050693116 ], [ 81.515513908084714, 6.616181899068687 ], [ 81.515504924931875, 6.616181899068687 ], [ 81.515464500744088, 6.616141474880902 ], [ 81.515464500744088, 6.616132491728061 ], [ 81.51534322818074, 6.616092067540276 ], [ 81.515316278722196, 6.616092067540276 ], [ 81.515195006158848, 6.616132491728061 ], [ 81.515195006158848, 6.616141474880902 ], [ 81.515033309407713, 6.616181899068687 ], [ 81.514997376796344, 6.616181899068687 ], [ 81.514835680045209, 6.616222323256473 ], [ 81.514835680045209, 6.616231306409313 ], [ 81.514754831669634, 6.616271730597099 ], [ 81.514736865363957, 6.616271730597099 ], [ 81.514656016988383, 6.616312154784884 ], [ 81.514656016988383, 6.616321137937725 ], [ 81.514453896049446, 6.616361562125511 ], [ 81.514408980285253, 6.616361562125511 ], [ 81.514206859346316, 6.616401986313297 ], [ 81.514206859346316, 6.616410969466138 ], [ 81.514247283534104, 6.616451393653923 ], [ 81.514256266686942, 6.616451393653923 ], [ 81.51429669087473, 6.616491817841709 ], [ 81.51429669087473, 6.616500800994549 ], [ 81.514215842499155, 6.616541225182335 ], [ 81.514197876193478, 6.616541225182335 ], [ 81.514117027817903, 6.61658164937012 ], [ 81.514117027817903, 6.616590632522961 ], [ 81.514076603630116, 6.616631056710746 ], [ 81.514067620477277, 6.616631056710746 ], [ 81.51402719628949, 6.616550208335176 ], [ 81.51402719628949, 6.616532242029494 ], [ 81.514067620477277, 6.616451393653923 ], [ 81.514076603630116, 6.616451393653923 ], [ 81.514117027817903, 6.616410969466138 ], [ 81.514117027817903, 6.616401986313297 ], [ 81.514036179442343, 6.616361562125511 ], [ 81.514018213136666, 6.616361562125511 ], [ 81.513937364761091, 6.616442410501081 ], [ 81.513937364761091, 6.616460376806764 ], [ 81.513856516385516, 6.616541225182335 ], [ 81.513838550079839, 6.616541225182335 ], [ 81.513757701704264, 6.616702921933476 ], [ 81.513757701704264, 6.616738854544841 ], [ 81.51367685332869, 6.616900551295982 ], [ 81.513658887023013, 6.616900551295982 ], [ 81.513578038647438, 6.616940975483768 ], [ 81.513578038647438, 6.616949958636609 ], [ 81.513537614459651, 6.616990382824395 ], [ 81.513528631306812, 6.616990382824395 ], [ 81.513488207119025, 6.616949958636609 ], [ 81.513488207119025, 6.616940975483768 ], [ 81.513366934555677, 6.616900551295982 ], [ 81.513339985097133, 6.616900551295982 ], [ 81.513218712533785, 6.616940975483768 ], [ 81.513218712533785, 6.616949958636609 ], [ 81.513178288345998, 6.616990382824395 ], [ 81.513169305193159, 6.616990382824395 ], [ 81.513128881005372, 6.61703080701218 ], [ 81.513128881005372, 6.617039790165022 ], [ 81.513169305193159, 6.617080214352807 ], [ 81.513178288345998, 6.617080214352807 ], [ 81.513218712533785, 6.617120638540593 ], [ 81.513218712533785, 6.617129621693433 ], [ 81.51313786415821, 6.617170045881219 ], [ 81.513119897852533, 6.617170045881219 ], [ 81.513039049476959, 6.617129621693433 ], [ 81.513039049476959, 6.617120638540593 ], [ 81.512998625289185, 6.617080214352807 ], [ 81.512989642136333, 6.617080214352807 ], [ 81.51294921794856, 6.617120638540593 ], [ 81.51294921794856, 6.617129621693433 ], [ 81.512827945385197, 6.617170045881219 ], [ 81.512800995926682, 6.617170045881219 ], [ 81.51267972336332, 6.617210470069004 ], [ 81.51267972336332, 6.617219453221844 ], [ 81.512598874987759, 6.61725987740963 ], [ 81.512580908682054, 6.61725987740963 ], [ 81.512500060306493, 6.617340725785201 ], [ 81.512500060306493, 6.617358692090884 ], [ 81.512217090991996, 6.617439540466455 ], [ 81.512154208922112, 6.617439540466455 ], [ 81.511871239607615, 6.617520388842025 ], [ 81.511871239607615, 6.617538355147707 ], [ 81.511709542856465, 6.617619203523278 ], [ 81.511673610245111, 6.617619203523278 ], [ 81.511511913493962, 6.617659627711063 ], [ 81.511511913493962, 6.617668610863905 ], [ 81.511431065118387, 6.61770903505169 ], [ 81.51141309881271, 6.61770903505169 ], [ 81.511332250437135, 6.617668610863905 ], [ 81.511332250437135, 6.617659627711063 ], [ 81.511291826249348, 6.617619203523278 ], [ 81.51128284309651, 6.617619203523278 ], [ 81.511242418908722, 6.61786174864999 ], [ 81.511242418908722, 6.617915647567038 ], [ 81.511201994720935, 6.61815819269375 ], [ 81.511193011568096, 6.61815819269375 ], [ 81.511152587380309, 6.618077344318179 ], [ 81.511152587380309, 6.618059378012497 ], [ 81.511112163192536, 6.617978529636926 ], [ 81.511103180039669, 6.617978529636926 ], [ 81.511062755851896, 6.618099802200282 ], [ 81.511062755851896, 6.618126751658806 ], [ 81.511022331664122, 6.618248024222162 ], [ 81.511013348511284, 6.618248024222162 ], [ 81.510972924323497, 6.618207600034376 ], [ 81.510972924323497, 6.618198616881536 ], [ 81.510932500135709, 6.61815819269375 ], [ 81.510923516982871, 6.61815819269375 ], [ 81.510883092795083, 6.618239041069321 ], [ 81.510883092795083, 6.618257007375004 ], [ 81.510680971856146, 6.618337855750574 ], [ 81.510636056091954, 6.618337855750574 ], [ 81.510433935153017, 6.618297431562788 ], [ 81.510433935153017, 6.618288448409947 ], [ 81.51039351096523, 6.618248024222162 ], [ 81.510384527812391, 6.618248024222162 ], [ 81.510344103624604, 6.618288448409947 ], [ 81.510344103624604, 6.618297431562788 ], [ 81.510263255249043, 6.618337855750574 ], [ 81.510245288943338, 6.618337855750574 ], [ 81.510164440567777, 6.618418704126144 ], [ 81.510164440567777, 6.618436670431826 ], [ 81.51012401637999, 6.618517518807398 ], [ 81.510115033227152, 6.618517518807398 ], [ 81.510074609039364, 6.618436670431826 ], [ 81.510074609039364, 6.618418704126144 ], [ 81.510034184851577, 6.618337855750574 ], [ 81.510025201698738, 6.618337855750574 ], [ 81.509984777510965, 6.61845912831393 ], [ 81.509984777510965, 6.618486077772453 ], [ 81.51006562588654, 6.618607350335809 ], [ 81.510083592192217, 6.618607350335809 ], [ 81.510164440567777, 6.618728622899166 ], [ 81.510164440567777, 6.618755572357689 ], [ 81.510204864755565, 6.618876844921045 ], [ 81.510213847908403, 6.618876844921045 ], [ 81.510254272096191, 6.618795996545474 ], [ 81.510254272096191, 6.618778030239792 ], [ 81.510456393035128, 6.618697181864222 ] ], [ [ 81.51731053865295, 6.615732741426627 ], [ 81.517301555500111, 6.615732741426627 ], [ 81.517261131312324, 6.615692317238842 ], [ 81.517261131312324, 6.615683334086 ], [ 81.517301555500111, 6.615642909898215 ], [ 81.51731053865295, 6.615642909898215 ], [ 81.517350962840737, 6.615683334086 ], [ 81.517350962840737, 6.615692317238842 ], [ 81.51731053865295, 6.615732741426627 ] ] ] ] } },
{ "type": "Feature", "properties": { "fid": 1407931.0, "DN": 3, "area": 8092 }, "geometry": { "type": "MultiPolygon", "coordinates": [ [ [ [ 81.519367680653588, 6.614205605443624 ], [ 81.519376663806426, 6.614205605443624 ], [ 81.519417087994213, 6.614165181255839 ], [ 81.519417087994213, 6.614156198102998 ], [ 81.519538360557561, 6.614115773915213 ], [ 81.519565310016105, 6.614115773915213 ], [ 81.519686582579453, 6.614034925539642 ], [ 81.519686582579453, 6.614016959233959 ], [ 81.519727006767241, 6.613936110858388 ], [ 81.519735989920079, 6.613936110858388 ], [ 81.519776414107866, 6.613895686670602 ], [ 81.519776414107866, 6.613886703517762 ], [ 81.519816838295654, 6.613846279329977 ], [ 81.519825821448492, 6.613846279329977 ], [ 81.51986624563628, 6.613805855142191 ], [ 81.51986624563628, 6.61379687198935 ], [ 81.519906669824053, 6.613756447801564 ], [ 81.519915652976891, 6.613756447801564 ], [ 81.519956077164679, 6.613716023613779 ], [ 81.519956077164679, 6.613707040460937 ], [ 81.519996501352466, 6.613666616273152 ], [ 81.520005484505305, 6.613666616273152 ], [ 81.520045908693092, 6.613626192085366 ], [ 81.520045908693092, 6.613617208932526 ], [ 81.520126757068653, 6.61357678474474 ], [ 81.520144723374358, 6.61357678474474 ], [ 81.520225571749918, 6.613455512181384 ], [ 81.520225571749918, 6.613428562722861 ], [ 81.520306420125493, 6.613307290159504 ], [ 81.52032438643117, 6.613307290159504 ], [ 81.520405234806745, 6.613226441783933 ], [ 81.520405234806745, 6.613208475478251 ], [ 81.520486083182305, 6.61312762710268 ], [ 81.520504049488011, 6.61312762710268 ], [ 81.520584897863571, 6.613006354539325 ], [ 81.520584897863571, 6.612979405080801 ], [ 81.520625322051359, 6.612858132517445 ], [ 81.520634305204197, 6.612858132517445 ], [ 81.520674729391985, 6.61281770832966 ], [ 81.520674729391985, 6.612808725176818 ], [ 81.520755577767559, 6.612768300989033 ], [ 81.520773544073236, 6.612768300989033 ], [ 81.520854392448811, 6.612727876801248 ], [ 81.520854392448811, 6.612718893648406 ], [ 81.520894816636599, 6.61267846946062 ], [ 81.520903799789437, 6.61267846946062 ], [ 81.52094422397721, 6.612557196897265 ], [ 81.52094422397721, 6.612530247438741 ], [ 81.520984648164983, 6.612408974875385 ], [ 81.52099363131785, 6.612408974875385 ], [ 81.521034055505623, 6.6123685506876 ], [ 81.521034055505623, 6.612359567534758 ], [ 81.521074479693411, 6.612319143346973 ], [ 81.521083462846249, 6.612319143346973 ], [ 81.521123887034037, 6.612157446595831 ], [ 81.521123887034037, 6.612121513984467 ], [ 81.521083462846249, 6.611959817233325 ], [ 81.521074479693411, 6.611959817233325 ], [ 81.521034055505623, 6.612000241421111 ], [ 81.521034055505623, 6.612009224573951 ], [ 81.52099363131785, 6.612049648761737 ], [ 81.520984648164983, 6.612049648761737 ], [ 81.52094422397721, 6.612130497137308 ], [ 81.52094422397721, 6.61214846344299 ], [ 81.520863375601635, 6.612229311818561 ], [ 81.520845409295958, 6.612229311818561 ], [ 81.520764560920398, 6.612350584381918 ], [ 81.520764560920398, 6.612377533840441 ], [ 81.520683712544823, 6.612498806403798 ], [ 81.520665746239146, 6.612498806403798 ], [ 81.520584897863571, 6.612579654779368 ], [ 81.520584897863571, 6.61259762108505 ], [ 81.520504049488011, 6.61267846946062 ], [ 81.520486083182305, 6.61267846946062 ], [ 81.520405234806745, 6.612718893648406 ], [ 81.520405234806745, 6.612727876801248 ], [ 81.520364810618958, 6.612768300989033 ], [ 81.520355827466119, 6.612768300989033 ], [ 81.520315403278332, 6.612808725176818 ], [ 81.520315403278332, 6.61281770832966 ], [ 81.520274979090544, 6.612858132517445 ], [ 81.520265995937706, 6.612858132517445 ], [ 81.520225571749918, 6.612979405080801 ], [ 81.520225571749918, 6.613006354539325 ], [ 81.520144723374358, 6.61312762710268 ], [ 81.520126757068653, 6.61312762710268 ], [ 81.520045908693092, 6.613248899666036 ], [ 81.520045908693092, 6.613275849124561 ], [ 81.520005484505305, 6.613397121687917 ], [ 81.519996501352466, 6.613397121687917 ], [ 81.519956077164679, 6.613437545875702 ], [ 81.519956077164679, 6.613446529028543 ], [ 81.519915652976891, 6.613486953216329 ], [ 81.519906669824053, 6.613486953216329 ], [ 81.51986624563628, 6.613567801591899 ], [ 81.51986624563628, 6.613585767897582 ], [ 81.519744973072918, 6.613666616273152 ], [ 81.519718023614402, 6.613666616273152 ], [ 81.51959675105104, 6.613747464648723 ], [ 81.51959675105104, 6.613765430954405 ], [ 81.519475478487692, 6.613846279329977 ], [ 81.519448529029148, 6.613846279329977 ], [ 81.5193272564658, 6.613886703517762 ], [ 81.5193272564658, 6.613895686670602 ], [ 81.519367680653588, 6.613936110858388 ], [ 81.519376663806426, 6.613936110858388 ], [ 81.519417087994213, 6.613976535046174 ], [ 81.519417087994213, 6.613985518199014 ], [ 81.519376663806426, 6.6140259423868 ], [ 81.519367680653588, 6.6140259423868 ], [ 81.5193272564658, 6.614106790762371 ], [ 81.5193272564658, 6.614124757068053 ], [ 81.519367680653588, 6.614205605443624 ] ] ] ] } },
{ "type": "Feature", "properties": { "fid": 1408178.0, "DN": 3, "area": 10856 }, "geometry": { "type": "MultiPolygon", "coordinates": [ [ [ [ 81.505901934544653, 6.612498806403798 ], [ 81.505892951391786, 6.612498806403798 ], [ 81.505852527204013, 6.612539230591583 ], [ 81.505852527204013, 6.612548213744423 ], [ 81.505812103016225, 6.612588637932209 ], [ 81.505803119863387, 6.612588637932209 ], [ 81.5057626956756, 6.612507789556638 ], [ 81.5057626956756, 6.612489823250955 ], [ 81.505681847300025, 6.612408974875385 ], [ 81.505663880994348, 6.612408974875385 ], [ 81.505583032618773, 6.612328126499815 ], [ 81.505583032618773, 6.612310160194133 ], [ 81.50538091167985, 6.612229311818561 ], [ 81.50533599591563, 6.612229311818561 ], [ 81.505133874976707, 6.61206761506742 ], [ 81.505133874976707, 6.612031682456055 ], [ 81.50509345078892, 6.611869985704914 ], [ 81.505084467636081, 6.611869985704914 ], [ 81.505044043448294, 6.612031682456055 ], [ 81.505044043448294, 6.61206761506742 ], [ 81.504963195072733, 6.612229311818561 ], [ 81.504945228767042, 6.612229311818561 ], [ 81.504864380391481, 6.61214846344299 ], [ 81.504864380391481, 6.612130497137308 ], [ 81.504783532015907, 6.612049648761737 ], [ 81.50476556571023, 6.612049648761737 ], [ 81.504684717334655, 6.612009224573951 ], [ 81.504684717334655, 6.612000241421111 ], [ 81.504644293146868, 6.611959817233325 ], [ 81.504635309994029, 6.611959817233325 ], [ 81.504594885806242, 6.612000241421111 ], [ 81.504594885806242, 6.612009224573951 ], [ 81.50447361324288, 6.612049648761737 ], [ 81.504446663784364, 6.612049648761737 ], [ 81.504325391221002, 6.611968800386166 ], [ 81.504325391221002, 6.611950834080484 ], [ 81.504244542845427, 6.611869985704914 ], [ 81.50422657653975, 6.611869985704914 ], [ 81.504145728164175, 6.611789137329342 ], [ 81.504145728164175, 6.61177117102366 ], [ 81.504105303976388, 6.611690322648089 ], [ 81.50409632082355, 6.611690322648089 ], [ 81.504055896635776, 6.611649898460303 ], [ 81.504055896635776, 6.611640915307463 ], [ 81.503975048260202, 6.611600491119678 ], [ 81.503957081954525, 6.611600491119678 ], [ 81.50387623357895, 6.611640915307463 ], [ 81.50387623357895, 6.611649898460303 ], [ 81.503795385203375, 6.611690322648089 ], [ 81.503777418897698, 6.611690322648089 ], [ 81.503696570522123, 6.611649898460303 ], [ 81.503696570522123, 6.611640915307463 ], [ 81.503656146334336, 6.611600491119678 ], [ 81.503647163181498, 6.611600491119678 ], [ 81.50360673899371, 6.611640915307463 ], [ 81.50360673899371, 6.611649898460303 ], [ 81.503485466430362, 6.611690322648089 ], [ 81.503458516971818, 6.611690322648089 ], [ 81.50333724440847, 6.611730746835875 ], [ 81.50333724440847, 6.611739729988716 ], [ 81.503377668596258, 6.611780154176501 ], [ 81.503386651749096, 6.611780154176501 ], [ 81.503427075936884, 6.611820578364287 ], [ 81.503427075936884, 6.611829561517128 ], [ 81.503669621063608, 6.611869985704914 ], [ 81.503723519980639, 6.611869985704914 ], [ 81.503966065107363, 6.611950834080484 ], [ 81.503966065107363, 6.611968800386166 ], [ 81.504006489295136, 6.612049648761737 ], [ 81.504015472448003, 6.612049648761737 ], [ 81.504055896635776, 6.612170921325093 ], [ 81.504055896635776, 6.612197870783616 ], [ 81.50409632082355, 6.612319143346973 ], [ 81.504105303976388, 6.612319143346973 ], [ 81.504145728164175, 6.612278719159187 ], [ 81.504145728164175, 6.612269736006347 ], [ 81.504186152351963, 6.612229311818561 ], [ 81.504195135504801, 6.612229311818561 ], [ 81.504235559692589, 6.612310160194133 ], [ 81.504235559692589, 6.612328126499815 ], [ 81.504275983880376, 6.612408974875385 ], [ 81.504284967033215, 6.612408974875385 ], [ 81.504325391221002, 6.612328126499815 ], [ 81.504325391221002, 6.612310160194133 ], [ 81.504406239596577, 6.612229311818561 ], [ 81.504424205902254, 6.612229311818561 ], [ 81.504505054277828, 6.612269736006347 ], [ 81.504505054277828, 6.612278719159187 ], [ 81.504545478465616, 6.612319143346973 ], [ 81.504554461618454, 6.612319143346973 ], [ 81.504594885806242, 6.612359567534758 ], [ 81.504594885806242, 6.6123685506876 ], [ 81.504756582557391, 6.612408974875385 ], [ 81.504792515168745, 6.612408974875385 ], [ 81.504954211919895, 6.612449399063171 ], [ 81.504954211919895, 6.612458382216012 ], [ 81.504994636107668, 6.612498806403798 ], [ 81.505003619260521, 6.612498806403798 ], [ 81.505044043448294, 6.612539230591583 ], [ 81.505044043448294, 6.612548213744423 ], [ 81.505246164387216, 6.612588637932209 ], [ 81.505291080151437, 6.612588637932209 ], [ 81.50549320109036, 6.612669486307779 ], [ 81.50549320109036, 6.612687452613462 ], [ 81.505614473653722, 6.612768300989033 ], [ 81.505641423112237, 6.612768300989033 ], [ 81.5057626956756, 6.612849149364603 ], [ 81.5057626956756, 6.612867115670285 ], [ 81.505803119863387, 6.612947964045857 ], [ 81.505812103016225, 6.612947964045857 ], [ 81.505852527204013, 6.613028812421428 ], [ 81.505852527204013, 6.61304677872711 ], [ 81.505892951391786, 6.61312762710268 ], [ 81.505901934544653, 6.61312762710268 ], [ 81.505942358732426, 6.612844657788184 ], [ 81.505942358732426, 6.612781775718295 ], [ 81.505901934544653, 6.612498806403798 ] ], [ [ 81.504235559692589, 6.612000241421111 ], [ 81.504235559692589, 6.612009224573951 ], [ 81.504195135504801, 6.612049648761737 ], [ 81.504186152351963, 6.612049648761737 ], [ 81.504145728164175, 6.612009224573951 ], [ 81.504145728164175, 6.612000241421111 ], [ 81.504186152351963, 6.611959817233325 ], [ 81.504195135504801, 6.611959817233325 ], [ 81.504235559692589, 6.612000241421111 ] ] ] ] } },
{ "type": "Feature", "properties": { "fid": 1408411.0, "DN": 3, "area": 17961 }, "geometry": { "type": "MultiPolygon", "coordinates": [ [ [ [ 81.580763038746738, 6.612408974875385 ], [ 81.580781005052415, 6.612408974875385 ], [ 81.58086185342799, 6.612449399063171 ], [ 81.58086185342799, 6.612458382216012 ], [ 81.58102355017914, 6.612498806403798 ], [ 81.581059482790494, 6.612498806403798 ], [ 81.581221179541643, 6.612417958028226 ], [ 81.581221179541643, 6.612399991722544 ], [ 81.581261603729416, 6.612319143346973 ], [ 81.581270586882255, 6.612319143346973 ], [ 81.581311011070042, 6.612359567534758 ], [ 81.581311011070042, 6.6123685506876 ], [ 81.58135143525783, 6.612408974875385 ], [ 81.581360418410668, 6.612408974875385 ], [ 81.581400842598455, 6.6123685506876 ], [ 81.581400842598455, 6.612359567534758 ], [ 81.581522115161818, 6.612319143346973 ], [ 81.581549064620333, 6.612319143346973 ], [ 81.581670337183695, 6.612278719159187 ], [ 81.581670337183695, 6.612269736006347 ], [ 81.581710761371482, 6.612229311818561 ], [ 81.581719744524321, 6.612229311818561 ], [ 81.581760168712108, 6.612269736006347 ], [ 81.581760168712108, 6.612278719159187 ], [ 81.581841017087683, 6.612319143346973 ], [ 81.58185898339336, 6.612319143346973 ], [ 81.581939831768935, 6.612359567534758 ], [ 81.581939831768935, 6.6123685506876 ], [ 81.582182376895645, 6.612408974875385 ], [ 81.58223627581269, 6.612408974875385 ], [ 81.5824788209394, 6.6123685506876 ], [ 81.5824788209394, 6.612359567534758 ], [ 81.58264051769055, 6.612319143346973 ], [ 81.582676450301904, 6.612319143346973 ], [ 81.582838147053053, 6.612238294971402 ], [ 81.582838147053053, 6.612220328665719 ], [ 81.583080692179763, 6.612139480290149 ], [ 81.583134591096808, 6.612139480290149 ], [ 81.583377136223518, 6.612099056102363 ], [ 81.583377136223518, 6.612090072949522 ], [ 81.583457984599093, 6.612049648761737 ], [ 81.58347595090477, 6.612049648761737 ], [ 81.583556799280345, 6.612009224573951 ], [ 81.583556799280345, 6.612000241421111 ], [ 81.583678071843707, 6.611959817233325 ], [ 81.583705021302222, 6.611959817233325 ], [ 81.583826293865584, 6.61191939304554 ], [ 81.583826293865584, 6.611910409892699 ], [ 81.583866718053372, 6.611869985704914 ], [ 81.58387570120621, 6.611869985704914 ], [ 81.583916125393998, 6.611829561517128 ], [ 81.583916125393998, 6.611820578364287 ], [ 81.58403739795736, 6.611780154176501 ], [ 81.584064347415875, 6.611780154176501 ], [ 81.584185619979237, 6.611739729988716 ], [ 81.584185619979237, 6.611730746835875 ], [ 81.584226044167025, 6.611690322648089 ], [ 81.584235027319863, 6.611690322648089 ], [ 81.584275451507636, 6.611649898460303 ], [ 81.584275451507636, 6.611640915307463 ], [ 81.584396724070984, 6.611600491119678 ], [ 81.584423673529528, 6.611600491119678 ], [ 81.584544946092876, 6.611560066931892 ], [ 81.584544946092876, 6.611551083779052 ], [ 81.584666218656238, 6.611510659591266 ], [ 81.584693168114754, 6.611510659591266 ], [ 81.584814440678116, 6.611429811215695 ], [ 81.584814440678116, 6.611411844910013 ], [ 81.584854864865903, 6.611330996534441 ], [ 81.584863848018742, 6.611330996534441 ], [ 81.584904272206529, 6.61125014815887 ], [ 81.584904272206529, 6.611232181853188 ], [ 81.584863848018742, 6.611151333477618 ], [ 81.584854864865903, 6.611151333477618 ], [ 81.584814440678116, 6.611191757665403 ], [ 81.584814440678116, 6.611200740818244 ], [ 81.584652743926966, 6.61124116500603 ], [ 81.584616811315612, 6.61124116500603 ], [ 81.584455114564463, 6.611322013381601 ], [ 81.584455114564463, 6.611339979687283 ], [ 81.584374266188888, 6.611420828062854 ], [ 81.584356299883211, 6.611420828062854 ], [ 81.584275451507636, 6.611461252250639 ], [ 81.584275451507636, 6.61147023540348 ], [ 81.584194603132062, 6.611510659591266 ], [ 81.584176636826385, 6.611510659591266 ], [ 81.584095788450824, 6.611551083779052 ], [ 81.584095788450824, 6.611560066931892 ], [ 81.583853243324114, 6.611600491119678 ], [ 81.583799344407055, 6.611600491119678 ], [ 81.583556799280345, 6.611681339495249 ], [ 81.583556799280345, 6.611699305800931 ], [ 81.583395102529209, 6.611780154176501 ], [ 81.583359169917856, 6.611780154176501 ], [ 81.583197473166706, 6.611820578364287 ], [ 81.583197473166706, 6.611829561517128 ], [ 81.583157048978919, 6.611869985704914 ], [ 81.58314806582608, 6.611869985704914 ], [ 81.583107641638293, 6.611910409892699 ], [ 81.583107641638293, 6.61191939304554 ], [ 81.58290552069937, 6.611959817233325 ], [ 81.582860604935149, 6.611959817233325 ], [ 81.582658483996227, 6.612040665608896 ], [ 81.582658483996227, 6.612058631914579 ], [ 81.581769151864961, 6.612139480290149 ], [ 81.581571522502429, 6.612139480290149 ], [ 81.580682190371164, 6.612179904477935 ], [ 81.580682190371164, 6.612188887630776 ], [ 81.580480069432241, 6.612229311818561 ], [ 81.580435153668034, 6.612229311818561 ], [ 81.580233032729112, 6.612269736006347 ], [ 81.580233032729112, 6.612278719159187 ], [ 81.580192608541324, 6.612319143346973 ], [ 81.580183625388486, 6.612319143346973 ], [ 81.580143201200698, 6.612278719159187 ], [ 81.580143201200698, 6.612269736006347 ], [ 81.580102777012911, 6.612229311818561 ], [ 81.580093793860073, 6.612229311818561 ], [ 81.580053369672285, 6.612188887630776 ], [ 81.580053369672285, 6.612179904477935 ], [ 81.579851248733348, 6.612139480290149 ], [ 81.579806332969156, 6.612139480290149 ], [ 81.579604212030219, 6.612179904477935 ], [ 81.579604212030219, 6.612188887630776 ], [ 81.579563787842432, 6.612229311818561 ], [ 81.579554804689593, 6.612229311818561 ], [ 81.579514380501806, 6.612188887630776 ], [ 81.579514380501806, 6.612179904477935 ], [ 81.579473956314018, 6.612139480290149 ], [ 81.57946497316118, 6.612139480290149 ], [ 81.579424548973392, 6.612179904477935 ], [ 81.579424548973392, 6.612188887630776 ], [ 81.579384124785605, 6.612229311818561 ], [ 81.579375141632767, 6.612229311818561 ], [ 81.579334717444979, 6.612188887630776 ], [ 81.579334717444979, 6.612179904477935 ], [ 81.579173020693844, 6.612139480290149 ], [ 81.57913708808249, 6.612139480290149 ], [ 81.57897539133134, 6.612179904477935 ], [ 81.57897539133134, 6.612188887630776 ], [ 81.579015815519128, 6.612229311818561 ], [ 81.579024798671966, 6.612229311818561 ], [ 81.579065222859754, 6.612269736006347 ], [ 81.579065222859754, 6.612278719159187 ], [ 81.579024798671966, 6.612319143346973 ], [ 81.579015815519128, 6.612319143346973 ], [ 81.57897539133134, 6.612359567534758 ], [ 81.57897539133134, 6.6123685506876 ], [ 81.57913708808249, 6.612408974875385 ], [ 81.579173020693844, 6.612408974875385 ], [ 81.579334717444979, 6.6123685506876 ], [ 81.579334717444979, 6.612359567534758 ], [ 81.579536838383916, 6.612319143346973 ], [ 81.579581754148109, 6.612319143346973 ], [ 81.579783875087045, 6.612359567534758 ], [ 81.579783875087045, 6.6123685506876 ], [ 81.579864723462606, 6.612408974875385 ], [ 81.579882689768311, 6.612408974875385 ], [ 81.579963538143872, 6.612449399063171 ], [ 81.579963538143872, 6.612458382216012 ], [ 81.580286931646157, 6.612498806403798 ], [ 81.580358796868879, 6.612498806403798 ], [ 81.580682190371164, 6.612458382216012 ], [ 81.580682190371164, 6.612449399063171 ], [ 81.580763038746738, 6.612408974875385 ] ], [ [ 81.582788739712427, 6.612049648761737 ], [ 81.582797722865266, 6.612049648761737 ], [ 81.582838147053053, 6.612090072949522 ], [ 81.582838147053053, 6.612099056102363 ], [ 81.582797722865266, 6.612139480290149 ], [ 81.582788739712427, 6.612139480290149 ], [ 81.58274831552464, 6.612099056102363 ], [ 81.58274831552464, 6.612090072949522 ], [ 81.582788739712427, 6.612049648761737 ] ] ] ] } },
{ "type": "Feature", "properties": { "fid": 1408677.0, "DN": 3, "area": 5921 }, "geometry": { "type": "MultiPolygon", "coordinates": [ [ [ [ 81.585564533940357, 6.61124116500603 ], [ 81.585591483398872, 6.61124116500603 ], [ 81.585712755962234, 6.611200740818244 ], [ 81.585712755962234, 6.611191757665403 ], [ 81.585793604337809, 6.611151333477618 ], [ 81.585811570643486, 6.611151333477618 ], [ 81.585892419019061, 6.611191757665403 ], [ 81.585892419019061, 6.611200740818244 ], [ 81.586013691582423, 6.61124116500603 ], [ 81.586040641040938, 6.61124116500603 ], [ 81.5861619136043, 6.611200740818244 ], [ 81.5861619136043, 6.611191757665403 ], [ 81.586202337792088, 6.611151333477618 ], [ 81.586211320944926, 6.611151333477618 ], [ 81.586251745132699, 6.611110909289833 ], [ 81.586251745132699, 6.611101926136991 ], [ 81.586655987010559, 6.611061501949205 ], [ 81.586745818538972, 6.611061501949205 ], [ 81.587150060416832, 6.61102107776142 ], [ 81.587150060416832, 6.611012094608579 ], [ 81.587190484604605, 6.610971670420794 ], [ 81.587199467757443, 6.610971670420794 ], [ 81.587239891945231, 6.610850397857437 ], [ 81.587239891945231, 6.610823448398914 ], [ 81.587078195194096, 6.610702175835558 ], [ 81.587042262582742, 6.610702175835558 ], [ 81.586880565831592, 6.610783024211129 ], [ 81.586880565831592, 6.610800990516811 ], [ 81.58651674814152, 6.610881838892382 ], [ 81.586435899765945, 6.610881838892382 ], [ 81.586072082075887, 6.610922263080168 ], [ 81.586072082075887, 6.610931246233008 ], [ 81.585991233700327, 6.610971670420794 ], [ 81.585973267394621, 6.610971670420794 ], [ 81.585892419019061, 6.611012094608579 ], [ 81.585892419019061, 6.61102107776142 ], [ 81.585771146455698, 6.611061501949205 ], [ 81.585744196997183, 6.611061501949205 ], [ 81.585622924433821, 6.611101926136991 ], [ 81.585622924433821, 6.611110909289833 ], [ 81.585582500246034, 6.611151333477618 ], [ 81.585573517093195, 6.611151333477618 ], [ 81.585533092905408, 6.611110909289833 ], [ 81.585533092905408, 6.611101926136991 ], [ 81.58549266871762, 6.611061501949205 ], [ 81.585483685564782, 6.611061501949205 ], [ 81.585443261376994, 6.611101926136991 ], [ 81.585443261376994, 6.611110909289833 ], [ 81.585402837189207, 6.611151333477618 ], [ 81.585393854036369, 6.611151333477618 ], [ 81.585353429848581, 6.611191757665403 ], [ 81.585353429848581, 6.611200740818244 ], [ 81.585313005660794, 6.61124116500603 ], [ 81.585304022507955, 6.61124116500603 ], [ 81.585263598320168, 6.611200740818244 ], [ 81.585263598320168, 6.611191757665403 ], [ 81.585142325756806, 6.611151333477618 ], [ 81.58511537629829, 6.611151333477618 ], [ 81.584994103734942, 6.611232181853188 ], [ 81.584994103734942, 6.61125014815887 ], [ 81.585074952110517, 6.611330996534441 ], [ 81.585092918416194, 6.611330996534441 ], [ 81.585173766791769, 6.611371420722227 ], [ 81.585173766791769, 6.611380403875068 ], [ 81.585295039355117, 6.611420828062854 ], [ 81.585321988813632, 6.611420828062854 ], [ 81.585443261376994, 6.611339979687283 ], [ 81.585443261376994, 6.611322013381601 ], [ 81.585564533940357, 6.61124116500603 ] ], [ [ 81.587150060416832, 6.610832431551755 ], [ 81.587150060416832, 6.610841414704597 ], [ 81.587109636229044, 6.610881838892382 ], [ 81.587100653076206, 6.610881838892382 ], [ 81.587060228888419, 6.610841414704597 ], [ 81.587060228888419, 6.610832431551755 ], [ 81.587100653076206, 6.61079200736397 ], [ 81.587109636229044, 6.61079200736397 ], [ 81.587150060416832, 6.610832431551755 ] ] ] ] } },
{ "type": "Feature", "properties": { "fid": 1408812.0, "DN": 3, "area": 13421 }, "geometry": { "type": "MultiPolygon", "coordinates": [ [ [ [ 81.574537713827795, 6.613037795574268 ], [ 81.574609579050517, 6.613037795574268 ], [ 81.574932972552801, 6.612956947198698 ], [ 81.574932972552801, 6.612938980893015 ], [ 81.574852124177227, 6.612858132517445 ], [ 81.57483415787155, 6.612858132517445 ], [ 81.574753309495975, 6.61281770832966 ], [ 81.574753309495975, 6.612808725176818 ], [ 81.5746724611204, 6.612768300989033 ], [ 81.574654494814723, 6.612768300989033 ], [ 81.574573646439148, 6.612727876801248 ], [ 81.574573646439148, 6.612718893648406 ], [ 81.574331101312438, 6.61267846946062 ], [ 81.574277202395393, 6.61267846946062 ], [ 81.574034657268683, 6.612557196897265 ], [ 81.574034657268683, 6.612530247438741 ], [ 81.573872960517548, 6.612408974875385 ], [ 81.573837027906166, 6.612408974875385 ], [ 81.57367533115503, 6.6123685506876 ], [ 81.57367533115503, 6.612359567534758 ], [ 81.573554058591668, 6.612319143346973 ], [ 81.573527109133153, 6.612319143346973 ], [ 81.57340583656979, 6.612238294971402 ], [ 81.57340583656979, 6.612220328665719 ], [ 81.573244139818655, 6.612139480290149 ], [ 81.573208207207287, 6.612139480290149 ], [ 81.573046510456152, 6.612058631914579 ], [ 81.573046510456152, 6.612040665608896 ], [ 81.573006086268364, 6.611959817233325 ], [ 81.572997103115526, 6.611959817233325 ], [ 81.572956678927738, 6.61191939304554 ], [ 81.572956678927738, 6.611910409892699 ], [ 81.572916254739951, 6.611869985704914 ], [ 81.572907271587113, 6.611869985704914 ], [ 81.572866847399325, 6.611789137329342 ], [ 81.572866847399325, 6.61177117102366 ], [ 81.57278599902375, 6.611690322648089 ], [ 81.572768032718074, 6.611690322648089 ], [ 81.572687184342499, 6.611649898460303 ], [ 81.572687184342499, 6.611640915307463 ], [ 81.572606335966924, 6.611600491119678 ], [ 81.572588369661247, 6.611600491119678 ], [ 81.572507521285672, 6.611277097617394 ], [ 81.572507521285672, 6.611205232394665 ], [ 81.572426672910098, 6.610881838892382 ], [ 81.572408706604421, 6.610881838892382 ], [ 81.572327858228846, 6.610800990516811 ], [ 81.572327858228846, 6.610783024211129 ], [ 81.572247009853285, 6.610702175835558 ], [ 81.572229043547594, 6.610702175835558 ], [ 81.572148195172034, 6.610742600023343 ], [ 81.572148195172034, 6.610751583176184 ], [ 81.572107770984246, 6.61079200736397 ], [ 81.572098787831408, 6.61079200736397 ], [ 81.57205836364362, 6.610751583176184 ], [ 81.57205836364362, 6.610742600023343 ], [ 81.572017939455833, 6.610702175835558 ], [ 81.572008956302994, 6.610702175835558 ], [ 81.571968532115207, 6.610621327459987 ], [ 81.571968532115207, 6.610603361154305 ], [ 81.571887683739646, 6.610522512778735 ], [ 81.571869717433941, 6.610522512778735 ], [ 81.571788869058381, 6.610603361154305 ], [ 81.571788869058381, 6.610621327459987 ], [ 81.571829293246168, 6.610702175835558 ], [ 81.571838276399006, 6.610702175835558 ], [ 81.571878700586794, 6.610742600023343 ], [ 81.571878700586794, 6.610751583176184 ], [ 81.571919124774581, 6.61079200736397 ], [ 81.57192810792742, 6.61079200736397 ], [ 81.571968532115207, 6.610832431551755 ], [ 81.571968532115207, 6.610841414704597 ], [ 81.572008956302994, 6.610881838892382 ], [ 81.572017939455833, 6.610881838892382 ], [ 81.57205836364362, 6.610922263080168 ], [ 81.57205836364362, 6.610931246233008 ], [ 81.572098787831408, 6.610971670420794 ], [ 81.572107770984246, 6.610971670420794 ], [ 81.572148195172034, 6.61109294298415 ], [ 81.572148195172034, 6.611119892442674 ], [ 81.572188619359821, 6.61124116500603 ], [ 81.572197602512659, 6.61124116500603 ], [ 81.572238026700447, 6.611322013381601 ], [ 81.572238026700447, 6.611339979687283 ], [ 81.57227845088822, 6.611420828062854 ], [ 81.572287434041073, 6.611420828062854 ], [ 81.572327858228846, 6.611582524813995 ], [ 81.572327858228846, 6.61161845742536 ], [ 81.572408706604421, 6.611780154176501 ], [ 81.572426672910098, 6.611780154176501 ], [ 81.572507521285672, 6.611861002552072 ], [ 81.572507521285672, 6.611878968857754 ], [ 81.572588369661247, 6.611959817233325 ], [ 81.572606335966924, 6.611959817233325 ], [ 81.572687184342499, 6.612040665608896 ], [ 81.572687184342499, 6.612058631914579 ], [ 81.572768032718074, 6.612139480290149 ], [ 81.57278599902375, 6.612139480290149 ], [ 81.572866847399325, 6.612220328665719 ], [ 81.572866847399325, 6.612238294971402 ], [ 81.5729476957749, 6.612319143346973 ], [ 81.572965662080577, 6.612319143346973 ], [ 81.573046510456152, 6.612359567534758 ], [ 81.573046510456152, 6.6123685506876 ], [ 81.573127358831726, 6.612408974875385 ], [ 81.573145325137403, 6.612408974875385 ], [ 81.573226173512978, 6.612449399063171 ], [ 81.573226173512978, 6.612458382216012 ], [ 81.573307021888553, 6.612498806403798 ], [ 81.57332498819423, 6.612498806403798 ], [ 81.57340583656979, 6.612539230591583 ], [ 81.57340583656979, 6.612548213744423 ], [ 81.573527109133153, 6.612588637932209 ], [ 81.573554058591668, 6.612588637932209 ], [ 81.57367533115503, 6.612629062119995 ], [ 81.57367533115503, 6.612638045272835 ], [ 81.573796603718392, 6.61267846946062 ], [ 81.573823553176908, 6.61267846946062 ], [ 81.57394482574027, 6.612718893648406 ], [ 81.57394482574027, 6.612727876801248 ], [ 81.573985249928057, 6.612768300989033 ], [ 81.573994233080896, 6.612768300989033 ], [ 81.574034657268683, 6.612808725176818 ], [ 81.574034657268683, 6.61281770832966 ], [ 81.574115505644244, 6.612858132517445 ], [ 81.574133471949949, 6.612858132517445 ], [ 81.57421432032551, 6.612938980893015 ], [ 81.57421432032551, 6.612956947198698 ], [ 81.574537713827795, 6.613037795574268 ] ] ] ] } },
{ "type": "Feature", "properties": { "fid": 1408963.0, "DN": 3, "area": 10066 }, "geometry": { "type": "MultiPolygon", "coordinates": [ [ [ [ 81.486399509726397, 6.612588637932209 ], [ 81.486408492879235, 6.612588637932209 ], [ 81.486448917067023, 6.612467365368852 ], [ 81.486448917067023, 6.61244041591033 ], [ 81.48648934125481, 6.612319143346973 ], [ 81.486498324407648, 6.612319143346973 ], [ 81.486538748595436, 6.612278719159187 ], [ 81.486538748595436, 6.612269736006347 ], [ 81.486579172783223, 6.612229311818561 ], [ 81.486588155936062, 6.612229311818561 ], [ 81.486628580123849, 6.612188887630776 ], [ 81.486628580123849, 6.612179904477935 ], [ 81.48670942849941, 6.612139480290149 ], [ 81.486727394805115, 6.612139480290149 ], [ 81.486808243180676, 6.612099056102363 ], [ 81.486808243180676, 6.612090072949522 ], [ 81.48688909155625, 6.612049648761737 ], [ 81.486907057861927, 6.612049648761737 ], [ 81.486987906237502, 6.611968800386166 ], [ 81.486987906237502, 6.611950834080484 ], [ 81.487068754613063, 6.611869985704914 ], [ 81.487086720918768, 6.611869985704914 ], [ 81.487167569294328, 6.611829561517128 ], [ 81.487167569294328, 6.611820578364287 ], [ 81.487207993482116, 6.611780154176501 ], [ 81.487216976634954, 6.611780154176501 ], [ 81.487257400822728, 6.611739729988716 ], [ 81.487257400822728, 6.611730746835875 ], [ 81.487297825010515, 6.611690322648089 ], [ 81.487306808163353, 6.611690322648089 ], [ 81.487347232351141, 6.61177117102366 ], [ 81.487347232351141, 6.611789137329342 ], [ 81.487428080726716, 6.611869985704914 ], [ 81.487446047032392, 6.611869985704914 ], [ 81.487526895407967, 6.611789137329342 ], [ 81.487526895407967, 6.61177117102366 ], [ 81.487607743783542, 6.611690322648089 ], [ 81.487625710089219, 6.611690322648089 ], [ 81.487706558464794, 6.611649898460303 ], [ 81.487706558464794, 6.611640915307463 ], [ 81.487625710089219, 6.611600491119678 ], [ 81.487607743783542, 6.611600491119678 ], [ 81.487526895407967, 6.611479218556321 ], [ 81.487526895407967, 6.611452269097798 ], [ 81.487607743783542, 6.611330996534441 ], [ 81.487625710089219, 6.611330996534441 ], [ 81.487706558464794, 6.61125014815887 ], [ 81.487706558464794, 6.611232181853188 ], [ 81.487868255215943, 6.611151333477618 ], [ 81.487904187827297, 6.611151333477618 ], [ 81.488065884578447, 6.611070485102047 ], [ 81.488065884578447, 6.611052518796364 ], [ 81.488146732954021, 6.610971670420794 ], [ 81.488164699259698, 6.610971670420794 ], [ 81.488245547635259, 6.610931246233008 ], [ 81.488245547635259, 6.610922263080168 ], [ 81.488285971823046, 6.610881838892382 ], [ 81.488294954975885, 6.610881838892382 ], [ 81.488335379163672, 6.611003111455737 ], [ 81.488335379163672, 6.611030060914262 ], [ 81.48837580335146, 6.611151333477618 ], [ 81.488384786504298, 6.611151333477618 ], [ 81.488425210692085, 6.610827939975335 ], [ 81.488425210692085, 6.610756074752604 ], [ 81.488384786504298, 6.610432681250322 ], [ 81.48837580335146, 6.610432681250322 ], [ 81.488335379163672, 6.610351832874752 ], [ 81.488335379163672, 6.61033386656907 ], [ 81.488294954975885, 6.610253018193498 ], [ 81.488285971823046, 6.610253018193498 ], [ 81.488245547635259, 6.61033386656907 ], [ 81.488245547635259, 6.610351832874752 ], [ 81.488205123447472, 6.610432681250322 ], [ 81.488196140294633, 6.610432681250322 ], [ 81.48815571610686, 6.610513529625893 ], [ 81.48815571610686, 6.610531495931575 ], [ 81.488115291919073, 6.610612344307146 ], [ 81.488106308766234, 6.610612344307146 ], [ 81.488065884578447, 6.610693192682717 ], [ 81.488065884578447, 6.6107111589884 ], [ 81.487985036202872, 6.61079200736397 ], [ 81.487967069897195, 6.61079200736397 ], [ 81.48788622152162, 6.61087285573954 ], [ 81.48788622152162, 6.610890822045222 ], [ 81.487805373146045, 6.610971670420794 ], [ 81.487787406840368, 6.610971670420794 ], [ 81.487706558464794, 6.611012094608579 ], [ 81.487706558464794, 6.61102107776142 ], [ 81.487666134277006, 6.611061501949205 ], [ 81.487657151124168, 6.611061501949205 ], [ 81.48761672693638, 6.611101926136991 ], [ 81.48761672693638, 6.611110909289833 ], [ 81.487576302748607, 6.611151333477618 ], [ 81.48756731959574, 6.611151333477618 ], [ 81.487526895407967, 6.611191757665403 ], [ 81.487526895407967, 6.611200740818244 ], [ 81.48748647122018, 6.61124116500603 ], [ 81.487477488067341, 6.61124116500603 ], [ 81.487437063879554, 6.611281589193815 ], [ 81.487437063879554, 6.611290572346656 ], [ 81.487396639691767, 6.611330996534441 ], [ 81.487387656538928, 6.611330996534441 ], [ 81.487347232351141, 6.611371420722227 ], [ 81.487347232351141, 6.611380403875068 ], [ 81.487306808163353, 6.611420828062854 ], [ 81.487297825010515, 6.611420828062854 ], [ 81.487257400822728, 6.611461252250639 ], [ 81.487257400822728, 6.61147023540348 ], [ 81.48713612825938, 6.611510659591266 ], [ 81.48710917880085, 6.611510659591266 ], [ 81.486987906237502, 6.611631932154622 ], [ 81.486987906237502, 6.611658881613145 ], [ 81.486947482049715, 6.611780154176501 ], [ 81.486938498896876, 6.611780154176501 ], [ 81.486898074709089, 6.611820578364287 ], [ 81.486898074709089, 6.611829561517128 ], [ 81.486817226333514, 6.611869985704914 ], [ 81.486799260027837, 6.611869985704914 ], [ 81.486718411652262, 6.611789137329342 ], [ 81.486718411652262, 6.61177117102366 ], [ 81.486677987464475, 6.611690322648089 ], [ 81.486669004311636, 6.611690322648089 ], [ 81.486628580123849, 6.61177117102366 ], [ 81.486628580123849, 6.611789137329342 ], [ 81.486588155936062, 6.611869985704914 ], [ 81.486579172783223, 6.611869985704914 ], [ 81.486538748595436, 6.611950834080484 ], [ 81.486538748595436, 6.611968800386166 ], [ 81.486417476032074, 6.612049648761737 ], [ 81.486390526573558, 6.612049648761737 ], [ 81.486269254010196, 6.612251769700665 ], [ 81.486269254010196, 6.612296685464869 ], [ 81.486309678197983, 6.612498806403798 ], [ 81.486318661350822, 6.612498806403798 ], [ 81.486359085538609, 6.612539230591583 ], [ 81.486359085538609, 6.612548213744423 ], [ 81.486399509726397, 6.612588637932209 ] ] ] ] } },
{ "type": "Feature", "properties": { "fid": 1409370.0, "DN": 3, "area": 9869 }, "geometry": { "type": "MultiPolygon", "coordinates": [ [ [ [ 81.554132482149015, 6.610612344307146 ], [ 81.554141465301853, 6.610612344307146 ], [ 81.554181889489641, 6.61057192011936 ], [ 81.554181889489641, 6.61056293696652 ], [ 81.554222313677428, 6.610522512778735 ], [ 81.554231296830267, 6.610522512778735 ], [ 81.554271721018054, 6.610603361154305 ], [ 81.554271721018054, 6.610621327459987 ], [ 81.554433417769189, 6.610702175835558 ], [ 81.554469350380558, 6.610702175835558 ], [ 81.554631047131693, 6.610621327459987 ], [ 81.554631047131693, 6.610603361154305 ], [ 81.55467147131948, 6.610522512778735 ], [ 81.554680454472319, 6.610522512778735 ], [ 81.554720878660106, 6.61056293696652 ], [ 81.554720878660106, 6.61057192011936 ], [ 81.554801727035681, 6.610612344307146 ], [ 81.554819693341358, 6.610612344307146 ], [ 81.554900541716933, 6.61057192011936 ], [ 81.554900541716933, 6.61056293696652 ], [ 81.55494096590472, 6.610522512778735 ], [ 81.554949949057558, 6.610522512778735 ], [ 81.554990373245346, 6.610482088590949 ], [ 81.554990373245346, 6.610473105438108 ], [ 81.554909524869771, 6.610432681250322 ], [ 81.554891558564094, 6.610432681250322 ], [ 81.554810710188519, 6.610392257062537 ], [ 81.554810710188519, 6.610383273909695 ], [ 81.554972406939669, 6.61034284972191 ], [ 81.555008339551023, 6.61034284972191 ], [ 81.555170036302172, 6.610423698097481 ], [ 81.555170036302172, 6.610441664403163 ], [ 81.55521046048996, 6.610522512778735 ], [ 81.555219443642798, 6.610522512778735 ], [ 81.555259867830586, 6.610482088590949 ], [ 81.555259867830586, 6.610473105438108 ], [ 81.555300292018359, 6.610432681250322 ], [ 81.555309275171226, 6.610432681250322 ], [ 81.555349699358999, 6.610311408686966 ], [ 81.555349699358999, 6.610284459228442 ], [ 81.555390123546786, 6.610163186665086 ], [ 81.555399106699625, 6.610163186665086 ], [ 81.555439530887412, 6.6101227624773 ], [ 81.555439530887412, 6.610113779324459 ], [ 81.555479955075199, 6.610073355136674 ], [ 81.555488938228038, 6.610073355136674 ], [ 81.555529362415825, 6.610032930948888 ], [ 81.555529362415825, 6.610023947796048 ], [ 81.555448514040251, 6.609983523608262 ], [ 81.555430547734574, 6.609983523608262 ], [ 81.555349699358999, 6.610023947796048 ], [ 81.555349699358999, 6.610032930948888 ], [ 81.555188002607849, 6.610073355136674 ], [ 81.555152069996495, 6.610073355136674 ], [ 81.554990373245346, 6.610032930948888 ], [ 81.554990373245346, 6.610023947796048 ], [ 81.554949949057558, 6.609983523608262 ], [ 81.55494096590472, 6.609983523608262 ], [ 81.554900541716933, 6.609902675232691 ], [ 81.554900541716933, 6.609884708927009 ], [ 81.55494096590472, 6.609803860551438 ], [ 81.554949949057558, 6.609803860551438 ], [ 81.554990373245346, 6.609763436363653 ], [ 81.554990373245346, 6.609754453210812 ], [ 81.555030797433133, 6.609714029023026 ], [ 81.555039780585972, 6.609714029023026 ], [ 81.555080204773759, 6.60967360483524 ], [ 81.555080204773759, 6.6096646216824 ], [ 81.555039780585972, 6.609624197494615 ], [ 81.555030797433133, 6.609624197494615 ], [ 81.554990373245346, 6.609583773306829 ], [ 81.554990373245346, 6.609574790153989 ], [ 81.554949949057558, 6.609534365966203 ], [ 81.55494096590472, 6.609534365966203 ], [ 81.554900541716933, 6.609574790153989 ], [ 81.554900541716933, 6.609583773306829 ], [ 81.554819693341358, 6.609624197494615 ], [ 81.554801727035681, 6.609624197494615 ], [ 81.554720878660106, 6.6096646216824 ], [ 81.554720878660106, 6.60967360483524 ], [ 81.554680454472319, 6.609714029023026 ], [ 81.55467147131948, 6.609714029023026 ], [ 81.554631047131693, 6.609754453210812 ], [ 81.554631047131693, 6.609763436363653 ], [ 81.554509774568345, 6.609803860551438 ], [ 81.554482825109815, 6.609803860551438 ], [ 81.554361552546467, 6.609884708927009 ], [ 81.554361552546467, 6.609902675232691 ], [ 81.55432112835868, 6.609983523608262 ], [ 81.554312145205841, 6.609983523608262 ], [ 81.554271721018054, 6.610023947796048 ], [ 81.554271721018054, 6.610032930948888 ], [ 81.554312145205841, 6.610073355136674 ], [ 81.55432112835868, 6.610073355136674 ], [ 81.554361552546467, 6.610113779324459 ], [ 81.554361552546467, 6.6101227624773 ], [ 81.554240279983105, 6.610163186665086 ], [ 81.55421333052459, 6.610163186665086 ], [ 81.554092057961228, 6.610284459228442 ], [ 81.554092057961228, 6.610311408686966 ], [ 81.55405163377344, 6.610432681250322 ], [ 81.554042650620602, 6.610432681250322 ], [ 81.554002226432814, 6.610553953813678 ], [ 81.554002226432814, 6.610580903272202 ], [ 81.554042650620602, 6.610702175835558 ], [ 81.55405163377344, 6.610702175835558 ], [ 81.554092057961228, 6.610661751647772 ], [ 81.554092057961228, 6.610652768494932 ], [ 81.554132482149015, 6.610612344307146 ] ], [ [ 81.554581639791067, 6.609983523608262 ], [ 81.554590622943905, 6.609983523608262 ], [ 81.554631047131693, 6.610064371983833 ], [ 81.554631047131693, 6.610082338289516 ], [ 81.554590622943905, 6.610163186665086 ], [ 81.554581639791067, 6.610163186665086 ], [ 81.55454121560328, 6.610082338289516 ], [ 81.55454121560328, 6.610064371983833 ], [ 81.554581639791067, 6.609983523608262 ] ], [ [ 81.55454121560328, 6.610203610852872 ], [ 81.55454121560328, 6.610212594005713 ], [ 81.554500791415506, 6.610253018193498 ], [ 81.554491808262668, 6.610253018193498 ], [ 81.554451384074881, 6.610212594005713 ], [ 81.554451384074881, 6.610203610852872 ], [ 81.554491808262668, 6.610163186665086 ], [ 81.554500791415506, 6.610163186665086 ], [ 81.55454121560328, 6.610203610852872 ] ], [ [ 81.55454121560328, 6.610383273909695 ], [ 81.55454121560328, 6.610392257062537 ], [ 81.554419943039932, 6.610432681250322 ], [ 81.554392993581402, 6.610432681250322 ], [ 81.554271721018054, 6.610392257062537 ], [ 81.554271721018054, 6.610383273909695 ], [ 81.554392993581402, 6.61034284972191 ], [ 81.554419943039932, 6.61034284972191 ], [ 81.55454121560328, 6.610383273909695 ] ] ] ] } },
{ "type": "Feature", "properties": { "fid": 1409373.0, "DN": 3, "area": 8981 }, "geometry": { "type": "MultiPolygon", "coordinates": [ [ [ [ 81.503328261255632, 6.61079200736397 ], [ 81.503346227561309, 6.61079200736397 ], [ 81.503427075936884, 6.610549462237257 ], [ 81.503427075936884, 6.61049556332021 ], [ 81.503467500124671, 6.610253018193498 ], [ 81.50347648327751, 6.610253018193498 ], [ 81.503516907465297, 6.61049556332021 ], [ 81.503516907465297, 6.610549462237257 ], [ 81.503597755840872, 6.61079200736397 ], [ 81.503615722146549, 6.61079200736397 ], [ 81.503696570522123, 6.610751583176184 ], [ 81.503696570522123, 6.610742600023343 ], [ 81.503656146334336, 6.610702175835558 ], [ 81.503647163181498, 6.610702175835558 ], [ 81.50360673899371, 6.610661751647772 ], [ 81.50360673899371, 6.610652768494932 ], [ 81.503687587369285, 6.610612344307146 ], [ 81.503705553674962, 6.610612344307146 ], [ 81.503786402050537, 6.61057192011936 ], [ 81.503786402050537, 6.61056293696652 ], [ 81.503826826238324, 6.610522512778735 ], [ 81.503835809391163, 6.610522512778735 ], [ 81.50387623357895, 6.610643785342091 ], [ 81.50387623357895, 6.610670734800614 ], [ 81.503916657766737, 6.61079200736397 ], [ 81.503925640919576, 6.61079200736397 ], [ 81.503966065107363, 6.610751583176184 ], [ 81.503966065107363, 6.610742600023343 ], [ 81.504006489295136, 6.610702175835558 ], [ 81.504015472448003, 6.610702175835558 ], [ 81.504055896635776, 6.610621327459987 ], [ 81.504055896635776, 6.610603361154305 ], [ 81.504015472448003, 6.610522512778735 ], [ 81.504006489295136, 6.610522512778735 ], [ 81.503966065107363, 6.610401240215378 ], [ 81.503966065107363, 6.610374290756855 ], [ 81.503844792544001, 6.610253018193498 ], [ 81.503817843085486, 6.610253018193498 ], [ 81.503696570522123, 6.610212594005713 ], [ 81.503696570522123, 6.610203610852872 ], [ 81.503656146334336, 6.610163186665086 ], [ 81.503647163181498, 6.610163186665086 ], [ 81.50360673899371, 6.609961065726159 ], [ 81.50360673899371, 6.609916149961953 ], [ 81.503525890618135, 6.609714029023026 ], [ 81.503507924312458, 6.609714029023026 ], [ 81.503427075936884, 6.60967360483524 ], [ 81.503427075936884, 6.6096646216824 ], [ 81.503346227561309, 6.609624197494615 ], [ 81.503328261255632, 6.609624197494615 ], [ 81.503247412880057, 6.609583773306829 ], [ 81.503247412880057, 6.609574790153989 ], [ 81.503085716128922, 6.609534365966203 ], [ 81.503049783517554, 6.609534365966203 ], [ 81.502888086766418, 6.609696062717345 ], [ 81.502888086766418, 6.609731995328709 ], [ 81.502928510954206, 6.609893692079851 ], [ 81.502937494107044, 6.609893692079851 ], [ 81.502977918294832, 6.609974540455421 ], [ 81.502977918294832, 6.609992506761103 ], [ 81.503018342482619, 6.610073355136674 ], [ 81.503027325635458, 6.610073355136674 ], [ 81.503067749823245, 6.610154203512245 ], [ 81.503067749823245, 6.610172169817927 ], [ 81.503148598198806, 6.610253018193498 ], [ 81.503166564504497, 6.610253018193498 ], [ 81.503247412880057, 6.61049556332021 ], [ 81.503247412880057, 6.610549462237257 ], [ 81.503328261255632, 6.61079200736397 ] ] ] ] } },
{ "type": "Feature", "properties": { "fid": 1409468.0, "DN": 3, "area": 16678 }, "geometry": { "type": "MultiPolygon", "coordinates": [ [ [ [ 81.571829293246168, 6.610432681250322 ], [ 81.571838276399006, 6.610432681250322 ], [ 81.571878700586794, 6.610351832874752 ], [ 81.571878700586794, 6.61033386656907 ], [ 81.571838276399006, 6.610253018193498 ], [ 81.571829293246168, 6.610253018193498 ], [ 81.571788869058381, 6.610212594005713 ], [ 81.571788869058381, 6.610203610852872 ], [ 81.571748444870593, 6.610163186665086 ], [ 81.571739461717755, 6.610163186665086 ], [ 81.571699037529967, 6.6101227624773 ], [ 81.571699037529967, 6.610113779324459 ], [ 81.571739461717755, 6.610073355136674 ], [ 81.571748444870593, 6.610073355136674 ], [ 81.571788869058381, 6.610032930948888 ], [ 81.571788869058381, 6.610023947796048 ], [ 81.571708020682806, 6.609983523608262 ], [ 81.571690054377129, 6.609983523608262 ], [ 81.571609206001554, 6.609902675232691 ], [ 81.571609206001554, 6.609884708927009 ], [ 81.571528357625979, 6.609803860551438 ], [ 81.571510391320302, 6.609803860551438 ], [ 81.571429542944728, 6.609763436363653 ], [ 81.571429542944728, 6.609754453210812 ], [ 81.571348694569167, 6.609714029023026 ], [ 81.571330728263476, 6.609714029023026 ], [ 81.571249879887915, 6.609633180647456 ], [ 81.571249879887915, 6.609615214341773 ], [ 81.571209455700128, 6.609534365966203 ], [ 81.571200472547289, 6.609534365966203 ], [ 81.571160048359502, 6.609655638529559 ], [ 81.571160048359502, 6.609682587988083 ], [ 81.570877079045005, 6.609803860551438 ], [ 81.570814196975107, 6.609803860551438 ], [ 81.570531227660609, 6.609763436363653 ], [ 81.570531227660609, 6.609754453210812 ], [ 81.570612076036184, 6.609714029023026 ], [ 81.570630042341861, 6.609714029023026 ], [ 81.570710890717436, 6.609633180647456 ], [ 81.570710890717436, 6.609615214341773 ], [ 81.570670466529648, 6.609534365966203 ], [ 81.57066148337681, 6.609534365966203 ], [ 81.570621059189023, 6.609493941778418 ], [ 81.570621059189023, 6.609484958625576 ], [ 81.57066148337681, 6.609444534437791 ], [ 81.570670466529648, 6.609444534437791 ], [ 81.570710890717436, 6.609404110250006 ], [ 81.570710890717436, 6.609395127097164 ], [ 81.570630042341861, 6.609354702909378 ], [ 81.570612076036184, 6.609354702909378 ], [ 81.570531227660609, 6.609395127097164 ], [ 81.570531227660609, 6.609404110250006 ], [ 81.570490803472822, 6.609444534437791 ], [ 81.570481820319984, 6.609444534437791 ], [ 81.570441396132196, 6.609484958625576 ], [ 81.570441396132196, 6.609493941778418 ], [ 81.570400971944423, 6.609534365966203 ], [ 81.570391988791556, 6.609534365966203 ], [ 81.570351564603783, 6.609574790153989 ], [ 81.570351564603783, 6.609583773306829 ], [ 81.57031114041601, 6.609624197494615 ], [ 81.570302157263171, 6.609624197494615 ], [ 81.570261733075384, 6.609583773306829 ], [ 81.570261733075384, 6.609574790153989 ], [ 81.570180884699809, 6.609534365966203 ], [ 81.570162918394132, 6.609534365966203 ], [ 81.570082070018557, 6.609574790153989 ], [ 81.570082070018557, 6.609583773306829 ], [ 81.570001221642997, 6.609624197494615 ], [ 81.569983255337291, 6.609624197494615 ], [ 81.569902406961731, 6.609583773306829 ], [ 81.569902406961731, 6.609574790153989 ], [ 81.569861982773944, 6.609534365966203 ], [ 81.569852999621105, 6.609534365966203 ], [ 81.569812575433318, 6.609574790153989 ], [ 81.569812575433318, 6.609583773306829 ], [ 81.569650878682182, 6.609624197494615 ], [ 81.5696149460708, 6.609624197494615 ], [ 81.569453249319665, 6.6096646216824 ], [ 81.569453249319665, 6.60967360483524 ], [ 81.569331976756303, 6.609714029023026 ], [ 81.569305027297787, 6.609714029023026 ], [ 81.569183754734439, 6.60967360483524 ], [ 81.569183754734439, 6.6096646216824 ], [ 81.569143330546652, 6.609624197494615 ], [ 81.569134347393813, 6.609624197494615 ], [ 81.569093923206026, 6.609705045870186 ], [ 81.569093923206026, 6.609723012175868 ], [ 81.568932226454876, 6.609803860551438 ], [ 81.568896293843522, 6.609803860551438 ], [ 81.568734597092373, 6.609884708927009 ], [ 81.568734597092373, 6.609902675232691 ], [ 81.568572900341223, 6.609983523608262 ], [ 81.56853696772987, 6.609983523608262 ], [ 81.56837527097872, 6.610023947796048 ], [ 81.56837527097872, 6.610032930948888 ], [ 81.568334846790947, 6.610073355136674 ], [ 81.568325863638108, 6.610073355136674 ], [ 81.568285439450321, 6.610032930948888 ], [ 81.568285439450321, 6.610023947796048 ], [ 81.568245015262534, 6.609983523608262 ], [ 81.568236032109695, 6.609983523608262 ], [ 81.568195607921908, 6.609902675232691 ], [ 81.568195607921908, 6.609884708927009 ], [ 81.568033911170772, 6.609803860551438 ], [ 81.56799797855939, 6.609803860551438 ], [ 81.567836281808255, 6.609844284739224 ], [ 81.567836281808255, 6.609853267892065 ], [ 81.567795857620467, 6.609893692079851 ], [ 81.567786874467629, 6.609893692079851 ], [ 81.567746450279841, 6.609853267892065 ], [ 81.567746450279841, 6.609844284739224 ], [ 81.567706026092054, 6.609803860551438 ], [ 81.567697042939216, 6.609803860551438 ], [ 81.567656618751428, 6.609884708927009 ], [ 81.567656618751428, 6.609902675232691 ], [ 81.567737467127003, 6.609983523608262 ], [ 81.56775543343268, 6.609983523608262 ], [ 81.567836281808255, 6.610064371983833 ], [ 81.567836281808255, 6.610082338289516 ], [ 81.567674585057119, 6.610163186665086 ], [ 81.567638652445737, 6.610163186665086 ], [ 81.567476955694602, 6.610244035040656 ], [ 81.567476955694602, 6.610262001346339 ], [ 81.567598228257964, 6.61034284972191 ], [ 81.567625177716479, 6.61034284972191 ], [ 81.567746450279841, 6.610302425534124 ], [ 81.567746450279841, 6.610293442381284 ], [ 81.567827298655416, 6.610253018193498 ], [ 81.567845264961093, 6.610253018193498 ], [ 81.567926113336668, 6.610212594005713 ], [ 81.567926113336668, 6.610203610852872 ], [ 81.568128234275591, 6.610163186665086 ], [ 81.568173150039797, 6.610163186665086 ], [ 81.56837527097872, 6.610203610852872 ], [ 81.56837527097872, 6.610212594005713 ], [ 81.568415695166507, 6.610253018193498 ], [ 81.568424678319346, 6.610253018193498 ], [ 81.568465102507133, 6.610212594005713 ], [ 81.568465102507133, 6.610203610852872 ], [ 81.568586375070481, 6.610163186665086 ], [ 81.568613324529025, 6.610163186665086 ], [ 81.568734597092373, 6.6101227624773 ], [ 81.568734597092373, 6.610113779324459 ], [ 81.568815445467948, 6.610073355136674 ], [ 81.568833411773625, 6.610073355136674 ], [ 81.568914260149199, 6.610032930948888 ], [ 81.568914260149199, 6.610023947796048 ], [ 81.569116381088122, 6.609983523608262 ], [ 81.569161296852343, 6.609983523608262 ], [ 81.569363417791266, 6.609943099420477 ], [ 81.569363417791266, 6.609934116267636 ], [ 81.569403841979039, 6.609893692079851 ], [ 81.569412825131877, 6.609893692079851 ], [ 81.569453249319665, 6.609934116267636 ], [ 81.569453249319665, 6.609943099420477 ], [ 81.569534097695225, 6.609983523608262 ], [ 81.569552064000931, 6.609983523608262 ], [ 81.569632912376491, 6.609943099420477 ], [ 81.569632912376491, 6.609934116267636 ], [ 81.569673336564279, 6.609893692079851 ], [ 81.569682319717117, 6.609893692079851 ], [ 81.569722743904904, 6.609934116267636 ], [ 81.569722743904904, 6.609943099420477 ], [ 81.569763168092692, 6.609983523608262 ], [ 81.56977215124553, 6.609983523608262 ], [ 81.569812575433318, 6.609902675232691 ], [ 81.569812575433318, 6.609884708927009 ], [ 81.569852999621105, 6.609803860551438 ], [ 81.569861982773944, 6.609803860551438 ], [ 81.569902406961731, 6.609844284739224 ], [ 81.569902406961731, 6.609853267892065 ], [ 81.569942831149518, 6.609893692079851 ], [ 81.569951814302357, 6.609893692079851 ], [ 81.569992238490144, 6.609853267892065 ], [ 81.569992238490144, 6.609844284739224 ], [ 81.570153935241279, 6.609803860551438 ], [ 81.570189867852633, 6.609803860551438 ], [ 81.570351564603783, 6.609884708927009 ], [ 81.570351564603783, 6.609902675232691 ], [ 81.570594109730493, 6.609983523608262 ], [ 81.570648008647552, 6.609983523608262 ], [ 81.570890553774262, 6.610023947796048 ], [ 81.570890553774262, 6.610032930948888 ], [ 81.570971402149837, 6.610073355136674 ], [ 81.570989368455514, 6.610073355136674 ], [ 81.571070216831089, 6.610113779324459 ], [ 81.571070216831089, 6.6101227624773 ], [ 81.571231913582224, 6.610163186665086 ], [ 81.571267846193592, 6.610163186665086 ], [ 81.571429542944728, 6.610244035040656 ], [ 81.571429542944728, 6.610262001346339 ], [ 81.571510391320302, 6.61034284972191 ], [ 81.571528357625979, 6.61034284972191 ], [ 81.571609206001554, 6.610423698097481 ], [ 81.571609206001554, 6.610441664403163 ], [ 81.571690054377129, 6.610522512778735 ], [ 81.571708020682806, 6.610522512778735 ], [ 81.571788869058381, 6.610482088590949 ], [ 81.571788869058381, 6.610473105438108 ], [ 81.571829293246168, 6.610432681250322 ] ], [ [ 81.570531227660609, 6.609583773306829 ], [ 81.570531227660609, 6.609574790153989 ], [ 81.570571651848397, 6.609534365966203 ], [ 81.570580635001235, 6.609534365966203 ], [ 81.570621059189023, 6.609574790153989 ], [ 81.570621059189023, 6.609583773306829 ], [ 81.570580635001235, 6.609624197494615 ], [ 81.570571651848397, 6.609624197494615 ], [ 81.570531227660609, 6.609583773306829 ] ] ] ] } },
{ "type": "Feature", "properties": { "fid": 1409514.0, "DN": 3, "area": 3158 }, "geometry": { "type": "MultiPolygon", "coordinates": [ [ [ [ 81.573715755342818, 6.609803860551438 ], [ 81.573724738495656, 6.609803860551438 ], [ 81.573765162683443, 6.609763436363653 ], [ 81.573765162683443, 6.609754453210812 ], [ 81.573805586871231, 6.609714029023026 ], [ 81.573814570024069, 6.609714029023026 ], [ 81.573854994211857, 6.609754453210812 ], [ 81.573854994211857, 6.609763436363653 ], [ 81.573976266775219, 6.609803860551438 ], [ 81.574003216233734, 6.609803860551438 ], [ 81.574124488797096, 6.609763436363653 ], [ 81.574124488797096, 6.609754453210812 ], [ 81.574043640421522, 6.609714029023026 ], [ 81.574025674115845, 6.609714029023026 ], [ 81.57394482574027, 6.60967360483524 ], [ 81.57394482574027, 6.6096646216824 ], [ 81.574227795054767, 6.609624197494615 ], [ 81.574290677124651, 6.609624197494615 ], [ 81.574573646439148, 6.609583773306829 ], [ 81.574573646439148, 6.609574790153989 ], [ 81.574533222251361, 6.609534365966203 ], [ 81.574524239098523, 6.609534365966203 ], [ 81.574483814910735, 6.609493941778418 ], [ 81.574483814910735, 6.609484958625576 ], [ 81.574443390722948, 6.609444534437791 ], [ 81.574434407570109, 6.609444534437791 ], [ 81.574393983382322, 6.60936368606222 ], [ 81.574393983382322, 6.609345719756537 ], [ 81.574272710818974, 6.609264871380967 ], [ 81.574245761360444, 6.609264871380967 ], [ 81.574124488797096, 6.609305295568753 ], [ 81.574124488797096, 6.609314278721593 ], [ 81.574043640421522, 6.609354702909378 ], [ 81.574025674115845, 6.609354702909378 ], [ 81.57394482574027, 6.609395127097164 ], [ 81.57394482574027, 6.609404110250006 ], [ 81.573863977364695, 6.609444534437791 ], [ 81.573846011059018, 6.609444534437791 ], [ 81.573765162683443, 6.609525382813361 ], [ 81.573765162683443, 6.609543349119043 ], [ 81.573724738495656, 6.609624197494615 ], [ 81.573715755342818, 6.609624197494615 ], [ 81.57367533115503, 6.609705045870186 ], [ 81.57367533115503, 6.609723012175868 ], [ 81.573715755342818, 6.609803860551438 ] ] ] ] } },
{ "type": "Feature", "properties": { "fid": 1409817.0, "DN": 3, "area": 19343 }, "geometry": { "type": "MultiPolygon", "coordinates": [ [ [ [ 81.521254142750237, 6.612049648761737 ], [ 81.521263125903076, 6.612049648761737 ], [ 81.521303550090863, 6.611887952010595 ], [ 81.521303550090863, 6.611852019399231 ], [ 81.521465246842013, 6.611690322648089 ], [ 81.521501179453367, 6.611690322648089 ], [ 81.521662876204516, 6.611852019399231 ], [ 81.521662876204516, 6.611887952010595 ], [ 81.521743724580091, 6.612049648761737 ], [ 81.521761690885768, 6.612049648761737 ], [ 81.521842539261343, 6.611807103635025 ], [ 81.521842539261343, 6.611753204717978 ], [ 81.522004236012478, 6.611510659591266 ], [ 81.522040168623846, 6.611510659591266 ], [ 81.522201865374981, 6.611429811215695 ], [ 81.522201865374981, 6.611411844910013 ], [ 81.522040168623846, 6.611330996534441 ], [ 81.522004236012478, 6.611330996534441 ], [ 81.521842539261343, 6.61125014815887 ], [ 81.521842539261343, 6.611232181853188 ], [ 81.521923387636903, 6.611151333477618 ], [ 81.521941353942594, 6.611151333477618 ], [ 81.522022202318155, 6.611070485102047 ], [ 81.522022202318155, 6.611052518796364 ], [ 81.522062626505942, 6.610971670420794 ], [ 81.522071609658781, 6.610971670420794 ], [ 81.522112033846568, 6.610890822045222 ], [ 81.522112033846568, 6.61087285573954 ], [ 81.522192882222143, 6.61079200736397 ], [ 81.52221084852782, 6.61079200736397 ], [ 81.522291696903395, 6.610751583176184 ], [ 81.522291696903395, 6.610742600023343 ], [ 81.522332121091182, 6.610702175835558 ], [ 81.52234110424402, 6.610702175835558 ], [ 81.522381528431808, 6.610661751647772 ], [ 81.522381528431808, 6.610652768494932 ], [ 81.522421952619595, 6.610612344307146 ], [ 81.522430935772434, 6.610612344307146 ], [ 81.522471359960221, 6.61057192011936 ], [ 81.522471359960221, 6.61056293696652 ], [ 81.522511784148008, 6.610522512778735 ], [ 81.522520767300847, 6.610522512778735 ], [ 81.522561191488634, 6.61056293696652 ], [ 81.522561191488634, 6.61057192011936 ], [ 81.522601615676422, 6.610612344307146 ], [ 81.52261059882926, 6.610612344307146 ], [ 81.522651023017048, 6.610531495931575 ], [ 81.522651023017048, 6.610513529625893 ], [ 81.522691447204835, 6.610432681250322 ], [ 81.522700430357673, 6.610432681250322 ], [ 81.522740854545461, 6.610392257062537 ], [ 81.522740854545461, 6.610383273909695 ], [ 81.522781278733248, 6.61034284972191 ], [ 81.522790261886087, 6.61034284972191 ], [ 81.522830686073874, 6.610221577158553 ], [ 81.522830686073874, 6.610194627700031 ], [ 81.522911534449435, 6.610073355136674 ], [ 81.522929500755126, 6.610073355136674 ], [ 81.523010349130686, 6.609992506761103 ], [ 81.523010349130686, 6.609974540455421 ], [ 81.523091197506261, 6.609893692079851 ], [ 81.523109163811938, 6.609893692079851 ], [ 81.523190012187513, 6.60981284370428 ], [ 81.523190012187513, 6.609794877398597 ], [ 81.523270860563088, 6.609714029023026 ], [ 81.523288826868765, 6.609714029023026 ], [ 81.523369675244339, 6.60959275645967 ], [ 81.523369675244339, 6.609565807001147 ], [ 81.523450523619914, 6.609444534437791 ], [ 81.523468489925591, 6.609444534437791 ], [ 81.523549338301166, 6.609404110250006 ], [ 81.523549338301166, 6.609395127097164 ], [ 81.523589762488953, 6.609354702909378 ], [ 81.523598745641792, 6.609354702909378 ], [ 81.523639169829579, 6.609314278721593 ], [ 81.523639169829579, 6.609305295568753 ], [ 81.523679594017366, 6.609264871380967 ], [ 81.523688577170205, 6.609264871380967 ], [ 81.523729001357992, 6.609305295568753 ], [ 81.523729001357992, 6.609314278721593 ], [ 81.523769425545765, 6.609354702909378 ], [ 81.523778408698632, 6.609354702909378 ], [ 81.523818832886406, 6.609395127097164 ], [ 81.523818832886406, 6.609404110250006 ], [ 81.523778408698632, 6.609444534437791 ], [ 81.523769425545765, 6.609444534437791 ], [ 81.523729001357992, 6.609646655376718 ], [ 81.523729001357992, 6.609691571140924 ], [ 81.523769425545765, 6.609893692079851 ], [ 81.523778408698632, 6.609893692079851 ], [ 81.523818832886406, 6.609853267892065 ], [ 81.523818832886406, 6.609844284739224 ], [ 81.523859257074179, 6.609803860551438 ], [ 81.523868240227017, 6.609803860551438 ], [ 81.523908664414805, 6.609601739612511 ], [ 81.523908664414805, 6.609556823848305 ], [ 81.523989512790379, 6.609354702909378 ], [ 81.524007479096056, 6.609354702909378 ], [ 81.524088327471631, 6.609314278721593 ], [ 81.524088327471631, 6.609305295568753 ], [ 81.524169175847206, 6.609264871380967 ], [ 81.524187142152883, 6.609264871380967 ], [ 81.524267990528458, 6.609022326254254 ], [ 81.524267990528458, 6.608968427337207 ], [ 81.524187142152883, 6.608725882210495 ], [ 81.524169175847206, 6.608725882210495 ], [ 81.524088327471631, 6.60876630639828 ], [ 81.524088327471631, 6.608775289551121 ], [ 81.524047903283844, 6.608815713738907 ], [ 81.524038920131005, 6.608815713738907 ], [ 81.523998495943218, 6.608856137926693 ], [ 81.523998495943218, 6.608865121079534 ], [ 81.523917647567657, 6.608905545267319 ], [ 81.52389968126198, 6.608905545267319 ], [ 81.523818832886406, 6.608865121079534 ], [ 81.523818832886406, 6.608856137926693 ], [ 81.523778408698632, 6.608815713738907 ], [ 81.523769425545765, 6.608815713738907 ], [ 81.523729001357992, 6.608936986302263 ], [ 81.523729001357992, 6.608963935760786 ], [ 81.523567304606843, 6.609085208324142 ], [ 81.523531371995489, 6.609085208324142 ], [ 81.523369675244339, 6.609166056699713 ], [ 81.523369675244339, 6.609184023005396 ], [ 81.523329251056566, 6.609264871380967 ], [ 81.523320267903699, 6.609264871380967 ], [ 81.523279843715926, 6.609224447193181 ], [ 81.523279843715926, 6.60921546404034 ], [ 81.523239419528139, 6.609175039852555 ], [ 81.5232304363753, 6.609175039852555 ], [ 81.523190012187513, 6.609296312415911 ], [ 81.523190012187513, 6.609323261874435 ], [ 81.523149587999725, 6.609444534437791 ], [ 81.523140604846887, 6.609444534437791 ], [ 81.5231001806591, 6.609525382813361 ], [ 81.5231001806591, 6.609543349119043 ], [ 81.523059756471312, 6.609624197494615 ], [ 81.523050773318474, 6.609624197494615 ], [ 81.523010349130686, 6.609705045870186 ], [ 81.523010349130686, 6.609723012175868 ], [ 81.522969924942899, 6.609803860551438 ], [ 81.52296094179006, 6.609803860551438 ], [ 81.522920517602273, 6.609844284739224 ], [ 81.522920517602273, 6.609853267892065 ], [ 81.5228800934145, 6.609893692079851 ], [ 81.522871110261647, 6.609893692079851 ], [ 81.522830686073874, 6.609934116267636 ], [ 81.522830686073874, 6.609943099420477 ], [ 81.522790261886087, 6.609983523608262 ], [ 81.522781278733248, 6.609983523608262 ], [ 81.522740854545461, 6.609943099420477 ], [ 81.522740854545461, 6.609934116267636 ], [ 81.522700430357673, 6.609893692079851 ], [ 81.522691447204835, 6.609893692079851 ], [ 81.522651023017048, 6.609974540455421 ], [ 81.522651023017048, 6.609992506761103 ], [ 81.52261059882926, 6.610073355136674 ], [ 81.522601615676422, 6.610073355136674 ], [ 81.522561191488634, 6.610154203512245 ], [ 81.522561191488634, 6.610172169817927 ], [ 81.522399494737499, 6.610253018193498 ], [ 81.522363562126117, 6.610253018193498 ], [ 81.522201865374981, 6.610293442381284 ], [ 81.522201865374981, 6.610302425534124 ], [ 81.522242289562769, 6.61034284972191 ], [ 81.522251272715607, 6.61034284972191 ], [ 81.522291696903395, 6.610464122285267 ], [ 81.522291696903395, 6.610491071743789 ], [ 81.52221084852782, 6.610612344307146 ], [ 81.522192882222143, 6.610612344307146 ], [ 81.522112033846568, 6.610531495931575 ], [ 81.522112033846568, 6.610513529625893 ], [ 81.522071609658781, 6.610432681250322 ], [ 81.522062626505942, 6.610432681250322 ], [ 81.522022202318155, 6.610513529625893 ], [ 81.522022202318155, 6.610531495931575 ], [ 81.521941353942594, 6.610612344307146 ], [ 81.521923387636903, 6.610612344307146 ], [ 81.521842539261343, 6.610774041058288 ], [ 81.521842539261343, 6.610809973669652 ], [ 81.521802115073555, 6.610971670420794 ], [ 81.521793131920717, 6.610971670420794 ], [ 81.521752707732929, 6.611012094608579 ], [ 81.521752707732929, 6.61102107776142 ], [ 81.521712283545142, 6.611061501949205 ], [ 81.521703300392304, 6.611061501949205 ], [ 81.521662876204516, 6.611101926136991 ], [ 81.521662876204516, 6.611110909289833 ], [ 81.521582027828941, 6.611151333477618 ], [ 81.521564061523264, 6.611151333477618 ], [ 81.52148321314769, 6.611232181853188 ], [ 81.52148321314769, 6.61125014815887 ], [ 81.521402364772115, 6.611330996534441 ], [ 81.521384398466438, 6.611330996534441 ], [ 81.521303550090863, 6.611411844910013 ], [ 81.521303550090863, 6.611429811215695 ], [ 81.521263125903076, 6.611510659591266 ], [ 81.521254142750237, 6.611510659591266 ], [ 81.52121371856245, 6.61147023540348 ], [ 81.52121371856245, 6.611461252250639 ], [ 81.521173294374663, 6.611420828062854 ], [ 81.521164311221824, 6.611420828062854 ], [ 81.521123887034037, 6.611501676438424 ], [ 81.521123887034037, 6.611519642744106 ], [ 81.521164311221824, 6.611600491119678 ], [ 81.521173294374663, 6.611600491119678 ], [ 81.52121371856245, 6.611640915307463 ], [ 81.52121371856245, 6.611649898460303 ], [ 81.521132870186875, 6.611690322648089 ], [ 81.521114903881198, 6.611690322648089 ], [ 81.521034055505623, 6.61177117102366 ], [ 81.521034055505623, 6.611789137329342 ], [ 81.521074479693411, 6.611869985704914 ], [ 81.521083462846249, 6.611869985704914 ], [ 81.521123887034037, 6.611910409892699 ], [ 81.521123887034037, 6.61191939304554 ], [ 81.521164311221824, 6.611959817233325 ], [ 81.521173294374663, 6.611959817233325 ], [ 81.52121371856245, 6.612000241421111 ], [ 81.52121371856245, 6.612009224573951 ], [ 81.521254142750237, 6.612049648761737 ] ] ] ] } },
{ "type": "Feature", "properties": { "fid": 1409823.0, "DN": 3, "area": 3059 }, "geometry": { "type": "MultiPolygon", "coordinates": [ [ [ [ 81.534459377426799, 6.609175039852555 ], [ 81.534468360579638, 6.609175039852555 ], [ 81.534508784767425, 6.609053767289199 ], [ 81.534508784767425, 6.609026817830675 ], [ 81.534549208955212, 6.608905545267319 ], [ 81.534558192108051, 6.608905545267319 ], [ 81.534598616295838, 6.608824696891748 ], [ 81.534598616295838, 6.608806730586066 ], [ 81.534517767920264, 6.608725882210495 ], [ 81.534499801614587, 6.608725882210495 ], [ 81.534418953239012, 6.608806730586066 ], [ 81.534418953239012, 6.608824696891748 ], [ 81.534378529051224, 6.608905545267319 ], [ 81.534369545898386, 6.608905545267319 ], [ 81.534329121710599, 6.608865121079534 ], [ 81.534329121710599, 6.608856137926693 ], [ 81.534288697522811, 6.608815713738907 ], [ 81.534279714369973, 6.608815713738907 ], [ 81.534239290182185, 6.608775289551121 ], [ 81.534239290182185, 6.60876630639828 ], [ 81.534198865994398, 6.608725882210495 ], [ 81.534189882841559, 6.608725882210495 ], [ 81.534149458653772, 6.60876630639828 ], [ 81.534149458653772, 6.608775289551121 ], [ 81.534068610278197, 6.608815713738907 ], [ 81.53405064397252, 6.608815713738907 ], [ 81.533969795596946, 6.608856137926693 ], [ 81.533969795596946, 6.608865121079534 ], [ 81.533767674658023, 6.608905545267319 ], [ 81.533722758893816, 6.608905545267319 ], [ 81.533520637954894, 6.608945969455105 ], [ 81.533520637954894, 6.608954952607945 ], [ 81.533480213767106, 6.608995376795731 ], [ 81.533471230614268, 6.608995376795731 ], [ 81.53343080642648, 6.609035800983516 ], [ 81.53343080642648, 6.609044784136357 ], [ 81.533754199928765, 6.609085208324142 ], [ 81.533826065151487, 6.609085208324142 ], [ 81.534149458653772, 6.609044784136357 ], [ 81.534149458653772, 6.609035800983516 ], [ 81.534230307029333, 6.608995376795731 ], [ 81.534248273335038, 6.608995376795731 ], [ 81.534329121710599, 6.609035800983516 ], [ 81.534329121710599, 6.609044784136357 ], [ 81.534369545898386, 6.609085208324142 ], [ 81.534378529051224, 6.609085208324142 ], [ 81.534418953239012, 6.609125632511928 ], [ 81.534418953239012, 6.609134615664769 ], [ 81.534459377426799, 6.609175039852555 ] ] ] ] } },
{ "type": "Feature", "properties": { "fid": 1410046.0, "DN": 3, "area": 18257 }, "geometry": { "type": "MultiPolygon", "coordinates": [ [ [ [ 81.488685722124487, 6.610253018193498 ], [ 81.488703688430164, 6.610253018193498 ], [ 81.488784536805738, 6.610172169817927 ], [ 81.488784536805738, 6.610154203512245 ], [ 81.488865385181313, 6.610073355136674 ], [ 81.48888335148699, 6.610073355136674 ], [ 81.488964199862565, 6.610032930948888 ], [ 81.488964199862565, 6.610023947796048 ], [ 81.489004624050352, 6.609983523608262 ], [ 81.489013607203191, 6.609983523608262 ], [ 81.489054031390978, 6.609943099420477 ], [ 81.489054031390978, 6.609934116267636 ], [ 81.489094455578766, 6.609893692079851 ], [ 81.489103438731604, 6.609893692079851 ], [ 81.489143862919391, 6.609853267892065 ], [ 81.489143862919391, 6.609844284739224 ], [ 81.489184287107179, 6.609803860551438 ], [ 81.489193270260017, 6.609803860551438 ], [ 81.48923369444779, 6.609763436363653 ], [ 81.48923369444779, 6.609754453210812 ], [ 81.489314542823365, 6.609714029023026 ], [ 81.489332509129042, 6.609714029023026 ], [ 81.489413357504617, 6.609754453210812 ], [ 81.489413357504617, 6.609763436363653 ], [ 81.48945378169239, 6.609803860551438 ], [ 81.489462764845257, 6.609803860551438 ], [ 81.48950318903303, 6.609601739612511 ], [ 81.48950318903303, 6.609556823848305 ], [ 81.489584037408605, 6.609354702909378 ], [ 81.489602003714282, 6.609354702909378 ], [ 81.489682852089857, 6.609273854533807 ], [ 81.489682852089857, 6.609255888228125 ], [ 81.489804124653205, 6.609175039852555 ], [ 81.489831074111748, 6.609175039852555 ], [ 81.489952346675096, 6.609134615664769 ], [ 81.489952346675096, 6.609125632511928 ], [ 81.489992770862884, 6.609085208324142 ], [ 81.490001754015722, 6.609085208324142 ], [ 81.49004217820351, 6.609044784136357 ], [ 81.49004217820351, 6.609035800983516 ], [ 81.490123026579084, 6.608995376795731 ], [ 81.490140992884761, 6.608995376795731 ], [ 81.490221841260322, 6.60891452842016 ], [ 81.490221841260322, 6.608896562114477 ], [ 81.490262265448109, 6.608815713738907 ], [ 81.490271248600948, 6.608815713738907 ], [ 81.490311672788735, 6.608734865363337 ], [ 81.490311672788735, 6.608716899057654 ], [ 81.490432945352097, 6.608636050682083 ], [ 81.490459894810613, 6.608636050682083 ], [ 81.490581167373975, 6.608716899057654 ], [ 81.490581167373975, 6.608734865363337 ], [ 81.49066201574955, 6.608815713738907 ], [ 81.490679982055227, 6.608815713738907 ], [ 81.490760830430801, 6.60861359279998 ], [ 81.490760830430801, 6.608568677035774 ], [ 81.490679982055227, 6.608366556096847 ], [ 81.49066201574955, 6.608366556096847 ], [ 81.490581167373975, 6.608406980284633 ], [ 81.490581167373975, 6.608415963437474 ], [ 81.490379046435052, 6.608456387625259 ], [ 81.490334130670846, 6.608456387625259 ], [ 81.490132009731923, 6.608496811813045 ], [ 81.490132009731923, 6.608505794965886 ], [ 81.490091585544135, 6.608546219153672 ], [ 81.490082602391297, 6.608546219153672 ], [ 81.49004217820351, 6.608627067529242 ], [ 81.49004217820351, 6.608645033834924 ], [ 81.490082602391297, 6.608725882210495 ], [ 81.490091585544135, 6.608725882210495 ], [ 81.490132009731923, 6.60876630639828 ], [ 81.490132009731923, 6.608775289551121 ], [ 81.490091585544135, 6.608815713738907 ], [ 81.490082602391297, 6.608815713738907 ], [ 81.49004217820351, 6.608856137926693 ], [ 81.49004217820351, 6.608865121079534 ], [ 81.490001754015722, 6.608905545267319 ], [ 81.489992770862884, 6.608905545267319 ], [ 81.489952346675096, 6.608865121079534 ], [ 81.489952346675096, 6.608856137926693 ], [ 81.489911922487323, 6.608815713738907 ], [ 81.489902939334456, 6.608815713738907 ], [ 81.489862515146683, 6.608734865363337 ], [ 81.489862515146683, 6.608716899057654 ], [ 81.489781666771108, 6.608636050682083 ], [ 81.489763700465431, 6.608636050682083 ], [ 81.489682852089857, 6.608676474869869 ], [ 81.489682852089857, 6.608685458022709 ], [ 81.489642427902069, 6.608725882210495 ], [ 81.489633444749231, 6.608725882210495 ], [ 81.489593020561443, 6.608685458022709 ], [ 81.489593020561443, 6.608676474869869 ], [ 81.489552596373656, 6.608636050682083 ], [ 81.489543613220818, 6.608636050682083 ], [ 81.48950318903303, 6.608838171621009 ], [ 81.48950318903303, 6.608883087385216 ], [ 81.489381916469682, 6.609085208324142 ], [ 81.489354967011138, 6.609085208324142 ], [ 81.48923369444779, 6.609044784136357 ], [ 81.48923369444779, 6.609035800983516 ], [ 81.489193270260017, 6.608995376795731 ], [ 81.489184287107179, 6.608995376795731 ], [ 81.489143862919391, 6.60891452842016 ], [ 81.489143862919391, 6.608896562114477 ], [ 81.489103438731604, 6.608815713738907 ], [ 81.489094455578766, 6.608815713738907 ], [ 81.489054031390978, 6.608734865363337 ], [ 81.489054031390978, 6.608716899057654 ], [ 81.489013607203191, 6.608636050682083 ], [ 81.489004624050352, 6.608636050682083 ], [ 81.488964199862565, 6.608676474869869 ], [ 81.488964199862565, 6.608685458022709 ], [ 81.48888335148699, 6.608725882210495 ], [ 81.488865385181313, 6.608725882210495 ], [ 81.488784536805738, 6.60876630639828 ], [ 81.488784536805738, 6.608775289551121 ], [ 81.488744112617951, 6.608815713738907 ], [ 81.488735129465113, 6.608815713738907 ], [ 81.488694705277325, 6.608775289551121 ], [ 81.488694705277325, 6.60876630639828 ], [ 81.488654281089538, 6.608725882210495 ], [ 81.488645297936699, 6.608725882210495 ], [ 81.488604873748912, 6.60876630639828 ], [ 81.488604873748912, 6.608775289551121 ], [ 81.488524025373351, 6.608815713738907 ], [ 81.488506059067646, 6.608815713738907 ], [ 81.488425210692085, 6.608936986302263 ], [ 81.488425210692085, 6.608963935760786 ], [ 81.488546483255448, 6.609085208324142 ], [ 81.488573432713963, 6.609085208324142 ], [ 81.488694705277325, 6.609125632511928 ], [ 81.488694705277325, 6.609134615664769 ], [ 81.4887755536529, 6.609175039852555 ], [ 81.488793519958577, 6.609175039852555 ], [ 81.488874368334152, 6.609094191476984 ], [ 81.488874368334152, 6.609076225171302 ], [ 81.488914792521939, 6.608995376795731 ], [ 81.488923775674778, 6.608995376795731 ], [ 81.488964199862565, 6.609197497734657 ], [ 81.488964199862565, 6.609242413498864 ], [ 81.489085472425913, 6.609444534437791 ], [ 81.489112421884442, 6.609444534437791 ], [ 81.48923369444779, 6.609484958625576 ], [ 81.48923369444779, 6.609493941778418 ], [ 81.489112421884442, 6.609534365966203 ], [ 81.489085472425913, 6.609534365966203 ], [ 81.488964199862565, 6.609574790153989 ], [ 81.488964199862565, 6.609583773306829 ], [ 81.488923775674778, 6.609624197494615 ], [ 81.488914792521939, 6.609624197494615 ], [ 81.488874368334152, 6.6096646216824 ], [ 81.488874368334152, 6.60967360483524 ], [ 81.48875309577079, 6.609714029023026 ], [ 81.488726146312274, 6.609714029023026 ], [ 81.488604873748912, 6.609754453210812 ], [ 81.488604873748912, 6.609763436363653 ], [ 81.488564449561125, 6.609803860551438 ], [ 81.488555466408286, 6.609803860551438 ], [ 81.488515042220499, 6.609723012175868 ], [ 81.488515042220499, 6.609705045870186 ], [ 81.488636314783861, 6.609624197494615 ], [ 81.488663264242376, 6.609624197494615 ], [ 81.488784536805738, 6.609583773306829 ], [ 81.488784536805738, 6.609574790153989 ], [ 81.488744112617951, 6.609534365966203 ], [ 81.488735129465113, 6.609534365966203 ], [ 81.488694705277325, 6.609493941778418 ], [ 81.488694705277325, 6.609484958625576 ], [ 81.488654281089538, 6.609444534437791 ], [ 81.488645297936699, 6.609444534437791 ], [ 81.488604873748912, 6.609484958625576 ], [ 81.488604873748912, 6.609493941778418 ], [ 81.488524025373351, 6.609534365966203 ], [ 81.488506059067646, 6.609534365966203 ], [ 81.488425210692085, 6.609493941778418 ], [ 81.488425210692085, 6.609484958625576 ], [ 81.488384786504298, 6.609444534437791 ], [ 81.48837580335146, 6.609444534437791 ], [ 81.488335379163672, 6.609404110250006 ], [ 81.488335379163672, 6.609395127097164 ], [ 81.488294954975885, 6.609354702909378 ], [ 81.488285971823046, 6.609354702909378 ], [ 81.488245547635259, 6.609475975472734 ], [ 81.488245547635259, 6.609502924931259 ], [ 81.488326396010834, 6.609624197494615 ], [ 81.488344362316511, 6.609624197494615 ], [ 81.488425210692085, 6.609988015184683 ], [ 81.488425210692085, 6.610068863560254 ], [ 81.488506059067646, 6.610432681250322 ], [ 81.488524025373351, 6.610432681250322 ], [ 81.488604873748912, 6.610351832874752 ], [ 81.488604873748912, 6.61033386656907 ], [ 81.488685722124487, 6.610253018193498 ] ], [ [ 81.489323525976204, 6.609255888228125 ], [ 81.489323525976204, 6.609273854533807 ], [ 81.489283101788416, 6.609354702909378 ], [ 81.489274118635578, 6.609354702909378 ], [ 81.48923369444779, 6.609273854533807 ], [ 81.48923369444779, 6.609255888228125 ], [ 81.489274118635578, 6.609175039852555 ], [ 81.489283101788416, 6.609175039852555 ], [ 81.489323525976204, 6.609255888228125 ] ] ] ] } },
{ "type": "Feature", "properties": { "fid": 1410055.0, "DN": 3, "area": 5921 }, "geometry": { "type": "MultiPolygon", "coordinates": [ [ [ [ 81.589885430456974, 6.609624197494615 ], [ 81.589894413609812, 6.609624197494615 ], [ 81.5899348377976, 6.609543349119043 ], [ 81.5899348377976, 6.609525382813361 ], [ 81.590056110360948, 6.609444534437791 ], [ 81.590083059819477, 6.609444534437791 ], [ 81.590204332382825, 6.609484958625576 ], [ 81.590204332382825, 6.609493941778418 ], [ 81.590244756570613, 6.609534365966203 ], [ 81.590253739723451, 6.609534365966203 ], [ 81.590294163911238, 6.609453517590632 ], [ 81.590294163911238, 6.60943555128495 ], [ 81.590375012286813, 6.609354702909378 ], [ 81.59039297859249, 6.609354702909378 ], [ 81.590473826968065, 6.609395127097164 ], [ 81.590473826968065, 6.609404110250006 ], [ 81.59055467534364, 6.609444534437791 ], [ 81.590572641649317, 6.609444534437791 ], [ 81.590653490024891, 6.60936368606222 ], [ 81.590653490024891, 6.609345719756537 ], [ 81.590613065837118, 6.609264871380967 ], [ 81.590604082684251, 6.609264871380967 ], [ 81.590563658496478, 6.609224447193181 ], [ 81.590563658496478, 6.60921546404034 ], [ 81.590523234308691, 6.609175039852555 ], [ 81.590514251155852, 6.609175039852555 ], [ 81.590473826968065, 6.609094191476984 ], [ 81.590473826968065, 6.609076225171302 ], [ 81.590514251155852, 6.608995376795731 ], [ 81.590523234308691, 6.608995376795731 ], [ 81.590563658496478, 6.608954952607945 ], [ 81.590563658496478, 6.608945969455105 ], [ 81.590523234308691, 6.608905545267319 ], [ 81.590514251155852, 6.608905545267319 ], [ 81.590473826968065, 6.608865121079534 ], [ 81.590473826968065, 6.608856137926693 ], [ 81.590433402780278, 6.608815713738907 ], [ 81.590424419627439, 6.608815713738907 ], [ 81.590383995439652, 6.608734865363337 ], [ 81.590383995439652, 6.608716899057654 ], [ 81.590424419627439, 6.608636050682083 ], [ 81.590433402780278, 6.608636050682083 ], [ 81.590473826968065, 6.608514778118726 ], [ 81.590473826968065, 6.608487828660204 ], [ 81.59039297859249, 6.608366556096847 ], [ 81.590375012286813, 6.608366556096847 ], [ 81.590294163911238, 6.608447404472418 ], [ 81.590294163911238, 6.6084653707781 ], [ 81.590253739723451, 6.608546219153672 ], [ 81.590244756570613, 6.608546219153672 ], [ 81.590204332382825, 6.608586643341457 ], [ 81.590204332382825, 6.608595626494298 ], [ 81.590244756570613, 6.608636050682083 ], [ 81.590253739723451, 6.608636050682083 ], [ 81.590294163911238, 6.608676474869869 ], [ 81.590294163911238, 6.608685458022709 ], [ 81.590132467160103, 6.608725882210495 ], [ 81.590096534548735, 6.608725882210495 ], [ 81.5899348377976, 6.608887578961636 ], [ 81.5899348377976, 6.608923511573001 ], [ 81.589853989422025, 6.609085208324142 ], [ 81.589836023116348, 6.609085208324142 ], [ 81.589755174740773, 6.609408601826425 ], [ 81.589755174740773, 6.609480467049155 ], [ 81.589795598928561, 6.609803860551438 ], [ 81.589804582081399, 6.609803860551438 ], [ 81.589845006269186, 6.609723012175868 ], [ 81.589845006269186, 6.609705045870186 ], [ 81.589885430456974, 6.609624197494615 ] ], [ [ 81.5900650935138, 6.608995376795731 ], [ 81.590074076666639, 6.608995376795731 ], [ 81.590114500854426, 6.608954952607945 ], [ 81.590114500854426, 6.608945969455105 ], [ 81.590195349229987, 6.608905545267319 ], [ 81.590213315535678, 6.608905545267319 ], [ 81.590294163911238, 6.609067242018461 ], [ 81.590294163911238, 6.609103174629825 ], [ 81.590172891347891, 6.609264871380967 ], [ 81.590145941889361, 6.609264871380967 ], [ 81.590024669326013, 6.609305295568753 ], [ 81.590024669326013, 6.609314278721593 ], [ 81.589984245138226, 6.609354702909378 ], [ 81.589975261985387, 6.609354702909378 ], [ 81.5899348377976, 6.609233430346022 ], [ 81.5899348377976, 6.609206480887499 ], [ 81.589975261985387, 6.609085208324142 ], [ 81.589984245138226, 6.609085208324142 ], [ 81.590024669326013, 6.609044784136357 ], [ 81.590024669326013, 6.609035800983516 ], [ 81.5900650935138, 6.608995376795731 ] ] ] ] } },
{ "type": "Feature", "properties": { "fid": 1410063.0, "DN": 3, "area": 6316 }, "geometry": { "type": "MultiPolygon", "coordinates": [ [ [ [ 81.530277719779221, 6.609085208324142 ], [ 81.530295686084898, 6.609085208324142 ], [ 81.530376534460473, 6.609004359948572 ], [ 81.530376534460473, 6.60898639364289 ], [ 81.530457382836033, 6.608905545267319 ], [ 81.530475349141739, 6.608905545267319 ], [ 81.530556197517299, 6.608824696891748 ], [ 81.530556197517299, 6.608806730586066 ], [ 81.530596621705087, 6.608725882210495 ], [ 81.530605604857925, 6.608725882210495 ], [ 81.530646029045712, 6.608685458022709 ], [ 81.530646029045712, 6.608676474869869 ], [ 81.530565180670138, 6.608636050682083 ], [ 81.530547214364461, 6.608636050682083 ], [ 81.530466365988886, 6.608595626494298 ], [ 81.530466365988886, 6.608586643341457 ], [ 81.530183396674389, 6.608546219153672 ], [ 81.530120514604491, 6.608546219153672 ], [ 81.529837545289993, 6.608505794965886 ], [ 81.529837545289993, 6.608496811813045 ], [ 81.529797121102206, 6.608456387625259 ], [ 81.529788137949367, 6.608456387625259 ], [ 81.529747713761594, 6.608415963437474 ], [ 81.529747713761594, 6.608406980284633 ], [ 81.52950516863487, 6.608366556096847 ], [ 81.529451269717839, 6.608366556096847 ], [ 81.529208724591115, 6.608406980284633 ], [ 81.529208724591115, 6.608415963437474 ], [ 81.529168300403327, 6.608456387625259 ], [ 81.529159317250489, 6.608456387625259 ], [ 81.529118893062702, 6.608415963437474 ], [ 81.529118893062702, 6.608406980284633 ], [ 81.528876347935991, 6.608366556096847 ], [ 81.528822449018946, 6.608366556096847 ], [ 81.528579903892236, 6.608447404472418 ], [ 81.528579903892236, 6.6084653707781 ], [ 81.528741600643372, 6.608546219153672 ], [ 81.528777533254726, 6.608546219153672 ], [ 81.528939230005875, 6.608586643341457 ], [ 81.528939230005875, 6.608595626494298 ], [ 81.528979654193648, 6.608636050682083 ], [ 81.528988637346515, 6.608636050682083 ], [ 81.529029061534288, 6.608676474869869 ], [ 81.529029061534288, 6.608685458022709 ], [ 81.529069485722076, 6.608725882210495 ], [ 81.529078468874914, 6.608725882210495 ], [ 81.529118893062702, 6.608685458022709 ], [ 81.529118893062702, 6.608676474869869 ], [ 81.529159317250489, 6.608636050682083 ], [ 81.529168300403327, 6.608636050682083 ], [ 81.529208724591115, 6.608676474869869 ], [ 81.529208724591115, 6.608685458022709 ], [ 81.52928957296669, 6.608725882210495 ], [ 81.529307539272367, 6.608725882210495 ], [ 81.529388387647941, 6.608685458022709 ], [ 81.529388387647941, 6.608676474869869 ], [ 81.529428811835714, 6.608636050682083 ], [ 81.529437794988581, 6.608636050682083 ], [ 81.529478219176355, 6.608595626494298 ], [ 81.529478219176355, 6.608586643341457 ], [ 81.529559067551929, 6.608546219153672 ], [ 81.529577033857606, 6.608546219153672 ], [ 81.529657882233181, 6.608586643341457 ], [ 81.529657882233181, 6.608595626494298 ], [ 81.529738730608756, 6.608636050682083 ], [ 81.529756696914433, 6.608636050682083 ], [ 81.529837545289993, 6.608676474869869 ], [ 81.529837545289993, 6.608685458022709 ], [ 81.529877969477781, 6.608725882210495 ], [ 81.529886952630619, 6.608725882210495 ], [ 81.529927376818407, 6.608685458022709 ], [ 81.529927376818407, 6.608676474869869 ], [ 81.529967801006194, 6.608636050682083 ], [ 81.529976784159032, 6.608636050682083 ], [ 81.53001720834682, 6.608676474869869 ], [ 81.53001720834682, 6.608685458022709 ], [ 81.530098056722395, 6.608725882210495 ], [ 81.530116023028071, 6.608725882210495 ], [ 81.530196871403646, 6.608887578961636 ], [ 81.530196871403646, 6.608923511573001 ], [ 81.530277719779221, 6.609085208324142 ] ] ] ] } },
{ "type": "Feature", "properties": { "fid": 1410269.0, "DN": 3, "area": 5625 }, "geometry": { "type": "MultiPolygon", "coordinates": [ [ [ [ 81.524667740829898, 6.608905545267319 ], [ 81.524676723982736, 6.608905545267319 ], [ 81.524717148170524, 6.608865121079534 ], [ 81.524717148170524, 6.608856137926693 ], [ 81.524757572358311, 6.608815713738907 ], [ 81.52476655551115, 6.608815713738907 ], [ 81.524806979698937, 6.608775289551121 ], [ 81.524806979698937, 6.60876630639828 ], [ 81.52476655551115, 6.608725882210495 ], [ 81.524757572358311, 6.608725882210495 ], [ 81.524717148170524, 6.608645033834924 ], [ 81.524717148170524, 6.608627067529242 ], [ 81.524757572358311, 6.608546219153672 ], [ 81.52476655551115, 6.608546219153672 ], [ 81.524806979698937, 6.6084653707781 ], [ 81.524806979698937, 6.608447404472418 ], [ 81.524928252262299, 6.608366556096847 ], [ 81.524955201720815, 6.608366556096847 ], [ 81.525076474284162, 6.608285707721276 ], [ 81.525076474284162, 6.608267741415593 ], [ 81.525278595223085, 6.608186893040023 ], [ 81.525323510987306, 6.608186893040023 ], [ 81.525525631926229, 6.608267741415593 ], [ 81.525525631926229, 6.608285707721276 ], [ 81.525566056114016, 6.608366556096847 ], [ 81.525575039266855, 6.608366556096847 ], [ 81.525615463454642, 6.608406980284633 ], [ 81.525615463454642, 6.608415963437474 ], [ 81.525655887642415, 6.608456387625259 ], [ 81.525664870795282, 6.608456387625259 ], [ 81.525705294983055, 6.608496811813045 ], [ 81.525705294983055, 6.608505794965886 ], [ 81.52578614335863, 6.608546219153672 ], [ 81.525804109664307, 6.608546219153672 ], [ 81.525884958039867, 6.608384522402529 ], [ 81.525884958039867, 6.608348589791165 ], [ 81.52584453385208, 6.608186893040023 ], [ 81.525835550699242, 6.608186893040023 ], [ 81.525795126511468, 6.608106044664453 ], [ 81.525795126511468, 6.608088078358771 ], [ 81.525512157196971, 6.608007229983199 ], [ 81.525449275127073, 6.608007229983199 ], [ 81.525166305812576, 6.608047654170985 ], [ 81.525166305812576, 6.608056637323825 ], [ 81.525085457437001, 6.608097061511611 ], [ 81.525067491131324, 6.608097061511611 ], [ 81.524986642755749, 6.608137485699396 ], [ 81.524986642755749, 6.608146468852238 ], [ 81.524905794380174, 6.608186893040023 ], [ 81.524887828074498, 6.608186893040023 ], [ 81.524806979698937, 6.608227317227809 ], [ 81.524806979698937, 6.60823630038065 ], [ 81.52476655551115, 6.608276724568436 ], [ 81.524757572358311, 6.608276724568436 ], [ 81.524717148170524, 6.608317148756221 ], [ 81.524717148170524, 6.608326131909061 ], [ 81.524595875607162, 6.608366556096847 ], [ 81.524568926148646, 6.608366556096847 ], [ 81.524447653585284, 6.608447404472418 ], [ 81.524447653585284, 6.6084653707781 ], [ 81.524366805209723, 6.608546219153672 ], [ 81.524348838904018, 6.608546219153672 ], [ 81.524267990528458, 6.608627067529242 ], [ 81.524267990528458, 6.608645033834924 ], [ 81.524429687279593, 6.608725882210495 ], [ 81.524465619890975, 6.608725882210495 ], [ 81.52462731664211, 6.608806730586066 ], [ 81.52462731664211, 6.608824696891748 ], [ 81.524667740829898, 6.608905545267319 ] ] ] ] } },
{ "type": "Feature", "properties": { "fid": 1410364.0, "DN": 3, "area": 11349 }, "geometry": { "type": "MultiPolygon", "coordinates": [ [ [ [ 81.502928510954206, 6.609354702909378 ], [ 81.502937494107044, 6.609354702909378 ], [ 81.502977918294832, 6.609314278721593 ], [ 81.502977918294832, 6.609305295568753 ], [ 81.503018342482619, 6.609264871380967 ], [ 81.503027325635458, 6.609264871380967 ], [ 81.503067749823245, 6.609224447193181 ], [ 81.503067749823245, 6.60921546404034 ], [ 81.50298690144767, 6.609175039852555 ], [ 81.502968935141993, 6.609175039852555 ], [ 81.502888086766418, 6.609134615664769 ], [ 81.502888086766418, 6.609125632511928 ], [ 81.502847662578631, 6.609085208324142 ], [ 81.502838679425793, 6.609085208324142 ], [ 81.502798255238005, 6.609044784136357 ], [ 81.502798255238005, 6.609035800983516 ], [ 81.502676982674643, 6.608995376795731 ], [ 81.502650033216128, 6.608995376795731 ], [ 81.502528760652766, 6.60891452842016 ], [ 81.502528760652766, 6.608896562114477 ], [ 81.502407488089403, 6.608815713738907 ], [ 81.502380538630888, 6.608815713738907 ], [ 81.502259266067526, 6.608734865363337 ], [ 81.502259266067526, 6.608716899057654 ], [ 81.502218841879738, 6.608636050682083 ], [ 81.5022098587269, 6.608636050682083 ], [ 81.502169434539113, 6.608595626494298 ], [ 81.502169434539113, 6.608586643341457 ], [ 81.502129010351325, 6.608546219153672 ], [ 81.502120027198487, 6.608546219153672 ], [ 81.502079603010714, 6.608505794965886 ], [ 81.502079603010714, 6.608496811813045 ], [ 81.501958330447351, 6.608456387625259 ], [ 81.501931380988836, 6.608456387625259 ], [ 81.501810108425474, 6.608375539249689 ], [ 81.501810108425474, 6.608357572944007 ], [ 81.501769684237686, 6.608276724568436 ], [ 81.501760701084848, 6.608276724568436 ], [ 81.501720276897061, 6.60823630038065 ], [ 81.501720276897061, 6.608227317227809 ], [ 81.501679852709287, 6.608186893040023 ], [ 81.50167086955642, 6.608186893040023 ], [ 81.501630445368647, 6.608227317227809 ], [ 81.501630445368647, 6.60823630038065 ], [ 81.501549596993073, 6.608276724568436 ], [ 81.501531630687396, 6.608276724568436 ], [ 81.501450782311821, 6.608195876192864 ], [ 81.501450782311821, 6.608177909887182 ], [ 81.501369933936246, 6.608097061511611 ], [ 81.501351967630569, 6.608097061511611 ], [ 81.501271119254994, 6.608056637323825 ], [ 81.501271119254994, 6.608047654170985 ], [ 81.501230695067221, 6.608007229983199 ], [ 81.501221711914354, 6.608007229983199 ], [ 81.501181287726581, 6.607966805795414 ], [ 81.501181287726581, 6.607957822642573 ], [ 81.501100439351006, 6.607917398454788 ], [ 81.501082473045329, 6.607917398454788 ], [ 81.501001624669769, 6.607957822642573 ], [ 81.501001624669769, 6.607966805795414 ], [ 81.501042048857556, 6.608007229983199 ], [ 81.501051032010395, 6.608007229983199 ], [ 81.501091456198168, 6.608047654170985 ], [ 81.501091456198168, 6.608056637323825 ], [ 81.500768062695883, 6.608097061511611 ], [ 81.500696197473161, 6.608097061511611 ], [ 81.500372803970876, 6.608258758262753 ], [ 81.500372803970876, 6.608294690874118 ], [ 81.500453652346451, 6.608456387625259 ], [ 81.500471618652128, 6.608456387625259 ], [ 81.500552467027703, 6.608375539249689 ], [ 81.500552467027703, 6.608357572944007 ], [ 81.500714163778838, 6.608276724568436 ], [ 81.50075009639022, 6.608276724568436 ], [ 81.500911793141356, 6.608357572944007 ], [ 81.500911793141356, 6.608375539249689 ], [ 81.501113914080278, 6.608456387625259 ], [ 81.501158829844485, 6.608456387625259 ], [ 81.501360950783408, 6.608496811813045 ], [ 81.501360950783408, 6.608505794965886 ], [ 81.501401374971195, 6.608546219153672 ], [ 81.501410358124033, 6.608546219153672 ], [ 81.501450782311821, 6.608586643341457 ], [ 81.501450782311821, 6.608595626494298 ], [ 81.50161247906297, 6.608636050682083 ], [ 81.501648411674324, 6.608636050682083 ], [ 81.501810108425474, 6.608716899057654 ], [ 81.501810108425474, 6.608734865363337 ], [ 81.501890956801049, 6.608815713738907 ], [ 81.501908923106726, 6.608815713738907 ], [ 81.5019897714823, 6.608856137926693 ], [ 81.5019897714823, 6.608865121079534 ], [ 81.502070619857875, 6.608905545267319 ], [ 81.502088586163552, 6.608905545267319 ], [ 81.502169434539113, 6.608945969455105 ], [ 81.502169434539113, 6.608954952607945 ], [ 81.5022098587269, 6.608995376795731 ], [ 81.502218841879738, 6.608995376795731 ], [ 81.502259266067526, 6.609035800983516 ], [ 81.502259266067526, 6.609044784136357 ], [ 81.502299690255313, 6.609085208324142 ], [ 81.502308673408152, 6.609085208324142 ], [ 81.502349097595939, 6.609125632511928 ], [ 81.502349097595939, 6.609134615664769 ], [ 81.502429945971514, 6.609175039852555 ], [ 81.502447912277191, 6.609175039852555 ], [ 81.502528760652766, 6.609255888228125 ], [ 81.502528760652766, 6.609273854533807 ], [ 81.502609609028326, 6.609354702909378 ], [ 81.502627575334031, 6.609354702909378 ], [ 81.502708423709592, 6.60943555128495 ], [ 81.502708423709592, 6.609453517590632 ], [ 81.502789272085167, 6.609534365966203 ], [ 81.502807238390844, 6.609534365966203 ], [ 81.502888086766418, 6.609453517590632 ], [ 81.502888086766418, 6.60943555128495 ], [ 81.502928510954206, 6.609354702909378 ] ], [ [ 81.502438929124352, 6.608945969455105 ], [ 81.502438929124352, 6.608954952607945 ], [ 81.502398504936565, 6.608995376795731 ], [ 81.502389521783726, 6.608995376795731 ], [ 81.502349097595939, 6.608954952607945 ], [ 81.502349097595939, 6.608945969455105 ], [ 81.502389521783726, 6.608905545267319 ], [ 81.502398504936565, 6.608905545267319 ], [ 81.502438929124352, 6.608945969455105 ] ] ] ] } },
{ "type": "Feature", "properties": { "fid": 1410460.0, "DN": 3, "area": 180105 }, "geometry": { "type": "MultiPolygon", "coordinates": [ [ [ [ 81.556378270359318, 6.612858132517445 ], [ 81.556387253512156, 6.612858132517445 ], [ 81.556427677699944, 6.612938980893015 ], [ 81.556427677699944, 6.612956947198698 ], [ 81.556508526075504, 6.613037795574268 ], [ 81.556526492381181, 6.613037795574268 ], [ 81.556607340756756, 6.612997371386482 ], [ 81.556607340756756, 6.612988388233642 ], [ 81.556566916568968, 6.612947964045857 ], [ 81.55655793341613, 6.612947964045857 ], [ 81.556517509228343, 6.612907539858071 ], [ 81.556517509228343, 6.612898556705231 ], [ 81.556719630167265, 6.612858132517445 ], [ 81.556764545931486, 6.612858132517445 ], [ 81.556966666870409, 6.612736859954089 ], [ 81.556966666870409, 6.612709910495565 ], [ 81.556885818494834, 6.612588637932209 ], [ 81.556867852189157, 6.612588637932209 ], [ 81.556787003813582, 6.612548213744423 ], [ 81.556787003813582, 6.612539230591583 ], [ 81.556948700564732, 6.612498806403798 ], [ 81.556984633176086, 6.612498806403798 ], [ 81.557146329927235, 6.612458382216012 ], [ 81.557146329927235, 6.612449399063171 ], [ 81.55722717830281, 6.612408974875385 ], [ 81.557245144608487, 6.612408974875385 ], [ 81.557325992984062, 6.612449399063171 ], [ 81.557325992984062, 6.612458382216012 ], [ 81.557487689735211, 6.612498806403798 ], [ 81.557523622346565, 6.612498806403798 ], [ 81.5576853190977, 6.612417958028226 ], [ 81.5576853190977, 6.612399991722544 ], [ 81.557725743285488, 6.612319143346973 ], [ 81.557734726438326, 6.612319143346973 ], [ 81.557775150626114, 6.612399991722544 ], [ 81.557775150626114, 6.612417958028226 ], [ 81.557815574813901, 6.612498806403798 ], [ 81.55782455796674, 6.612498806403798 ], [ 81.557864982154527, 6.612579654779368 ], [ 81.557864982154527, 6.61259762108505 ], [ 81.557986254717889, 6.61267846946062 ], [ 81.558013204176405, 6.61267846946062 ], [ 81.558134476739767, 6.612638045272835 ], [ 81.558134476739767, 6.612629062119995 ], [ 81.558094052551979, 6.612588637932209 ], [ 81.558085069399141, 6.612588637932209 ], [ 81.558044645211353, 6.612548213744423 ], [ 81.558044645211353, 6.612539230591583 ], [ 81.558206341962489, 6.612498806403798 ], [ 81.558242274573871, 6.612498806403798 ], [ 81.558403971325006, 6.612417958028226 ], [ 81.558403971325006, 6.612399991722544 ], [ 81.558242274573871, 6.612319143346973 ], [ 81.558206341962489, 6.612319143346973 ], [ 81.558044645211353, 6.612238294971402 ], [ 81.558044645211353, 6.612220328665719 ], [ 81.558368038713638, 6.612139480290149 ], [ 81.558439903936375, 6.612139480290149 ], [ 81.558763297438645, 6.612220328665719 ], [ 81.558763297438645, 6.612238294971402 ], [ 81.558803721626433, 6.612319143346973 ], [ 81.558812704779271, 6.612319143346973 ], [ 81.558853128967058, 6.612278719159187 ], [ 81.558853128967058, 6.612269736006347 ], [ 81.558893553154846, 6.612229311818561 ], [ 81.558902536307684, 6.612229311818561 ], [ 81.558942960495472, 6.612188887630776 ], [ 81.558942960495472, 6.612179904477935 ], [ 81.558983384683259, 6.612139480290149 ], [ 81.558992367836098, 6.612139480290149 ], [ 81.559032792023885, 6.612179904477935 ], [ 81.559032792023885, 6.612188887630776 ], [ 81.559073216211658, 6.612229311818561 ], [ 81.559082199364525, 6.612229311818561 ], [ 81.559122623552298, 6.612269736006347 ], [ 81.559122623552298, 6.612278719159187 ], [ 81.55924389611566, 6.612319143346973 ], [ 81.559270845574176, 6.612319143346973 ], [ 81.559392118137538, 6.612278719159187 ], [ 81.559392118137538, 6.612269736006347 ], [ 81.559432542325325, 6.612229311818561 ], [ 81.559441525478164, 6.612229311818561 ], [ 81.559481949665951, 6.612188887630776 ], [ 81.559481949665951, 6.612179904477935 ], [ 81.559643646417086, 6.612139480290149 ], [ 81.559679579028455, 6.612139480290149 ], [ 81.55984127577959, 6.612179904477935 ], [ 81.55984127577959, 6.612188887630776 ], [ 81.559881699967377, 6.612229311818561 ], [ 81.559890683120216, 6.612229311818561 ], [ 81.559931107308003, 6.612269736006347 ], [ 81.559931107308003, 6.612278719159187 ], [ 81.560214076622486, 6.612319143346973 ], [ 81.560276958692384, 6.612319143346973 ], [ 81.560559928006882, 6.612278719159187 ], [ 81.560559928006882, 6.612269736006347 ], [ 81.560681200570244, 6.612229311818561 ], [ 81.560708150028759, 6.612229311818561 ], [ 81.560829422592121, 6.612188887630776 ], [ 81.560829422592121, 6.612179904477935 ], [ 81.561071967718846, 6.612139480290149 ], [ 81.561125866635876, 6.612139480290149 ], [ 81.561368411762601, 6.612220328665719 ], [ 81.561368411762601, 6.612238294971402 ], [ 81.561530108513736, 6.612319143346973 ], [ 81.561566041125104, 6.612319143346973 ], [ 81.56172773787624, 6.612359567534758 ], [ 81.56172773787624, 6.6123685506876 ], [ 81.561768162064027, 6.612408974875385 ], [ 81.561777145216865, 6.612408974875385 ], [ 81.561817569404653, 6.6123685506876 ], [ 81.561817569404653, 6.612359567534758 ], [ 81.56201969034359, 6.612319143346973 ], [ 81.562064606107782, 6.612319143346973 ], [ 81.562266727046719, 6.612238294971402 ], [ 81.562266727046719, 6.612220328665719 ], [ 81.562387999610067, 6.612139480290149 ], [ 81.562414949068597, 6.612139480290149 ], [ 81.562536221631944, 6.612179904477935 ], [ 81.562536221631944, 6.612188887630776 ], [ 81.562617070007519, 6.612229311818561 ], [ 81.562635036313196, 6.612229311818561 ], [ 81.562715884688771, 6.612188887630776 ], [ 81.562715884688771, 6.612179904477935 ], [ 81.562958429815495, 6.612139480290149 ], [ 81.563012328732526, 6.612139480290149 ], [ 81.56325487385925, 6.612099056102363 ], [ 81.56325487385925, 6.612090072949522 ], [ 81.563295298047024, 6.612049648761737 ], [ 81.563304281199891, 6.612049648761737 ], [ 81.563344705387664, 6.612009224573951 ], [ 81.563344705387664, 6.612000241421111 ], [ 81.563627674702161, 6.611959817233325 ], [ 81.563690556772045, 6.611959817233325 ], [ 81.563973526086542, 6.61191939304554 ], [ 81.563973526086542, 6.611910409892699 ], [ 81.56401395027433, 6.611869985704914 ], [ 81.564022933427168, 6.611869985704914 ], [ 81.564063357614955, 6.611829561517128 ], [ 81.564063357614955, 6.611820578364287 ], [ 81.564346326929453, 6.611780154176501 ], [ 81.564409208999336, 6.611780154176501 ], [ 81.564692178313834, 6.611739729988716 ], [ 81.564692178313834, 6.611730746835875 ], [ 81.564732602501607, 6.611690322648089 ], [ 81.564741585654474, 6.611690322648089 ], [ 81.564782009842247, 6.611649898460303 ], [ 81.564782009842247, 6.611640915307463 ], [ 81.564943706593397, 6.611600491119678 ], [ 81.564979639204751, 6.611600491119678 ], [ 81.5651413359559, 6.611560066931892 ], [ 81.5651413359559, 6.611551083779052 ], [ 81.565181760143673, 6.611510659591266 ], [ 81.56519074329654, 6.611510659591266 ], [ 81.565231167484313, 6.61147023540348 ], [ 81.565231167484313, 6.611461252250639 ], [ 81.565312015859888, 6.611420828062854 ], [ 81.565329982165565, 6.611420828062854 ], [ 81.56541083054114, 6.611339979687283 ], [ 81.56541083054114, 6.611322013381601 ], [ 81.565491678916715, 6.61124116500603 ], [ 81.565509645222392, 6.61124116500603 ], [ 81.565590493597952, 6.611160316630459 ], [ 81.565590493597952, 6.611142350324776 ], [ 81.565630917785739, 6.611061501949205 ], [ 81.565639900938578, 6.611061501949205 ], [ 81.565680325126365, 6.611142350324776 ], [ 81.565680325126365, 6.611160316630459 ], [ 81.565801597689727, 6.61124116500603 ], [ 81.565828547148243, 6.61124116500603 ], [ 81.565949819711605, 6.611200740818244 ], [ 81.565949819711605, 6.611191757665403 ], [ 81.565990243899392, 6.611151333477618 ], [ 81.565999227052231, 6.611151333477618 ], [ 81.566039651240018, 6.611110909289833 ], [ 81.566039651240018, 6.611101926136991 ], [ 81.56616092380338, 6.611061501949205 ], [ 81.566187873261896, 6.611061501949205 ], [ 81.566309145825258, 6.611142350324776 ], [ 81.566309145825258, 6.611160316630459 ], [ 81.566349570013045, 6.61124116500603 ], [ 81.566358553165884, 6.61124116500603 ], [ 81.566398977353657, 6.611160316630459 ], [ 81.566398977353657, 6.611142350324776 ], [ 81.566439401541444, 6.611061501949205 ], [ 81.566448384694283, 6.611061501949205 ], [ 81.56648880888207, 6.611142350324776 ], [ 81.56648880888207, 6.611160316630459 ], [ 81.566529233069858, 6.61124116500603 ], [ 81.566538216222696, 6.61124116500603 ], [ 81.566578640410484, 6.610998619879318 ], [ 81.566578640410484, 6.610944720962269 ], [ 81.566780761349406, 6.610702175835558 ], [ 81.566825677113627, 6.610702175835558 ], [ 81.56702779805255, 6.610661751647772 ], [ 81.56702779805255, 6.610652768494932 ], [ 81.567068222240323, 6.610612344307146 ], [ 81.56707720539319, 6.610612344307146 ], [ 81.567117629580963, 6.61057192011936 ], [ 81.567117629580963, 6.61056293696652 ], [ 81.567238902144325, 6.610522512778735 ], [ 81.567265851602841, 6.610522512778735 ], [ 81.567387124166203, 6.610482088590949 ], [ 81.567387124166203, 6.610473105438108 ], [ 81.567427548353976, 6.610432681250322 ], [ 81.567436531506814, 6.610432681250322 ], [ 81.567476955694602, 6.610392257062537 ], [ 81.567476955694602, 6.610383273909695 ], [ 81.567315258943466, 6.61034284972191 ], [ 81.567279326332113, 6.61034284972191 ], [ 81.567117629580963, 6.610383273909695 ], [ 81.567117629580963, 6.610392257062537 ], [ 81.567036781205388, 6.610432681250322 ], [ 81.567018814899711, 6.610432681250322 ], [ 81.566937966524137, 6.610473105438108 ], [ 81.566937966524137, 6.610482088590949 ], [ 81.566695421397412, 6.610522512778735 ], [ 81.566641522480381, 6.610522512778735 ], [ 81.566398977353657, 6.610482088590949 ], [ 81.566398977353657, 6.610473105438108 ], [ 81.566318128978082, 6.610432681250322 ], [ 81.566300162672405, 6.610432681250322 ], [ 81.566219314296845, 6.610392257062537 ], [ 81.566219314296845, 6.610383273909695 ], [ 81.566178890109057, 6.61034284972191 ], [ 81.566169906956219, 6.61034284972191 ], [ 81.566129482768432, 6.610383273909695 ], [ 81.566129482768432, 6.610392257062537 ], [ 81.566089058580644, 6.610432681250322 ], [ 81.566080075427806, 6.610432681250322 ], [ 81.566039651240018, 6.610473105438108 ], [ 81.566039651240018, 6.610482088590949 ], [ 81.566120499615579, 6.610522512778735 ], [ 81.566138465921284, 6.610522512778735 ], [ 81.566219314296845, 6.610603361154305 ], [ 81.566219314296845, 6.610621327459987 ], [ 81.566138465921284, 6.610702175835558 ], [ 81.566120499615579, 6.610702175835558 ], [ 81.566039651240018, 6.610742600023343 ], [ 81.566039651240018, 6.610751583176184 ], [ 81.565958802864444, 6.61079200736397 ], [ 81.565940836558767, 6.61079200736397 ], [ 81.565859988183192, 6.610832431551755 ], [ 81.565859988183192, 6.610841414704597 ], [ 81.56573871561983, 6.610881838892382 ], [ 81.565711766161314, 6.610881838892382 ], [ 81.565590493597952, 6.610841414704597 ], [ 81.565590493597952, 6.610832431551755 ], [ 81.565550069410165, 6.61079200736397 ], [ 81.565541086257326, 6.61079200736397 ], [ 81.565500662069539, 6.61087285573954 ], [ 81.565500662069539, 6.610890822045222 ], [ 81.565460237881751, 6.610971670420794 ], [ 81.565451254728913, 6.610971670420794 ], [ 81.56541083054114, 6.610931246233008 ], [ 81.56541083054114, 6.610922263080168 ], [ 81.565329982165565, 6.610881838892382 ], [ 81.565312015859888, 6.610881838892382 ], [ 81.565231167484313, 6.610962687267953 ], [ 81.565231167484313, 6.610980653573635 ], [ 81.56519074329654, 6.611061501949205 ], [ 81.565181760143673, 6.611061501949205 ], [ 81.5651413359559, 6.611101926136991 ], [ 81.5651413359559, 6.611110909289833 ], [ 81.565020063392538, 6.611151333477618 ], [ 81.564993113934023, 6.611151333477618 ], [ 81.56487184137066, 6.611191757665403 ], [ 81.56487184137066, 6.611200740818244 ], [ 81.564831417182873, 6.61124116500603 ], [ 81.564822434030035, 6.61124116500603 ], [ 81.564782009842247, 6.611322013381601 ], [ 81.564782009842247, 6.611339979687283 ], [ 81.564741585654474, 6.611420828062854 ], [ 81.564732602501607, 6.611420828062854 ], [ 81.564692178313834, 6.611380403875068 ], [ 81.564692178313834, 6.611371420722227 ], [ 81.564651754126047, 6.611330996534441 ], [ 81.564642770973208, 6.611330996534441 ], [ 81.564602346785421, 6.611290572346656 ], [ 81.564602346785421, 6.611281589193815 ], [ 81.564561922597633, 6.61124116500603 ], [ 81.564552939444795, 6.61124116500603 ], [ 81.564512515257007, 6.611160316630459 ], [ 81.564512515257007, 6.611142350324776 ], [ 81.564431666881433, 6.611061501949205 ], [ 81.564413700575756, 6.611061501949205 ], [ 81.564332852200195, 6.611101926136991 ], [ 81.564332852200195, 6.611110909289833 ], [ 81.564292428012408, 6.611151333477618 ], [ 81.564283444859569, 6.611151333477618 ], [ 81.564243020671782, 6.611272606040973 ], [ 81.564243020671782, 6.611299555499498 ], [ 81.564202596483995, 6.611420828062854 ], [ 81.564193613331156, 6.611420828062854 ], [ 81.564153189143369, 6.611380403875068 ], [ 81.564153189143369, 6.611371420722227 ], [ 81.563991492392233, 6.611330996534441 ], [ 81.563955559780851, 6.611330996534441 ], [ 81.563793863029716, 6.611371420722227 ], [ 81.563793863029716, 6.611380403875068 ], [ 81.563915135593078, 6.611420828062854 ], [ 81.563942085051593, 6.611420828062854 ], [ 81.564063357614955, 6.611501676438424 ], [ 81.564063357614955, 6.611519642744106 ], [ 81.564022933427168, 6.611600491119678 ], [ 81.56401395027433, 6.611600491119678 ], [ 81.563973526086542, 6.611640915307463 ], [ 81.563973526086542, 6.611649898460303 ], [ 81.563933101898755, 6.611690322648089 ], [ 81.563924118745916, 6.611690322648089 ], [ 81.563883694558129, 6.611730746835875 ], [ 81.563883694558129, 6.611739729988716 ], [ 81.563641149431419, 6.611780154176501 ], [ 81.563587250514374, 6.611780154176501 ], [ 81.563344705387664, 6.611699305800931 ], [ 81.563344705387664, 6.611681339495249 ], [ 81.563183008636514, 6.611600491119678 ], [ 81.56314707602516, 6.611600491119678 ], [ 81.562985379274011, 6.611640915307463 ], [ 81.562985379274011, 6.611649898460303 ], [ 81.562944955086223, 6.611690322648089 ], [ 81.562935971933385, 6.611690322648089 ], [ 81.562895547745597, 6.611649898460303 ], [ 81.562895547745597, 6.611640915307463 ], [ 81.562855123557824, 6.611600491119678 ], [ 81.562846140404957, 6.611600491119678 ], [ 81.562805716217184, 6.611640915307463 ], [ 81.562805716217184, 6.611649898460303 ], [ 81.562724867841609, 6.611690322648089 ], [ 81.562706901535933, 6.611690322648089 ], [ 81.562626053160358, 6.611649898460303 ], [ 81.562626053160358, 6.611640915307463 ], [ 81.562545204784783, 6.611600491119678 ], [ 81.562527238479106, 6.611600491119678 ], [ 81.562446390103531, 6.611640915307463 ], [ 81.562446390103531, 6.611649898460303 ], [ 81.562405965915758, 6.611690322648089 ], [ 81.562396982762905, 6.611690322648089 ], [ 81.562356558575132, 6.611730746835875 ], [ 81.562356558575132, 6.611739729988716 ], [ 81.562316134387345, 6.611780154176501 ], [ 81.562307151234506, 6.611780154176501 ], [ 81.562266727046719, 6.611861002552072 ], [ 81.562266727046719, 6.611878968857754 ], [ 81.562185878671144, 6.611959817233325 ], [ 81.562167912365467, 6.611959817233325 ], [ 81.562087063989892, 6.612040665608896 ], [ 81.562087063989892, 6.612058631914579 ], [ 81.562006215614332, 6.612139480290149 ], [ 81.561988249308627, 6.612139480290149 ], [ 81.561907400933066, 6.612099056102363 ], [ 81.561907400933066, 6.612090072949522 ], [ 81.561826552557491, 6.612049648761737 ], [ 81.561808586251814, 6.612049648761737 ], [ 81.56172773787624, 6.612009224573951 ], [ 81.56172773787624, 6.612000241421111 ], [ 81.561404344373955, 6.611959817233325 ], [ 81.561332479151233, 6.611959817233325 ], [ 81.561009085648948, 6.61191939304554 ], [ 81.561009085648948, 6.611910409892699 ], [ 81.560968661461175, 6.611869985704914 ], [ 81.560959678308308, 6.611869985704914 ], [ 81.560919254120535, 6.611829561517128 ], [ 81.560919254120535, 6.611820578364287 ], [ 81.560878829932747, 6.611780154176501 ], [ 81.560869846779909, 6.611780154176501 ], [ 81.560829422592121, 6.611699305800931 ], [ 81.560829422592121, 6.611681339495249 ], [ 81.560708150028759, 6.611600491119678 ], [ 81.560681200570244, 6.611600491119678 ], [ 81.560559928006882, 6.611519642744106 ], [ 81.560559928006882, 6.611501676438424 ], [ 81.560600352194669, 6.611420828062854 ], [ 81.560609335347507, 6.611420828062854 ], [ 81.560649759535295, 6.611339979687283 ], [ 81.560649759535295, 6.611322013381601 ], [ 81.560528486971947, 6.61124116500603 ], [ 81.560501537513417, 6.61124116500603 ], [ 81.560380264950069, 6.611322013381601 ], [ 81.560380264950069, 6.611339979687283 ], [ 81.560339840762282, 6.611420828062854 ], [ 81.560330857609443, 6.611420828062854 ], [ 81.560290433421656, 6.611461252250639 ], [ 81.560290433421656, 6.61147023540348 ], [ 81.560250009233869, 6.611510659591266 ], [ 81.56024102608103, 6.611510659591266 ], [ 81.560200601893243, 6.611551083779052 ], [ 81.560200601893243, 6.611560066931892 ], [ 81.56024102608103, 6.611600491119678 ], [ 81.560250009233869, 6.611600491119678 ], [ 81.560290433421656, 6.611681339495249 ], [ 81.560290433421656, 6.611699305800931 ], [ 81.560209585046081, 6.611780154176501 ], [ 81.560191618740404, 6.611780154176501 ], [ 81.56011077036483, 6.611820578364287 ], [ 81.56011077036483, 6.611829561517128 ], [ 81.560070346177042, 6.611869985704914 ], [ 81.560061363024204, 6.611869985704914 ], [ 81.560020938836416, 6.611748713141557 ], [ 81.560020938836416, 6.611721763683034 ], [ 81.559940090460842, 6.611600491119678 ], [ 81.559922124155165, 6.611600491119678 ], [ 81.55984127577959, 6.611640915307463 ], [ 81.55984127577959, 6.611649898460303 ], [ 81.559760427404015, 6.611690322648089 ], [ 81.559742461098338, 6.611690322648089 ], [ 81.559661612722763, 6.611649898460303 ], [ 81.559661612722763, 6.611640915307463 ], [ 81.559580764347203, 6.611600491119678 ], [ 81.559562798041512, 6.611600491119678 ], [ 81.559481949665951, 6.611640915307463 ], [ 81.559481949665951, 6.611649898460303 ], [ 81.559441525478164, 6.611690322648089 ], [ 81.559432542325325, 6.611690322648089 ], [ 81.559392118137538, 6.611649898460303 ], [ 81.559392118137538, 6.611640915307463 ], [ 81.55935169394975, 6.611600491119678 ], [ 81.559342710796912, 6.611600491119678 ], [ 81.559302286609125, 6.611681339495249 ], [ 81.559302286609125, 6.611699305800931 ], [ 81.559383134984699, 6.611780154176501 ], [ 81.559401101290376, 6.611780154176501 ], [ 81.559481949665951, 6.611861002552072 ], [ 81.559481949665951, 6.611878968857754 ], [ 81.559158556163652, 6.611959817233325 ], [ 81.559086690940944, 6.611959817233325 ], [ 81.558763297438645, 6.611798120482184 ], [ 81.558763297438645, 6.611762187870819 ], [ 81.558722873250858, 6.611600491119678 ], [ 81.558713890098019, 6.611600491119678 ], [ 81.558673465910232, 6.611681339495249 ], [ 81.558673465910232, 6.611699305800931 ], [ 81.558592617534657, 6.611780154176501 ], [ 81.55857465122898, 6.611780154176501 ], [ 81.558493802853405, 6.611699305800931 ], [ 81.558493802853405, 6.611681339495249 ], [ 81.558453378665632, 6.611600491119678 ], [ 81.558444395512794, 6.611600491119678 ], [ 81.558403971325006, 6.611560066931892 ], [ 81.558403971325006, 6.611551083779052 ], [ 81.558323122949432, 6.611510659591266 ], [ 81.558305156643755, 6.611510659591266 ], [ 81.55822430826818, 6.611551083779052 ], [ 81.55822430826818, 6.611560066931892 ], [ 81.558103035704818, 6.611600491119678 ], [ 81.558076086246302, 6.611600491119678 ], [ 81.55795481368294, 6.611640915307463 ], [ 81.55795481368294, 6.611649898460303 ], [ 81.557833541119578, 6.611690322648089 ], [ 81.557806591661063, 6.611690322648089 ], [ 81.5576853190977, 6.611730746835875 ], [ 81.5576853190977, 6.611739729988716 ], [ 81.55760447072214, 6.611780154176501 ], [ 81.557586504416463, 6.611780154176501 ], [ 81.557505656040888, 6.611699305800931 ], [ 81.557505656040888, 6.611681339495249 ], [ 81.557384383477526, 6.611600491119678 ], [ 81.557357434019011, 6.611600491119678 ], [ 81.557236161455648, 6.611560066931892 ], [ 81.557236161455648, 6.611551083779052 ], [ 81.557276585643436, 6.611510659591266 ], [ 81.557285568796274, 6.611510659591266 ], [ 81.557325992984062, 6.61147023540348 ], [ 81.557325992984062, 6.611461252250639 ], [ 81.557204720420714, 6.611420828062854 ], [ 81.55717777096217, 6.611420828062854 ], [ 81.557056498398822, 6.611380403875068 ], [ 81.557056498398822, 6.611371420722227 ], [ 81.557016074211035, 6.611330996534441 ], [ 81.557007091058196, 6.611330996534441 ], [ 81.556966666870409, 6.611371420722227 ], [ 81.556966666870409, 6.611380403875068 ], [ 81.556926242682621, 6.611420828062854 ], [ 81.556917259529783, 6.611420828062854 ], [ 81.556876835341996, 6.611339979687283 ], [ 81.556876835341996, 6.611322013381601 ], [ 81.556795986966421, 6.61124116500603 ], [ 81.556778020660744, 6.61124116500603 ], [ 81.556697172285169, 6.611200740818244 ], [ 81.556697172285169, 6.611191757665403 ], [ 81.556535475534019, 6.611151333477618 ], [ 81.556499542922666, 6.611151333477618 ], [ 81.55633784617153, 6.611191757665403 ], [ 81.55633784617153, 6.611200740818244 ], [ 81.556297421983743, 6.61124116500603 ], [ 81.556288438830904, 6.61124116500603 ], [ 81.556248014643117, 6.611200740818244 ], [ 81.556248014643117, 6.611191757665403 ], [ 81.556086317891967, 6.611151333477618 ], [ 81.556050385280614, 6.611151333477618 ], [ 81.555888688529464, 6.611191757665403 ], [ 81.555888688529464, 6.611200740818244 ], [ 81.555767415966102, 6.61124116500603 ], [ 81.555740466507586, 6.61124116500603 ], [ 81.555619193944224, 6.611200740818244 ], [ 81.555619193944224, 6.611191757665403 ], [ 81.555538345568664, 6.611151333477618 ], [ 81.555520379262987, 6.611151333477618 ], [ 81.555439530887412, 6.611110909289833 ], [ 81.555439530887412, 6.611101926136991 ], [ 81.555399106699625, 6.611061501949205 ], [ 81.555390123546786, 6.611061501949205 ], [ 81.555349699358999, 6.611142350324776 ], [ 81.555349699358999, 6.611160316630459 ], [ 81.555309275171226, 6.61124116500603 ], [ 81.555300292018359, 6.61124116500603 ], [ 81.555259867830586, 6.611160316630459 ], [ 81.555259867830586, 6.611142350324776 ], [ 81.555017322703861, 6.611061501949205 ], [ 81.55496342378683, 6.611061501949205 ], [ 81.554720878660106, 6.61102107776142 ], [ 81.554720878660106, 6.611012094608579 ], [ 81.554599606096758, 6.610971670420794 ], [ 81.554572656638243, 6.610971670420794 ], [ 81.554451384074881, 6.610931246233008 ], [ 81.554451384074881, 6.610922263080168 ], [ 81.554410959887093, 6.610881838892382 ], [ 81.554401976734255, 6.610881838892382 ], [ 81.554361552546467, 6.610841414704597 ], [ 81.554361552546467, 6.610832431551755 ], [ 81.55432112835868, 6.61079200736397 ], [ 81.554312145205841, 6.61079200736397 ], [ 81.554271721018054, 6.610751583176184 ], [ 81.554271721018054, 6.610742600023343 ], [ 81.554190872642479, 6.610702175835558 ], [ 81.554172906336802, 6.610702175835558 ], [ 81.554092057961228, 6.610783024211129 ], [ 81.554092057961228, 6.610800990516811 ], [ 81.554011209585667, 6.610881838892382 ], [ 81.553993243279962, 6.610881838892382 ], [ 81.553912394904401, 6.610922263080168 ], [ 81.553912394904401, 6.610931246233008 ], [ 81.553871970716614, 6.610971670420794 ], [ 81.553862987563775, 6.610971670420794 ], [ 81.553822563375988, 6.610890822045222 ], [ 81.553822563375988, 6.61087285573954 ], [ 81.553782139188201, 6.61079200736397 ], [ 81.553773156035362, 6.61079200736397 ], [ 81.553732731847575, 6.6107111589884 ], [ 81.553732731847575, 6.610693192682717 ], [ 81.553773156035362, 6.610612344307146 ], [ 81.553782139188201, 6.610612344307146 ], [ 81.553822563375988, 6.61057192011936 ], [ 81.553822563375988, 6.61056293696652 ], [ 81.553782139188201, 6.610522512778735 ], [ 81.553773156035362, 6.610522512778735 ], [ 81.553732731847575, 6.610401240215378 ], [ 81.553732731847575, 6.610374290756855 ], [ 81.553773156035362, 6.610253018193498 ], [ 81.553782139188201, 6.610253018193498 ], [ 81.553822563375988, 6.610212594005713 ], [ 81.553822563375988, 6.610203610852872 ], [ 81.553862987563775, 6.610163186665086 ], [ 81.553871970716614, 6.610163186665086 ], [ 81.553912394904401, 6.610082338289516 ], [ 81.553912394904401, 6.610064371983833 ], [ 81.553952819092189, 6.609983523608262 ], [ 81.553961802245027, 6.609983523608262 ], [ 81.554002226432814, 6.609902675232691 ], [ 81.554002226432814, 6.609884708927009 ], [ 81.553880953869452, 6.609803860551438 ], [ 81.553854004410937, 6.609803860551438 ], [ 81.553732731847575, 6.609844284739224 ], [ 81.553732731847575, 6.609853267892065 ], [ 81.553692307659787, 6.609893692079851 ], [ 81.553683324506949, 6.609893692079851 ], [ 81.553642900319161, 6.609934116267636 ], [ 81.553642900319161, 6.609943099420477 ], [ 81.553602476131374, 6.609983523608262 ], [ 81.553593492978536, 6.609983523608262 ], [ 81.553553068790762, 6.610064371983833 ], [ 81.553553068790762, 6.610082338289516 ], [ 81.553512644602975, 6.610163186665086 ], [ 81.553503661450137, 6.610163186665086 ], [ 81.553463237262349, 6.610203610852872 ], [ 81.553463237262349, 6.610212594005713 ], [ 81.553422813074576, 6.610253018193498 ], [ 81.553413829921709, 6.610253018193498 ], [ 81.553373405733936, 6.610293442381284 ], [ 81.553373405733936, 6.610302425534124 ], [ 81.553292557358361, 6.61034284972191 ], [ 81.553274591052684, 6.61034284972191 ], [ 81.553193742677109, 6.610504546473051 ], [ 81.553193742677109, 6.610540479084416 ], [ 81.553153318489322, 6.610702175835558 ], [ 81.553144335336484, 6.610702175835558 ], [ 81.553103911148696, 6.610661751647772 ], [ 81.553103911148696, 6.610652768494932 ], [ 81.553063486960909, 6.610612344307146 ], [ 81.55305450380807, 6.610612344307146 ], [ 81.553014079620283, 6.610652768494932 ], [ 81.553014079620283, 6.610661751647772 ], [ 81.55297365543251, 6.610702175835558 ], [ 81.552964672279643, 6.610702175835558 ], [ 81.55292424809187, 6.610661751647772 ], [ 81.55292424809187, 6.610652768494932 ], [ 81.552883823904082, 6.610612344307146 ], [ 81.552874840751244, 6.610612344307146 ], [ 81.552834416563456, 6.610531495931575 ], [ 81.552834416563456, 6.610513529625893 ], [ 81.552793992375669, 6.610432681250322 ], [ 81.552785009222831, 6.610432681250322 ], [ 81.552744585035043, 6.610473105438108 ], [ 81.552744585035043, 6.610482088590949 ], [ 81.552542464096121, 6.610522512778735 ], [ 81.552497548331914, 6.610522512778735 ], [ 81.552295427392991, 6.610482088590949 ], [ 81.552295427392991, 6.610473105438108 ], [ 81.552174154829629, 6.610432681250322 ], [ 81.552147205371114, 6.610432681250322 ], [ 81.552025932807751, 6.610473105438108 ], [ 81.552025932807751, 6.610482088590949 ], [ 81.551904660244389, 6.610522512778735 ], [ 81.551877710785874, 6.610522512778735 ], [ 81.551756438222512, 6.610482088590949 ], [ 81.551756438222512, 6.610473105438108 ], [ 81.551716014034724, 6.610432681250322 ], [ 81.551707030881886, 6.610432681250322 ], [ 81.551666606694099, 6.610392257062537 ], [ 81.551666606694099, 6.610383273909695 ], [ 81.551545334130751, 6.61034284972191 ], [ 81.551518384672221, 6.61034284972191 ], [ 81.551397112108873, 6.610262001346339 ], [ 81.551397112108873, 6.610244035040656 ], [ 81.551316263733298, 6.610163186665086 ], [ 81.551298297427621, 6.610163186665086 ], [ 81.551217449052047, 6.610244035040656 ], [ 81.551217449052047, 6.610262001346339 ], [ 81.550894055549776, 6.61034284972191 ], [ 81.55082219032704, 6.61034284972191 ], [ 81.550498796824755, 6.610383273909695 ], [ 81.550498796824755, 6.610392257062537 ], [ 81.550458372636967, 6.610432681250322 ], [ 81.550449389484129, 6.610432681250322 ], [ 81.550408965296342, 6.610392257062537 ], [ 81.550408965296342, 6.610383273909695 ], [ 81.550368541108554, 6.61034284972191 ], [ 81.550359557955716, 6.61034284972191 ], [ 81.550319133767928, 6.610423698097481 ], [ 81.550319133767928, 6.610441664403163 ], [ 81.550278709580141, 6.610522512778735 ], [ 81.550269726427302, 6.610522512778735 ], [ 81.550229302239515, 6.610441664403163 ], [ 81.550229302239515, 6.610423698097481 ], [ 81.550108029676153, 6.61034284972191 ], [ 81.550081080217637, 6.61034284972191 ], [ 81.549959807654275, 6.610383273909695 ], [ 81.549959807654275, 6.610392257062537 ], [ 81.549919383466488, 6.610432681250322 ], [ 81.549910400313649, 6.610432681250322 ], [ 81.549869976125862, 6.610392257062537 ], [ 81.549869976125862, 6.610383273909695 ], [ 81.549587006811365, 6.61034284972191 ], [ 81.549524124741481, 6.61034284972191 ], [ 81.549241155426984, 6.610302425534124 ], [ 81.549241155426984, 6.610293442381284 ], [ 81.54920073123921, 6.610253018193498 ], [ 81.549191748086344, 6.610253018193498 ], [ 81.54915132389857, 6.610212594005713 ], [ 81.54915132389857, 6.610203610852872 ], [ 81.549110899710783, 6.610163186665086 ], [ 81.549101916557944, 6.610163186665086 ], [ 81.549061492370157, 6.610244035040656 ], [ 81.549061492370157, 6.610262001346339 ], [ 81.54902106818237, 6.61034284972191 ], [ 81.549012085029531, 6.61034284972191 ], [ 81.548971660841744, 6.610262001346339 ], [ 81.548971660841744, 6.610244035040656 ], [ 81.548931236653956, 6.610163186665086 ], [ 81.548922253501118, 6.610163186665086 ], [ 81.548881829313331, 6.610244035040656 ], [ 81.548881829313331, 6.610262001346339 ], [ 81.548841405125543, 6.61034284972191 ], [ 81.548832421972705, 6.61034284972191 ], [ 81.548791997784917, 6.610302425534124 ], [ 81.548791997784917, 6.610293442381284 ], [ 81.548751573597144, 6.610253018193498 ], [ 81.548742590444277, 6.610253018193498 ], [ 81.548702166256504, 6.610293442381284 ], [ 81.548702166256504, 6.610302425534124 ], [ 81.548257500190857, 6.61034284972191 ], [ 81.548158685509605, 6.61034284972191 ], [ 81.547714019443973, 6.610302425534124 ], [ 81.547714019443973, 6.610293442381284 ], [ 81.547673595256185, 6.610253018193498 ], [ 81.547664612103347, 6.610253018193498 ], [ 81.547624187915559, 6.610212594005713 ], [ 81.547624187915559, 6.610203610852872 ], [ 81.547583763727772, 6.610163186665086 ], [ 81.547574780574934, 6.610163186665086 ], [ 81.54753435638716, 6.610082338289516 ], [ 81.54753435638716, 6.610064371983833 ], [ 81.547251387072663, 6.609983523608262 ], [ 81.547188505002765, 6.609983523608262 ], [ 81.546905535688268, 6.610023947796048 ], [ 81.546905535688268, 6.610032930948888 ], [ 81.546945959876055, 6.610073355136674 ], [ 81.546954943028894, 6.610073355136674 ], [ 81.546995367216681, 6.610113779324459 ], [ 81.546995367216681, 6.6101227624773 ], [ 81.546752822089971, 6.610163186665086 ], [ 81.546698923172926, 6.610163186665086 ], [ 81.546456378046216, 6.610082338289516 ], [ 81.546456378046216, 6.610064371983833 ], [ 81.546415953858428, 6.609983523608262 ], [ 81.54640697070559, 6.609983523608262 ], [ 81.546366546517802, 6.610023947796048 ], [ 81.546366546517802, 6.610032930948888 ], [ 81.546326122330015, 6.610073355136674 ], [ 81.546317139177177, 6.610073355136674 ], [ 81.546276714989389, 6.610032930948888 ], [ 81.546276714989389, 6.610023947796048 ], [ 81.546195866613814, 6.609983523608262 ], [ 81.546177900308138, 6.609983523608262 ], [ 81.546097051932563, 6.609943099420477 ], [ 81.546097051932563, 6.609934116267636 ], [ 81.546016203557002, 6.609893692079851 ], [ 81.545998237251297, 6.609893692079851 ], [ 81.545917388875736, 6.609853267892065 ], [ 81.545917388875736, 6.609844284739224 ], [ 81.545796116312374, 6.609803860551438 ], [ 81.545769166853859, 6.609803860551438 ], [ 81.545647894290497, 6.609723012175868 ], [ 81.545647894290497, 6.609705045870186 ], [ 81.545445773351574, 6.609624197494615 ], [ 81.545400857587367, 6.609624197494615 ], [ 81.545198736648445, 6.609543349119043 ], [ 81.545198736648445, 6.609525382813361 ], [ 81.54511788827287, 6.609444534437791 ], [ 81.545099921967193, 6.609444534437791 ], [ 81.545019073591618, 6.60936368606222 ], [ 81.545019073591618, 6.609345719756537 ], [ 81.544938225216043, 6.609264871380967 ], [ 81.544920258910366, 6.609264871380967 ], [ 81.544839410534792, 6.609224447193181 ], [ 81.544839410534792, 6.60921546404034 ], [ 81.544798986347004, 6.609175039852555 ], [ 81.544790003194166, 6.609175039852555 ], [ 81.544749579006378, 6.609134615664769 ], [ 81.544749579006378, 6.609125632511928 ], [ 81.544547458067456, 6.609085208324142 ], [ 81.544502542303249, 6.609085208324142 ], [ 81.544300421364326, 6.609004359948572 ], [ 81.544300421364326, 6.60898639364289 ], [ 81.544219572988752, 6.608905545267319 ], [ 81.544201606683075, 6.608905545267319 ], [ 81.5441207583075, 6.608824696891748 ], [ 81.5441207583075, 6.608806730586066 ], [ 81.544080334119712, 6.608725882210495 ], [ 81.544071350966874, 6.608725882210495 ], [ 81.544030926779087, 6.60876630639828 ], [ 81.544030926779087, 6.608775289551121 ], [ 81.543990502591299, 6.608815713738907 ], [ 81.543981519438461, 6.608815713738907 ], [ 81.543941095250673, 6.608775289551121 ], [ 81.543941095250673, 6.60876630639828 ], [ 81.543860246875099, 6.608725882210495 ], [ 81.543842280569422, 6.608725882210495 ], [ 81.543761432193847, 6.608645033834924 ], [ 81.543761432193847, 6.608627067529242 ], [ 81.543599735442712, 6.608546219153672 ], [ 81.543563802831343, 6.608546219153672 ], [ 81.543402106080208, 6.6084653707781 ], [ 81.543402106080208, 6.608447404472418 ], [ 81.543240409329059, 6.608366556096847 ], [ 81.543204476717705, 6.608366556096847 ], [ 81.543042779966555, 6.608285707721276 ], [ 81.543042779966555, 6.608267741415593 ], [ 81.543002355778768, 6.608186893040023 ], [ 81.542993372625929, 6.608186893040023 ], [ 81.542952948438142, 6.608146468852238 ], [ 81.542952948438142, 6.608137485699396 ], [ 81.542993372625929, 6.608097061511611 ], [ 81.543002355778768, 6.608097061511611 ], [ 81.543042779966555, 6.608056637323825 ], [ 81.543042779966555, 6.608047654170985 ], [ 81.542881083215406, 6.608007229983199 ], [ 81.542845150604052, 6.608007229983199 ], [ 81.542683453852902, 6.607926381607628 ], [ 81.542683453852902, 6.607908415301946 ], [ 81.542643029665129, 6.607827566926376 ], [ 81.542634046512276, 6.607827566926376 ], [ 81.542593622324503, 6.607908415301946 ], [ 81.542593622324503, 6.607926381607628 ], [ 81.542553198136716, 6.608007229983199 ], [ 81.542544214983877, 6.608007229983199 ], [ 81.54250379079609, 6.607926381607628 ], [ 81.54250379079609, 6.607908415301946 ], [ 81.542382518232728, 6.607827566926376 ], [ 81.542355568774212, 6.607827566926376 ], [ 81.54223429621085, 6.607787142738591 ], [ 81.54223429621085, 6.607778159585749 ], [ 81.54215344783529, 6.607737735397963 ], [ 81.542135481529584, 6.607737735397963 ], [ 81.542054633154024, 6.607697311210178 ], [ 81.542054633154024, 6.607688328057337 ], [ 81.541731239651739, 6.607647903869552 ], [ 81.541659374429017, 6.607647903869552 ], [ 81.541335980926732, 6.607688328057337 ], [ 81.541335980926732, 6.607697311210178 ], [ 81.541295556738945, 6.607737735397963 ], [ 81.541286573586106, 6.607737735397963 ], [ 81.541246149398319, 6.607697311210178 ], [ 81.541246149398319, 6.607688328057337 ], [ 81.541205725210546, 6.607647903869552 ], [ 81.541196742057679, 6.607647903869552 ], [ 81.541156317869905, 6.607688328057337 ], [ 81.541156317869905, 6.607697311210178 ], [ 81.540994621118756, 6.607737735397963 ], [ 81.540958688507402, 6.607737735397963 ], [ 81.540796991756253, 6.607778159585749 ], [ 81.540796991756253, 6.607787142738591 ], [ 81.540756567568479, 6.607827566926376 ], [ 81.540747584415612, 6.607827566926376 ], [ 81.540707160227839, 6.607746718550805 ], [ 81.540707160227839, 6.607728752245122 ], [ 81.540666736040066, 6.607647903869552 ], [ 81.540657752887228, 6.607647903869552 ], [ 81.54061732869944, 6.607728752245122 ], [ 81.54061732869944, 6.607746718550805 ], [ 81.540496056136078, 6.607827566926376 ], [ 81.540469106677563, 6.607827566926376 ], [ 81.540347834114201, 6.607867991114161 ], [ 81.540347834114201, 6.607876974267002 ], [ 81.540307409926413, 6.607917398454788 ], [ 81.540298426773575, 6.607917398454788 ], [ 81.540258002585787, 6.607876974267002 ], [ 81.540258002585787, 6.607867991114161 ], [ 81.540136730022425, 6.607827566926376 ], [ 81.54010978056391, 6.607827566926376 ], [ 81.539988508000548, 6.607746718550805 ], [ 81.539988508000548, 6.607728752245122 ], [ 81.539907659624987, 6.607647903869552 ], [ 81.539889693319282, 6.607647903869552 ], [ 81.539808844943721, 6.607769176432908 ], [ 81.539808844943721, 6.607796125891432 ], [ 81.539727996568161, 6.607917398454788 ], [ 81.539710030262484, 6.607917398454788 ], [ 81.539629181886909, 6.607957822642573 ], [ 81.539629181886909, 6.607966805795414 ], [ 81.539427060947986, 6.608007229983199 ], [ 81.539382145183765, 6.608007229983199 ], [ 81.539180024244843, 6.608047654170985 ], [ 81.539180024244843, 6.608056637323825 ], [ 81.539139600057055, 6.608097061511611 ], [ 81.539130616904217, 6.608097061511611 ], [ 81.539090192716429, 6.608137485699396 ], [ 81.539090192716429, 6.608146468852238 ], [ 81.538685950838584, 6.608186893040023 ], [ 81.538596119310171, 6.608186893040023 ], [ 81.538191877432311, 6.608267741415593 ], [ 81.538191877432311, 6.608285707721276 ], [ 81.537747211366678, 6.608366556096847 ], [ 81.537648396685427, 6.608366556096847 ], [ 81.53720373061978, 6.608326131909061 ], [ 81.53720373061978, 6.608317148756221 ], [ 81.537163306431992, 6.608276724568436 ], [ 81.537154323279154, 6.608276724568436 ], [ 81.537113899091366, 6.608317148756221 ], [ 81.537113899091366, 6.608326131909061 ], [ 81.537033050715792, 6.608366556096847 ], [ 81.537015084410115, 6.608366556096847 ], [ 81.53693423603454, 6.608406980284633 ], [ 81.53693423603454, 6.608415963437474 ], [ 81.536893811846753, 6.608456387625259 ], [ 81.536884828693914, 6.608456387625259 ], [ 81.536844404506127, 6.608415963437474 ], [ 81.536844404506127, 6.608406980284633 ], [ 81.536723131942779, 6.608366556096847 ], [ 81.536696182484263, 6.608366556096847 ], [ 81.536574909920901, 6.608204859345705 ], [ 81.536574909920901, 6.608168926734341 ], [ 81.536494061545341, 6.608007229983199 ], [ 81.536476095239635, 6.608007229983199 ], [ 81.536395246864075, 6.608047654170985 ], [ 81.536395246864075, 6.608056637323825 ], [ 81.536354822676287, 6.608097061511611 ], [ 81.536345839523449, 6.608097061511611 ], [ 81.536305415335661, 6.608137485699396 ], [ 81.536305415335661, 6.608146468852238 ], [ 81.536103294396725, 6.608186893040023 ], [ 81.536058378632532, 6.608186893040023 ], [ 81.535856257693595, 6.608025196288882 ], [ 81.535856257693595, 6.607989263677517 ], [ 81.535815833505808, 6.607827566926376 ], [ 81.535806850352969, 6.607827566926376 ], [ 81.535766426165182, 6.607908415301946 ], [ 81.535766426165182, 6.607926381607628 ], [ 81.535726001977395, 6.608007229983199 ], [ 81.535717018824556, 6.608007229983199 ], [ 81.535676594636783, 6.608047654170985 ], [ 81.535676594636783, 6.608056637323825 ], [ 81.535636170448996, 6.608097061511611 ], [ 81.535627187296157, 6.608097061511611 ], [ 81.53558676310837, 6.608056637323825 ], [ 81.53558676310837, 6.608047654170985 ], [ 81.535465490545022, 6.608007229983199 ], [ 81.535438541086478, 6.608007229983199 ], [ 81.53531726852313, 6.608088078358771 ], [ 81.53531726852313, 6.608106044664453 ], [ 81.535236420147555, 6.608186893040023 ], [ 81.535218453841878, 6.608186893040023 ], [ 81.535137605466304, 6.608227317227809 ], [ 81.535137605466304, 6.60823630038065 ], [ 81.53509718127853, 6.608276724568436 ], [ 81.535088198125663, 6.608276724568436 ], [ 81.53504777393789, 6.60823630038065 ], [ 81.53504777393789, 6.608227317227809 ], [ 81.535007349750103, 6.608186893040023 ], [ 81.534998366597264, 6.608186893040023 ], [ 81.534957942409477, 6.608227317227809 ], [ 81.534957942409477, 6.60823630038065 ], [ 81.534877094033902, 6.608276724568436 ], [ 81.534859127728225, 6.608276724568436 ], [ 81.534778279352651, 6.60823630038065 ], [ 81.534778279352651, 6.608227317227809 ], [ 81.534737855164877, 6.608186893040023 ], [ 81.534728872012039, 6.608186893040023 ], [ 81.534688447824252, 6.608106044664453 ], [ 81.534688447824252, 6.608088078358771 ], [ 81.534648023636464, 6.608007229983199 ], [ 81.534639040483626, 6.608007229983199 ], [ 81.534598616295838, 6.608047654170985 ], [ 81.534598616295838, 6.608056637323825 ], [ 81.534517767920264, 6.608097061511611 ], [ 81.534499801614587, 6.608097061511611 ], [ 81.534418953239012, 6.608137485699396 ], [ 81.534418953239012, 6.608146468852238 ], [ 81.534378529051224, 6.608186893040023 ], [ 81.534369545898386, 6.608186893040023 ], [ 81.534329121710599, 6.608348589791165 ], [ 81.534329121710599, 6.608384522402529 ], [ 81.534450394273961, 6.608546219153672 ], [ 81.534477343732476, 6.608546219153672 ], [ 81.534598616295838, 6.608505794965886 ], [ 81.534598616295838, 6.608496811813045 ], [ 81.534639040483626, 6.608456387625259 ], [ 81.534648023636464, 6.608456387625259 ], [ 81.534688447824252, 6.608658508564186 ], [ 81.534688447824252, 6.608703424328392 ], [ 81.534930992950962, 6.608905545267319 ], [ 81.534984891868007, 6.608905545267319 ], [ 81.535227436994717, 6.60898639364289 ], [ 81.535227436994717, 6.609004359948572 ], [ 81.535389133745866, 6.609085208324142 ], [ 81.53542506635722, 6.609085208324142 ], [ 81.53558676310837, 6.609125632511928 ], [ 81.53558676310837, 6.609134615664769 ], [ 81.535627187296157, 6.609175039852555 ], [ 81.535636170448996, 6.609175039852555 ], [ 81.535676594636783, 6.609134615664769 ], [ 81.535676594636783, 6.609125632511928 ], [ 81.535797867200131, 6.609085208324142 ], [ 81.535824816658646, 6.609085208324142 ], [ 81.535946089222008, 6.609004359948572 ], [ 81.535946089222008, 6.60898639364289 ], [ 81.535986513409796, 6.608905545267319 ], [ 81.535995496562634, 6.608905545267319 ], [ 81.536035920750422, 6.60898639364289 ], [ 81.536035920750422, 6.609004359948572 ], [ 81.536116769125982, 6.609085208324142 ], [ 81.536134735431688, 6.609085208324142 ], [ 81.536215583807248, 6.608923511573001 ], [ 81.536215583807248, 6.608887578961636 ], [ 81.536296432182823, 6.608725882210495 ], [ 81.5363143984885, 6.608725882210495 ], [ 81.536395246864075, 6.608685458022709 ], [ 81.536395246864075, 6.608676474869869 ], [ 81.536476095239635, 6.608636050682083 ], [ 81.536494061545341, 6.608636050682083 ], [ 81.536574909920901, 6.608676474869869 ], [ 81.536574909920901, 6.608685458022709 ], [ 81.536655758296462, 6.608725882210495 ], [ 81.536673724602139, 6.608725882210495 ], [ 81.536754572977713, 6.608685458022709 ], [ 81.536754572977713, 6.608676474869869 ], [ 81.536835421353288, 6.608636050682083 ], [ 81.536853387658965, 6.608636050682083 ], [ 81.53693423603454, 6.608595626494298 ], [ 81.53693423603454, 6.608586643341457 ], [ 81.537015084410115, 6.608546219153672 ], [ 81.537033050715792, 6.608546219153672 ], [ 81.537113899091366, 6.608505794965886 ], [ 81.537113899091366, 6.608496811813045 ], [ 81.537194747466941, 6.608456387625259 ], [ 81.537212713772618, 6.608456387625259 ], [ 81.537293562148193, 6.608496811813045 ], [ 81.537293562148193, 6.608505794965886 ], [ 81.537455258899342, 6.608546219153672 ], [ 81.537491191510696, 6.608546219153672 ], [ 81.537652888261846, 6.608586643341457 ], [ 81.537652888261846, 6.608595626494298 ], [ 81.537693312449619, 6.608636050682083 ], [ 81.537702295602458, 6.608636050682083 ], [ 81.537742719790245, 6.608676474869869 ], [ 81.537742719790245, 6.608685458022709 ], [ 81.537863992353607, 6.608725882210495 ], [ 81.537890941812122, 6.608725882210495 ], [ 81.538012214375485, 6.608645033834924 ], [ 81.538012214375485, 6.608627067529242 ], [ 81.538052638563272, 6.608546219153672 ], [ 81.53806162171611, 6.608546219153672 ], [ 81.538102045903898, 6.608505794965886 ], [ 81.538102045903898, 6.608496811813045 ], [ 81.538304166842835, 6.608456387625259 ], [ 81.538349082607027, 6.608456387625259 ], [ 81.538551203545964, 6.608415963437474 ], [ 81.538551203545964, 6.608406980284633 ], [ 81.538753324484887, 6.608366556096847 ], [ 81.538798240249093, 6.608366556096847 ], [ 81.539000361188016, 6.608406980284633 ], [ 81.539000361188016, 6.608415963437474 ], [ 81.539040785375803, 6.608456387625259 ], [ 81.539049768528642, 6.608456387625259 ], [ 81.539090192716429, 6.608415963437474 ], [ 81.539090192716429, 6.608406980284633 ], [ 81.539171041092004, 6.608366556096847 ], [ 81.539189007397681, 6.608366556096847 ], [ 81.539269855773256, 6.608326131909061 ], [ 81.539269855773256, 6.608317148756221 ], [ 81.539310279961029, 6.608276724568436 ], [ 81.539319263113896, 6.608276724568436 ], [ 81.539359687301669, 6.60823630038065 ], [ 81.539359687301669, 6.608227317227809 ], [ 81.539400111489456, 6.608186893040023 ], [ 81.539409094642295, 6.608186893040023 ], [ 81.539449518830082, 6.608227317227809 ], [ 81.539449518830082, 6.60823630038065 ], [ 81.53957079139343, 6.608276724568436 ], [ 81.539597740851946, 6.608276724568436 ], [ 81.539719013415308, 6.60823630038065 ], [ 81.539719013415308, 6.608227317227809 ], [ 81.540001982729805, 6.608186893040023 ], [ 81.540064864799703, 6.608186893040023 ], [ 81.540347834114201, 6.608106044664453 ], [ 81.540347834114201, 6.608088078358771 ], [ 81.540428682489775, 6.608007229983199 ], [ 81.540446648795452, 6.608007229983199 ], [ 81.540527497171027, 6.607966805795414 ], [ 81.540527497171027, 6.607957822642573 ], [ 81.540648769734375, 6.607917398454788 ], [ 81.540675719192905, 6.607917398454788 ], [ 81.540796991756253, 6.607957822642573 ], [ 81.540796991756253, 6.607966805795414 ], [ 81.540999112695175, 6.608007229983199 ], [ 81.541044028459396, 6.608007229983199 ], [ 81.541246149398319, 6.607966805795414 ], [ 81.541246149398319, 6.607957822642573 ], [ 81.541326997773893, 6.607917398454788 ], [ 81.54134496407957, 6.607917398454788 ], [ 81.541425812455145, 6.607876974267002 ], [ 81.541425812455145, 6.607867991114161 ], [ 81.541587509206281, 6.607827566926376 ], [ 81.541623441817649, 6.607827566926376 ], [ 81.541785138568784, 6.607867991114161 ], [ 81.541785138568784, 6.607876974267002 ], [ 81.541946835319933, 6.607917398454788 ], [ 81.541982767931287, 6.607917398454788 ], [ 81.542144464682437, 6.607957822642573 ], [ 81.542144464682437, 6.607966805795414 ], [ 81.542225313057997, 6.608007229983199 ], [ 81.542243279363703, 6.608007229983199 ], [ 81.542324127739263, 6.608047654170985 ], [ 81.542324127739263, 6.608056637323825 ], [ 81.542404976114838, 6.608097061511611 ], [ 81.542422942420515, 6.608097061511611 ], [ 81.54250379079609, 6.608137485699396 ], [ 81.54250379079609, 6.608146468852238 ], [ 81.542665487547225, 6.608186893040023 ], [ 81.542701420158593, 6.608186893040023 ], [ 81.542863116909729, 6.608267741415593 ], [ 81.542863116909729, 6.608285707721276 ], [ 81.542903541097516, 6.608366556096847 ], [ 81.542912524250355, 6.608366556096847 ], [ 81.542952948438142, 6.608406980284633 ], [ 81.542952948438142, 6.608415963437474 ], [ 81.542993372625929, 6.608456387625259 ], [ 81.543002355778768, 6.608456387625259 ], [ 81.543042779966555, 6.608496811813045 ], [ 81.543042779966555, 6.608505794965886 ], [ 81.54312362834213, 6.608546219153672 ], [ 81.543141594647807, 6.608546219153672 ], [ 81.543222443023382, 6.608586643341457 ], [ 81.543222443023382, 6.608595626494298 ], [ 81.543262867211169, 6.608636050682083 ], [ 81.543271850364007, 6.608636050682083 ], [ 81.543312274551795, 6.608676474869869 ], [ 81.543312274551795, 6.608685458022709 ], [ 81.543433547115143, 6.608725882210495 ], [ 81.543460496573687, 6.608725882210495 ], [ 81.543581769137035, 6.60876630639828 ], [ 81.543581769137035, 6.608775289551121 ], [ 81.543662617512609, 6.608815713738907 ], [ 81.543680583818286, 6.608815713738907 ], [ 81.543761432193847, 6.608856137926693 ], [ 81.543761432193847, 6.608865121079534 ], [ 81.543842280569422, 6.608905545267319 ], [ 81.543860246875099, 6.608905545267319 ], [ 81.543941095250673, 6.609026817830675 ], [ 81.543941095250673, 6.609053767289199 ], [ 81.544021943626234, 6.609175039852555 ], [ 81.544039909931939, 6.609175039852555 ], [ 81.5441207583075, 6.60921546404034 ], [ 81.5441207583075, 6.609224447193181 ], [ 81.544282455058649, 6.609264871380967 ], [ 81.544318387670003, 6.609264871380967 ], [ 81.544480084421153, 6.609305295568753 ], [ 81.544480084421153, 6.609314278721593 ], [ 81.544560932796713, 6.609354702909378 ], [ 81.544578899102405, 6.609354702909378 ], [ 81.544659747477965, 6.609395127097164 ], [ 81.544659747477965, 6.609404110250006 ], [ 81.54474059585354, 6.609444534437791 ], [ 81.544758562159217, 6.609444534437791 ], [ 81.544839410534792, 6.609525382813361 ], [ 81.544839410534792, 6.609543349119043 ], [ 81.544960683098139, 6.609624197494615 ], [ 81.544987632556683, 6.609624197494615 ], [ 81.545108905120031, 6.6096646216824 ], [ 81.545108905120031, 6.60967360483524 ], [ 81.545149329307819, 6.609714029023026 ], [ 81.545158312460657, 6.609714029023026 ], [ 81.545198736648445, 6.609754453210812 ], [ 81.545198736648445, 6.609763436363653 ], [ 81.545279585024019, 6.609803860551438 ], [ 81.545297551329696, 6.609803860551438 ], [ 81.545378399705271, 6.609884708927009 ], [ 81.545378399705271, 6.609902675232691 ], [ 81.545540096456406, 6.609983523608262 ], [ 81.545576029067774, 6.609983523608262 ], [ 81.54573772581891, 6.610023947796048 ], [ 81.54573772581891, 6.610032930948888 ], [ 81.545778150006697, 6.610073355136674 ], [ 81.545787133159536, 6.610073355136674 ], [ 81.545827557347323, 6.610113779324459 ], [ 81.545827557347323, 6.6101227624773 ], [ 81.545948829910685, 6.610163186665086 ], [ 81.545975779369201, 6.610163186665086 ], [ 81.546097051932563, 6.610244035040656 ], [ 81.546097051932563, 6.610262001346339 ], [ 81.546420445434848, 6.61034284972191 ], [ 81.54649231065757, 6.61034284972191 ], [ 81.546815704159854, 6.610423698097481 ], [ 81.546815704159854, 6.610441664403163 ], [ 81.5472199460377, 6.610522512778735 ], [ 81.547309777566113, 6.610522512778735 ], [ 81.547714019443973, 6.61056293696652 ], [ 81.547714019443973, 6.61057192011936 ], [ 81.547794867819533, 6.610612344307146 ], [ 81.547812834125239, 6.610612344307146 ], [ 81.547893682500799, 6.610652768494932 ], [ 81.547893682500799, 6.610661751647772 ], [ 81.548217076003084, 6.610702175835558 ], [ 81.548288941225806, 6.610702175835558 ], [ 81.548612334728091, 6.610661751647772 ], [ 81.548612334728091, 6.610652768494932 ], [ 81.548652758915878, 6.610612344307146 ], [ 81.548661742068717, 6.610612344307146 ], [ 81.548702166256504, 6.610652768494932 ], [ 81.548702166256504, 6.610661751647772 ], [ 81.549146832322151, 6.610702175835558 ], [ 81.549245647003403, 6.610702175835558 ], [ 81.549690313069036, 6.610742600023343 ], [ 81.549690313069036, 6.610751583176184 ], [ 81.549730737256823, 6.61079200736397 ], [ 81.549739720409661, 6.61079200736397 ], [ 81.549780144597449, 6.610751583176184 ], [ 81.549780144597449, 6.610742600023343 ], [ 81.549941841348598, 6.610702175835558 ], [ 81.549977773959952, 6.610702175835558 ], [ 81.550139470711102, 6.610742600023343 ], [ 81.550139470711102, 6.610751583176184 ], [ 81.550220319086662, 6.61079200736397 ], [ 81.550238285392368, 6.61079200736397 ], [ 81.550319133767928, 6.610832431551755 ], [ 81.550319133767928, 6.610841414704597 ], [ 81.55044040633129, 6.610881838892382 ], [ 81.550467355789806, 6.610881838892382 ], [ 81.550588628353154, 6.610922263080168 ], [ 81.550588628353154, 6.610931246233008 ], [ 81.550709900916502, 6.610971670420794 ], [ 81.550736850375046, 6.610971670420794 ], [ 81.550858122938394, 6.610931246233008 ], [ 81.550858122938394, 6.610922263080168 ], [ 81.551262364816239, 6.610881838892382 ], [ 81.551352196344652, 6.610881838892382 ], [ 81.551756438222512, 6.610922263080168 ], [ 81.551756438222512, 6.610931246233008 ], [ 81.551796862410299, 6.610971670420794 ], [ 81.551805845563138, 6.610971670420794 ], [ 81.551846269750925, 6.610931246233008 ], [ 81.551846269750925, 6.610922263080168 ], [ 81.551886693938712, 6.610881838892382 ], [ 81.551895677091551, 6.610881838892382 ], [ 81.551936101279338, 6.610922263080168 ], [ 81.551936101279338, 6.610931246233008 ], [ 81.552016949654899, 6.610971670420794 ], [ 81.552034915960604, 6.610971670420794 ], [ 81.552115764336165, 6.610931246233008 ], [ 81.552115764336165, 6.610922263080168 ], [ 81.552358309462875, 6.610881838892382 ], [ 81.55241220837992, 6.610881838892382 ], [ 81.55265475350663, 6.610922263080168 ], [ 81.55265475350663, 6.610931246233008 ], [ 81.552735601882205, 6.610971670420794 ], [ 81.552753568187882, 6.610971670420794 ], [ 81.552834416563456, 6.611012094608579 ], [ 81.552834416563456, 6.61102107776142 ], [ 81.553076961690181, 6.611061501949205 ], [ 81.553130860607212, 6.611061501949205 ], [ 81.553373405733936, 6.611101926136991 ], [ 81.553373405733936, 6.611110909289833 ], [ 81.553454254109511, 6.611151333477618 ], [ 81.553472220415188, 6.611151333477618 ], [ 81.553553068790762, 6.611191757665403 ], [ 81.553553068790762, 6.611200740818244 ], [ 81.55367434135411, 6.61124116500603 ], [ 81.553701290812626, 6.61124116500603 ], [ 81.553822563375988, 6.611281589193815 ], [ 81.553822563375988, 6.611290572346656 ], [ 81.553862987563775, 6.611330996534441 ], [ 81.553871970716614, 6.611330996534441 ], [ 81.553912394904401, 6.611290572346656 ], [ 81.553912394904401, 6.611281589193815 ], [ 81.554154940031111, 6.61124116500603 ], [ 81.554208838948171, 6.61124116500603 ], [ 81.554451384074881, 6.611322013381601 ], [ 81.554451384074881, 6.611339979687283 ], [ 81.554774777577165, 6.611420828062854 ], [ 81.554846642799887, 6.611420828062854 ], [ 81.555170036302172, 6.611501676438424 ], [ 81.555170036302172, 6.611519642744106 ], [ 81.555331733053322, 6.611600491119678 ], [ 81.555367665664676, 6.611600491119678 ], [ 81.555529362415825, 6.611681339495249 ], [ 81.555529362415825, 6.611699305800931 ], [ 81.5556102107914, 6.611780154176501 ], [ 81.555628177097077, 6.611780154176501 ], [ 81.555709025472638, 6.611739729988716 ], [ 81.555709025472638, 6.611730746835875 ], [ 81.555749449660425, 6.611690322648089 ], [ 81.555758432813263, 6.611690322648089 ], [ 81.555798857001051, 6.611649898460303 ], [ 81.555798857001051, 6.611640915307463 ], [ 81.555920129564413, 6.611600491119678 ], [ 81.555947079022928, 6.611600491119678 ], [ 81.556068351586291, 6.611681339495249 ], [ 81.556068351586291, 6.611699305800931 ], [ 81.556513017651923, 6.611780154176501 ], [ 81.556611832333175, 6.611780154176501 ], [ 81.557056498398822, 6.611820578364287 ], [ 81.557056498398822, 6.611829561517128 ], [ 81.557096922586609, 6.611869985704914 ], [ 81.557105905739448, 6.611869985704914 ], [ 81.557146329927235, 6.611910409892699 ], [ 81.557146329927235, 6.61191939304554 ], [ 81.55722717830281, 6.611959817233325 ], [ 81.557245144608487, 6.611959817233325 ], [ 81.557325992984062, 6.612000241421111 ], [ 81.557325992984062, 6.612009224573951 ], [ 81.557366417171849, 6.612049648761737 ], [ 81.557375400324688, 6.612049648761737 ], [ 81.557415824512475, 6.612090072949522 ], [ 81.557415824512475, 6.612099056102363 ], [ 81.557456248700262, 6.612139480290149 ], [ 81.557465231853101, 6.612139480290149 ], [ 81.557505656040888, 6.612220328665719 ], [ 81.557505656040888, 6.612238294971402 ], [ 81.557343959289739, 6.612319143346973 ], [ 81.557308026678385, 6.612319143346973 ], [ 81.557146329927235, 6.612238294971402 ], [ 81.557146329927235, 6.612220328665719 ], [ 81.557105905739448, 6.612139480290149 ], [ 81.557096922586609, 6.612139480290149 ], [ 81.557056498398822, 6.612179904477935 ], [ 81.557056498398822, 6.612188887630776 ], [ 81.55693522583546, 6.612229311818561 ], [ 81.556908276376944, 6.612229311818561 ], [ 81.556787003813582, 6.612269736006347 ], [ 81.556787003813582, 6.612278719159187 ], [ 81.556665731250234, 6.612319143346973 ], [ 81.55663878179169, 6.612319143346973 ], [ 81.556517509228343, 6.612359567534758 ], [ 81.556517509228343, 6.6123685506876 ], [ 81.556477085040569, 6.612408974875385 ], [ 81.556468101887731, 6.612408974875385 ], [ 81.556427677699944, 6.612489823250955 ], [ 81.556427677699944, 6.612507789556638 ], [ 81.556346829324383, 6.612588637932209 ], [ 81.556328863018678, 6.612588637932209 ], [ 81.556248014643117, 6.612548213744423 ], [ 81.556248014643117, 6.612539230591583 ], [ 81.55620759045533, 6.612498806403798 ], [ 81.556198607302491, 6.612498806403798 ], [ 81.556158183114704, 6.612417958028226 ], [ 81.556158183114704, 6.612399991722544 ], [ 81.556279455678066, 6.612319143346973 ], [ 81.556306405136581, 6.612319143346973 ], [ 81.556427677699944, 6.612278719159187 ], [ 81.556427677699944, 6.612269736006347 ], [ 81.556185132573233, 6.612229311818561 ], [ 81.556131233656174, 6.612229311818561 ], [ 81.555888688529464, 6.612188887630776 ], [ 81.555888688529464, 6.612179904477935 ], [ 81.555807840153903, 6.612139480290149 ], [ 81.555789873848198, 6.612139480290149 ], [ 81.555709025472638, 6.612220328665719 ], [ 81.555709025472638, 6.612238294971402 ], [ 81.555628177097077, 6.612319143346973 ], [ 81.5556102107914, 6.612319143346973 ], [ 81.555529362415825, 6.612359567534758 ], [ 81.555529362415825, 6.6123685506876 ], [ 81.555448514040251, 6.612408974875385 ], [ 81.555430547734574, 6.612408974875385 ], [ 81.555349699358999, 6.612449399063171 ], [ 81.555349699358999, 6.612458382216012 ], [ 81.555511396110148, 6.612498806403798 ], [ 81.555547328721502, 6.612498806403798 ], [ 81.555709025472638, 6.612579654779368 ], [ 81.555709025472638, 6.61259762108505 ], [ 81.555749449660425, 6.61267846946062 ], [ 81.555758432813263, 6.61267846946062 ], [ 81.555798857001051, 6.612718893648406 ], [ 81.555798857001051, 6.612727876801248 ], [ 81.555758432813263, 6.612768300989033 ], [ 81.555749449660425, 6.612768300989033 ], [ 81.555709025472638, 6.612808725176818 ], [ 81.555709025472638, 6.61281770832966 ], [ 81.555911146411574, 6.612858132517445 ], [ 81.555956062175767, 6.612858132517445 ], [ 81.556158183114704, 6.61281770832966 ], [ 81.556158183114704, 6.612808725176818 ], [ 81.556198607302491, 6.612768300989033 ], [ 81.55620759045533, 6.612768300989033 ], [ 81.556248014643117, 6.612889573552389 ], [ 81.556248014643117, 6.612916523010912 ], [ 81.556288438830904, 6.613037795574268 ], [ 81.556297421983743, 6.613037795574268 ], [ 81.55633784617153, 6.612956947198698 ], [ 81.55633784617153, 6.612938980893015 ], [ 81.556378270359318, 6.612858132517445 ] ], [ [ 81.540168171057374, 6.607966805795414 ], [ 81.540168171057374, 6.607957822642573 ], [ 81.540208595245161, 6.607917398454788 ], [ 81.540217578398, 6.607917398454788 ], [ 81.540258002585787, 6.607957822642573 ], [ 81.540258002585787, 6.607966805795414 ], [ 81.540217578398, 6.608007229983199 ], [ 81.540208595245161, 6.608007229983199 ], [ 81.540168171057374, 6.607966805795414 ] ], [ [ 81.534468360579638, 6.608276724568436 ], [ 81.534459377426799, 6.608276724568436 ], [ 81.534418953239012, 6.60823630038065 ], [ 81.534418953239012, 6.608227317227809 ], [ 81.534459377426799, 6.608186893040023 ], [ 81.534468360579638, 6.608186893040023 ], [ 81.534508784767425, 6.608227317227809 ], [ 81.534508784767425, 6.60823630038065 ], [ 81.534468360579638, 6.608276724568436 ] ], [ [ 81.534549208955212, 6.608366556096847 ], [ 81.534558192108051, 6.608366556096847 ], [ 81.534598616295838, 6.608406980284633 ], [ 81.534598616295838, 6.608415963437474 ], [ 81.534558192108051, 6.608456387625259 ], [ 81.534549208955212, 6.608456387625259 ], [ 81.534508784767425, 6.608415963437474 ], [ 81.534508784767425, 6.608406980284633 ], [ 81.534549208955212, 6.608366556096847 ] ], [ [ 81.535227436994717, 6.608415963437474 ], [ 81.535227436994717, 6.608406980284633 ], [ 81.535267861182504, 6.608366556096847 ], [ 81.535276844335343, 6.608366556096847 ], [ 81.53531726852313, 6.608406980284633 ], [ 81.53531726852313, 6.608415963437474 ], [ 81.535276844335343, 6.608456387625259 ], [ 81.535267861182504, 6.608456387625259 ], [ 81.535227436994717, 6.608415963437474 ] ], [ [ 81.534778279352651, 6.608685458022709 ], [ 81.534778279352651, 6.608676474869869 ], [ 81.534818703540438, 6.608636050682083 ], [ 81.534827686693276, 6.608636050682083 ], [ 81.534868110881064, 6.608676474869869 ], [ 81.534868110881064, 6.608685458022709 ], [ 81.534827686693276, 6.608725882210495 ], [ 81.534818703540438, 6.608725882210495 ], [ 81.534778279352651, 6.608685458022709 ] ], [ [ 81.535676594636783, 6.608676474869869 ], [ 81.535676594636783, 6.608685458022709 ], [ 81.535595746261208, 6.608725882210495 ], [ 81.535577779955531, 6.608725882210495 ], [ 81.535496931579956, 6.608685458022709 ], [ 81.535496931579956, 6.608676474869869 ], [ 81.535577779955531, 6.608636050682083 ], [ 81.535595746261208, 6.608636050682083 ], [ 81.535676594636783, 6.608676474869869 ] ], [ [ 81.544659747477965, 6.609224447193181 ], [ 81.544659747477965, 6.60921546404034 ], [ 81.544700171665752, 6.609175039852555 ], [ 81.544709154818591, 6.609175039852555 ], [ 81.544749579006378, 6.60921546404034 ], [ 81.544749579006378, 6.609224447193181 ], [ 81.544709154818591, 6.609264871380967 ], [ 81.544700171665752, 6.609264871380967 ], [ 81.544659747477965, 6.609224447193181 ] ], [ [ 81.544929242063205, 6.609395127097164 ], [ 81.544929242063205, 6.609404110250006 ], [ 81.544888817875417, 6.609444534437791 ], [ 81.544879834722579, 6.609444534437791 ], [ 81.544839410534792, 6.609404110250006 ], [ 81.544839410534792, 6.609395127097164 ], [ 81.544879834722579, 6.609354702909378 ], [ 81.544888817875417, 6.609354702909378 ], [ 81.544929242063205, 6.609395127097164 ] ], [ [ 81.54915132389857, 6.610482088590949 ], [ 81.54915132389857, 6.610473105438108 ], [ 81.549191748086344, 6.610432681250322 ], [ 81.54920073123921, 6.610432681250322 ], [ 81.549241155426984, 6.610473105438108 ], [ 81.549241155426984, 6.610482088590949 ], [ 81.54920073123921, 6.610522512778735 ], [ 81.549191748086344, 6.610522512778735 ], [ 81.54915132389857, 6.610482088590949 ] ], [ [ 81.553373405733936, 6.610800990516811 ], [ 81.553373405733936, 6.610783024211129 ], [ 81.553454254109511, 6.610702175835558 ], [ 81.553472220415188, 6.610702175835558 ], [ 81.553553068790762, 6.610742600023343 ], [ 81.553553068790762, 6.610751583176184 ], [ 81.553512644602975, 6.61079200736397 ], [ 81.553503661450137, 6.61079200736397 ], [ 81.553463237262349, 6.610832431551755 ], [ 81.553463237262349, 6.610841414704597 ], [ 81.553422813074576, 6.610881838892382 ], [ 81.553413829921709, 6.610881838892382 ], [ 81.553373405733936, 6.610800990516811 ] ], [ [ 81.553602476131374, 6.610881838892382 ], [ 81.553593492978536, 6.610881838892382 ], [ 81.553553068790762, 6.610841414704597 ], [ 81.553553068790762, 6.610832431551755 ], [ 81.553593492978536, 6.61079200736397 ], [ 81.553602476131374, 6.61079200736397 ], [ 81.553642900319161, 6.610832431551755 ], [ 81.553642900319161, 6.610841414704597 ], [ 81.553602476131374, 6.610881838892382 ] ], [ [ 81.553642900319161, 6.610473105438108 ], [ 81.553642900319161, 6.610482088590949 ], [ 81.553602476131374, 6.610522512778735 ], [ 81.553593492978536, 6.610522512778735 ], [ 81.553553068790762, 6.610482088590949 ], [ 81.553553068790762, 6.610473105438108 ], [ 81.553593492978536, 6.610432681250322 ], [ 81.553602476131374, 6.610432681250322 ], [ 81.553642900319161, 6.610473105438108 ] ], [ [ 81.566398977353657, 6.610832431551755 ], [ 81.566398977353657, 6.610841414704597 ], [ 81.566358553165884, 6.610881838892382 ], [ 81.566349570013045, 6.610881838892382 ], [ 81.566309145825258, 6.610841414704597 ], [ 81.566309145825258, 6.610832431551755 ], [ 81.566349570013045, 6.61079200736397 ], [ 81.566358553165884, 6.61079200736397 ], [ 81.566398977353657, 6.610832431551755 ] ], [ [ 81.56447209106922, 6.611330996534441 ], [ 81.564463107916382, 6.611330996534441 ], [ 81.564422683728594, 6.611290572346656 ], [ 81.564422683728594, 6.611281589193815 ], [ 81.564463107916382, 6.61124116500603 ], [ 81.56447209106922, 6.61124116500603 ], [ 81.564512515257007, 6.611281589193815 ], [ 81.564512515257007, 6.611290572346656 ], [ 81.56447209106922, 6.611330996534441 ] ], [ [ 81.564602346785421, 6.611501676438424 ], [ 81.564602346785421, 6.611519642744106 ], [ 81.564521498409846, 6.611600491119678 ], [ 81.564503532104169, 6.611600491119678 ], [ 81.564422683728594, 6.611560066931892 ], [ 81.564422683728594, 6.611551083779052 ], [ 81.564463107916382, 6.611510659591266 ], [ 81.56447209106922, 6.611510659591266 ], [ 81.564512515257007, 6.61147023540348 ], [ 81.564512515257007, 6.611461252250639 ], [ 81.564552939444795, 6.611420828062854 ], [ 81.564561922597633, 6.611420828062854 ], [ 81.564602346785421, 6.611501676438424 ] ], [ [ 81.564243020671782, 6.611551083779052 ], [ 81.564243020671782, 6.611560066931892 ], [ 81.564202596483995, 6.611600491119678 ], [ 81.564193613331156, 6.611600491119678 ], [ 81.564153189143369, 6.611560066931892 ], [ 81.564153189143369, 6.611551083779052 ], [ 81.564193613331156, 6.611510659591266 ], [ 81.564202596483995, 6.611510659591266 ], [ 81.564243020671782, 6.611551083779052 ] ], [ [ 81.559751444251177, 6.611829561517128 ], [ 81.559751444251177, 6.611820578364287 ], [ 81.559791868438964, 6.611780154176501 ], [ 81.559800851591802, 6.611780154176501 ], [ 81.55984127577959, 6.611739729988716 ], [ 81.55984127577959, 6.611730746835875 ], [ 81.559881699967377, 6.611690322648089 ], [ 81.559890683120216, 6.611690322648089 ], [ 81.559931107308003, 6.611811595211446 ], [ 81.559931107308003, 6.611838544669968 ], [ 81.559890683120216, 6.611959817233325 ], [ 81.559881699967377, 6.611959817233325 ], [ 81.55984127577959, 6.61191939304554 ], [ 81.55984127577959, 6.611910409892699 ], [ 81.559800851591802, 6.611869985704914 ], [ 81.559791868438964, 6.611869985704914 ], [ 81.559751444251177, 6.611829561517128 ] ], [ [ 81.560200601893243, 6.611910409892699 ], [ 81.560200601893243, 6.61191939304554 ], [ 81.560160177705455, 6.611959817233325 ], [ 81.560151194552617, 6.611959817233325 ], [ 81.56011077036483, 6.61191939304554 ], [ 81.56011077036483, 6.611910409892699 ], [ 81.560151194552617, 6.611869985704914 ], [ 81.560160177705455, 6.611869985704914 ], [ 81.560200601893243, 6.611910409892699 ] ], [ [ 81.562446390103531, 6.611910409892699 ], [ 81.562446390103531, 6.61191939304554 ], [ 81.562405965915758, 6.611959817233325 ], [ 81.562396982762905, 6.611959817233325 ], [ 81.562356558575132, 6.61191939304554 ], [ 81.562356558575132, 6.611910409892699 ], [ 81.562396982762905, 6.611869985704914 ], [ 81.562405965915758, 6.611869985704914 ], [ 81.562446390103531, 6.611910409892699 ] ], [ [ 81.56011077036483, 6.612099056102363 ], [ 81.56011077036483, 6.612090072949522 ], [ 81.560151194552617, 6.612049648761737 ], [ 81.560160177705455, 6.612049648761737 ], [ 81.560200601893243, 6.612090072949522 ], [ 81.560200601893243, 6.612099056102363 ], [ 81.560160177705455, 6.612139480290149 ], [ 81.560151194552617, 6.612139480290149 ], [ 81.56011077036483, 6.612099056102363 ] ], [ [ 81.555888688529464, 6.612548213744423 ], [ 81.555888688529464, 6.612539230591583 ], [ 81.555929112717251, 6.612498806403798 ], [ 81.55593809587009, 6.612498806403798 ], [ 81.555978520057877, 6.612539230591583 ], [ 81.555978520057877, 6.612548213744423 ], [ 81.55593809587009, 6.612588637932209 ], [ 81.555929112717251, 6.612588637932209 ], [ 81.555888688529464, 6.612548213744423 ] ] ] ] } },
{ "type": "Feature", "properties": { "fid": 1410660.0, "DN": 3, "area": 4737 }, "geometry": { "type": "MultiPolygon", "coordinates": [ [ [ [ 81.499245418289306, 6.607827566926376 ], [ 81.499254401442144, 6.607827566926376 ], [ 81.499294825629931, 6.607787142738591 ], [ 81.499294825629931, 6.607778159585749 ], [ 81.499375674005506, 6.607737735397963 ], [ 81.499393640311183, 6.607737735397963 ], [ 81.499474488686758, 6.607656887022393 ], [ 81.499474488686758, 6.607638920716711 ], [ 81.499312791935608, 6.60755807234114 ], [ 81.499276859324254, 6.60755807234114 ], [ 81.499115162573105, 6.607477223965569 ], [ 81.499115162573105, 6.607459257659887 ], [ 81.49903431419753, 6.607378409284316 ], [ 81.499016347891853, 6.607378409284316 ], [ 81.498935499516293, 6.607297560908744 ], [ 81.498935499516293, 6.607279594603062 ], [ 81.498612106014008, 6.607198746227492 ], [ 81.498540240791272, 6.607198746227492 ], [ 81.498216847288987, 6.607320018790848 ], [ 81.498216847288987, 6.607346968249371 ], [ 81.498297695664562, 6.607468240812727 ], [ 81.498315661970238, 6.607468240812727 ], [ 81.498396510345813, 6.607508665000513 ], [ 81.498396510345813, 6.607517648153355 ], [ 81.498639055472523, 6.60755807234114 ], [ 81.498692954389583, 6.60755807234114 ], [ 81.498935499516293, 6.607638920716711 ], [ 81.498935499516293, 6.607656887022393 ], [ 81.49897592370408, 6.607737735397963 ], [ 81.498984906856919, 6.607737735397963 ], [ 81.499025331044706, 6.607778159585749 ], [ 81.499025331044706, 6.607787142738591 ], [ 81.499065755232493, 6.607827566926376 ], [ 81.499074738385332, 6.607827566926376 ], [ 81.499115162573105, 6.607867991114161 ], [ 81.499115162573105, 6.607876974267002 ], [ 81.499155586760892, 6.607917398454788 ], [ 81.499164569913731, 6.607917398454788 ], [ 81.499204994101518, 6.607876974267002 ], [ 81.499204994101518, 6.607867991114161 ], [ 81.499245418289306, 6.607827566926376 ] ], [ [ 81.498486341874226, 6.60733798509653 ], [ 81.498486341874226, 6.60732900194369 ], [ 81.498526766062014, 6.607288577755904 ], [ 81.498535749214852, 6.607288577755904 ], [ 81.49857617340264, 6.60732900194369 ], [ 81.49857617340264, 6.60733798509653 ], [ 81.498535749214852, 6.607378409284316 ], [ 81.498526766062014, 6.607378409284316 ], [ 81.498486341874226, 6.60733798509653 ] ], [ [ 81.499204994101518, 6.607697311210178 ], [ 81.499204994101518, 6.607688328057337 ], [ 81.499245418289306, 6.607647903869552 ], [ 81.499254401442144, 6.607647903869552 ], [ 81.499294825629931, 6.607688328057337 ], [ 81.499294825629931, 6.607697311210178 ], [ 81.499254401442144, 6.607737735397963 ], [ 81.499245418289306, 6.607737735397963 ], [ 81.499204994101518, 6.607697311210178 ] ] ] ] } },
{ "type": "Feature", "properties": { "fid": 1410908.0, "DN": 3, "area": 7500 }, "geometry": { "type": "MultiPolygon", "coordinates": [ [ [ [ 81.492000505522896, 6.607737735397963 ], [ 81.492036438134249, 6.607737735397963 ], [ 81.492198134885399, 6.607818583773534 ], [ 81.492198134885399, 6.607836550079217 ], [ 81.49227898326096, 6.607917398454788 ], [ 81.492296949566651, 6.607917398454788 ], [ 81.492377797942211, 6.607715277515861 ], [ 81.492377797942211, 6.607670361751654 ], [ 81.492458646317786, 6.607468240812727 ], [ 81.492476612623463, 6.607468240812727 ], [ 81.492557460999038, 6.607427816624941 ], [ 81.492557460999038, 6.607418833472101 ], [ 81.4926787335624, 6.607378409284316 ], [ 81.492705683020915, 6.607378409284316 ], [ 81.492826955584277, 6.60733798509653 ], [ 81.492826955584277, 6.60732900194369 ], [ 81.492907803959852, 6.607288577755904 ], [ 81.492925770265529, 6.607288577755904 ], [ 81.493006618641104, 6.607248153568118 ], [ 81.493006618641104, 6.607239170415277 ], [ 81.493047042828891, 6.607198746227492 ], [ 81.49305602598173, 6.607198746227492 ], [ 81.493096450169517, 6.607158322039706 ], [ 81.493096450169517, 6.607149338886865 ], [ 81.493177298545078, 6.607108914699079 ], [ 81.493195264850769, 6.607108914699079 ], [ 81.493276113226329, 6.607068490511294 ], [ 81.493276113226329, 6.607059507358453 ], [ 81.493356961601904, 6.607019083170668 ], [ 81.493374927907581, 6.607019083170668 ], [ 81.493455776283156, 6.606938234795097 ], [ 81.493455776283156, 6.606920268489414 ], [ 81.493415352095369, 6.606839420113844 ], [ 81.49340636894253, 6.606839420113844 ], [ 81.493365944754743, 6.606758571738274 ], [ 81.493365944754743, 6.606740605432591 ], [ 81.493325520566955, 6.60665975705702 ], [ 81.493316537414117, 6.60665975705702 ], [ 81.493276113226329, 6.606700181244806 ], [ 81.493276113226329, 6.606709164397646 ], [ 81.493235689038556, 6.606749588585432 ], [ 81.493226705885689, 6.606749588585432 ], [ 81.493186281697916, 6.606790012773217 ], [ 81.493186281697916, 6.606798995926058 ], [ 81.493105433322341, 6.606839420113844 ], [ 81.493087467016665, 6.606839420113844 ], [ 81.493006618641104, 6.606920268489414 ], [ 81.493006618641104, 6.606938234795097 ], [ 81.492885346077742, 6.607019083170668 ], [ 81.492858396619226, 6.607019083170668 ], [ 81.492737124055864, 6.606978658982882 ], [ 81.492737124055864, 6.606969675830042 ], [ 81.492656275680289, 6.606929251642256 ], [ 81.492638309374613, 6.606929251642256 ], [ 81.492557460999038, 6.607050524205612 ], [ 81.492557460999038, 6.607077473664136 ], [ 81.49251703681125, 6.607198746227492 ], [ 81.492508053658412, 6.607198746227492 ], [ 81.492467629470625, 6.607158322039706 ], [ 81.492467629470625, 6.607149338886865 ], [ 81.492427205282837, 6.607108914699079 ], [ 81.492418222129999, 6.607108914699079 ], [ 81.492377797942211, 6.607189763074651 ], [ 81.492377797942211, 6.607207729380333 ], [ 81.492337373754424, 6.607288577755904 ], [ 81.492328390601585, 6.607288577755904 ], [ 81.492287966413798, 6.607248153568118 ], [ 81.492287966413798, 6.607239170415277 ], [ 81.492247542226011, 6.607198746227492 ], [ 81.492238559073172, 6.607198746227492 ], [ 81.492198134885399, 6.607279594603062 ], [ 81.492198134885399, 6.607297560908744 ], [ 81.492117286509824, 6.607378409284316 ], [ 81.492099320204147, 6.607378409284316 ], [ 81.492018471828573, 6.607459257659887 ], [ 81.492018471828573, 6.607477223965569 ], [ 81.491937623452998, 6.60755807234114 ], [ 81.491919657147321, 6.60755807234114 ], [ 81.491838808771746, 6.607598496528926 ], [ 81.491838808771746, 6.607607479681766 ], [ 81.491757960396171, 6.607647903869552 ], [ 81.491739994090494, 6.607647903869552 ], [ 81.49165914571492, 6.607769176432908 ], [ 81.49165914571492, 6.607796125891432 ], [ 81.491739994090494, 6.607917398454788 ], [ 81.491757960396171, 6.607917398454788 ], [ 81.491838808771746, 6.607836550079217 ], [ 81.491838808771746, 6.607818583773534 ], [ 81.492000505522896, 6.607737735397963 ] ], [ [ 81.492287966413798, 6.607688328057337 ], [ 81.492287966413798, 6.607697311210178 ], [ 81.492247542226011, 6.607737735397963 ], [ 81.492238559073172, 6.607737735397963 ], [ 81.492198134885399, 6.607697311210178 ], [ 81.492198134885399, 6.607688328057337 ], [ 81.492238559073172, 6.607647903869552 ], [ 81.492247542226011, 6.607647903869552 ], [ 81.492287966413798, 6.607688328057337 ] ] ] ] } },
{ "type": "Feature", "properties": { "fid": 1410998.0, "DN": 3, "area": 7106 }, "geometry": { "type": "MultiPolygon", "coordinates": [ [ [ [ 81.591592229496797, 6.607737735397963 ], [ 81.591601212649635, 6.607737735397963 ], [ 81.591641636837423, 6.607778159585749 ], [ 81.591641636837423, 6.607787142738591 ], [ 81.59168206102521, 6.607827566926376 ], [ 81.591691044178049, 6.607827566926376 ], [ 81.591731468365836, 6.607585021799664 ], [ 81.591731468365836, 6.607531122882616 ], [ 81.591771892553624, 6.607288577755904 ], [ 81.591780875706462, 6.607288577755904 ], [ 81.591821299894249, 6.607207729380333 ], [ 81.591821299894249, 6.607189763074651 ], [ 81.591780875706462, 6.607108914699079 ], [ 81.591771892553624, 6.607108914699079 ], [ 81.591731468365836, 6.607068490511294 ], [ 81.591731468365836, 6.607059507358453 ], [ 81.591771892553624, 6.607019083170668 ], [ 81.591780875706462, 6.607019083170668 ], [ 81.591821299894249, 6.606978658982882 ], [ 81.591821299894249, 6.606969675830042 ], [ 81.591780875706462, 6.606929251642256 ], [ 81.591771892553624, 6.606929251642256 ], [ 81.591731468365836, 6.606888827454471 ], [ 81.591731468365836, 6.60687984430163 ], [ 81.591691044178049, 6.606839420113844 ], [ 81.59168206102521, 6.606839420113844 ], [ 81.591641636837423, 6.60687984430163 ], [ 81.591641636837423, 6.606888827454471 ], [ 81.591601212649635, 6.606929251642256 ], [ 81.591592229496797, 6.606929251642256 ], [ 81.59155180530901, 6.606888827454471 ], [ 81.59155180530901, 6.60687984430163 ], [ 81.591511381121222, 6.606839420113844 ], [ 81.591502397968384, 6.606839420113844 ], [ 81.591461973780596, 6.606718147550488 ], [ 81.591461973780596, 6.606691198091965 ], [ 81.591542822156157, 6.606569925528609 ], [ 81.591560788461862, 6.606569925528609 ], [ 81.591641636837423, 6.606529501340823 ], [ 81.591641636837423, 6.606520518187981 ], [ 81.591520364274061, 6.606480094000196 ], [ 81.591493414815545, 6.606480094000196 ], [ 81.591372142252183, 6.606560942375767 ], [ 81.591372142252183, 6.606578908681449 ], [ 81.591331718064396, 6.60665975705702 ], [ 81.591322734911557, 6.60665975705702 ], [ 81.59128231072377, 6.606700181244806 ], [ 81.59128231072377, 6.606709164397646 ], [ 81.591241886535983, 6.606749588585432 ], [ 81.591232903383144, 6.606749588585432 ], [ 81.591192479195357, 6.606951709524359 ], [ 81.591192479195357, 6.606996625288565 ], [ 81.591111630819796, 6.607198746227492 ], [ 81.591093664514105, 6.607198746227492 ], [ 81.591012816138544, 6.607320018790848 ], [ 81.591012816138544, 6.607346968249371 ], [ 81.59093196776297, 6.607468240812727 ], [ 81.590914001457293, 6.607468240812727 ], [ 81.590833153081718, 6.607589513376084 ], [ 81.590833153081718, 6.607616462834606 ], [ 81.590873577269505, 6.607737735397963 ], [ 81.590882560422344, 6.607737735397963 ], [ 81.590922984610131, 6.607656887022393 ], [ 81.590922984610131, 6.607638920716711 ], [ 81.590963408797919, 6.60755807234114 ], [ 81.590972391950757, 6.60755807234114 ], [ 81.591012816138544, 6.607598496528926 ], [ 81.591012816138544, 6.607607479681766 ], [ 81.591053240326318, 6.607647903869552 ], [ 81.591062223479184, 6.607647903869552 ], [ 81.591102647666958, 6.607526631306195 ], [ 81.591102647666958, 6.607499681847672 ], [ 81.591143071854731, 6.607378409284316 ], [ 81.591152055007569, 6.607378409284316 ], [ 81.591192479195357, 6.60733798509653 ], [ 81.591192479195357, 6.60732900194369 ], [ 81.591313751758719, 6.607288577755904 ], [ 81.591340701217234, 6.607288577755904 ], [ 81.591461973780596, 6.607409850319261 ], [ 81.591461973780596, 6.607436799777783 ], [ 81.591421549592809, 6.60755807234114 ], [ 81.591412566439971, 6.60755807234114 ], [ 81.591372142252183, 6.607760193280066 ], [ 81.591372142252183, 6.607805109044273 ], [ 81.591452990627758, 6.608007229983199 ], [ 81.591470956933435, 6.608007229983199 ], [ 81.59155180530901, 6.607885957419843 ], [ 81.59155180530901, 6.607859007961319 ], [ 81.591592229496797, 6.607737735397963 ] ], [ [ 81.59128231072377, 6.606978658982882 ], [ 81.59128231072377, 6.606969675830042 ], [ 81.591322734911557, 6.606929251642256 ], [ 81.591331718064396, 6.606929251642256 ], [ 81.591372142252183, 6.606969675830042 ], [ 81.591372142252183, 6.606978658982882 ], [ 81.591331718064396, 6.607019083170668 ], [ 81.591322734911557, 6.607019083170668 ], [ 81.59128231072377, 6.606978658982882 ] ], [ [ 81.591641636837423, 6.60732900194369 ], [ 81.591641636837423, 6.60733798509653 ], [ 81.591601212649635, 6.607378409284316 ], [ 81.591592229496797, 6.607378409284316 ], [ 81.59155180530901, 6.60733798509653 ], [ 81.59155180530901, 6.60732900194369 ], [ 81.591592229496797, 6.607288577755904 ], [ 81.591601212649635, 6.607288577755904 ], [ 81.591641636837423, 6.60732900194369 ] ], [ [ 81.591641636837423, 6.607549089188298 ], [ 81.591641636837423, 6.60756705549398 ], [ 81.591601212649635, 6.607647903869552 ], [ 81.591592229496797, 6.607647903869552 ], [ 81.59155180530901, 6.60756705549398 ], [ 81.59155180530901, 6.607549089188298 ], [ 81.591592229496797, 6.607468240812727 ], [ 81.591601212649635, 6.607468240812727 ], [ 81.591641636837423, 6.607549089188298 ] ] ] ] } },
{ "type": "Feature", "properties": { "fid": 1411268.0, "DN": 3, "area": 6711 }, "geometry": { "type": "MultiPolygon", "coordinates": [ [ [ [ 81.493976799147958, 6.607019083170668 ], [ 81.494012731759312, 6.607019083170668 ], [ 81.494174428510462, 6.606938234795097 ], [ 81.494174428510462, 6.606920268489414 ], [ 81.494093580134887, 6.606839420113844 ], [ 81.49407561382921, 6.606839420113844 ], [ 81.493994765453635, 6.606758571738274 ], [ 81.493994765453635, 6.606740605432591 ], [ 81.494035189641423, 6.60665975705702 ], [ 81.494044172794261, 6.60665975705702 ], [ 81.494084596982049, 6.606619332869235 ], [ 81.494084596982049, 6.606610349716394 ], [ 81.494125021169822, 6.606569925528609 ], [ 81.494134004322689, 6.606569925528609 ], [ 81.494174428510462, 6.606529501340823 ], [ 81.494174428510462, 6.606520518187981 ], [ 81.494255276886037, 6.606480094000196 ], [ 81.494273243191714, 6.606480094000196 ], [ 81.494354091567274, 6.60643966981241 ], [ 81.494354091567274, 6.60643068665957 ], [ 81.494434939942849, 6.606390262471784 ], [ 81.494452906248526, 6.606390262471784 ], [ 81.494533754624101, 6.606349838283998 ], [ 81.494533754624101, 6.606340855131158 ], [ 81.494735875563038, 6.606300430943373 ], [ 81.49478079132723, 6.606300430943373 ], [ 81.494982912266167, 6.606260006755587 ], [ 81.494982912266167, 6.606251023602746 ], [ 81.495023336453954, 6.60621059941496 ], [ 81.495032319606793, 6.60621059941496 ], [ 81.49507274379458, 6.606251023602746 ], [ 81.49507274379458, 6.606260006755587 ], [ 81.495234440545715, 6.606300430943373 ], [ 81.495270373157084, 6.606300430943373 ], [ 81.495432069908219, 6.606260006755587 ], [ 81.495432069908219, 6.606251023602746 ], [ 81.495512918283794, 6.60621059941496 ], [ 81.495530884589471, 6.60621059941496 ], [ 81.495611732965045, 6.606170175227176 ], [ 81.495611732965045, 6.606161192074333 ], [ 81.49569258134062, 6.606120767886548 ], [ 81.495710547646297, 6.606120767886548 ], [ 81.495791396021872, 6.606039919510978 ], [ 81.495791396021872, 6.606021953205295 ], [ 81.495589275082949, 6.605941104829725 ], [ 81.495544359318728, 6.605941104829725 ], [ 81.495342238379806, 6.606021953205295 ], [ 81.495342238379806, 6.606039919510978 ], [ 81.495220965816458, 6.606120767886548 ], [ 81.495194016357928, 6.606120767886548 ], [ 81.49507274379458, 6.606080343698762 ], [ 81.49507274379458, 6.606071360545922 ], [ 81.494991895419005, 6.606030936358136 ], [ 81.494973929113328, 6.606030936358136 ], [ 81.494893080737754, 6.606071360545922 ], [ 81.494893080737754, 6.606080343698762 ], [ 81.494731383986618, 6.606120767886548 ], [ 81.494695451375236, 6.606120767886548 ], [ 81.494533754624101, 6.606161192074333 ], [ 81.494533754624101, 6.606170175227176 ], [ 81.494452906248526, 6.60621059941496 ], [ 81.494434939942849, 6.60621059941496 ], [ 81.494354091567274, 6.606251023602746 ], [ 81.494354091567274, 6.606260006755587 ], [ 81.494273243191714, 6.606300430943373 ], [ 81.494255276886037, 6.606300430943373 ], [ 81.494174428510462, 6.606340855131158 ], [ 81.494174428510462, 6.606349838283998 ], [ 81.494134004322689, 6.606390262471784 ], [ 81.494125021169822, 6.606390262471784 ], [ 81.494084596982049, 6.60643068665957 ], [ 81.494084596982049, 6.60643966981241 ], [ 81.493963324418687, 6.606480094000196 ], [ 81.493936374960171, 6.606480094000196 ], [ 81.493815102396809, 6.606560942375767 ], [ 81.493815102396809, 6.606578908681449 ], [ 81.493734254021234, 6.60665975705702 ], [ 81.493716287715557, 6.60665975705702 ], [ 81.493635439339982, 6.606700181244806 ], [ 81.493635439339982, 6.606709164397646 ], [ 81.493595015152195, 6.606749588585432 ], [ 81.493586031999357, 6.606749588585432 ], [ 81.493545607811569, 6.606709164397646 ], [ 81.493545607811569, 6.606700181244806 ], [ 81.493505183623782, 6.60665975705702 ], [ 81.493496200470943, 6.60665975705702 ], [ 81.493455776283156, 6.606740605432591 ], [ 81.493455776283156, 6.606758571738274 ], [ 81.493617473034305, 6.606839420113844 ], [ 81.493653405645659, 6.606839420113844 ], [ 81.493815102396809, 6.606920268489414 ], [ 81.493815102396809, 6.606938234795097 ], [ 81.493976799147958, 6.607019083170668 ] ] ] ] } },
{ "type": "Feature", "properties": { "fid": 1411345.0, "DN": 3, "area": 6316 }, "geometry": { "type": "MultiPolygon", "coordinates": [ [ [ [ 81.591812316741411, 6.606839420113844 ], [ 81.591830283047088, 6.606839420113844 ], [ 81.591911131422663, 6.606718147550488 ], [ 81.591911131422663, 6.606691198091965 ], [ 81.59195155561045, 6.606569925528609 ], [ 81.591960538763288, 6.606569925528609 ], [ 81.592000962951076, 6.606529501340823 ], [ 81.592000962951076, 6.606520518187981 ], [ 81.592041387138863, 6.606480094000196 ], [ 81.592050370291702, 6.606480094000196 ], [ 81.592090794479489, 6.606560942375767 ], [ 81.592090794479489, 6.606578908681449 ], [ 81.592131218667276, 6.60665975705702 ], [ 81.592140201820115, 6.60665975705702 ], [ 81.592180626007888, 6.606619332869235 ], [ 81.592180626007888, 6.606610349716394 ], [ 81.592221050195676, 6.606569925528609 ], [ 81.592230033348514, 6.606569925528609 ], [ 81.592270457536301, 6.606610349716394 ], [ 81.592270457536301, 6.606619332869235 ], [ 81.592310881724089, 6.60665975705702 ], [ 81.592319864876927, 6.60665975705702 ], [ 81.592360289064715, 6.606619332869235 ], [ 81.592360289064715, 6.606610349716394 ], [ 81.592400713252502, 6.606569925528609 ], [ 81.59240969640534, 6.606569925528609 ], [ 81.592450120593128, 6.606529501340823 ], [ 81.592450120593128, 6.606520518187981 ], [ 81.592530968968703, 6.606480094000196 ], [ 81.59254893527438, 6.606480094000196 ], [ 81.592629783649954, 6.606399245624625 ], [ 81.592629783649954, 6.606381279318943 ], [ 81.592670207837742, 6.606300430943373 ], [ 81.59267919099058, 6.606300430943373 ], [ 81.592719615178368, 6.606138734192232 ], [ 81.592719615178368, 6.606102801580866 ], [ 81.59267919099058, 6.605941104829725 ], [ 81.592670207837742, 6.605941104829725 ], [ 81.592629783649954, 6.606021953205295 ], [ 81.592629783649954, 6.606039919510978 ], [ 81.592589359462167, 6.606120767886548 ], [ 81.592580376309328, 6.606120767886548 ], [ 81.592539952121541, 6.606161192074333 ], [ 81.592539952121541, 6.606170175227176 ], [ 81.592499527933768, 6.60621059941496 ], [ 81.592490544780901, 6.60621059941496 ], [ 81.592450120593128, 6.60612975103939 ], [ 81.592450120593128, 6.606111784733707 ], [ 81.59240969640534, 6.606030936358136 ], [ 81.592400713252502, 6.606030936358136 ], [ 81.592360289064715, 6.605990512170351 ], [ 81.592360289064715, 6.605981529017511 ], [ 81.59227944068914, 6.605941104829725 ], [ 81.592261474383463, 6.605941104829725 ], [ 81.592180626007888, 6.605860256454154 ], [ 81.592180626007888, 6.605842290148471 ], [ 81.592140201820115, 6.6057614417729 ], [ 81.592131218667276, 6.6057614417729 ], [ 81.592090794479489, 6.605842290148471 ], [ 81.592090794479489, 6.605860256454154 ], [ 81.592050370291702, 6.605941104829725 ], [ 81.592041387138863, 6.605941104829725 ], [ 81.592000962951076, 6.606021953205295 ], [ 81.592000962951076, 6.606039919510978 ], [ 81.591960538763288, 6.606120767886548 ], [ 81.59195155561045, 6.606120767886548 ], [ 81.591911131422663, 6.606201616262119 ], [ 81.591911131422663, 6.606219582567801 ], [ 81.591830283047088, 6.606300430943373 ], [ 81.591812316741411, 6.606300430943373 ], [ 81.591731468365836, 6.606421703506729 ], [ 81.591731468365836, 6.606448652965252 ], [ 81.591771892553624, 6.606569925528609 ], [ 81.591780875706462, 6.606569925528609 ], [ 81.591821299894249, 6.606610349716394 ], [ 81.591821299894249, 6.606619332869235 ], [ 81.591780875706462, 6.60665975705702 ], [ 81.591771892553624, 6.60665975705702 ], [ 81.591731468365836, 6.606740605432591 ], [ 81.591731468365836, 6.606758571738274 ], [ 81.591812316741411, 6.606839420113844 ] ] ] ] } },
{ "type": "Feature", "properties": { "fid": 1412837.0, "DN": 3, "area": 16777 }, "geometry": { "type": "MultiPolygon", "coordinates": [ [ [ [ 81.593020550798542, 6.60432413731831 ], [ 81.593047500257072, 6.60432413731831 ], [ 81.59316877282042, 6.604283713130524 ], [ 81.59316877282042, 6.604274729977683 ], [ 81.593209197008207, 6.604234305789897 ], [ 81.593218180161045, 6.604234305789897 ], [ 81.593258604348833, 6.604193881602112 ], [ 81.593258604348833, 6.604184898449271 ], [ 81.593581997851118, 6.604144474261485 ], [ 81.593653863073854, 6.604144474261485 ], [ 81.593977256576139, 6.604184898449271 ], [ 81.593977256576139, 6.604193881602112 ], [ 81.593936832388351, 6.604234305789897 ], [ 81.593927849235513, 6.604234305789897 ], [ 81.593887425047726, 6.604274729977683 ], [ 81.593887425047726, 6.604283713130524 ], [ 81.594129970174436, 6.60432413731831 ], [ 81.594183869091495, 6.60432413731831 ], [ 81.594426414218191, 6.604202864754953 ], [ 81.594426414218191, 6.60417591529643 ], [ 81.594385990030418, 6.604054642733074 ], [ 81.594377006877551, 6.604054642733074 ], [ 81.594336582689778, 6.604014218545288 ], [ 81.594336582689778, 6.604005235392448 ], [ 81.594457855253125, 6.603964811204662 ], [ 81.594484804711669, 6.603964811204662 ], [ 81.594606077275017, 6.604005235392448 ], [ 81.594606077275017, 6.604014218545288 ], [ 81.594686925650592, 6.604054642733074 ], [ 81.594704891956269, 6.604054642733074 ], [ 81.594785740331844, 6.604095066920859 ], [ 81.594785740331844, 6.604104050073699 ], [ 81.594866588707418, 6.604144474261485 ], [ 81.594884555013095, 6.604144474261485 ], [ 81.59496540338867, 6.604104050073699 ], [ 81.59496540338867, 6.604095066920859 ], [ 81.595005827576458, 6.604054642733074 ], [ 81.595014810729296, 6.604054642733074 ], [ 81.595055234917083, 6.604095066920859 ], [ 81.595055234917083, 6.604104050073699 ], [ 81.595095659104857, 6.604144474261485 ], [ 81.595104642257695, 6.604144474261485 ], [ 81.595145066445482, 6.603901929134773 ], [ 81.595145066445482, 6.603848030217726 ], [ 81.595225914821057, 6.603605485091014 ], [ 81.595243881126734, 6.603605485091014 ], [ 81.595324729502309, 6.603565060903228 ], [ 81.595324729502309, 6.603556077750387 ], [ 81.595365153690096, 6.603515653562601 ], [ 81.595374136842935, 6.603515653562601 ], [ 81.595414561030722, 6.603475229374816 ], [ 81.595414561030722, 6.603466246221975 ], [ 81.595535833594084, 6.60342582203419 ], [ 81.5955627830526, 6.60342582203419 ], [ 81.595684055615962, 6.603344973658618 ], [ 81.595684055615962, 6.603327007352936 ], [ 81.595764903991522, 6.603246158977366 ], [ 81.595782870297228, 6.603246158977366 ], [ 81.595863718672788, 6.60320573478958 ], [ 81.595863718672788, 6.603196751636739 ], [ 81.595823294485001, 6.603156327448954 ], [ 81.595814311332163, 6.603156327448954 ], [ 81.595773887144375, 6.603035054885598 ], [ 81.595773887144375, 6.603008105427074 ], [ 81.595652614581013, 6.602886832863718 ], [ 81.595625665122498, 6.602886832863718 ], [ 81.595504392559135, 6.602927257051504 ], [ 81.595504392559135, 6.602936240204345 ], [ 81.595463968371348, 6.602976664392131 ], [ 81.59545498521851, 6.602976664392131 ], [ 81.595414561030722, 6.603017088579916 ], [ 81.595414561030722, 6.603026071732756 ], [ 81.595374136842935, 6.603066495920542 ], [ 81.595365153690096, 6.603066495920542 ], [ 81.595324729502309, 6.603147344296113 ], [ 81.595324729502309, 6.603165310601796 ], [ 81.595243881126734, 6.603246158977366 ], [ 81.595225914821057, 6.603246158977366 ], [ 81.595145066445482, 6.603327007352936 ], [ 81.595145066445482, 6.603344973658618 ], [ 81.595064218069922, 6.60342582203419 ], [ 81.595046251764245, 6.60342582203419 ], [ 81.59496540338867, 6.603466246221975 ], [ 81.59496540338867, 6.603475229374816 ], [ 81.594924979200883, 6.603515653562601 ], [ 81.594915996048044, 6.603515653562601 ], [ 81.594875571860257, 6.603556077750387 ], [ 81.594875571860257, 6.603565060903228 ], [ 81.594754299296909, 6.603605485091014 ], [ 81.594727349838365, 6.603605485091014 ], [ 81.594606077275017, 6.603565060903228 ], [ 81.594606077275017, 6.603556077750387 ], [ 81.59456565308723, 6.603515653562601 ], [ 81.594556669934391, 6.603515653562601 ], [ 81.594516245746604, 6.603556077750387 ], [ 81.594516245746604, 6.603565060903228 ], [ 81.594475821558817, 6.603605485091014 ], [ 81.594466838405978, 6.603605485091014 ], [ 81.594426414218191, 6.603565060903228 ], [ 81.594426414218191, 6.603556077750387 ], [ 81.594385990030418, 6.603515653562601 ], [ 81.594377006877551, 6.603515653562601 ], [ 81.594336582689778, 6.603556077750387 ], [ 81.594336582689778, 6.603565060903228 ], [ 81.59429615850199, 6.603605485091014 ], [ 81.594287175349152, 6.603605485091014 ], [ 81.594246751161364, 6.603565060903228 ], [ 81.594246751161364, 6.603556077750387 ], [ 81.59416590278579, 6.603515653562601 ], [ 81.594147936480113, 6.603515653562601 ], [ 81.594067088104552, 6.603596501938172 ], [ 81.594067088104552, 6.603614468243855 ], [ 81.594026663916765, 6.603695316619426 ], [ 81.594017680763926, 6.603695316619426 ], [ 81.593977256576139, 6.603735740807211 ], [ 81.593977256576139, 6.603744723960052 ], [ 81.593855984012777, 6.603785148147837 ], [ 81.593829034554261, 6.603785148147837 ], [ 81.593707761990899, 6.603744723960052 ], [ 81.593707761990899, 6.603735740807211 ], [ 81.593667337803112, 6.603695316619426 ], [ 81.593658354650273, 6.603695316619426 ], [ 81.593617930462486, 6.603735740807211 ], [ 81.593617930462486, 6.603744723960052 ], [ 81.593496657899124, 6.603785148147837 ], [ 81.593469708440608, 6.603785148147837 ], [ 81.593348435877246, 6.603825572335623 ], [ 81.593348435877246, 6.603834555488464 ], [ 81.593308011689459, 6.60387497967625 ], [ 81.59329902853662, 6.60387497967625 ], [ 81.593258604348833, 6.603834555488464 ], [ 81.593258604348833, 6.603825572335623 ], [ 81.593218180161045, 6.603785148147837 ], [ 81.593209197008207, 6.603785148147837 ], [ 81.59316877282042, 6.603865996523409 ], [ 81.59316877282042, 6.603883962829091 ], [ 81.593087924444859, 6.603964811204662 ], [ 81.593069958139182, 6.603964811204662 ], [ 81.592989109763607, 6.604005235392448 ], [ 81.592989109763607, 6.604014218545288 ], [ 81.592908261388033, 6.604054642733074 ], [ 81.592890295082356, 6.604054642733074 ], [ 81.592809446706781, 6.604216339484215 ], [ 81.592809446706781, 6.60425227209558 ], [ 81.592849870894568, 6.604413968846721 ], [ 81.592858854047407, 6.604413968846721 ], [ 81.592899278235194, 6.604373544658936 ], [ 81.592899278235194, 6.604364561506095 ], [ 81.593020550798542, 6.60432413731831 ] ], [ [ 81.59469590880343, 6.603744723960052 ], [ 81.59469590880343, 6.603735740807211 ], [ 81.594736332991218, 6.603695316619426 ], [ 81.594745316144056, 6.603695316619426 ], [ 81.594785740331844, 6.603735740807211 ], [ 81.594785740331844, 6.603744723960052 ], [ 81.594745316144056, 6.603785148147837 ], [ 81.594736332991218, 6.603785148147837 ], [ 81.59469590880343, 6.603744723960052 ] ], [ [ 81.594246751161364, 6.604005235392448 ], [ 81.594246751161364, 6.604014218545288 ], [ 81.594206326973577, 6.604054642733074 ], [ 81.594197343820738, 6.604054642733074 ], [ 81.594156919632951, 6.604014218545288 ], [ 81.594156919632951, 6.604005235392448 ], [ 81.594116495445178, 6.603964811204662 ], [ 81.594107512292339, 6.603964811204662 ], [ 81.594067088104552, 6.603924387016876 ], [ 81.594067088104552, 6.603915403864035 ], [ 81.594147936480113, 6.60387497967625 ], [ 81.59416590278579, 6.60387497967625 ], [ 81.594246751161364, 6.603834555488464 ], [ 81.594246751161364, 6.603825572335623 ], [ 81.594287175349152, 6.603785148147837 ], [ 81.59429615850199, 6.603785148147837 ], [ 81.594336582689778, 6.603865996523409 ], [ 81.594336582689778, 6.603883962829091 ], [ 81.59429615850199, 6.603964811204662 ], [ 81.594287175349152, 6.603964811204662 ], [ 81.594246751161364, 6.604005235392448 ] ] ] ] } },
{ "type": "Feature", "properties": { "fid": 1413685.0, "DN": 3, "area": 7994 }, "geometry": { "type": "MultiPolygon", "coordinates": [ [ [ [ 81.595993974388989, 6.603066495920542 ], [ 81.596002957541828, 6.603066495920542 ], [ 81.596043381729615, 6.603026071732756 ], [ 81.596043381729615, 6.603017088579916 ], [ 81.596124230105175, 6.602976664392131 ], [ 81.596142196410852, 6.602976664392131 ], [ 81.596223044786427, 6.602936240204345 ], [ 81.596223044786427, 6.602927257051504 ], [ 81.5962634689742, 6.602886832863718 ], [ 81.596272452127067, 6.602886832863718 ], [ 81.59631287631484, 6.602805984488148 ], [ 81.59631287631484, 6.602788018182465 ], [ 81.596353300502628, 6.602707169806894 ], [ 81.596362283655466, 6.602707169806894 ], [ 81.596402707843254, 6.602545473055753 ], [ 81.596402707843254, 6.602509540444388 ], [ 81.596483556218828, 6.602347843693247 ], [ 81.596501522524505, 6.602347843693247 ], [ 81.59658237090008, 6.602186146942105 ], [ 81.59658237090008, 6.602150214330741 ], [ 81.596703643463428, 6.601988517579599 ], [ 81.596730592921972, 6.601988517579599 ], [ 81.59685186548532, 6.601907669204028 ], [ 81.59685186548532, 6.601889702898346 ], [ 81.596973138048668, 6.601808854522774 ], [ 81.597000087507183, 6.601808854522774 ], [ 81.597121360070545, 6.601647157771633 ], [ 81.597121360070545, 6.601611225160268 ], [ 81.597080935882758, 6.601449528409127 ], [ 81.59707195272992, 6.601449528409127 ], [ 81.597031528542146, 6.601489952596912 ], [ 81.597031528542146, 6.601498935749753 ], [ 81.596991104354359, 6.601539359937538 ], [ 81.59698212120152, 6.601539359937538 ], [ 81.596941697013733, 6.601579784125324 ], [ 81.596941697013733, 6.601588767278165 ], [ 81.596901272825946, 6.601629191465951 ], [ 81.596892289673107, 6.601629191465951 ], [ 81.59685186548532, 6.601588767278165 ], [ 81.59685186548532, 6.601579784125324 ], [ 81.596811441297532, 6.601539359937538 ], [ 81.596802458144694, 6.601539359937538 ], [ 81.596762033956907, 6.601579784125324 ], [ 81.596762033956907, 6.601588767278165 ], [ 81.596681185581332, 6.601629191465951 ], [ 81.596663219275655, 6.601629191465951 ], [ 81.59658237090008, 6.601588767278165 ], [ 81.59658237090008, 6.601579784125324 ], [ 81.596622795087868, 6.601539359937538 ], [ 81.596631778240706, 6.601539359937538 ], [ 81.596672202428493, 6.601458511561968 ], [ 81.596672202428493, 6.601440545256286 ], [ 81.596631778240706, 6.601359696880715 ], [ 81.596622795087868, 6.601359696880715 ], [ 81.59658237090008, 6.60131927269293 ], [ 81.59658237090008, 6.601310289540089 ], [ 81.596541946712293, 6.601269865352303 ], [ 81.596532963559454, 6.601269865352303 ], [ 81.596492539371667, 6.601310289540089 ], [ 81.596492539371667, 6.60131927269293 ], [ 81.59645211518388, 6.601359696880715 ], [ 81.596443132031041, 6.601359696880715 ], [ 81.596402707843254, 6.601400121068501 ], [ 81.596402707843254, 6.601409104221341 ], [ 81.596362283655466, 6.601449528409127 ], [ 81.596353300502628, 6.601449528409127 ], [ 81.59631287631484, 6.601409104221341 ], [ 81.59631287631484, 6.601400121068501 ], [ 81.596272452127067, 6.601359696880715 ], [ 81.5962634689742, 6.601359696880715 ], [ 81.596223044786427, 6.601561817819642 ], [ 81.596223044786427, 6.601606733583848 ], [ 81.5962634689742, 6.601808854522774 ], [ 81.596272452127067, 6.601808854522774 ], [ 81.59631287631484, 6.601728006147203 ], [ 81.59631287631484, 6.601710039841521 ], [ 81.596393724690415, 6.601629191465951 ], [ 81.596411690996092, 6.601629191465951 ], [ 81.596492539371667, 6.601669615653736 ], [ 81.596492539371667, 6.601678598806577 ], [ 81.59645211518388, 6.601719022994363 ], [ 81.596443132031041, 6.601719022994363 ], [ 81.596402707843254, 6.601921143933289 ], [ 81.596402707843254, 6.601966059697496 ], [ 81.596321859467679, 6.602168180636422 ], [ 81.596303893162002, 6.602168180636422 ], [ 81.596223044786427, 6.602289453199779 ], [ 81.596223044786427, 6.602316402658301 ], [ 81.59618262059864, 6.602437675221658 ], [ 81.596173637445801, 6.602437675221658 ], [ 81.596133213258014, 6.602478099409444 ], [ 81.596133213258014, 6.602487082562284 ], [ 81.596092789070241, 6.60252750675007 ], [ 81.596083805917402, 6.60252750675007 ], [ 81.596043381729615, 6.602689203501211 ], [ 81.596043381729615, 6.602725136112577 ], [ 81.59596253335404, 6.602886832863718 ], [ 81.595944567048363, 6.602886832863718 ], [ 81.595863718672788, 6.603008105427074 ], [ 81.595863718672788, 6.603035054885598 ], [ 81.595904142860576, 6.603156327448954 ], [ 81.595913126013414, 6.603156327448954 ], [ 81.595953550201202, 6.603115903261168 ], [ 81.595953550201202, 6.603106920108328 ], [ 81.595993974388989, 6.603066495920542 ] ], [ [ 81.596672202428493, 6.601768430334989 ], [ 81.596672202428493, 6.601759447182149 ], [ 81.596712626616267, 6.601719022994363 ], [ 81.596721609769133, 6.601719022994363 ], [ 81.596762033956907, 6.601759447182149 ], [ 81.596762033956907, 6.601768430334989 ], [ 81.596721609769133, 6.601808854522774 ], [ 81.596712626616267, 6.601808854522774 ], [ 81.596672202428493, 6.601768430334989 ] ], [ [ 81.596492539371667, 6.601948093391814 ], [ 81.596492539371667, 6.601939110238972 ], [ 81.596532963559454, 6.601898686051187 ], [ 81.596541946712293, 6.601898686051187 ], [ 81.59658237090008, 6.601939110238972 ], [ 81.59658237090008, 6.601948093391814 ], [ 81.596541946712293, 6.601988517579599 ], [ 81.596532963559454, 6.601988517579599 ], [ 81.596492539371667, 6.601948093391814 ] ] ] ] } },
{ "type": "Feature", "properties": { "fid": 1414582.0, "DN": 3, "area": 5823 }, "geometry": { "type": "MultiPolygon", "coordinates": [ [ [ [ 81.597880436485639, 6.600910539238655 ], [ 81.597889419638477, 6.600910539238655 ], [ 81.597929843826265, 6.60087011505087 ], [ 81.597929843826265, 6.600861131898029 ], [ 81.597970268014052, 6.600820707710243 ], [ 81.59797925116689, 6.600820707710243 ], [ 81.598019675354678, 6.600618586771317 ], [ 81.598019675354678, 6.60057367100711 ], [ 81.598060099542465, 6.600371550068184 ], [ 81.598069082695304, 6.600371550068184 ], [ 81.598109506883077, 6.600331125880398 ], [ 81.598109506883077, 6.600322142727557 ], [ 81.59814993107085, 6.600281718539772 ], [ 81.598158914223717, 6.600281718539772 ], [ 81.59819933841149, 6.600160445976416 ], [ 81.59819933841149, 6.600133496517892 ], [ 81.598239762599277, 6.600012223954536 ], [ 81.598248745752116, 6.600012223954536 ], [ 81.598289169939903, 6.599971799766751 ], [ 81.598289169939903, 6.599962816613909 ], [ 81.598329594127691, 6.599922392426124 ], [ 81.598338577280529, 6.599922392426124 ], [ 81.598379001468317, 6.599881968238338 ], [ 81.598379001468317, 6.599872985085497 ], [ 81.598419425656104, 6.599832560897712 ], [ 81.598428408808942, 6.599832560897712 ], [ 81.59846883299673, 6.599872985085497 ], [ 81.59846883299673, 6.599881968238338 ], [ 81.598549681372305, 6.599922392426124 ], [ 81.598567647677982, 6.599922392426124 ], [ 81.598648496053556, 6.599881968238338 ], [ 81.598648496053556, 6.599872985085497 ], [ 81.598608071865783, 6.599832560897712 ], [ 81.598599088712916, 6.599832560897712 ], [ 81.598558664525143, 6.599792136709926 ], [ 81.598558664525143, 6.599783153557086 ], [ 81.598599088712916, 6.5997427293693 ], [ 81.598608071865783, 6.5997427293693 ], [ 81.598648496053556, 6.599702305181514 ], [ 81.598648496053556, 6.599693322028673 ], [ 81.598405950926846, 6.599652897840888 ], [ 81.598352052009787, 6.599652897840888 ], [ 81.598109506883077, 6.599612473653103 ], [ 81.598109506883077, 6.599603490500261 ], [ 81.598069082695304, 6.599563066312475 ], [ 81.598060099542465, 6.599563066312475 ], [ 81.598019675354678, 6.599643914688047 ], [ 81.598019675354678, 6.599661880993729 ], [ 81.59797925116689, 6.5997427293693 ], [ 81.597970268014052, 6.5997427293693 ], [ 81.597929843826265, 6.599702305181514 ], [ 81.597929843826265, 6.599693322028673 ], [ 81.597889419638477, 6.599652897840888 ], [ 81.597880436485639, 6.599652897840888 ], [ 81.597840012297851, 6.599733746216458 ], [ 81.597840012297851, 6.59975171252214 ], [ 81.597920860673426, 6.599832560897712 ], [ 81.597938826979103, 6.599832560897712 ], [ 81.598019675354678, 6.599953833461068 ], [ 81.598019675354678, 6.599980782919591 ], [ 81.597938826979103, 6.600102055482948 ], [ 81.597920860673426, 6.600102055482948 ], [ 81.597840012297851, 6.600061631295162 ], [ 81.597840012297851, 6.600052648142322 ], [ 81.597718739734489, 6.600012223954536 ], [ 81.597691790275974, 6.600012223954536 ], [ 81.597570517712612, 6.600052648142322 ], [ 81.597570517712612, 6.600061631295162 ], [ 81.597530093524824, 6.600102055482948 ], [ 81.597521110371986, 6.600102055482948 ], [ 81.597480686184198, 6.600142479670733 ], [ 81.597480686184198, 6.600151462823574 ], [ 81.597601958747561, 6.600191887011359 ], [ 81.597628908206076, 6.600191887011359 ], [ 81.597750180769438, 6.60027273538693 ], [ 81.597750180769438, 6.600290701692613 ], [ 81.597790604957225, 6.600371550068184 ], [ 81.597799588110064, 6.600371550068184 ], [ 81.597840012297851, 6.600614095194896 ], [ 81.597840012297851, 6.600667994111943 ], [ 81.597880436485639, 6.600910539238655 ] ] ] ] } },
{ "type": "Feature", "properties": { "fid": 1416772.0, "DN": 3, "area": 3948 }, "geometry": { "type": "MultiPolygon", "coordinates": [ [ [ [ 81.599668083901037, 6.596149468232822 ], [ 81.599695033359552, 6.596149468232822 ], [ 81.599816305922914, 6.596109044045036 ], [ 81.599816305922914, 6.596100060892195 ], [ 81.599897154298489, 6.59605963670441 ], [ 81.599915120604166, 6.59605963670441 ], [ 81.599995968979741, 6.595938364141054 ], [ 81.599995968979741, 6.59591141468253 ], [ 81.600036393167514, 6.595790142119174 ], [ 81.600045376320367, 6.595790142119174 ], [ 81.60008580050814, 6.595749717931389 ], [ 81.60008580050814, 6.595740734778547 ], [ 81.600126224695927, 6.595700310590762 ], [ 81.600135207848766, 6.595700310590762 ], [ 81.600175632036553, 6.595619462215192 ], [ 81.600175632036553, 6.595601495909509 ], [ 81.60021605622434, 6.595520647533938 ], [ 81.600225039377179, 6.595520647533938 ], [ 81.600265463564966, 6.595480223346152 ], [ 81.600265463564966, 6.595471240193312 ], [ 81.600305887752754, 6.595430816005527 ], [ 81.600314870905592, 6.595430816005527 ], [ 81.600355295093379, 6.595390391817741 ], [ 81.600355295093379, 6.5953814086649 ], [ 81.600395719281167, 6.595340984477114 ], [ 81.600404702434005, 6.595340984477114 ], [ 81.600445126621793, 6.5953814086649 ], [ 81.600445126621793, 6.595390391817741 ], [ 81.600485550809566, 6.595430816005527 ], [ 81.600494533962433, 6.595430816005527 ], [ 81.600534958150206, 6.595349967629955 ], [ 81.600534958150206, 6.595332001324273 ], [ 81.600615806525781, 6.595251152948702 ], [ 81.600633772831458, 6.595251152948702 ], [ 81.600714621207032, 6.595210728760916 ], [ 81.600714621207032, 6.595201745608076 ], [ 81.600674197019245, 6.59516132142029 ], [ 81.600665213866407, 6.59516132142029 ], [ 81.600624789678619, 6.595120897232505 ], [ 81.600624789678619, 6.595111914079664 ], [ 81.600543941303044, 6.595071489891878 ], [ 81.600525974997367, 6.595071489891878 ], [ 81.600445126621793, 6.595111914079664 ], [ 81.600445126621793, 6.595120897232505 ], [ 81.600404702434005, 6.59516132142029 ], [ 81.600395719281167, 6.59516132142029 ], [ 81.600355295093379, 6.595201745608076 ], [ 81.600355295093379, 6.595210728760916 ], [ 81.600274446717805, 6.595251152948702 ], [ 81.600256480412128, 6.595251152948702 ], [ 81.600175632036553, 6.595332001324273 ], [ 81.600175632036553, 6.595349967629955 ], [ 81.600094783660992, 6.595430816005527 ], [ 81.600076817355301, 6.595430816005527 ], [ 81.599995968979741, 6.595511664381097 ], [ 81.599995968979741, 6.595529630686779 ], [ 81.599915120604166, 6.59561047906235 ], [ 81.599897154298489, 6.59561047906235 ], [ 81.599816305922914, 6.595691327437921 ], [ 81.599816305922914, 6.595709293743603 ], [ 81.599735457547339, 6.595790142119174 ], [ 81.599717491241663, 6.595790142119174 ], [ 81.599636642866088, 6.59591141468253 ], [ 81.599636642866088, 6.595938364141054 ], [ 81.5995962186783, 6.59605963670441 ], [ 81.599587235525462, 6.59605963670441 ], [ 81.599546811337675, 6.596100060892195 ], [ 81.599546811337675, 6.596109044045036 ], [ 81.599668083901037, 6.596149468232822 ] ] ] ] } },
{ "type": "Feature", "properties": { "fid": 1417464.0, "DN": 3, "area": 4540 }, "geometry": { "type": "MultiPolygon", "coordinates": [ [ [ [ 81.601276068259608, 6.59471216377823 ], [ 81.601320984023801, 6.59471216377823 ], [ 81.601523104962737, 6.594671739590446 ], [ 81.601523104962737, 6.594662756437604 ], [ 81.601563529150525, 6.594622332249818 ], [ 81.601572512303363, 6.594622332249818 ], [ 81.601612936491151, 6.594581908062032 ], [ 81.601612936491151, 6.594572924909192 ], [ 81.601653360678938, 6.594532500721407 ], [ 81.601662343831777, 6.594532500721407 ], [ 81.601702768019564, 6.594492076533621 ], [ 81.601702768019564, 6.594483093380781 ], [ 81.601743192207351, 6.594442669192995 ], [ 81.60175217536019, 6.594442669192995 ], [ 81.601792599547977, 6.59440224500521 ], [ 81.601792599547977, 6.594393261852368 ], [ 81.601873447923538, 6.594352837664583 ], [ 81.601891414229243, 6.594352837664583 ], [ 81.601972262604804, 6.594271989289012 ], [ 81.601972262604804, 6.59425402298333 ], [ 81.602093535168166, 6.594173174607759 ], [ 81.602120484626681, 6.594173174607759 ], [ 81.602241757190029, 6.594132750419973 ], [ 81.602241757190029, 6.594123767267132 ], [ 81.602282181377817, 6.594083343079347 ], [ 81.602291164530655, 6.594083343079347 ], [ 81.602331588718442, 6.594042918891561 ], [ 81.602331588718442, 6.59403393573872 ], [ 81.602372012906216, 6.593993511550934 ], [ 81.602380996059082, 6.593993511550934 ], [ 81.602421420246856, 6.593953087363149 ], [ 81.602421420246856, 6.593944104210308 ], [ 81.602461844434643, 6.593903680022523 ], [ 81.602470827587481, 6.593903680022523 ], [ 81.602511251775269, 6.593863255834737 ], [ 81.602511251775269, 6.593854272681897 ], [ 81.602349555024119, 6.593813848494111 ], [ 81.602313622412765, 6.593813848494111 ], [ 81.602151925661616, 6.593854272681897 ], [ 81.602151925661616, 6.593863255834737 ], [ 81.602111501473829, 6.593903680022523 ], [ 81.60210251832099, 6.593903680022523 ], [ 81.602062094133203, 6.593944104210308 ], [ 81.602062094133203, 6.593953087363149 ], [ 81.601981245757642, 6.593993511550934 ], [ 81.601963279451951, 6.593993511550934 ], [ 81.60188243107639, 6.594074359926505 ], [ 81.60188243107639, 6.594092326232188 ], [ 81.601761158513028, 6.594173174607759 ], [ 81.601734209054513, 6.594173174607759 ], [ 81.601612936491151, 6.59425402298333 ], [ 81.601612936491151, 6.594271989289012 ], [ 81.60153208811559, 6.594352837664583 ], [ 81.601514121809885, 6.594352837664583 ], [ 81.601433273434324, 6.594393261852368 ], [ 81.601433273434324, 6.59440224500521 ], [ 81.601392849246537, 6.594442669192995 ], [ 81.601383866093698, 6.594442669192995 ], [ 81.601343441905911, 6.59440224500521 ], [ 81.601343441905911, 6.594393261852368 ], [ 81.601303017718124, 6.594352837664583 ], [ 81.601294034565285, 6.594352837664583 ], [ 81.601253610377498, 6.594433686040153 ], [ 81.601253610377498, 6.594451652345835 ], [ 81.601172762001923, 6.594532500721407 ], [ 81.601154795696246, 6.594532500721407 ], [ 81.601073947320671, 6.594613349096977 ], [ 81.601073947320671, 6.59463131540266 ], [ 81.601276068259608, 6.59471216377823 ] ] ] ] } },
{ "type": "Feature", "properties": { "fid": 1418162.0, "DN": 3, "area": 5428 }, "geometry": { "type": "MultiPolygon", "coordinates": [ [ [ [ 81.235230556286581, 6.593634185437287 ], [ 81.235239539439419, 6.593634185437287 ], [ 81.235279963627207, 6.593593761249501 ], [ 81.235279963627207, 6.593584778096661 ], [ 81.235239539439419, 6.593544353908875 ], [ 81.235230556286581, 6.593544353908875 ], [ 81.235190132098793, 6.59350392972109 ], [ 81.235190132098793, 6.593494946568249 ], [ 81.235149707911006, 6.593454522380464 ], [ 81.235140724758168, 6.593454522380464 ], [ 81.23510030057038, 6.593494946568249 ], [ 81.23510030057038, 6.59350392972109 ], [ 81.235059876382593, 6.593544353908875 ], [ 81.235050893229754, 6.593544353908875 ], [ 81.235010469041967, 6.59350392972109 ], [ 81.235010469041967, 6.593494946568249 ], [ 81.23497004485418, 6.593454522380464 ], [ 81.234961061701341, 6.593454522380464 ], [ 81.234920637513568, 6.593333249817107 ], [ 81.234920637513568, 6.593306300358584 ], [ 81.234880213325795, 6.593185027795228 ], [ 81.234871230172928, 6.593185027795228 ], [ 81.234830805985155, 6.593144603607442 ], [ 81.234830805985155, 6.593135620454601 ], [ 81.234790381797367, 6.593095196266815 ], [ 81.234781398644529, 6.593095196266815 ], [ 81.234740974456741, 6.592933499515674 ], [ 81.234740974456741, 6.592897566904309 ], [ 81.234660126081167, 6.592735870153168 ], [ 81.23464215977549, 6.592735870153168 ], [ 81.234561311399915, 6.592655021777597 ], [ 81.234561311399915, 6.592637055471915 ], [ 81.234399614648765, 6.592556207096344 ], [ 81.234363682037412, 6.592556207096344 ], [ 81.234201985286262, 6.592596631284129 ], [ 81.234201985286262, 6.59260561443697 ], [ 81.234161561098475, 6.592646038624755 ], [ 81.234152577945636, 6.592646038624755 ], [ 81.234112153757849, 6.592686462812541 ], [ 81.234112153757849, 6.592695445965382 ], [ 81.234152577945636, 6.592735870153168 ], [ 81.234161561098475, 6.592735870153168 ], [ 81.234201985286262, 6.592816718528738 ], [ 81.234201985286262, 6.59283468483442 ], [ 81.234242409474049, 6.592915533209991 ], [ 81.234251392626888, 6.592915533209991 ], [ 81.234291816814675, 6.592955957397777 ], [ 81.234291816814675, 6.592964940550617 ], [ 81.234251392626888, 6.593005364738403 ], [ 81.234242409474049, 6.593005364738403 ], [ 81.234201985286262, 6.593045788926188 ], [ 81.234201985286262, 6.59305477207903 ], [ 81.23432325784961, 6.593095196266815 ], [ 81.234350207308154, 6.593095196266815 ], [ 81.234471479871502, 6.593135620454601 ], [ 81.234471479871502, 6.593144603607442 ], [ 81.234511904059289, 6.593185027795228 ], [ 81.234520887212128, 6.593185027795228 ], [ 81.234561311399915, 6.593225451983013 ], [ 81.234561311399915, 6.593234435135853 ], [ 81.234682583963277, 6.593274859323639 ], [ 81.234709533421793, 6.593274859323639 ], [ 81.234830805985155, 6.593315283511425 ], [ 81.234830805985155, 6.593324266664266 ], [ 81.234790381797367, 6.593364690852051 ], [ 81.234781398644529, 6.593364690852051 ], [ 81.234740974456741, 6.593405115039837 ], [ 81.234740974456741, 6.593414098192678 ], [ 81.234781398644529, 6.593454522380464 ], [ 81.234790381797367, 6.593454522380464 ], [ 81.234830805985155, 6.593535370756034 ], [ 81.234830805985155, 6.593553337061716 ], [ 81.234911654360715, 6.593634185437287 ], [ 81.234929620666406, 6.593634185437287 ], [ 81.235010469041967, 6.593674609625072 ], [ 81.235010469041967, 6.593683592777913 ], [ 81.23497004485418, 6.593724016965699 ], [ 81.234961061701341, 6.593724016965699 ], [ 81.234920637513568, 6.593764441153485 ], [ 81.234920637513568, 6.593773424306326 ], [ 81.235041910076916, 6.593813848494111 ], [ 81.235068859535431, 6.593813848494111 ], [ 81.235190132098793, 6.59373300011854 ], [ 81.235190132098793, 6.593715033812858 ], [ 81.235230556286581, 6.593634185437287 ] ], [ [ 81.234651142928328, 6.593144603607442 ], [ 81.234651142928328, 6.593135620454601 ], [ 81.234691567116116, 6.593095196266815 ], [ 81.234700550268954, 6.593095196266815 ], [ 81.234740974456741, 6.593135620454601 ], [ 81.234740974456741, 6.593144603607442 ], [ 81.234700550268954, 6.593185027795228 ], [ 81.234691567116116, 6.593185027795228 ], [ 81.234651142928328, 6.593144603607442 ] ] ] ] } },
{ "type": "Feature", "properties": { "fid": 1418821.0, "DN": 3, "area": 3652 }, "geometry": { "type": "MultiPolygon", "coordinates": [ [ [ [ 81.236079464230073, 6.592196880982696 ], [ 81.23609743053575, 6.592196880982696 ], [ 81.236178278911325, 6.592075608419339 ], [ 81.236178278911325, 6.592048658960817 ], [ 81.23609743053575, 6.59192738639746 ], [ 81.236079464230073, 6.59192738639746 ], [ 81.235998615854498, 6.591846538021889 ], [ 81.235998615854498, 6.591828571716206 ], [ 81.235958191666711, 6.591747723340636 ], [ 81.235949208513873, 6.591747723340636 ], [ 81.235908784326085, 6.59170729915285 ], [ 81.235908784326085, 6.591698316 ], [ 81.235868360138312, 6.591657891812224 ], [ 81.235859376985459, 6.591657891812224 ], [ 81.235818952797686, 6.591536619248868 ], [ 81.235818952797686, 6.591509669790343 ], [ 81.235778528609899, 6.591388397226988 ], [ 81.23576954545706, 6.591388397226988 ], [ 81.235729121269273, 6.591347973039202 ], [ 81.235729121269273, 6.591338989886362 ], [ 81.235607848705911, 6.591298565698576 ], [ 81.235580899247395, 6.591298565698576 ], [ 81.235459626684033, 6.591379414074147 ], [ 81.235459626684033, 6.59139738037983 ], [ 81.235419202496246, 6.591478228755401 ], [ 81.235410219343407, 6.591478228755401 ], [ 81.23536979515562, 6.591518652943186 ], [ 81.23536979515562, 6.591527636096027 ], [ 81.235410219343407, 6.591568060283812 ], [ 81.235419202496246, 6.591568060283812 ], [ 81.235459626684033, 6.591608484471598 ], [ 81.235459626684033, 6.591617467624438 ], [ 81.235540475059608, 6.591657891812224 ], [ 81.235558441365285, 6.591657891812224 ], [ 81.23563928974086, 6.591698316 ], [ 81.23563928974086, 6.59170729915285 ], [ 81.235558441365285, 6.591747723340636 ], [ 81.235540475059608, 6.591747723340636 ], [ 81.235459626684033, 6.591788147528422 ], [ 81.235459626684033, 6.591797130681263 ], [ 81.235580899247395, 6.591837554869048 ], [ 81.235607848705911, 6.591837554869048 ], [ 81.235729121269273, 6.591877979056834 ], [ 81.235729121269273, 6.591886962209674 ], [ 81.23576954545706, 6.59192738639746 ], [ 81.235778528609899, 6.59192738639746 ], [ 81.235818952797686, 6.591967810585246 ], [ 81.235818952797686, 6.591976793738086 ], [ 81.235859376985459, 6.592017217925871 ], [ 81.235868360138312, 6.592017217925871 ], [ 81.235908784326085, 6.592057642113657 ], [ 81.235908784326085, 6.592066625266498 ], [ 81.235949208513873, 6.592107049454284 ], [ 81.235958191666711, 6.592107049454284 ], [ 81.235998615854498, 6.592147473642069 ], [ 81.235998615854498, 6.59215645679491 ], [ 81.236079464230073, 6.592196880982696 ] ] ] ] } },
{ "type": "Feature", "properties": { "fid": 1418867.0, "DN": 3, "area": 3059 }, "geometry": { "type": "MultiPolygon", "coordinates": [ [ [ [ 81.239403230781321, 6.592107049454284 ], [ 81.239421197086997, 6.592107049454284 ], [ 81.239502045462572, 6.592066625266498 ], [ 81.239502045462572, 6.592057642113657 ], [ 81.23954246965036, 6.592017217925871 ], [ 81.239551452803198, 6.592017217925871 ], [ 81.239591876990985, 6.59185552117473 ], [ 81.239591876990985, 6.591819588563365 ], [ 81.239551452803198, 6.591657891812224 ], [ 81.23954246965036, 6.591657891812224 ], [ 81.239502045462572, 6.591738740187795 ], [ 81.239502045462572, 6.591756706493477 ], [ 81.239461621274785, 6.591837554869048 ], [ 81.239452638121946, 6.591837554869048 ], [ 81.239412213934159, 6.591756706493477 ], [ 81.239412213934159, 6.591738740187795 ], [ 81.239290941370797, 6.591657891812224 ], [ 81.239263991912281, 6.591657891812224 ], [ 81.239142719348919, 6.591617467624438 ], [ 81.239142719348919, 6.591608484471598 ], [ 81.239102295161132, 6.591568060283812 ], [ 81.239093312008293, 6.591568060283812 ], [ 81.239052887820506, 6.591406363532672 ], [ 81.239052887820506, 6.591370430921305 ], [ 81.238972039444945, 6.591208734170165 ], [ 81.238954073139269, 6.591208734170165 ], [ 81.238873224763694, 6.591370430921305 ], [ 81.238873224763694, 6.591406363532672 ], [ 81.238913648951467, 6.591568060283812 ], [ 81.238922632104305, 6.591568060283812 ], [ 81.238963056292093, 6.591608484471598 ], [ 81.238963056292093, 6.591617467624438 ], [ 81.23900348047988, 6.591657891812224 ], [ 81.239012463632719, 6.591657891812224 ], [ 81.239052887820506, 6.591738740187795 ], [ 81.239052887820506, 6.591756706493477 ], [ 81.239093312008293, 6.591837554869048 ], [ 81.239102295161132, 6.591837554869048 ], [ 81.239142719348919, 6.591877979056834 ], [ 81.239142719348919, 6.591886962209674 ], [ 81.239183143536707, 6.59192738639746 ], [ 81.239192126689545, 6.59192738639746 ], [ 81.239232550877333, 6.591967810585246 ], [ 81.239232550877333, 6.591976793738086 ], [ 81.23927297506512, 6.592017217925871 ], [ 81.239281958217958, 6.592017217925871 ], [ 81.239322382405746, 6.592057642113657 ], [ 81.239322382405746, 6.592066625266498 ], [ 81.239403230781321, 6.592107049454284 ] ] ] ] } },
{ "type": "Feature", "properties": { "fid": 1419145.0, "DN": 3, "area": 4046 }, "geometry": { "type": "MultiPolygon", "coordinates": [ [ [ [ 81.603719485832414, 6.592286712511108 ], [ 81.603728468985253, 6.592286712511108 ], [ 81.60376889317304, 6.592246288323322 ], [ 81.60376889317304, 6.592237305170482 ], [ 81.603809317360827, 6.592196880982696 ], [ 81.603818300513666, 6.592196880982696 ], [ 81.603858724701453, 6.592035184231555 ], [ 81.603858724701453, 6.59199925162019 ], [ 81.603777876325893, 6.591837554869048 ], [ 81.603759910020187, 6.591837554869048 ], [ 81.603679061644627, 6.591797130681263 ], [ 81.603679061644627, 6.591788147528422 ], [ 81.603719485832414, 6.591747723340636 ], [ 81.603728468985253, 6.591747723340636 ], [ 81.60376889317304, 6.59170729915285 ], [ 81.60376889317304, 6.591698316 ], [ 81.603728468985253, 6.591657891812224 ], [ 81.603719485832414, 6.591657891812224 ], [ 81.603679061644627, 6.591374922497726 ], [ 81.603679061644627, 6.591312040427837 ], [ 81.603638637456839, 6.59102907111334 ], [ 81.603629654304001, 6.59102907111334 ], [ 81.603589230116214, 6.590988646925554 ], [ 81.603589230116214, 6.590979663772714 ], [ 81.603548805928426, 6.590939239584928 ], [ 81.603539822775588, 6.590939239584928 ], [ 81.6034993985878, 6.590777542833787 ], [ 81.6034993985878, 6.590741610222422 ], [ 81.60341855021224, 6.590579913471281 ], [ 81.603400583906534, 6.590579913471281 ], [ 81.603319735530974, 6.590741610222422 ], [ 81.603319735530974, 6.590777542833787 ], [ 81.603360159718761, 6.590939239584928 ], [ 81.6033691428716, 6.590939239584928 ], [ 81.603409567059387, 6.5910200879605 ], [ 81.603409567059387, 6.591038054266182 ], [ 81.603449991247174, 6.591118902641752 ], [ 81.603458974400013, 6.591118902641752 ], [ 81.6034993985878, 6.591442296144035 ], [ 81.6034993985878, 6.591514161366765 ], [ 81.603539822775588, 6.591837554869048 ], [ 81.603548805928426, 6.591837554869048 ], [ 81.603589230116214, 6.591918403244619 ], [ 81.603589230116214, 6.591936369550301 ], [ 81.603629654304001, 6.592017217925871 ], [ 81.603638637456839, 6.592017217925871 ], [ 81.603679061644627, 6.592138490489228 ], [ 81.603679061644627, 6.592165439947751 ], [ 81.603719485832414, 6.592286712511108 ] ] ] ] } },
{ "type": "Feature", "properties": { "fid": 1419200.0, "DN": 3, "area": 8981 }, "geometry": { "type": "MultiPolygon", "coordinates": [ [ [ [ 81.237287698287219, 6.592196880982696 ], [ 81.237314647745734, 6.592196880982696 ], [ 81.237435920309096, 6.59215645679491 ], [ 81.237435920309096, 6.592147473642069 ], [ 81.237395496121309, 6.592107049454284 ], [ 81.23738651296847, 6.592107049454284 ], [ 81.237346088780683, 6.592066625266498 ], [ 81.237346088780683, 6.592057642113657 ], [ 81.237305664592895, 6.592017217925871 ], [ 81.237296681440057, 6.592017217925871 ], [ 81.23725625725227, 6.591936369550301 ], [ 81.23725625725227, 6.591918403244619 ], [ 81.237215833064482, 6.591837554869048 ], [ 81.237206849911644, 6.591837554869048 ], [ 81.237166425723856, 6.591797130681263 ], [ 81.237166425723856, 6.591788147528422 ], [ 81.237126001536069, 6.591747723340636 ], [ 81.237117018383231, 6.591747723340636 ], [ 81.237076594195443, 6.591666874965066 ], [ 81.237076594195443, 6.591648908659383 ], [ 81.236995745819883, 6.591568060283812 ], [ 81.236977779514206, 6.591568060283812 ], [ 81.236896931138631, 6.591527636096027 ], [ 81.236896931138631, 6.591518652943186 ], [ 81.236856506950843, 6.591478228755401 ], [ 81.236847523798005, 6.591478228755401 ], [ 81.236807099610218, 6.59139738037983 ], [ 81.236807099610218, 6.591379414074147 ], [ 81.236766675422444, 6.591298565698576 ], [ 81.236757692269578, 6.591298565698576 ], [ 81.236717268081804, 6.591177293135219 ], [ 81.236717268081804, 6.591150343676697 ], [ 81.236757692269578, 6.59102907111334 ], [ 81.236766675422444, 6.59102907111334 ], [ 81.236807099610218, 6.590988646925554 ], [ 81.236807099610218, 6.590979663772714 ], [ 81.236766675422444, 6.590939239584928 ], [ 81.236757692269578, 6.590939239584928 ], [ 81.236717268081804, 6.590777542833787 ], [ 81.236717268081804, 6.590741610222422 ], [ 81.236676843894017, 6.590579913471281 ], [ 81.236667860741179, 6.590579913471281 ], [ 81.236627436553391, 6.590741610222422 ], [ 81.236627436553391, 6.590777542833787 ], [ 81.236587012365604, 6.590939239584928 ], [ 81.236578029212765, 6.590939239584928 ], [ 81.236537605024978, 6.590858391209357 ], [ 81.236537605024978, 6.590840424903675 ], [ 81.236497180837191, 6.590759576528105 ], [ 81.236488197684352, 6.590759576528105 ], [ 81.236447773496565, 6.590719152340319 ], [ 81.236447773496565, 6.590710169187478 ], [ 81.236407349308777, 6.590669744999692 ], [ 81.236398366155939, 6.590669744999692 ], [ 81.236357941968151, 6.590710169187478 ], [ 81.236357941968151, 6.590719152340319 ], [ 81.236236669404803, 6.590759576528105 ], [ 81.23620971994626, 6.590759576528105 ], [ 81.236088447382912, 6.590719152340319 ], [ 81.236088447382912, 6.590710169187478 ], [ 81.236169295758486, 6.590669744999692 ], [ 81.236187262064163, 6.590669744999692 ], [ 81.236268110439738, 6.590629320811907 ], [ 81.236268110439738, 6.590620337659066 ], [ 81.236227686251951, 6.590579913471281 ], [ 81.236218703099112, 6.590579913471281 ], [ 81.236178278911325, 6.590539489283495 ], [ 81.236178278911325, 6.590530506130655 ], [ 81.23609743053575, 6.590490081942869 ], [ 81.236079464230073, 6.590490081942869 ], [ 81.235998615854498, 6.590530506130655 ], [ 81.235998615854498, 6.590539489283495 ], [ 81.235958191666711, 6.590579913471281 ], [ 81.235949208513873, 6.590579913471281 ], [ 81.235908784326085, 6.590620337659066 ], [ 81.235908784326085, 6.590629320811907 ], [ 81.235949208513873, 6.590669744999692 ], [ 81.235958191666711, 6.590669744999692 ], [ 81.235998615854498, 6.590831441750834 ], [ 81.235998615854498, 6.590867374362198 ], [ 81.236079464230073, 6.59102907111334 ], [ 81.23609743053575, 6.59102907111334 ], [ 81.236178278911325, 6.591150343676697 ], [ 81.236178278911325, 6.591177293135219 ], [ 81.236218703099112, 6.591298565698576 ], [ 81.236227686251951, 6.591298565698576 ], [ 81.236268110439738, 6.591379414074147 ], [ 81.236268110439738, 6.59139738037983 ], [ 81.236308534627511, 6.591478228755401 ], [ 81.236317517780378, 6.591478228755401 ], [ 81.236357941968151, 6.591437804567615 ], [ 81.236357941968151, 6.591428821414773 ], [ 81.236398366155939, 6.591388397226988 ], [ 81.236407349308777, 6.591388397226988 ], [ 81.236447773496565, 6.591428821414773 ], [ 81.236447773496565, 6.591437804567615 ], [ 81.236488197684352, 6.591478228755401 ], [ 81.236497180837191, 6.591478228755401 ], [ 81.236537605024978, 6.591518652943186 ], [ 81.236537605024978, 6.591527636096027 ], [ 81.236578029212765, 6.591568060283812 ], [ 81.236587012365604, 6.591568060283812 ], [ 81.236627436553391, 6.591648908659383 ], [ 81.236627436553391, 6.591666874965066 ], [ 81.236748709116739, 6.591747723340636 ], [ 81.236775658575283, 6.591747723340636 ], [ 81.236896931138631, 6.591788147528422 ], [ 81.236896931138631, 6.591797130681263 ], [ 81.236937355326404, 6.591837554869048 ], [ 81.236946338479243, 6.591837554869048 ], [ 81.23698676266703, 6.591958827432404 ], [ 81.23698676266703, 6.591985776890928 ], [ 81.237027186854817, 6.592107049454284 ], [ 81.237036170007656, 6.592107049454284 ], [ 81.237076594195443, 6.592066625266498 ], [ 81.237076594195443, 6.592057642113657 ], [ 81.237117018383231, 6.592017217925871 ], [ 81.237126001536069, 6.592017217925871 ], [ 81.237166425723856, 6.592098066301443 ], [ 81.237166425723856, 6.592116032607125 ], [ 81.237287698287219, 6.592196880982696 ] ] ] ] } },
{ "type": "Feature", "properties": { "fid": 1420055.0, "DN": 3, "area": 3652 }, "geometry": { "type": "MultiPolygon", "coordinates": [ [ [ [ 81.241020198292716, 6.589591766658749 ], [ 81.241038164598422, 6.589591766658749 ], [ 81.241119012973982, 6.589510918283178 ], [ 81.241119012973982, 6.589492951977496 ], [ 81.24115943716177, 6.589412103601925 ], [ 81.241168420314608, 6.589412103601925 ], [ 81.241208844502395, 6.589492951977496 ], [ 81.241208844502395, 6.589510918283178 ], [ 81.241249268690183, 6.589591766658749 ], [ 81.241258251843021, 6.589591766658749 ], [ 81.241298676030809, 6.589470494095393 ], [ 81.241298676030809, 6.58944354463687 ], [ 81.241217827655234, 6.589322272073513 ], [ 81.241199861349557, 6.589322272073513 ], [ 81.241119012973982, 6.589281847885728 ], [ 81.241119012973982, 6.589272864732887 ], [ 81.241199861349557, 6.589232440545102 ], [ 81.241217827655234, 6.589232440545102 ], [ 81.241298676030809, 6.589192016357316 ], [ 81.241298676030809, 6.589183033204475 ], [ 81.241258251843021, 6.589142609016689 ], [ 81.241249268690183, 6.589142609016689 ], [ 81.241208844502395, 6.589061760641119 ], [ 81.241208844502395, 6.589043794335437 ], [ 81.241168420314608, 6.588962945959866 ], [ 81.24115943716177, 6.588962945959866 ], [ 81.241119012973982, 6.589003370147651 ], [ 81.241119012973982, 6.589012353300491 ], [ 81.241038164598422, 6.589052777488277 ], [ 81.241020198292716, 6.589052777488277 ], [ 81.240939349917156, 6.589012353300491 ], [ 81.240939349917156, 6.589003370147651 ], [ 81.240898925729368, 6.588962945959866 ], [ 81.24088994257653, 6.588962945959866 ], [ 81.240849518388757, 6.58892252177208 ], [ 81.240849518388757, 6.58891353861924 ], [ 81.240809094200969, 6.588873114431454 ], [ 81.240800111048131, 6.588873114431454 ], [ 81.240759686860343, 6.588953962807024 ], [ 81.240759686860343, 6.588971929112707 ], [ 81.240678838484769, 6.589052777488277 ], [ 81.240660872179092, 6.589052777488277 ], [ 81.240580023803517, 6.589133625863848 ], [ 81.240580023803517, 6.589151592169531 ], [ 81.240620447991304, 6.589232440545102 ], [ 81.240629431144143, 6.589232440545102 ], [ 81.24066985533193, 6.589313288920672 ], [ 81.24066985533193, 6.589331255226354 ], [ 81.240791127895278, 6.589412103601925 ], [ 81.240818077353794, 6.589412103601925 ], [ 81.240939349917156, 6.589492951977496 ], [ 81.240939349917156, 6.589510918283178 ], [ 81.241020198292716, 6.589591766658749 ] ] ] ] } },
{ "type": "Feature", "properties": { "fid": 1420108.0, "DN": 3, "area": 18850 }, "geometry": { "type": "MultiPolygon", "coordinates": [ [ [ [ 81.235949208513873, 6.590310418886045 ], [ 81.235958191666711, 6.590310418886045 ], [ 81.235998615854498, 6.590148722134903 ], [ 81.235998615854498, 6.590112789523539 ], [ 81.236160312605648, 6.589951092772397 ], [ 81.236196245217002, 6.589951092772397 ], [ 81.236357941968151, 6.589910668584611 ], [ 81.236357941968151, 6.589901685431771 ], [ 81.236398366155939, 6.589861261243986 ], [ 81.236407349308777, 6.589861261243986 ], [ 81.236447773496565, 6.589780412868414 ], [ 81.236447773496565, 6.589762446562732 ], [ 81.236488197684352, 6.589681598187161 ], [ 81.236497180837191, 6.589681598187161 ], [ 81.236537605024978, 6.589641173999375 ], [ 81.236537605024978, 6.589632190846535 ], [ 81.236456756649403, 6.589591766658749 ], [ 81.236438790343726, 6.589591766658749 ], [ 81.236357941968151, 6.589551342470964 ], [ 81.236357941968151, 6.589542359318123 ], [ 81.236398366155939, 6.589501935130338 ], [ 81.236407349308777, 6.589501935130338 ], [ 81.236447773496565, 6.589461510942552 ], [ 81.236447773496565, 6.58945252778971 ], [ 81.236407349308777, 6.589412103601925 ], [ 81.236398366155939, 6.589412103601925 ], [ 81.236357941968151, 6.589331255226354 ], [ 81.236357941968151, 6.589313288920672 ], [ 81.236277093592577, 6.589232440545102 ], [ 81.2362591272869, 6.589232440545102 ], [ 81.236178278911325, 6.589151592169531 ], [ 81.236178278911325, 6.589133625863848 ], [ 81.23609743053575, 6.589052777488277 ], [ 81.236079464230073, 6.589052777488277 ], [ 81.235998615854498, 6.588971929112707 ], [ 81.235998615854498, 6.588953962807024 ], [ 81.235756070727788, 6.588873114431454 ], [ 81.235702171810743, 6.588873114431454 ], [ 81.235459626684033, 6.588953962807024 ], [ 81.235459626684033, 6.588971929112707 ], [ 81.235419202496246, 6.589052777488277 ], [ 81.235410219343407, 6.589052777488277 ], [ 81.23536979515562, 6.589012353300491 ], [ 81.23536979515562, 6.589003370147651 ], [ 81.235329370967833, 6.588962945959866 ], [ 81.235320387814994, 6.588962945959866 ], [ 81.235279963627207, 6.58892252177208 ], [ 81.235279963627207, 6.58891353861924 ], [ 81.235158691063845, 6.588873114431454 ], [ 81.235131741605329, 6.588873114431454 ], [ 81.235010469041967, 6.588832690243668 ], [ 81.235010469041967, 6.588823707090827 ], [ 81.23497004485418, 6.588783282903042 ], [ 81.234961061701341, 6.588783282903042 ], [ 81.234920637513568, 6.588823707090827 ], [ 81.234920637513568, 6.588832690243668 ], [ 81.234839789137993, 6.588873114431454 ], [ 81.234821822832316, 6.588873114431454 ], [ 81.234740974456741, 6.588953962807024 ], [ 81.234740974456741, 6.588971929112707 ], [ 81.234781398644529, 6.589052777488277 ], [ 81.234790381797367, 6.589052777488277 ], [ 81.234830805985155, 6.589012353300491 ], [ 81.234830805985155, 6.589003370147651 ], [ 81.234871230172928, 6.588962945959866 ], [ 81.234880213325795, 6.588962945959866 ], [ 81.234920637513568, 6.589084218523222 ], [ 81.234920637513568, 6.589111167981745 ], [ 81.235122758452491, 6.589232440545102 ], [ 81.235167674216683, 6.589232440545102 ], [ 81.23536979515562, 6.589272864732887 ], [ 81.23536979515562, 6.589281847885728 ], [ 81.235329370967833, 6.589322272073513 ], [ 81.235320387814994, 6.589322272073513 ], [ 81.235279963627207, 6.589403120449084 ], [ 81.235279963627207, 6.589421086754767 ], [ 81.235239539439419, 6.589501935130338 ], [ 81.235230556286581, 6.589501935130338 ], [ 81.235190132098793, 6.589461510942552 ], [ 81.235190132098793, 6.58945252778971 ], [ 81.235149707911006, 6.589412103601925 ], [ 81.235140724758168, 6.589412103601925 ], [ 81.23510030057038, 6.589371679414139 ], [ 81.23510030057038, 6.589362696261299 ], [ 81.23501945219482, 6.589322272073513 ], [ 81.235001485889143, 6.589322272073513 ], [ 81.234920637513568, 6.589362696261299 ], [ 81.234920637513568, 6.589371679414139 ], [ 81.234961061701341, 6.589412103601925 ], [ 81.23497004485418, 6.589412103601925 ], [ 81.235010469041967, 6.589492951977496 ], [ 81.235010469041967, 6.589510918283178 ], [ 81.235050893229754, 6.589591766658749 ], [ 81.235059876382593, 6.589591766658749 ], [ 81.23510030057038, 6.58975346340989 ], [ 81.23510030057038, 6.589789396021256 ], [ 81.235221573133742, 6.589951092772397 ], [ 81.235248522592258, 6.589951092772397 ], [ 81.23536979515562, 6.589991516960183 ], [ 81.23536979515562, 6.590000500113023 ], [ 81.235329370967833, 6.590040924300808 ], [ 81.235320387814994, 6.590040924300808 ], [ 81.235279963627207, 6.590081348488594 ], [ 81.235279963627207, 6.590090331641435 ], [ 81.235401236190569, 6.590130755829221 ], [ 81.235428185649084, 6.590130755829221 ], [ 81.235549458212446, 6.590211604204791 ], [ 81.235549458212446, 6.590229570510473 ], [ 81.235670730775809, 6.590310418886045 ], [ 81.235697680234324, 6.590310418886045 ], [ 81.235818952797686, 6.59035084307383 ], [ 81.235818952797686, 6.59035982622667 ], [ 81.235859376985459, 6.590400250414456 ], [ 81.235868360138312, 6.590400250414456 ], [ 81.235908784326085, 6.59035982622667 ], [ 81.235908784326085, 6.59035084307383 ], [ 81.235949208513873, 6.590310418886045 ] ], [ [ 81.23563928974086, 6.589731005527788 ], [ 81.23563928974086, 6.589722022374946 ], [ 81.235679713928647, 6.589681598187161 ], [ 81.235688697081486, 6.589681598187161 ], [ 81.235729121269273, 6.589722022374946 ], [ 81.235729121269273, 6.589731005527788 ], [ 81.235688697081486, 6.589771429715573 ], [ 81.235679713928647, 6.589771429715573 ], [ 81.23563928974086, 6.589731005527788 ] ], [ [ 81.23576954545706, 6.589771429715573 ], [ 81.235778528609899, 6.589771429715573 ], [ 81.235818952797686, 6.589811853903359 ], [ 81.235818952797686, 6.5898208370562 ], [ 81.235778528609899, 6.589861261243986 ], [ 81.23576954545706, 6.589861261243986 ], [ 81.235729121269273, 6.5898208370562 ], [ 81.235729121269273, 6.589811853903359 ], [ 81.23576954545706, 6.589771429715573 ] ], [ [ 81.235908784326085, 6.589991516960183 ], [ 81.235908784326085, 6.590000500113023 ], [ 81.235868360138312, 6.590040924300808 ], [ 81.235859376985459, 6.590040924300808 ], [ 81.235818952797686, 6.590000500113023 ], [ 81.235818952797686, 6.589991516960183 ], [ 81.235859376985459, 6.589951092772397 ], [ 81.235868360138312, 6.589951092772397 ], [ 81.235908784326085, 6.589991516960183 ] ] ] ] } },
{ "type": "Feature", "properties": { "fid": 1420213.0, "DN": 3, "area": 9080 }, "geometry": { "type": "MultiPolygon", "coordinates": [ [ [ [ 81.242947084577168, 6.589591766658749 ], [ 81.242974034035697, 6.589591766658749 ], [ 81.243095306599045, 6.589551342470964 ], [ 81.243095306599045, 6.589542359318123 ], [ 81.24317615497462, 6.589501935130338 ], [ 81.243194121280297, 6.589501935130338 ], [ 81.243274969655872, 6.589542359318123 ], [ 81.243274969655872, 6.589551342470964 ], [ 81.24363878734593, 6.589591766658749 ], [ 81.243719635721504, 6.589591766658749 ], [ 81.244083453411577, 6.589551342470964 ], [ 81.244083453411577, 6.589542359318123 ], [ 81.244123877599364, 6.589501935130338 ], [ 81.244132860752202, 6.589501935130338 ], [ 81.24417328493999, 6.589380662566981 ], [ 81.24417328493999, 6.589353713108459 ], [ 81.244132860752202, 6.589232440545102 ], [ 81.244123877599364, 6.589232440545102 ], [ 81.244083453411577, 6.589313288920672 ], [ 81.244083453411577, 6.589331255226354 ], [ 81.244043029223789, 6.589412103601925 ], [ 81.244034046070951, 6.589412103601925 ], [ 81.243993621883163, 6.589290831038569 ], [ 81.243993621883163, 6.589263881580045 ], [ 81.243953197695376, 6.589142609016689 ], [ 81.243944214542537, 6.589142609016689 ], [ 81.24390379035475, 6.589183033204475 ], [ 81.24390379035475, 6.589192016357316 ], [ 81.243742093603615, 6.589232440545102 ], [ 81.243706160992247, 6.589232440545102 ], [ 81.243544464241111, 6.589272864732887 ], [ 81.243544464241111, 6.589281847885728 ], [ 81.243504040053324, 6.589322272073513 ], [ 81.243495056900485, 6.589322272073513 ], [ 81.243454632712698, 6.589200999510156 ], [ 81.243454632712698, 6.589174050051634 ], [ 81.243414208524911, 6.589052777488277 ], [ 81.243405225372072, 6.589052777488277 ], [ 81.243364801184285, 6.589093201676063 ], [ 81.243364801184285, 6.589102184828904 ], [ 81.243324376996497, 6.589142609016689 ], [ 81.243315393843659, 6.589142609016689 ], [ 81.243274969655872, 6.589021336453333 ], [ 81.243274969655872, 6.58899438699481 ], [ 81.243194121280297, 6.588873114431454 ], [ 81.24317615497462, 6.588873114431454 ], [ 81.243095306599045, 6.588832690243668 ], [ 81.243095306599045, 6.588823707090827 ], [ 81.243014458223485, 6.588783282903042 ], [ 81.242996491917779, 6.588783282903042 ], [ 81.242915643542219, 6.588742858715256 ], [ 81.242915643542219, 6.588733875562415 ], [ 81.242875219354431, 6.588693451374629 ], [ 81.242866236201593, 6.588693451374629 ], [ 81.24282581201382, 6.588653027186844 ], [ 81.24282581201382, 6.588644044034003 ], [ 81.242785387826032, 6.588603619846218 ], [ 81.242776404673194, 6.588603619846218 ], [ 81.242735980485406, 6.588644044034003 ], [ 81.242735980485406, 6.588653027186844 ], [ 81.242614707922044, 6.588693451374629 ], [ 81.242587758463529, 6.588693451374629 ], [ 81.242466485900167, 6.588733875562415 ], [ 81.242466485900167, 6.588742858715256 ], [ 81.242547334275741, 6.588783282903042 ], [ 81.242565300581418, 6.588783282903042 ], [ 81.242646148956993, 6.588823707090827 ], [ 81.242646148956993, 6.588832690243668 ], [ 81.24268657314478, 6.588873114431454 ], [ 81.242695556297619, 6.588873114431454 ], [ 81.242735980485406, 6.589034811182596 ], [ 81.242735980485406, 6.58907074379396 ], [ 81.242816828860981, 6.589232440545102 ], [ 81.242834795166658, 6.589232440545102 ], [ 81.242915643542219, 6.589313288920672 ], [ 81.242915643542219, 6.589331255226354 ], [ 81.242875219354431, 6.589412103601925 ], [ 81.242866236201593, 6.589412103601925 ], [ 81.24282581201382, 6.58945252778971 ], [ 81.24282581201382, 6.589461510942552 ], [ 81.242785387826032, 6.589501935130338 ], [ 81.242776404673194, 6.589501935130338 ], [ 81.242735980485406, 6.589582783505908 ], [ 81.242735980485406, 6.58960074981159 ], [ 81.242776404673194, 6.589681598187161 ], [ 81.242785387826032, 6.589681598187161 ], [ 81.24282581201382, 6.589641173999375 ], [ 81.24282581201382, 6.589632190846535 ], [ 81.242947084577168, 6.589591766658749 ] ], [ [ 81.243045899258419, 6.589412103601925 ], [ 81.243054882411258, 6.589412103601925 ], [ 81.243095306599045, 6.58945252778971 ], [ 81.243095306599045, 6.589461510942552 ], [ 81.243054882411258, 6.589501935130338 ], [ 81.243045899258419, 6.589501935130338 ], [ 81.243005475070632, 6.589461510942552 ], [ 81.243005475070632, 6.58945252778971 ], [ 81.243045899258419, 6.589412103601925 ] ] ] ] } },
{ "type": "Feature", "properties": { "fid": 1420407.0, "DN": 3, "area": 5132 }, "geometry": { "type": "MultiPolygon", "coordinates": [ [ [ [ 81.241878089389076, 6.589052777488277 ], [ 81.241887072541914, 6.589052777488277 ], [ 81.241927496729687, 6.589012353300491 ], [ 81.241927496729687, 6.589003370147651 ], [ 81.241887072541914, 6.588962945959866 ], [ 81.241878089389076, 6.588962945959866 ], [ 81.241837665201288, 6.58892252177208 ], [ 81.241837665201288, 6.58891353861924 ], [ 81.241878089389076, 6.588873114431454 ], [ 81.241887072541914, 6.588873114431454 ], [ 81.241927496729687, 6.588832690243668 ], [ 81.241927496729687, 6.588823707090827 ], [ 81.241887072541914, 6.588783282903042 ], [ 81.241878089389076, 6.588783282903042 ], [ 81.241837665201288, 6.588702434527471 ], [ 81.241837665201288, 6.588684468221789 ], [ 81.241797241013501, 6.588603619846218 ], [ 81.241788257860662, 6.588603619846218 ], [ 81.241747833672875, 6.588644044034003 ], [ 81.241747833672875, 6.588653027186844 ], [ 81.241707409485088, 6.588693451374629 ], [ 81.241698426332249, 6.588693451374629 ], [ 81.241658002144462, 6.588653027186844 ], [ 81.241658002144462, 6.588644044034003 ], [ 81.241617577956674, 6.588603619846218 ], [ 81.241608594803836, 6.588603619846218 ], [ 81.241568170616048, 6.588522771470647 ], [ 81.241568170616048, 6.588504805164964 ], [ 81.241527746428261, 6.588423956789393 ], [ 81.241518763275423, 6.588423956789393 ], [ 81.241478339087635, 6.588343108413823 ], [ 81.241478339087635, 6.588325142108141 ], [ 81.241518763275423, 6.58824429373257 ], [ 81.241527746428261, 6.58824429373257 ], [ 81.241568170616048, 6.588203869544785 ], [ 81.241568170616048, 6.588194886391944 ], [ 81.241366049677112, 6.588154462204158 ], [ 81.241321133912919, 6.588154462204158 ], [ 81.241119012973982, 6.588397007330871 ], [ 81.241119012973982, 6.588450906247918 ], [ 81.24115943716177, 6.588693451374629 ], [ 81.241168420314608, 6.588693451374629 ], [ 81.241208844502395, 6.588653027186844 ], [ 81.241208844502395, 6.588644044034003 ], [ 81.241249268690183, 6.588603619846218 ], [ 81.241258251843021, 6.588603619846218 ], [ 81.241298676030809, 6.588684468221789 ], [ 81.241298676030809, 6.588702434527471 ], [ 81.241339100218596, 6.588783282903042 ], [ 81.241348083371435, 6.588783282903042 ], [ 81.241388507559222, 6.588823707090827 ], [ 81.241388507559222, 6.588832690243668 ], [ 81.241428931747009, 6.588873114431454 ], [ 81.241437914899848, 6.588873114431454 ], [ 81.241478339087635, 6.588953962807024 ], [ 81.241478339087635, 6.588971929112707 ], [ 81.241518763275423, 6.589052777488277 ], [ 81.241527746428261, 6.589052777488277 ], [ 81.241568170616048, 6.589093201676063 ], [ 81.241568170616048, 6.589102184828904 ], [ 81.241689443179411, 6.589142609016689 ], [ 81.241716392637926, 6.589142609016689 ], [ 81.241837665201288, 6.589102184828904 ], [ 81.241837665201288, 6.589093201676063 ], [ 81.241878089389076, 6.589052777488277 ] ], [ [ 81.241388507559222, 6.588284717920356 ], [ 81.241388507559222, 6.588293701073196 ], [ 81.241348083371435, 6.588334125260982 ], [ 81.241339100218596, 6.588334125260982 ], [ 81.241298676030809, 6.588293701073196 ], [ 81.241298676030809, 6.588284717920356 ], [ 81.241339100218596, 6.58824429373257 ], [ 81.241348083371435, 6.58824429373257 ], [ 81.241388507559222, 6.588284717920356 ] ] ] ] } },
{ "type": "Feature", "properties": { "fid": 1420702.0, "DN": 3, "area": 3652 }, "geometry": { "type": "MultiPolygon", "coordinates": [ [ [ [ 81.243674719957312, 6.587974799147334 ], [ 81.24368370311015, 6.587974799147334 ], [ 81.243724127297938, 6.587893950771763 ], [ 81.243724127297938, 6.587875984466081 ], [ 81.243481582171228, 6.58779513609051 ], [ 81.243427683254168, 6.58779513609051 ], [ 81.243185138127458, 6.587754711902725 ], [ 81.243185138127458, 6.587745728749884 ], [ 81.243063865564096, 6.587705304562098 ], [ 81.243036916105581, 6.587705304562098 ], [ 81.242915643542219, 6.587664880374312 ], [ 81.242915643542219, 6.587655897221472 ], [ 81.242875219354431, 6.587615473033686 ], [ 81.242866236201593, 6.587615473033686 ], [ 81.24282581201382, 6.587777169784828 ], [ 81.24282581201382, 6.587813102396193 ], [ 81.24290666038938, 6.587974799147334 ], [ 81.242924626695071, 6.587974799147334 ], [ 81.243005475070632, 6.58801522333512 ], [ 81.243005475070632, 6.58802420648796 ], [ 81.243045899258419, 6.588064630675746 ], [ 81.243054882411258, 6.588064630675746 ], [ 81.243095306599045, 6.588105054863531 ], [ 81.243095306599045, 6.588114038016373 ], [ 81.243337851725755, 6.588154462204158 ], [ 81.243391750642814, 6.588154462204158 ], [ 81.243634295769525, 6.588073613828588 ], [ 81.243634295769525, 6.588055647522904 ], [ 81.243674719957312, 6.587974799147334 ] ], [ [ 81.243584888428899, 6.587884967618923 ], [ 81.243593871581737, 6.587884967618923 ], [ 81.243634295769525, 6.587925391806708 ], [ 81.243634295769525, 6.587934374959548 ], [ 81.243593871581737, 6.587974799147334 ], [ 81.243584888428899, 6.587974799147334 ], [ 81.243544464241111, 6.587934374959548 ], [ 81.243544464241111, 6.587925391806708 ], [ 81.243584888428899, 6.587884967618923 ] ] ] ] } },
{ "type": "Feature", "properties": { "fid": 1420968.0, "DN": 3, "area": 3158 }, "geometry": { "type": "MultiPolygon", "coordinates": [ [ [ [ 81.513079473664746, 6.58779513609051 ], [ 81.513088456817584, 6.58779513609051 ], [ 81.513128881005372, 6.587754711902725 ], [ 81.513128881005372, 6.587745728749884 ], [ 81.513169305193159, 6.587705304562098 ], [ 81.513178288345998, 6.587705304562098 ], [ 81.513218712533785, 6.587664880374312 ], [ 81.513218712533785, 6.587655897221472 ], [ 81.513259136721572, 6.587615473033686 ], [ 81.513268119874411, 6.587615473033686 ], [ 81.513308544062198, 6.587575048845901 ], [ 81.513308544062198, 6.58756606569306 ], [ 81.513268119874411, 6.587525641505274 ], [ 81.513259136721572, 6.587525641505274 ], [ 81.513218712533785, 6.587485217317488 ], [ 81.513218712533785, 6.587476234164647 ], [ 81.51313786415821, 6.587435809976862 ], [ 81.513119897852533, 6.587435809976862 ], [ 81.513039049476959, 6.587314537413506 ], [ 81.513039049476959, 6.587287587954982 ], [ 81.512958201101398, 6.587166315391626 ], [ 81.512940234795707, 6.587166315391626 ], [ 81.512859386420146, 6.587206739579412 ], [ 81.512859386420146, 6.587215722732253 ], [ 81.512738113856784, 6.587256146920039 ], [ 81.512711164398269, 6.587256146920039 ], [ 81.512589891834907, 6.587215722732253 ], [ 81.512589891834907, 6.587206739579412 ], [ 81.512549467647119, 6.587166315391626 ], [ 81.512540484494281, 6.587166315391626 ], [ 81.512500060306493, 6.587247163767197 ], [ 81.512500060306493, 6.587265130072879 ], [ 81.512540484494281, 6.58734597844845 ], [ 81.512549467647119, 6.58734597844845 ], [ 81.512589891834907, 6.587467251011807 ], [ 81.512589891834907, 6.58749420047033 ], [ 81.512792012773829, 6.587615473033686 ], [ 81.512836928538036, 6.587615473033686 ], [ 81.513039049476959, 6.587696321409258 ], [ 81.513039049476959, 6.58771428771494 ], [ 81.513079473664746, 6.58779513609051 ] ] ] ] } },
{ "type": "Feature", "properties": { "fid": 1421159.0, "DN": 3, "area": 9869 }, "geometry": { "type": "MultiPolygon", "coordinates": [ [ [ [ 81.245871100826974, 6.587974799147334 ], [ 81.245889067132651, 6.587974799147334 ], [ 81.245969915508226, 6.587893950771763 ], [ 81.245969915508226, 6.587875984466081 ], [ 81.245929491320439, 6.58779513609051 ], [ 81.2459205081676, 6.58779513609051 ], [ 81.245880083979813, 6.587673863527154 ], [ 81.245880083979813, 6.58764691406863 ], [ 81.245718387228678, 6.587525641505274 ], [ 81.24568245461731, 6.587525641505274 ], [ 81.245520757866174, 6.587444793129704 ], [ 81.245520757866174, 6.587426826824021 ], [ 81.245480333678387, 6.58734597844845 ], [ 81.245471350525548, 6.58734597844845 ], [ 81.245430926337761, 6.587224705885093 ], [ 81.245430926337761, 6.587197756426571 ], [ 81.2453500779622, 6.587076483863214 ], [ 81.245332111656495, 6.587076483863214 ], [ 81.245251263280934, 6.586995635487644 ], [ 81.245251263280934, 6.586977669181961 ], [ 81.245210839093147, 6.586896820806391 ], [ 81.245201855940309, 6.586896820806391 ], [ 81.245161431752521, 6.586856396618606 ], [ 81.245161431752521, 6.586847413465764 ], [ 81.245121007564734, 6.586806989277979 ], [ 81.245112024411895, 6.586806989277979 ], [ 81.245071600224108, 6.586928261841335 ], [ 81.245071600224108, 6.586955211299858 ], [ 81.244990751848533, 6.587076483863214 ], [ 81.244972785542856, 6.587076483863214 ], [ 81.244891937167282, 6.586995635487644 ], [ 81.244891937167282, 6.586977669181961 ], [ 81.244811088791721, 6.586896820806391 ], [ 81.24479312248603, 6.586896820806391 ], [ 81.244712274110469, 6.586937244994177 ], [ 81.244712274110469, 6.586946228147017 ], [ 81.244752698298242, 6.586986652334803 ], [ 81.244761681451109, 6.586986652334803 ], [ 81.244802105638882, 6.587027076522588 ], [ 81.244802105638882, 6.587036059675428 ], [ 81.244721257263308, 6.587076483863214 ], [ 81.244703290957631, 6.587076483863214 ], [ 81.244622442582056, 6.587157332238785 ], [ 81.244622442582056, 6.587175298544468 ], [ 81.244743715145404, 6.587256146920039 ], [ 81.244770664603934, 6.587256146920039 ], [ 81.244891937167282, 6.587377419483395 ], [ 81.244891937167282, 6.587404368941918 ], [ 81.244851512979494, 6.587525641505274 ], [ 81.244842529826656, 6.587525641505274 ], [ 81.244802105638882, 6.58756606569306 ], [ 81.244802105638882, 6.587575048845901 ], [ 81.244882954014457, 6.587615473033686 ], [ 81.244900920320134, 6.587615473033686 ], [ 81.244981768695695, 6.587655897221472 ], [ 81.244981768695695, 6.587664880374312 ], [ 81.245022192883482, 6.587705304562098 ], [ 81.245031176036321, 6.587705304562098 ], [ 81.245071600224108, 6.587745728749884 ], [ 81.245071600224108, 6.587754711902725 ], [ 81.245112024411895, 6.58779513609051 ], [ 81.245121007564734, 6.58779513609051 ], [ 81.245161431752521, 6.587835560278296 ], [ 81.245161431752521, 6.587844543431137 ], [ 81.245201855940309, 6.587884967618923 ], [ 81.245210839093147, 6.587884967618923 ], [ 81.245251263280934, 6.587925391806708 ], [ 81.245251263280934, 6.587934374959548 ], [ 81.245332111656495, 6.587974799147334 ], [ 81.2453500779622, 6.587974799147334 ], [ 81.245430926337761, 6.588055647522904 ], [ 81.245430926337761, 6.588073613828588 ], [ 81.245592623088896, 6.588154462204158 ], [ 81.245628555700279, 6.588154462204158 ], [ 81.245790252451414, 6.588073613828588 ], [ 81.245790252451414, 6.588055647522904 ], [ 81.245871100826974, 6.587974799147334 ] ], [ [ 81.245700420923001, 6.587696321409258 ], [ 81.245700420923001, 6.58771428771494 ], [ 81.245659996735213, 6.58779513609051 ], [ 81.245651013582375, 6.58779513609051 ], [ 81.245610589394587, 6.58771428771494 ], [ 81.245610589394587, 6.587696321409258 ], [ 81.245651013582375, 6.587615473033686 ], [ 81.245659996735213, 6.587615473033686 ], [ 81.245700420923001, 6.587696321409258 ] ] ] ] } },
{ "type": "Feature", "properties": { "fid": 1421292.0, "DN": 3, "area": 8882 }, "geometry": { "type": "MultiPolygon", "coordinates": [ [ [ [ 81.238194996724161, 6.587705304562098 ], [ 81.238203979877028, 6.587705304562098 ], [ 81.238244404064801, 6.587664880374312 ], [ 81.238244404064801, 6.587655897221472 ], [ 81.238325252440376, 6.587615473033686 ], [ 81.238343218746053, 6.587615473033686 ], [ 81.238424067121628, 6.587696321409258 ], [ 81.238424067121628, 6.58771428771494 ], [ 81.238464491309415, 6.58779513609051 ], [ 81.238473474462253, 6.58779513609051 ], [ 81.238513898650041, 6.587673863527154 ], [ 81.238513898650041, 6.58764691406863 ], [ 81.238473474462253, 6.587525641505274 ], [ 81.238464491309415, 6.587525641505274 ], [ 81.238424067121628, 6.587444793129704 ], [ 81.238424067121628, 6.587426826824021 ], [ 81.238464491309415, 6.58734597844845 ], [ 81.238473474462253, 6.58734597844845 ], [ 81.238513898650041, 6.587305554260665 ], [ 81.238513898650041, 6.587296571107824 ], [ 81.238473474462253, 6.587256146920039 ], [ 81.238464491309415, 6.587256146920039 ], [ 81.238424067121628, 6.587215722732253 ], [ 81.238424067121628, 6.587206739579412 ], [ 81.23838364293384, 6.587166315391626 ], [ 81.238374659781002, 6.587166315391626 ], [ 81.238334235593214, 6.587125891203841 ], [ 81.238334235593214, 6.587116908051 ], [ 81.23825338721764, 6.587076483863214 ], [ 81.238235420911963, 6.587076483863214 ], [ 81.238154572536388, 6.587036059675428 ], [ 81.238154572536388, 6.587027076522588 ], [ 81.2381141483486, 6.586986652334803 ], [ 81.238105165195762, 6.586986652334803 ], [ 81.238064741007975, 6.587027076522588 ], [ 81.238064741007975, 6.587036059675428 ], [ 81.238024316820187, 6.587076483863214 ], [ 81.238015333667349, 6.587076483863214 ], [ 81.237974909479561, 6.586955211299858 ], [ 81.237974909479561, 6.586928261841335 ], [ 81.237934485291774, 6.586806989277979 ], [ 81.237925502138935, 6.586806989277979 ], [ 81.237885077951148, 6.586766565090193 ], [ 81.237885077951148, 6.586757581937352 ], [ 81.237804229575588, 6.586717157749566 ], [ 81.237786263269896, 6.586717157749566 ], [ 81.237705414894336, 6.586757581937352 ], [ 81.237705414894336, 6.586766565090193 ], [ 81.237664990706548, 6.586806989277979 ], [ 81.23765600755371, 6.586806989277979 ], [ 81.237615583365923, 6.586766565090193 ], [ 81.237615583365923, 6.586757581937352 ], [ 81.237575159178135, 6.586717157749566 ], [ 81.237566176025297, 6.586717157749566 ], [ 81.237525751837509, 6.586676733561781 ], [ 81.237525751837509, 6.586667750408941 ], [ 81.237566176025297, 6.586627326221155 ], [ 81.237575159178135, 6.586627326221155 ], [ 81.237615583365923, 6.586586902033369 ], [ 81.237615583365923, 6.586577918880528 ], [ 81.237534734990348, 6.586537494692743 ], [ 81.237516768684671, 6.586537494692743 ], [ 81.237435920309096, 6.586618343068313 ], [ 81.237435920309096, 6.586636309373995 ], [ 81.237395496121309, 6.586717157749566 ], [ 81.23738651296847, 6.586717157749566 ], [ 81.237346088780683, 6.586636309373995 ], [ 81.237346088780683, 6.586618343068313 ], [ 81.237305664592895, 6.586537494692743 ], [ 81.237296681440057, 6.586537494692743 ], [ 81.23725625725227, 6.586577918880528 ], [ 81.23725625725227, 6.586586902033369 ], [ 81.237215833064482, 6.586627326221155 ], [ 81.237206849911644, 6.586627326221155 ], [ 81.237166425723856, 6.586667750408941 ], [ 81.237166425723856, 6.586676733561781 ], [ 81.237206849911644, 6.586717157749566 ], [ 81.237215833064482, 6.586717157749566 ], [ 81.23725625725227, 6.586757581937352 ], [ 81.23725625725227, 6.586766565090193 ], [ 81.237296681440057, 6.586806989277979 ], [ 81.237305664592895, 6.586806989277979 ], [ 81.237346088780683, 6.586847413465764 ], [ 81.237346088780683, 6.586856396618606 ], [ 81.23738651296847, 6.586896820806391 ], [ 81.237395496121309, 6.586896820806391 ], [ 81.237435920309096, 6.586977669181961 ], [ 81.237435920309096, 6.586995635487644 ], [ 81.237476344496883, 6.587076483863214 ], [ 81.237485327649722, 6.587076483863214 ], [ 81.237525751837509, 6.587116908051 ], [ 81.237525751837509, 6.587125891203841 ], [ 81.237566176025297, 6.587166315391626 ], [ 81.237575159178135, 6.587166315391626 ], [ 81.237615583365923, 6.587247163767197 ], [ 81.237615583365923, 6.587265130072879 ], [ 81.23765600755371, 6.58734597844845 ], [ 81.237664990706548, 6.58734597844845 ], [ 81.237705414894336, 6.587426826824021 ], [ 81.237705414894336, 6.587444793129704 ], [ 81.237745839082123, 6.587525641505274 ], [ 81.237754822234962, 6.587525641505274 ], [ 81.237795246422749, 6.58756606569306 ], [ 81.237795246422749, 6.587575048845901 ], [ 81.237835670610536, 6.587615473033686 ], [ 81.237844653763375, 6.587615473033686 ], [ 81.237885077951148, 6.587696321409258 ], [ 81.237885077951148, 6.58771428771494 ], [ 81.23800635051451, 6.58779513609051 ], [ 81.238033299973026, 6.58779513609051 ], [ 81.238154572536388, 6.587754711902725 ], [ 81.238154572536388, 6.587745728749884 ], [ 81.238194996724161, 6.587705304562098 ] ], [ [ 81.238334235593214, 6.587296571107824 ], [ 81.238334235593214, 6.587305554260665 ], [ 81.238293811405427, 6.58734597844845 ], [ 81.238284828252588, 6.58734597844845 ], [ 81.238244404064801, 6.587386402636236 ], [ 81.238244404064801, 6.587395385789076 ], [ 81.238203979877028, 6.587435809976862 ], [ 81.238194996724161, 6.587435809976862 ], [ 81.238154572536388, 6.587354961601291 ], [ 81.238154572536388, 6.587336995295609 ], [ 81.238235420911963, 6.587256146920039 ], [ 81.23825338721764, 6.587256146920039 ], [ 81.238334235593214, 6.587296571107824 ] ] ] ] } },
{ "type": "Feature", "properties": { "fid": 1421608.0, "DN": 3, "area": 4935 }, "geometry": { "type": "MultiPolygon", "coordinates": [ [ [ [ 81.602412437094017, 6.587705304562098 ], [ 81.602430403399694, 6.587705304562098 ], [ 81.602511251775269, 6.587664880374312 ], [ 81.602511251775269, 6.587655897221472 ], [ 81.602470827587481, 6.587615473033686 ], [ 81.602461844434643, 6.587615473033686 ], [ 81.602421420246856, 6.587575048845901 ], [ 81.602421420246856, 6.58756606569306 ], [ 81.602461844434643, 6.587525641505274 ], [ 81.602470827587481, 6.587525641505274 ], [ 81.602511251775269, 6.587444793129704 ], [ 81.602511251775269, 6.587426826824021 ], [ 81.602470827587481, 6.58734597844845 ], [ 81.602461844434643, 6.58734597844845 ], [ 81.602421420246856, 6.587305554260665 ], [ 81.602421420246856, 6.587296571107824 ], [ 81.602461844434643, 6.587256146920039 ], [ 81.602470827587481, 6.587256146920039 ], [ 81.602511251775269, 6.587215722732253 ], [ 81.602511251775269, 6.587206739579412 ], [ 81.602551675963056, 6.587166315391626 ], [ 81.602560659115895, 6.587166315391626 ], [ 81.602601083303682, 6.587085467016056 ], [ 81.602601083303682, 6.587067500710374 ], [ 81.602641507491469, 6.586986652334803 ], [ 81.602650490644308, 6.586986652334803 ], [ 81.602690914832095, 6.586744107208091 ], [ 81.602690914832095, 6.586690208291042 ], [ 81.60277176320767, 6.58644766316433 ], [ 81.602789729513347, 6.58644766316433 ], [ 81.602870577888922, 6.586285966413189 ], [ 81.602870577888922, 6.586250033801824 ], [ 81.602911002076709, 6.586088337050683 ], [ 81.602919985229548, 6.586088337050683 ], [ 81.602960409417335, 6.586047912862897 ], [ 81.602960409417335, 6.586038929710057 ], [ 81.603000833605108, 6.585998505522271 ], [ 81.603009816757947, 6.585998505522271 ], [ 81.603050240945734, 6.585877232958914 ], [ 81.603050240945734, 6.585850283500392 ], [ 81.602969392570174, 6.585729010937035 ], [ 81.602951426264497, 6.585729010937035 ], [ 81.602870577888922, 6.585809859312606 ], [ 81.602870577888922, 6.585827825618289 ], [ 81.602789729513347, 6.58590867399386 ], [ 81.60277176320767, 6.58590867399386 ], [ 81.602690914832095, 6.586110794932786 ], [ 81.602690914832095, 6.586155710696993 ], [ 81.602650490644308, 6.586357831635919 ], [ 81.602641507491469, 6.586357831635919 ], [ 81.602601083303682, 6.586398255823704 ], [ 81.602601083303682, 6.586407238976545 ], [ 81.602560659115895, 6.58644766316433 ], [ 81.602551675963056, 6.58644766316433 ], [ 81.602511251775269, 6.586568935727686 ], [ 81.602511251775269, 6.586595885186211 ], [ 81.602470827587481, 6.586717157749566 ], [ 81.602461844434643, 6.586717157749566 ], [ 81.602421420246856, 6.586757581937352 ], [ 81.602421420246856, 6.586766565090193 ], [ 81.602461844434643, 6.586806989277979 ], [ 81.602470827587481, 6.586806989277979 ], [ 81.602511251775269, 6.586847413465764 ], [ 81.602511251775269, 6.586856396618606 ], [ 81.602470827587481, 6.586896820806391 ], [ 81.602461844434643, 6.586896820806391 ], [ 81.602421420246856, 6.586937244994177 ], [ 81.602421420246856, 6.586946228147017 ], [ 81.602380996059082, 6.586986652334803 ], [ 81.602372012906216, 6.586986652334803 ], [ 81.602331588718442, 6.587310045837086 ], [ 81.602331588718442, 6.587381911059815 ], [ 81.602412437094017, 6.587705304562098 ] ] ] ] } },
{ "type": "Feature", "properties": { "fid": 1421915.0, "DN": 3, "area": 5231 }, "geometry": { "type": "MultiPolygon", "coordinates": [ [ [ [ 81.242816828860981, 6.585818842465447 ], [ 81.242834795166658, 6.585818842465447 ], [ 81.242915643542219, 6.585778418277662 ], [ 81.242915643542219, 6.585769435124821 ], [ 81.242834795166658, 6.585729010937035 ], [ 81.242816828860981, 6.585729010937035 ], [ 81.242735980485406, 6.585688586749249 ], [ 81.242735980485406, 6.585679603596409 ], [ 81.242857253048754, 6.585639179408624 ], [ 81.242884202507284, 6.585639179408624 ], [ 81.243005475070632, 6.585598755220838 ], [ 81.243005475070632, 6.585589772067997 ], [ 81.242965050882844, 6.585549347880211 ], [ 81.242956067730006, 6.585549347880211 ], [ 81.242915643542219, 6.585508923692426 ], [ 81.242915643542219, 6.585499940539584 ], [ 81.242875219354431, 6.585459516351799 ], [ 81.242866236201593, 6.585459516351799 ], [ 81.24282581201382, 6.585378667976229 ], [ 81.24282581201382, 6.585360701670546 ], [ 81.242704539450457, 6.585279853294976 ], [ 81.242677589991942, 6.585279853294976 ], [ 81.24255631742858, 6.585199004919405 ], [ 81.24255631742858, 6.585181038613722 ], [ 81.242515893240792, 6.585100190238151 ], [ 81.242506910087954, 6.585100190238151 ], [ 81.242466485900167, 6.585059766050366 ], [ 81.242466485900167, 6.585050782897525 ], [ 81.242426061712393, 6.58501035870974 ], [ 81.242417078559527, 6.58501035870974 ], [ 81.242376654371753, 6.585050782897525 ], [ 81.242376654371753, 6.585059766050366 ], [ 81.242336230183966, 6.585100190238151 ], [ 81.242327247031128, 6.585100190238151 ], [ 81.24228682284334, 6.585140614425937 ], [ 81.24228682284334, 6.585149597578778 ], [ 81.242246398655553, 6.585190021766564 ], [ 81.242237415502714, 6.585190021766564 ], [ 81.242196991314927, 6.585392142705491 ], [ 81.242196991314927, 6.585437058469696 ], [ 81.242237415502714, 6.585639179408624 ], [ 81.242246398655553, 6.585639179408624 ], [ 81.24228682284334, 6.585720027784195 ], [ 81.24228682284334, 6.585737994089877 ], [ 81.242408095406688, 6.585818842465447 ], [ 81.242435044865232, 6.585818842465447 ], [ 81.24255631742858, 6.585899690841018 ], [ 81.24255631742858, 6.5859176571467 ], [ 81.242637165804155, 6.585998505522271 ], [ 81.242655132109832, 6.585998505522271 ], [ 81.242735980485406, 6.5859176571467 ], [ 81.242735980485406, 6.585899690841018 ], [ 81.242816828860981, 6.585818842465447 ] ], [ [ 81.242735980485406, 6.585410109011173 ], [ 81.242735980485406, 6.585419092164013 ], [ 81.242655132109832, 6.585459516351799 ], [ 81.242637165804155, 6.585459516351799 ], [ 81.24255631742858, 6.585419092164013 ], [ 81.24255631742858, 6.585410109011173 ], [ 81.242637165804155, 6.585369684823387 ], [ 81.242655132109832, 6.585369684823387 ], [ 81.242735980485406, 6.585410109011173 ] ] ] ] } },
{ "type": "Feature", "properties": { "fid": 1421955.0, "DN": 3, "area": 3257 }, "geometry": { "type": "MultiPolygon", "coordinates": [ [ [ [ 81.237516768684671, 6.585639179408624 ], [ 81.237534734990348, 6.585639179408624 ], [ 81.237615583365923, 6.585598755220838 ], [ 81.237615583365923, 6.585589772067997 ], [ 81.237575159178135, 6.585549347880211 ], [ 81.237566176025297, 6.585549347880211 ], [ 81.237525751837509, 6.585508923692426 ], [ 81.237525751837509, 6.585499940539584 ], [ 81.237566176025297, 6.585459516351799 ], [ 81.237575159178135, 6.585459516351799 ], [ 81.237615583365923, 6.585378667976229 ], [ 81.237615583365923, 6.585360701670546 ], [ 81.23765600755371, 6.585279853294976 ], [ 81.237664990706548, 6.585279853294976 ], [ 81.237705414894336, 6.58523942910719 ], [ 81.237705414894336, 6.585230445954349 ], [ 81.237786263269896, 6.585190021766564 ], [ 81.237804229575588, 6.585190021766564 ], [ 81.237885077951148, 6.585149597578778 ], [ 81.237885077951148, 6.585140614425937 ], [ 81.237642532824438, 6.585100190238151 ], [ 81.237588633907393, 6.585100190238151 ], [ 81.237346088780683, 6.585019341862581 ], [ 81.237346088780683, 6.585001375556899 ], [ 81.237265240405122, 6.584920527181328 ], [ 81.237247274099417, 6.584920527181328 ], [ 81.237166425723856, 6.585001375556899 ], [ 81.237166425723856, 6.585019341862581 ], [ 81.237126001536069, 6.585100190238151 ], [ 81.237117018383231, 6.585100190238151 ], [ 81.237076594195443, 6.585140614425937 ], [ 81.237076594195443, 6.585149597578778 ], [ 81.237117018383231, 6.585190021766564 ], [ 81.237126001536069, 6.585190021766564 ], [ 81.237166425723856, 6.585311294329919 ], [ 81.237166425723856, 6.585338243788443 ], [ 81.237247274099417, 6.585459516351799 ], [ 81.237265240405122, 6.585459516351799 ], [ 81.237346088780683, 6.585499940539584 ], [ 81.237346088780683, 6.585508923692426 ], [ 81.23738651296847, 6.585549347880211 ], [ 81.237395496121309, 6.585549347880211 ], [ 81.237435920309096, 6.585589772067997 ], [ 81.237435920309096, 6.585598755220838 ], [ 81.237516768684671, 6.585639179408624 ] ] ] ] } },
{ "type": "Feature", "properties": { "fid": 1422179.0, "DN": 3, "area": 3257 }, "geometry": { "type": "MultiPolygon", "coordinates": [ [ [ [ 81.238365676628163, 6.585279853294976 ], [ 81.238392626086679, 6.585279853294976 ], [ 81.238513898650041, 6.585199004919405 ], [ 81.238513898650041, 6.585181038613722 ], [ 81.238554322837828, 6.585100190238151 ], [ 81.238563305990667, 6.585100190238151 ], [ 81.238603730178454, 6.585059766050366 ], [ 81.238603730178454, 6.585050782897525 ], [ 81.238563305990667, 6.58501035870974 ], [ 81.238554322837828, 6.58501035870974 ], [ 81.238513898650041, 6.584969934521954 ], [ 81.238513898650041, 6.584960951369114 ], [ 81.238473474462253, 6.584920527181328 ], [ 81.238464491309415, 6.584920527181328 ], [ 81.238424067121628, 6.584880102993543 ], [ 81.238424067121628, 6.584871119840702 ], [ 81.23838364293384, 6.584830695652916 ], [ 81.238374659781002, 6.584830695652916 ], [ 81.238334235593214, 6.58470942308956 ], [ 81.238334235593214, 6.584682473631036 ], [ 81.238293811405427, 6.58456120106768 ], [ 81.238284828252588, 6.58456120106768 ], [ 81.238244404064801, 6.584480352692109 ], [ 81.238244404064801, 6.584462386386427 ], [ 81.238203979877028, 6.584381538010856 ], [ 81.238194996724161, 6.584381538010856 ], [ 81.238154572536388, 6.584502810574213 ], [ 81.238154572536388, 6.584529760032735 ], [ 81.2381141483486, 6.584651032596092 ], [ 81.238105165195762, 6.584651032596092 ], [ 81.238064741007975, 6.584610608408306 ], [ 81.238064741007975, 6.584601625255465 ], [ 81.238024316820187, 6.58456120106768 ], [ 81.238015333667349, 6.58456120106768 ], [ 81.237974909479561, 6.584480352692109 ], [ 81.237974909479561, 6.584462386386427 ], [ 81.237894061103987, 6.584381538010856 ], [ 81.23787609479831, 6.584381538010856 ], [ 81.237795246422749, 6.584502810574213 ], [ 81.237795246422749, 6.584529760032735 ], [ 81.23787609479831, 6.584651032596092 ], [ 81.237894061103987, 6.584651032596092 ], [ 81.237974909479561, 6.584691456783878 ], [ 81.237974909479561, 6.584700439936718 ], [ 81.238055757855136, 6.584740864124504 ], [ 81.238073724160813, 6.584740864124504 ], [ 81.238154572536388, 6.584821712500075 ], [ 81.238154572536388, 6.584839678805757 ], [ 81.238194996724161, 6.584920527181328 ], [ 81.238203979877028, 6.584920527181328 ], [ 81.238244404064801, 6.58508222393247 ], [ 81.238244404064801, 6.585118156543834 ], [ 81.238365676628163, 6.585279853294976 ] ] ] ] } },
{ "type": "Feature", "properties": { "fid": 1422336.0, "DN": 3, "area": 16975 }, "geometry": { "type": "MultiPolygon", "coordinates": [ [ [ [ 81.236398366155939, 6.586896820806391 ], [ 81.236407349308777, 6.586896820806391 ], [ 81.236447773496565, 6.586856396618606 ], [ 81.236447773496565, 6.586847413465764 ], [ 81.236488197684352, 6.586806989277979 ], [ 81.236497180837191, 6.586806989277979 ], [ 81.236537605024978, 6.586766565090193 ], [ 81.236537605024978, 6.586757581937352 ], [ 81.236578029212765, 6.586717157749566 ], [ 81.236587012365604, 6.586717157749566 ], [ 81.236627436553391, 6.586555460998426 ], [ 81.236627436553391, 6.586519528387059 ], [ 81.236708284928966, 6.586357831635919 ], [ 81.236726251234643, 6.586357831635919 ], [ 81.236807099610218, 6.586398255823704 ], [ 81.236807099610218, 6.586407238976545 ], [ 81.236847523798005, 6.58644766316433 ], [ 81.236856506950843, 6.58644766316433 ], [ 81.236896931138631, 6.586488087352116 ], [ 81.236896931138631, 6.586497070504958 ], [ 81.23705862788978, 6.586537494692743 ], [ 81.237094560501134, 6.586537494692743 ], [ 81.23725625725227, 6.586456646317172 ], [ 81.23725625725227, 6.586438680011489 ], [ 81.237296681440057, 6.586357831635919 ], [ 81.237305664592895, 6.586357831635919 ], [ 81.237346088780683, 6.586398255823704 ], [ 81.237346088780683, 6.586407238976545 ], [ 81.23738651296847, 6.58644766316433 ], [ 81.237395496121309, 6.58644766316433 ], [ 81.237435920309096, 6.586326390600974 ], [ 81.237435920309096, 6.586299441142451 ], [ 81.237395496121309, 6.586178168579095 ], [ 81.23738651296847, 6.586178168579095 ], [ 81.237346088780683, 6.586218592766881 ], [ 81.237346088780683, 6.586227575919722 ], [ 81.237305664592895, 6.586268000107507 ], [ 81.237296681440057, 6.586268000107507 ], [ 81.23725625725227, 6.586187151731936 ], [ 81.23725625725227, 6.586169185426254 ], [ 81.237215833064482, 6.586088337050683 ], [ 81.237206849911644, 6.586088337050683 ], [ 81.237166425723856, 6.586128761238468 ], [ 81.237166425723856, 6.586137744391309 ], [ 81.237126001536069, 6.586178168579095 ], [ 81.237117018383231, 6.586178168579095 ], [ 81.237076594195443, 6.586137744391309 ], [ 81.237076594195443, 6.586128761238468 ], [ 81.237036170007656, 6.586088337050683 ], [ 81.237027186854817, 6.586088337050683 ], [ 81.23698676266703, 6.585967064487327 ], [ 81.23698676266703, 6.585940115028803 ], [ 81.236946338479243, 6.585818842465447 ], [ 81.236937355326404, 6.585818842465447 ], [ 81.236896931138631, 6.585737994089877 ], [ 81.236896931138631, 6.585720027784195 ], [ 81.236937355326404, 6.585639179408624 ], [ 81.236946338479243, 6.585639179408624 ], [ 81.23698676266703, 6.585558331033052 ], [ 81.23698676266703, 6.58554036472737 ], [ 81.236946338479243, 6.585459516351799 ], [ 81.236937355326404, 6.585459516351799 ], [ 81.236896931138631, 6.585499940539584 ], [ 81.236896931138631, 6.585508923692426 ], [ 81.236856506950843, 6.585549347880211 ], [ 81.236847523798005, 6.585549347880211 ], [ 81.236807099610218, 6.585589772067997 ], [ 81.236807099610218, 6.585598755220838 ], [ 81.236766675422444, 6.585639179408624 ], [ 81.236757692269578, 6.585639179408624 ], [ 81.236717268081804, 6.585558331033052 ], [ 81.236717268081804, 6.58554036472737 ], [ 81.236676843894017, 6.585459516351799 ], [ 81.236667860741179, 6.585459516351799 ], [ 81.236627436553391, 6.585419092164013 ], [ 81.236627436553391, 6.585410109011173 ], [ 81.236587012365604, 6.585369684823387 ], [ 81.236578029212765, 6.585369684823387 ], [ 81.236537605024978, 6.585288836447816 ], [ 81.236537605024978, 6.585270870142134 ], [ 81.236497180837191, 6.585190021766564 ], [ 81.236488197684352, 6.585190021766564 ], [ 81.236447773496565, 6.585149597578778 ], [ 81.236447773496565, 6.585140614425937 ], [ 81.236407349308777, 6.585100190238151 ], [ 81.236398366155939, 6.585100190238151 ], [ 81.236357941968151, 6.585019341862581 ], [ 81.236357941968151, 6.585001375556899 ], [ 81.236277093592577, 6.584920527181328 ], [ 81.2362591272869, 6.584920527181328 ], [ 81.236178278911325, 6.584880102993543 ], [ 81.236178278911325, 6.584871119840702 ], [ 81.236137854723538, 6.584830695652916 ], [ 81.236128871570699, 6.584830695652916 ], [ 81.236088447382912, 6.584790271465131 ], [ 81.236088447382912, 6.584781288312289 ], [ 81.236007599007337, 6.584740864124504 ], [ 81.23598963270166, 6.584740864124504 ], [ 81.235908784326085, 6.584660015748932 ], [ 81.235908784326085, 6.58464204944325 ], [ 81.235827935950525, 6.58456120106768 ], [ 81.235809969644833, 6.58456120106768 ], [ 81.235729121269273, 6.584520776879894 ], [ 81.235729121269273, 6.584511793727053 ], [ 81.235688697081486, 6.584471369539267 ], [ 81.235679713928647, 6.584471369539267 ], [ 81.23563928974086, 6.584390521163697 ], [ 81.23563928974086, 6.584372554858015 ], [ 81.235598865553072, 6.584291706482444 ], [ 81.235589882400234, 6.584291706482444 ], [ 81.235549458212446, 6.584251282294659 ], [ 81.235549458212446, 6.584242299141818 ], [ 81.235468609836886, 6.584201874954032 ], [ 81.235450643531181, 6.584201874954032 ], [ 81.23536979515562, 6.584121026578462 ], [ 81.23536979515562, 6.584103060272779 ], [ 81.235329370967833, 6.584022211897208 ], [ 81.235320387814994, 6.584022211897208 ], [ 81.235279963627207, 6.584062636084994 ], [ 81.235279963627207, 6.584071619237834 ], [ 81.235239539439419, 6.58411204342562 ], [ 81.235230556286581, 6.58411204342562 ], [ 81.235190132098793, 6.584152467613405 ], [ 81.235190132098793, 6.584161450766246 ], [ 81.235149707911006, 6.584201874954032 ], [ 81.235140724758168, 6.584201874954032 ], [ 81.23510030057038, 6.584363571705174 ], [ 81.23510030057038, 6.584399504316538 ], [ 81.235181148945955, 6.58456120106768 ], [ 81.235199115251632, 6.58456120106768 ], [ 81.235279963627207, 6.584480352692109 ], [ 81.235279963627207, 6.584462386386427 ], [ 81.235360812002767, 6.584381538010856 ], [ 81.235378778308473, 6.584381538010856 ], [ 81.235459626684033, 6.584421962198642 ], [ 81.235459626684033, 6.584430945351482 ], [ 81.235419202496246, 6.584471369539267 ], [ 81.235410219343407, 6.584471369539267 ], [ 81.23536979515562, 6.584592642102624 ], [ 81.23536979515562, 6.584619591561147 ], [ 81.235450643531181, 6.584740864124504 ], [ 81.235468609836886, 6.584740864124504 ], [ 81.235549458212446, 6.584821712500075 ], [ 81.235549458212446, 6.584839678805757 ], [ 81.235670730775809, 6.584920527181328 ], [ 81.235697680234324, 6.584920527181328 ], [ 81.235818952797686, 6.585001375556899 ], [ 81.235818952797686, 6.585019341862581 ], [ 81.235899801173247, 6.585100190238151 ], [ 81.235917767478938, 6.585100190238151 ], [ 81.235998615854498, 6.585181038613722 ], [ 81.235998615854498, 6.585199004919405 ], [ 81.236039040042286, 6.585279853294976 ], [ 81.236048023195124, 6.585279853294976 ], [ 81.236088447382912, 6.585360701670546 ], [ 81.236088447382912, 6.585378667976229 ], [ 81.236128871570699, 6.585459516351799 ], [ 81.236137854723538, 6.585459516351799 ], [ 81.236178278911325, 6.58554036472737 ], [ 81.236178278911325, 6.585558331033052 ], [ 81.236218703099112, 6.585639179408624 ], [ 81.236227686251951, 6.585639179408624 ], [ 81.236268110439738, 6.585679603596409 ], [ 81.236268110439738, 6.585688586749249 ], [ 81.236308534627511, 6.585729010937035 ], [ 81.236317517780378, 6.585729010937035 ], [ 81.236357941968151, 6.585688586749249 ], [ 81.236357941968151, 6.585679603596409 ], [ 81.236398366155939, 6.585639179408624 ], [ 81.236407349308777, 6.585639179408624 ], [ 81.236447773496565, 6.58576045197198 ], [ 81.236447773496565, 6.585787401430503 ], [ 81.236488197684352, 6.58590867399386 ], [ 81.236497180837191, 6.58590867399386 ], [ 81.236537605024978, 6.586029946557216 ], [ 81.236537605024978, 6.586056896015739 ], [ 81.236456756649403, 6.586178168579095 ], [ 81.236438790343726, 6.586178168579095 ], [ 81.236357941968151, 6.586259016954665 ], [ 81.236357941968151, 6.586276983260348 ], [ 81.236398366155939, 6.586357831635919 ], [ 81.236407349308777, 6.586357831635919 ], [ 81.236447773496565, 6.586317407448133 ], [ 81.236447773496565, 6.586308424295293 ], [ 81.236488197684352, 6.586268000107507 ], [ 81.236497180837191, 6.586268000107507 ], [ 81.236537605024978, 6.586429696858648 ], [ 81.236537605024978, 6.586465629470014 ], [ 81.236497180837191, 6.586627326221155 ], [ 81.236488197684352, 6.586627326221155 ], [ 81.236447773496565, 6.586667750408941 ], [ 81.236447773496565, 6.586676733561781 ], [ 81.236407349308777, 6.586717157749566 ], [ 81.236398366155939, 6.586717157749566 ], [ 81.236357941968151, 6.586798006125138 ], [ 81.236357941968151, 6.58681597243082 ], [ 81.236398366155939, 6.586896820806391 ] ] ] ] } },
{ "type": "Feature", "properties": { "fid": 1422344.0, "DN": 3, "area": 5823 }, "geometry": { "type": "MultiPolygon", "coordinates": [ [ [ [ 81.241698426332249, 6.584651032596092 ], [ 81.241707409485088, 6.584651032596092 ], [ 81.241747833672875, 6.584691456783878 ], [ 81.241747833672875, 6.584700439936718 ], [ 81.241788257860662, 6.584740864124504 ], [ 81.241797241013501, 6.584740864124504 ], [ 81.241837665201288, 6.584821712500075 ], [ 81.241837665201288, 6.584839678805757 ], [ 81.241878089389076, 6.584920527181328 ], [ 81.241887072541914, 6.584920527181328 ], [ 81.241927496729687, 6.584839678805757 ], [ 81.241927496729687, 6.584821712500075 ], [ 81.24196792091746, 6.584740864124504 ], [ 81.241976904070327, 6.584740864124504 ], [ 81.2420173282581, 6.584619591561147 ], [ 81.2420173282581, 6.584592642102624 ], [ 81.241976904070327, 6.584471369539267 ], [ 81.24196792091746, 6.584471369539267 ], [ 81.241927496729687, 6.584430945351482 ], [ 81.241927496729687, 6.584421962198642 ], [ 81.241887072541914, 6.584381538010856 ], [ 81.241878089389076, 6.584381538010856 ], [ 81.241837665201288, 6.584300689635285 ], [ 81.241837665201288, 6.584282723329602 ], [ 81.241756816825713, 6.584201874954032 ], [ 81.241738850520036, 6.584201874954032 ], [ 81.241658002144462, 6.584161450766246 ], [ 81.241658002144462, 6.584152467613405 ], [ 81.241577153768901, 6.58411204342562 ], [ 81.241559187463196, 6.58411204342562 ], [ 81.241478339087635, 6.584071619237834 ], [ 81.241478339087635, 6.584062636084994 ], [ 81.24139749071206, 6.584022211897208 ], [ 81.241379524406383, 6.584022211897208 ], [ 81.241298676030809, 6.584103060272779 ], [ 81.241298676030809, 6.584121026578462 ], [ 81.241217827655234, 6.584201874954032 ], [ 81.241199861349557, 6.584201874954032 ], [ 81.241119012973982, 6.584242299141818 ], [ 81.241119012973982, 6.584251282294659 ], [ 81.241078588786195, 6.584291706482444 ], [ 81.241069605633356, 6.584291706482444 ], [ 81.241029181445569, 6.584251282294659 ], [ 81.241029181445569, 6.584242299141818 ], [ 81.240988757257782, 6.584201874954032 ], [ 81.240979774104943, 6.584201874954032 ], [ 81.240939349917156, 6.584282723329602 ], [ 81.240939349917156, 6.584300689635285 ], [ 81.241020198292716, 6.584381538010856 ], [ 81.241038164598422, 6.584381538010856 ], [ 81.241119012973982, 6.584462386386427 ], [ 81.241119012973982, 6.584480352692109 ], [ 81.24115943716177, 6.58456120106768 ], [ 81.241168420314608, 6.58456120106768 ], [ 81.241208844502395, 6.584480352692109 ], [ 81.241208844502395, 6.584462386386427 ], [ 81.241249268690183, 6.584381538010856 ], [ 81.241258251843021, 6.584381538010856 ], [ 81.241298676030809, 6.584462386386427 ], [ 81.241298676030809, 6.584480352692109 ], [ 81.241339100218596, 6.58456120106768 ], [ 81.241348083371435, 6.58456120106768 ], [ 81.241388507559222, 6.58464204944325 ], [ 81.241388507559222, 6.584660015748932 ], [ 81.241428931747009, 6.584740864124504 ], [ 81.241437914899848, 6.584740864124504 ], [ 81.241478339087635, 6.584821712500075 ], [ 81.241478339087635, 6.584839678805757 ], [ 81.241559187463196, 6.584920527181328 ], [ 81.241577153768901, 6.584920527181328 ], [ 81.241658002144462, 6.584799254617972 ], [ 81.241658002144462, 6.584772305159448 ], [ 81.241698426332249, 6.584651032596092 ] ], [ [ 81.241658002144462, 6.584520776879894 ], [ 81.241658002144462, 6.584511793727053 ], [ 81.241698426332249, 6.584471369539267 ], [ 81.241707409485088, 6.584471369539267 ], [ 81.241747833672875, 6.584511793727053 ], [ 81.241747833672875, 6.584520776879894 ], [ 81.241707409485088, 6.58456120106768 ], [ 81.241698426332249, 6.58456120106768 ], [ 81.241658002144462, 6.584520776879894 ] ], [ [ 81.241837665201288, 6.584610608408306 ], [ 81.241837665201288, 6.584601625255465 ], [ 81.241878089389076, 6.58456120106768 ], [ 81.241887072541914, 6.58456120106768 ], [ 81.241927496729687, 6.584601625255465 ], [ 81.241927496729687, 6.584610608408306 ], [ 81.241887072541914, 6.584651032596092 ], [ 81.241878089389076, 6.584651032596092 ], [ 81.241837665201288, 6.584610608408306 ] ] ] ] } },
{ "type": "Feature", "properties": { "fid": 1422928.0, "DN": 3, "area": 11744 }, "geometry": { "type": "MultiPolygon", "coordinates": [ [ [ [ 81.239183143536707, 6.58456120106768 ], [ 81.239192126689545, 6.58456120106768 ], [ 81.239232550877333, 6.584520776879894 ], [ 81.239232550877333, 6.584511793727053 ], [ 81.239192126689545, 6.584471369539267 ], [ 81.239183143536707, 6.584471369539267 ], [ 81.239142719348919, 6.584430945351482 ], [ 81.239142719348919, 6.584421962198642 ], [ 81.239102295161132, 6.584381538010856 ], [ 81.239093312008293, 6.584381538010856 ], [ 81.239052887820506, 6.58417941707193 ], [ 81.239052887820506, 6.584134501307723 ], [ 81.239093312008293, 6.583932380368797 ], [ 81.239102295161132, 6.583932380368797 ], [ 81.239142719348919, 6.583972804556582 ], [ 81.239142719348919, 6.583981787709423 ], [ 81.239183143536707, 6.584022211897208 ], [ 81.239192126689545, 6.584022211897208 ], [ 81.239232550877333, 6.583941363521637 ], [ 81.239232550877333, 6.583923397215955 ], [ 81.23927297506512, 6.583842548840384 ], [ 81.239281958217958, 6.583842548840384 ], [ 81.239322382405746, 6.583802124652599 ], [ 81.239322382405746, 6.583793141499758 ], [ 81.239281958217958, 6.583752717311972 ], [ 81.23927297506512, 6.583752717311972 ], [ 81.239232550877333, 6.583429323809689 ], [ 81.239232550877333, 6.58335745858696 ], [ 81.239192126689545, 6.583034065084677 ], [ 81.239183143536707, 6.583034065084677 ], [ 81.239142719348919, 6.582993640896891 ], [ 81.239142719348919, 6.582984657744051 ], [ 81.239102295161132, 6.582944233556265 ], [ 81.239093312008293, 6.582944233556265 ], [ 81.239052887820506, 6.58290380936848 ], [ 81.239052887820506, 6.582894826215638 ], [ 81.239012463632719, 6.582854402027852 ], [ 81.23900348047988, 6.582854402027852 ], [ 81.238963056292093, 6.582813977840066 ], [ 81.238963056292093, 6.582804994687226 ], [ 81.238922632104305, 6.582764570499441 ], [ 81.238913648951467, 6.582764570499441 ], [ 81.238873224763694, 6.582804994687226 ], [ 81.238873224763694, 6.582813977840066 ], [ 81.238792376388119, 6.582854402027852 ], [ 81.238774410082442, 6.582854402027852 ], [ 81.238693561706867, 6.583056522966779 ], [ 81.238693561706867, 6.583101438730986 ], [ 81.238733985894655, 6.583303559669913 ], [ 81.238742969047493, 6.583303559669913 ], [ 81.238783393235281, 6.583263135482127 ], [ 81.238783393235281, 6.583254152329286 ], [ 81.238864241610855, 6.583213728141501 ], [ 81.238882207916532, 6.583213728141501 ], [ 81.238963056292093, 6.583254152329286 ], [ 81.238963056292093, 6.583263135482127 ], [ 81.238922632104305, 6.583303559669913 ], [ 81.238913648951467, 6.583303559669913 ], [ 81.238873224763694, 6.583343983857699 ], [ 81.238873224763694, 6.583352967010539 ], [ 81.238832800575906, 6.583393391198324 ], [ 81.238823817423068, 6.583393391198324 ], [ 81.238783393235281, 6.58343381538611 ], [ 81.238783393235281, 6.58344279853895 ], [ 81.238742969047493, 6.583483222726736 ], [ 81.238733985894655, 6.583483222726736 ], [ 81.238693561706867, 6.583523646914522 ], [ 81.238693561706867, 6.583532630067363 ], [ 81.238531864955718, 6.583573054255148 ], [ 81.238495932344364, 6.583573054255148 ], [ 81.238334235593214, 6.583492205879578 ], [ 81.238334235593214, 6.583474239573896 ], [ 81.238293811405427, 6.583393391198324 ], [ 81.238284828252588, 6.583393391198324 ], [ 81.238244404064801, 6.583352967010539 ], [ 81.238244404064801, 6.583343983857699 ], [ 81.238203979877028, 6.583303559669913 ], [ 81.238194996724161, 6.583303559669913 ], [ 81.238154572536388, 6.583465256421055 ], [ 81.238154572536388, 6.583501189032419 ], [ 81.238275845099736, 6.583662885783561 ], [ 81.23830279455828, 6.583662885783561 ], [ 81.238424067121628, 6.583703309971346 ], [ 81.238424067121628, 6.583712293124186 ], [ 81.23838364293384, 6.583752717311972 ], [ 81.238374659781002, 6.583752717311972 ], [ 81.238334235593214, 6.583793141499758 ], [ 81.238334235593214, 6.583802124652599 ], [ 81.238415083968789, 6.583842548840384 ], [ 81.238433050274466, 6.583842548840384 ], [ 81.238513898650041, 6.58388297302817 ], [ 81.238513898650041, 6.583891956181011 ], [ 81.238473474462253, 6.583932380368797 ], [ 81.238464491309415, 6.583932380368797 ], [ 81.238424067121628, 6.584053652932153 ], [ 81.238424067121628, 6.584080602390676 ], [ 81.238545339684975, 6.584201874954032 ], [ 81.238572289143519, 6.584201874954032 ], [ 81.238693561706867, 6.584282723329602 ], [ 81.238693561706867, 6.584300689635285 ], [ 81.238733985894655, 6.584381538010856 ], [ 81.238742969047493, 6.584381538010856 ], [ 81.238783393235281, 6.584421962198642 ], [ 81.238783393235281, 6.584430945351482 ], [ 81.238823817423068, 6.584471369539267 ], [ 81.238832800575906, 6.584471369539267 ], [ 81.238873224763694, 6.584430945351482 ], [ 81.238873224763694, 6.584421962198642 ], [ 81.238913648951467, 6.584381538010856 ], [ 81.238922632104305, 6.584381538010856 ], [ 81.238963056292093, 6.584462386386427 ], [ 81.238963056292093, 6.584480352692109 ], [ 81.23900348047988, 6.58456120106768 ], [ 81.239012463632719, 6.58456120106768 ], [ 81.239052887820506, 6.58464204944325 ], [ 81.239052887820506, 6.584660015748932 ], [ 81.239093312008293, 6.584740864124504 ], [ 81.239102295161132, 6.584740864124504 ], [ 81.239142719348919, 6.584660015748932 ], [ 81.239142719348919, 6.58464204944325 ], [ 81.239183143536707, 6.58456120106768 ] ], [ [ 81.238873224763694, 6.583074489272462 ], [ 81.238873224763694, 6.583083472425303 ], [ 81.238832800575906, 6.583123896613088 ], [ 81.238823817423068, 6.583123896613088 ], [ 81.238783393235281, 6.583083472425303 ], [ 81.238783393235281, 6.583074489272462 ], [ 81.238823817423068, 6.583034065084677 ], [ 81.238832800575906, 6.583034065084677 ], [ 81.238873224763694, 6.583074489272462 ] ], [ [ 81.23900348047988, 6.583303559669913 ], [ 81.239012463632719, 6.583303559669913 ], [ 81.239052887820506, 6.583343983857699 ], [ 81.239052887820506, 6.583352967010539 ], [ 81.239012463632719, 6.583393391198324 ], [ 81.23900348047988, 6.583393391198324 ], [ 81.238963056292093, 6.583352967010539 ], [ 81.238963056292093, 6.583343983857699 ], [ 81.23900348047988, 6.583303559669913 ] ], [ [ 81.238963056292093, 6.583564071102307 ], [ 81.238963056292093, 6.583582037407989 ], [ 81.238922632104305, 6.583662885783561 ], [ 81.238913648951467, 6.583662885783561 ], [ 81.238873224763694, 6.583582037407989 ], [ 81.238873224763694, 6.583564071102307 ], [ 81.238913648951467, 6.583483222726736 ], [ 81.238922632104305, 6.583483222726736 ], [ 81.238963056292093, 6.583564071102307 ] ], [ [ 81.238733985894655, 6.583573054255148 ], [ 81.238742969047493, 6.583573054255148 ], [ 81.238783393235281, 6.583613478442934 ], [ 81.238783393235281, 6.583622461595775 ], [ 81.238742969047493, 6.583662885783561 ], [ 81.238733985894655, 6.583662885783561 ], [ 81.238693561706867, 6.583622461595775 ], [ 81.238693561706867, 6.583613478442934 ], [ 81.238733985894655, 6.583573054255148 ] ] ] ] } },
{ "type": "Feature", "properties": { "fid": 1422999.0, "DN": 3, "area": 45004 }, "geometry": { "type": "MultiPolygon", "coordinates": [ [ [ [ 81.243315393843659, 6.585459516351799 ], [ 81.243324376996497, 6.585459516351799 ], [ 81.243364801184285, 6.585499940539584 ], [ 81.243364801184285, 6.585508923692426 ], [ 81.243405225372072, 6.585549347880211 ], [ 81.243414208524911, 6.585549347880211 ], [ 81.243454632712698, 6.585589772067997 ], [ 81.243454632712698, 6.585598755220838 ], [ 81.243778026214983, 6.585639179408624 ], [ 81.243849891437705, 6.585639179408624 ], [ 81.24417328493999, 6.585558331033052 ], [ 81.24417328493999, 6.58554036472737 ], [ 81.244254133315565, 6.585459516351799 ], [ 81.244272099621242, 6.585459516351799 ], [ 81.244352947996816, 6.58554036472737 ], [ 81.244352947996816, 6.585558331033052 ], [ 81.244393372184604, 6.585639179408624 ], [ 81.244402355337442, 6.585639179408624 ], [ 81.24444277952523, 6.585598755220838 ], [ 81.24444277952523, 6.585589772067997 ], [ 81.244483203713017, 6.585549347880211 ], [ 81.244492186865855, 6.585549347880211 ], [ 81.244532611053643, 6.58538765112907 ], [ 81.244532611053643, 6.585351718517705 ], [ 81.24457303524143, 6.585190021766564 ], [ 81.244582018394269, 6.585190021766564 ], [ 81.244622442582056, 6.585149597578778 ], [ 81.244622442582056, 6.585140614425937 ], [ 81.244582018394269, 6.585100190238151 ], [ 81.24457303524143, 6.585100190238151 ], [ 81.244532611053643, 6.585019341862581 ], [ 81.244532611053643, 6.585001375556899 ], [ 81.24457303524143, 6.584920527181328 ], [ 81.244582018394269, 6.584920527181328 ], [ 81.244622442582056, 6.584880102993543 ], [ 81.244622442582056, 6.584871119840702 ], [ 81.244662866769843, 6.584830695652916 ], [ 81.244671849922682, 6.584830695652916 ], [ 81.244712274110469, 6.584871119840702 ], [ 81.244712274110469, 6.584880102993543 ], [ 81.244752698298242, 6.584920527181328 ], [ 81.244761681451109, 6.584920527181328 ], [ 81.244802105638882, 6.584880102993543 ], [ 81.244802105638882, 6.584871119840702 ], [ 81.244842529826656, 6.584830695652916 ], [ 81.244851512979494, 6.584830695652916 ], [ 81.244891937167282, 6.584790271465131 ], [ 81.244891937167282, 6.584781288312289 ], [ 81.244811088791721, 6.584740864124504 ], [ 81.24479312248603, 6.584740864124504 ], [ 81.244712274110469, 6.584700439936718 ], [ 81.244712274110469, 6.584691456783878 ], [ 81.244671849922682, 6.584651032596092 ], [ 81.244662866769843, 6.584651032596092 ], [ 81.244622442582056, 6.584691456783878 ], [ 81.244622442582056, 6.584700439936718 ], [ 81.244582018394269, 6.584740864124504 ], [ 81.24457303524143, 6.584740864124504 ], [ 81.244532611053643, 6.584619591561147 ], [ 81.244532611053643, 6.584592642102624 ], [ 81.244492186865855, 6.584471369539267 ], [ 81.244483203713017, 6.584471369539267 ], [ 81.24444277952523, 6.584511793727053 ], [ 81.24444277952523, 6.584520776879894 ], [ 81.244402355337442, 6.58456120106768 ], [ 81.244393372184604, 6.58456120106768 ], [ 81.244352947996816, 6.584399504316538 ], [ 81.244352947996816, 6.584363571705174 ], [ 81.244312523809043, 6.584201874954032 ], [ 81.244303540656176, 6.584201874954032 ], [ 81.244263116468403, 6.584282723329602 ], [ 81.244263116468403, 6.584300689635285 ], [ 81.244222692280616, 6.584381538010856 ], [ 81.244213709127777, 6.584381538010856 ], [ 81.24417328493999, 6.584421962198642 ], [ 81.24417328493999, 6.584430945351482 ], [ 81.244132860752202, 6.584471369539267 ], [ 81.244123877599364, 6.584471369539267 ], [ 81.244083453411577, 6.584390521163697 ], [ 81.244083453411577, 6.584372554858015 ], [ 81.244043029223789, 6.584291706482444 ], [ 81.244034046070951, 6.584291706482444 ], [ 81.243993621883163, 6.584251282294659 ], [ 81.243993621883163, 6.584242299141818 ], [ 81.243953197695376, 6.584201874954032 ], [ 81.243944214542537, 6.584201874954032 ], [ 81.24390379035475, 6.584323147517388 ], [ 81.24390379035475, 6.584350096975911 ], [ 81.243863366166977, 6.584471369539267 ], [ 81.243854383014124, 6.584471369539267 ], [ 81.243813958826351, 6.584350096975911 ], [ 81.243813958826351, 6.584323147517388 ], [ 81.243733110450776, 6.584201874954032 ], [ 81.243715144145099, 6.584201874954032 ], [ 81.243634295769525, 6.584121026578462 ], [ 81.243634295769525, 6.584103060272779 ], [ 81.24355344739395, 6.584022211897208 ], [ 81.243535481088273, 6.584022211897208 ], [ 81.243454632712698, 6.583981787709423 ], [ 81.243454632712698, 6.583972804556582 ], [ 81.243414208524911, 6.583932380368797 ], [ 81.243405225372072, 6.583932380368797 ], [ 81.243364801184285, 6.583972804556582 ], [ 81.243364801184285, 6.583981787709423 ], [ 81.243324376996497, 6.584022211897208 ], [ 81.243315393843659, 6.584022211897208 ], [ 81.243274969655872, 6.583981787709423 ], [ 81.243274969655872, 6.583972804556582 ], [ 81.243234545468084, 6.583932380368797 ], [ 81.243225562315246, 6.583932380368797 ], [ 81.243185138127458, 6.583891956181011 ], [ 81.243185138127458, 6.58388297302817 ], [ 81.243346834878594, 6.583842548840384 ], [ 81.243382767489976, 6.583842548840384 ], [ 81.243544464241111, 6.583802124652599 ], [ 81.243544464241111, 6.583793141499758 ], [ 81.243504040053324, 6.583752717311972 ], [ 81.243495056900485, 6.583752717311972 ], [ 81.243454632712698, 6.583712293124186 ], [ 81.243454632712698, 6.583703309971346 ], [ 81.243373784337138, 6.583662885783561 ], [ 81.243355818031432, 6.583662885783561 ], [ 81.243274969655872, 6.583339492281278 ], [ 81.243274969655872, 6.583267627058548 ], [ 81.243234545468084, 6.582944233556265 ], [ 81.243225562315246, 6.582944233556265 ], [ 81.243185138127458, 6.582984657744051 ], [ 81.243185138127458, 6.582993640896891 ], [ 81.243144713939671, 6.583034065084677 ], [ 81.243135730786832, 6.583034065084677 ], [ 81.243095306599045, 6.582993640896891 ], [ 81.243095306599045, 6.582984657744051 ], [ 81.243054882411258, 6.582944233556265 ], [ 81.243045899258419, 6.582944233556265 ], [ 81.243005475070632, 6.58290380936848 ], [ 81.243005475070632, 6.582894826215638 ], [ 81.243045899258419, 6.582854402027852 ], [ 81.243054882411258, 6.582854402027852 ], [ 81.243095306599045, 6.582813977840066 ], [ 81.243095306599045, 6.582804994687226 ], [ 81.243014458223485, 6.582764570499441 ], [ 81.242996491917779, 6.582764570499441 ], [ 81.242915643542219, 6.582683722123869 ], [ 81.242915643542219, 6.582665755818187 ], [ 81.242834795166658, 6.582584907442617 ], [ 81.242816828860981, 6.582584907442617 ], [ 81.242735980485406, 6.582665755818187 ], [ 81.242735980485406, 6.582683722123869 ], [ 81.242614707922044, 6.582764570499441 ], [ 81.242587758463529, 6.582764570499441 ], [ 81.242466485900167, 6.582845418875012 ], [ 81.242466485900167, 6.582863385180694 ], [ 81.242385637524592, 6.582944233556265 ], [ 81.242367671218915, 6.582944233556265 ], [ 81.24228682284334, 6.58306550611962 ], [ 81.24228682284334, 6.583092455578145 ], [ 81.242327247031128, 6.583213728141501 ], [ 81.242336230183966, 6.583213728141501 ], [ 81.242376654371753, 6.583294576517071 ], [ 81.242376654371753, 6.583312542822753 ], [ 81.242417078559527, 6.583393391198324 ], [ 81.242426061712393, 6.583393391198324 ], [ 81.242466485900167, 6.58343381538611 ], [ 81.242466485900167, 6.58344279853895 ], [ 81.242506910087954, 6.583483222726736 ], [ 81.242515893240792, 6.583483222726736 ], [ 81.24255631742858, 6.583564071102307 ], [ 81.24255631742858, 6.583582037407989 ], [ 81.242637165804155, 6.583662885783561 ], [ 81.242655132109832, 6.583662885783561 ], [ 81.242735980485406, 6.583622461595775 ], [ 81.242735980485406, 6.583613478442934 ], [ 81.242776404673194, 6.583573054255148 ], [ 81.242785387826032, 6.583573054255148 ], [ 81.24282581201382, 6.583653902630719 ], [ 81.24282581201382, 6.583671868936401 ], [ 81.242866236201593, 6.583752717311972 ], [ 81.242875219354431, 6.583752717311972 ], [ 81.242915643542219, 6.583833565687543 ], [ 81.242915643542219, 6.583851531993226 ], [ 81.242956067730006, 6.583932380368797 ], [ 81.242965050882844, 6.583932380368797 ], [ 81.243005475070632, 6.583972804556582 ], [ 81.243005475070632, 6.583981787709423 ], [ 81.243086323446207, 6.584022211897208 ], [ 81.243104289751884, 6.584022211897208 ], [ 81.243185138127458, 6.584103060272779 ], [ 81.243185138127458, 6.584121026578462 ], [ 81.243265986503033, 6.584201874954032 ], [ 81.24328395280871, 6.584201874954032 ], [ 81.243364801184285, 6.584242299141818 ], [ 81.243364801184285, 6.584251282294659 ], [ 81.243405225372072, 6.584291706482444 ], [ 81.243414208524911, 6.584291706482444 ], [ 81.243454632712698, 6.58433213067023 ], [ 81.243454632712698, 6.58434111382307 ], [ 81.243495056900485, 6.584381538010856 ], [ 81.243504040053324, 6.584381538010856 ], [ 81.243544464241111, 6.584421962198642 ], [ 81.243544464241111, 6.584430945351482 ], [ 81.243625312616686, 6.584471369539267 ], [ 81.243643278922363, 6.584471369539267 ], [ 81.243724127297938, 6.584592642102624 ], [ 81.243724127297938, 6.584619591561147 ], [ 81.24368370311015, 6.584740864124504 ], [ 81.243674719957312, 6.584740864124504 ], [ 81.243634295769525, 6.584660015748932 ], [ 81.243634295769525, 6.58464204944325 ], [ 81.24355344739395, 6.58456120106768 ], [ 81.243535481088273, 6.58456120106768 ], [ 81.243454632712698, 6.584601625255465 ], [ 81.243454632712698, 6.584610608408306 ], [ 81.243373784337138, 6.584651032596092 ], [ 81.243355818031432, 6.584651032596092 ], [ 81.243274969655872, 6.584610608408306 ], [ 81.243274969655872, 6.584601625255465 ], [ 81.243194121280297, 6.58456120106768 ], [ 81.24317615497462, 6.58456120106768 ], [ 81.243095306599045, 6.584439928504324 ], [ 81.243095306599045, 6.5844129790458 ], [ 81.243054882411258, 6.584291706482444 ], [ 81.243045899258419, 6.584291706482444 ], [ 81.243005475070632, 6.5844129790458 ], [ 81.243005475070632, 6.584439928504324 ], [ 81.242965050882844, 6.58456120106768 ], [ 81.242956067730006, 6.58456120106768 ], [ 81.242915643542219, 6.584520776879894 ], [ 81.242915643542219, 6.584511793727053 ], [ 81.242875219354431, 6.584471369539267 ], [ 81.242866236201593, 6.584471369539267 ], [ 81.24282581201382, 6.584350096975911 ], [ 81.24282581201382, 6.584323147517388 ], [ 81.242866236201593, 6.584201874954032 ], [ 81.242875219354431, 6.584201874954032 ], [ 81.242915643542219, 6.584161450766246 ], [ 81.242915643542219, 6.584152467613405 ], [ 81.242794370978856, 6.58411204342562 ], [ 81.242767421520341, 6.58411204342562 ], [ 81.242646148956993, 6.584031195050049 ], [ 81.242646148956993, 6.584013228744367 ], [ 81.242605724769206, 6.583932380368797 ], [ 81.242596741616367, 6.583932380368797 ], [ 81.24255631742858, 6.583851531993226 ], [ 81.24255631742858, 6.583833565687543 ], [ 81.242515893240792, 6.583752717311972 ], [ 81.242506910087954, 6.583752717311972 ], [ 81.242466485900167, 6.583793141499758 ], [ 81.242466485900167, 6.583802124652599 ], [ 81.242426061712393, 6.583842548840384 ], [ 81.242417078559527, 6.583842548840384 ], [ 81.242376654371753, 6.583761700464814 ], [ 81.242376654371753, 6.583743734159132 ], [ 81.242336230183966, 6.583662885783561 ], [ 81.242327247031128, 6.583662885783561 ], [ 81.24228682284334, 6.583703309971346 ], [ 81.24228682284334, 6.583712293124186 ], [ 81.242246398655553, 6.583752717311972 ], [ 81.242237415502714, 6.583752717311972 ], [ 81.242196991314927, 6.583712293124186 ], [ 81.242196991314927, 6.583703309971346 ], [ 81.242075718751579, 6.583662885783561 ], [ 81.242048769293035, 6.583662885783561 ], [ 81.241927496729687, 6.583582037407989 ], [ 81.241927496729687, 6.583564071102307 ], [ 81.241887072541914, 6.583483222726736 ], [ 81.241878089389076, 6.583483222726736 ], [ 81.241837665201288, 6.583604495290093 ], [ 81.241837665201288, 6.583631444748615 ], [ 81.241797241013501, 6.583752717311972 ], [ 81.241788257860662, 6.583752717311972 ], [ 81.241747833672875, 6.583712293124186 ], [ 81.241747833672875, 6.583703309971346 ], [ 81.241707409485088, 6.583662885783561 ], [ 81.241698426332249, 6.583662885783561 ], [ 81.241658002144462, 6.583743734159132 ], [ 81.241658002144462, 6.583761700464814 ], [ 81.241819698895597, 6.583842548840384 ], [ 81.241855631506965, 6.583842548840384 ], [ 81.2420173282581, 6.583923397215955 ], [ 81.2420173282581, 6.583941363521637 ], [ 81.241976904070327, 6.584022211897208 ], [ 81.24196792091746, 6.584022211897208 ], [ 81.241927496729687, 6.584062636084994 ], [ 81.241927496729687, 6.584071619237834 ], [ 81.24196792091746, 6.58411204342562 ], [ 81.241976904070327, 6.58411204342562 ], [ 81.2420173282581, 6.584152467613405 ], [ 81.2420173282581, 6.584161450766246 ], [ 81.242057752445888, 6.584201874954032 ], [ 81.242066735598726, 6.584201874954032 ], [ 81.242107159786514, 6.584282723329602 ], [ 81.242107159786514, 6.584300689635285 ], [ 81.242188008162088, 6.584381538010856 ], [ 81.242205974467765, 6.584381538010856 ], [ 81.24228682284334, 6.584421962198642 ], [ 81.24228682284334, 6.584430945351482 ], [ 81.242246398655553, 6.584471369539267 ], [ 81.242237415502714, 6.584471369539267 ], [ 81.242196991314927, 6.584511793727053 ], [ 81.242196991314927, 6.584520776879894 ], [ 81.242318263878275, 6.58456120106768 ], [ 81.242345213336819, 6.58456120106768 ], [ 81.242466485900167, 6.58464204944325 ], [ 81.242466485900167, 6.584660015748932 ], [ 81.242547334275741, 6.584740864124504 ], [ 81.242565300581418, 6.584740864124504 ], [ 81.242646148956993, 6.58494298506343 ], [ 81.242646148956993, 6.584987900827636 ], [ 81.24268657314478, 6.585190021766564 ], [ 81.242695556297619, 6.585190021766564 ], [ 81.242735980485406, 6.585149597578778 ], [ 81.242735980485406, 6.585140614425937 ], [ 81.242776404673194, 6.585100190238151 ], [ 81.242785387826032, 6.585100190238151 ], [ 81.24282581201382, 6.585181038613722 ], [ 81.24282581201382, 6.585199004919405 ], [ 81.242866236201593, 6.585279853294976 ], [ 81.242875219354431, 6.585279853294976 ], [ 81.242915643542219, 6.585360701670546 ], [ 81.242915643542219, 6.585378667976229 ], [ 81.242996491917779, 6.585459516351799 ], [ 81.243014458223485, 6.585459516351799 ], [ 81.243095306599045, 6.585499940539584 ], [ 81.243095306599045, 6.585508923692426 ], [ 81.243135730786832, 6.585549347880211 ], [ 81.243144713939671, 6.585549347880211 ], [ 81.243185138127458, 6.585589772067997 ], [ 81.243185138127458, 6.585598755220838 ], [ 81.243225562315246, 6.585639179408624 ], [ 81.243234545468084, 6.585639179408624 ], [ 81.243274969655872, 6.585558331033052 ], [ 81.243274969655872, 6.58554036472737 ], [ 81.243315393843659, 6.585459516351799 ] ], [ [ 81.242915643542219, 6.584601625255465 ], [ 81.242915643542219, 6.584610608408306 ], [ 81.242875219354431, 6.584651032596092 ], [ 81.242866236201593, 6.584651032596092 ], [ 81.24282581201382, 6.584731880971662 ], [ 81.24282581201382, 6.584749847277346 ], [ 81.242785387826032, 6.584830695652916 ], [ 81.242776404673194, 6.584830695652916 ], [ 81.242735980485406, 6.58470942308956 ], [ 81.242735980485406, 6.584682473631036 ], [ 81.242816828860981, 6.58456120106768 ], [ 81.242834795166658, 6.58456120106768 ], [ 81.242915643542219, 6.584601625255465 ] ], [ [ 81.243813958826351, 6.585320277482761 ], [ 81.243813958826351, 6.585329260635602 ], [ 81.243692686262989, 6.585369684823387 ], [ 81.243665736804473, 6.585369684823387 ], [ 81.243544464241111, 6.585329260635602 ], [ 81.243544464241111, 6.585320277482761 ], [ 81.243665736804473, 6.585279853294976 ], [ 81.243692686262989, 6.585279853294976 ], [ 81.243813958826351, 6.585320277482761 ] ], [ [ 81.24390379035475, 6.585419092164013 ], [ 81.24390379035475, 6.585410109011173 ], [ 81.243944214542537, 6.585369684823387 ], [ 81.243953197695376, 6.585369684823387 ], [ 81.243993621883163, 6.585410109011173 ], [ 81.243993621883163, 6.585419092164013 ], [ 81.243953197695376, 6.585459516351799 ], [ 81.243944214542537, 6.585459516351799 ], [ 81.24390379035475, 6.585419092164013 ] ], [ [ 81.243504040053324, 6.585549347880211 ], [ 81.243495056900485, 6.585549347880211 ], [ 81.243454632712698, 6.585508923692426 ], [ 81.243454632712698, 6.585499940539584 ], [ 81.243495056900485, 6.585459516351799 ], [ 81.243504040053324, 6.585459516351799 ], [ 81.243544464241111, 6.585499940539584 ], [ 81.243544464241111, 6.585508923692426 ], [ 81.243504040053324, 6.585549347880211 ] ], [ [ 81.243854383014124, 6.585459516351799 ], [ 81.243863366166977, 6.585459516351799 ], [ 81.24390379035475, 6.585499940539584 ], [ 81.24390379035475, 6.585508923692426 ], [ 81.243863366166977, 6.585549347880211 ], [ 81.243854383014124, 6.585549347880211 ], [ 81.243813958826351, 6.585508923692426 ], [ 81.243813958826351, 6.585499940539584 ], [ 81.243854383014124, 6.585459516351799 ] ] ] ] } },
{ "type": "Feature", "properties": { "fid": 1423183.0, "DN": 3, "area": 5329 }, "geometry": { "type": "MultiPolygon", "coordinates": [ [ [ [ 81.241051639327679, 6.582944233556265 ], [ 81.241096555091886, 6.582944233556265 ], [ 81.241298676030809, 6.582863385180694 ], [ 81.241298676030809, 6.582845418875012 ], [ 81.241339100218596, 6.582764570499441 ], [ 81.241348083371435, 6.582764570499441 ], [ 81.241388507559222, 6.582683722123869 ], [ 81.241388507559222, 6.582665755818187 ], [ 81.241348083371435, 6.582584907442617 ], [ 81.241339100218596, 6.582584907442617 ], [ 81.241298676030809, 6.582544483254831 ], [ 81.241298676030809, 6.58253550010199 ], [ 81.241339100218596, 6.582495075914204 ], [ 81.241348083371435, 6.582495075914204 ], [ 81.241388507559222, 6.582414227538634 ], [ 81.241388507559222, 6.582396261232952 ], [ 81.241307659183647, 6.582315412857382 ], [ 81.24128969287797, 6.582315412857382 ], [ 81.241208844502395, 6.582274988669596 ], [ 81.241208844502395, 6.582266005516755 ], [ 81.241168420314608, 6.582225581328969 ], [ 81.24115943716177, 6.582225581328969 ], [ 81.241119012973982, 6.582306429704539 ], [ 81.241119012973982, 6.582324396010222 ], [ 81.240997740410634, 6.582405244385793 ], [ 81.240970790952105, 6.582405244385793 ], [ 81.240849518388757, 6.582324396010222 ], [ 81.240849518388757, 6.582306429704539 ], [ 81.240728245825395, 6.582225581328969 ], [ 81.240701296366879, 6.582225581328969 ], [ 81.240580023803517, 6.582387278080111 ], [ 81.240580023803517, 6.582423210691475 ], [ 81.240620447991304, 6.582584907442617 ], [ 81.240629431144143, 6.582584907442617 ], [ 81.24066985533193, 6.582625331630402 ], [ 81.24066985533193, 6.582634314783244 ], [ 81.240629431144143, 6.582674738971029 ], [ 81.240620447991304, 6.582674738971029 ], [ 81.240580023803517, 6.582715163158815 ], [ 81.240580023803517, 6.582724146311655 ], [ 81.240701296366879, 6.582764570499441 ], [ 81.240728245825395, 6.582764570499441 ], [ 81.240849518388757, 6.582845418875012 ], [ 81.240849518388757, 6.582863385180694 ], [ 81.241051639327679, 6.582944233556265 ] ] ] ] } },
{ "type": "Feature", "properties": { "fid": 1423425.0, "DN": 3, "area": 5231 }, "geometry": { "type": "MultiPolygon", "coordinates": [ [ [ [ 81.241887072541914, 6.582495075914204 ], [ 81.241878089389076, 6.582495075914204 ], [ 81.241837665201288, 6.582454651726419 ], [ 81.241837665201288, 6.582445668573579 ], [ 81.241958937764636, 6.582405244385793 ], [ 81.241985887223166, 6.582405244385793 ], [ 81.242107159786514, 6.582445668573579 ], [ 81.242107159786514, 6.582454651726419 ], [ 81.242147583974301, 6.582495075914204 ], [ 81.24215656712714, 6.582495075914204 ], [ 81.242196991314927, 6.582414227538634 ], [ 81.242196991314927, 6.582396261232952 ], [ 81.24215656712714, 6.582315412857382 ], [ 81.242147583974301, 6.582315412857382 ], [ 81.242107159786514, 6.582274988669596 ], [ 81.242107159786514, 6.582266005516755 ], [ 81.242147583974301, 6.582225581328969 ], [ 81.24215656712714, 6.582225581328969 ], [ 81.242196991314927, 6.582144732953399 ], [ 81.242196991314927, 6.582126766647717 ], [ 81.242075718751579, 6.582045918272145 ], [ 81.242048769293035, 6.582045918272145 ], [ 81.241927496729687, 6.58200549408436 ], [ 81.241927496729687, 6.581996510931519 ], [ 81.24196792091746, 6.581956086743734 ], [ 81.241976904070327, 6.581956086743734 ], [ 81.2420173282581, 6.581915662555948 ], [ 81.2420173282581, 6.581906679403106 ], [ 81.241815207319178, 6.581866255215321 ], [ 81.241770291554971, 6.581866255215321 ], [ 81.241568170616048, 6.581825831027535 ], [ 81.241568170616048, 6.581816847874695 ], [ 81.241527746428261, 6.581776423686909 ], [ 81.241518763275423, 6.581776423686909 ], [ 81.241478339087635, 6.581816847874695 ], [ 81.241478339087635, 6.581825831027535 ], [ 81.241437914899848, 6.581866255215321 ], [ 81.241428931747009, 6.581866255215321 ], [ 81.241388507559222, 6.581906679403106 ], [ 81.241388507559222, 6.581915662555948 ], [ 81.241428931747009, 6.581956086743734 ], [ 81.241437914899848, 6.581956086743734 ], [ 81.241478339087635, 6.581996510931519 ], [ 81.241478339087635, 6.58200549408436 ], [ 81.241437914899848, 6.582045918272145 ], [ 81.241428931747009, 6.582045918272145 ], [ 81.241388507559222, 6.582167190835502 ], [ 81.241388507559222, 6.582194140294025 ], [ 81.241428931747009, 6.582315412857382 ], [ 81.241437914899848, 6.582315412857382 ], [ 81.241478339087635, 6.582355837045167 ], [ 81.241478339087635, 6.582364820198007 ], [ 81.241518763275423, 6.582405244385793 ], [ 81.241527746428261, 6.582405244385793 ], [ 81.241568170616048, 6.582445668573579 ], [ 81.241568170616048, 6.582454651726419 ], [ 81.241608594803836, 6.582495075914204 ], [ 81.241617577956674, 6.582495075914204 ], [ 81.241658002144462, 6.58253550010199 ], [ 81.241658002144462, 6.582544483254831 ], [ 81.241779274707824, 6.582584907442617 ], [ 81.241806224166339, 6.582584907442617 ], [ 81.241927496729687, 6.582544483254831 ], [ 81.241927496729687, 6.58253550010199 ], [ 81.241887072541914, 6.582495075914204 ] ], [ [ 81.242057752445888, 6.582135749800557 ], [ 81.242066735598726, 6.582135749800557 ], [ 81.242107159786514, 6.582176173988342 ], [ 81.242107159786514, 6.582185157141184 ], [ 81.242066735598726, 6.582225581328969 ], [ 81.242057752445888, 6.582225581328969 ], [ 81.2420173282581, 6.582185157141184 ], [ 81.2420173282581, 6.582176173988342 ], [ 81.242057752445888, 6.582135749800557 ] ] ] ] } },
{ "type": "Feature", "properties": { "fid": 1423798.0, "DN": 3, "area": 3454 }, "geometry": { "type": "MultiPolygon", "coordinates": [ [ [ [ 81.605246621815411, 6.581956086743734 ], [ 81.605255604968249, 6.581956086743734 ], [ 81.605296029156037, 6.581915662555948 ], [ 81.605296029156037, 6.581906679403106 ], [ 81.605376877531612, 6.581866255215321 ], [ 81.605394843837288, 6.581866255215321 ], [ 81.605475692212863, 6.58178540683975 ], [ 81.605475692212863, 6.581767440534068 ], [ 81.605556540588438, 6.581686592158498 ], [ 81.605574506894115, 6.581686592158498 ], [ 81.60565535526969, 6.581646167970712 ], [ 81.60565535526969, 6.581637184817871 ], [ 81.605695779457477, 6.581596760630085 ], [ 81.605704762610316, 6.581596760630085 ], [ 81.605745186798103, 6.581556336442301 ], [ 81.605745186798103, 6.581547353289459 ], [ 81.605826035173678, 6.581506929101673 ], [ 81.605844001479355, 6.581506929101673 ], [ 81.605924849854929, 6.581466504913887 ], [ 81.605924849854929, 6.581457521761047 ], [ 81.605965274042717, 6.581417097573262 ], [ 81.605974257195555, 6.581417097573262 ], [ 81.606014681383328, 6.581376673385476 ], [ 81.606014681383328, 6.581367690232636 ], [ 81.606095529758903, 6.58132726604485 ], [ 81.60611349606458, 6.58132726604485 ], [ 81.606194344440155, 6.581246417669279 ], [ 81.606194344440155, 6.581228451363597 ], [ 81.605992223501232, 6.581147602988025 ], [ 81.605947307737026, 6.581147602988025 ], [ 81.605745186798103, 6.581188027175811 ], [ 81.605745186798103, 6.581197010328652 ], [ 81.60578561098589, 6.581237434516438 ], [ 81.605794594138729, 6.581237434516438 ], [ 81.605835018326516, 6.581277858704223 ], [ 81.605835018326516, 6.581286841857064 ], [ 81.605754169950956, 6.58132726604485 ], [ 81.60573620364525, 6.58132726604485 ], [ 81.60565535526969, 6.581367690232636 ], [ 81.60565535526969, 6.581376673385476 ], [ 81.605614931081902, 6.581417097573262 ], [ 81.605605947929064, 6.581417097573262 ], [ 81.605565523741276, 6.581457521761047 ], [ 81.605565523741276, 6.581466504913887 ], [ 81.605444251177914, 6.581506929101673 ], [ 81.605417301719399, 6.581506929101673 ], [ 81.605296029156037, 6.581587777477244 ], [ 81.605296029156037, 6.581605743782927 ], [ 81.605215180780476, 6.581686592158498 ], [ 81.605197214474771, 6.581686592158498 ], [ 81.60511636609921, 6.581767440534068 ], [ 81.60511636609921, 6.58178540683975 ], [ 81.605156790286998, 6.581866255215321 ], [ 81.605165773439836, 6.581866255215321 ], [ 81.605206197627624, 6.581906679403106 ], [ 81.605206197627624, 6.581915662555948 ], [ 81.605246621815411, 6.581956086743734 ] ] ] ] } },
{ "type": "Feature", "properties": { "fid": 1425380.0, "DN": 3, "area": 16778 }, "geometry": { "type": "MultiPolygon", "coordinates": [ [ [ [ 81.60852580392276, 6.579887158365691 ], [ 81.608526227503489, 6.579882118564937 ], [ 81.608541934163014, 6.579695143216311 ], [ 81.608548158370922, 6.579621060663419 ], [ 81.608552369896003, 6.579570929754661 ], [ 81.608552799278186, 6.579565813653564 ], [ 81.608529964178871, 6.579611483852181 ], [ 81.608529964178871, 6.579629450157864 ], [ 81.608368267427721, 6.579710298533435 ], [ 81.608332334816367, 6.579710298533435 ], [ 81.608170638065218, 6.579791146909005 ], [ 81.608170638065218, 6.579809113214687 ], [ 81.608008941314083, 6.579889961590258 ], [ 81.607973008702714, 6.579889961590258 ], [ 81.607811311951579, 6.579970809965829 ], [ 81.607811311951579, 6.579988776271511 ], [ 81.607649615200444, 6.580069624647082 ], [ 81.607613682589061, 6.580069624647082 ], [ 81.607451985837926, 6.580150473022654 ], [ 81.607451985837926, 6.580168439328336 ], [ 81.607371137462351, 6.580249287703906 ], [ 81.607353171156674, 6.580249287703906 ], [ 81.6072723227811, 6.580330136079477 ], [ 81.6072723227811, 6.580348102385159 ], [ 81.607110626029964, 6.58042895076073 ], [ 81.607074693418596, 6.58042895076073 ], [ 81.606912996667461, 6.580509799136301 ], [ 81.606912996667461, 6.580527765441984 ], [ 81.606832148291886, 6.580608613817554 ], [ 81.606814181986209, 6.580608613817554 ], [ 81.606733333610634, 6.580689462193124 ], [ 81.606733333610634, 6.580707428498807 ], [ 81.606571636859485, 6.580788276874378 ], [ 81.606535704248131, 6.580788276874378 ], [ 81.606374007496981, 6.580869125249949 ], [ 81.606374007496981, 6.580887091555631 ], [ 81.606293159121407, 6.580967939931202 ], [ 81.60627519281573, 6.580967939931202 ], [ 81.606194344440155, 6.581048788306772 ], [ 81.606194344440155, 6.581066754612454 ], [ 81.606356041191304, 6.581147602988025 ], [ 81.606391973802658, 6.581147602988025 ], [ 81.606553670553808, 6.581066754612454 ], [ 81.606553670553808, 6.581048788306772 ], [ 81.606674943117156, 6.580967939931202 ], [ 81.6067018925757, 6.580967939931202 ], [ 81.606823165139048, 6.580927515743416 ], [ 81.606823165139048, 6.580918532590575 ], [ 81.606863589326835, 6.580878108402789 ], [ 81.606872572479674, 6.580878108402789 ], [ 81.606912996667461, 6.580837684215004 ], [ 81.606912996667461, 6.580828701062163 ], [ 81.606993845043036, 6.580788276874378 ], [ 81.607011811348713, 6.580788276874378 ], [ 81.607092659724273, 6.580707428498807 ], [ 81.607092659724273, 6.580689462193124 ], [ 81.607173508099834, 6.580608613817554 ], [ 81.607191474405539, 6.580608613817554 ], [ 81.6072723227811, 6.580568189629768 ], [ 81.6072723227811, 6.580559206476927 ], [ 81.607312746968887, 6.580518782289142 ], [ 81.607321730121726, 6.580518782289142 ], [ 81.607362154309513, 6.580478358101356 ], [ 81.607362154309513, 6.580469374948516 ], [ 81.607443002685088, 6.58042895076073 ], [ 81.607460968990765, 6.58042895076073 ], [ 81.607541817366339, 6.580388526572944 ], [ 81.607541817366339, 6.580379543420104 ], [ 81.607582241554127, 6.580339119232319 ], [ 81.607591224706965, 6.580339119232319 ], [ 81.607631648894753, 6.580298695044533 ], [ 81.607631648894753, 6.580289711891692 ], [ 81.607712497270327, 6.580249287703906 ], [ 81.607730463576004, 6.580249287703906 ], [ 81.607811311951579, 6.580208863516121 ], [ 81.607811311951579, 6.58019988036328 ], [ 81.60789216032714, 6.580159456175494 ], [ 81.607910126632817, 6.580159456175494 ], [ 81.607990975008391, 6.580119031987708 ], [ 81.607990975008391, 6.580110048834868 ], [ 81.608152671759541, 6.580069624647082 ], [ 81.608188604370895, 6.580069624647082 ], [ 81.608350301122044, 6.579988776271511 ], [ 81.608350301122044, 6.579970809965829 ], [ 81.608511997873194, 6.579889961590258 ], [ 81.608525568455349, 6.579889961590258 ], [ 81.60852580392276, 6.579887158365691 ] ] ] ] } },
{ "type": "Feature", "properties": { "fid": 1440880.0, "DN": 3, "area": 4738 }, "geometry": { "type": "MultiPolygon", "coordinates": [ [ [ [ 80.855642941405449, 6.534704702799047 ], [ 80.855660907711155, 6.534704702799047 ], [ 80.855741756086715, 6.53458343023569 ], [ 80.855741756086715, 6.534556480777168 ], [ 80.855660907711155, 6.534435208213811 ], [ 80.855642941405449, 6.534435208213811 ], [ 80.855562093029889, 6.53435435983824 ], [ 80.855562093029889, 6.534336393532557 ], [ 80.855481244654314, 6.534255545156986 ], [ 80.855463278348637, 6.534255545156986 ], [ 80.855382429973062, 6.534215120969201 ], [ 80.855382429973062, 6.53420613781636 ], [ 80.855342005785275, 6.534165713628575 ], [ 80.855333022632436, 6.534165713628575 ], [ 80.855292598444649, 6.534125289440789 ], [ 80.855292598444649, 6.534116306287949 ], [ 80.855171325881287, 6.534075882100163 ], [ 80.855144376422771, 6.534075882100163 ], [ 80.855023103859409, 6.533995033724592 ], [ 80.855023103859409, 6.53397706741891 ], [ 80.854942255483849, 6.533896219043339 ], [ 80.854924289178172, 6.533896219043339 ], [ 80.854843440802597, 6.533855794855553 ], [ 80.854843440802597, 6.533846811702713 ], [ 80.85480301661481, 6.533806387514927 ], [ 80.854794033461971, 6.533806387514927 ], [ 80.854753609274184, 6.533765963327141 ], [ 80.854753609274184, 6.533756980174301 ], [ 80.85471318508641, 6.533716555986516 ], [ 80.854704201933544, 6.533716555986516 ], [ 80.85466377774577, 6.533635707610944 ], [ 80.85466377774577, 6.533617741305262 ], [ 80.854582929370196, 6.533536892929691 ], [ 80.854564963064519, 6.533536892929691 ], [ 80.854484114688944, 6.53345604455412 ], [ 80.854484114688944, 6.533438078248437 ], [ 80.854403266313369, 6.533357229872867 ], [ 80.854385300007692, 6.533357229872867 ], [ 80.854304451632117, 6.533518926624009 ], [ 80.854304451632117, 6.533554859235373 ], [ 80.854385300007692, 6.533716555986516 ], [ 80.854403266313369, 6.533716555986516 ], [ 80.854484114688944, 6.533797404362086 ], [ 80.854484114688944, 6.533815370667768 ], [ 80.854605387252292, 6.533896219043339 ], [ 80.854632336710836, 6.533896219043339 ], [ 80.854753609274184, 6.533936643231124 ], [ 80.854753609274184, 6.533945626383966 ], [ 80.854794033461971, 6.533986050571751 ], [ 80.85480301661481, 6.533986050571751 ], [ 80.854843440802597, 6.534026474759536 ], [ 80.854843440802597, 6.534035457912378 ], [ 80.854883864990384, 6.534075882100163 ], [ 80.854892848143223, 6.534075882100163 ], [ 80.85493327233101, 6.534116306287949 ], [ 80.85493327233101, 6.534125289440789 ], [ 80.854973696518783, 6.534165713628575 ], [ 80.854982679671622, 6.534165713628575 ], [ 80.855023103859409, 6.53420613781636 ], [ 80.855023103859409, 6.534215120969201 ], [ 80.855103952234984, 6.534255545156986 ], [ 80.855121918540661, 6.534255545156986 ], [ 80.855202766916236, 6.534336393532557 ], [ 80.855202766916236, 6.53435435983824 ], [ 80.855324039479598, 6.534435208213811 ], [ 80.855350988938113, 6.534435208213811 ], [ 80.855472261501475, 6.534516056589382 ], [ 80.855472261501475, 6.534534022895064 ], [ 80.855512685689263, 6.534614871270635 ], [ 80.855521668842101, 6.534614871270635 ], [ 80.855562093029889, 6.53465529545842 ], [ 80.855562093029889, 6.534664278611261 ], [ 80.855642941405449, 6.534704702799047 ] ] ] ] } },
{ "type": "Feature", "properties": { "fid": 1441821.0, "DN": 3, "area": 3652 }, "geometry": { "type": "MultiPolygon", "coordinates": [ [ [ [ 80.854434707348318, 6.531740262361452 ], [ 80.854443690501157, 6.531740262361452 ], [ 80.854484114688944, 6.53157856561031 ], [ 80.854484114688944, 6.531542632998946 ], [ 80.854443690501157, 6.531380936247804 ], [ 80.854434707348318, 6.531380936247804 ], [ 80.854394283160531, 6.531300087872234 ], [ 80.854394283160531, 6.531282121566552 ], [ 80.854353858972743, 6.53120127319098 ], [ 80.854344875819905, 6.53120127319098 ], [ 80.854304451632117, 6.531120424815409 ], [ 80.854304451632117, 6.531102458509727 ], [ 80.854223603256543, 6.531021610134156 ], [ 80.854205636950866, 6.531021610134156 ], [ 80.854124788575291, 6.530981185946371 ], [ 80.854124788575291, 6.53097220279353 ], [ 80.854043940199716, 6.530931778605744 ], [ 80.854025973894039, 6.530931778605744 ], [ 80.853945125518479, 6.530810506042388 ], [ 80.853945125518479, 6.530783556583864 ], [ 80.853864277142918, 6.530662284020508 ], [ 80.853846310837213, 6.530662284020508 ], [ 80.853765462461652, 6.530581435644938 ], [ 80.853765462461652, 6.530563469339255 ], [ 80.853684614086077, 6.530482620963685 ], [ 80.8536666477804, 6.530482620963685 ], [ 80.853585799404826, 6.530563469339255 ], [ 80.853585799404826, 6.530581435644938 ], [ 80.853626223592613, 6.530662284020508 ], [ 80.853635206745452, 6.530662284020508 ], [ 80.853675630933239, 6.530702708208294 ], [ 80.853675630933239, 6.530711691361136 ], [ 80.853716055121026, 6.53075211554892 ], [ 80.853725038273865, 6.53075211554892 ], [ 80.853765462461652, 6.530873388112276 ], [ 80.853765462461652, 6.530900337570801 ], [ 80.853846310837213, 6.531021610134156 ], [ 80.853864277142918, 6.531021610134156 ], [ 80.853945125518479, 6.531102458509727 ], [ 80.853945125518479, 6.531120424815409 ], [ 80.854025973894039, 6.53120127319098 ], [ 80.854043940199716, 6.53120127319098 ], [ 80.854124788575291, 6.531282121566552 ], [ 80.854124788575291, 6.531300087872234 ], [ 80.854165212763078, 6.531380936247804 ], [ 80.854174195915917, 6.531380936247804 ], [ 80.854214620103704, 6.531461784623374 ], [ 80.854214620103704, 6.531479750929057 ], [ 80.854295468479279, 6.531560599304628 ], [ 80.854313434784956, 6.531560599304628 ], [ 80.854394283160531, 6.531641447680199 ], [ 80.854394283160531, 6.531659413985881 ], [ 80.854434707348318, 6.531740262361452 ] ] ] ] } },
{ "type": "Feature", "properties": { "fid": 1442185.0, "DN": 3, "area": 3159 }, "geometry": { "type": "MultiPolygon", "coordinates": [ [ [ [ 80.853307321666733, 6.53030295790686 ], [ 80.853325287972439, 6.53030295790686 ], [ 80.853406136347999, 6.530141261155719 ], [ 80.853406136347999, 6.530105328544354 ], [ 80.853284863784637, 6.529943631793213 ], [ 80.853257914326122, 6.529943631793213 ], [ 80.853136641762759, 6.529903207605427 ], [ 80.853136641762759, 6.529894224452587 ], [ 80.853096217574972, 6.529853800264801 ], [ 80.853087234422134, 6.529853800264801 ], [ 80.853046810234346, 6.529813376077016 ], [ 80.853046810234346, 6.529804392924174 ], [ 80.852965961858786, 6.529763968736389 ], [ 80.852947995553109, 6.529763968736389 ], [ 80.852867147177534, 6.529683120360819 ], [ 80.852867147177534, 6.529665154055136 ], [ 80.852745874614186, 6.529584305679565 ], [ 80.852718925155642, 6.529584305679565 ], [ 80.852597652592294, 6.529543881491779 ], [ 80.852597652592294, 6.529534898338939 ], [ 80.852557228404507, 6.529494474151154 ], [ 80.852548245251668, 6.529494474151154 ], [ 80.852507821063881, 6.529454049963368 ], [ 80.852507821063881, 6.529445066810527 ], [ 80.852346124312731, 6.529404642622741 ], [ 80.852310191701378, 6.529404642622741 ], [ 80.852148494950228, 6.529445066810527 ], [ 80.852148494950228, 6.529454049963368 ], [ 80.852229343325803, 6.529494474151154 ], [ 80.85224730963148, 6.529494474151154 ], [ 80.852328158007055, 6.529534898338939 ], [ 80.852328158007055, 6.529543881491779 ], [ 80.852409006382629, 6.529584305679565 ], [ 80.852426972688306, 6.529584305679565 ], [ 80.852507821063881, 6.529624729867351 ], [ 80.852507821063881, 6.529633713020191 ], [ 80.852548245251668, 6.529674137207977 ], [ 80.852557228404507, 6.529674137207977 ], [ 80.852597652592294, 6.529714561395762 ], [ 80.852597652592294, 6.529723544548603 ], [ 80.852678500967869, 6.529763968736389 ], [ 80.852696467273546, 6.529763968736389 ], [ 80.852777315649121, 6.529804392924174 ], [ 80.852777315649121, 6.529813376077016 ], [ 80.852817739836894, 6.529853800264801 ], [ 80.852826722989761, 6.529853800264801 ], [ 80.852867147177534, 6.529894224452587 ], [ 80.852867147177534, 6.529903207605427 ], [ 80.852947995553109, 6.529943631793213 ], [ 80.852965961858786, 6.529943631793213 ], [ 80.853046810234346, 6.530024480168784 ], [ 80.853046810234346, 6.530042446474466 ], [ 80.853127658609921, 6.530123294850037 ], [ 80.853145624915598, 6.530123294850037 ], [ 80.853226473291173, 6.530204143225608 ], [ 80.853226473291173, 6.53022210953129 ], [ 80.853307321666733, 6.53030295790686 ] ] ] ] } },
{ "type": "Feature", "properties": { "fid": 1442547.0, "DN": 3, "area": 4836 }, "geometry": { "type": "MultiPolygon", "coordinates": [ [ [ [ 80.850545002168076, 6.529404642622741 ], [ 80.850607884237974, 6.529404642622741 ], [ 80.850890853552471, 6.529364218434956 ], [ 80.850890853552471, 6.529355235282114 ], [ 80.850971701928032, 6.529314811094329 ], [ 80.850989668233723, 6.529314811094329 ], [ 80.851070516609283, 6.529274386906543 ], [ 80.851070516609283, 6.529265403753703 ], [ 80.850706698919225, 6.529224979565917 ], [ 80.850625850543651, 6.529224979565917 ], [ 80.850262032853578, 6.529144131190346 ], [ 80.850262032853578, 6.529126164884664 ], [ 80.850100336102443, 6.529045316509094 ], [ 80.850064403491075, 6.529045316509094 ], [ 80.84990270673994, 6.528964468133523 ], [ 80.84990270673994, 6.52894650182784 ], [ 80.849821858364365, 6.52886565345227 ], [ 80.849803892058688, 6.52886565345227 ], [ 80.849723043683113, 6.528784805076699 ], [ 80.849723043683113, 6.528766838771016 ], [ 80.849642195307553, 6.528685990395445 ], [ 80.849624229001847, 6.528685990395445 ], [ 80.849543380626287, 6.528605142019875 ], [ 80.849543380626287, 6.528587175714192 ], [ 80.849462532250712, 6.528506327338622 ], [ 80.849444565945035, 6.528506327338622 ], [ 80.84936371756946, 6.528385054775265 ], [ 80.84936371756946, 6.528358105316743 ], [ 80.849323293381673, 6.528236832753386 ], [ 80.849314310228834, 6.528236832753386 ], [ 80.849273886041047, 6.528277256941172 ], [ 80.849273886041047, 6.528286240094012 ], [ 80.84923346185326, 6.528326664281797 ], [ 80.849224478700421, 6.528326664281797 ], [ 80.849184054512634, 6.528407512657369 ], [ 80.849184054512634, 6.528425478963051 ], [ 80.849224478700421, 6.528506327338622 ], [ 80.84923346185326, 6.528506327338622 ], [ 80.849273886041047, 6.528546751526408 ], [ 80.849273886041047, 6.528555734679248 ], [ 80.849314310228834, 6.528596158867034 ], [ 80.849323293381673, 6.528596158867034 ], [ 80.84936371756946, 6.528636583054819 ], [ 80.84936371756946, 6.528645566207659 ], [ 80.849404141757248, 6.528685990395445 ], [ 80.849413124910086, 6.528685990395445 ], [ 80.849453549097873, 6.528726414583231 ], [ 80.849453549097873, 6.528735397736072 ], [ 80.849493973285661, 6.528775821923857 ], [ 80.849502956438499, 6.528775821923857 ], [ 80.849543380626287, 6.528856670299428 ], [ 80.849543380626287, 6.52887463660511 ], [ 80.849583804814074, 6.528955484980681 ], [ 80.849592787966913, 6.528955484980681 ], [ 80.8496332121547, 6.528995909168467 ], [ 80.8496332121547, 6.529004892321309 ], [ 80.849673636342487, 6.529045316509094 ], [ 80.849682619495326, 6.529045316509094 ], [ 80.849723043683113, 6.529085740696879 ], [ 80.849723043683113, 6.52909472384972 ], [ 80.849803892058688, 6.529135148037506 ], [ 80.849821858364365, 6.529135148037506 ], [ 80.84990270673994, 6.529175572225292 ], [ 80.84990270673994, 6.529184555378132 ], [ 80.850023979303288, 6.529224979565917 ], [ 80.850050928761817, 6.529224979565917 ], [ 80.850172201325165, 6.529265403753703 ], [ 80.850172201325165, 6.529274386906543 ], [ 80.850212625512953, 6.529314811094329 ], [ 80.850221608665791, 6.529314811094329 ], [ 80.850262032853578, 6.529355235282114 ], [ 80.850262032853578, 6.529364218434956 ], [ 80.850545002168076, 6.529404642622741 ] ] ] ] } },
{ "type": "Feature", "properties": { "fid": 1443187.0, "DN": 3, "area": 3849 }, "geometry": { "type": "MultiPolygon", "coordinates": [ [ [ [ 80.84874388002342, 6.527069022884031 ], [ 80.848725913717743, 6.527069022884031 ], [ 80.848645065342168, 6.52698817450846 ], [ 80.848645065342168, 6.526970208202778 ], [ 80.848604641154395, 6.526889359827207 ], [ 80.848595658001528, 6.526889359827207 ], [ 80.848555233813755, 6.526970208202778 ], [ 80.848555233813755, 6.52698817450846 ], [ 80.848514809625968, 6.527069022884031 ], [ 80.848505826473129, 6.527069022884031 ], [ 80.848465402285342, 6.52698817450846 ], [ 80.848465402285342, 6.526970208202778 ], [ 80.848303705534192, 6.526889359827207 ], [ 80.848267772922839, 6.526889359827207 ], [ 80.848106076171689, 6.526808511451636 ], [ 80.848106076171689, 6.526790545145953 ], [ 80.848025227796114, 6.526709696770382 ], [ 80.848007261490437, 6.526709696770382 ], [ 80.847926413114877, 6.526669272582597 ], [ 80.847926413114877, 6.526660289429756 ], [ 80.847885988927089, 6.526619865241971 ], [ 80.847877005774251, 6.526619865241971 ], [ 80.847836581586463, 6.526660289429756 ], [ 80.847836581586463, 6.526669272582597 ], [ 80.847796157398676, 6.526709696770382 ], [ 80.847787174245838, 6.526709696770382 ], [ 80.84774675005805, 6.526669272582597 ], [ 80.84774675005805, 6.526660289429756 ], [ 80.847706325870263, 6.526619865241971 ], [ 80.847697342717424, 6.526619865241971 ], [ 80.847656918529637, 6.526579441054185 ], [ 80.847656918529637, 6.526570457901345 ], [ 80.847576070154062, 6.526530033713559 ], [ 80.847558103848385, 6.526530033713559 ], [ 80.84747725547281, 6.526570457901345 ], [ 80.84747725547281, 6.526579441054185 ], [ 80.847517679660598, 6.526619865241971 ], [ 80.847526662813436, 6.526619865241971 ], [ 80.847567087001224, 6.526660289429756 ], [ 80.847567087001224, 6.526669272582597 ], [ 80.847607511189011, 6.526709696770382 ], [ 80.84761649434185, 6.526709696770382 ], [ 80.847656918529637, 6.526750120958168 ], [ 80.847656918529637, 6.526759104111009 ], [ 80.847697342717424, 6.526799528298795 ], [ 80.847706325870263, 6.526799528298795 ], [ 80.84774675005805, 6.52683995248658 ], [ 80.84774675005805, 6.526848935639421 ], [ 80.847868022621412, 6.526889359827207 ], [ 80.847894972079928, 6.526889359827207 ], [ 80.848016244643276, 6.526929784014992 ], [ 80.848016244643276, 6.526938767167833 ], [ 80.848056668831063, 6.526979191355618 ], [ 80.848065651983902, 6.526979191355618 ], [ 80.848106076171689, 6.527019615543404 ], [ 80.848106076171689, 6.527028598696245 ], [ 80.848186924547264, 6.527069022884031 ], [ 80.848204890852941, 6.527069022884031 ], [ 80.848285739228515, 6.527149871259601 ], [ 80.848285739228515, 6.527167837565283 ], [ 80.848447435979665, 6.527248685940855 ], [ 80.848483368591019, 6.527248685940855 ], [ 80.848645065342168, 6.52728911012864 ], [ 80.848645065342168, 6.52729809328148 ], [ 80.848685489529956, 6.527338517469266 ], [ 80.848694472682794, 6.527338517469266 ], [ 80.848734896870582, 6.527378941657052 ], [ 80.848734896870582, 6.527387924809894 ], [ 80.848775321058369, 6.527428348997678 ], [ 80.848784304211208, 6.527428348997678 ], [ 80.848824728398995, 6.527266652246537 ], [ 80.848824728398995, 6.527230719635172 ], [ 80.84874388002342, 6.527069022884031 ] ], [ [ 80.848375570756929, 6.527019615543404 ], [ 80.848375570756929, 6.527028598696245 ], [ 80.848335146569141, 6.527069022884031 ], [ 80.848326163416303, 6.527069022884031 ], [ 80.848285739228515, 6.527028598696245 ], [ 80.848285739228515, 6.527019615543404 ], [ 80.848326163416303, 6.526979191355618 ], [ 80.848335146569141, 6.526979191355618 ], [ 80.848375570756929, 6.527019615543404 ] ] ] ] } },
{ "type": "Feature", "properties": { "fid": 1444232.0, "DN": 3, "area": 3553 }, "geometry": { "type": "MultiPolygon", "coordinates": [ [ [ [ 80.846799027433306, 6.525362223844203 ], [ 80.846808010586145, 6.525362223844203 ], [ 80.846848434773932, 6.525160102905277 ], [ 80.846848434773932, 6.52511518714107 ], [ 80.846808010586145, 6.524913066202144 ], [ 80.846799027433306, 6.524913066202144 ], [ 80.846758603245519, 6.524872642014358 ], [ 80.846758603245519, 6.524863658861517 ], [ 80.846718179057746, 6.524823234673732 ], [ 80.846709195904879, 6.524823234673732 ], [ 80.846668771717106, 6.524701962110376 ], [ 80.846668771717106, 6.524675012651852 ], [ 80.846587923341531, 6.524553740088496 ], [ 80.846569957035854, 6.524553740088496 ], [ 80.846489108660279, 6.524472891712925 ], [ 80.846489108660279, 6.524454925407243 ], [ 80.846408260284704, 6.524374077031672 ], [ 80.846390293979027, 6.524374077031672 ], [ 80.846309445603453, 6.524293228656101 ], [ 80.846309445603453, 6.524275262350419 ], [ 80.846269021415679, 6.524194413974849 ], [ 80.846260038262812, 6.524194413974849 ], [ 80.846219614075039, 6.524153989787063 ], [ 80.846219614075039, 6.524145006634221 ], [ 80.846179189887252, 6.524104582446435 ], [ 80.846170206734413, 6.524104582446435 ], [ 80.846129782546626, 6.52406415825865 ], [ 80.846129782546626, 6.52405517510581 ], [ 80.846048934171051, 6.524014750918024 ], [ 80.846030967865374, 6.524014750918024 ], [ 80.845950119489814, 6.524095599293595 ], [ 80.845950119489814, 6.524113565599277 ], [ 80.845990543677601, 6.524194413974849 ], [ 80.84599952683044, 6.524194413974849 ], [ 80.846039951018213, 6.524234838162634 ], [ 80.846039951018213, 6.524243821315475 ], [ 80.846080375206, 6.52428424550326 ], [ 80.846089358358839, 6.52428424550326 ], [ 80.846129782546626, 6.524324669691046 ], [ 80.846129782546626, 6.524333652843886 ], [ 80.846170206734413, 6.524374077031672 ], [ 80.846179189887252, 6.524374077031672 ], [ 80.846219614075039, 6.524414501219457 ], [ 80.846219614075039, 6.524423484372298 ], [ 80.846260038262812, 6.524463908560084 ], [ 80.846269021415679, 6.524463908560084 ], [ 80.846309445603453, 6.52450433274787 ], [ 80.846309445603453, 6.524513315900711 ], [ 80.84634986979124, 6.524553740088496 ], [ 80.846358852944078, 6.524553740088496 ], [ 80.846399277131866, 6.524594164276282 ], [ 80.846399277131866, 6.524603147429122 ], [ 80.846439701319653, 6.524643571616908 ], [ 80.846448684472492, 6.524643571616908 ], [ 80.846489108660279, 6.524764844180265 ], [ 80.846489108660279, 6.524791793638787 ], [ 80.846529532848066, 6.524913066202144 ], [ 80.846538516000905, 6.524913066202144 ], [ 80.846578940188692, 6.524993914577714 ], [ 80.846578940188692, 6.525011880883397 ], [ 80.84661936437648, 6.525092729258967 ], [ 80.846628347529318, 6.525092729258967 ], [ 80.846668771717106, 6.525173577634538 ], [ 80.846668771717106, 6.52519154394022 ], [ 80.846709195904879, 6.525272392315792 ], [ 80.846718179057746, 6.525272392315792 ], [ 80.846758603245519, 6.525312816503577 ], [ 80.846758603245519, 6.525321799656417 ], [ 80.846799027433306, 6.525362223844203 ] ] ] ] } },
{ "type": "Feature", "properties": { "fid": 1452130.0, "DN": 3, "area": 3554 }, "geometry": { "type": "MultiPolygon", "coordinates": [ [ [ [ 81.278439521452725, 6.499131417547913 ], [ 81.278448504605564, 6.499131417547913 ], [ 81.278488928793351, 6.498484630543347 ], [ 81.278488928793351, 6.498340900097888 ], [ 81.278529352981138, 6.497694113093322 ], [ 81.278538336133977, 6.497694113093322 ], [ 81.278578760321764, 6.497734537281108 ], [ 81.278578760321764, 6.497743520433948 ], [ 81.278619184509552, 6.497783944621734 ], [ 81.27862816766239, 6.497783944621734 ], [ 81.278668591850177, 6.497703096246163 ], [ 81.278668591850177, 6.49768512994048 ], [ 81.27862816766239, 6.49760428156491 ], [ 81.278619184509552, 6.49760428156491 ], [ 81.278578760321764, 6.497563857377124 ], [ 81.278578760321764, 6.497554874224283 ], [ 81.278538336133977, 6.497514450036498 ], [ 81.278529352981138, 6.497514450036498 ], [ 81.278488928793351, 6.497433601660927 ], [ 81.278488928793351, 6.497415635355245 ], [ 81.278448504605564, 6.497334786979675 ], [ 81.278439521452725, 6.497334786979675 ], [ 81.278399097264952, 6.497577332106387 ], [ 81.278399097264952, 6.497631231023434 ], [ 81.278358673077165, 6.497873776150146 ], [ 81.278349689924326, 6.497873776150146 ], [ 81.278309265736539, 6.498358866403571 ], [ 81.278309265736539, 6.498466664237665 ], [ 81.278349689924326, 6.49895175449109 ], [ 81.278358673077165, 6.49895175449109 ], [ 81.278399097264952, 6.49903260286666 ], [ 81.278399097264952, 6.499050569172343 ], [ 81.278439521452725, 6.499131417547913 ] ] ] ] } },
{ "type": "Feature", "properties": { "fid": 1452652.0, "DN": 3, "area": 4837 }, "geometry": { "type": "MultiPolygon", "coordinates": [ [ [ [ 80.836001277718182, 6.495717819468259 ], [ 80.836046193482389, 6.495717819468259 ], [ 80.836248314421312, 6.495636971092688 ], [ 80.836248314421312, 6.495619004787006 ], [ 80.836167466045737, 6.495538156411435 ], [ 80.83614949974006, 6.495538156411435 ], [ 80.836068651364499, 6.495457308035864 ], [ 80.836068651364499, 6.495439341730182 ], [ 80.835543136923292, 6.495358493354612 ], [ 80.835426355936349, 6.495358493354612 ], [ 80.834900841495141, 6.495318069166826 ], [ 80.834900841495141, 6.495309086013985 ], [ 80.834860417307354, 6.495268661826199 ], [ 80.834851434154515, 6.495268661826199 ], [ 80.834811009966728, 6.495309086013985 ], [ 80.834811009966728, 6.495318069166826 ], [ 80.834608889027805, 6.495358493354612 ], [ 80.834563973263585, 6.495358493354612 ], [ 80.834361852324662, 6.495439341730182 ], [ 80.834361852324662, 6.495457308035864 ], [ 80.835008639329232, 6.495538156411435 ], [ 80.83515236977469, 6.495538156411435 ], [ 80.83579915677926, 6.495619004787006 ], [ 80.83579915677926, 6.495636971092688 ], [ 80.836001277718182, 6.495717819468259 ] ] ] ] } },
{ "type": "Feature", "properties": { "fid": 1470932.0, "DN": 3, "area": 30801 }, "geometry": { "type": "MultiPolygon", "coordinates": [ [ [ [ 81.28583714781746, 6.435979853074311 ], [ 81.285873080428814, 6.435979853074311 ], [ 81.286034777179964, 6.43581815632317 ], [ 81.286034777179964, 6.435782223711805 ], [ 81.285994352992176, 6.435620526960664 ], [ 81.285985369839338, 6.435620526960664 ], [ 81.285944945651551, 6.435660951148449 ], [ 81.285944945651551, 6.43566993430129 ], [ 81.285904521463763, 6.435710358489075 ], [ 81.285895538310925, 6.435710358489075 ], [ 81.285855114123137, 6.43566993430129 ], [ 81.285855114123137, 6.435660951148449 ], [ 81.285774265747563, 6.435620526960664 ], [ 81.285756299441886, 6.435620526960664 ], [ 81.285675451066311, 6.435458830209523 ], [ 81.285675451066311, 6.435422897598157 ], [ 81.285715875254084, 6.435261200847016 ], [ 81.285724858406951, 6.435261200847016 ], [ 81.285765282594724, 6.435301625034802 ], [ 81.285765282594724, 6.435310608187642 ], [ 81.285805706782511, 6.435351032375427 ], [ 81.28581468993535, 6.435351032375427 ], [ 81.285855114123137, 6.435391456563213 ], [ 81.285855114123137, 6.435400439716053 ], [ 81.285895538310925, 6.435440863903839 ], [ 81.285904521463763, 6.435440863903839 ], [ 81.285944945651551, 6.435279167152697 ], [ 81.285944945651551, 6.435243234541333 ], [ 81.286025794027125, 6.435081537790191 ], [ 81.286043760332802, 6.435081537790191 ], [ 81.286124608708377, 6.43500068941462 ], [ 81.286124608708377, 6.434982723108938 ], [ 81.28616503289615, 6.434901874733367 ], [ 81.286174016049017, 6.434901874733367 ], [ 81.28621444023679, 6.434821026357797 ], [ 81.28621444023679, 6.434803060052115 ], [ 81.286133591861216, 6.434722211676544 ], [ 81.286115625555539, 6.434722211676544 ], [ 81.286034777179964, 6.434681787488758 ], [ 81.286034777179964, 6.434672804335918 ], [ 81.286115625555539, 6.434632380148132 ], [ 81.286133591861216, 6.434632380148132 ], [ 81.28621444023679, 6.434591955960347 ], [ 81.28621444023679, 6.434582972807505 ], [ 81.286295288612365, 6.43454254861972 ], [ 81.286313254918042, 6.43454254861972 ], [ 81.286394103293603, 6.43446170024415 ], [ 81.286394103293603, 6.434443733938467 ], [ 81.286474951669177, 6.434362885562896 ], [ 81.286492917974854, 6.434362885562896 ], [ 81.286573766350429, 6.434282037187325 ], [ 81.286573766350429, 6.434264070881643 ], [ 81.286533342162642, 6.434183222506071 ], [ 81.286524359009803, 6.434183222506071 ], [ 81.286483934822016, 6.434142798318286 ], [ 81.286483934822016, 6.434133815165445 ], [ 81.286524359009803, 6.43409339097766 ], [ 81.286533342162642, 6.43409339097766 ], [ 81.286573766350429, 6.434052966789874 ], [ 81.286573766350429, 6.434043983637034 ], [ 81.286169524472569, 6.434003559449248 ], [ 81.286079692944156, 6.434003559449248 ], [ 81.285675451066311, 6.434084407824819 ], [ 81.285675451066311, 6.434102374130501 ], [ 81.285513754315161, 6.434183222506071 ], [ 81.285477821703807, 6.434183222506071 ], [ 81.285316124952672, 6.434223646693857 ], [ 81.285316124952672, 6.434232629846699 ], [ 81.285437397516034, 6.434273054034485 ], [ 81.28546434697455, 6.434273054034485 ], [ 81.285585619537898, 6.43431347822227 ], [ 81.285585619537898, 6.43432246137511 ], [ 81.285626043725685, 6.434362885562896 ], [ 81.285635026878523, 6.434362885562896 ], [ 81.285675451066311, 6.434524582314038 ], [ 81.285675451066311, 6.434560514925402 ], [ 81.285594602690736, 6.434722211676544 ], [ 81.285576636385059, 6.434722211676544 ], [ 81.285495788009484, 6.434681787488758 ], [ 81.285495788009484, 6.434672804335918 ], [ 81.285374515446136, 6.434632380148132 ], [ 81.285347565987607, 6.434632380148132 ], [ 81.285226293424259, 6.434672804335918 ], [ 81.285226293424259, 6.434681787488758 ], [ 81.285185869236471, 6.434722211676544 ], [ 81.285176886083633, 6.434722211676544 ], [ 81.285136461895846, 6.434641363300972 ], [ 81.285136461895846, 6.43462339699529 ], [ 81.285015189332483, 6.43454254861972 ], [ 81.284988239873968, 6.43454254861972 ], [ 81.284866967310606, 6.434582972807505 ], [ 81.284866967310606, 6.434591955960347 ], [ 81.284826543122819, 6.434632380148132 ], [ 81.28481755996998, 6.434632380148132 ], [ 81.284777135782193, 6.434591955960347 ], [ 81.284777135782193, 6.434582972807505 ], [ 81.284615439031043, 6.43454254861972 ], [ 81.284579506419689, 6.43454254861972 ], [ 81.28441780966854, 6.435027638873144 ], [ 81.28441780966854, 6.435135436707239 ], [ 81.284579506419689, 6.435620526960664 ], [ 81.284615439031043, 6.435620526960664 ], [ 81.284777135782193, 6.43574179952402 ], [ 81.284777135782193, 6.435768748982543 ], [ 81.284857984157753, 6.435890021545899 ], [ 81.284875950463459, 6.435890021545899 ], [ 81.284956798839019, 6.435930445733685 ], [ 81.284956798839019, 6.435939428886526 ], [ 81.285158919777942, 6.435979853074311 ], [ 81.285203835542148, 6.435979853074311 ], [ 81.285405956481071, 6.436020277262097 ], [ 81.285405956481071, 6.436029260414937 ], [ 81.285486804856646, 6.436069684602723 ], [ 81.285504771162323, 6.436069684602723 ], [ 81.285585619537898, 6.436110108790508 ], [ 81.285585619537898, 6.436119091943349 ], [ 81.285626043725685, 6.436159516131134 ], [ 81.285635026878523, 6.436159516131134 ], [ 81.285675451066311, 6.436078667755564 ], [ 81.285675451066311, 6.436060701449882 ], [ 81.28583714781746, 6.435979853074311 ] ], [ [ 81.284956798839019, 6.434681787488758 ], [ 81.284956798839019, 6.434672804335918 ], [ 81.284997223026807, 6.434632380148132 ], [ 81.285006206179645, 6.434632380148132 ], [ 81.285046630367432, 6.434672804335918 ], [ 81.285046630367432, 6.434681787488758 ], [ 81.285006206179645, 6.434722211676544 ], [ 81.284997223026807, 6.434722211676544 ], [ 81.284956798839019, 6.434681787488758 ] ], [ [ 81.284777135782193, 6.434762635864329 ], [ 81.284777135782193, 6.43477161901717 ], [ 81.284696287406618, 6.434812043204955 ], [ 81.284678321100941, 6.434812043204955 ], [ 81.284597472725366, 6.43477161901717 ], [ 81.284597472725366, 6.434762635864329 ], [ 81.284678321100941, 6.434722211676544 ], [ 81.284696287406618, 6.434722211676544 ], [ 81.284777135782193, 6.434762635864329 ] ], [ [ 81.285855114123137, 6.435032130449565 ], [ 81.285855114123137, 6.435041113602406 ], [ 81.28581468993535, 6.435081537790191 ], [ 81.285805706782511, 6.435081537790191 ], [ 81.285765282594724, 6.435041113602406 ], [ 81.285765282594724, 6.435032130449565 ], [ 81.285805706782511, 6.43499170626178 ], [ 81.28581468993535, 6.43499170626178 ], [ 81.285855114123137, 6.435032130449565 ] ] ] ] } },
{ "type": "Feature", "properties": { "fid": 1478385.0, "DN": 3, "area": 3653 }, "geometry": { "type": "MultiPolygon", "coordinates": [ [ [ [ 81.433408489510228, 6.416113807706134 ], [ 81.43326865224715, 6.416124748222188 ], [ 81.43326865224715, 6.416136068448111 ], [ 81.433309076434938, 6.416216916823681 ], [ 81.433318059587776, 6.416216916823681 ], [ 81.433358483775564, 6.416297765199252 ], [ 81.433358483775564, 6.416315731504934 ], [ 81.433398907963351, 6.416396579880505 ], [ 81.43340789111619, 6.416396579880505 ], [ 81.433448315303977, 6.416315731504934 ], [ 81.433448315303977, 6.416297765199252 ], [ 81.433529163679538, 6.416216916823681 ], [ 81.433547129985243, 6.416216916823681 ], [ 81.433627978360803, 6.416176492635896 ], [ 81.433627978360803, 6.416167509483055 ], [ 81.433547129985243, 6.416127085295269 ], [ 81.433529163679538, 6.416127085295269 ], [ 81.433480700902052, 6.416102853906522 ], [ 81.433408489510228, 6.416113807706134 ] ] ] ] } },
{ "type": "Feature", "properties": { "fid": 1512573.0, "DN": 3, "area": 26560 }, "geometry": { "type": "MultiPolygon", "coordinates": [ [ [ [ 80.931640414441972, 6.350100911912484 ], [ 80.931658380747649, 6.350100911912484 ], [ 80.931739229123224, 6.350060487724699 ], [ 80.931739229123224, 6.350051504571859 ], [ 80.931779653311011, 6.350011080384073 ], [ 80.93178863646385, 6.350011080384073 ], [ 80.931829060651637, 6.349970656196287 ], [ 80.931829060651637, 6.349961673043446 ], [ 80.93186948483941, 6.349921248855661 ], [ 80.931878467992277, 6.349921248855661 ], [ 80.93191889218005, 6.34984040048009 ], [ 80.93191889218005, 6.349822434174408 ], [ 80.931999740555625, 6.349741585798837 ], [ 80.932017706861302, 6.349741585798837 ], [ 80.932098555236877, 6.349499040672125 ], [ 80.932098555236877, 6.349445141755078 ], [ 80.932017706861302, 6.349202596628365 ], [ 80.931999740555625, 6.349202596628365 ], [ 80.93191889218005, 6.349081324065009 ], [ 80.93191889218005, 6.349054374606485 ], [ 80.931878467992277, 6.348933102043129 ], [ 80.93186948483941, 6.348933102043129 ], [ 80.931829060651637, 6.348892677855344 ], [ 80.931829060651637, 6.348883694702502 ], [ 80.931707788088275, 6.348843270514717 ], [ 80.931680838629759, 6.348843270514717 ], [ 80.931559566066397, 6.348762422139147 ], [ 80.931559566066397, 6.348744455833464 ], [ 80.931397869315248, 6.348663607457894 ], [ 80.931361936703894, 6.348663607457894 ], [ 80.931200239952744, 6.348744455833464 ], [ 80.931200239952744, 6.348762422139147 ], [ 80.931159815764971, 6.348843270514717 ], [ 80.931150832612133, 6.348843270514717 ], [ 80.931110408424345, 6.348762422139147 ], [ 80.931110408424345, 6.348744455833464 ], [ 80.931069984236558, 6.348663607457894 ], [ 80.931061001083719, 6.348663607457894 ], [ 80.931020576895932, 6.348744455833464 ], [ 80.931020576895932, 6.348762422139147 ], [ 80.930939728520372, 6.348843270514717 ], [ 80.930921762214666, 6.348843270514717 ], [ 80.930840913839106, 6.348924118890288 ], [ 80.930840913839106, 6.34894208519597 ], [ 80.930800489651318, 6.349022933571542 ], [ 80.93079150649848, 6.349022933571542 ], [ 80.930751082310692, 6.349063357759327 ], [ 80.930751082310692, 6.349072340912167 ], [ 80.93079150649848, 6.349112765099953 ], [ 80.930800489651318, 6.349112765099953 ], [ 80.930840913839106, 6.349153189287739 ], [ 80.930840913839106, 6.34916217244058 ], [ 80.930760065463531, 6.349202596628365 ], [ 80.930742099157854, 6.349202596628365 ], [ 80.930661250782279, 6.349243020816151 ], [ 80.930661250782279, 6.349252003968992 ], [ 80.930620826594492, 6.349292428156778 ], [ 80.930611843441653, 6.349292428156778 ], [ 80.930571419253866, 6.349332852344563 ], [ 80.930571419253866, 6.349341835497404 ], [ 80.930530995066079, 6.349382259685189 ], [ 80.93052201191324, 6.349382259685189 ], [ 80.930481587725453, 6.349705653187472 ], [ 80.930481587725453, 6.349777518410201 ], [ 80.930400739349878, 6.350100911912484 ], [ 80.930382773044201, 6.350100911912484 ], [ 80.930301924668626, 6.350181760288056 ], [ 80.930301924668626, 6.350199726593738 ], [ 80.930382773044201, 6.350280574969309 ], [ 80.930400739349878, 6.350280574969309 ], [ 80.930481587725453, 6.350320999157095 ], [ 80.930481587725453, 6.350329982309935 ], [ 80.930643284476588, 6.350370406497721 ], [ 80.93067921708797, 6.350370406497721 ], [ 80.930840913839106, 6.350410830685506 ], [ 80.930840913839106, 6.350419813838347 ], [ 80.930881338026893, 6.350460238026132 ], [ 80.930890321179731, 6.350460238026132 ], [ 80.930930745367519, 6.350500662213918 ], [ 80.930930745367519, 6.350509645366759 ], [ 80.930971169555306, 6.350550069554544 ], [ 80.930980152708145, 6.350550069554544 ], [ 80.931020576895932, 6.35059049374233 ], [ 80.931020576895932, 6.350599476895171 ], [ 80.931263122022642, 6.350639901082957 ], [ 80.931317020939687, 6.350639901082957 ], [ 80.931559566066397, 6.350397355956245 ], [ 80.931559566066397, 6.350343457039196 ], [ 80.931640414441972, 6.350100911912484 ] ], [ [ 80.931379903009571, 6.349521498554227 ], [ 80.931379903009571, 6.349512515401386 ], [ 80.931339478821783, 6.349472091213601 ], [ 80.931330495668945, 6.349472091213601 ], [ 80.931290071481158, 6.349431667025815 ], [ 80.931290071481158, 6.349422683872975 ], [ 80.931330495668945, 6.349382259685189 ], [ 80.931339478821783, 6.349382259685189 ], [ 80.931379903009571, 6.349341835497404 ], [ 80.931379903009571, 6.349332852344563 ], [ 80.931339478821783, 6.349292428156778 ], [ 80.931330495668945, 6.349292428156778 ], [ 80.931290071481158, 6.349252003968992 ], [ 80.931290071481158, 6.349243020816151 ], [ 80.93149219242008, 6.349202596628365 ], [ 80.931537108184301, 6.349202596628365 ], [ 80.931739229123224, 6.349283445003936 ], [ 80.931739229123224, 6.349301411309618 ], [ 80.931658380747649, 6.349382259685189 ], [ 80.931640414441972, 6.349382259685189 ], [ 80.931559566066397, 6.34946310806076 ], [ 80.931559566066397, 6.349481074366443 ], [ 80.931478717690823, 6.349561922742013 ], [ 80.931460751385146, 6.349561922742013 ], [ 80.931379903009571, 6.349521498554227 ] ], [ [ 80.930571419253866, 6.350150319253112 ], [ 80.930571419253866, 6.35014133610027 ], [ 80.930611843441653, 6.350100911912484 ], [ 80.930620826594492, 6.350100911912484 ], [ 80.930661250782279, 6.35014133610027 ], [ 80.930661250782279, 6.350150319253112 ], [ 80.930620826594492, 6.350190743440897 ], [ 80.930611843441653, 6.350190743440897 ], [ 80.930571419253866, 6.350150319253112 ] ], [ [ 80.930481587725453, 6.350240150781524 ], [ 80.930481587725453, 6.350231167628682 ], [ 80.93052201191324, 6.350190743440897 ], [ 80.930530995066079, 6.350190743440897 ], [ 80.930571419253866, 6.350231167628682 ], [ 80.930571419253866, 6.350240150781524 ], [ 80.930530995066079, 6.350280574969309 ], [ 80.93052201191324, 6.350280574969309 ], [ 80.930481587725453, 6.350240150781524 ] ] ] ] } },
{ "type": "Feature", "properties": { "fid": 1513224.0, "DN": 3, "area": 3258 }, "geometry": { "type": "MultiPolygon", "coordinates": [ [ [ [ 80.931640414441972, 6.347855123702185 ], [ 80.931658380747649, 6.347855123702185 ], [ 80.931739229123224, 6.3478146995144 ], [ 80.931739229123224, 6.34780571636156 ], [ 80.931860501686572, 6.347765292173774 ], [ 80.931887451145116, 6.347765292173774 ], [ 80.932008723708464, 6.347644019610417 ], [ 80.932008723708464, 6.347617070151895 ], [ 80.931968299520676, 6.347495797588538 ], [ 80.931959316367838, 6.347495797588538 ], [ 80.93191889218005, 6.347455373400752 ], [ 80.93191889218005, 6.347446390247912 ], [ 80.93167634705334, 6.347405966060126 ], [ 80.931622448136281, 6.347405966060126 ], [ 80.931379903009571, 6.347486814435698 ], [ 80.931379903009571, 6.34750478074138 ], [ 80.931339478821783, 6.34758562911695 ], [ 80.931330495668945, 6.34758562911695 ], [ 80.931290071481158, 6.347545204929165 ], [ 80.931290071481158, 6.347536221776323 ], [ 80.93124964729337, 6.347495797588538 ], [ 80.931240664140532, 6.347495797588538 ], [ 80.931200239952744, 6.347576645964109 ], [ 80.931200239952744, 6.347594612269791 ], [ 80.931240664140532, 6.347675460645362 ], [ 80.93124964729337, 6.347675460645362 ], [ 80.931290071481158, 6.347715884833148 ], [ 80.931290071481158, 6.347724867985988 ], [ 80.931411344044506, 6.347765292173774 ], [ 80.931438293503049, 6.347765292173774 ], [ 80.931559566066397, 6.34780571636156 ], [ 80.931559566066397, 6.3478146995144 ], [ 80.931640414441972, 6.347855123702185 ] ] ] ] } },
{ "type": "Feature", "properties": { "fid": 1513709.0, "DN": 3, "area": 4147 }, "geometry": { "type": "MultiPolygon", "coordinates": [ [ [ [ 80.933958067874997, 6.347226303003302 ], [ 80.934011966792042, 6.347226303003302 ], [ 80.934254511918752, 6.346983757876591 ], [ 80.934254511918752, 6.346929858959543 ], [ 80.934335360294313, 6.346687313832831 ], [ 80.934353326600018, 6.346687313832831 ], [ 80.934434174975578, 6.346646889645045 ], [ 80.934434174975578, 6.346637906492204 ], [ 80.934353326600018, 6.346597482304419 ], [ 80.934335360294313, 6.346597482304419 ], [ 80.934254511918752, 6.346557058116633 ], [ 80.934254511918752, 6.346548074963792 ], [ 80.934173663543191, 6.346507650776006 ], [ 80.934155697237514, 6.346507650776006 ], [ 80.93407484886194, 6.346588499151578 ], [ 80.93407484886194, 6.34660646545726 ], [ 80.933994000486365, 6.346687313832831 ], [ 80.933976034180688, 6.346687313832831 ], [ 80.933895185805113, 6.346727738020617 ], [ 80.933895185805113, 6.346736721173457 ], [ 80.933854761617326, 6.346777145361242 ], [ 80.933845778464487, 6.346777145361242 ], [ 80.9338053542767, 6.346817569549028 ], [ 80.9338053542767, 6.346826552701868 ], [ 80.933764930088927, 6.346866976889654 ], [ 80.93375594693606, 6.346866976889654 ], [ 80.933715522748287, 6.34690740107744 ], [ 80.933715522748287, 6.346916384230282 ], [ 80.933634674372712, 6.346956808418066 ], [ 80.933616708067035, 6.346956808418066 ], [ 80.93353585969146, 6.347037656793637 ], [ 80.93353585969146, 6.347055623099319 ], [ 80.933576283879248, 6.34713647147489 ], [ 80.933585267032086, 6.34713647147489 ], [ 80.933625691219873, 6.347096047287105 ], [ 80.933625691219873, 6.347087064134264 ], [ 80.933666115407661, 6.347046639946479 ], [ 80.933675098560499, 6.347046639946479 ], [ 80.933715522748287, 6.34712748832205 ], [ 80.933715522748287, 6.347145454627732 ], [ 80.933958067874997, 6.347226303003302 ] ] ] ] } },
{ "type": "Feature", "properties": { "fid": 1514220.0, "DN": 3, "area": 3653 }, "geometry": { "type": "MultiPolygon", "coordinates": [ [ [ [ 80.934874349464806, 6.34623815619077 ], [ 80.934892315770483, 6.34623815619077 ], [ 80.934973164146058, 6.346197732002985 ], [ 80.934973164146058, 6.346188748850144 ], [ 80.935013588333845, 6.346148324662359 ], [ 80.935022571486684, 6.346148324662359 ], [ 80.935062995674471, 6.346188748850144 ], [ 80.935062995674471, 6.346197732002985 ], [ 80.935103419862259, 6.34623815619077 ], [ 80.935112403015097, 6.34623815619077 ], [ 80.93515282720287, 6.346116883627414 ], [ 80.93515282720287, 6.346089934168891 ], [ 80.935112403015097, 6.345968661605535 ], [ 80.935103419862259, 6.345968661605535 ], [ 80.935062995674471, 6.345928237417749 ], [ 80.935062995674471, 6.345919254264908 ], [ 80.935022571486684, 6.345878830077123 ], [ 80.935013588333845, 6.345878830077123 ], [ 80.934973164146058, 6.345757557513767 ], [ 80.934973164146058, 6.345730608055243 ], [ 80.934730619019348, 6.345609335491887 ], [ 80.934676720102289, 6.345609335491887 ], [ 80.934434174975578, 6.345690183867458 ], [ 80.934434174975578, 6.34570815017314 ], [ 80.934474599163366, 6.345788998548711 ], [ 80.934483582316204, 6.345788998548711 ], [ 80.934524006503992, 6.345829422736497 ], [ 80.934524006503992, 6.345838405889337 ], [ 80.934564430691779, 6.345878830077123 ], [ 80.934573413844618, 6.345878830077123 ], [ 80.934613838032405, 6.346000102640479 ], [ 80.934613838032405, 6.346027052099002 ], [ 80.934694686407965, 6.346148324662359 ], [ 80.934712652713671, 6.346148324662359 ], [ 80.934793501089231, 6.346188748850144 ], [ 80.934793501089231, 6.346197732002985 ], [ 80.934874349464806, 6.34623815619077 ] ] ] ] } },
{ "type": "Feature", "properties": { "fid": 1514308.0, "DN": 3, "area": 4838 }, "geometry": { "type": "MultiPolygon", "coordinates": [ [ [ [ 80.930072854271188, 6.346417819247595 ], [ 80.930081837424027, 6.346417819247595 ], [ 80.930122261611814, 6.346377395059809 ], [ 80.930122261611814, 6.346368411906969 ], [ 80.930162685799587, 6.346327987719183 ], [ 80.930171668952426, 6.346327987719183 ], [ 80.930212093140213, 6.346287563531398 ], [ 80.930212093140213, 6.346278580378556 ], [ 80.930252517328, 6.34623815619077 ], [ 80.930261500480839, 6.34623815619077 ], [ 80.930301924668626, 6.346036035251844 ], [ 80.930301924668626, 6.345991119487637 ], [ 80.930261500480839, 6.345788998548711 ], [ 80.930252517328, 6.345788998548711 ], [ 80.930212093140213, 6.34570815017314 ], [ 80.930212093140213, 6.345690183867458 ], [ 80.930171668952426, 6.345609335491887 ], [ 80.930162685799587, 6.345609335491887 ], [ 80.930122261611814, 6.345568911304102 ], [ 80.930122261611814, 6.34555992815126 ], [ 80.930081837424027, 6.345519503963475 ], [ 80.930072854271188, 6.345519503963475 ], [ 80.930032430083401, 6.345479079775689 ], [ 80.930032430083401, 6.345470096622849 ], [ 80.929992005895627, 6.345429672435063 ], [ 80.929983022742761, 6.345429672435063 ], [ 80.929942598554987, 6.345510520810635 ], [ 80.929942598554987, 6.345528487116317 ], [ 80.929861750179413, 6.345609335491887 ], [ 80.929843783873736, 6.345609335491887 ], [ 80.929762935498161, 6.345771032243029 ], [ 80.929762935498161, 6.345806964854393 ], [ 80.929722511310374, 6.345968661605535 ], [ 80.929713528157535, 6.345968661605535 ], [ 80.929673103969748, 6.346049509981105 ], [ 80.929673103969748, 6.346067476286787 ], [ 80.929753952345322, 6.346148324662359 ], [ 80.929771918650999, 6.346148324662359 ], [ 80.929852767026574, 6.34622917303793 ], [ 80.929852767026574, 6.346247139343612 ], [ 80.929933615402149, 6.346327987719183 ], [ 80.929951581707826, 6.346327987719183 ], [ 80.930032430083401, 6.346368411906969 ], [ 80.930032430083401, 6.346377395059809 ], [ 80.930072854271188, 6.346417819247595 ] ] ] ] } },
{ "type": "Feature", "properties": { "fid": 1514600.0, "DN": 3, "area": 5826 }, "geometry": { "type": "MultiPolygon", "coordinates": [ [ [ [ 80.931460751385146, 6.3456991670203 ], [ 80.931478717690823, 6.3456991670203 ], [ 80.931559566066397, 6.345335349330231 ], [ 80.931559566066397, 6.34525450095466 ], [ 80.931357445127475, 6.344890683264591 ], [ 80.931312529363268, 6.344890683264591 ], [ 80.931110408424345, 6.344971531640162 ], [ 80.931110408424345, 6.344989497945845 ], [ 80.931029560048785, 6.345070346321416 ], [ 80.931011593743079, 6.345070346321416 ], [ 80.930930745367519, 6.345110770509201 ], [ 80.930930745367519, 6.345119753662042 ], [ 80.930890321179731, 6.345160177849827 ], [ 80.930881338026893, 6.345160177849827 ], [ 80.930840913839106, 6.345200602037613 ], [ 80.930840913839106, 6.345209585190453 ], [ 80.930800489651318, 6.345250009378239 ], [ 80.93079150649848, 6.345250009378239 ], [ 80.930751082310692, 6.345290433566024 ], [ 80.930751082310692, 6.345299416718866 ], [ 80.93079150649848, 6.345339840906652 ], [ 80.930800489651318, 6.345339840906652 ], [ 80.930840913839106, 6.345420689282222 ], [ 80.930840913839106, 6.345438655587905 ], [ 80.930881338026893, 6.345519503963475 ], [ 80.930890321179731, 6.345519503963475 ], [ 80.930930745367519, 6.34555992815126 ], [ 80.930930745367519, 6.345568911304102 ], [ 80.931132866306442, 6.345609335491887 ], [ 80.931177782070648, 6.345609335491887 ], [ 80.931379903009571, 6.345649759679673 ], [ 80.931379903009571, 6.345658742832514 ], [ 80.931460751385146, 6.3456991670203 ] ] ] ] } },
{ "type": "Feature", "properties": { "fid": 1515046.0, "DN": 3, "area": 3258 }, "geometry": { "type": "MultiPolygon", "coordinates": [ [ [ [ 80.931999740555625, 6.344531357150943 ], [ 80.932017706861302, 6.344531357150943 ], [ 80.932098555236877, 6.344450508775372 ], [ 80.932098555236877, 6.34443254246969 ], [ 80.932017706861302, 6.34435169409412 ], [ 80.931999740555625, 6.34435169409412 ], [ 80.93191889218005, 6.344311269906334 ], [ 80.93191889218005, 6.344302286753493 ], [ 80.931878467992277, 6.344261862565707 ], [ 80.93186948483941, 6.344261862565707 ], [ 80.931829060651637, 6.344221438377922 ], [ 80.931829060651637, 6.344212455225081 ], [ 80.93178863646385, 6.344172031037296 ], [ 80.931779653311011, 6.344172031037296 ], [ 80.931739229123224, 6.34413160684951 ], [ 80.931739229123224, 6.34412262369667 ], [ 80.931698804935436, 6.344082199508884 ], [ 80.931689821782598, 6.344082199508884 ], [ 80.931649397594811, 6.344041775321099 ], [ 80.931649397594811, 6.344032792168258 ], [ 80.931528125031463, 6.343992367980472 ], [ 80.931501175572919, 6.343992367980472 ], [ 80.931379903009571, 6.344032792168258 ], [ 80.931379903009571, 6.344041775321099 ], [ 80.931339478821783, 6.344082199508884 ], [ 80.931330495668945, 6.344082199508884 ], [ 80.931290071481158, 6.34412262369667 ], [ 80.931290071481158, 6.34413160684951 ], [ 80.931411344044506, 6.344172031037296 ], [ 80.931438293503049, 6.344172031037296 ], [ 80.931559566066397, 6.344212455225081 ], [ 80.931559566066397, 6.344221438377922 ], [ 80.93151914187861, 6.344261862565707 ], [ 80.931510158725771, 6.344261862565707 ], [ 80.931469734537984, 6.344302286753493 ], [ 80.931469734537984, 6.344311269906334 ], [ 80.931550582913559, 6.34435169409412 ], [ 80.931568549219236, 6.34435169409412 ], [ 80.931649397594811, 6.344392118281905 ], [ 80.931649397594811, 6.344401101434746 ], [ 80.931608973407023, 6.344441525622532 ], [ 80.931599990254185, 6.344441525622532 ], [ 80.931559566066397, 6.344481949810318 ], [ 80.931559566066397, 6.344490932963158 ], [ 80.931599990254185, 6.344531357150943 ], [ 80.931608973407023, 6.344531357150943 ], [ 80.931649397594811, 6.344571781338729 ], [ 80.931649397594811, 6.34458076449157 ], [ 80.931608973407023, 6.344621188679356 ], [ 80.931599990254185, 6.344621188679356 ], [ 80.931559566066397, 6.344661612867141 ], [ 80.931559566066397, 6.344670596019983 ], [ 80.931721262817547, 6.344711020207768 ], [ 80.931757195428901, 6.344711020207768 ], [ 80.93191889218005, 6.344630171832197 ], [ 80.93191889218005, 6.344612205526515 ], [ 80.931999740555625, 6.344531357150943 ] ], [ [ 80.931739229123224, 6.344302286753493 ], [ 80.931739229123224, 6.344311269906334 ], [ 80.931698804935436, 6.34435169409412 ], [ 80.931689821782598, 6.34435169409412 ], [ 80.931649397594811, 6.344311269906334 ], [ 80.931649397594811, 6.344302286753493 ], [ 80.931689821782598, 6.344261862565707 ], [ 80.931698804935436, 6.344261862565707 ], [ 80.931739229123224, 6.344302286753493 ] ] ] ] } },
{ "type": "Feature", "properties": { "fid": 1515758.0, "DN": 3, "area": 11750 }, "geometry": { "type": "MultiPolygon", "coordinates": [ [ [ [ 80.932179403612452, 6.34435169409412 ], [ 80.932197369918129, 6.34435169409412 ], [ 80.932278218293689, 6.344230421530764 ], [ 80.932278218293689, 6.34420347207224 ], [ 80.932399490857051, 6.344082199508884 ], [ 80.932426440315567, 6.344082199508884 ], [ 80.932547712878929, 6.344041775321099 ], [ 80.932547712878929, 6.344032792168258 ], [ 80.932426440315567, 6.343992367980472 ], [ 80.932399490857051, 6.343992367980472 ], [ 80.932278218293689, 6.34383067122933 ], [ 80.932278218293689, 6.343794738617966 ], [ 80.932318642481476, 6.343633041866824 ], [ 80.932327625634315, 6.343633041866824 ], [ 80.932368049822102, 6.34367346605461 ], [ 80.932368049822102, 6.343682449207451 ], [ 80.93240847400989, 6.343722873395237 ], [ 80.932417457162728, 6.343722873395237 ], [ 80.932457881350516, 6.34352075245631 ], [ 80.932457881350516, 6.343475836692103 ], [ 80.93253872972609, 6.343273715753176 ], [ 80.932556696031767, 6.343273715753176 ], [ 80.932637544407342, 6.343314139940961 ], [ 80.932637544407342, 6.343323123093803 ], [ 80.932677968595129, 6.343363547281588 ], [ 80.932686951747968, 6.343363547281588 ], [ 80.932727375935755, 6.343403971469374 ], [ 80.932727375935755, 6.343412954622215 ], [ 80.932767800123543, 6.34345337881 ], [ 80.932776783276381, 6.34345337881 ], [ 80.932817207464169, 6.343372530434429 ], [ 80.932817207464169, 6.343354564128747 ], [ 80.932898055839729, 6.343273715753176 ], [ 80.932916022145434, 6.343273715753176 ], [ 80.932996870520995, 6.343031170626464 ], [ 80.932996870520995, 6.342977271709417 ], [ 80.932916022145434, 6.342734726582705 ], [ 80.932898055839729, 6.342734726582705 ], [ 80.932817207464169, 6.342573029831563 ], [ 80.932817207464169, 6.342537097220198 ], [ 80.932776783276381, 6.342375400469057 ], [ 80.932767800123543, 6.342375400469057 ], [ 80.932727375935755, 6.342456248844627 ], [ 80.932727375935755, 6.342474215150309 ], [ 80.932686951747968, 6.34255506352588 ], [ 80.932677968595129, 6.34255506352588 ], [ 80.932637544407342, 6.342474215150309 ], [ 80.932637544407342, 6.342456248844627 ], [ 80.932597120219555, 6.342375400469057 ], [ 80.932588137066716, 6.342375400469057 ], [ 80.932547712878929, 6.342415824656842 ], [ 80.932547712878929, 6.342424807809683 ], [ 80.932507288691141, 6.342465231997469 ], [ 80.932498305538303, 6.342465231997469 ], [ 80.932457881350516, 6.342748201311966 ], [ 80.932457881350516, 6.342811083381855 ], [ 80.932255760411593, 6.343094052696353 ], [ 80.932210844647386, 6.343094052696353 ], [ 80.932008723708464, 6.343134476884138 ], [ 80.932008723708464, 6.343143460036979 ], [ 80.931968299520676, 6.343183884224764 ], [ 80.931959316367838, 6.343183884224764 ], [ 80.93191889218005, 6.34322430841255 ], [ 80.93191889218005, 6.34323329156539 ], [ 80.931797619616702, 6.343273715753176 ], [ 80.931770670158159, 6.343273715753176 ], [ 80.931649397594811, 6.343354564128747 ], [ 80.931649397594811, 6.343372530434429 ], [ 80.931689821782598, 6.34345337881 ], [ 80.931698804935436, 6.34345337881 ], [ 80.931739229123224, 6.343534227185571 ], [ 80.931739229123224, 6.343552193491254 ], [ 80.931820077498799, 6.343633041866824 ], [ 80.931838043804476, 6.343633041866824 ], [ 80.93191889218005, 6.343713890242395 ], [ 80.93191889218005, 6.343731856548077 ], [ 80.931999740555625, 6.343812704923648 ], [ 80.932017706861302, 6.343812704923648 ], [ 80.932098555236877, 6.343853129111434 ], [ 80.932098555236877, 6.343862112264274 ], [ 80.93213897942465, 6.34390253645206 ], [ 80.932147962577488, 6.34390253645206 ], [ 80.932188386765276, 6.343983384827631 ], [ 80.932188386765276, 6.344001351133313 ], [ 80.932147962577488, 6.344082199508884 ], [ 80.93213897942465, 6.344082199508884 ], [ 80.932098555236877, 6.34420347207224 ], [ 80.932098555236877, 6.344230421530764 ], [ 80.932179403612452, 6.34435169409412 ] ] ] ] } },
{ "type": "Feature", "properties": { "fid": 1516109.0, "DN": 3, "area": 8097 }, "geometry": { "type": "MultiPolygon", "coordinates": [ [ [ [ 80.937551329011484, 6.34255506352588 ], [ 80.937605227928515, 6.34255506352588 ], [ 80.937847773055239, 6.342474215150309 ], [ 80.937847773055239, 6.342456248844627 ], [ 80.937888197243026, 6.342375400469057 ], [ 80.937897180395865, 6.342375400469057 ], [ 80.937937604583652, 6.342294552093486 ], [ 80.937937604583652, 6.342276585787804 ], [ 80.937897180395865, 6.342195737412233 ], [ 80.937888197243026, 6.342195737412233 ], [ 80.937847773055239, 6.342114889036662 ], [ 80.937847773055239, 6.342096922730979 ], [ 80.937807348867452, 6.342016074355409 ], [ 80.937798365714613, 6.342016074355409 ], [ 80.937757941526826, 6.341935225979839 ], [ 80.937757941526826, 6.341917259674156 ], [ 80.937717517339038, 6.341836411298585 ], [ 80.9377085341862, 6.341836411298585 ], [ 80.937668109998413, 6.3417959871108 ], [ 80.937668109998413, 6.341787003957959 ], [ 80.937748958373987, 6.341746579770174 ], [ 80.937766924679664, 6.341746579770174 ], [ 80.937847773055239, 6.341706155582388 ], [ 80.937847773055239, 6.341697172429547 ], [ 80.93752437955294, 6.341656748241761 ], [ 80.937452514330232, 6.341656748241761 ], [ 80.937129120827933, 6.341697172429547 ], [ 80.937129120827933, 6.341706155582388 ], [ 80.93716954501572, 6.341746579770174 ], [ 80.937178528168559, 6.341746579770174 ], [ 80.937218952356346, 6.341787003957959 ], [ 80.937218952356346, 6.3417959871108 ], [ 80.937178528168559, 6.341836411298585 ], [ 80.93716954501572, 6.341836411298585 ], [ 80.937129120827933, 6.341876835486371 ], [ 80.937129120827933, 6.341885818639211 ], [ 80.93708869664016, 6.341926242826997 ], [ 80.937079713487307, 6.341926242826997 ], [ 80.937039289299534, 6.341966667014782 ], [ 80.937039289299534, 6.341975650167624 ], [ 80.936998865111747, 6.342016074355409 ], [ 80.936989881958908, 6.342016074355409 ], [ 80.936949457771121, 6.342177771106551 ], [ 80.936949457771121, 6.342213703717915 ], [ 80.937111154522256, 6.342375400469057 ], [ 80.937147087133624, 6.342375400469057 ], [ 80.93730878388476, 6.342456248844627 ], [ 80.93730878388476, 6.342474215150309 ], [ 80.937551329011484, 6.34255506352588 ] ] ] ] } },
{ "type": "Feature", "properties": { "fid": 1516642.0, "DN": 3, "area": 3851 }, "geometry": { "type": "MultiPolygon", "coordinates": [ [ [ [ 80.939635420470637, 6.341566916713349 ], [ 80.939653386776314, 6.341566916713349 ], [ 80.939734235151889, 6.341526492525563 ], [ 80.939734235151889, 6.341517509372723 ], [ 80.939815083527463, 6.341477085184938 ], [ 80.93983304983314, 6.341477085184938 ], [ 80.939913898208715, 6.341396236809366 ], [ 80.939913898208715, 6.341378270503684 ], [ 80.939954322396503, 6.341297422128113 ], [ 80.939963305549341, 6.341297422128113 ], [ 80.940003729737128, 6.341176149564757 ], [ 80.940003729737128, 6.341149200106234 ], [ 80.939922881361554, 6.341027927542878 ], [ 80.939904915055877, 6.341027927542878 ], [ 80.939824066680302, 6.340987503355092 ], [ 80.939824066680302, 6.340978520202251 ], [ 80.939904915055877, 6.340938096014465 ], [ 80.939922881361554, 6.340938096014465 ], [ 80.940003729737128, 6.340857247638895 ], [ 80.940003729737128, 6.340839281333213 ], [ 80.939963305549341, 6.340758432957642 ], [ 80.939954322396503, 6.340758432957642 ], [ 80.939913898208715, 6.340677584582071 ], [ 80.939913898208715, 6.340659618276389 ], [ 80.939873474020942, 6.340578769900818 ], [ 80.939864490868075, 6.340578769900818 ], [ 80.939824066680302, 6.340700042464174 ], [ 80.939824066680302, 6.340726991922697 ], [ 80.939783642492515, 6.340848264486054 ], [ 80.939774659339676, 6.340848264486054 ], [ 80.939734235151889, 6.340888688673839 ], [ 80.939734235151889, 6.34089767182668 ], [ 80.939653386776314, 6.340938096014465 ], [ 80.939635420470637, 6.340938096014465 ], [ 80.939554572095062, 6.341018944390036 ], [ 80.939554572095062, 6.341036910695719 ], [ 80.939514147907275, 6.34111775907129 ], [ 80.939505164754436, 6.34111775907129 ], [ 80.939464740566649, 6.341158183259076 ], [ 80.939464740566649, 6.341167166411916 ], [ 80.939424316378876, 6.341207590599701 ], [ 80.939415333226009, 6.341207590599701 ], [ 80.939374909038236, 6.341248014787487 ], [ 80.939374909038236, 6.341256997940327 ], [ 80.939415333226009, 6.341297422128113 ], [ 80.939424316378876, 6.341297422128113 ], [ 80.939464740566649, 6.341337846315898 ], [ 80.939464740566649, 6.34134682946874 ], [ 80.939505164754436, 6.341387253656525 ], [ 80.939514147907275, 6.341387253656525 ], [ 80.939554572095062, 6.341468102032096 ], [ 80.939554572095062, 6.341486068337778 ], [ 80.939635420470637, 6.341566916713349 ] ] ] ] } },
{ "type": "Feature", "properties": { "fid": 1517093.0, "DN": 3, "area": 5332 }, "geometry": { "type": "MultiPolygon", "coordinates": [ [ [ [ 80.93213897942465, 6.34021944378717 ], [ 80.932147962577488, 6.34021944378717 ], [ 80.932188386765276, 6.340179019599384 ], [ 80.932188386765276, 6.340170036446544 ], [ 80.932228810953063, 6.340129612258758 ], [ 80.932237794105902, 6.340129612258758 ], [ 80.932278218293689, 6.340089188070973 ], [ 80.932278218293689, 6.340080204918132 ], [ 80.932520763420399, 6.340039780730346 ], [ 80.932574662337458, 6.340039780730346 ], [ 80.932817207464169, 6.339878083979205 ], [ 80.932817207464169, 6.33984215136784 ], [ 80.932857631651956, 6.339680454616698 ], [ 80.932866614804794, 6.339680454616698 ], [ 80.932907038992582, 6.339761302992269 ], [ 80.932907038992582, 6.339779269297951 ], [ 80.932947463180369, 6.339860117673522 ], [ 80.932956446333208, 6.339860117673522 ], [ 80.932996870520995, 6.339698420922381 ], [ 80.932996870520995, 6.339662488311016 ], [ 80.932956446333208, 6.339500791559875 ], [ 80.932947463180369, 6.339500791559875 ], [ 80.932907038992582, 6.33954121574766 ], [ 80.932907038992582, 6.339550198900501 ], [ 80.932866614804794, 6.339590623088286 ], [ 80.932857631651956, 6.339590623088286 ], [ 80.932817207464169, 6.339550198900501 ], [ 80.932817207464169, 6.33954121574766 ], [ 80.932776783276381, 6.339500791559875 ], [ 80.932767800123543, 6.339500791559875 ], [ 80.932727375935755, 6.339581639935446 ], [ 80.932727375935755, 6.339599606241128 ], [ 80.932686951747968, 6.339680454616698 ], [ 80.932677968595129, 6.339680454616698 ], [ 80.932637544407342, 6.339640030428913 ], [ 80.932637544407342, 6.339631047276072 ], [ 80.932556696031767, 6.339590623088286 ], [ 80.93253872972609, 6.339590623088286 ], [ 80.932457881350516, 6.339550198900501 ], [ 80.932457881350516, 6.33954121574766 ], [ 80.93229618459938, 6.339500791559875 ], [ 80.932260251988012, 6.339500791559875 ], [ 80.932098555236877, 6.339662488311016 ], [ 80.932098555236877, 6.339698420922381 ], [ 80.932058131049089, 6.339860117673522 ], [ 80.932049147896251, 6.339860117673522 ], [ 80.932008723708464, 6.339940966049094 ], [ 80.932008723708464, 6.339958932354776 ], [ 80.932049147896251, 6.340039780730346 ], [ 80.932058131049089, 6.340039780730346 ], [ 80.932098555236877, 6.340120629105916 ], [ 80.932098555236877, 6.340138595411599 ], [ 80.93213897942465, 6.34021944378717 ] ] ] ] } },
{ "type": "Feature", "properties": { "fid": 1518112.0, "DN": 3, "area": 3160 }, "geometry": { "type": "MultiPolygon", "coordinates": [ [ [ [ 80.933306789293994, 6.338153318633696 ], [ 80.933315772446861, 6.338153318633696 ], [ 80.933356196634634, 6.338072470258124 ], [ 80.933356196634634, 6.338054503952442 ], [ 80.933437045010209, 6.337973655576871 ], [ 80.933455011315885, 6.337973655576871 ], [ 80.93353585969146, 6.337933231389085 ], [ 80.93353585969146, 6.337924248236245 ], [ 80.933576283879248, 6.337883824048459 ], [ 80.933585267032086, 6.337883824048459 ], [ 80.933625691219873, 6.337843399860674 ], [ 80.933625691219873, 6.337834416707834 ], [ 80.933666115407661, 6.337793992520048 ], [ 80.933675098560499, 6.337793992520048 ], [ 80.933715522748287, 6.337753568332262 ], [ 80.933715522748287, 6.33774458517942 ], [ 80.933675098560499, 6.337704160991635 ], [ 80.933666115407661, 6.337704160991635 ], [ 80.933625691219873, 6.337582888428279 ], [ 80.933625691219873, 6.337555938969755 ], [ 80.933504418656511, 6.337434666406399 ], [ 80.933477469197996, 6.337434666406399 ], [ 80.933356196634634, 6.337475090594185 ], [ 80.933356196634634, 6.337484073747026 ], [ 80.933437045010209, 6.337524497934812 ], [ 80.933455011315885, 6.337524497934812 ], [ 80.93353585969146, 6.337564922122597 ], [ 80.93353585969146, 6.337573905275438 ], [ 80.933495435503673, 6.337614329463223 ], [ 80.933486452350834, 6.337614329463223 ], [ 80.933446028163047, 6.337654753651009 ], [ 80.933446028163047, 6.337663736803849 ], [ 80.93340560397526, 6.337704160991635 ], [ 80.933396620822421, 6.337704160991635 ], [ 80.933356196634634, 6.337663736803849 ], [ 80.933356196634634, 6.337654753651009 ], [ 80.933275348259059, 6.337614329463223 ], [ 80.933257381953382, 6.337614329463223 ], [ 80.933176533577807, 6.337654753651009 ], [ 80.933176533577807, 6.337663736803849 ], [ 80.933095685202233, 6.337704160991635 ], [ 80.933077718896556, 6.337704160991635 ], [ 80.932996870520995, 6.337785009367206 ], [ 80.932996870520995, 6.337802975672888 ], [ 80.933037294708782, 6.337883824048459 ], [ 80.933046277861621, 6.337883824048459 ], [ 80.933086702049408, 6.337924248236245 ], [ 80.933086702049408, 6.337933231389085 ], [ 80.933046277861621, 6.337973655576871 ], [ 80.933037294708782, 6.337973655576871 ], [ 80.932996870520995, 6.338014079764656 ], [ 80.932996870520995, 6.338023062917498 ], [ 80.933077718896556, 6.338063487105283 ], [ 80.933095685202233, 6.338063487105283 ], [ 80.933176533577807, 6.338023062917498 ], [ 80.933176533577807, 6.338014079764656 ], [ 80.933216957765595, 6.337973655576871 ], [ 80.933225940918433, 6.337973655576871 ], [ 80.933266365106221, 6.338054503952442 ], [ 80.933266365106221, 6.338072470258124 ], [ 80.933306789293994, 6.338153318633696 ] ] ] ] } },
{ "type": "Feature", "properties": { "fid": 1518202.0, "DN": 3, "area": 3752 }, "geometry": { "type": "MultiPolygon", "coordinates": [ [ [ [ 80.933616708067035, 6.338153318633696 ], [ 80.933634674372712, 6.338153318633696 ], [ 80.933715522748287, 6.338072470258124 ], [ 80.933715522748287, 6.338054503952442 ], [ 80.933836795311635, 6.337973655576871 ], [ 80.933863744770179, 6.337973655576871 ], [ 80.933985017333526, 6.337933231389085 ], [ 80.933985017333526, 6.337924248236245 ], [ 80.934065865709101, 6.337883824048459 ], [ 80.934083832014778, 6.337883824048459 ], [ 80.934164680390339, 6.337843399860674 ], [ 80.934164680390339, 6.337834416707834 ], [ 80.934205104578126, 6.337793992520048 ], [ 80.934214087730965, 6.337793992520048 ], [ 80.934254511918752, 6.337874840895618 ], [ 80.934254511918752, 6.337892807201301 ], [ 80.934335360294313, 6.337973655576871 ], [ 80.934353326600018, 6.337973655576871 ], [ 80.934434174975578, 6.337852383013514 ], [ 80.934434174975578, 6.337825433554992 ], [ 80.934393750787791, 6.337704160991635 ], [ 80.934384767634953, 6.337704160991635 ], [ 80.934344343447165, 6.337663736803849 ], [ 80.934344343447165, 6.337654753651009 ], [ 80.934384767634953, 6.337614329463223 ], [ 80.934393750787791, 6.337614329463223 ], [ 80.934434174975578, 6.337573905275438 ], [ 80.934434174975578, 6.337564922122597 ], [ 80.934393750787791, 6.337524497934812 ], [ 80.934384767634953, 6.337524497934812 ], [ 80.934344343447165, 6.337484073747026 ], [ 80.934344343447165, 6.337475090594185 ], [ 80.934303919259378, 6.337434666406399 ], [ 80.934294936106539, 6.337434666406399 ], [ 80.934254511918752, 6.337313393843043 ], [ 80.934254511918752, 6.33728644438452 ], [ 80.934214087730965, 6.337165171821164 ], [ 80.934205104578126, 6.337165171821164 ], [ 80.934164680390339, 6.337246020196734 ], [ 80.934164680390339, 6.337263986502417 ], [ 80.934124256202551, 6.337344834877987 ], [ 80.934115273049713, 6.337344834877987 ], [ 80.93407484886194, 6.337466107441344 ], [ 80.93407484886194, 6.337493056899866 ], [ 80.934034424674152, 6.337614329463223 ], [ 80.934025441521314, 6.337614329463223 ], [ 80.933985017333526, 6.337654753651009 ], [ 80.933985017333526, 6.337663736803849 ], [ 80.933904168957952, 6.337704160991635 ], [ 80.933886202652275, 6.337704160991635 ], [ 80.9338053542767, 6.33774458517942 ], [ 80.9338053542767, 6.337753568332262 ], [ 80.933764930088927, 6.337793992520048 ], [ 80.93375594693606, 6.337793992520048 ], [ 80.933715522748287, 6.337834416707834 ], [ 80.933715522748287, 6.337843399860674 ], [ 80.933675098560499, 6.337883824048459 ], [ 80.933666115407661, 6.337883824048459 ], [ 80.933625691219873, 6.337964672424031 ], [ 80.933625691219873, 6.337982638729713 ], [ 80.933585267032086, 6.338063487105283 ], [ 80.933576283879248, 6.338063487105283 ], [ 80.93353585969146, 6.338103911293069 ], [ 80.93353585969146, 6.33811289444591 ], [ 80.933616708067035, 6.338153318633696 ] ] ] ] } }
]
}
