{
"type": "FeatureCollection",
"name": "coral_areas",
"crs": { "type": "name", "properties": { "name": "urn:ogc:def:crs:OGC:1.3:CRS84" } },
"xy_coordinate_resolution": 1e-15,
"features": [
{ "type": "Feature", "properties": { "fid": 1.0, "class": "Reef", "OLD_FID": null, "LAYER_NAME": null, "METADATA_I": null, "ORIG_NAME": null, "FAMILY": null, "GENUS": null, "SPECIES": null, "DATA_TYPE": null, "START_DATE": null, "END_DATE": null, "DATE_TYPE": null, "VERIF": null, "NAME": null, "LOC_DEF": null, "SURVEY_MET": null, "GIS_AREA_K": null, "Shape_Leng": null, "Shape_Area": null, "REP_AREA_K": null, "layer": "Allan_Reefs copy", "path": "C:/Users/L.Rathnayaka/OneDrive - CGIAR/Lakshitha/NWI 2026/Coral_Reefs/WCM/Allan_Reefs.shp", "Area": 940 }, "geometry": { "type": "MultiPolygon", "coordinates": [ [ [ [ 79.672889685, 7.954851335 ], [ 79.672926246, 7.955209098 ], [ 79.672684626, 7.955414424 ], [ 79.67262019, 7.955569988 ], [ 79.67262019, 7.955839482 ], [ 79.672799853, 7.956095396 ], [ 79.672799853, 7.956378471 ], [ 79.67286429, 7.956534035 ], [ 79.673123265, 7.956598471 ], [ 79.673249011, 7.956814048 ], [ 79.673249011, 7.957276787 ], [ 79.673394656, 7.957681029 ], [ 79.673350657, 7.957787253 ], [ 79.673223616, 7.957839875 ], [ 79.673159179, 7.957995439 ], [ 79.673159179, 7.958354765 ], [ 79.673428674, 7.958970005 ], [ 79.673428674, 7.95925308 ], [ 79.673518505, 7.959522575 ], [ 79.673672773, 7.959857801 ], [ 79.673788, 7.959958152 ], [ 79.673788, 7.960241227 ], [ 79.674032099, 7.960845948 ], [ 79.674338803, 7.960988402 ], [ 79.67445403, 7.961229374 ], [ 79.674416821, 7.962197685 ], [ 79.674187663, 7.962177184 ], [ 79.674032099, 7.96224162 ], [ 79.673967663, 7.962576847 ], [ 79.674032099, 7.96273241 ], [ 79.674187663, 7.962796847 ], [ 79.674416821, 7.962739136 ], [ 79.674416821, 7.962936173 ], [ 79.674511454, 7.963127428 ], [ 79.674416821, 7.963295499 ], [ 79.674416821, 7.963564994 ], [ 79.674481257, 7.963720557 ], [ 79.674726652, 7.963874825 ], [ 79.674972518, 7.963874825 ], [ 79.675289741, 7.964259546 ], [ 79.676225266, 7.964761326 ], [ 79.676242356301557, 7.964808899022819 ], [ 79.676197591245923, 7.964808756119261 ], [ 79.676187132130508, 7.968064286637603 ], [ 79.676459272377585, 7.96806515538268 ], [ 79.676455785706025, 7.969150332222147 ], [ 79.676727926852365, 7.969151200967223 ], [ 79.676723568737785, 7.970507671791699 ], [ 79.676995709884181, 7.970508541436096 ], [ 79.676993095554963, 7.971322423391233 ], [ 79.677265237600693, 7.97132329213631 ], [ 79.677262623271531, 7.972137174990712 ], [ 79.67753476621651, 7.972138043735788 ], [ 79.677532151887362, 7.972951925690928 ], [ 79.677804295731733, 7.972952794436003 ], [ 79.677803424288641, 7.973224089320332 ], [ 79.678075568132996, 7.973224957166143 ], [ 79.678073825246884, 7.97376754603548 ], [ 79.678345969990573, 7.973768414780612 ], [ 79.678344228003766, 7.974311002750687 ], [ 79.678549071, 7.974311655979223 ], [ 79.678549071, 7.974344777 ], [ 79.678613507, 7.974500341 ], [ 79.678615759844433, 7.974502593844433 ], [ 79.678615501304421, 7.974583164581452 ], [ 79.678696589432363, 7.974583423432369 ], [ 79.67879317, 7.974680004 ], [ 79.678887193533924, 7.974724908604232 ], [ 79.678886774605019, 7.974855328210912 ], [ 79.679075959195984, 7.97485593150201 ], [ 79.679158520971441, 7.97498056154288 ], [ 79.679157178261221, 7.975398784926063 ], [ 79.679180334042897, 7.975398858767579 ], [ 79.679177892, 7.975422755 ], [ 79.67933216, 7.975847814 ], [ 79.679601654, 7.976296971 ], [ 79.679839499, 7.976410902 ], [ 79.679716881, 7.976590565 ], [ 79.679781317, 7.976925792 ], [ 79.679936881, 7.976990228 ], [ 79.680206375, 7.976990228 ], [ 79.680361939, 7.976925792 ], [ 79.680426375, 7.976770228 ], [ 79.680402295760757, 7.976487942894119 ], [ 79.680514426099919, 7.976488300095049 ], [ 79.680513555556217, 7.976759594080115 ], [ 79.680785702098547, 7.97676046192587 ], [ 79.68078483155476, 7.977031755910881 ], [ 79.681056978996409, 7.977032622857315 ], [ 79.681056577583277, 7.977157847986702 ], [ 79.680848777, 7.977268881 ], [ 79.68047587, 7.977268881 ], [ 79.680230475, 7.977423149 ], [ 79.680076207, 7.977758375 ], [ 79.680076207, 7.977938038 ], [ 79.680230475, 7.978183433 ], [ 79.680399619, 7.97824787 ], [ 79.680565701, 7.978337701 ], [ 79.680725529, 7.978337701 ], [ 79.680615196, 7.978566859 ], [ 79.680615196, 7.978836354 ], [ 79.680760842, 7.979150764 ], [ 79.680320306, 7.979309611 ], [ 79.680166038, 7.979555006 ], [ 79.680166038, 7.9798245 ], [ 79.680230475, 7.979980064 ], [ 79.680435533, 7.980197407 ], [ 79.68025587, 7.980543153 ], [ 79.68025587, 7.980736396 ], [ 79.680076207, 7.98099231 ], [ 79.680076207, 7.981351636 ], [ 79.680230475, 7.981776694 ], [ 79.680589801, 7.982046189 ], [ 79.680925028, 7.982200457 ], [ 79.681284354, 7.982200457 ], [ 79.681809762, 7.981841131 ], [ 79.682003006, 7.981841131 ], [ 79.682338232, 7.981686863 ], [ 79.682517895, 7.9815072 ], [ 79.682582332, 7.981154599 ], [ 79.682809278, 7.981264016 ], [ 79.682925421, 7.9815072 ], [ 79.683080984, 7.981571636 ], [ 79.683350479, 7.981571636 ], [ 79.683506042, 7.9815072 ], [ 79.683570479, 7.981351636 ], [ 79.683570479, 7.981015939 ], [ 79.683696224, 7.980942816 ], [ 79.683979299, 7.980942816 ], [ 79.684314526, 7.980788548 ], [ 79.6845205, 7.980455533 ], [ 79.68512301, 7.980069895 ], [ 79.685277278, 7.979644837 ], [ 79.685277278, 7.979016017 ], [ 79.685187446, 7.978849934 ], [ 79.685187446, 7.97865669 ], [ 79.685033178, 7.978411295 ], [ 79.684591431022568, 7.978124800221672 ], [ 79.684596620637592, 7.976501287204748 ], [ 79.684324474095263, 7.976500422056892 ], [ 79.684327943679705, 7.975415243418843 ], [ 79.684055797137361, 7.975414378271046 ], [ 79.684061002413387, 7.973786608964905 ], [ 79.684333146257757, 7.973787473213385 ], [ 79.684335747097123, 7.972973587661021 ], [ 79.684607890941493, 7.972974451909499 ], [ 79.684610491780802, 7.972160567256459 ], [ 79.684882634725867, 7.972161432404254 ], [ 79.68488783370664, 7.970533660400213 ], [ 79.684615690761561, 7.970532797051 ], [ 79.684617423755185, 7.969990207282343 ], [ 79.684345281709454, 7.969989343033864 ], [ 79.684346148655891, 7.969718048149479 ], [ 79.68380186456443, 7.969716319652527 ], [ 79.683802732410257, 7.969445024768139 ], [ 79.683258447419462, 7.969443296271185 ], [ 79.683259315265218, 7.969172001386859 ], [ 79.682170748880992, 7.969168541694932 ], [ 79.682171616726805, 7.968897246810548 ], [ 79.681899475580394, 7.968896381662752 ], [ 79.68190034342615, 7.968625086778423 ], [ 79.681628203179116, 7.968624221630623 ], [ 79.681629938870628, 7.968081631861914 ], [ 79.681357798623537, 7.968080766714114 ], [ 79.681358665570016, 7.96780947182973 ], [ 79.681086526222259, 7.967808605782612 ], [ 79.681087394967335, 7.967537310898284 ], [ 79.680815254720287, 7.96753644575043 ], [ 79.680816122566043, 7.967265150866103 ], [ 79.680271843870571, 7.96726341877187 ], [ 79.680272712615647, 7.966992123887485 ], [ 79.679728433020827, 7.966990390893931 ], [ 79.679729301765931, 7.966719096009546 ], [ 79.679457162418146, 7.966718229962432 ], [ 79.679458032062584, 7.966446935078103 ], [ 79.679185892714827, 7.966446068131609 ], [ 79.679186762359294, 7.966174774146602 ], [ 79.678642484563071, 7.96617303935435 ], [ 79.678644223851919, 7.965630449585637 ], [ 79.678372085403439, 7.96562958443784 ], [ 79.678372955047905, 7.965358289553514 ], [ 79.678100816599454, 7.965357421707754 ], [ 79.678101687143226, 7.965086127722691 ], [ 79.67782954869476, 7.965085259876936 ], [ 79.677830419238504, 7.96481396499255 ], [ 79.677558280790095, 7.964813098046112 ], [ 79.67755915133381, 7.964541803161785 ], [ 79.677287013784735, 7.964540935315972 ], [ 79.677287311958992, 7.964448012914376 ], [ 79.677577161, 7.964349378 ], [ 79.677731429, 7.964014151 ], [ 79.677731429, 7.963205668 ], [ 79.677577161, 7.96278061 ], [ 79.677461935, 7.962680259 ], [ 79.677397498, 7.962511115 ], [ 79.677038172, 7.96224162 ], [ 79.676689365, 7.962177184 ], [ 79.67652641, 7.961948026 ], [ 79.676882609, 7.961988363 ], [ 79.677038172, 7.961923927 ], [ 79.677102609, 7.961768363 ], [ 79.677102609, 7.961449374 ], [ 79.677307667, 7.961384937 ], [ 79.677372103, 7.96103613 ], [ 79.677497849, 7.960910385 ], [ 79.677756824, 7.960845948 ], [ 79.677911092, 7.96042089 ], [ 79.677911092, 7.959778489 ], [ 79.678026319, 7.959678138 ], [ 79.678090756, 7.959508994 ], [ 79.678565308, 7.959228981 ], [ 79.678608012, 7.959125884 ], [ 79.678948734, 7.959203586 ], [ 79.679104297, 7.959139149 ], [ 79.679168734, 7.958983586 ], [ 79.679104297, 7.958648359 ], [ 79.678769071, 7.95840426 ], [ 79.678499576, 7.95840426 ], [ 79.678344013, 7.958468696 ], [ 79.678279576, 7.958763586 ], [ 79.678000924, 7.958817503 ], [ 79.678000924, 7.958610679 ], [ 79.678090756, 7.958444597 ], [ 79.678090756, 7.957995439 ], [ 79.678026319, 7.957839875 ], [ 79.67780076, 7.957775439 ], [ 79.677821261, 7.957480079 ], [ 79.678036838, 7.957317124 ], [ 79.678295814, 7.957252687 ], [ 79.67836025, 7.957097124 ], [ 79.678325252, 7.956473642 ], [ 79.678459239, 7.95650864 ], [ 79.678523676, 7.956713698 ], [ 79.678679239, 7.956778135 ], [ 79.678948734, 7.956778135 ], [ 79.679104297, 7.956713698 ], [ 79.679168734, 7.956468303 ], [ 79.679023088, 7.956243724 ], [ 79.679104297, 7.956174709 ], [ 79.679168734, 7.955929314 ], [ 79.679104297, 7.95577375 ], [ 79.678948734, 7.955709314 ], [ 79.678621058, 7.955770623 ], [ 79.678629745, 7.955466576 ], [ 79.678809408, 7.95512083 ], [ 79.678809408, 7.954761504 ], [ 79.678744971, 7.95460594 ], [ 79.678519412, 7.954541504 ], [ 79.678539913, 7.954222515 ], [ 79.678475477, 7.954066951 ], [ 79.677397498, 7.952988973 ], [ 79.676882609, 7.952744873 ], [ 79.67673627, 7.95276828 ], [ 79.676589015, 7.952539815 ], [ 79.676409352, 7.952449984 ], [ 79.676253788, 7.952385547 ], [ 79.675939378, 7.952441361 ], [ 79.675780531, 7.952270321 ], [ 79.675624967, 7.952205884 ], [ 79.675298965, 7.952319122 ], [ 79.675241542, 7.952180489 ], [ 79.675085978, 7.952116053 ], [ 79.673828337, 7.952116053 ], [ 79.673672773, 7.952180489 ], [ 79.673608337, 7.952336053 ], [ 79.673608337, 7.952712753 ], [ 79.673379179, 7.952655042 ], [ 79.673223616, 7.952719478 ], [ 79.673043953, 7.952988973 ], [ 79.672979516, 7.953144536 ], [ 79.673016078, 7.95359213 ], [ 79.672889685, 7.953773357 ], [ 79.672889685, 7.954222515 ], [ 79.673069348, 7.954595421 ], [ 79.672889685, 7.954851335 ] ], [ [ 79.676393114, 7.954492009 ], [ 79.67653876, 7.954716588 ], [ 79.676447032, 7.954810999 ], [ 79.676253788, 7.954721167 ], [ 79.675963321, 7.954729854 ], [ 79.67602463, 7.954384804 ], [ 79.676393114, 7.954492009 ] ], [ [ 79.678099913, 7.956059482 ], [ 79.678099913, 7.956126351 ], [ 79.67805263, 7.956106765 ], [ 79.678033045, 7.956059482 ], [ 79.678099913, 7.956059482 ] ] ], [ [ [ 79.681374185, 7.967028086 ], [ 79.681218622, 7.967092523 ], [ 79.681154185, 7.967248086 ], [ 79.681154185, 7.967517581 ], [ 79.681218622, 7.967673144 ], [ 79.681464017, 7.967737581 ], [ 79.68161958, 7.967673144 ], [ 79.681684017, 7.967517581 ], [ 79.681684017, 7.967248086 ], [ 79.68161958, 7.967092523 ], [ 79.681374185, 7.967028086 ] ] ], [ [ [ 79.683685705, 7.98563945 ], [ 79.683929805, 7.985214392 ], [ 79.683929805, 7.984944897 ], [ 79.683865368, 7.984789334 ], [ 79.683709805, 7.984724897 ], [ 79.683374578, 7.984789334 ], [ 79.683310142, 7.984944897 ], [ 79.683310142, 7.985227973 ], [ 79.68322031, 7.985394055 ], [ 79.683284747, 7.98563945 ], [ 79.68344031, 7.985703887 ], [ 79.683685705, 7.98563945 ] ] ], [ [ [ 79.68469574, 7.999589648 ], [ 79.684877615, 7.999717605 ], [ 79.685236941, 7.999717605 ], [ 79.685392504, 7.999653169 ], [ 79.685456941, 7.999317942 ], [ 79.685033178, 7.998533558 ], [ 79.684864034, 7.998469121 ], [ 79.684763684, 7.998353895 ], [ 79.684518289, 7.998289458 ], [ 79.684272894, 7.998443726 ], [ 79.684208457, 7.99859929 ], [ 79.684208457, 7.998958616 ], [ 79.684362725, 7.999293842 ], [ 79.684489766, 7.999346465 ], [ 79.684542388, 7.999473506 ], [ 79.68469574, 7.999589648 ] ] ], [ [ [ 79.683284747, 8.007468512 ], [ 79.683530142, 8.007532948 ], [ 79.683775537, 8.00737868 ], [ 79.683839973, 8.007223117 ], [ 79.683839973, 8.006773959 ], [ 79.68366031, 8.006428213 ], [ 79.68366031, 8.00623497 ], [ 79.683570479, 8.006068887 ], [ 79.68366031, 8.005336654 ], [ 79.683595874, 8.005181091 ], [ 79.68344031, 8.005116654 ], [ 79.683194915, 8.005181091 ], [ 79.683078773, 8.005334443 ], [ 79.682835589, 8.005450586 ], [ 79.682629615, 8.005873432 ], [ 79.682206768, 8.005989575 ], [ 79.682142332, 8.006145138 ], [ 79.682142332, 8.006414633 ], [ 79.6822966, 8.006660028 ], [ 79.682452163, 8.006724464 ], [ 79.682631827, 8.006724464 ], [ 79.682797909, 8.006634633 ], [ 79.68289911, 8.006686339 ], [ 79.683015252, 8.007019354 ], [ 79.683142293, 8.007071976 ], [ 79.68322031, 8.007209536 ], [ 79.683284747, 8.007468512 ] ] ], [ [ [ 79.684943347, 8.008097332 ], [ 79.685007783, 8.007941769 ], [ 79.685007783, 8.00740278 ], [ 79.684853515, 8.007067553 ], [ 79.684733487, 8.006965214 ], [ 79.684648457, 8.006504464 ], [ 79.684494189, 8.006169238 ], [ 79.684338626, 8.006104801 ], [ 79.684093231, 8.006169238 ], [ 79.684028794, 8.006324801 ], [ 79.684028794, 8.00686379 ], [ 79.684093231, 8.007019354 ], [ 79.684298289, 8.007156914 ], [ 79.684298289, 8.007941769 ], [ 79.684362725, 8.008097332 ], [ 79.684518289, 8.008161769 ], [ 79.684787783, 8.008161769 ], [ 79.684943347, 8.008097332 ] ] ], [ [ [ 79.683284747, 8.008726153 ], [ 79.683438099, 8.008842296 ], [ 79.683759299, 8.009095998 ], [ 79.683759299, 8.009289242 ], [ 79.683938963, 8.009545156 ], [ 79.683938963, 8.009828231 ], [ 79.684093231, 8.010163457 ], [ 79.684248794, 8.010227894 ], [ 79.684563204, 8.01017208 ], [ 79.684722051, 8.010432952 ], [ 79.684877615, 8.010497388 ], [ 79.685147109, 8.010497388 ], [ 79.685302673, 8.010432952 ], [ 79.685418815, 8.010189768 ], [ 79.685661999, 8.010073626 ], [ 79.685726435, 8.009738399 ], [ 79.685482336, 8.009313341 ], [ 79.685367109, 8.009265613 ], [ 79.685456941, 8.008840084 ], [ 79.685302673, 8.008504857 ], [ 79.685147109, 8.008440421 ], [ 79.684877615, 8.008440421 ], [ 79.684722051, 8.008504857 ], [ 79.684516077, 8.008748041 ], [ 79.684430669, 8.008748041 ], [ 79.684314526, 8.008325194 ], [ 79.684109468, 8.008135012 ], [ 79.684045031, 8.007876037 ], [ 79.683799636, 8.007721769 ], [ 79.683619973, 8.007721769 ], [ 79.683374578, 8.007876037 ], [ 79.68322031, 8.008121432 ], [ 79.68322031, 8.008570589 ], [ 79.683284747, 8.008726153 ] ] ], [ [ [ 79.687488798968943, 8.008252307997717 ], [ 79.687760967095016, 8.008253174044834 ], [ 79.687758360859732, 8.009067058697875 ], [ 79.688030528985777, 8.00906792474499 ], [ 79.688028792394903, 8.009610515413025 ], [ 79.688071213, 8.009610650115874 ], [ 79.688071213, 8.00975198 ], [ 79.68789155, 8.010111306 ], [ 79.687828475, 8.01014722 ], [ 79.687662392, 8.010057388 ], [ 79.687303066, 8.010057388 ], [ 79.687047152, 8.010237052 ], [ 79.686698345, 8.010301488 ], [ 79.686544077, 8.010546883 ], [ 79.686544077, 8.010996041 ], [ 79.686698345, 8.011421099 ], [ 79.686788176, 8.01151093 ], [ 79.687352561, 8.011611281 ], [ 79.687352561, 8.011984188 ], [ 79.687416997, 8.012139751 ], [ 79.687572561, 8.012204188 ], [ 79.687907787, 8.012139751 ], [ 79.688177282, 8.011870256 ], [ 79.68833155, 8.01153503 ], [ 79.68833155, 8.011341786 ], [ 79.688349394, 8.011334395 ], [ 79.688340707, 8.011624861 ], [ 79.68852037, 8.011880775 ], [ 79.68852037, 8.012343514 ], [ 79.688584807, 8.012499077 ], [ 79.688789865, 8.012599428 ], [ 79.688969528, 8.012958754 ], [ 79.688969528, 8.013241829 ], [ 79.689033965, 8.013397392 ], [ 79.689376594168223, 8.013691804224512 ], [ 79.689374013599888, 8.01449815086907 ], [ 79.689646187121909, 8.014499016016865 ], [ 79.689645949719051, 8.014573204287657 ], [ 79.689508517, 8.014768965 ], [ 79.689508517, 8.015038459 ], [ 79.689643844063994, 8.015231220393588 ], [ 79.68964184361235, 8.0158563604916 ], [ 79.689598349, 8.015936775 ], [ 79.689598349, 8.016565595 ], [ 79.689662785, 8.016721159 ], [ 79.68993228, 8.017260148 ], [ 79.690085632, 8.017376291 ], [ 79.690291606, 8.017799137 ], [ 79.69053479, 8.018005111 ], [ 79.690650932, 8.018248295 ], [ 79.690986159, 8.018402563 ], [ 79.690994583027106, 8.018402563 ], [ 79.690994038843868, 8.01857276681981 ], [ 79.69126621326518, 8.018573631967607 ], [ 79.691262743680738, 8.019658812404355 ], [ 79.691534919900676, 8.019659676652831 ], [ 79.691534052054919, 8.019930972436539 ], [ 79.691806228274856, 8.019931836685013 ], [ 79.69180796306712, 8.01938924601698 ], [ 79.692080138387709, 8.019390110265457 ], [ 79.692081872280639, 8.018847519597422 ], [ 79.69235404760127, 8.018848383845899 ], [ 79.692354915447027, 8.018577088062251 ], [ 79.692627089868367, 8.018577952310729 ], [ 79.692628822861948, 8.018035361642699 ], [ 79.692900998182552, 8.018036224991857 ], [ 79.692902494065862, 8.017567629319615 ], [ 79.692912958, 8.017540162 ], [ 79.693028184, 8.017439811 ], [ 79.693092621, 8.017284248 ], [ 79.693092621, 8.017222939034026 ], [ 79.69317577074527, 8.017223202788651 ], [ 79.693181832175867, 8.015324135000903 ], [ 79.692909658653875, 8.015323271651747 ], [ 79.692912256795296, 8.014509386099384 ], [ 79.692640083273275, 8.014508522750226 ], [ 79.692642681414668, 8.013694636298489 ], [ 79.692370509691315, 8.013693772949331 ], [ 79.692372241785563, 8.013151183180616 ], [ 79.692100070062224, 8.013150319831462 ], [ 79.692111328674898, 8.009623480039673 ], [ 79.691839159649533, 8.009622616690516 ], [ 79.691842622938736, 8.008537436253768 ], [ 79.691570454812677, 8.008536572904614 ], [ 79.69157305295407, 8.007722685553551 ], [ 79.69130088482801, 8.007721823103715 ], [ 79.6913026169223, 8.007179232435741 ], [ 79.69103044969556, 8.007178369086525 ], [ 79.691032181789808, 8.006635779317872 ], [ 79.690760014563068, 8.006634915069336 ], [ 79.690761747556692, 8.006092325300678 ], [ 79.690489580329952, 8.006091461052145 ], [ 79.690490447276375, 8.005820166167817 ], [ 79.690218280948955, 8.00581930191934 ], [ 79.690220013942579, 8.005276712150625 ], [ 79.68967568128771, 8.005274983653671 ], [ 79.689676548234146, 8.005003688769285 ], [ 79.689132215579306, 8.005001960272331 ], [ 79.689133083425133, 8.004730663589365 ], [ 79.688588752568933, 8.004728935092352 ], [ 79.688589620414689, 8.004457640208024 ], [ 79.688317454087269, 8.004456775959547 ], [ 79.688318321933082, 8.004185480175844 ], [ 79.687773991976201, 8.00418374988025 ], [ 79.687774859821957, 8.003912454995865 ], [ 79.687502695293219, 8.003911589848066 ], [ 79.687503563138989, 8.00364029496374 ], [ 79.687231398610209, 8.003639429815941 ], [ 79.687233135201097, 8.003096840047231 ], [ 79.686960970672317, 8.003095974000113 ], [ 79.686962707263206, 8.002553384231399 ], [ 79.686690543633745, 8.002552518184226 ], [ 79.686693148969709, 8.001738634430501 ], [ 79.686420986239568, 8.001737768383386 ], [ 79.686421854984715, 8.001466472599738 ], [ 79.686226142869387, 8.001465849827603 ], [ 79.686150380884243, 8.001250278628762 ], [ 79.686150560100302, 8.001194312567558 ], [ 79.686130689523125, 8.001194249337601 ], [ 79.686111157, 8.001138672 ], [ 79.685482336, 8.000599683 ], [ 79.685147109, 8.000535246 ], [ 79.684991546, 8.000599683 ], [ 79.684927109, 8.000755246 ], [ 79.684927109, 8.001743393 ], [ 79.684991546, 8.001898957 ], [ 79.685059473499521, 8.001950402273939 ], [ 79.685055820769534, 8.003089908972223 ], [ 79.685327984398995, 8.003090775918658 ], [ 79.685324505821384, 8.004175954556766 ], [ 79.685596671249428, 8.004176822402519 ], [ 79.685594931960622, 8.004719411271914 ], [ 79.685867097388666, 8.004720278218352 ], [ 79.685866227744256, 8.004991573102677 ], [ 79.686138393172357, 8.004992439149852 ], [ 79.686136654782828, 8.00553502891851 ], [ 79.686408820210957, 8.00553589496568 ], [ 79.686407081821415, 8.006078484734395 ], [ 79.686679248148849, 8.006079350781514 ], [ 79.686678379403759, 8.006350645665842 ], [ 79.686950545731179, 8.006351511712955 ], [ 79.68694880824097, 8.006894100582349 ], [ 79.68722097456839, 8.006894968428107 ], [ 79.687219237078182, 8.007437557297498 ], [ 79.687491405204227, 8.007438423344675 ], [ 79.687488798968943, 8.008252307997717 ] ], [ [ 79.688421381, 8.01115833 ], [ 79.688430539, 8.011162123 ], [ 79.688430539, 8.011189284 ], [ 79.688412694, 8.011196676 ], [ 79.688421381, 8.01115833 ] ] ], [ [ [ 79.682555400050177, 8.078291200149993 ], [ 79.684262794672264, 8.078291200149993 ], [ 79.685970189294366, 8.078291200149993 ], [ 79.687250735260932, 8.077650927166708 ], [ 79.688744705555266, 8.076156956872376 ], [ 79.688531281227498, 8.075516683889091 ], [ 79.689598402866309, 8.073382440611475 ], [ 79.688744705555266, 8.069540802711765 ], [ 79.686610462277642, 8.068473681072959 ], [ 79.684903067655554, 8.066979710778627 ], [ 79.686610462277642, 8.063564921534441 ], [ 79.68682388660541, 8.059936707962493 ], [ 79.688531281227498, 8.054601099768453 ], [ 79.690238675849599, 8.047344672624558 ], [ 79.689171554210787, 8.041155367119469 ], [ 79.690025251521831, 8.036460031908714 ], [ 79.694293738077064, 8.032404969681243 ], [ 79.693226616438253, 8.029843877748103 ], [ 79.688744705555266, 8.027709634470487 ], [ 79.6846896433278, 8.029843877748103 ], [ 79.684049370344511, 8.033898939975574 ], [ 79.680634581100321, 8.037740577875283 ], [ 79.678500337822712, 8.042009064430516 ], [ 79.678500337822712, 8.049905764557696 ], [ 79.679567459461509, 8.053960826785167 ], [ 79.678927186478234, 8.057375616029354 ], [ 79.678500337822712, 8.061430678256825 ], [ 79.678927186478234, 8.064205194517726 ], [ 79.677646640511654, 8.067833408089673 ], [ 79.678286913494944, 8.072955591955953 ], [ 79.680848005428089, 8.075730108216854 ], [ 79.682555400050177, 8.078291200149993 ] ] ], [ [ [ 79.690307843, 8.112685331 ], [ 79.690307843, 8.112505668 ], [ 79.690153575, 8.11208061 ], [ 79.689638686, 8.111926342 ], [ 79.689303459, 8.111990778 ], [ 79.689239023, 8.112146342 ], [ 79.689328854, 8.112402256 ], [ 79.689239023, 8.112595499 ], [ 79.689239023, 8.112954825 ], [ 79.689303459, 8.113110389 ], [ 79.689638686, 8.113174825 ], [ 79.689973912, 8.113020557 ], [ 79.690074263, 8.112905331 ], [ 79.690243407, 8.112840894 ], [ 79.690307843, 8.112685331 ] ] ], [ [ [ 79.690243407, 8.113967072 ], [ 79.689818349, 8.113722972 ], [ 79.689483122, 8.113787409 ], [ 79.689239023, 8.114122635 ], [ 79.689239023, 8.11439213 ], [ 79.689303459, 8.114547693 ], [ 79.689548854, 8.114701961 ], [ 79.690243407, 8.114547693 ], [ 79.690307843, 8.11439213 ], [ 79.690307843, 8.114122635 ], [ 79.690243407, 8.113967072 ] ] ], [ [ [ 79.688291213, 8.114971456 ], [ 79.688536608, 8.11490702 ], [ 79.688690876, 8.114661625 ], [ 79.688690876, 8.114212467 ], [ 79.688562919, 8.114030592 ], [ 79.688536608, 8.113967072 ], [ 79.688291213, 8.113902635 ], [ 79.688045818, 8.114056903 ], [ 79.687981381, 8.114212467 ], [ 79.687981381, 8.114661625 ], [ 79.688045818, 8.114817188 ], [ 79.688291213, 8.114971456 ] ] ], [ [ [ 79.692798266, 8.119108285 ], [ 79.692742452, 8.119243032 ], [ 79.692742452, 8.11969219 ], [ 79.692806889, 8.119847754 ], [ 79.692986552, 8.120027417 ], [ 79.693117615615947, 8.120051628713519 ], [ 79.693115883091593, 8.120587342432019 ], [ 79.693388126760681, 8.120588215673694 ], [ 79.693380231612466, 8.123029862438317 ], [ 79.693652477080192, 8.123030735679993 ], [ 79.693649844764593, 8.123844617635074 ], [ 79.69392209113164, 8.123845491776127 ], [ 79.69392033655437, 8.124388079746199 ], [ 79.694192582921389, 8.124388953887195 ], [ 79.694190829243439, 8.124931541857267 ], [ 79.693918581977016, 8.124930667716216 ], [ 79.693914195983425, 8.126287137641373 ], [ 79.694186443249791, 8.126288011782425 ], [ 79.694182934095181, 8.127373188621837 ], [ 79.694455182260924, 8.127374062762884 ], [ 79.6944516731063, 8.128459238702975 ], [ 79.694723922171306, 8.12846011284403 ], [ 79.694722167594009, 8.129002700814105 ], [ 79.694994417558405, 8.129003574955094 ], [ 79.694992663880384, 8.129546162925172 ], [ 79.695264913844753, 8.129547037066221 ], [ 79.695264037005771, 8.129818331051231 ], [ 79.695536286970125, 8.129819204292961 ], [ 79.695535410131143, 8.130090498277969 ], [ 79.69607991095917, 8.130092245660695 ], [ 79.696080786898833, 8.129820951675685 ], [ 79.696353037762549, 8.129821824917361 ], [ 79.696356542420574, 8.128736648077952 ], [ 79.69662879058626, 8.128737520420307 ], [ 79.696630541566336, 8.128194931550969 ], [ 79.696902792429967, 8.128195804792643 ], [ 79.696903666571018, 8.127924510807638 ], [ 79.69717591743472, 8.127925383149988 ], [ 79.69717854255579, 8.127111499396266 ], [ 79.696906294390047, 8.127110627953233 ], [ 79.696908045370037, 8.126568039083839 ], [ 79.696635797204365, 8.126567166741426 ], [ 79.696638424124032, 8.125753283887024 ], [ 79.696366175958289, 8.125752410645351 ], [ 79.696367927837684, 8.125209822675277 ], [ 79.696095680571261, 8.125208949433546 ], [ 79.696097431551266, 8.124666360564207 ], [ 79.696369678817689, 8.124667233805882 ], [ 79.696371429797708, 8.124124644936492 ], [ 79.696643676164797, 8.1241255172789 ], [ 79.696645427144801, 8.123582929308828 ], [ 79.696917672612599, 8.123583800751918 ], [ 79.696922047814326, 8.122227329028123 ], [ 79.696649803245847, 8.122226457585031 ], [ 79.696653303407288, 8.121141279846304 ], [ 79.696381058838824, 8.12114040840321 ], [ 79.696381933879195, 8.1208691144182 ], [ 79.696109690210108, 8.120868241176471 ], [ 79.696114941351539, 8.119240474568345 ], [ 79.695842698581728, 8.119239603125253 ], [ 79.695860199388733, 8.113813716230128 ], [ 79.695587960216258, 8.113812844787036 ], [ 79.69559058443798, 8.112998961932632 ], [ 79.695318346164811, 8.112998089590279 ], [ 79.695320095346176, 8.112455501620206 ], [ 79.695047857073007, 8.112454629277794 ], [ 79.695051357234419, 8.111369452438383 ], [ 79.694779119860527, 8.111368580095972 ], [ 79.694784371001958, 8.10974081438717 ], [ 79.694512135426763, 8.109739942044754 ], [ 79.694513009567814, 8.109468648059748 ], [ 79.69424077309327, 8.109467775717395 ], [ 79.694241648133584, 8.109196480833006 ], [ 79.693424941407955, 8.109193863805887 ], [ 79.693424064569001, 8.109465157790893 ], [ 79.693151828094457, 8.109464285448484 ], [ 79.693150952154781, 8.109735579433549 ], [ 79.692878715680237, 8.109734705292496 ], [ 79.692876962901551, 8.110277294161891 ], [ 79.692604726427021, 8.110276420920158 ], [ 79.692601623068384, 8.11123684634315 ], [ 79.692579027, 8.111182294 ], [ 79.6922438, 8.111117858 ], [ 79.691998405, 8.111272126 ], [ 79.691933969, 8.111427689 ], [ 79.691933969, 8.111787016 ], [ 79.691998405, 8.111942579 ], [ 79.692226869, 8.112089834 ], [ 79.692203463, 8.112249754 ], [ 79.691908574, 8.112350104 ], [ 79.691844137, 8.112505668 ], [ 79.691844137, 8.113493815 ], [ 79.691933969, 8.113659897 ], [ 79.691933969, 8.114302298 ], [ 79.692046712361574, 8.114462890913591 ], [ 79.692042710402788, 8.115700552338742 ], [ 79.692186940227415, 8.115701014974197 ], [ 79.692293295, 8.115905685 ], [ 79.692293295, 8.116471836 ], [ 79.692088237, 8.116662018 ], [ 79.6920238, 8.116817581 ], [ 79.6920238, 8.117176907 ], [ 79.692088237, 8.117332471 ], [ 79.692308996355479, 8.117542093906946 ], [ 79.692307508881001, 8.118002004210478 ], [ 79.692293295, 8.118075223 ], [ 79.692307178675478, 8.11810410002721 ], [ 79.69230705262845, 8.11814307234498 ], [ 79.692325945162651, 8.118143132944782 ], [ 79.692577603598053, 8.118666564041694 ], [ 79.692577539022238, 8.118686533556783 ], [ 79.692587219624656, 8.118686564672091 ], [ 79.692627226, 8.118769775 ], [ 79.692742452, 8.118870126 ], [ 79.692798266, 8.119108285 ] ] ], [ [ [ 79.680848005428032, 8.136342617301157 ], [ 79.681061429755786, 8.135702344317872 ], [ 79.679994308116989, 8.135275495662349 ], [ 79.675939245889509, 8.138263436251012 ], [ 79.675512397233987, 8.140184255200866 ], [ 79.675512397233987, 8.144239317428337 ], [ 79.674018426939654, 8.147440682344762 ], [ 79.672737880973088, 8.149148076966855 ], [ 79.669536516056667, 8.151495744572232 ], [ 79.668042545762333, 8.153629987849849 ], [ 79.668042545762333, 8.155764231127465 ], [ 79.669323091728899, 8.15896559604389 ], [ 79.668042545762333, 8.1628072339436 ], [ 79.668042545762333, 8.165368325876738 ], [ 79.670817062023232, 8.168569690793163 ], [ 79.671457335006522, 8.172838177348396 ], [ 79.6738050026119, 8.178387209870198 ], [ 79.676579518872799, 8.180734877475576 ], [ 79.676792943200553, 8.178600634197959 ], [ 79.678286913494887, 8.174972420626013 ], [ 79.679140610805945, 8.173265026003918 ], [ 79.681915127066844, 8.172624753020633 ], [ 79.680207732444742, 8.168569690793163 ], [ 79.678073489167133, 8.166008598860023 ], [ 79.675725821561755, 8.16302065827136 ], [ 79.678927186478177, 8.15896559604389 ], [ 79.676792943200553, 8.153203139194325 ], [ 79.677006367528321, 8.149788349950139 ], [ 79.679994308116989, 8.144452741756099 ], [ 79.68042115677251, 8.141891649822959 ], [ 79.681915127066844, 8.139970830873105 ], [ 79.680848005428032, 8.136342617301157 ] ] ], [ [ [ 79.692293295, 8.225693394 ], [ 79.692447563, 8.225938789 ], [ 79.692872621, 8.226093057 ], [ 79.693142115, 8.226093057 ], [ 79.693297679, 8.22602862 ], [ 79.693317465476753, 8.22596258012635 ], [ 79.693316054192636, 8.22639348317284 ], [ 79.693588369807458, 8.226394369005048 ], [ 79.693587481277291, 8.226665661191417 ], [ 79.69385979689217, 8.226666547023623 ], [ 79.69385890836196, 8.226937839209993 ], [ 79.694131223976854, 8.226938724142881 ], [ 79.694130335446687, 8.227210017228627 ], [ 79.6944026519609, 8.227210902161515 ], [ 79.694401763430662, 8.227482194347884 ], [ 79.694674079944889, 8.227483079280772 ], [ 79.694674967575722, 8.227211786195085 ], [ 79.694947284089963, 8.227212671127972 ], [ 79.694948313504995, 8.226898043826248 ], [ 79.695229213, 8.226892854 ], [ 79.695167904, 8.227144279 ], [ 79.694936534, 8.227487813 ], [ 79.694783182, 8.227603955 ], [ 79.694718746, 8.228009178 ], [ 79.694399757, 8.227988676 ], [ 79.694220094, 8.228111294 ], [ 79.694106163, 8.227424292 ], [ 79.693860768, 8.227270024 ], [ 79.693366694, 8.227288629 ], [ 79.693234158, 8.227218318 ], [ 79.693087819, 8.226962627 ], [ 79.693092621, 8.22668154 ], [ 79.693028184, 8.226525977 ], [ 79.692848521, 8.226346314 ], [ 79.692692958, 8.226281877 ], [ 79.692333632, 8.226281877 ], [ 79.692178068, 8.226346314 ], [ 79.691998405, 8.226525977 ], [ 79.691933969, 8.22668154 ], [ 79.691933969, 8.226784953 ], [ 79.691916124, 8.226792344 ], [ 79.691924811, 8.226412046 ], [ 79.691860374, 8.226256482 ], [ 79.691525148, 8.226102214 ], [ 79.691369114, 8.226102214 ], [ 79.691231554, 8.225717493 ], [ 79.690962059, 8.225268336 ], [ 79.690716664, 8.225203899 ], [ 79.690561101, 8.225268336 ], [ 79.690496664, 8.225423899 ], [ 79.690496664, 8.225603562 ], [ 79.690766159, 8.226128971 ], [ 79.6907151, 8.226318439 ], [ 79.690357338, 8.226281877 ], [ 79.690201775, 8.226346314 ], [ 79.69012818, 8.226515458 ], [ 79.69012818, 8.225783225 ], [ 79.690063744, 8.225627662 ], [ 79.68990818, 8.225563225 ], [ 79.689662785, 8.225627662 ], [ 79.689409528, 8.225980262 ], [ 79.689409528, 8.225589981 ], [ 79.689640897, 8.225246447 ], [ 79.68968818, 8.225226862 ], [ 79.689752617, 8.225399799 ], [ 79.690087843, 8.225464236 ], [ 79.690243407, 8.225399799 ], [ 79.690359549, 8.225066784 ], [ 79.690872228, 8.224950642 ], [ 79.690936664, 8.224795078 ], [ 79.690936664, 8.223178111 ], [ 79.69066717, 8.222742534 ], [ 79.690936664, 8.222279796 ], [ 79.690936664, 8.221920469 ], [ 79.69088085, 8.221785722 ], [ 79.691026496, 8.221471312 ], [ 79.691026496, 8.22075266 ], [ 79.690846833, 8.220317083 ], [ 79.690846833, 8.220034007 ], [ 79.69066717, 8.219778093 ], [ 79.690745187, 8.219523541 ], [ 79.690872228, 8.219470919 ], [ 79.690936664, 8.219135692 ], [ 79.690782396, 8.218800466 ], [ 79.690626833, 8.218736029 ], [ 79.690397675, 8.21879374 ], [ 79.690333238, 8.218530971 ], [ 79.690218012, 8.21843062 ], [ 79.690218012, 8.218057714 ], [ 79.690063744, 8.217632656 ], [ 79.689728517, 8.217568219 ], [ 79.689213628, 8.217812319 ], [ 79.689007654, 8.218055502 ], [ 79.68876447, 8.218171645 ], [ 79.688045818, 8.218890297 ], [ 79.68789155, 8.219225524 ], [ 79.68789155, 8.219405187 ], [ 79.687955986, 8.21956075 ], [ 79.688250876, 8.219625187 ], [ 79.688250876, 8.219688262 ], [ 79.688201381, 8.219756962 ], [ 79.688021718, 8.219634344 ], [ 79.687776323, 8.219698781 ], [ 79.687506829, 8.219968275 ], [ 79.687442392, 8.220303502 ], [ 79.687506829, 8.220459065 ], [ 79.687662392, 8.220523502 ], [ 79.687931887, 8.220523502 ], [ 79.688132522, 8.220424983 ], [ 79.688071213, 8.220572997 ], [ 79.688107775, 8.220930759 ], [ 79.688062055, 8.220949696 ], [ 79.687997619, 8.220686928 ], [ 79.687842055, 8.220622491 ], [ 79.687506829, 8.220686928 ], [ 79.687442392, 8.220842491 ], [ 79.687506829, 8.221087886 ], [ 79.687801718, 8.221242154 ], [ 79.687801718, 8.221451476 ], [ 79.687392898, 8.221430975 ], [ 79.687237334, 8.221495411 ], [ 79.687172898, 8.221650975 ], [ 79.687172898, 8.222728953 ], [ 79.687262729, 8.222895036 ], [ 79.687262729, 8.223357774 ], [ 79.687352561, 8.223523856 ], [ 79.687352561, 8.223896763 ], [ 79.687442392, 8.224166258 ], [ 79.68789155, 8.225140824 ], [ 79.68789155, 8.225603562 ], [ 79.688161044, 8.226218802 ], [ 79.688250876, 8.22668154 ], [ 79.688430539, 8.227027286 ], [ 79.688584807, 8.227555756 ], [ 79.689033965, 8.228454071 ], [ 79.689259524, 8.228518508 ], [ 79.689239023, 8.228837497 ], [ 79.689303459, 8.228993061 ], [ 79.689442092, 8.229050484 ], [ 79.689418686, 8.229196823 ], [ 79.689483122, 8.229352387 ], [ 79.691189921, 8.231059186 ], [ 79.691505312, 8.231123622 ], [ 79.691484811, 8.231262948 ], [ 79.691549247, 8.231418512 ], [ 79.692872621, 8.232111769 ], [ 79.693230383, 8.232075207 ], [ 79.69341161, 8.232201601 ], [ 79.693770936, 8.232201601 ], [ 79.6939265, 8.232137164 ], [ 79.693969204, 8.232034067 ], [ 79.694399757, 8.232291432 ], [ 79.695118409, 8.232291432 ], [ 79.695284491, 8.232201601 ], [ 79.695657398, 8.232201601 ], [ 79.695823481, 8.232111769 ], [ 79.696106556, 8.232111769 ], [ 79.696621445, 8.23186767 ], [ 79.696685882, 8.231532443 ], [ 79.69659605, 8.231366361 ], [ 79.69659605, 8.230993454 ], [ 79.696531614, 8.23083789 ], [ 79.696441782, 8.230748059 ], [ 79.696110331, 8.230635691 ], [ 79.696441782, 8.230430365 ], [ 79.69666415, 8.230147605 ], [ 79.697054366, 8.230315139 ], [ 79.697144197, 8.230530716 ], [ 79.696874703, 8.230903622 ], [ 79.696874703, 8.23135278 ], [ 79.696939139, 8.231508343 ], [ 79.697184534, 8.23157278 ], [ 79.697519761, 8.231418512 ], [ 79.69805875, 8.230879523 ], [ 79.698123186, 8.230530716 ], [ 79.698302849, 8.230274802 ], [ 79.698302849, 8.229825644 ], [ 79.698238413, 8.22967008 ], [ 79.6980904, 8.229556149 ], [ 79.698213018, 8.229376486 ], [ 79.698148581, 8.229131091 ], [ 79.69776386, 8.228581583 ], [ 79.697519761, 8.228053113 ], [ 79.697184534, 8.227809013 ], [ 79.696489981, 8.227963281 ], [ 79.696425545, 8.228118845 ], [ 79.696489981, 8.228454071 ], [ 79.696645545, 8.228518508 ], [ 79.696964534, 8.228491752 ], [ 79.696669645, 8.228681934 ], [ 79.696605208, 8.228837497 ], [ 79.696605208, 8.229120572 ], [ 79.69626259, 8.229515812 ], [ 79.696146893, 8.229479898 ], [ 79.696082456, 8.229310754 ], [ 79.695902793, 8.229131091 ], [ 79.695569778, 8.229014949 ], [ 79.695460361, 8.228698171 ], [ 79.695812962, 8.228633734 ], [ 79.696057061, 8.228298508 ], [ 79.696057061, 8.228029013 ], [ 79.695948625, 8.227804435 ], [ 79.696057061, 8.227579856 ], [ 79.696057061, 8.227310361 ], [ 79.695902793, 8.226885303 ], [ 79.695812962, 8.226795472 ], [ 79.695657398, 8.226731035 ], [ 79.695393243, 8.226766033 ], [ 79.695428241, 8.226591709 ], [ 79.695363804, 8.226436145 ], [ 79.694950601152698, 8.226198854084821 ], [ 79.694956160398533, 8.22449974296887 ], [ 79.694683845683016, 8.224498858935304 ], [ 79.694685620944711, 8.223956273663189 ], [ 79.694413307128457, 8.223955389629623 ], [ 79.694414194759375, 8.223684097443249 ], [ 79.694141880943079, 8.223683213409682 ], [ 79.694142768573954, 8.223411919424619 ], [ 79.693870455657077, 8.223411033592409 ], [ 79.69387134328791, 8.223139742305362 ], [ 79.693599030370976, 8.223138857372474 ], [ 79.693599918901214, 8.222867564286785 ], [ 79.69332760598428, 8.222866679353897 ], [ 79.693328493615127, 8.222595387167472 ], [ 79.693056181597569, 8.222594502234585 ], [ 79.693057957758597, 8.222051916962524 ], [ 79.692785645741012, 8.222051031130261 ], [ 79.692786534271207, 8.221779738943892 ], [ 79.691969598218449, 8.221777082346588 ], [ 79.691966929929947, 8.222590959805071 ], [ 79.692239242846824, 8.222591845637277 ], [ 79.692237464887185, 8.223134430010017 ], [ 79.692509777804048, 8.223135315842283 ], [ 79.692506221884699, 8.224220486386455 ], [ 79.692778535700924, 8.224221372218667 ], [ 79.692777511726348, 8.224533808753389 ], [ 79.692717057, 8.224549683 ], [ 79.692627226, 8.224639515 ], [ 79.692567591, 8.224896502 ], [ 79.692447563, 8.224998841 ], [ 79.692357731, 8.225268336 ], [ 79.692293295, 8.225423899 ], [ 79.692293295, 8.225693394 ] ], [ [ 79.690250133, 8.227809013 ], [ 79.690406833, 8.22722053 ], [ 79.690406833, 8.227579856 ], [ 79.690574366, 8.227830746 ], [ 79.690537001, 8.227846223 ], [ 79.690250133, 8.227809013 ] ], [ [ 79.691680711, 8.228322608 ], [ 79.691487783, 8.228190072 ], [ 79.691860374, 8.228094745 ], [ 79.691924811, 8.227939182 ], [ 79.69163191, 8.227164022 ], [ 79.691770543, 8.227106599 ], [ 79.691834979, 8.226937454 ], [ 79.691908574, 8.227286262 ], [ 79.692241589, 8.227582067 ], [ 79.692505744, 8.227759519 ], [ 79.692293295, 8.228118845 ], [ 79.692293295, 8.228388339 ], [ 79.692526875, 8.228707329 ], [ 79.692320051, 8.228707329 ], [ 79.692153969, 8.228617497 ], [ 79.691745148, 8.228617497 ], [ 79.691680711, 8.228322608 ] ], [ [ 79.68949936, 8.228298508 ], [ 79.68949936, 8.228249013 ], [ 79.689569826, 8.228240326 ], [ 79.689546643, 8.228296296 ], [ 79.68949936, 8.228298508 ] ], [ [ 79.693918949, 8.229397458 ], [ 79.693811273, 8.229106992 ], [ 79.693790772, 8.229057497 ], [ 79.694000094, 8.228999786 ], [ 79.693910262, 8.229196823 ], [ 79.693918949, 8.229397458 ] ], [ [ 79.6939265, 8.229801544 ], [ 79.693982249, 8.229535177 ], [ 79.694269588, 8.229722232 ], [ 79.694269588, 8.229802015 ], [ 79.694130262, 8.229875139 ], [ 79.693937019, 8.22996497 ], [ 79.693823402, 8.229844249 ], [ 79.6939265, 8.229801544 ] ], [ [ 79.692733295, 8.230364633 ], [ 79.69285904, 8.230225307 ], [ 79.693046945, 8.230190309 ], [ 79.692679377, 8.230503959 ], [ 79.692733295, 8.230364633 ] ], [ [ 79.693892418, 8.230744931 ], [ 79.693901105, 8.230710379 ], [ 79.693910262, 8.230710379 ], [ 79.693910262, 8.23073754 ], [ 79.693892418, 8.230744931 ] ], [ [ 79.693667524, 8.230943959 ], [ 79.693765597, 8.230908961 ], [ 79.693640768, 8.231173117 ], [ 79.693640768, 8.231370154 ], [ 79.693567173, 8.231197216 ], [ 79.693394236, 8.231033791 ], [ 79.693667524, 8.230943959 ] ] ], [ [ [ 79.696759476, 8.227106599 ], [ 79.69691504, 8.227171035 ], [ 79.697160435, 8.227106599 ], [ 79.697224871, 8.226951035 ], [ 79.697160435, 8.22670564 ], [ 79.697004871, 8.226641203 ], [ 79.696759476, 8.22670564 ], [ 79.69669504, 8.226861203 ], [ 79.696759476, 8.227106599 ] ] ], [ [ [ 79.698801502, 8.229686318 ], [ 79.699046897, 8.229621881 ], [ 79.699470659, 8.228747666 ], [ 79.699470659, 8.228568003 ], [ 79.699406223, 8.228412439 ], [ 79.699290996, 8.228364711 ], [ 79.69922656, 8.228142944 ], [ 79.699070996, 8.228078508 ], [ 79.698825601, 8.228142944 ], [ 79.698761165, 8.228478171 ], [ 79.698850996, 8.228644253 ], [ 79.698645938, 8.228861597 ], [ 79.69849167, 8.229286655 ], [ 79.698556107, 8.22953205 ], [ 79.698801502, 8.229686318 ] ] ], [ [ [ 79.707025665, 8.233239242 ], [ 79.707269765, 8.233574469 ], [ 79.707604991, 8.233638905 ], [ 79.708119881, 8.233484637 ], [ 79.708184318, 8.233239242 ], [ 79.708119881, 8.233083679 ], [ 79.707335497, 8.232749747 ], [ 79.707090102, 8.232904015 ], [ 79.707025665, 8.233239242 ] ] ], [ [ [ 79.705922292, 8.233712499 ], [ 79.705857855, 8.233868063 ], [ 79.705922292, 8.234113458 ], [ 79.706077855, 8.234177894 ], [ 79.70632325, 8.234113458 ], [ 79.706387687, 8.233957894 ], [ 79.70632325, 8.233712499 ], [ 79.706167687, 8.233648063 ], [ 79.705922292, 8.233712499 ] ] ], [ [ [ 79.706666339, 8.234137557 ], [ 79.706730776, 8.234293121 ], [ 79.706886339, 8.234357557 ], [ 79.707131734, 8.234293121 ], [ 79.707286002, 8.234047726 ], [ 79.707221566, 8.233802331 ], [ 79.706976171, 8.233648063 ], [ 79.706730776, 8.233712499 ], [ 79.706666339, 8.233868063 ], [ 79.706666339, 8.234137557 ] ] ], [ [ [ 79.696286219, 8.239118628 ], [ 79.696605208, 8.239098127 ], [ 79.696669645, 8.239323686 ], [ 79.696964534, 8.2396037 ], [ 79.69669504, 8.239976607 ], [ 79.696759476, 8.240222002 ], [ 79.696939139, 8.240401665 ], [ 79.697287946, 8.240466101 ], [ 79.697503523, 8.240591847 ], [ 79.697503523, 8.240654922 ], [ 79.697184534, 8.240654922 ], [ 79.697028971, 8.240719358 ], [ 79.696964534, 8.240874922 ], [ 79.696964534, 8.241234248 ], [ 79.697028971, 8.241389812 ], [ 79.697234029, 8.241490162 ], [ 79.69756796, 8.242377958 ], [ 79.697826935, 8.242442395 ], [ 79.697927286, 8.242557621 ], [ 79.698260301, 8.242673764 ], [ 79.698466275, 8.243186442 ], [ 79.698581502, 8.243234171 ], [ 79.69873577, 8.2436356 ], [ 79.698915433, 8.243815263 ], [ 79.699300154, 8.243915613 ], [ 79.699454422, 8.244354252 ], [ 79.699544253, 8.244444083 ], [ 79.700059143, 8.244778015 ], [ 79.700467964, 8.244720304 ], [ 79.700467964, 8.245097004 ], [ 79.7005324, 8.245252567 ], [ 79.700687964, 8.245317004 ], [ 79.70104729, 8.245317004 ], [ 79.701303204, 8.245137341 ], [ 79.701752362, 8.244957678 ], [ 79.702304931, 8.244957678 ], [ 79.702444257, 8.244899967 ], [ 79.702508694, 8.245162736 ], [ 79.702713752, 8.245352918 ], [ 79.702713752, 8.245635993 ], [ 79.702778188, 8.245791556 ], [ 79.703073078, 8.245891907 ], [ 79.703227346, 8.246330546 ], [ 79.70338291, 8.246394982 ], [ 79.703881562, 8.246374481 ], [ 79.703945998, 8.246779703 ], [ 79.704151056, 8.246917263 ], [ 79.704215493, 8.247139029 ], [ 79.704460888, 8.247293297 ], [ 79.704820214, 8.247383129 ], [ 79.705065609, 8.247228861 ], [ 79.705309709, 8.246713971 ], [ 79.705309709, 8.246444477 ], [ 79.705245272, 8.246288913 ], [ 79.705089709, 8.246224477 ], [ 79.704735722, 8.246259475 ], [ 79.704834884631424, 8.245692827079424 ], [ 79.704963031019133, 8.245693240950402 ], [ 79.704962147884871, 8.245964534935467 ], [ 79.705234477888894, 8.245965413573058 ], [ 79.705233595653965, 8.246236707558126 ], [ 79.705505925657974, 8.246237587095095 ], [ 79.705505043423059, 8.246508881080103 ], [ 79.705777373427125, 8.246509759717755 ], [ 79.705776491192182, 8.246781053702762 ], [ 79.706048821196191, 8.246781933239729 ], [ 79.706047938961262, 8.24705322632542 ], [ 79.706592600767991, 8.247054983600719 ], [ 79.706591719432367, 8.24732627758573 ], [ 79.707681043945072, 8.247329791237009 ], [ 79.707680162609435, 8.247601085222016 ], [ 79.708497157118202, 8.247603718436949 ], [ 79.709041820723485, 8.247605472114969 ], [ 79.709042700260454, 8.247334178129902 ], [ 79.709587363865808, 8.247335931807926 ], [ 79.709588243402763, 8.247064637822861 ], [ 79.710405237911459, 8.247067267440572 ], [ 79.710404358374475, 8.247338561425581 ], [ 79.710949021080523, 8.247340312405582 ], [ 79.710950779255143, 8.246797724435567 ], [ 79.711223111057791, 8.246798598576561 ], [ 79.711223989695455, 8.246527304591552 ], [ 79.711496320598769, 8.246528181430506 ], [ 79.711498077874069, 8.245985592561169 ], [ 79.711770408777397, 8.245986467601485 ], [ 79.711772165153363, 8.245443878732146 ], [ 79.712044495157386, 8.245444753772459 ], [ 79.7120462524327, 8.244902164903065 ], [ 79.712318582436694, 8.24490303904412 ], [ 79.712319459275705, 8.24463174505911 ], [ 79.712591789279713, 8.244632619200104 ], [ 79.712593544756302, 8.244090030330767 ], [ 79.712865874760368, 8.24409090357244 ], [ 79.712867629337666, 8.243548315602368 ], [ 79.713139958442397, 8.243549189743419 ], [ 79.713145220375694, 8.241921423135294 ], [ 79.71287289217031, 8.241920548994244 ], [ 79.712873769908583, 8.241649254109916 ], [ 79.712601441703214, 8.241648380868186 ], [ 79.71260319628054, 8.241105791998791 ], [ 79.712330868974504, 8.241104917857795 ], [ 79.712331745813472, 8.240833622973412 ], [ 79.712059419406742, 8.240832748832418 ], [ 79.712060296245738, 8.24056145484735 ], [ 79.71186741, 8.24056083570351 ], [ 79.71186741, 8.240515596 ], [ 79.711788668077219, 8.240344488456339 ], [ 79.711788846677948, 8.240289285821969 ], [ 79.711763226530991, 8.240289203541646 ], [ 79.711713142, 8.240180369 ], [ 79.711418253, 8.240080019 ], [ 79.711418253, 8.239617281 ], [ 79.711353816, 8.239461717 ], [ 79.711108421, 8.239307449 ], [ 79.710915177, 8.239307449 ], [ 79.711084321, 8.239233855 ], [ 79.711148758, 8.239078291 ], [ 79.711148758, 8.238808797 ], [ 79.711084321, 8.238653233 ], [ 79.710928758, 8.238588797 ], [ 79.710593531, 8.238653233 ], [ 79.710529095, 8.238916002 ], [ 79.710455501, 8.238743065 ], [ 79.710212317, 8.238537091 ], [ 79.710006343, 8.238204076 ], [ 79.70985078, 8.238139639 ], [ 79.709352127, 8.238139639 ], [ 79.709287691, 8.237934581 ], [ 79.709132127, 8.237870145 ], [ 79.708813138, 8.237870145 ], [ 79.708723307, 8.237281661 ], [ 79.708569039, 8.237036266 ], [ 79.708040568, 8.236881998 ], [ 79.707786866, 8.23674046 ], [ 79.707580892, 8.236317614 ], [ 79.707245665, 8.236253177 ], [ 79.707064439, 8.23637957 ], [ 79.70696259, 8.236343009 ], [ 79.706772408, 8.235868456 ], [ 79.706616845, 8.235804019 ], [ 79.706302434, 8.235859834 ], [ 79.706077855, 8.235714188 ], [ 79.705898192, 8.235714188 ], [ 79.705562966, 8.235868456 ], [ 79.705462615, 8.235983682 ], [ 79.705184879, 8.23601868 ], [ 79.705219877, 8.235844356 ], [ 79.705065609, 8.235598961 ], [ 79.704910046, 8.235534525 ], [ 79.704664651, 8.235598961 ], [ 79.704510383, 8.235844356 ], [ 79.704546944, 8.236022456 ], [ 79.704420551, 8.236203682 ], [ 79.704420551, 8.236473177 ], [ 79.704484988, 8.236628741 ], [ 79.704657925, 8.236693177 ], [ 79.704600214, 8.236846084 ], [ 79.704447125774252, 8.236855426667837 ], [ 79.704447505448059, 8.236738792961035 ], [ 79.704175180839982, 8.236737914323383 ], [ 79.704176063074897, 8.236466620338375 ], [ 79.704030324359422, 8.236466149639041 ], [ 79.704052067, 8.236383346 ], [ 79.703987631, 8.236227782 ], [ 79.703832067, 8.236163346 ], [ 79.703632397172854, 8.236163346 ], [ 79.703632583211601, 8.236106195920819 ], [ 79.703718136, 8.236089751 ], [ 79.703782573, 8.235934188 ], [ 79.703782573, 8.235664693 ], [ 79.703718136, 8.23550913 ], [ 79.703570123, 8.235395199 ], [ 79.703628305, 8.235371099 ], [ 79.703692741, 8.235112124 ], [ 79.70401173, 8.235166041 ], [ 79.704167294, 8.235101605 ], [ 79.70423173, 8.234946041 ], [ 79.70423173, 8.234676546 ], [ 79.704167294, 8.234520983 ], [ 79.703962236, 8.234420632 ], [ 79.703962236, 8.23430364 ], [ 79.704120167, 8.23401036 ], [ 79.704151056, 8.23431722 ], [ 79.704305324, 8.234652447 ], [ 79.704460888, 8.234716883 ], [ 79.704910046, 8.234716883 ], [ 79.705065609, 8.234652447 ], [ 79.705130046, 8.234496883 ], [ 79.705130046, 8.233598568 ], [ 79.705035413, 8.233407313 ], [ 79.705219877, 8.23314941 ], [ 79.705219877, 8.232700253 ], [ 79.705164063, 8.232565506 ], [ 79.705345623, 8.232291432 ], [ 79.705538866, 8.232291432 ], [ 79.705776711, 8.232140292 ], [ 79.70583246, 8.23249649 ], [ 79.706101955, 8.232855816 ], [ 79.706257519, 8.232920253 ], [ 79.706706676, 8.232920253 ], [ 79.70686224, 8.232855816 ], [ 79.706926676, 8.232700253 ], [ 79.70686224, 8.232365026 ], [ 79.706592745, 8.232095532 ], [ 79.706437182, 8.232031095 ], [ 79.706243938, 8.232031095 ], [ 79.706077855, 8.231941264 ], [ 79.705840011, 8.232002573 ], [ 79.705848698, 8.231712106 ], [ 79.705784261, 8.231556543 ], [ 79.705514767, 8.231287048 ], [ 79.705269372, 8.231222611 ], [ 79.704954961, 8.231368257 ], [ 79.704640551, 8.231312443 ], [ 79.704484988, 8.231376879 ], [ 79.704369493, 8.231528668 ], [ 79.70401173, 8.231492106 ], [ 79.703856167, 8.231556543 ], [ 79.703723631, 8.231749471 ], [ 79.703203247, 8.231492106 ], [ 79.703023584, 8.231492106 ], [ 79.70276767, 8.231671769 ], [ 79.702418862, 8.231736206 ], [ 79.701927, 8.23228846 ], [ 79.701896111, 8.232111769 ], [ 79.702101169, 8.232047333 ], [ 79.702255437, 8.231801938 ], [ 79.702255437, 8.231262948 ], [ 79.702165605, 8.231096866 ], [ 79.702165605, 8.230943959 ], [ 79.702370663, 8.230879523 ], [ 79.702550326, 8.23069986 ], [ 79.702704594, 8.23018497 ], [ 79.702640158, 8.229849743 ], [ 79.702484594, 8.229785307 ], [ 79.7022151, 8.229785307 ], [ 79.702059536, 8.229849743 ], [ 79.70170021, 8.23020907 ], [ 79.701635774, 8.230503959 ], [ 79.701430716, 8.230568396 ], [ 79.701293156, 8.230863285 ], [ 79.701246789, 8.230863285 ], [ 79.70126729, 8.230723959 ], [ 79.701202853, 8.230568396 ], [ 79.70104729, 8.230503959 ], [ 79.700822711, 8.230522564 ], [ 79.700598132, 8.230414128 ], [ 79.700418469, 8.230414128 ], [ 79.700150538, 8.230540521 ], [ 79.700004847, 8.230376225 ], [ 79.699945212, 8.230029407 ], [ 79.699609985, 8.22996497 ], [ 79.698915433, 8.230298901 ], [ 79.698688041, 8.230593791 ], [ 79.698286612, 8.230658227 ], [ 79.69756796, 8.231376879 ], [ 79.697515338, 8.23150392 ], [ 79.697388297, 8.231556543 ], [ 79.697028971, 8.231915869 ], [ 79.696759476, 8.232185363 ], [ 79.696669645, 8.232365026 ], [ 79.696605208, 8.23252059 ], [ 79.696662919, 8.232749747 ], [ 79.69640015, 8.232904015 ], [ 79.696194176, 8.233326862 ], [ 79.695950992, 8.233532836 ], [ 79.695257735, 8.234946041 ], [ 79.695257735, 8.235215536 ], [ 79.695322172, 8.235371099 ], [ 79.695617061, 8.235561281 ], [ 79.695725497, 8.235979104 ], [ 79.695655187, 8.236201471 ], [ 79.695322172, 8.236407445 ], [ 79.695078072, 8.237012166 ], [ 79.695078072, 8.237191829 ], [ 79.695142509, 8.237347393 ], [ 79.695298072, 8.237411829 ], [ 79.695567567, 8.237501661 ], [ 79.696120136, 8.237411829 ], [ 79.696373839, 8.237643198 ], [ 79.696373839, 8.237728607 ], [ 79.696220487, 8.23784475 ], [ 79.696163063, 8.237983382 ], [ 79.695657398, 8.237959976 ], [ 79.695501835, 8.238024413 ], [ 79.695437398, 8.238359639 ], [ 79.695591666, 8.238605034 ], [ 79.69574723, 8.238669471 ], [ 79.69608672, 8.238669471 ], [ 79.696066219, 8.238898628 ], [ 79.696130655, 8.239054192 ], [ 79.696286219, 8.239118628 ] ], [ [ 79.69926424, 8.232111769 ], [ 79.699430322, 8.232201601 ], [ 79.699586357, 8.232201601 ], [ 79.699723917, 8.232406659 ], [ 79.699893061, 8.232480253 ], [ 79.69936459, 8.232634521 ], [ 79.699158616, 8.232967536 ], [ 79.698752007, 8.233076953 ], [ 79.698752007, 8.232920253 ], [ 79.699136728, 8.232855816 ], [ 79.699201165, 8.232700253 ], [ 79.699201165, 8.232111769 ], [ 79.69926424, 8.232111769 ] ], [ [ 79.696897666, 8.232830421 ], [ 79.697160435, 8.232765985 ], [ 79.697340098, 8.232586322 ], [ 79.697538521, 8.232256434 ], [ 79.697503523, 8.232700253 ], [ 79.697657791, 8.232945648 ], [ 79.697900975, 8.23306179 ], [ 79.697952681, 8.233342654 ], [ 79.697747623, 8.233443005 ], [ 79.697593355, 8.23370198 ], [ 79.697319281, 8.23388354 ], [ 79.697224871, 8.233329074 ], [ 79.696897666, 8.232830421 ] ], [ [ 79.698494642, 8.234029121 ], [ 79.698581502, 8.233760857 ], [ 79.698581502, 8.233957894 ], [ 79.698642811, 8.234105907 ], [ 79.698494642, 8.234029121 ] ], [ [ 79.697674029, 8.234700175 ], [ 79.697871536, 8.234565743 ], [ 79.697927286, 8.234921941 ], [ 79.698106949, 8.235101605 ], [ 79.698332508, 8.235166041 ], [ 79.698312007, 8.235502404 ], [ 79.698111372, 8.235366676 ], [ 79.69805875, 8.235239635 ], [ 79.697674029, 8.235049453 ], [ 79.697674029, 8.234700175 ] ], [ [ 79.700913491764297, 8.234828296588715 ], [ 79.700912606831423, 8.235099590573725 ], [ 79.700640284921306, 8.235098709238173 ], [ 79.700639995909754, 8.23518731139384 ], [ 79.700418469, 8.235085367 ], [ 79.700059143, 8.235085367 ], [ 79.69990358, 8.235149804 ], [ 79.699839143, 8.235305367 ], [ 79.699900452, 8.235722875 ], [ 79.699609985, 8.235624356 ], [ 79.699443903, 8.235714188 ], [ 79.699160828, 8.235714188 ], [ 79.698915433, 8.235868456 ], [ 79.698850996, 8.236113851 ], [ 79.698915433, 8.236269414 ], [ 79.699091968, 8.236441527 ], [ 79.699057416, 8.23643284 ], [ 79.698841839, 8.236217263 ], [ 79.698841839, 8.236024019 ], [ 79.698694296, 8.235794862 ], [ 79.699046897, 8.235730425 ], [ 79.699201165, 8.235305367 ], [ 79.699046897, 8.235059972 ], [ 79.698694296, 8.234995536 ], [ 79.698747206, 8.234664955 ], [ 79.698841839, 8.234496883 ], [ 79.69878053, 8.234169207 ], [ 79.699095096, 8.234113458 ], [ 79.699222137, 8.23416608 ], [ 79.699454422, 8.234562615 ], [ 79.69965948, 8.234627052 ], [ 79.699723917, 8.234921941 ], [ 79.69987948, 8.234986378 ], [ 79.700148975, 8.234986378 ], [ 79.700304538, 8.234921941 ], [ 79.700368975, 8.234586715 ], [ 79.700304538, 8.234431151 ], [ 79.700009648, 8.234276883 ], [ 79.700004847, 8.234215797 ], [ 79.700135394, 8.234088063 ], [ 79.700328638, 8.234088063 ], [ 79.700509864, 8.233961669 ], [ 79.700557795, 8.233981523 ], [ 79.700557795, 8.234227389 ], [ 79.700712063, 8.234472784 ], [ 79.700881207, 8.23453722 ], [ 79.700981558, 8.234652447 ], [ 79.701186147612688, 8.23472669952641 ], [ 79.701185813674442, 8.234829178823643 ], [ 79.700913491764297, 8.234828296588715 ] ], [ [ 79.700086788174829, 8.237809878323331 ], [ 79.700084131577455, 8.238623757580454 ], [ 79.700356456185546, 8.238624639815384 ], [ 79.700353799588243, 8.239438519072504 ], [ 79.700467964, 8.239438888923395 ], [ 79.700467964, 8.239990187 ], [ 79.70039484, 8.240115933 ], [ 79.700258642, 8.240115933 ], [ 79.700458806, 8.239796944 ], [ 79.70039437, 8.239461717 ], [ 79.699858508, 8.239316136 ], [ 79.699919817, 8.239078291 ], [ 79.69985538, 8.238922728 ], [ 79.699703592, 8.238807233 ], [ 79.699740154, 8.238359639 ], [ 79.699675717, 8.238204076 ], [ 79.699303126, 8.23807154 ], [ 79.699448927, 8.237783285 ], [ 79.699609985, 8.237860987 ], [ 79.69987948, 8.237860987 ], [ 79.699961424904842, 8.237809472190898 ], [ 79.700086788174829, 8.237809878323331 ] ], [ [ 79.699949476, 8.24037627 ], [ 79.699928975, 8.240515596 ], [ 79.700053804, 8.240779751 ], [ 79.699776068, 8.240744753 ], [ 79.699609985, 8.240555933 ], [ 79.699765549, 8.240491496 ], [ 79.699813277, 8.24037627 ], [ 79.699949476, 8.24037627 ] ], [ [ 79.700712063, 8.232904015 ], [ 79.700609724, 8.233024043 ], [ 79.700401095, 8.233019242 ], [ 79.700574033, 8.232855816 ], [ 79.700638469, 8.232610421 ], [ 79.700484201, 8.232365026 ], [ 79.700311264, 8.23230059 ], [ 79.700663864, 8.232137164 ], [ 79.700780007, 8.231983812 ], [ 79.700943878, 8.231752443 ], [ 79.701150702, 8.231752443 ], [ 79.701276448, 8.231825566 ], [ 79.701186616, 8.232071432 ], [ 79.70124243, 8.232475674 ], [ 79.70106087, 8.232749747 ], [ 79.700712063, 8.232904015 ] ], [ [ 79.702181776, 8.234783309 ], [ 79.702202136953758, 8.234832464908614 ], [ 79.702002779404779, 8.234831821031829 ], [ 79.702002919886993, 8.23478870957044 ], [ 79.702181776, 8.234783309 ] ], [ [ 79.702274218180662, 8.23510399455381 ], [ 79.702274704113364, 8.234954870556384 ], [ 79.702436055871374, 8.235104517784958 ], [ 79.702274218180662, 8.23510399455381 ] ], [ [ 79.703085849696748, 8.235649210049088 ], [ 79.703027185756923, 8.23564902048185 ], [ 79.703099834, 8.235435536 ], [ 79.703085849696748, 8.235649210049088 ] ], [ [ 79.701137121, 8.240735596 ], [ 79.701166553695955, 8.240735596 ], [ 79.70116635144602, 8.240797631205792 ], [ 79.701438676953444, 8.240798513440723 ], [ 79.701436907087654, 8.241341098712837 ], [ 79.701709232595078, 8.241341980947766 ], [ 79.701707465427262, 8.241884567119202 ], [ 79.701979790934658, 8.241885447555489 ], [ 79.701978906901104, 8.242156742439818 ], [ 79.702251233307834, 8.242157622876105 ], [ 79.702250349274266, 8.242428915961796 ], [ 79.702522676580315, 8.242429797297405 ], [ 79.702520909412485, 8.242972384368159 ], [ 79.702793235819229, 8.242973264804448 ], [ 79.702792351785661, 8.243244557890137 ], [ 79.703064679991016, 8.243245439225745 ], [ 79.703062027890326, 8.244059319382187 ], [ 79.703165891899175, 8.244059655174222 ], [ 79.703089786, 8.244158352 ], [ 79.702867549, 8.244158352 ], [ 79.702884257, 8.243659699 ], [ 79.702819821, 8.243504136 ], [ 79.702664257, 8.243439699 ], [ 79.702484594, 8.243439699 ], [ 79.702255437, 8.243583448 ], [ 79.702255437, 8.243286793 ], [ 79.7024351, 8.243030879 ], [ 79.7024351, 8.242761384 ], [ 79.702370663, 8.242605821 ], [ 79.702021856, 8.242541384 ], [ 79.701921506, 8.242156663 ], [ 79.701652011, 8.241887168 ], [ 79.701303204, 8.241822732 ], [ 79.701113022, 8.241527842 ], [ 79.700777795, 8.241373574 ], [ 79.700509864, 8.241410136 ], [ 79.700328638, 8.241283743 ], [ 79.700189312, 8.241283743 ], [ 79.700154314, 8.240880261 ], [ 79.700328638, 8.240915259 ], [ 79.700484201, 8.240850822 ], [ 79.700689528, 8.240519371 ], [ 79.700881207, 8.240555933 ], [ 79.701137121, 8.240735596 ] ], [ [ 79.704591056, 8.246520728 ], [ 79.704600214, 8.246516934 ], [ 79.704600214, 8.24663772 ], [ 79.704591056, 8.246641514 ], [ 79.704591056, 8.246520728 ] ] ], [ [ [ 79.695501835, 8.239683012 ], [ 79.695681498, 8.239952507 ], [ 79.695837061, 8.240016944 ], [ 79.696172288, 8.239952507 ], [ 79.696236724, 8.239796944 ], [ 79.696236724, 8.239527449 ], [ 79.696172288, 8.239371886 ], [ 79.695902793, 8.239012559 ], [ 79.69574723, 8.238948123 ], [ 79.695501835, 8.239012559 ], [ 79.695437398, 8.239168123 ], [ 79.695437398, 8.239527449 ], [ 79.695501835, 8.239683012 ] ] ], [ [ [ 79.715665729, 8.240581328 ], [ 79.715819997, 8.240335933 ], [ 79.715819997, 8.240066438 ], [ 79.715665729, 8.239731212 ], [ 79.715510166, 8.239666775 ], [ 79.715174939, 8.239731212 ], [ 79.715020671, 8.239976607 ], [ 79.715020671, 8.240246101 ], [ 79.715085108, 8.240401665 ], [ 79.715420334, 8.240645764 ], [ 79.715665729, 8.240581328 ] ] ], [ [ [ 79.70933589, 8.247636386 ], [ 79.709271454, 8.24779195 ], [ 79.70933589, 8.248127176 ], [ 79.709491454, 8.248191613 ], [ 79.70985078, 8.248191613 ], [ 79.710006343, 8.248127176 ], [ 79.71007078, 8.247881781 ], [ 79.709916512, 8.247636386 ], [ 79.709760948, 8.24757195 ], [ 79.709491454, 8.24757195 ], [ 79.70933589, 8.247636386 ] ] ], [ [ [ 79.710593531, 8.247636386 ], [ 79.710439263, 8.247881781 ], [ 79.710439263, 8.248061444 ], [ 79.710593531, 8.248486502 ], [ 79.710749095, 8.248550939 ], [ 79.711084321, 8.248486502 ], [ 79.711148758, 8.248330939 ], [ 79.711148758, 8.247881781 ], [ 79.71099449, 8.247636386 ], [ 79.710838926, 8.24757195 ], [ 79.710593531, 8.247636386 ] ] ], [ [ [ 79.704167294, 8.251091617 ], [ 79.704321562, 8.250846222 ], [ 79.704257125, 8.250510995 ], [ 79.704101562, 8.250446559 ], [ 79.703766335, 8.250510995 ], [ 79.703701899, 8.250666559 ], [ 79.703701899, 8.250936053 ], [ 79.703766335, 8.251091617 ], [ 79.703921899, 8.251156053 ], [ 79.704167294, 8.251091617 ] ] ], [ [ [ 79.74474575, 8.390534248 ], [ 79.744688039, 8.390305091 ], [ 79.744950808, 8.390150823 ], [ 79.745284739, 8.38945627 ], [ 79.745284739, 8.389083363 ], [ 79.745399965, 8.388983013 ], [ 79.745554233, 8.388647786 ], [ 79.745554233, 8.388274879 ], [ 79.745644065, 8.388108797 ], [ 79.745644065, 8.38773589 ], [ 79.745733896, 8.387569808 ], [ 79.745733896, 8.386491829 ], [ 79.745644065, 8.386325747 ], [ 79.745644065, 8.38595284 ], [ 79.745554233, 8.385786758 ], [ 79.745554233, 8.385413851 ], [ 79.744591482, 8.383461657 ], [ 79.743244009, 8.382114184 ], [ 79.742625707, 8.381780253 ], [ 79.742525356, 8.381575195 ], [ 79.741447378, 8.380497217 ], [ 79.739381253, 8.379419238 ], [ 79.739122277, 8.379354802 ], [ 79.738752432, 8.379059912 ], [ 79.736596476, 8.377981934 ], [ 79.736440912, 8.377917497 ], [ 79.736157837, 8.377917497 ], [ 79.735632428, 8.377648003 ], [ 79.735349353, 8.377648003 ], [ 79.735183271, 8.377558171 ], [ 79.734810364, 8.377558171 ], [ 79.734644282, 8.37746834 ], [ 79.733206977, 8.37746834 ], [ 79.733040895, 8.377558171 ], [ 79.732578156, 8.377558171 ], [ 79.732412074, 8.377648003 ], [ 79.73221883, 8.377648003 ], [ 79.730985288, 8.378251428 ], [ 79.730920852, 8.378496823 ], [ 79.731010683, 8.378662906 ], [ 79.731010683, 8.379125644 ], [ 79.731100515, 8.379291727 ], [ 79.731100515, 8.379574802 ], [ 79.731280178, 8.38010021 ], [ 79.731280178, 8.380293454 ], [ 79.731459841, 8.3806392 ], [ 79.731459841, 8.381025687 ], [ 79.731254783, 8.381395532 ], [ 79.730920852, 8.382283328 ], [ 79.730741189, 8.382539242 ], [ 79.730741189, 8.383181644 ], [ 79.730651357, 8.383347726 ], [ 79.730651357, 8.383597385 ], [ 79.7304222, 8.383576884 ], [ 79.730266636, 8.38364132 ], [ 79.730152705, 8.383789333 ], [ 79.730128606, 8.383731152 ], [ 79.72986963, 8.383666715 ], [ 79.729769279, 8.383192162 ], [ 79.729615927, 8.38307602 ], [ 79.729384558, 8.382642654 ], [ 79.729384558, 8.382269748 ], [ 79.729320122, 8.382114184 ], [ 79.729164558, 8.382049748 ], [ 79.728919163, 8.382114184 ], [ 79.728854727, 8.382269748 ], [ 79.728854727, 8.383168063 ], [ 79.728944558, 8.383334145 ], [ 79.728944558, 8.383707052 ], [ 79.72903439, 8.383873135 ], [ 79.72903439, 8.384335873 ], [ 79.729278489, 8.384940594 ], [ 79.72966321, 8.385669765 ], [ 79.729727647, 8.385928741 ], [ 79.731434446, 8.38763554 ], [ 79.731962916, 8.387879639 ], [ 79.732153098, 8.388084697 ], [ 79.732396282, 8.38820084 ], [ 79.732935271, 8.388739829 ], [ 79.733051414, 8.388983013 ], [ 79.73341074, 8.389342339 ], [ 79.733537781, 8.389394961 ], [ 79.733590403, 8.389522002 ], [ 79.73457855, 8.390510149 ], [ 79.735181059, 8.390805954 ], [ 79.735656528, 8.391318632 ], [ 79.737902316, 8.392486442 ], [ 79.738327374, 8.39264071 ], [ 79.738700281, 8.39264071 ], [ 79.738866363, 8.392730542 ], [ 79.73923927, 8.392730542 ], [ 79.739405353, 8.392820373 ], [ 79.740932488, 8.392820373 ], [ 79.741098571, 8.392730542 ], [ 79.741471478, 8.392730542 ], [ 79.74163756, 8.39264071 ], [ 79.742010467, 8.39264071 ], [ 79.74333384, 8.392037285 ], [ 79.743434191, 8.391922058 ], [ 79.743603335, 8.391857622 ], [ 79.744052492, 8.391408464 ], [ 79.744116929, 8.391003242 ], [ 79.744346087, 8.391023743 ], [ 79.744591482, 8.390869475 ], [ 79.74474575, 8.390534248 ] ], [ [ 79.73619994, 8.389248084 ], [ 79.736147318, 8.389121043 ], [ 79.735904134, 8.388915069 ], [ 79.735787992, 8.388402391 ], [ 79.73569816, 8.38831256 ], [ 79.735365145, 8.388196417 ], [ 79.734915988, 8.387747259 ], [ 79.734799845, 8.387504076 ], [ 79.734556661, 8.387387933 ], [ 79.734350687, 8.387054918 ], [ 79.734091712, 8.386990482 ], [ 79.733991361, 8.386875255 ], [ 79.733589932, 8.386720987 ], [ 79.733452372, 8.386515929 ], [ 79.733209189, 8.386399786 ], [ 79.732913383, 8.386066771 ], [ 79.732757819, 8.386002335 ], [ 79.732578156, 8.386002335 ], [ 79.732412074, 8.386092166 ], [ 79.731989673, 8.386056252 ], [ 79.731989673, 8.385503683 ], [ 79.731863279, 8.385322456 ], [ 79.731863279, 8.384966257 ], [ 79.732052748, 8.38500503 ], [ 79.732308662, 8.385184694 ], [ 79.732578156, 8.385184694 ], [ 79.732823551, 8.385030425 ], [ 79.732937482, 8.384967821 ], [ 79.73316664, 8.384984529 ], [ 79.733231077, 8.385210089 ], [ 79.73338664, 8.385274525 ], [ 79.733745966, 8.385274525 ], [ 79.73390153, 8.385210089 ], [ 79.734150208, 8.384949216 ], [ 79.734424282, 8.385040944 ], [ 79.73457855, 8.385389752 ], [ 79.734747694, 8.385454188 ], [ 79.734963271, 8.385759597 ], [ 79.73520737, 8.386288067 ], [ 79.73550226, 8.386478249 ], [ 79.735656528, 8.386827056 ], [ 79.735861586, 8.387017238 ], [ 79.735746359, 8.38714475 ], [ 79.735681923, 8.387390145 ], [ 79.735836191, 8.387815203 ], [ 79.735951417, 8.387915553 ], [ 79.736015854, 8.388174529 ], [ 79.736400575, 8.388454543 ], [ 79.736490407, 8.388917281 ], [ 79.73667007, 8.389263026 ], [ 79.736528532, 8.389454058 ], [ 79.736443124, 8.389454058 ], [ 79.736326981, 8.389300706 ], [ 79.73619994, 8.389248084 ] ], [ [ 79.737029396, 8.390251173 ], [ 79.737029396, 8.390371959 ], [ 79.736942536, 8.390193527 ], [ 79.736978337, 8.390178697 ], [ 79.737029396, 8.390251173 ] ], [ [ 79.743513503, 8.390060991 ], [ 79.743627434, 8.389912978 ], [ 79.743497266, 8.390264754 ], [ 79.743561702, 8.390420317 ], [ 79.743828069, 8.390682261 ], [ 79.743603335, 8.390558348 ], [ 79.743308445, 8.390457997 ], [ 79.743287944, 8.390125428 ], [ 79.743513503, 8.390060991 ] ], [ [ 79.737658217, 8.390790162 ], [ 79.73778461, 8.391071674 ], [ 79.737717158, 8.391110603 ], [ 79.737610933, 8.390981194 ], [ 79.737559227, 8.390907155 ], [ 79.73755054, 8.390692939 ], [ 79.737658217, 8.390790162 ] ] ], [ [ [ 79.724760060864881, 8.412993902162178 ], [ 79.721772120276228, 8.410432810229038 ], [ 79.721772120276228, 8.401895837118573 ], [ 79.721772120276228, 8.394212561319154 ], [ 79.716649936409951, 8.387382982830783 ], [ 79.715369390443371, 8.37927285837584 ], [ 79.714088844476805, 8.375004371820609 ], [ 79.71280829851024, 8.372870128542992 ], [ 79.711954601199182, 8.367747944676713 ], [ 79.711100903888138, 8.364333155432526 ], [ 79.70939350926605, 8.357503576944154 ], [ 79.708539811955006, 8.355796182322061 ], [ 79.708966660610528, 8.353661939044445 ], [ 79.710674055232616, 8.351100847111306 ], [ 79.711100903888138, 8.344271268622933 ], [ 79.711100903888138, 8.343844419967411 ], [ 79.711100903888138, 8.342137025345318 ], [ 79.709820357921572, 8.339575933412178 ], [ 79.708112963299484, 8.339149084756654 ], [ 79.705551871366339, 8.339149084756654 ], [ 79.705125022710817, 8.339149084756654 ], [ 79.699149141533496, 8.341710176689794 ], [ 79.696588049600351, 8.342990722656364 ], [ 79.693173260356161, 8.347259209211597 ], [ 79.69061216842303, 8.354088787699968 ], [ 79.688051076489884, 8.361772063499387 ], [ 79.688477925145406, 8.367747944676713 ], [ 79.688904773800928, 8.372870128542992 ], [ 79.688904773800928, 8.37927285837584 ], [ 79.689758471111986, 8.384395042242119 ], [ 79.691465865734074, 8.387382982830783 ], [ 79.692746411700639, 8.393358864008109 ], [ 79.695307503633785, 8.399761593840957 ], [ 79.697868595566916, 8.40403008039619 ], [ 79.700429687500062, 8.409152264262469 ], [ 79.700429687500062, 8.418116086028457 ], [ 79.70213708212215, 8.424091967205783 ], [ 79.704271325399773, 8.428360453761014 ], [ 79.707686114643963, 8.435190032249388 ], [ 79.71152775254366, 8.441165913426712 ], [ 79.714515693132327, 8.445434399981945 ], [ 79.717930482376516, 8.446714945948514 ], [ 79.719637876998604, 8.443300156704328 ], [ 79.721345271620706, 8.442019610737759 ], [ 79.726894304142505, 8.441592762082236 ], [ 79.727321152798027, 8.441592762082236 ], [ 79.732016488008782, 8.438604821493573 ], [ 79.735004428597449, 8.431348394349678 ], [ 79.730309093386694, 8.426653059138921 ], [ 79.729455396075636, 8.421957723928166 ], [ 79.724760060864881, 8.412993902162178 ] ] ], [ [ [ 79.74241013, 8.038753983 ], [ 79.742345693, 8.03859842 ], [ 79.742230467, 8.038550691 ], [ 79.742230467, 8.037676005 ], [ 79.74216603, 8.037520441 ], [ 79.741830804, 8.037366173 ], [ 79.741651141, 8.037366173 ], [ 79.741485058, 8.037456005 ], [ 79.741112152, 8.037456005 ], [ 79.740956588, 8.037520441 ], [ 79.740892152, 8.037676005 ], [ 79.740892152, 8.038264488 ], [ 79.740687093, 8.038328925 ], [ 79.740622657, 8.038484488 ], [ 79.740622657, 8.039292972 ], [ 79.740687093, 8.039448536 ], [ 79.740892152, 8.039512972 ], [ 79.740956588, 8.039807862 ], [ 79.741112152, 8.039872298 ], [ 79.741740972, 8.039872298 ], [ 79.741922847, 8.039744341 ], [ 79.741986367, 8.03971803 ], [ 79.742050804, 8.039512972 ], [ 79.742345693, 8.039448536 ], [ 79.74241013, 8.039292972 ], [ 79.74241013, 8.038753983 ] ] ], [ [ [ 79.774231463, 8.341335093 ], [ 79.774373917, 8.341551966 ], [ 79.77452948, 8.341616402 ], [ 79.774848469, 8.341616402 ], [ 79.774848469, 8.341935391 ], [ 79.774912906, 8.342090955 ], [ 79.775117964, 8.342155391 ], [ 79.775117964, 8.342474381 ], [ 79.7751824, 8.342629944 ], [ 79.775387458, 8.342694381 ], [ 79.775451895, 8.342899439 ], [ 79.775659465, 8.343019434 ], [ 79.77572139, 8.343168933 ], [ 79.775926448, 8.34323337 ], [ 79.775990884, 8.343438428 ], [ 79.776195942, 8.343538778 ], [ 79.776260379, 8.343707922 ], [ 79.776465437, 8.343772359 ], [ 79.776465437, 8.344091348 ], [ 79.776529873, 8.344246912 ], [ 79.776734931, 8.344311348 ], [ 79.776734931, 8.344630337 ], [ 79.776799368, 8.344785901 ], [ 79.777004426, 8.344850337 ], [ 79.777068862, 8.345055395 ], [ 79.777273921, 8.345119832 ], [ 79.777338357, 8.34532489 ], [ 79.777543415, 8.345389326 ], [ 79.777607852, 8.345594384 ], [ 79.77781291, 8.345658821 ], [ 79.777788495, 8.346296799 ], [ 79.777607852, 8.346361236 ], [ 79.777543415, 8.346566294 ], [ 79.777444426, 8.346566294 ], [ 79.77737999, 8.346361236 ], [ 79.777174931, 8.346296799 ], [ 79.777174931, 8.345708316 ], [ 79.777110495, 8.345552752 ], [ 79.776954931, 8.345488316 ], [ 79.776685437, 8.345488316 ], [ 79.776529873, 8.345552752 ], [ 79.776465437, 8.345708316 ], [ 79.776465437, 8.346835788 ], [ 79.776260379, 8.346900225 ], [ 79.776195942, 8.347055788 ], [ 79.776195942, 8.347594778 ], [ 79.776260379, 8.347750341 ], [ 79.776465437, 8.347814778 ], [ 79.776529873, 8.348019836 ], [ 79.776685437, 8.348084272 ], [ 79.777224426, 8.348084272 ], [ 79.77737999, 8.348019836 ], [ 79.777444426, 8.347814778 ], [ 79.77781291, 8.347814778 ], [ 79.777868724, 8.34799902 ], [ 79.77781291, 8.348452756 ], [ 79.777607852, 8.348517192 ], [ 79.777338357, 8.348786687 ], [ 79.777273921, 8.348991745 ], [ 79.777068862, 8.349056182 ], [ 79.777004426, 8.349211745 ], [ 79.777004426, 8.350289724 ], [ 79.777068862, 8.350445287 ], [ 79.777249506, 8.350509724 ], [ 79.777229005, 8.350693965 ], [ 79.777338357, 8.350984276 ], [ 79.777493921, 8.351048713 ], [ 79.778315985, 8.351048713 ], [ 79.778351899, 8.351116812 ], [ 79.778351899, 8.351695693 ], [ 79.778217152, 8.351996523 ], [ 79.778262067, 8.352670259 ], [ 79.778416335, 8.35296057 ], [ 79.778621394, 8.353150752 ], [ 79.778621394, 8.35361349 ], [ 79.77868583, 8.353769054 ], [ 79.778890888, 8.35383349 ], [ 79.778890888, 8.354152479 ], [ 79.778955325, 8.354308043 ], [ 79.779160383, 8.354372479 ], [ 79.779160383, 8.355166937 ], [ 79.779025635, 8.3556347 ], [ 79.779160383, 8.35601263 ], [ 79.779160383, 8.356308436 ], [ 79.779224819, 8.356463999 ], [ 79.779694793, 8.356663183 ], [ 79.780188866, 8.356663183 ], [ 79.780514869, 8.356594861 ], [ 79.780572292, 8.356733494 ], [ 79.780727856, 8.35679793 ], [ 79.781046845, 8.35679793 ], [ 79.781046845, 8.35711692 ], [ 79.781111281, 8.357272483 ], [ 79.781238322, 8.357325105 ], [ 79.781585834, 8.357821991 ], [ 79.781585834, 8.358244393 ], [ 79.781380776, 8.358308829 ], [ 79.781316339, 8.358513887 ], [ 79.781111281, 8.358578324 ], [ 79.780957013, 8.359138129 ], [ 79.780957013, 8.359362708 ], [ 79.781111281, 8.359697934 ], [ 79.781316339, 8.359933032 ], [ 79.781380776, 8.360236924 ], [ 79.781765497, 8.360554147 ], [ 79.781765497, 8.360800012 ], [ 79.781919765, 8.361135239 ], [ 79.782124823, 8.361280505 ], [ 79.782124823, 8.361428833 ], [ 79.782304486, 8.36185168 ], [ 79.782304486, 8.362057654 ], [ 79.782450132, 8.362372064 ], [ 79.782349402, 8.363000885 ], [ 79.782458754, 8.363470859 ], [ 79.782639398, 8.363535295 ], [ 79.782618896, 8.363629706 ], [ 79.782728249, 8.363830185 ], [ 79.782933307, 8.363892725 ], [ 79.782933307, 8.36421361 ], [ 79.782997743, 8.364369174 ], [ 79.78311297, 8.364416902 ], [ 79.783267238, 8.364908163 ], [ 79.783472296, 8.3649726 ], [ 79.783472296, 8.365561083 ], [ 79.783536732, 8.365716647 ], [ 79.783741791, 8.365781083 ], [ 79.783741791, 8.366100072 ], [ 79.783806227, 8.366255636 ], [ 79.784011285, 8.366320072 ], [ 79.784011285, 8.366639062 ], [ 79.784075722, 8.366794625 ], [ 79.78428078, 8.366859062 ], [ 79.784345216, 8.36706412 ], [ 79.784460443, 8.367111848 ], [ 79.784524879, 8.367333614 ], [ 79.784640106, 8.367433965 ], [ 79.784704542, 8.367603109 ], [ 79.784819769, 8.367650837 ], [ 79.784774853, 8.368076366 ], [ 79.784819769, 8.368229718 ], [ 79.784819769, 8.369922491 ], [ 79.784659627, 8.369986928 ], [ 79.78459519, 8.370232323 ], [ 79.785108784, 8.371555696 ], [ 79.785309264, 8.371665048 ], [ 79.785509743, 8.371600612 ], [ 79.786935533, 8.369049606 ], [ 79.799776718, 8.390430836 ], [ 79.802499571, 8.410005232 ], [ 79.799821634, 8.417982359 ], [ 79.792405954, 8.417982359 ], [ 79.792250391, 8.418046796 ], [ 79.782708728, 8.442950945 ], [ 79.782618896, 8.44322044 ], [ 79.782618896, 8.444433165 ], [ 79.782663812, 8.444541602 ], [ 79.782663812, 8.445780638 ], [ 79.782708728, 8.445889074 ], [ 79.782708728, 8.447128111 ], [ 79.782753644, 8.447236548 ], [ 79.782753644, 8.448475584 ], [ 79.78279856, 8.44858402 ], [ 79.78279856, 8.449823057 ], [ 79.782843475, 8.449931493 ], [ 79.782843475, 8.45117053 ], [ 79.782888391, 8.451278966 ], [ 79.782888391, 8.452518003 ], [ 79.782933307, 8.452626439 ], [ 79.782978223, 8.455257864 ], [ 79.783068054, 8.45653411 ], [ 79.783292633, 8.463638508 ], [ 79.775746785, 8.484646355 ], [ 79.765182422, 8.497706766 ], [ 79.765182422, 8.496894778 ], [ 79.765117986, 8.496739214 ], [ 79.764962422, 8.496674778 ], [ 79.764672112, 8.496829046 ], [ 79.764609572, 8.497034104 ], [ 79.76429025, 8.497160497 ], [ 79.763995092, 8.496918878 ], [ 79.763659865, 8.496854441 ], [ 79.763504302, 8.496918878 ], [ 79.763439865, 8.497091815 ], [ 79.763031044, 8.496944272 ], [ 79.76276155, 8.496944272 ], [ 79.762605986, 8.497008709 ], [ 79.76254155, 8.497164272 ], [ 79.76278565, 8.497858825 ], [ 79.762900876, 8.497959176 ], [ 79.762965312, 8.49812832 ], [ 79.763142163, 8.498192756 ], [ 79.763324639, 8.49844273 ], [ 79.763582138, 8.498564803 ], [ 79.763484781, 8.498736324 ], [ 79.763484781, 8.498960903 ], [ 79.763549218, 8.499116466 ], [ 79.763689414, 8.499200849 ], [ 79.763855005, 8.499544808 ], [ 79.763799191, 8.499679555 ], [ 79.763799191, 8.500218544 ], [ 79.76393874, 8.500431532 ], [ 79.763889023, 8.500667702 ], [ 79.763989183, 8.500838063 ], [ 79.763908544, 8.500871465 ], [ 79.76370936, 8.501386354 ], [ 79.763765174, 8.501566017 ], [ 79.763619528, 8.501925344 ], [ 79.763619528, 8.502105006 ], [ 79.763683965, 8.50226057 ], [ 79.763889023, 8.502325006 ], [ 79.763953459, 8.502619896 ], [ 79.7640805, 8.502672518 ], [ 79.764312785, 8.502979222 ], [ 79.764472928, 8.503043659 ], [ 79.76455715, 8.503272816 ], [ 79.764573658, 8.503317732 ], [ 79.764428012, 8.503632142 ], [ 79.764492448, 8.503877538 ], [ 79.764737844, 8.503941974 ], [ 79.764893407, 8.503877538 ], [ 79.764968487, 8.503759799 ], [ 79.76515303, 8.50371103 ], [ 79.765251247, 8.503866024 ], [ 79.765146664, 8.5040813 ], [ 79.765236496, 8.504454207 ], [ 79.765108761, 8.504854248 ], [ 79.764827675, 8.504669784 ], [ 79.764576785, 8.504747486 ], [ 79.764534081, 8.504644389 ], [ 79.764214221, 8.504560006 ], [ 79.764084923, 8.504374894 ], [ 79.76390526, 8.504285063 ], [ 79.763749697, 8.504220626 ], [ 79.76346861, 8.504225428 ], [ 79.763366271, 8.503925737 ], [ 79.763019453, 8.503866102 ], [ 79.762917113, 8.503656242 ], [ 79.76276155, 8.503591806 ], [ 79.762201744, 8.503835905 ], [ 79.762014375, 8.504322272 ], [ 79.761887334, 8.504374894 ], [ 79.761822898, 8.504620289 ], [ 79.761887334, 8.504775853 ], [ 79.762002561, 8.504823581 ], [ 79.762156829, 8.50522501 ], [ 79.762312392, 8.505289447 ], [ 79.762557787, 8.50522501 ], [ 79.762666694, 8.504840289 ], [ 79.762818571, 8.504961446 ], [ 79.762875481, 8.50522501 ], [ 79.763002522, 8.505277633 ], [ 79.763055144, 8.505404674 ], [ 79.76327691, 8.50546911 ], [ 79.763324639, 8.505584337 ], [ 79.763463271, 8.50564176 ], [ 79.763439865, 8.505877931 ], [ 79.763587407, 8.506107088 ], [ 79.763390371, 8.506229706 ], [ 79.763186608, 8.50590203 ], [ 79.762941213, 8.505837594 ], [ 79.762780155, 8.505915296 ], [ 79.76273745, 8.505812199 ], [ 79.762402224, 8.505747762 ], [ 79.762066997, 8.50590203 ], [ 79.761966647, 8.506107088 ], [ 79.76159374, 8.506107088 ], [ 79.761427658, 8.50619692 ], [ 79.761144582, 8.50619692 ], [ 79.760989019, 8.506261356 ], [ 79.760924582, 8.50641692 ], [ 79.760980396, 8.506641499 ], [ 79.760924582, 8.506866078 ], [ 79.761051623, 8.507135572 ], [ 79.761014414, 8.507315235 ], [ 79.76105933, 8.507476294 ], [ 79.760989019, 8.507518998 ], [ 79.760924582, 8.507764393 ], [ 79.760989019, 8.507919956 ], [ 79.761402563, 8.508328051 ], [ 79.761598319, 8.508726229 ], [ 79.761553403, 8.508932203 ], [ 79.761707671, 8.509267429 ], [ 79.761822898, 8.50936778 ], [ 79.762007362, 8.509818926 ], [ 79.761912729, 8.510010181 ], [ 79.761977166, 8.510255576 ], [ 79.762156829, 8.510614902 ], [ 79.762468547, 8.510849264 ], [ 79.762348006, 8.511017658 ], [ 79.761818319, 8.510778328 ], [ 79.761662755, 8.510842764 ], [ 79.761598319, 8.511229382 ], [ 79.761523744, 8.511227486 ], [ 79.761544245, 8.511088159 ], [ 79.761479809, 8.510932596 ], [ 79.760964919, 8.510733412 ], [ 79.76076444, 8.510797849 ], [ 79.760700004, 8.510953412 ], [ 79.760700004, 8.511312738 ], [ 79.760924582, 8.512525464 ], [ 79.760989019, 8.512681027 ], [ 79.761205892, 8.512823481 ], [ 79.761258514, 8.512950522 ], [ 79.761385554, 8.513003144 ], [ 79.761553403, 8.513230536 ], [ 79.76161784, 8.513579343 ], [ 79.76185821, 8.513643779 ], [ 79.762092392, 8.514039019 ], [ 79.762451718, 8.514937334 ], [ 79.762361887, 8.515130578 ], [ 79.762361887, 8.515310241 ], [ 79.762426323, 8.515465805 ], [ 79.76264809, 8.515530241 ], [ 79.762687196, 8.515624652 ], [ 79.762631381, 8.51584923 ], [ 79.762695818, 8.516004794 ], [ 79.762990708, 8.516142354 ], [ 79.762990708, 8.51638822 ], [ 79.763144976, 8.516723446 ], [ 79.763272016, 8.516776068 ], [ 79.763324639, 8.516903109 ], [ 79.76362433, 8.517005448 ], [ 79.763683965, 8.517262435 ], [ 79.763844107, 8.51738139 ], [ 79.763908544, 8.517621761 ], [ 79.764068686, 8.517722112 ], [ 79.764133122, 8.517936172 ], [ 79.764378517, 8.518045524 ], [ 79.764692928, 8.518045524 ], [ 79.765162902, 8.51784634 ], [ 79.765192025, 8.517776029 ], [ 79.765380245, 8.517776029 ], [ 79.765480595, 8.517981088 ], [ 79.765636159, 8.518045524 ], [ 79.765865316, 8.517987813 ], [ 79.765929753, 8.518160751 ], [ 79.766085316, 8.518225187 ], [ 79.766803969, 8.518225187 ], [ 79.766959532, 8.518160751 ], [ 79.7671138, 8.517825524 ], [ 79.7671138, 8.517416703 ], [ 79.76740869, 8.517352267 ], [ 79.767473126, 8.517196703 ], [ 79.767454522, 8.516972124 ], [ 79.767562958, 8.516747546 ], [ 79.767562958, 8.516478051 ], [ 79.767346733, 8.516117161 ], [ 79.767383295, 8.515939062 ], [ 79.767318858, 8.515783498 ], [ 79.766934137, 8.515645938 ], [ 79.766869701, 8.515424172 ], [ 79.766749673, 8.515321833 ], [ 79.766690038, 8.515064846 ], [ 79.766339334, 8.514636505 ], [ 79.766405791, 8.514270088 ], [ 79.766565809, 8.514182768 ], [ 79.766725729, 8.514177967 ], [ 79.7668938, 8.5142726 ], [ 79.767266707, 8.5142726 ], [ 79.767367057, 8.514387826 ], [ 79.767588824, 8.514452263 ], [ 79.767636552, 8.514567489 ], [ 79.767971778, 8.514721758 ], [ 79.768127813, 8.514721758 ], [ 79.768265373, 8.514926816 ], [ 79.768778051, 8.51513279 ], [ 79.768984025, 8.515555636 ], [ 79.769153169, 8.515620073 ], [ 79.769384414, 8.515842139 ], [ 79.769638241, 8.516194976 ], [ 79.769728072, 8.516374639 ], [ 79.769638241, 8.516657714 ], [ 79.769728072, 8.517376366 ], [ 79.769792509, 8.51753193 ], [ 79.76991955, 8.517584552 ], [ 79.770034128, 8.517737256 ], [ 79.769997567, 8.518005187 ], [ 79.770062003, 8.518160751 ], [ 79.770238854, 8.518225187 ], [ 79.770267061, 8.518544176 ], [ 79.770446724, 8.519069585 ], [ 79.770446724, 8.519186578 ], [ 79.770241666, 8.519286928 ], [ 79.770042483, 8.519671649 ], [ 79.769768409, 8.519671649 ], [ 79.769612846, 8.519736086 ], [ 79.769548409, 8.519891649 ], [ 79.769612846, 8.520226876 ], [ 79.769817904, 8.520291312 ], [ 79.76988234, 8.520541286 ], [ 79.770087398, 8.520603826 ], [ 79.770122396, 8.520784626 ], [ 79.769768409, 8.520659796 ], [ 79.76925352, 8.520903896 ], [ 79.769099252, 8.521149291 ], [ 79.769099252, 8.521328954 ], [ 79.769278914, 8.521664651 ], [ 79.768804362, 8.521802211 ], [ 79.768739925, 8.522137437 ], [ 79.768894193, 8.522382832 ], [ 79.7695426, 8.5225371 ], [ 79.769458578, 8.522725921 ], [ 79.769298435, 8.522790358 ], [ 79.769189083, 8.523035753 ], [ 79.769189083, 8.523260332 ], [ 79.769293666, 8.523494213 ], [ 79.769278914, 8.523934068 ], [ 79.769343351, 8.524089631 ], [ 79.769442485, 8.5241384 ], [ 79.769523014, 8.524448958 ], [ 79.769586535, 8.524475269 ], [ 79.769747593, 8.524853199 ], [ 79.769817904, 8.524882323 ], [ 79.769817904, 8.525012046 ], [ 79.769972172, 8.525347273 ], [ 79.77017723, 8.525411709 ], [ 79.770331498, 8.52579643 ], [ 79.77048485, 8.525912573 ], [ 79.770684098, 8.526229351 ], [ 79.770331498, 8.526293787 ], [ 79.770267061, 8.526695216 ], [ 79.769972172, 8.526832776 ], [ 79.769907735, 8.52698834 ], [ 79.769912537, 8.527269426 ], [ 79.769817904, 8.527437498 ], [ 79.76988234, 8.527682893 ], [ 79.770377394, 8.527837161 ], [ 79.770356893, 8.528066318 ], [ 79.770483286, 8.528247545 ], [ 79.770446724, 8.528425644 ], [ 79.770541357, 8.528706731 ], [ 79.770446724, 8.528874802 ], [ 79.770467226, 8.529014128 ], [ 79.770062003, 8.529168396 ], [ 79.769997567, 8.529375351 ], [ 79.769834141, 8.529078565 ], [ 79.769577154, 8.52901893 ], [ 79.769474815, 8.528898902 ], [ 79.769139588, 8.528744634 ], [ 79.768600599, 8.528744634 ], [ 79.768445036, 8.52880907 ], [ 79.768200936, 8.529368875 ], [ 79.768269336, 8.529705744 ], [ 79.76815602, 8.529997696 ], [ 79.76815602, 8.530177359 ], [ 79.768265373, 8.530377838 ], [ 79.76860769, 8.530497834 ], [ 79.768829757, 8.531229027 ], [ 79.768829757, 8.531403665 ], [ 79.768739925, 8.531569748 ], [ 79.768739925, 8.531852823 ], [ 79.768355204, 8.532537078 ], [ 79.768290768, 8.532917221 ], [ 79.768470431, 8.533173135 ], [ 79.768534867, 8.53343211 ], [ 79.768874673, 8.533487545 ], [ 79.768979256, 8.534004502 ], [ 79.768849278, 8.53410913 ], [ 79.768784841, 8.534264694 ], [ 79.768739925, 8.534489272 ], [ 79.76879574, 8.53462402 ], [ 79.768634001, 8.535003592 ], [ 79.768534867, 8.535052361 ], [ 79.768380599, 8.535522335 ], [ 79.768445036, 8.535677899 ], [ 79.768754029, 8.53575778 ], [ 79.768784841, 8.536375735 ], [ 79.768849278, 8.536531298 ], [ 79.769054336, 8.536593838 ], [ 79.769203834, 8.537085084 ], [ 79.768959925, 8.537009134 ], [ 79.768690431, 8.537009134 ], [ 79.768534867, 8.537073571 ], [ 79.768380599, 8.537363882 ], [ 79.768386048, 8.537601616 ], [ 79.768290768, 8.537857955 ], [ 79.768320752, 8.538110006 ], [ 79.768175541, 8.538196465 ], [ 79.768113617, 8.538345964 ], [ 79.767906047, 8.538465959 ], [ 79.767796694, 8.538801186 ], [ 79.767995878, 8.539091497 ], [ 79.76837602, 8.539200849 ], [ 79.768845994, 8.539001665 ], [ 79.768910431, 8.538846102 ], [ 79.76886613, 8.538694236 ], [ 79.769049757, 8.538796607 ], [ 79.769278914, 8.53874269 ], [ 79.769325426, 8.539048223 ], [ 79.769278914, 8.539205428 ], [ 79.769343351, 8.539360991 ], [ 79.769548409, 8.539425428 ], [ 79.769413662, 8.539789333 ], [ 79.769478098, 8.540079644 ], [ 79.769768409, 8.540233912 ], [ 79.769968318, 8.540205088 ], [ 79.770101502, 8.540339188 ], [ 79.770151835, 8.540663548 ], [ 79.770307398, 8.540727985 ], [ 79.770678829, 8.540534731 ], [ 79.770714443, 8.54074688 ], [ 79.770626388, 8.540957143 ], [ 79.770682202, 8.54109189 ], [ 79.770458539, 8.541467609 ], [ 79.770286582, 8.541565147 ], [ 79.770132314, 8.541945289 ], [ 79.770132314, 8.542169868 ], [ 79.770196751, 8.542325432 ], [ 79.770352314, 8.542389868 ], [ 79.770485498, 8.542353306 ], [ 79.770574681, 8.542441574 ], [ 79.770581472, 8.542708857 ], [ 79.770761135, 8.542959747 ], [ 79.770728033, 8.543039661 ], [ 79.770600992, 8.543092283 ], [ 79.770536556, 8.543486006 ], [ 79.77045309, 8.543573201 ], [ 79.770037904, 8.54352192 ], [ 79.76988234, 8.543586356 ], [ 79.769772988, 8.543876667 ], [ 79.769927256, 8.54425681 ], [ 79.770042482, 8.544304538 ], [ 79.770106919, 8.544616136 ], [ 79.770307398, 8.544680572 ], [ 79.770642625, 8.544481388 ], [ 79.770713852, 8.544328036 ], [ 79.770957035, 8.544122062 ], [ 79.771111303, 8.54374192 ], [ 79.771084044, 8.543541363 ], [ 79.771361277, 8.543493242 ], [ 79.771432504, 8.543250058 ], [ 79.771654871, 8.542985902 ], [ 79.771678971, 8.543044084 ], [ 79.77194174, 8.54310852 ], [ 79.771884029, 8.543337678 ], [ 79.77197386, 8.543579631 ], [ 79.771789618, 8.54352192 ], [ 79.771634055, 8.543586356 ], [ 79.771479787, 8.543921583 ], [ 79.771484588, 8.544247585 ], [ 79.771120461, 8.544864814 ], [ 79.771409476, 8.545559367 ], [ 79.771631242, 8.545623803 ], [ 79.771844562, 8.545974553 ], [ 79.771749282, 8.546351613 ], [ 79.771319645, 8.546505881 ], [ 79.771229813, 8.546595713 ], [ 79.771165377, 8.546751276 ], [ 79.771217818, 8.546994024 ], [ 79.770860704, 8.547293068 ], [ 79.770655133, 8.54725473 ], [ 79.77058002, 8.547110602 ], [ 79.77061723, 8.546930939 ], [ 79.770552793, 8.546775376 ], [ 79.770430041, 8.54672453 ], [ 79.770437567, 8.546481782 ], [ 79.77037313, 8.546326218 ], [ 79.77008387, 8.546217301 ], [ 79.770123156, 8.54607754 ], [ 79.769968888, 8.545607566 ], [ 79.769792038, 8.545543129 ], [ 79.769629083, 8.545282636 ], [ 79.76976383, 8.544954646 ], [ 79.769654478, 8.544709251 ], [ 79.769492439, 8.544644814 ], [ 79.769480232, 8.544516354 ], [ 79.769699394, 8.544301725 ], [ 79.76976383, 8.54405633 ], [ 79.769564646, 8.54376602 ], [ 79.769409083, 8.543701583 ], [ 79.769208604, 8.54376602 ], [ 79.768894193, 8.544125346 ], [ 79.768829757, 8.544339406 ], [ 79.768624699, 8.544439756 ], [ 79.768573853, 8.544562509 ], [ 79.768308647, 8.544623382 ], [ 79.768217174, 8.544529588 ], [ 79.767837031, 8.544420235 ], [ 79.767591636, 8.544574503 ], [ 79.767365416, 8.544892877 ], [ 79.767248548, 8.544841185 ], [ 79.767158716, 8.5446089 ], [ 79.767158716, 8.544370741 ], [ 79.767049364, 8.543990598 ], [ 79.766811519, 8.543876667 ], [ 79.766934137, 8.543697004 ], [ 79.766934137, 8.54342751 ], [ 79.766869701, 8.543271946 ], [ 79.766720202, 8.543210022 ], [ 79.766690038, 8.543137199 ], [ 79.766534474, 8.543072762 ], [ 79.766333995, 8.543137199 ], [ 79.7660645, 8.543271946 ], [ 79.766016772, 8.543387173 ], [ 79.765795006, 8.543451609 ], [ 79.765730569, 8.543710585 ], [ 79.765605559, 8.543834554 ], [ 79.765366664, 8.543791415 ], [ 79.765211101, 8.543855851 ], [ 79.765011917, 8.544235993 ], [ 79.765011917, 8.544550404 ], [ 79.76604498, 8.552500494 ], [ 79.766154332, 8.552790805 ], [ 79.766354811, 8.552855241 ], [ 79.76655529, 8.552745889 ], [ 79.766619727, 8.552531829 ], [ 79.766920546, 8.552084147 ], [ 79.767139195, 8.552027237 ], [ 79.767338379, 8.551602179 ], [ 79.76729524, 8.551408199 ], [ 79.767482284, 8.551172857 ], [ 79.767482284, 8.55169201 ], [ 79.767631783, 8.551997118 ], [ 79.767572116, 8.552275915 ], [ 79.767636552, 8.552431479 ], [ 79.767931442, 8.552486913 ], [ 79.768040794, 8.552790805 ], [ 79.768196357, 8.552855241 ], [ 79.768441752, 8.552790805 ], [ 79.768711247, 8.552566226 ], [ 79.768775684, 8.55234446 ], [ 79.768935826, 8.552251816 ], [ 79.768990525, 8.552119761 ], [ 79.7691002, 8.55216519 ], [ 79.769054336, 8.552365747 ], [ 79.769167651, 8.552612783 ], [ 79.769099252, 8.552769989 ], [ 79.769171426, 8.553063505 ], [ 79.769119753, 8.553358472 ], [ 79.768939109, 8.553422909 ], [ 79.768829757, 8.553681884 ], [ 79.768546381, 8.553822382 ], [ 79.768106526, 8.553717798 ], [ 79.767950962, 8.553782235 ], [ 79.767835468, 8.553978939 ], [ 79.767477705, 8.553942377 ], [ 79.767163295, 8.553987293 ], [ 79.767007731, 8.55405173 ], [ 79.766943295, 8.554207293 ], [ 79.767052647, 8.554497604 ], [ 79.768804362, 8.557102718 ], [ 79.769588746, 8.557346818 ], [ 79.778751562, 8.559502774 ], [ 79.778931225, 8.559502774 ], [ 79.779131704, 8.559393422 ], [ 79.779285972, 8.55901328 ], [ 79.77917662, 8.558722969 ], [ 79.779073523, 8.558680265 ], [ 79.779151225, 8.558519206 ], [ 79.779151225, 8.558325963 ], [ 79.779446115, 8.558225612 ], [ 79.779535946, 8.558135781 ], [ 79.779600383, 8.557914014 ], [ 79.779715609, 8.557866286 ], [ 79.779780046, 8.557661228 ], [ 79.779940188, 8.557596792 ], [ 79.78019389, 8.556987492 ], [ 79.791013566, 8.559008701 ], [ 79.801299276, 8.557661228 ], [ 79.801953613181084, 8.557340298933109 ], [ 79.801595374644108, 8.556444702590682 ], [ 79.804479746545638, 8.54875304418659 ], [ 79.800633917343589, 8.543945757684032 ], [ 79.797749545442059, 8.532408270077894 ], [ 79.799672460043084, 8.520870782471759 ], [ 79.799672460043084, 8.509814023515876 ], [ 79.794670360178003, 8.503272816 ], [ 79.793422987589764, 8.50164163646153 ], [ 79.79053861568822, 8.495872892658461 ], [ 79.796788088141554, 8.477605203948743 ], [ 79.807844847097428, 8.465586987692351 ], [ 79.809287033048193, 8.461260429840049 ], [ 79.809287033048193, 8.450203670884168 ], [ 79.810568516333262, 8.447128111 ], [ 79.814094319550748, 8.438666183278031 ], [ 79.816497962802032, 8.432897439474962 ], [ 79.817459420102537, 8.42087922321857 ], [ 79.817459420102537, 8.408861006962177 ], [ 79.814094319550748, 8.396362062055529 ], [ 79.806883389796923, 8.382420931198112 ], [ 79.800633917343589, 8.372806358192998 ], [ 79.792461530289245, 8.362230327887373 ], [ 79.79101934433848, 8.348769925680212 ], [ 79.78813497243695, 8.339636081325354 ], [ 79.789072191080564, 8.334793785 ], [ 79.771839113, 8.334793785 ], [ 79.772153523, 8.335319194 ], [ 79.77221796, 8.335533253 ], [ 79.772387104, 8.33559769 ], [ 79.772667118, 8.33620699 ], [ 79.772955217, 8.336412964 ], [ 79.773186586, 8.336878515 ], [ 79.77334924, 8.337645936 ], [ 79.773186586, 8.338387046 ], [ 79.773231502, 8.339150614 ], [ 79.773295938, 8.339306178 ], [ 79.773422979, 8.3393588 ], [ 79.773456081, 8.339438714 ], [ 79.773500996, 8.340228592 ], [ 79.773565433, 8.340384156 ], [ 79.773770491, 8.340484506 ], [ 79.773770491, 8.340767582 ], [ 79.773834928, 8.340923145 ], [ 79.774039986, 8.341023496 ], [ 79.774104422, 8.341282471 ], [ 79.774231463, 8.341335093 ] ], [ [ 79.780543614, 8.491096066 ], [ 79.780703756, 8.491031629 ], [ 79.780768192, 8.490876066 ], [ 79.780768192, 8.490696402 ], [ 79.780645574, 8.490516739 ], [ 79.780768192, 8.490337076 ], [ 79.780768192, 8.489771776 ], [ 79.780947856, 8.488918376 ], [ 79.781136676, 8.488581858 ], [ 79.781136676, 8.488791336 ], [ 79.780957013, 8.489438761 ], [ 79.781009455, 8.489879777 ], [ 79.780931618, 8.489912018 ], [ 79.780867182, 8.490067582 ], [ 79.780867182, 8.490606571 ], [ 79.780931618, 8.490762134 ], [ 79.781136676, 8.490826571 ], [ 79.781136676, 8.49092556 ], [ 79.780931618, 8.490989997 ], [ 79.780867182, 8.49114556 ], [ 79.780867182, 8.491499862 ], [ 79.780796871, 8.491528986 ], [ 79.780732434, 8.491769357 ], [ 79.780486158, 8.491984318 ], [ 79.780543614, 8.491096066 ] ], [ [ 79.78033143, 8.492152201 ], [ 79.780298028, 8.492573562 ], [ 79.780229203, 8.492721116 ], [ 79.780229203, 8.492197227 ], [ 79.78033143, 8.492152201 ] ], [ [ 79.781441169, 8.495002977 ], [ 79.781307182, 8.494967979 ], [ 79.781307182, 8.494923508 ], [ 79.781406171, 8.49486899 ], [ 79.781441169, 8.495002977 ] ], [ [ 79.771463616, 8.500433743 ], [ 79.771794197, 8.50056429 ], [ 79.771794197, 8.500757534 ], [ 79.771920591, 8.50093876 ], [ 79.771884029, 8.501566017 ], [ 79.771948465, 8.501721581 ], [ 79.772066204, 8.50177035 ], [ 79.772128128, 8.501901244 ], [ 79.772566767, 8.502055512 ], [ 79.772712033, 8.50226057 ], [ 79.772962007, 8.502353214 ], [ 79.773026444, 8.502530065 ], [ 79.773269627, 8.502646207 ], [ 79.773500996, 8.502989741 ], [ 79.773565433, 8.503248717 ], [ 79.773589351, 8.503272816 ], [ 79.773862834, 8.503548376 ], [ 79.774059506, 8.503877538 ], [ 79.774129817, 8.503906661 ], [ 79.774129817, 8.504094881 ], [ 79.774039986, 8.504350795 ], [ 79.774166379, 8.504532022 ], [ 79.774129817, 8.504710121 ], [ 79.774219649, 8.504876203 ], [ 79.774247556, 8.505226652 ], [ 79.774103951, 8.505298605 ], [ 79.774056223, 8.505183378 ], [ 79.773900659, 8.505118942 ], [ 79.773655264, 8.505183378 ], [ 79.773500996, 8.505518605 ], [ 79.773527753, 8.505747762 ], [ 79.773367735, 8.505660443 ], [ 79.773132513, 8.505217775 ], [ 79.773068076, 8.504913884 ], [ 79.77295285, 8.504866155 ], [ 79.772888413, 8.504644389 ], [ 79.772683355, 8.504506829 ], [ 79.772683355, 8.5040813 ], [ 79.772376651, 8.503362648 ], [ 79.772385953, 8.503272816 ], [ 79.77241386, 8.503003322 ], [ 79.772349424, 8.502847758 ], [ 79.772234197, 8.502747408 ], [ 79.772079929, 8.502398601 ], [ 79.77178504, 8.502334164 ], [ 79.771720603, 8.502039275 ], [ 79.771593562, 8.501986652 ], [ 79.771478983, 8.501833948 ], [ 79.771515545, 8.501655849 ], [ 79.771451109, 8.501500285 ], [ 79.77124605, 8.501322834 ], [ 79.77124605, 8.501000717 ], [ 79.771463616, 8.500433743 ] ], [ [ 79.764191304, 8.506237257 ], [ 79.764133122, 8.506261356 ], [ 79.763969697, 8.506613957 ], [ 79.763911986, 8.506187762 ], [ 79.764107459, 8.506151201 ], [ 79.764191304, 8.506237257 ] ], [ [ 79.77134504, 8.50742244 ], [ 79.771234236, 8.507376544 ], [ 79.771227446, 8.507360151 ], [ 79.771271916, 8.507265741 ], [ 79.77134504, 8.50742244 ] ], [ [ 79.772051563, 8.508142324 ], [ 79.77197386, 8.508483045 ], [ 79.772119506, 8.508797455 ], [ 79.771948465, 8.508866471 ], [ 79.771895843, 8.508993512 ], [ 79.771768802, 8.509046134 ], [ 79.771704366, 8.509271693 ], [ 79.771417027, 8.509312501 ], [ 79.771361277, 8.509001218 ], [ 79.77124605, 8.50895349 ], [ 79.77124605, 8.508662708 ], [ 79.771181614, 8.508507145 ], [ 79.771033601, 8.508393214 ], [ 79.771207925, 8.50812593 ], [ 79.771451109, 8.508009788 ], [ 79.771506858, 8.507743421 ], [ 79.771654871, 8.50780473 ], [ 79.771721074, 8.50780473 ], [ 79.771768802, 8.507919956 ], [ 79.772051563, 8.508142324 ] ], [ [ 79.77134504, 8.509520686 ], [ 79.771335882, 8.509520686 ], [ 79.771335882, 8.509471192 ], [ 79.771353727, 8.50945022 ], [ 79.77134504, 8.509520686 ] ], [ [ 79.771181614, 8.510255576 ], [ 79.77124605, 8.510030017 ], [ 79.77134504, 8.510086432 ], [ 79.771507046, 8.510348613 ], [ 79.771295545, 8.51032917 ], [ 79.770997988, 8.510347049 ], [ 79.771181614, 8.510255576 ] ], [ [ 79.77942072, 8.516055204 ], [ 79.779510551, 8.515742025 ], [ 79.779699372, 8.515872859 ], [ 79.779699372, 8.516028894 ], [ 79.77985364, 8.516274288 ], [ 79.779968866, 8.516322017 ], [ 79.780058698, 8.516554302 ], [ 79.780058698, 8.517120452 ], [ 79.779964288, 8.517302012 ], [ 79.779739709, 8.517246198 ], [ 79.779582504, 8.517314598 ], [ 79.779510551, 8.517223014 ], [ 79.77942072, 8.516055204 ] ], [ [ 79.767567537, 8.549647617 ], [ 79.767572116, 8.549850464 ], [ 79.767751778, 8.55027331 ], [ 79.767721614, 8.550739477 ], [ 79.767687968, 8.550770186 ], [ 79.767697705, 8.550389453 ], [ 79.767633269, 8.55023389 ], [ 79.767432789, 8.550169453 ], [ 79.767187394, 8.550278805 ], [ 79.767078042, 8.550530676 ], [ 79.766790703, 8.55067992 ], [ 79.766773694, 8.550551997 ], [ 79.767004448, 8.550500101 ], [ 79.767358325, 8.549775999 ], [ 79.767567537, 8.549647617 ] ], [ [ 79.766494137, 8.551381104 ], [ 79.766435262, 8.551096514 ], [ 79.766727403, 8.550817639 ], [ 79.766657708, 8.550948689 ], [ 79.766494137, 8.551332684 ], [ 79.766494137, 8.551381104 ] ], [ [ 79.770226869, 8.551632187 ], [ 79.770238974, 8.551661411 ], [ 79.77020975, 8.551673516 ], [ 79.770226869, 8.551632187 ] ], [ [ 79.770666724, 8.551831336 ], [ 79.770663221, 8.551831336 ], [ 79.770737951, 8.551789392 ], [ 79.770773675, 8.551875637 ], [ 79.770666724, 8.551831336 ] ], [ [ 79.773380275, 8.554064995 ], [ 79.773337571, 8.553961898 ], [ 79.773132513, 8.553899358 ], [ 79.773044457, 8.553564156 ], [ 79.773132513, 8.553398809 ], [ 79.773132513, 8.553129315 ], [ 79.773068076, 8.552973751 ], [ 79.772891226, 8.552909315 ], [ 79.772863018, 8.552833509 ], [ 79.77311078, 8.552630662 ], [ 79.773451502, 8.552675578 ], [ 79.773610349, 8.553060299 ], [ 79.773881004, 8.553303964 ], [ 79.773565433, 8.553467825 ], [ 79.773500996, 8.553816632 ], [ 79.773380275, 8.554064995 ] ], [ [ 79.78724522, 8.471387203 ], [ 79.787146231, 8.471358995 ], [ 79.787146231, 8.470830054 ], [ 79.787217013, 8.47079414 ], [ 79.78724522, 8.471387203 ] ], [ [ 79.78693081, 8.473803051 ], [ 79.786876736, 8.473825449 ], [ 79.786892829, 8.473518334 ], [ 79.787074244, 8.473427777 ], [ 79.787040162, 8.473517764 ], [ 79.78693081, 8.473803051 ] ], [ [ 79.785647773, 8.476033047 ], [ 79.785259769, 8.476834805 ], [ 79.78523251, 8.47666179 ], [ 79.7853496, 8.476458105 ], [ 79.785439432, 8.476027552 ], [ 79.785599574, 8.475939932 ], [ 79.785753842, 8.475456378 ], [ 79.7859589, 8.475356027 ], [ 79.786607242, 8.47429757 ], [ 79.7868364, 8.474174952 ], [ 79.786824886, 8.474322395 ], [ 79.786680836, 8.474505911 ], [ 79.786330812, 8.474996131 ], [ 79.786186763, 8.475089816 ], [ 79.786032495, 8.475670908 ], [ 79.785917268, 8.475718637 ], [ 79.785647773, 8.476033047 ] ], [ [ 79.783806227, 8.478904373 ], [ 79.783961791, 8.478968809 ], [ 79.784207186, 8.478904373 ], [ 79.784271622, 8.478555566 ], [ 79.784439471, 8.478238342 ], [ 79.784566512, 8.47818572 ], [ 79.784608055, 8.478085426 ], [ 79.784640106, 8.478191215 ], [ 79.784479964, 8.478638161 ], [ 79.784408737, 8.478836429 ], [ 79.784210469, 8.479087319 ], [ 79.784091959, 8.47942605 ], [ 79.784027523, 8.479132235 ], [ 79.783822464, 8.479067798 ], [ 79.783750289, 8.478859535 ], [ 79.783768972, 8.478814431 ], [ 79.783806227, 8.478904373 ] ], [ [ 79.784307536, 8.48032544 ], [ 79.784096538, 8.480235608 ], [ 79.783940974, 8.480300045 ], [ 79.783651959, 8.481084429 ], [ 79.783607043, 8.48166331 ], [ 79.783446901, 8.481737349 ], [ 79.783247717, 8.482355651 ], [ 79.783087575, 8.482500917 ], [ 79.782969065, 8.482673854 ], [ 79.783013981, 8.482112913 ], [ 79.783219039, 8.482048476 ], [ 79.783283475, 8.481892913 ], [ 79.783298407, 8.481371367 ], [ 79.783488533, 8.481239992 ], [ 79.78355297, 8.481084429 ], [ 79.783569979, 8.480567898 ], [ 79.783687717, 8.480365777 ], [ 79.783673613, 8.480286811 ], [ 79.783758028, 8.480251846 ], [ 79.783957212, 8.479652149 ], [ 79.784019972, 8.479626152 ], [ 79.784011285, 8.479961535 ], [ 79.784075722, 8.480117098 ], [ 79.784366032, 8.480226451 ], [ 79.784566512, 8.480117098 ], [ 79.784630948, 8.479723375 ], [ 79.784729937, 8.479553789 ], [ 79.784729937, 8.480289526 ], [ 79.784307536, 8.48032544 ] ], [ [ 79.782304486, 8.484587858 ], [ 79.782304486, 8.486025163 ], [ 79.782368923, 8.486180726 ], [ 79.782573981, 8.486245163 ], [ 79.782638417, 8.486450221 ], [ 79.782804925, 8.486553208 ], [ 79.782843475, 8.486757396 ], [ 79.782368923, 8.486947578 ], [ 79.782294883, 8.487152636 ], [ 79.782009596, 8.487217072 ], [ 79.78194516, 8.48742213 ], [ 79.781626171, 8.48742213 ], [ 79.781470607, 8.487486567 ], [ 79.781406171, 8.48764213 ], [ 79.781406171, 8.488230614 ], [ 79.781240424, 8.488278768 ], [ 79.781262266, 8.487763297 ], [ 79.781352098, 8.487597215 ], [ 79.781377492, 8.487258705 ], [ 79.781621592, 8.486564152 ], [ 79.781576676, 8.486276053 ], [ 79.781621592, 8.486056498 ], [ 79.781846171, 8.485665837 ], [ 79.781976117, 8.485115256 ], [ 79.78214106, 8.484968001 ], [ 79.782205497, 8.484812437 ], [ 79.78238516, 8.484318364 ], [ 79.782348598, 8.484095349 ], [ 79.782564823, 8.483779375 ], [ 79.782560022, 8.483633036 ], [ 79.782744486, 8.483240386 ], [ 79.782781876, 8.482907806 ], [ 79.782887776, 8.482863941 ], [ 79.782753644, 8.483330217 ], [ 79.782753644, 8.483670938 ], [ 79.782573981, 8.484048869 ], [ 79.782573981, 8.484254844 ], [ 79.782529065, 8.484367858 ], [ 79.782368923, 8.484432295 ], [ 79.782304486, 8.484587858 ] ], [ [ 79.781598629, 8.495237473 ], [ 79.781576676, 8.495237473 ], [ 79.781576676, 8.495215521 ], [ 79.781592199, 8.495221951 ], [ 79.781598629, 8.495237473 ] ], [ [ 79.779690214, 8.493791011 ], [ 79.779895272, 8.493726575 ], [ 79.779959709, 8.493571011 ], [ 79.779959709, 8.493252022 ], [ 79.78014853, 8.493194311 ], [ 79.780261845, 8.493503638 ], [ 79.780193445, 8.493750674 ], [ 79.780328192, 8.493935362 ], [ 79.780328192, 8.495457473 ], [ 79.780392629, 8.495613037 ], [ 79.780597687, 8.495677473 ], [ 79.780597687, 8.496535452 ], [ 79.780662124, 8.496691015 ], [ 79.780867182, 8.496755452 ], [ 79.780931618, 8.49696051 ], [ 79.781087182, 8.497024946 ], [ 79.781626171, 8.497024946 ], [ 79.782006313, 8.496825763 ], [ 79.782115666, 8.496535452 ], [ 79.782115666, 8.496265957 ], [ 79.782051229, 8.496110394 ], [ 79.781576676, 8.495956126 ], [ 79.781781734, 8.495882532 ], [ 79.781846171, 8.495656972 ], [ 79.78194516, 8.495677473 ], [ 79.782009596, 8.495882532 ], [ 79.78210873, 8.4959313 ], [ 79.782206948, 8.496265957 ], [ 79.782169739, 8.496490536 ], [ 79.782214655, 8.496651594 ], [ 79.782124823, 8.496871149 ], [ 79.782009596, 8.496918878 ], [ 79.78194516, 8.497123936 ], [ 79.781740102, 8.497188372 ], [ 79.781675666, 8.49739343 ], [ 79.781470607, 8.497457867 ], [ 79.781406171, 8.497662925 ], [ 79.781201113, 8.497727361 ], [ 79.781136676, 8.497882925 ], [ 79.781136676, 8.498960903 ], [ 79.781201113, 8.499116466 ], [ 79.781361255, 8.499216817 ], [ 79.781560439, 8.499655456 ], [ 79.781668875, 8.499726682 ], [ 79.781740102, 8.500014782 ], [ 79.78194516, 8.500115132 ], [ 79.78194516, 8.500398208 ], [ 79.782009596, 8.500553771 ], [ 79.782214655, 8.500618208 ], [ 79.782279091, 8.500823266 ], [ 79.782474546, 8.500887702 ], [ 79.782548586, 8.501362255 ], [ 79.782753644, 8.501426691 ], [ 79.78281808, 8.501631749 ], [ 79.783023138, 8.501696186 ], [ 79.783087575, 8.501901244 ], [ 79.783292633, 8.50196568 ], [ 79.78335707, 8.502170738 ], [ 79.783562128, 8.502235175 ], [ 79.783626564, 8.502440233 ], [ 79.783831622, 8.502572769 ], [ 79.783786706, 8.502688912 ], [ 79.783802715, 8.503272816 ], [ 79.783831622, 8.504327166 ], [ 79.783222322, 8.504509642 ], [ 79.782753644, 8.505294026 ], [ 79.782753644, 8.505532185 ], [ 79.782529065, 8.506192341 ], [ 79.782573981, 8.506641499 ], [ 79.782753644, 8.507109261 ], [ 79.782933307, 8.507944056 ], [ 79.783312154, 8.50872844 ], [ 79.783806227, 8.50904285 ], [ 79.783961791, 8.509107287 ], [ 79.784101552, 8.509086605 ], [ 79.784210469, 8.509222514 ], [ 79.784656814, 8.509331866 ], [ 79.784704542, 8.509447092 ], [ 79.784860106, 8.509511529 ], [ 79.78629618, 8.509511529 ], [ 79.785602858, 8.509854618 ], [ 79.785482862, 8.510017272 ], [ 79.785149847, 8.510223246 ], [ 79.784704542, 8.510393607 ], [ 79.784550274, 8.510773749 ], [ 79.784550274, 8.511627149 ], [ 79.784614711, 8.511782712 ], [ 79.784799823, 8.511956926 ], [ 79.784884206, 8.512276786 ], [ 79.785039769, 8.512341222 ], [ 79.785224011, 8.512283511 ], [ 79.785268927, 8.512454237 ], [ 79.785296186, 8.512681105 ], [ 79.785134179, 8.513064453 ], [ 79.785134179, 8.5131992 ], [ 79.785198616, 8.513354764 ], [ 79.7854112, 8.513550385 ], [ 79.785288447, 8.513627542 ], [ 79.785134179, 8.514007684 ], [ 79.785224011, 8.514320864 ], [ 79.785080106, 8.514281757 ], [ 79.785015669, 8.514076699 ], [ 79.784675864, 8.514012263 ], [ 79.784431764, 8.513313131 ], [ 79.784191394, 8.513203779 ], [ 79.784072438, 8.513043637 ], [ 79.783916875, 8.5129792 ], [ 79.78367148, 8.513043637 ], [ 79.783607043, 8.513333948 ], [ 79.783903797, 8.514076621 ], [ 79.783876538, 8.514456842 ], [ 79.784120637, 8.515016647 ], [ 79.784410948, 8.515081084 ], [ 79.78457902, 8.514986451 ], [ 79.784720334, 8.514991252 ], [ 79.78483929, 8.515375973 ], [ 79.785039769, 8.51544041 ], [ 79.785200827, 8.515362707 ], [ 79.785243532, 8.515465805 ], [ 79.785399095, 8.515530241 ], [ 79.785718084, 8.51550974 ], [ 79.785782521, 8.515690384 ], [ 79.78599238, 8.515882554 ], [ 79.785987579, 8.51638822 ], [ 79.786257073, 8.516778881 ], [ 79.78632151, 8.517172604 ], [ 79.786789272, 8.517333662 ], [ 79.786968935, 8.517513325 ], [ 79.787155389, 8.518054682 ], [ 79.786995246, 8.518119118 ], [ 79.78693081, 8.518274682 ], [ 79.786796063, 8.518768755 ], [ 79.786823322, 8.518879481 ], [ 79.786706231, 8.519172997 ], [ 79.786706231, 8.519532323 ], [ 79.786860499, 8.519957381 ], [ 79.786980527, 8.52005972 ], [ 79.787040162, 8.520316707 ], [ 79.787290136, 8.520506889 ], [ 79.787335052, 8.520789964 ], [ 79.787739294, 8.521796716 ], [ 79.787739294, 8.52200269 ], [ 79.787894542, 8.522276764 ], [ 79.787668983, 8.522386116 ], [ 79.787514715, 8.522766258 ], [ 79.787664214, 8.523224718 ], [ 79.787694378, 8.523574742 ], [ 79.787848646, 8.523865053 ], [ 79.787966384, 8.523913822 ], [ 79.78811814, 8.524224379 ], [ 79.788342719, 8.524404042 ], [ 79.78872744, 8.524513394 ], [ 79.788836793, 8.524763368 ], [ 79.788952019, 8.524863718 ], [ 79.788952019, 8.524980711 ], [ 79.788810482, 8.525189498 ], [ 79.788477467, 8.525485304 ], [ 79.788357471, 8.525692874 ], [ 79.788207972, 8.525754798 ], [ 79.788143536, 8.525923942 ], [ 79.787983393, 8.526069208 ], [ 79.787732503, 8.526626802 ], [ 79.787399488, 8.527057355 ], [ 79.787110473, 8.527662076 ], [ 79.787065557, 8.527886655 ], [ 79.787110473, 8.528424413 ], [ 79.786966568, 8.528362124 ], [ 79.786966568, 8.527796824 ], [ 79.786902132, 8.52764126 ], [ 79.786786905, 8.527593532 ], [ 79.786697073, 8.526179856 ], [ 79.786632637, 8.526024293 ], [ 79.786505596, 8.525971671 ], [ 79.786472495, 8.525891757 ], [ 79.78651741, 8.525640867 ], [ 79.786427579, 8.525397683 ], [ 79.786427579, 8.525101878 ], [ 79.786363142, 8.524946314 ], [ 79.786158084, 8.524782443 ], [ 79.786093648, 8.524407325 ], [ 79.78588859, 8.524342889 ], [ 79.78588859, 8.523395079 ], [ 79.785824153, 8.523239515 ], [ 79.785619095, 8.523175079 ], [ 79.785619095, 8.522047606 ], [ 79.785554659, 8.521892042 ], [ 79.7853496, 8.521827606 ], [ 79.7853496, 8.520337303 ], [ 79.785647773, 8.520676033 ], [ 79.785803337, 8.52074047 ], [ 79.786183479, 8.520676033 ], [ 79.786247916, 8.52052047 ], [ 79.786247916, 8.520295891 ], [ 79.786031043, 8.519891649 ], [ 79.786068253, 8.51966707 ], [ 79.78588859, 8.519378971 ], [ 79.78588859, 8.51903825 ], [ 79.785824153, 8.518882686 ], [ 79.785619095, 8.518790042 ], [ 79.785554659, 8.518388613 ], [ 79.7853496, 8.518324176 ], [ 79.7853496, 8.517811944 ], [ 79.785439432, 8.517645861 ], [ 79.785439432, 8.517421282 ], [ 79.7853496, 8.5172552 ], [ 79.7853496, 8.516927209 ], [ 79.785285164, 8.516771645 ], [ 79.785080106, 8.516707209 ], [ 79.785080106, 8.516118725 ], [ 79.785015669, 8.515963162 ], [ 79.784810611, 8.515898725 ], [ 79.784746175, 8.515693667 ], [ 79.784541117, 8.51562923 ], [ 79.78447668, 8.515424172 ], [ 79.784271622, 8.515359736 ], [ 79.784207186, 8.515154678 ], [ 79.784002128, 8.515090241 ], [ 79.783937691, 8.514885183 ], [ 79.783501689, 8.514602533 ], [ 79.783398702, 8.514346194 ], [ 79.783280963, 8.514297425 ], [ 79.783219039, 8.514166531 ], [ 79.782834318, 8.513796686 ], [ 79.782724965, 8.513492794 ], [ 79.782569402, 8.513428358 ], [ 79.782458676, 8.513455617 ], [ 79.782244048, 8.513299976 ], [ 79.782185976, 8.513178384 ], [ 79.781974553, 8.513075397 ], [ 79.781916482, 8.512953805 ], [ 79.781536339, 8.512754622 ], [ 79.781343096, 8.512754622 ], [ 79.781107998, 8.512504648 ], [ 79.780891125, 8.51240711 ], [ 79.780559706, 8.511871974 ], [ 79.78034443, 8.511381754 ], [ 79.780139372, 8.511217882 ], [ 79.780074935, 8.510932596 ], [ 79.779940188, 8.510752933 ], [ 79.779822449, 8.510704164 ], [ 79.779661391, 8.510389754 ], [ 79.779600383, 8.510100013 ], [ 79.779330888, 8.509664436 ], [ 79.778791899, 8.508078803 ], [ 79.778607434, 8.507731069 ], [ 79.778612236, 8.507539814 ], [ 79.778477488, 8.507355127 ], [ 79.778477488, 8.506955909 ], [ 79.778297826, 8.50666781 ], [ 79.778342741, 8.50641692 ], [ 79.77825291, 8.506038989 ], [ 79.77825291, 8.504660626 ], [ 79.778457968, 8.50459619 ], [ 79.778522404, 8.504440626 ], [ 79.778522404, 8.503852142 ], [ 79.778727462, 8.503787706 ], [ 79.778817294, 8.50342838 ], [ 79.77888173, 8.503272816 ], [ 79.77888173, 8.501943948 ], [ 79.778959748, 8.501684372 ], [ 79.779086788, 8.501631749 ], [ 79.779151225, 8.501476186 ], [ 79.779151225, 8.500641391 ], [ 79.779600383, 8.499544808 ], [ 79.779600383, 8.498871072 ], [ 79.779330888, 8.497819404 ], [ 79.779330888, 8.497465102 ], [ 79.779465635, 8.497209188 ], [ 79.77939346, 8.496915672 ], [ 79.77942072, 8.495407979 ], [ 79.779625778, 8.495343542 ], [ 79.779690214, 8.495187979 ], [ 79.779690214, 8.493791011 ] ], [ [ 79.781966892, 8.517698327 ], [ 79.782129625, 8.517993595 ], [ 79.78213351, 8.518115991 ], [ 79.78207075, 8.518089994 ], [ 79.782006313, 8.517849624 ], [ 79.781936002, 8.5178205 ], [ 79.781966892, 8.517698327 ] ], [ [ 79.782168288, 8.518544176 ], [ 79.782205497, 8.518274682 ], [ 79.782251864, 8.518454345 ], [ 79.782187618, 8.518590844 ], [ 79.782168288, 8.518544176 ] ], [ [ 79.786796063, 8.535477419 ], [ 79.78693081, 8.535900266 ], [ 79.78693081, 8.536330819 ], [ 79.786995246, 8.536486382 ], [ 79.787200304, 8.536550819 ], [ 79.787227564, 8.536666123 ], [ 79.787155389, 8.536824892 ], [ 79.787200304, 8.537543544 ], [ 79.787309657, 8.53778894 ], [ 79.787514715, 8.537853376 ], [ 79.787514715, 8.538127449 ], [ 79.787579151, 8.538283013 ], [ 79.787784209, 8.538347449 ], [ 79.787784209, 8.538666439 ], [ 79.787848646, 8.538822002 ], [ 79.788010685, 8.538886439 ], [ 79.788008788, 8.53907068 ], [ 79.788163056, 8.539495739 ], [ 79.788323199, 8.539633298 ], [ 79.788323199, 8.540027492 ], [ 79.788233367, 8.540193575 ], [ 79.788323199, 8.54055748 ], [ 79.787938477, 8.540666832 ], [ 79.787877604, 8.540744669 ], [ 79.787815166, 8.540654324 ], [ 79.787909799, 8.539699501 ], [ 79.787800447, 8.539229527 ], [ 79.7876657, 8.538960033 ], [ 79.787467432, 8.538798974 ], [ 79.787306373, 8.538331212 ], [ 79.786921652, 8.537602041 ], [ 79.786722468, 8.536714245 ], [ 79.786521989, 8.536604892 ], [ 79.786158084, 8.536707519 ], [ 79.786427579, 8.536330819 ], [ 79.786427579, 8.536079929 ], [ 79.786697073, 8.534668936 ], [ 79.786697073, 8.534198491 ], [ 79.7868123, 8.534150763 ], [ 79.786876736, 8.533744309 ], [ 79.787236063, 8.533096884 ], [ 79.787325894, 8.532782474 ], [ 79.787302488, 8.532321724 ], [ 79.787441121, 8.5322643 ], [ 79.787505557, 8.532108737 ], [ 79.787505557, 8.530312106 ], [ 79.78737081, 8.530127419 ], [ 79.787236063, 8.529441333 ], [ 79.78748932, 8.529928681 ], [ 79.787918957, 8.530612936 ], [ 79.788143536, 8.53110701 ], [ 79.788297804, 8.531590564 ], [ 79.788368114, 8.531619688 ], [ 79.788368114, 8.531888737 ], [ 79.788207972, 8.531953174 ], [ 79.788073225, 8.532177752 ], [ 79.788008788, 8.532333316 ], [ 79.788008788, 8.532674037 ], [ 79.787874041, 8.532917221 ], [ 79.787867251, 8.533049757 ], [ 79.787713899, 8.533165899 ], [ 79.787604546, 8.533411294 ], [ 79.787559631, 8.533775199 ], [ 79.787399488, 8.533839636 ], [ 79.787335052, 8.53408961 ], [ 79.787129994, 8.534154046 ], [ 79.786995246, 8.534288793 ], [ 79.786796063, 8.535477419 ] ], [ [ 79.786677708, 8.54345916 ], [ 79.786607242, 8.543624546 ], [ 79.786607242, 8.543467847 ], [ 79.786677708, 8.54345916 ] ], [ [ 79.785529264, 8.547378866 ], [ 79.785555575, 8.546751276 ], [ 79.78564449, 8.546682261 ], [ 79.785734322, 8.54636785 ], [ 79.785798758, 8.54612748 ], [ 79.785933505, 8.545942792 ], [ 79.785867908, 8.545668284 ], [ 79.786003816, 8.545559367 ], [ 79.786068253, 8.545403803 ], [ 79.786068253, 8.545030897 ], [ 79.786337747, 8.544581739 ], [ 79.786413553, 8.544545825 ], [ 79.786537466, 8.544819898 ], [ 79.786381177, 8.545096484 ], [ 79.786231678, 8.545158408 ], [ 79.786167242, 8.545313972 ], [ 79.786167242, 8.546225868 ], [ 79.785962184, 8.546326218 ], [ 79.785897747, 8.546481782 ], [ 79.785897747, 8.546800771 ], [ 79.785692689, 8.546865207 ], [ 79.785628253, 8.547020771 ], [ 79.785628253, 8.547330157 ], [ 79.785529264, 8.547378866 ] ], [ [ 79.785268927, 8.54787417 ], [ 79.785259769, 8.548012421 ], [ 79.785259769, 8.54777976 ], [ 79.785308033, 8.54777976 ], [ 79.785268927, 8.54787417 ] ], [ [ 79.785628253, 8.549666222 ], [ 79.785692689, 8.54987128 ], [ 79.785897747, 8.549935717 ], [ 79.785897747, 8.550254706 ], [ 79.785962184, 8.550410269 ], [ 79.786167242, 8.550474706 ], [ 79.786231678, 8.550679764 ], [ 79.786436736, 8.5507442 ], [ 79.786501173, 8.55103909 ], [ 79.786706231, 8.551103526 ], [ 79.786770668, 8.551308585 ], [ 79.786975726, 8.551373021 ], [ 79.787075886, 8.551592876 ], [ 79.786830335, 8.551788933 ], [ 79.78658551, 8.551831336 ], [ 79.785805548, 8.55146522 ], [ 79.785734322, 8.551266952 ], [ 79.785553498, 8.551113119 ], [ 79.785529264, 8.550793695 ], [ 79.785439432, 8.550627612 ], [ 79.785529264, 8.55020979 ], [ 79.785419911, 8.549964395 ], [ 79.785259769, 8.549864044 ], [ 79.785259769, 8.54951868 ], [ 79.785628253, 8.549666222 ] ], [ [ 79.812532796, 8.405464887 ], [ 79.812442964, 8.405760692 ], [ 79.81248788, 8.406034766 ], [ 79.81219299, 8.406099202 ], [ 79.812128554, 8.406254766 ], [ 79.812128554, 8.406614092 ], [ 79.812417569, 8.407173897 ], [ 79.812481089, 8.407200208 ], [ 79.812451966, 8.407292407 ], [ 79.812029564, 8.406595487 ], [ 79.811849901, 8.405966667 ], [ 79.811849901, 8.405715777 ], [ 79.811670238, 8.405370031 ], [ 79.811670238, 8.404983544 ], [ 79.811901608, 8.404550178 ], [ 79.812079059, 8.404408641 ], [ 79.812308217, 8.404758965 ], [ 79.812532796, 8.405464887 ] ], [ [ 79.808436919, 8.417500826 ], [ 79.808609601, 8.417203268 ], [ 79.809090519, 8.416651124 ], [ 79.809238422, 8.416394784 ], [ 79.809568355, 8.416253607 ], [ 79.809703102, 8.416634886 ], [ 79.809498044, 8.416699323 ], [ 79.809433608, 8.416904381 ], [ 79.80922855, 8.416968817 ], [ 79.809164113, 8.41712896 ], [ 79.808436919, 8.417500826 ] ], [ [ 79.806909167, 8.420987136 ], [ 79.806954083, 8.420493063 ], [ 79.806936204, 8.420356564 ], [ 79.80718782, 8.420915909 ], [ 79.807380278, 8.42157562 ], [ 79.806958662, 8.42157562 ], [ 79.806803098, 8.421640057 ], [ 79.806738662, 8.421845115 ], [ 79.806639673, 8.421847011 ], [ 79.806684588, 8.421275236 ], [ 79.806844731, 8.4211427 ], [ 79.806909167, 8.420987136 ] ], [ [ 79.807277651, 8.429291974 ], [ 79.807277651, 8.429610963 ], [ 79.807342088, 8.429766527 ], [ 79.807497651, 8.429830963 ], [ 79.808086135, 8.429830963 ], [ 79.808086135, 8.430738436 ], [ 79.807881077, 8.430802873 ], [ 79.80781664, 8.430958436 ], [ 79.80781664, 8.431277425 ], [ 79.807611582, 8.431341862 ], [ 79.807547146, 8.431497425 ], [ 79.807547146, 8.43176692 ], [ 79.807611582, 8.431922483 ], [ 79.80781664, 8.43198692 ], [ 79.80781664, 8.432624898 ], [ 79.807521751, 8.432689335 ], [ 79.807457314, 8.432844898 ], [ 79.807457314, 8.433743213 ], [ 79.807521751, 8.433898777 ], [ 79.807726809, 8.433963213 ], [ 79.807791245, 8.434168272 ], [ 79.808086135, 8.434232708 ], [ 79.808150571, 8.434437766 ], [ 79.808355629, 8.434502203 ], [ 79.808420066, 8.434707261 ], [ 79.808804787, 8.434771697 ], [ 79.808894619, 8.434987274 ], [ 79.808894619, 8.43510806 ], [ 79.808783815, 8.435062164 ], [ 79.808731193, 8.434935123 ], [ 79.808575629, 8.434870686 ], [ 79.808216303, 8.434870686 ], [ 79.80806074, 8.434935123 ], [ 79.807996303, 8.435090686 ], [ 79.807996303, 8.435360181 ], [ 79.80806074, 8.435515744 ], [ 79.808265798, 8.435580181 ], [ 79.808265798, 8.43589917 ], [ 79.808330234, 8.436054734 ], [ 79.808625124, 8.43611917 ], [ 79.808645625, 8.436218159 ], [ 79.808216303, 8.436218159 ], [ 79.80806074, 8.436282596 ], [ 79.807996303, 8.436438159 ], [ 79.807996303, 8.436707654 ], [ 79.80806074, 8.436863217 ], [ 79.808265798, 8.436927654 ], [ 79.808265798, 8.437565632 ], [ 79.808166809, 8.437586134 ], [ 79.808166809, 8.437246643 ], [ 79.808102372, 8.43709108 ], [ 79.807897314, 8.437026643 ], [ 79.807897314, 8.43589917 ], [ 79.807832878, 8.435743607 ], [ 79.80762782, 8.435655986 ], [ 79.807582904, 8.435180518 ], [ 79.807268493, 8.434385615 ], [ 79.807178662, 8.433833045 ], [ 79.807043915, 8.43350003 ], [ 79.806998999, 8.433024561 ], [ 79.806864252, 8.432691546 ], [ 79.806819336, 8.431856751 ], [ 79.806729504, 8.431658483 ], [ 79.806639673, 8.431119494 ], [ 79.806594757, 8.4302847 ], [ 79.806306658, 8.42911689 ], [ 79.806280347, 8.428532985 ], [ 79.806145599, 8.428348298 ], [ 79.806010852, 8.426583002 ], [ 79.806010852, 8.426126138 ], [ 79.806100684, 8.425658376 ], [ 79.806145599, 8.424060013 ], [ 79.806190515, 8.423885374 ], [ 79.806305742, 8.423837646 ], [ 79.806370178, 8.423682082 ], [ 79.806370178, 8.422645516 ], [ 79.806738662, 8.423386277 ], [ 79.806738662, 8.424809555 ], [ 79.806533604, 8.424873992 ], [ 79.806469167, 8.425029555 ], [ 79.806469167, 8.426377028 ], [ 79.806533604, 8.426532592 ], [ 79.806738662, 8.426597028 ], [ 79.806738662, 8.426916017 ], [ 79.806803098, 8.427071581 ], [ 79.806958662, 8.427136017 ], [ 79.807277651, 8.427136017 ], [ 79.807277651, 8.427235006 ], [ 79.807072593, 8.427299443 ], [ 79.807008156, 8.427455006 ], [ 79.807008156, 8.429071974 ], [ 79.807072593, 8.429227537 ], [ 79.807277651, 8.429291974 ] ], [ [ 79.809873608, 8.43611917 ], [ 79.810242092, 8.436164086 ], [ 79.810206178, 8.436218159 ], [ 79.80983861, 8.436253157 ], [ 79.809873608, 8.43611917 ] ], [ [ 79.808984895, 8.436487654 ], [ 79.808975292, 8.436438159 ], [ 79.808954791, 8.436388665 ], [ 79.8097381, 8.436353667 ], [ 79.809635003, 8.436487654 ], [ 79.808984895, 8.436487654 ] ], [ [ 79.808771686, 8.438700341 ], [ 79.808691772, 8.438733442 ], [ 79.808493536, 8.438837377 ], [ 79.808311159, 8.438778358 ], [ 79.808211724, 8.438652612 ], [ 79.808166809, 8.438254626 ], [ 79.808265798, 8.438275127 ], [ 79.808330234, 8.438480185 ], [ 79.808485798, 8.438544621 ], [ 79.808804787, 8.43852412 ], [ 79.808771686, 8.438700341 ] ], [ [ 79.808436303, 8.439452094 ], [ 79.808436303, 8.439299188 ], [ 79.808521411, 8.439208029 ], [ 79.808603692, 8.439335226 ], [ 79.808542305, 8.4394755 ], [ 79.808436303, 8.439452094 ] ], [ [ 79.804598943, 8.448810811 ], [ 79.804633908, 8.448726396 ], [ 79.804892537, 8.448785416 ], [ 79.805611189, 8.448785416 ], [ 79.80598912, 8.448695584 ], [ 79.806329841, 8.448695584 ], [ 79.807034913, 8.44842609 ], [ 79.80740782, 8.448381174 ], [ 79.807843397, 8.448156595 ], [ 79.80803664, 8.448156595 ], [ 79.808921375, 8.447707437 ], [ 79.80919087, 8.447617606 ], [ 79.809491318, 8.447617606 ], [ 79.809395705, 8.447721396 ], [ 79.809024787, 8.447806426 ], [ 79.808050221, 8.448255584 ], [ 79.807587483, 8.448345416 ], [ 79.807241737, 8.448525079 ], [ 79.80572512, 8.449038673 ], [ 79.805545457, 8.449128504 ], [ 79.805317025, 8.449407301 ], [ 79.804353548, 8.449692888 ], [ 79.804097634, 8.449872552 ], [ 79.8033895, 8.450116651 ], [ 79.802839992, 8.450501372 ], [ 79.801952196, 8.450835303 ], [ 79.80188318, 8.451006344 ], [ 79.80156877, 8.45095053 ], [ 79.801413207, 8.451014966 ], [ 79.801053881, 8.45119463 ], [ 79.80095353, 8.451309856 ], [ 79.800694554, 8.451374293 ], [ 79.800555954, 8.451563258 ], [ 79.800065734, 8.451643787 ], [ 79.800001297, 8.451839242 ], [ 79.79925725, 8.452137861 ], [ 79.798897924, 8.452362439 ], [ 79.798278406, 8.453077238 ], [ 79.798134356, 8.453170923 ], [ 79.797595367, 8.454069238 ], [ 79.79675127, 8.456625584 ], [ 79.796497868, 8.45702316 ], [ 79.79629281, 8.45712351 ], [ 79.796192459, 8.457328568 ], [ 79.796023315, 8.457393005 ], [ 79.795958878, 8.457741812 ], [ 79.79575382, 8.457931994 ], [ 79.795599552, 8.458415548 ], [ 79.795484326, 8.458470983 ], [ 79.795419889, 8.458626547 ], [ 79.795419889, 8.45881979 ], [ 79.795259747, 8.459009972 ], [ 79.794990252, 8.459638793 ], [ 79.794835984, 8.46028843 ], [ 79.7948809, 8.46114183 ], [ 79.794970732, 8.461609592 ], [ 79.7948809, 8.462001704 ], [ 79.794630926, 8.462064244 ], [ 79.794601803, 8.462134555 ], [ 79.79393309, 8.46208964 ], [ 79.793597864, 8.462243908 ], [ 79.793533427, 8.462448966 ], [ 79.793214438, 8.462448966 ], [ 79.793058874, 8.462513402 ], [ 79.792868692, 8.46271846 ], [ 79.792519885, 8.462782897 ], [ 79.792455449, 8.462987955 ], [ 79.792250391, 8.463052391 ], [ 79.792185954, 8.463257449 ], [ 79.791980896, 8.463321886 ], [ 79.791876345, 8.463758536 ], [ 79.79162157, 8.463860875 ], [ 79.791557134, 8.464065933 ], [ 79.791454907, 8.464087776 ], [ 79.791698816, 8.463636866 ], [ 79.79176619, 8.463331758 ], [ 79.791887781, 8.463273687 ], [ 79.792067444, 8.462959276 ], [ 79.792192889, 8.462603803 ], [ 79.792292023, 8.462555034 ], [ 79.792401376, 8.462206227 ], [ 79.792681514, 8.461808475 ], [ 79.792831012, 8.461746551 ], [ 79.792982768, 8.46125633 ], [ 79.793100507, 8.461207562 ], [ 79.793164943, 8.461002504 ], [ 79.793370002, 8.460938067 ], [ 79.793434438, 8.46058926 ], [ 79.793998822, 8.459994836 ], [ 79.794332753, 8.459331618 ], [ 79.794582727, 8.459006689 ], [ 79.794736995, 8.458523135 ], [ 79.794986969, 8.45815329 ], [ 79.795336993, 8.457258827 ], [ 79.79561579, 8.456940564 ], [ 79.795725142, 8.456681588 ], [ 79.795975116, 8.456491406 ], [ 79.796069717, 8.456120566 ], [ 79.796414971, 8.455372365 ], [ 79.796531114, 8.455192702 ], [ 79.796738684, 8.455054102 ], [ 79.797034489, 8.454451592 ], [ 79.797502252, 8.454021039 ], [ 79.797717528, 8.45362065 ], [ 79.79795141, 8.453392219 ], [ 79.798346349, 8.452497756 ], [ 79.79858023, 8.45231424 ], [ 79.798689582, 8.451817956 ], [ 79.799087459, 8.451069754 ], [ 79.799343798, 8.450787104 ], [ 79.799837872, 8.450023536 ], [ 79.799963316, 8.449712979 ], [ 79.800287029, 8.4493498 ], [ 79.800524764, 8.448913798 ], [ 79.800715371, 8.448965079 ], [ 79.80091585, 8.448855726 ], [ 79.800980286, 8.448700163 ], [ 79.800935371, 8.448462004 ], [ 79.801365008, 8.44818199 ], [ 79.801548524, 8.447929504 ], [ 79.801679418, 8.44786758 ], [ 79.801827321, 8.447566325 ], [ 79.802109971, 8.44726507 ], [ 79.802294114, 8.447128111 ], [ 79.802723, 8.446809122 ], [ 79.802937059, 8.446744686 ], [ 79.803306904, 8.446494712 ], [ 79.80342769, 8.446494712 ], [ 79.803325064, 8.446678954 ], [ 79.803325064, 8.446948448 ], [ 79.8033895, 8.447104012 ], [ 79.8034136, 8.447128111 ], [ 79.803479332, 8.447193843 ], [ 79.80399201, 8.447399817 ], [ 79.804051242, 8.447505607 ], [ 79.803748826, 8.447601368 ], [ 79.803594558, 8.448026426 ], [ 79.803594558, 8.448565416 ], [ 79.803658995, 8.448720979 ], [ 79.804173884, 8.448875247 ], [ 79.804443379, 8.448875247 ], [ 79.804598943, 8.448810811 ] ], [ [ 79.791343453, 8.464690175 ], [ 79.791287639, 8.464874417 ], [ 79.791099434, 8.464931873 ], [ 79.791272116, 8.464499568 ], [ 79.791343453, 8.464690175 ] ], [ [ 79.791018144, 8.465152913 ], [ 79.79089346, 8.465425946 ], [ 79.791053902, 8.464991005 ], [ 79.791062445, 8.464987466 ], [ 79.791018144, 8.465094417 ], [ 79.791018144, 8.465152913 ] ], [ [ 79.790703119, 8.465706119 ], [ 79.79043424, 8.466396974 ], [ 79.790479155, 8.466729989 ], [ 79.79043424, 8.46707071 ], [ 79.790479155, 8.467789363 ], [ 79.790543592, 8.467944926 ], [ 79.790720442, 8.468009363 ], [ 79.79074865, 8.468077462 ], [ 79.79074865, 8.468957173 ], [ 79.790813086, 8.469112736 ], [ 79.791018144, 8.469177173 ], [ 79.791082581, 8.469382231 ], [ 79.791582104, 8.469556444 ], [ 79.791691881, 8.469680849 ], [ 79.791662633, 8.469862579 ], [ 79.791318674, 8.470054481 ], [ 79.791058481, 8.47003973 ], [ 79.790847058, 8.47013501 ], [ 79.790070334, 8.470219393 ], [ 79.789666093, 8.470327829 ], [ 79.789306766, 8.470309224 ], [ 79.789005512, 8.470494337 ], [ 79.788799113, 8.470488887 ], [ 79.788588114, 8.470399056 ], [ 79.788342719, 8.470508408 ], [ 79.788207972, 8.47059824 ], [ 79.787918957, 8.471396204 ], [ 79.787290136, 8.472685181 ], [ 79.787191147, 8.473061881 ], [ 79.787386902, 8.472260693 ], [ 79.7876657, 8.471852598 ], [ 79.787826758, 8.471384835 ], [ 79.787890278, 8.471358524 ], [ 79.787954715, 8.470952071 ], [ 79.788365747, 8.469947531 ], [ 79.788493704, 8.469765656 ], [ 79.788493704, 8.469604598 ], [ 79.788571721, 8.469434853 ], [ 79.788698762, 8.469382231 ], [ 79.788824207, 8.468936926 ], [ 79.789103004, 8.468528831 ], [ 79.789257272, 8.468148689 ], [ 79.789230013, 8.468037963 ], [ 79.789686909, 8.467450853 ], [ 79.789829362, 8.467099233 ], [ 79.789956403, 8.467046611 ], [ 79.790180982, 8.466687285 ], [ 79.790245419, 8.466401998 ], [ 79.790405561, 8.466238127 ], [ 79.790469998, 8.465934236 ], [ 79.790703119, 8.465706119 ] ], [ [ 79.787415726, 8.541558421 ], [ 79.787415726, 8.541209263 ], [ 79.787617341, 8.541266974 ], [ 79.787476164, 8.541507076 ], [ 79.787415726, 8.541558421 ] ] ], [ [ [ 79.764792062, 8.469027674 ], [ 79.765028154, 8.468977989 ], [ 79.765092591, 8.468687678 ], [ 79.764983239, 8.468442283 ], [ 79.764848491, 8.468307536 ], [ 79.764648012, 8.468243099 ], [ 79.764492449, 8.468307536 ], [ 79.764293265, 8.468957173 ], [ 79.764357701, 8.469112736 ], [ 79.764513265, 8.469177173 ], [ 79.764792062, 8.469027674 ] ] ], [ [ [ 79.764803575, 8.489732355 ], [ 79.76455818, 8.489667919 ], [ 79.764376954, 8.489794312 ], [ 79.763659865, 8.48944334 ], [ 79.763345455, 8.48944334 ], [ 79.763134457, 8.489578087 ], [ 79.762531957, 8.4896886 ], [ 79.762467956, 8.489552692 ], [ 79.762222561, 8.489488256 ], [ 79.761977166, 8.489642524 ], [ 79.761912729, 8.490022666 ], [ 79.762066997, 8.490312977 ], [ 79.762272055, 8.490521763 ], [ 79.762272055, 8.490606571 ], [ 79.762336492, 8.490941797 ], [ 79.762756526, 8.491096065 ], [ 79.762875481, 8.491301124 ], [ 79.763002522, 8.491353746 ], [ 79.762990708, 8.491594718 ], [ 79.763055144, 8.491750281 ], [ 79.763260202, 8.491814718 ], [ 79.763324639, 8.492019776 ], [ 79.76345168, 8.492072398 ], [ 79.763504302, 8.492199439 ], [ 79.763726068, 8.492263875 ], [ 79.763818712, 8.492603681 ], [ 79.764019191, 8.492668117 ], [ 79.764198854, 8.492545499 ], [ 79.764203433, 8.492717612 ], [ 79.76438132, 8.49313617 ], [ 79.764248349, 8.493346433 ], [ 79.764248349, 8.493660843 ], [ 79.764312785, 8.493816406 ], [ 79.76448193, 8.493880843 ], [ 79.76458228, 8.494085901 ], [ 79.764761943, 8.494175732 ], [ 79.764917507, 8.494240169 ], [ 79.765117986, 8.494175732 ], [ 79.765182422, 8.494020169 ], [ 79.765182422, 8.490426908 ], [ 79.764983239, 8.490091681 ], [ 79.764868012, 8.490043953 ], [ 79.764803575, 8.489732355 ] ] ], [ [ [ 79.765117986, 8.496601184 ], [ 79.765182422, 8.496265957 ], [ 79.765059804, 8.496086294 ], [ 79.765182422, 8.495906631 ], [ 79.765182422, 8.494738821 ], [ 79.76507307, 8.494403595 ], [ 79.764827675, 8.494339158 ], [ 79.764672112, 8.494403595 ], [ 79.764624383, 8.494518821 ], [ 79.764222954, 8.494673089 ], [ 79.764197291, 8.494735046 ], [ 79.763839528, 8.494698484 ], [ 79.763683965, 8.494762921 ], [ 79.763619528, 8.495008316 ], [ 79.763773796, 8.495433374 ], [ 79.764175226, 8.495587642 ], [ 79.764312785, 8.4957927 ], [ 79.764468349, 8.495857137 ], [ 79.76463987, 8.495804695 ], [ 79.764820125, 8.496086294 ], [ 79.764652591, 8.496355789 ], [ 79.764717027, 8.496601184 ], [ 79.764872591, 8.49666562 ], [ 79.765117986, 8.496601184 ] ] ], [ [ [ 79.767787537, 8.52083488 ], [ 79.767787537, 8.520655217 ], [ 79.767633269, 8.520409822 ], [ 79.767208211, 8.52030047 ], [ 79.7669179, 8.520454738 ], [ 79.766808547, 8.52083488 ], [ 79.767007731, 8.521170107 ], [ 79.767298042, 8.521324375 ], [ 79.767633269, 8.521170107 ], [ 79.767787537, 8.52083488 ] ] ], [ [ [ 79.767139195, 8.522562495 ], [ 79.767338379, 8.522227269 ], [ 79.767229027, 8.521847127 ], [ 79.766983632, 8.521737774 ], [ 79.766603489, 8.521802211 ], [ 79.766449221, 8.522137437 ], [ 79.766513658, 8.522472664 ], [ 79.766759053, 8.522626932 ], [ 79.767139195, 8.522562495 ] ] ], [ [ [ 79.766179727, 8.525730699 ], [ 79.766244163, 8.525886262 ], [ 79.766534474, 8.52604053 ], [ 79.766714137, 8.52604053 ], [ 79.766896012, 8.525912573 ], [ 79.767094279, 8.52579643 ], [ 79.767158716, 8.525640867 ], [ 79.767158716, 8.525326457 ], [ 79.767094279, 8.525170893 ], [ 79.766848884, 8.525016625 ], [ 79.766378911, 8.525125977 ], [ 79.766224643, 8.525371372 ], [ 79.766179727, 8.525730699 ] ] ], [ [ [ 79.764088207, 8.536710961 ], [ 79.76424377, 8.536775398 ], [ 79.764361074, 8.536745414 ], [ 79.764402617, 8.536845708 ], [ 79.764648012, 8.536955061 ], [ 79.764917507, 8.536955061 ], [ 79.765207817, 8.536755877 ], [ 79.76531717, 8.536510482 ], [ 79.765137507, 8.536035013 ], [ 79.765342565, 8.53576773 ], [ 79.765407001, 8.535522335 ], [ 79.765342565, 8.535366772 ], [ 79.764962422, 8.535167588 ], [ 79.764733265, 8.535259316 ], [ 79.764823096, 8.534713851 ], [ 79.764688349, 8.534529164 ], [ 79.764688349, 8.534394862 ], [ 79.764893407, 8.534330426 ], [ 79.764957844, 8.534085031 ], [ 79.764893407, 8.533929467 ], [ 79.764664943, 8.533782212 ], [ 79.764683547, 8.533624281 ], [ 79.764803575, 8.533521942 ], [ 79.764868012, 8.533276547 ], [ 79.764803575, 8.533120983 ], [ 79.764581809, 8.533056547 ], [ 79.764534081, 8.53294132 ], [ 79.764329023, 8.532876884 ], [ 79.764418854, 8.532692642 ], [ 79.764398353, 8.532598232 ], [ 79.764623912, 8.532533795 ], [ 79.764688349, 8.532243484 ], [ 79.764354418, 8.531683679 ], [ 79.764198854, 8.531619242 ], [ 79.764059528, 8.531639744 ], [ 79.763969697, 8.531318858 ], [ 79.764014612, 8.531185342 ], [ 79.764265057, 8.531160927 ], [ 79.764312785, 8.531276154 ], [ 79.764468349, 8.53134059 ], [ 79.76475216, 8.531297451 ], [ 79.764851775, 8.531455817 ], [ 79.765007338, 8.531520253 ], [ 79.765254375, 8.531451853 ], [ 79.765371243, 8.531503545 ], [ 79.76543568, 8.531815143 ], [ 79.765591243, 8.531879579 ], [ 79.765881554, 8.531815143 ], [ 79.766132444, 8.531571959 ], [ 79.766375627, 8.531455817 ], [ 79.766440064, 8.531300253 ], [ 79.766395148, 8.531012154 ], [ 79.766440064, 8.530851096 ], [ 79.766330712, 8.530650616 ], [ 79.766099958, 8.53059872 ], [ 79.766105152, 8.530397359 ], [ 79.766285796, 8.530332923 ], [ 79.766370178, 8.53014781 ], [ 79.766465459, 8.530108344 ], [ 79.766529895, 8.529862949 ], [ 79.766465459, 8.529707385 ], [ 79.765995485, 8.529553117 ], [ 79.765856159, 8.529592223 ], [ 79.765856159, 8.529534958 ], [ 79.766151048, 8.529434607 ], [ 79.76624088, 8.529344776 ], [ 79.766428249, 8.528768577 ], [ 79.766690038, 8.528581208 ], [ 79.766754474, 8.528290897 ], [ 79.766600206, 8.52795567 ], [ 79.766309895, 8.527846318 ], [ 79.766154332, 8.527910755 ], [ 79.766083753, 8.528062543 ], [ 79.765950569, 8.528025981 ], [ 79.765795006, 8.528090418 ], [ 79.765595822, 8.528622681 ], [ 79.765522228, 8.528539576 ], [ 79.765300462, 8.528475139 ], [ 79.765162902, 8.528090418 ], [ 79.764986051, 8.528025981 ], [ 79.764803576, 8.527731092 ], [ 79.764626725, 8.527666655 ], [ 79.764534081, 8.527506513 ], [ 79.764104444, 8.527387558 ], [ 79.764104444, 8.527083196 ], [ 79.764264586, 8.52696424 ], [ 79.764329023, 8.52672387 ], [ 79.764399334, 8.526694746 ], [ 79.764508686, 8.526449351 ], [ 79.764508686, 8.526269688 ], [ 79.764354418, 8.525934461 ], [ 79.764181481, 8.525870025 ], [ 79.764329023, 8.525640867 ], [ 79.764329023, 8.525326457 ], [ 79.764189474, 8.525068554 ], [ 79.764418854, 8.52465272 ], [ 79.764390031, 8.524362979 ], [ 79.764669299, 8.524333731 ], [ 79.764697507, 8.52440183 ], [ 79.764702308, 8.52457448 ], [ 79.764517844, 8.524922215 ], [ 79.764517844, 8.525101878 ], [ 79.764627196, 8.525392189 ], [ 79.764872591, 8.525501541 ], [ 79.765321748, 8.525546457 ], [ 79.765656975, 8.525392189 ], [ 79.765856159, 8.525056962 ], [ 79.765856159, 8.524742552 ], [ 79.765721412, 8.524454452 ], [ 79.765586664, 8.523875572 ], [ 79.765701891, 8.523820137 ], [ 79.765766327, 8.523620888 ], [ 79.765905653, 8.523659994 ], [ 79.766061217, 8.523595558 ], [ 79.766170569, 8.523305247 ], [ 79.766106133, 8.523149684 ], [ 79.765929282, 8.523085247 ], [ 79.765791722, 8.522880189 ], [ 79.76531717, 8.522742629 ], [ 79.765252733, 8.522520863 ], [ 79.76492902, 8.522247515 ], [ 79.764993758, 8.522087943 ], [ 79.765276833, 8.522177774 ], [ 79.765432396, 8.522113338 ], [ 79.765496833, 8.521957774 ], [ 79.765432396, 8.521622548 ], [ 79.76521063, 8.521558111 ], [ 79.765137507, 8.521432366 ], [ 79.76507307, 8.521083559 ], [ 79.764917507, 8.521019122 ], [ 79.764648012, 8.521019122 ], [ 79.764492448, 8.521083559 ], [ 79.76444472, 8.521198785 ], [ 79.764133122, 8.521263222 ], [ 79.763911916, 8.521543179 ], [ 79.763520539, 8.521458677 ], [ 79.763610371, 8.521284038 ], [ 79.76355266, 8.521099796 ], [ 79.763749697, 8.521099796 ], [ 79.76392936, 8.521099796 ], [ 79.764264586, 8.520945528 ], [ 79.764329023, 8.520789964 ], [ 79.764329023, 8.520430638 ], [ 79.764264586, 8.520275075 ], [ 79.764130755, 8.52020606 ], [ 79.76414936, 8.519801818 ], [ 79.763995092, 8.51937676 ], [ 79.763749697, 8.519312323 ], [ 79.763391934, 8.519438716 ], [ 79.763251044, 8.519329031 ], [ 79.763186608, 8.519107265 ], [ 79.762986129, 8.519042828 ], [ 79.762740734, 8.519152181 ], [ 79.76254155, 8.519581818 ], [ 79.762267476, 8.519637632 ], [ 79.762042898, 8.519581818 ], [ 79.761887334, 8.519646254 ], [ 79.761822898, 8.519936565 ], [ 79.761912729, 8.520340807 ], [ 79.762039122, 8.520522034 ], [ 79.761957645, 8.520700133 ], [ 79.761957645, 8.520969628 ], [ 79.763215286, 8.530671433 ], [ 79.763319869, 8.530995145 ], [ 79.763305118, 8.531390085 ], [ 79.763422209, 8.531638685 ], [ 79.763394949, 8.532063821 ], [ 79.763619528, 8.533815536 ], [ 79.763754276, 8.534000223 ], [ 79.76370936, 8.534489272 ], [ 79.763978854, 8.536510482 ], [ 79.764088207, 8.536710961 ] ], [ [ 79.763953381, 8.530497297 ], [ 79.763926557, 8.530432537 ], [ 79.764104444, 8.530177359 ], [ 79.764316158, 8.530097881 ], [ 79.764350721, 8.530207634 ], [ 79.76424377, 8.530181938 ], [ 79.764088207, 8.530246374 ], [ 79.763953381, 8.530497297 ] ] ], [ [ [ 79.766648405, 8.55351274 ], [ 79.766583969, 8.55371322 ], [ 79.766738237, 8.55400353 ], [ 79.7668938, 8.554067967 ], [ 79.767094279, 8.55400353 ], [ 79.767158716, 8.553758135 ], [ 79.767084977, 8.553598719 ], [ 79.767049364, 8.55351274 ], [ 79.7668938, 8.553448304 ], [ 79.766648405, 8.55351274 ] ] ] ] } }
]
}
